Date,Open,High,Low,Close,Adj Close,Volume
2007-05-30,91.58000183105467,91.5999984741211,91.5,91.5999984741211,70.79454803466797,1550
2007-05-31,91.58000183105467,91.5999984741211,91.58000183105467,91.5999984741211,70.79454803466797,11200
2007-06-01,91.62000274658205,91.62000274658205,91.62000274658205,91.62000274658205,70.8100357055664,1450
2007-06-04,91.63999938964844,91.63999938964844,91.63999938964844,91.63999938964844,70.82551574707031,1050
2007-06-05,91.66000366210938,91.68000030517578,91.63999938964844,91.63999938964844,70.82551574707031,3750
2007-06-06,91.63999938964844,91.68000030517578,91.63999938964844,91.68000030517578,70.85640716552734,9750
2007-06-07,91.63999938964844,91.66000366210938,91.63999938964844,91.66000366210938,70.8409652709961,12150
2007-06-08,91.68000030517578,91.68000030517578,91.62000274658205,91.68000030517578,70.85640716552734,7850
2007-06-11,91.68000030517578,91.72000122070312,91.68000030517578,91.72000122070312,70.88733673095703,2400
2007-06-12,91.72000122070312,91.72000122070312,91.63999938964844,91.63999938964844,70.82551574707031,3900
2007-06-13,91.63999938964844,91.72000122070312,91.63999938964844,91.72000122070312,70.88733673095703,3750
2007-06-14,91.76000213623048,91.76000213623048,91.76000213623048,91.76000213623048,70.91820526123047,13400
2007-06-15,91.8000030517578,91.83999633789062,91.73999786376952,91.83999633789062,70.98005676269531,1050
2007-06-18,91.81999969482422,91.87999725341795,91.8000030517578,91.86000061035156,70.9954833984375,28000
2007-06-19,91.86000061035156,91.86000061035156,91.86000061035156,91.86000061035156,70.9954833984375,850
2007-06-20,91.83999633789062,91.9000015258789,91.83999633789062,91.87999725341795,71.01097869873047,3100
2007-06-21,91.86000061035156,91.9000015258789,91.86000061035156,91.87999725341795,71.01097869873047,850
2007-06-22,91.9000015258789,91.95999908447266,91.9000015258789,91.95999908447266,71.07278442382812,2200
2007-06-25,91.9000015258789,91.91999816894533,91.9000015258789,91.91999816894533,71.04187774658203,29700
2007-06-26,91.91999816894533,91.94000244140624,91.9000015258789,91.94000244140624,71.05733489990234,5100
2007-06-27,91.95999908447266,91.95999908447266,91.91999816894533,91.91999816894533,71.04187774658203,8200
2007-06-28,91.95999908447266,91.95999908447266,91.95999908447266,91.95999908447266,71.07278442382812,900
2007-06-29,91.95999908447266,92.0,91.94000244140624,92.0,71.10372161865234,5650
2007-07-02,91.62000274658205,91.6999969482422,91.5999984741211,91.62000274658205,71.12390899658203,13050
2007-07-03,91.55999755859376,91.62000274658205,91.55999755859376,91.62000274658205,71.12390899658203,3000
2007-07-05,91.5999984741211,91.62000274658205,91.54000091552734,91.62000274658205,71.12390899658203,5450
2007-07-06,91.63999938964844,91.66000366210938,91.63999938964844,91.66000366210938,71.15496826171875,3800
2007-07-09,91.5999984741211,91.68000030517578,91.5999984741211,91.68000030517578,71.17048645019531,3950
2007-07-10,91.66000366210938,91.6999969482422,91.66000366210938,91.6999969482422,71.18602752685547,5250
2007-07-11,91.6999969482422,91.6999969482422,91.62000274658205,91.6999969482422,71.18602752685547,9100
2007-07-12,91.72000122070312,91.72000122070312,91.68000030517578,91.72000122070312,71.20154571533203,14700
2007-07-13,91.72000122070312,91.73999786376952,91.6999969482422,91.73999786376952,71.21704864501953,13050
2007-07-16,91.77999877929688,91.77999877929688,91.72000122070312,91.76000213623048,71.23255157470703,16150
2007-07-17,91.8000030517578,91.8000030517578,91.72000122070312,91.8000030517578,71.26366424560547,46500
2007-07-18,91.76000213623048,91.77999877929688,91.6999969482422,91.77999877929688,71.24810028076172,5450
2007-07-19,91.8000030517578,91.81999969482422,91.73999786376952,91.8000030517578,71.26366424560547,13900
2007-07-20,91.86000061035156,91.86000061035156,91.83999633789062,91.83999633789062,71.29468536376953,8000
2007-07-23,91.83999633789062,91.86000061035156,91.81999969482422,91.83999633789062,71.29468536376953,6950
2007-07-24,91.83999633789062,91.86000061035156,91.81999969482422,91.83999633789062,71.29468536376953,9350
2007-07-25,91.86000061035156,91.87999725341795,91.86000061035156,91.86000061035156,71.3101806640625,9800
2007-07-26,91.86000061035156,91.9000015258789,91.8000030517578,91.87999725341795,71.32574462890625,41050
2007-07-27,91.86000061035156,92.0,91.62000274658205,91.91999816894533,71.35677337646484,153800
2007-07-30,91.9000015258789,91.94000244140624,91.83999633789062,91.83999633789062,71.29468536376953,10300
2007-07-31,91.95999908447266,91.95999908447266,91.91999816894533,91.95999908447266,71.38783264160156,54000
2007-08-01,91.58000183105467,91.5999984741211,91.5,91.55999755859376,71.36447143554688,18650
2007-08-02,91.5,91.58000183105467,91.4800033569336,91.58000183105467,71.38005828857422,49750
2007-08-03,91.62000274658205,91.63999938964844,91.54000091552734,91.54000091552734,71.348876953125,26200
2007-08-06,91.63999938964844,91.66000366210938,91.5999984741211,91.63999938964844,71.4268569946289,22300
2007-08-07,91.66000366210938,91.68000030517578,91.58000183105467,91.66000366210938,71.44242095947266,13950
2007-08-08,91.66000366210938,91.68000030517578,91.5999984741211,91.62000274658205,71.4112319946289,19750
2007-08-09,91.68000030517578,91.73999786376952,91.66000366210938,91.6999969482422,71.47357940673828,103150
2007-08-10,91.76000213623048,91.77999877929688,91.73999786376952,91.76000213623048,71.52033233642578,112100
2007-08-13,91.76000213623048,91.8000030517578,91.73999786376952,91.77999877929688,71.53593444824219,71800
2007-08-14,91.76000213623048,91.8000030517578,91.73999786376952,91.76000213623048,71.52033233642578,130650
2007-08-15,91.8000030517578,91.83999633789062,91.76000213623048,91.77999877929688,71.53593444824219,40400
2007-08-16,91.77999877929688,92.0,91.77999877929688,91.9000015258789,71.62947082519531,122850
2007-08-17,91.6999969482422,91.9800033569336,91.68000030517578,91.95999908447266,71.67620849609375,84750
2007-08-20,91.91999816894533,92.0999984741211,91.91999816894533,92.04000091552734,71.7385482788086,19750
2007-08-21,92.05999755859376,92.05999755859376,91.9000015258789,92.0199966430664,71.72298431396484,157700
2007-08-22,92.0199966430664,92.0199966430664,91.87999725341795,92.0199966430664,71.72298431396484,30000
2007-08-23,91.9800033569336,91.9800033569336,91.87999725341795,91.95999908447266,71.67620849609375,40250
2007-08-24,91.83999633789062,91.94000244140624,91.8000030517578,91.94000244140624,71.66065216064453,14050
2007-08-27,91.87999725341795,91.94000244140624,91.81999969482422,91.81999969482422,71.56710052490234,36050
2007-08-28,91.83999633789062,91.91999816894533,91.83999633789062,91.91999816894533,71.6450424194336,29250
2007-08-29,91.95999908447266,91.9800033569336,91.9000015258789,91.9800033569336,71.69184112548828,10550
2007-08-30,92.04000091552734,92.04000091552734,91.91999816894533,92.0,71.7073974609375,31650
2007-08-31,91.87999725341795,91.9800033569336,91.86000061035156,91.9800033569336,71.69184112548828,9650
2007-09-04,91.62000274658205,91.66000366210938,91.54000091552734,91.63999938964844,71.70281219482422,10900
2007-09-05,91.66000366210938,91.68000030517578,91.5999984741211,91.66000366210938,71.71843719482422,21400
2007-09-06,91.68000030517578,91.68000030517578,91.5999984741211,91.66000366210938,71.71843719482422,14500
2007-09-07,91.72000122070312,91.73999786376952,91.63999938964844,91.72000122070312,71.76534271240234,16150
2007-09-10,91.6999969482422,91.73999786376952,91.62000274658205,91.73999786376952,71.781005859375,35100
2007-09-11,91.63999938964844,91.73999786376952,91.62000274658205,91.63999938964844,71.70281219482422,10300
2007-09-12,91.68000030517578,91.77999877929688,91.66000366210938,91.77999877929688,71.81228637695312,3450
2007-09-13,91.63999938964844,91.76000213623048,91.63999938964844,91.76000213623048,71.79666137695312,25300
2007-09-14,91.73999786376952,91.83999633789062,91.73999786376952,91.81999969482422,71.84359741210938,32650
2007-09-17,91.81999969482422,91.86000061035156,91.68000030517578,91.86000061035156,71.87493133544922,17350
2007-09-18,91.81999969482422,91.9000015258789,91.6999969482422,91.8000030517578,71.82796478271484,232950
2007-09-19,91.86000061035156,91.86000061035156,91.73999786376952,91.83999633789062,71.85926818847656,66750
2007-09-20,91.87999725341795,91.87999725341795,91.77999877929688,91.77999877929688,71.81228637695312,22250
2007-09-21,91.8000030517578,91.87999725341795,91.77999877929688,91.81999969482422,71.84359741210938,23450
2007-09-24,91.91999816894533,91.94000244140624,91.8000030517578,91.9000015258789,71.90620422363281,57850
2007-09-25,91.8000030517578,91.91999816894533,91.8000030517578,91.91999816894533,71.92185974121094,59000
2007-09-26,91.9000015258789,91.91999816894533,91.81999969482422,91.81999969482422,71.84359741210938,21250
2007-09-27,91.91999816894533,91.94000244140624,91.81999969482422,91.83999633789062,71.85926818847656,30100
2007-09-28,91.8000030517578,91.9000015258789,91.8000030517578,91.8000030517578,71.82796478271484,122600
2007-10-01,91.5199966430664,91.5999984741211,91.5,91.58000183105467,71.90648651123047,21900
2007-10-02,91.54000091552734,91.62000274658205,91.5199966430664,91.5199966430664,71.85935974121094,78200
2007-10-03,91.55999755859376,91.63999938964844,91.5199966430664,91.54000091552734,71.87508392333984,131200
2007-10-04,91.62000274658205,91.63999938964844,91.5999984741211,91.63999938964844,71.95358276367188,4700
2007-10-05,91.58000183105467,91.6999969482422,91.54000091552734,91.54000091552734,71.87508392333984,22200
2007-10-08,91.58000183105467,91.6999969482422,91.55999755859376,91.68000030517578,71.9850082397461,8300
2007-10-09,91.66000366210938,91.6999969482422,91.62000274658205,91.62000274658205,71.93790435791016,364450
2007-10-10,91.63999938964844,91.72000122070312,91.63999938964844,91.6999969482422,72.00066375732422,21400
2007-10-11,91.72000122070312,91.72000122070312,91.66000366210938,91.68000030517578,71.9850082397461,10200
2007-10-12,91.73999786376952,91.73999786376952,91.66000366210938,91.6999969482422,72.00066375732422,14250
2007-10-15,91.6999969482422,91.72000122070312,91.66000366210938,91.66000366210938,71.96929168701172,32450
2007-10-16,91.6999969482422,91.73999786376952,91.68000030517578,91.72000122070312,72.01641082763672,14350
2007-10-17,91.72000122070312,91.76000213623048,91.68000030517578,91.76000213623048,72.04785919189453,59350
2007-10-18,91.81999969482422,91.83999633789062,91.76000213623048,91.76000213623048,72.04785919189453,12400
2007-10-19,91.81999969482422,91.83999633789062,91.73999786376952,91.83999633789062,72.11064910888672,100550
2007-10-22,91.77999877929688,91.81999969482422,91.72000122070312,91.8000030517578,72.07923889160156,185050
2007-10-23,91.81999969482422,91.83999633789062,91.76000213623048,91.8000030517578,72.07923889160156,12800
2007-10-24,91.83999633789062,91.83999633789062,91.76000213623048,91.83999633789062,72.11064910888672,27500
2007-10-25,91.83999633789062,91.83999633789062,91.77999877929688,91.81999969482422,72.09492492675781,12100
2007-10-26,91.81999969482422,91.86000061035156,91.77999877929688,91.77999877929688,72.06353759765625,15900
2007-10-29,91.81999969482422,91.86000061035156,91.77999877929688,91.86000061035156,72.12635803222656,7600
2007-10-30,91.87999725341795,91.87999725341795,91.81999969482422,91.81999969482422,72.09492492675781,5250
2007-10-31,91.86000061035156,91.87999725341795,91.81999969482422,91.83999633789062,72.11064910888672,13200
2007-11-01,91.55999755859376,91.62000274658205,91.54000091552734,91.5999984741211,72.15943145751953,32750
2007-11-02,91.5999984741211,91.66000366210938,91.55999755859376,91.66000366210938,72.20672607421875,8750
2007-11-05,91.66000366210938,91.68000030517578,91.5999984741211,91.66000366210938,72.20672607421875,16800
2007-11-06,91.66000366210938,91.66000366210938,91.58000183105467,91.66000366210938,72.20672607421875,16800
2007-11-07,91.5999984741211,91.8000030517578,91.5999984741211,91.72000122070312,72.2540054321289,218850
2007-11-08,91.68000030517578,91.73999786376952,91.63999938964844,91.66000366210938,72.20672607421875,147400
2007-11-09,91.77999877929688,91.8000030517578,91.6999969482422,91.73999786376952,72.269775390625,9400
2007-11-12,91.73999786376952,91.77999877929688,91.72000122070312,91.77999877929688,72.30126953125,72400
2007-11-13,91.76000213623048,91.8000030517578,91.72000122070312,91.76000213623048,72.28555297851562,31400
2007-11-14,91.72000122070312,91.77999877929688,91.68000030517578,91.72000122070312,72.2540054321289,100950
2007-11-15,91.73999786376952,91.81999969482422,91.68000030517578,91.77999877929688,72.30126953125,230900
2007-11-16,91.8000030517578,91.8000030517578,91.73999786376952,91.77999877929688,72.30126953125,24450
2007-11-19,91.77999877929688,91.81999969482422,91.6999969482422,91.81999969482422,72.33277130126953,59150
2007-11-20,91.76000213623048,91.83999633789062,91.72000122070312,91.83999633789062,72.34857177734375,40950
2007-11-21,91.83999633789062,91.87999725341795,91.77999877929688,91.87999725341795,72.38004302978516,33550
2007-11-23,91.81999969482422,91.9000015258789,91.81999969482422,91.9000015258789,72.39581298828125,7650
2007-11-26,91.95999908447266,91.95999908447266,91.77999877929688,91.83999633789062,72.34857177734375,24350
2007-11-27,91.81999969482422,91.91999816894533,91.81999969482422,91.91999816894533,72.41155242919922,21100
2007-11-28,91.91999816894533,91.95999908447266,91.83999633789062,91.94000244140624,72.42730712890625,52700
2007-11-29,91.86000061035156,91.95999908447266,91.86000061035156,91.87999725341795,72.38004302978516,36550
2007-11-30,91.9800033569336,106.1999969482422,91.83999633789062,91.9000015258789,72.39581298828125,274300
2007-12-03,91.76000213623048,91.77999877929688,91.5999984741211,91.5999984741211,72.37840270996094,120050
2007-12-04,91.62000274658205,91.6999969482422,91.5999984741211,91.62000274658205,72.39424133300781,90750
2007-12-05,91.62000274658205,91.68000030517578,91.5999984741211,91.62000274658205,72.39424133300781,27900
2007-12-06,91.63999938964844,91.6999969482422,91.54000091552734,91.63999938964844,72.41004943847656,288200
2007-12-07,91.5999984741211,91.72000122070312,91.5999984741211,91.72000122070312,72.47323608398438,43900
2007-12-10,91.72000122070312,94.23999786376952,91.66000366210938,91.66000366210938,72.42581939697266,206050
2007-12-11,91.72000122070312,91.77999877929688,91.5999984741211,91.77999877929688,72.5206527709961,41800
2007-12-12,91.76000213623048,91.8000030517578,91.68000030517578,91.76000213623048,72.50489807128906,24700
2007-12-13,91.31999969482422,91.81999969482422,91.31999969482422,91.8000030517578,72.53643798828125,27300
2007-12-14,91.8000030517578,91.81999969482422,91.72000122070312,91.73999786376952,72.48904418945312,33000
2007-12-17,91.73999786376952,91.83999633789062,91.72000122070312,91.77999877929688,72.5206527709961,44750
2007-12-18,91.68000030517578,91.77999877929688,91.66000366210938,91.77999877929688,72.5206527709961,26500
2007-12-19,91.81999969482422,91.83999633789062,91.68000030517578,91.81999969482422,72.55225372314453,25800
2007-12-20,91.76000213623048,91.87999725341795,91.76000213623048,91.86000061035156,72.58387756347656,14700
2007-12-21,91.87999725341795,91.9000015258789,91.81999969482422,91.86000061035156,72.58387756347656,64050
2007-12-24,91.87999725341795,91.87999725341795,91.8000030517578,91.86000061035156,72.58387756347656,2900
2007-12-26,91.8000030517578,91.87999725341795,91.8000030517578,91.81999969482422,72.55225372314453,17750
2007-12-27,91.9000015258789,91.9000015258789,91.8000030517578,91.86000061035156,72.58387756347656,7150
2007-12-28,91.63999938964844,91.66000366210938,91.5999984741211,91.5999984741211,72.582275390625,59700
2007-12-31,91.66000366210938,91.66000366210938,91.58000183105467,91.58000183105467,72.56645202636719,31700
2008-01-02,91.63999938964844,91.66000366210938,91.58000183105467,91.66000366210938,72.62983703613281,29450
2008-01-03,91.66000366210938,91.66000366210938,91.5999984741211,91.5999984741211,72.582275390625,30500
2008-01-04,91.6999969482422,91.6999969482422,91.54000091552734,91.58000183105467,72.56645202636719,173200
2008-01-07,91.5999984741211,91.66000366210938,91.58000183105467,91.66000366210938,72.62983703613281,30300
2008-01-08,91.63999938964844,91.68000030517578,91.55999755859376,91.5999984741211,72.582275390625,18350
2008-01-09,91.68000030517578,91.68000030517578,91.54000091552734,91.54000091552734,72.53475952148438,168500
2008-01-10,91.62000274658205,91.63999938964844,91.54000091552734,91.58000183105467,72.56645202636719,12200
2008-01-11,91.63999938964844,91.6999969482422,91.5999984741211,91.62000274658205,72.59815979003906,41650
2008-01-14,91.66000366210938,91.72000122070312,91.62000274658205,91.6999969482422,72.66155242919922,51900
2008-01-15,91.72000122070312,91.72000122070312,91.62000274658205,91.68000030517578,72.64566040039062,26800
2008-01-16,91.6999969482422,91.72000122070312,91.54000091552734,91.68000030517578,72.64566040039062,254500
2008-01-17,91.66000366210938,91.72000122070312,91.62000274658205,91.63999938964844,72.61396789550781,380400
2008-01-18,91.66000366210938,91.73999786376952,91.63999938964844,91.6999969482422,72.66155242919922,71450
2008-01-22,91.76000213623048,91.81999969482422,91.66000366210938,91.73999786376952,72.69322204589844,116400
2008-01-23,91.8000030517578,91.86000061035156,91.73999786376952,91.83999633789062,72.7724609375,89150
2008-01-24,91.76000213623048,91.87999725341795,91.73999786376952,91.87999725341795,72.80414581298828,47750
2008-01-25,91.8000030517578,91.91999816894533,91.77999877929688,91.77999877929688,72.72489166259766,32700
2008-01-28,91.94000244140624,91.94000244140624,91.81999969482422,91.81999969482422,72.75663757324219,26100
2008-01-29,91.81999969482422,91.91999816894533,91.77999877929688,91.9000015258789,72.82001495361328,66650
2008-01-30,91.81999969482422,91.9800033569336,91.8000030517578,91.94000244140624,72.8516845703125,60100
2008-01-31,91.83999633789062,91.9800033569336,91.83999633789062,91.94000244140624,72.8516845703125,26150
2008-02-01,92.3000030517578,92.3000030517578,91.5999984741211,91.6999969482422,72.84374237060547,35500
2008-02-04,91.62000274658205,91.72000122070312,91.62000274658205,91.72000122070312,72.85964965820312,50300
2008-02-05,91.72000122070312,91.73999786376952,91.58000183105467,91.66000366210938,72.81196594238281,38750
2008-02-06,91.6999969482422,91.73999786376952,91.66000366210938,91.73999786376952,72.87549591064453,18100
2008-02-07,91.66000366210938,91.76000213623048,91.63999938964844,91.72000122070312,72.85964965820312,30350
2008-02-08,91.72000122070312,91.72000122070312,91.62000274658205,91.72000122070312,72.85964965820312,14250
2008-02-11,91.66000366210938,91.73999786376952,91.66000366210938,91.73999786376952,72.87549591064453,26350
2008-02-12,91.66000366210938,91.72000122070312,91.66000366210938,91.72000122070312,72.85964965820312,13550
2008-02-13,91.72000122070312,91.73999786376952,91.68000030517578,91.73999786376952,72.87549591064453,46700
2008-02-14,91.72000122070312,91.76000213623048,91.68000030517578,91.76000213623048,72.89141082763672,51200
2008-02-15,91.73999786376952,91.77999877929688,91.73999786376952,91.76000213623048,72.89141082763672,23300
2008-02-19,91.73999786376952,91.77999877929688,91.6999969482422,91.76000213623048,72.89141082763672,17800
2008-02-20,91.72000122070312,91.8000030517578,91.72000122070312,91.72000122070312,72.85964965820312,17450
2008-02-21,91.76000213623048,91.8000030517578,91.72000122070312,91.8000030517578,72.92314910888672,39200
2008-02-22,91.72000122070312,91.83999633789062,91.72000122070312,91.8000030517578,72.92314910888672,90750
2008-02-25,91.73999786376952,91.8000030517578,91.73999786376952,91.76000213623048,72.89141082763672,14850
2008-02-26,91.8000030517578,91.81999969482422,91.6999969482422,91.81999969482422,72.93904876708984,42400
2008-02-27,91.72000122070312,91.83999633789062,91.72000122070312,91.83999633789062,72.95497131347656,84550
2008-02-28,91.83999633789062,91.86000061035156,91.77999877929688,91.83999633789062,72.95497131347656,20700
2008-02-29,91.83999633789062,91.87999725341795,91.77999877929688,91.86000061035156,72.97085571289062,17300
2008-03-03,91.68000030517578,91.72000122070312,91.63999938964844,91.72000122070312,72.9979248046875,31550
2008-03-04,91.66000366210938,91.72000122070312,91.63999938964844,91.72000122070312,72.9979248046875,73450
2008-03-05,91.72000122070312,91.73999786376952,91.62000274658205,91.6999969482422,72.98199462890625,253850
2008-03-06,91.73999786376952,91.77999877929688,91.6999969482422,91.73999786376952,73.0137939453125,41600
2008-03-07,91.76000213623048,91.76000213623048,91.6999969482422,91.73999786376952,73.0137939453125,50300
2008-03-10,91.73999786376952,91.8000030517578,91.68000030517578,91.73999786376952,73.0137939453125,22300
2008-03-11,91.73999786376952,91.76000213623048,91.68000030517578,91.73999786376952,73.0137939453125,42200
2008-03-12,91.73999786376952,91.76000213623048,91.72000122070312,91.76000213623048,73.02973175048828,13350
2008-03-13,91.76000213623048,91.76000213623048,91.6999969482422,91.73999786376952,73.0137939453125,41300
2008-03-14,91.73999786376952,91.87999725341795,91.6999969482422,91.86000061035156,73.10934448242188,82350
2008-03-17,91.81999969482422,91.94000244140624,91.73999786376952,91.83999633789062,73.09342193603516,136100
2008-03-18,92.95999908447266,92.95999908447266,91.81999969482422,91.94000244140624,73.17300415039062,47400
2008-03-19,91.95999908447266,91.95999908447266,91.87999725341795,91.95999908447266,73.18888854980469,31850
2008-03-20,91.95999908447266,91.95999908447266,91.87999725341795,91.94000244140624,73.17300415039062,46750
2008-03-24,91.95999908447266,91.95999908447266,91.86000061035156,91.86000061035156,73.10934448242188,38750
2008-03-25,91.83999633789062,91.91999816894533,91.8000030517578,91.8000030517578,73.0615463256836,39200
2008-03-26,91.8000030517578,91.87999725341795,91.8000030517578,91.86000061035156,73.10934448242188,9800
2008-03-27,91.86000061035156,91.87999725341795,91.8000030517578,91.87999725341795,73.12525177001953,8300
2008-03-28,91.9000015258789,91.9000015258789,91.8000030517578,91.8000030517578,73.0615463256836,33900
2008-03-31,91.87999725341795,91.94000244140624,91.81999969482422,91.9000015258789,73.14118194580078,64950
2008-04-01,91.76000213623048,91.76000213623048,91.63999938964844,91.6999969482422,73.09335327148438,83350
2008-04-02,91.6999969482422,91.73999786376952,91.6999969482422,91.6999969482422,73.09335327148438,65900
2008-04-03,91.6999969482422,91.73999786376952,91.68000030517578,91.6999969482422,73.09335327148438,23600
2008-04-04,91.73999786376952,91.76000213623048,91.72000122070312,91.73999786376952,73.12520599365234,44300
2008-04-07,91.73999786376952,91.76000213623048,91.68000030517578,91.6999969482422,73.09335327148438,46450
2008-04-08,91.76000213623048,91.76000213623048,91.6999969482422,91.76000213623048,73.14116668701172,24500
2008-04-09,91.6999969482422,91.77999877929688,91.6999969482422,91.76000213623048,73.14116668701172,33900
2008-04-10,91.77999877929688,91.77999877929688,91.76000213623048,91.76000213623048,73.14116668701172,18750
2008-04-11,91.76000213623048,91.81999969482422,91.76000213623048,91.76000213623048,73.14116668701172,39350
2008-04-14,91.81999969482422,91.83999633789062,91.76000213623048,91.8000030517578,73.17303466796875,16050
2008-04-15,91.83999633789062,91.83999633789062,91.76000213623048,91.8000030517578,73.17303466796875,60700
2008-04-16,91.8000030517578,91.8000030517578,91.72000122070312,91.73999786376952,73.12520599365234,19550
2008-04-17,91.73999786376952,91.8000030517578,91.6999969482422,91.73999786376952,73.12520599365234,31800
2008-04-18,91.77999877929688,91.77999877929688,91.66000366210938,91.68000030517578,73.0774154663086,31800
2008-04-21,91.76000213623048,91.77999877929688,91.68000030517578,91.72000122070312,73.10929870605469,26050
2008-04-22,91.72000122070312,91.77999877929688,91.6999969482422,91.73999786376952,73.12520599365234,35850
2008-04-23,91.77999877929688,91.77999877929688,91.6999969482422,91.73999786376952,73.12520599365234,23800
2008-04-24,91.76000213623048,91.77999877929688,91.72000122070312,91.76000213623048,73.14116668701172,9800
2008-04-25,91.72000122070312,91.76000213623048,91.6999969482422,91.76000213623048,73.14116668701172,39700
2008-04-28,91.76000213623048,91.8000030517578,91.68000030517578,91.6999969482422,73.09335327148438,35900
2008-04-29,91.8000030517578,91.8000030517578,91.68000030517578,91.8000030517578,73.17303466796875,21300
2008-04-30,91.68000030517578,91.8000030517578,91.68000030517578,91.6999969482422,73.09335327148438,27000
2008-05-01,91.72000122070312,91.72000122070312,91.62000274658205,91.66000366210938,73.14759826660156,20250
2008-05-02,91.5999984741211,91.6999969482422,91.58000183105467,91.5999984741211,73.09967803955078,29150
2008-05-05,91.63999938964844,91.68000030517578,91.62000274658205,91.62000274658205,73.11569213867188,15500
2008-05-06,91.68000030517578,91.68000030517578,91.58000183105467,91.58000183105467,73.083740234375,104000
2008-05-07,91.63999938964844,91.63999938964844,91.58000183105467,91.63999938964844,73.13162994384766,26400
2008-05-08,91.63999938964844,91.63999938964844,91.55999755859376,91.5999984741211,73.09967803955078,78950
2008-05-09,91.58000183105467,91.66000366210938,91.58000183105467,91.63999938964844,73.13162994384766,38050
2008-05-12,91.62000274658205,91.66000366210938,91.5999984741211,91.63999938964844,73.13162994384766,25350
2008-05-13,91.63999938964844,91.63999938964844,91.5999984741211,91.5999984741211,73.09967803955078,21300
2008-05-14,91.63999938964844,91.66000366210938,91.5999984741211,91.5999984741211,73.09967803955078,64200
2008-05-15,91.63999938964844,91.66000366210938,91.5999984741211,91.5999984741211,73.09967803955078,18350
2008-05-16,91.63999938964844,91.68000030517578,91.58000183105467,91.62000274658205,73.11569213867188,40400
2008-05-19,91.5999984741211,91.68000030517578,91.58000183105467,91.62000274658205,73.11569213867188,22950
2008-05-20,91.58000183105467,91.63999938964844,91.58000183105467,91.58000183105467,73.083740234375,11750
2008-05-21,91.66000366210938,91.68000030517578,91.58000183105467,91.58000183105467,73.083740234375,48400
2008-05-22,91.58000183105467,91.6999969482422,91.58000183105467,91.63999938964844,73.13162994384766,13200
2008-05-23,91.63999938964844,91.66000366210938,91.62000274658205,91.63999938964844,73.13162994384766,16600
2008-05-27,91.62000274658205,91.6999969482422,91.62000274658205,91.63999938964844,73.13162994384766,27250
2008-05-28,91.62000274658205,91.6999969482422,91.62000274658205,91.68000030517578,73.16358184814453,39200
2008-05-29,91.6999969482422,91.6999969482422,91.62000274658205,91.63999938964844,73.13162994384766,53500
2008-05-30,91.68000030517578,91.6999969482422,91.63999938964844,91.68000030517578,73.16358184814453,9400
2008-06-02,91.62000274658205,91.66000366210938,91.55999755859376,91.66000366210938,73.22267150878906,42000
2008-06-03,91.63999938964844,91.68000030517578,91.58000183105467,91.66000366210938,73.22267150878906,14850
2008-06-04,91.63999938964844,91.66000366210938,91.58000183105467,91.63999938964844,73.20672607421875,21100
2008-06-05,91.68000030517578,91.68000030517578,91.58000183105467,91.58000183105467,73.15874481201172,27800
2008-06-06,91.66000366210938,91.66000366210938,91.5999984741211,91.5999984741211,73.17477416992188,40350
2008-06-09,91.66000366210938,91.68000030517578,91.5999984741211,91.63999938964844,73.20672607421875,43850
2008-06-10,91.66000366210938,91.72000122070312,91.5999984741211,91.6999969482422,73.254638671875,151300
2008-06-11,91.6999969482422,91.76000213623048,91.66000366210938,91.76000213623048,73.30257415771484,183700
2008-06-12,91.72000122070312,91.73999786376952,91.66000366210938,91.6999969482422,73.254638671875,26150
2008-06-13,91.73999786376952,91.76000213623048,91.68000030517578,91.76000213623048,73.30257415771484,12750
2008-06-16,91.76000213623048,91.77999877929688,91.72000122070312,91.76000213623048,73.30257415771484,186350
2008-06-17,91.73999786376952,91.76000213623048,91.6999969482422,91.73999786376952,73.28659057617188,21650
2008-06-18,91.76000213623048,91.8000030517578,91.72000122070312,91.77999877929688,73.31852722167969,76650
2008-06-19,91.77999877929688,91.8000030517578,91.73999786376952,91.76000213623048,73.30257415771484,45800
2008-06-20,91.8000030517578,91.81999969482422,91.73999786376952,91.8000030517578,73.33450317382812,81400
2008-06-23,91.8000030517578,91.81999969482422,91.76000213623048,91.8000030517578,73.33450317382812,21000
2008-06-24,91.77999877929688,91.8000030517578,91.76000213623048,91.8000030517578,73.33450317382812,56150
2008-06-25,91.77999877929688,91.81999969482422,91.76000213623048,91.81999969482422,73.35050201416016,44450
2008-06-26,91.83999633789062,91.86000061035156,91.77999877929688,91.81999969482422,73.35050201416016,99550
2008-06-27,91.63999938964844,91.9800033569336,91.63999938964844,91.86000061035156,73.38249206542969,233150
2008-06-30,91.86000061035156,91.86000061035156,91.73999786376952,91.8000030517578,73.33450317382812,40950
2008-07-01,91.73999786376952,91.73999786376952,91.63999938964844,91.72000122070312,73.36016082763672,50700
2008-07-02,91.73999786376952,91.73999786376952,91.63999938964844,91.72000122070312,73.36016082763672,41550
2008-07-03,91.73999786376952,91.73999786376952,91.63999938964844,91.72000122070312,73.36016082763672,38300
2008-07-07,91.72000122070312,91.73999786376952,91.62000274658205,91.6999969482422,73.34408569335938,87900
2008-07-08,91.72000122070312,91.76000213623048,91.66000366210938,91.66000366210938,73.31209564208984,47700
2008-07-09,91.73999786376952,91.73999786376952,91.68000030517578,91.68000030517578,73.32811737060547,40700
2008-07-10,91.68000030517578,91.77999877929688,91.68000030517578,91.76000213623048,73.39210510253906,56400
2008-07-11,91.8000030517578,91.83999633789062,91.76000213623048,91.81999969482422,73.44009399414062,54100
2008-07-14,91.77999877929688,91.83999633789062,91.73999786376952,91.81999969482422,73.44009399414062,64400
2008-07-15,91.83999633789062,91.86000061035156,91.77999877929688,91.83999633789062,73.45606994628906,98800
2008-07-16,91.86000061035156,91.87999725341795,91.8000030517578,91.86000061035156,73.47206115722656,375100
2008-07-17,91.83999633789062,91.87999725341795,91.6999969482422,91.72000122070312,73.36016082763672,134700
2008-07-18,91.8000030517578,91.87999725341795,91.76000213623048,91.83999633789062,73.45606994628906,71950
2008-07-21,91.86000061035156,91.86000061035156,91.76000213623048,91.76000213623048,73.39210510253906,43200
2008-07-22,91.86000061035156,91.86000061035156,91.77999877929688,91.8000030517578,73.42406463623047,76300
2008-07-23,91.77999877929688,91.83999633789062,91.72000122070312,91.83999633789062,73.45606994628906,223150
2008-07-24,91.83999633789062,91.83999633789062,91.76000213623048,91.81999969482422,73.44009399414062,44500
2008-07-25,91.83999633789062,91.83999633789062,91.77999877929688,91.83999633789062,73.45606994628906,56100
2008-07-28,91.83999633789062,91.83999633789062,91.77999877929688,91.83999633789062,73.45606994628906,57100
2008-07-29,91.83999633789062,91.86000061035156,91.8000030517578,91.83999633789062,73.45606994628906,70550
2008-07-30,91.83999633789062,91.86000061035156,91.77999877929688,91.86000061035156,73.47206115722656,36750
2008-07-31,91.83999633789062,91.86000061035156,91.77999877929688,91.86000061035156,73.47206115722656,48650
2008-08-01,91.72000122070312,91.72000122070312,91.66000366210938,91.6999969482422,73.44966125488281,44100
2008-08-04,91.73999786376952,91.73999786376952,91.6999969482422,91.72000122070312,73.46569061279297,190500
2008-08-05,91.73999786376952,91.77999877929688,91.72000122070312,91.73999786376952,73.48167419433594,86900
2008-08-06,91.6999969482422,91.76000213623048,91.68000030517578,91.6999969482422,73.44966125488281,75400
2008-08-07,91.6999969482422,91.76000213623048,91.6999969482422,91.76000213623048,73.49773406982422,41350
2008-08-08,91.76000213623048,91.77999877929688,91.68000030517578,91.73999786376952,73.48167419433594,68350
2008-08-11,91.68000030517578,91.77999877929688,91.66000366210938,91.76000213623048,73.49773406982422,170300
2008-08-12,91.76000213623048,91.77999877929688,91.6999969482422,91.6999969482422,73.44966125488281,68100
2008-08-13,91.72000122070312,91.77999877929688,91.72000122070312,91.77999877929688,73.51372528076172,70450
2008-08-14,91.73999786376952,91.77999877929688,91.73999786376952,91.76000213623048,73.49773406982422,73000
2008-08-15,91.86000061035156,91.86000061035156,91.73999786376952,91.77999877929688,73.51372528076172,65450
2008-08-18,91.8000030517578,91.8000030517578,91.72000122070312,91.72000122070312,73.46569061279297,77450
2008-08-19,91.73999786376952,91.8000030517578,91.73999786376952,91.8000030517578,73.52975463867188,34100
2008-08-20,91.73999786376952,91.81999969482422,91.73999786376952,91.8000030517578,73.52975463867188,60750
2008-08-21,91.77999877929688,91.81999969482422,91.77999877929688,91.81999969482422,73.54574584960938,28300
2008-08-22,91.81999969482422,91.83999633789062,91.77999877929688,91.83999633789062,73.5617904663086,38950
2008-08-25,91.8000030517578,91.83999633789062,91.8000030517578,91.81999969482422,73.54574584960938,59950
2008-08-26,91.83999633789062,91.86000061035156,91.73999786376952,91.83999633789062,73.5617904663086,143600
2008-08-27,91.8000030517578,91.86000061035156,91.77999877929688,91.83999633789062,73.5617904663086,50300
2008-08-28,91.83999633789062,91.86000061035156,91.8000030517578,91.83999633789062,73.5617904663086,51950
2008-08-29,91.86000061035156,91.86000061035156,91.76000213623048,91.8000030517578,73.52975463867188,46150
2008-09-02,91.6999969482422,91.77999877929688,91.66000366210938,91.73999786376952,73.58272552490234,603900
2008-09-03,91.6999969482422,91.73999786376952,91.6999969482422,91.73999786376952,73.58272552490234,49900
2008-09-04,91.68000030517578,91.73999786376952,91.68000030517578,91.73999786376952,73.58272552490234,55350
2008-09-05,91.72000122070312,91.76000213623048,91.72000122070312,91.76000213623048,73.59873962402344,83600
2008-09-08,91.73999786376952,91.76000213623048,91.72000122070312,91.76000213623048,73.59873962402344,31000
2008-09-09,91.76000213623048,91.77999877929688,91.72000122070312,91.73999786376952,73.58272552490234,61950
2008-09-10,91.76000213623048,91.8000030517578,91.73999786376952,91.77999877929688,73.6147689819336,68600
2008-09-11,91.77999877929688,91.8000030517578,91.73999786376952,91.76000213623048,73.59873962402344,112750
2008-09-12,91.76000213623048,91.81999969482422,91.73999786376952,91.8000030517578,73.63079833984375,96400
2008-09-15,91.87999725341795,92.0199966430664,91.77999877929688,91.9000015258789,73.71099853515625,195200
2008-09-16,91.76000213623048,91.95999908447266,91.76000213623048,91.94000244140624,73.74313354492188,424750
2008-09-17,92.0,92.76000213623048,91.86000061035156,92.33999633789062,74.06394958496094,451300
2008-09-18,92.0,92.8000030517578,91.83999633789062,92.08000183105467,73.85542297363281,916150
2008-09-19,91.4800033569336,97.86000061035156,91.4800033569336,91.76000213623048,73.59873962402344,813150
2008-09-22,91.66000366210938,91.9000015258789,91.66000366210938,91.8000030517578,73.63079833984375,760150
2008-09-23,91.8000030517578,92.0999984741211,91.77999877929688,92.0999984741211,73.87140655517578,238050
2008-09-24,92.05999755859376,92.05999755859376,91.8000030517578,91.81999969482422,73.64688110351562,89300
2008-09-25,91.81999969482422,92.04000091552734,91.81999969482422,91.91999816894533,73.72706604003906,132050
2008-09-26,92.05999755859376,92.26000213623048,91.83999633789062,92.08000183105467,73.85542297363281,185700
2008-09-29,92.0999984741211,94.55999755859376,91.4000015258789,92.4800033569336,74.17621612548828,388850
2008-09-30,92.9800033569336,92.9800033569336,91.91999816894533,92.13999938964844,73.90349578857422,140850
2008-10-01,92.41999816894533,92.41999816894533,91.77999877929688,92.0,73.89225769042969,265950
2008-10-02,91.9800033569336,92.0,91.86000061035156,91.95999908447266,73.86015319824219,193650
2008-10-03,91.81999969482422,92.0,91.8000030517578,91.95999908447266,73.86015319824219,201500
2008-10-06,92.72000122070312,92.72000122070312,91.5999984741211,91.94000244140624,73.84412384033203,324050
2008-10-07,91.95999908447266,91.95999908447266,91.73999786376952,91.91999816894533,73.82804870605469,146850
2008-10-08,91.94000244140624,91.94000244140624,91.72000122070312,91.83999633789062,73.7637939453125,222150
2008-10-09,91.83999633789062,91.9800033569336,91.76000213623048,91.9800033569336,73.87621307373047,177800
2008-10-10,92.0,92.0999984741211,91.4800033569336,92.05999755859376,73.94043731689453,351150
2008-10-13,92.0,92.04000091552734,91.63999938964844,91.6999969482422,73.65131378173828,204600
2008-10-14,91.5999984741211,91.87999725341795,91.54000091552734,91.86000061035156,73.77983856201172,195150
2008-10-15,91.8000030517578,91.94000244140624,91.6999969482422,91.87999725341795,73.79592895507812,204950
2008-10-16,91.95999908447266,91.95999908447266,91.72000122070312,91.83999633789062,73.7637939453125,200950
2008-10-17,91.87999725341795,91.87999725341795,91.62000274658205,91.63999938964844,73.6031494140625,157650
2008-10-20,91.63999938964844,91.87999725341795,91.63999938964844,91.86000061035156,73.77983856201172,145050
2008-10-21,91.86000061035156,91.87999725341795,91.72000122070312,91.86000061035156,73.77983856201172,98050
2008-10-22,91.83999633789062,91.94000244140624,91.6999969482422,91.73999786376952,73.68347930908203,180900
2008-10-23,91.73999786376952,91.86000061035156,91.73999786376952,91.86000061035156,73.77983856201172,151700
2008-10-24,91.73999786376952,92.04000091552734,91.73999786376952,91.76000213623048,73.69952392578125,168150
2008-10-27,91.9000015258789,91.9000015258789,91.77999877929688,91.9000015258789,73.81193542480469,149750
2008-10-28,91.94000244140624,92.05999755859376,91.8000030517578,91.87999725341795,73.79592895507812,186750
2008-10-29,91.83999633789062,91.94000244140624,91.77999877929688,91.77999877929688,73.71556091308594,144300
2008-10-30,91.76000213623048,91.9000015258789,91.76000213623048,91.9000015258789,73.81193542480469,110550
2008-10-31,91.9000015258789,91.94000244140624,91.8000030517578,91.8000030517578,73.73161315917969,175250
2008-11-03,91.81999969482422,91.81999969482422,91.68000030517578,91.68000030517578,73.7107162475586,158550
2008-11-04,91.66000366210938,91.8000030517578,91.66000366210938,91.72000122070312,73.7428970336914,96450
2008-11-05,91.73999786376952,91.86000061035156,91.72000122070312,91.76000213623048,73.77510833740234,133750
2008-11-06,91.72000122070312,91.94000244140624,91.72000122070312,91.9000015258789,73.8875961303711,118100
2008-11-07,91.9000015258789,91.9000015258789,91.81999969482422,91.9000015258789,73.8875961303711,83900
2008-11-10,91.8000030517578,91.87999725341795,91.8000030517578,91.87999725341795,73.87150573730469,60950
2008-11-11,91.81999969482422,91.9000015258789,91.8000030517578,91.87999725341795,73.87150573730469,88400
2008-11-12,91.87999725341795,91.91999816894533,91.81999969482422,91.9000015258789,73.8875961303711,109050
2008-11-13,91.9000015258789,91.94000244140624,91.83999633789062,91.9000015258789,73.8875961303711,132450
2008-11-14,91.94000244140624,91.94000244140624,91.83999633789062,91.9000015258789,73.8875961303711,132200
2008-11-17,91.87999725341795,91.94000244140624,91.83999633789062,91.94000244140624,73.9197998046875,170900
2008-11-18,91.94000244140624,91.94000244140624,91.77999877929688,91.83999633789062,73.83939361572266,260650
2008-11-19,91.91999816894533,91.91999816894533,91.81999969482422,91.81999969482422,73.82329559326172,81200
2008-11-20,91.94000244140624,91.94000244140624,91.68000030517578,91.87999725341795,73.87150573730469,226150
2008-11-21,91.87999725341795,91.9000015258789,91.8000030517578,91.86000061035156,73.85546112060547,233750
2008-11-24,91.94000244140624,92.1999969482422,91.86000061035156,91.87999725341795,73.87150573730469,253450
2008-11-25,91.9000015258789,91.91999816894533,91.83999633789062,91.9000015258789,73.8875961303711,68400
2008-11-26,91.9000015258789,91.94000244140624,91.81999969482422,91.94000244140624,73.9197998046875,118100
2008-11-28,91.94000244140624,91.94000244140624,91.66000366210938,91.66000366210938,73.69466400146484,39700
2008-12-01,91.9000015258789,91.91999816894533,91.76000213623048,91.86000061035156,73.89736938476562,145000
2008-12-02,91.87999725341795,91.94000244140624,91.8000030517578,91.94000244140624,73.96175384521484,114650
2008-12-03,91.9000015258789,91.9000015258789,91.8000030517578,91.8000030517578,73.8491439819336,92050
2008-12-04,91.8000030517578,91.86000061035156,91.76000213623048,91.76000213623048,73.81696319580078,106250
2008-12-05,91.9000015258789,91.9000015258789,91.73999786376952,91.76000213623048,73.81696319580078,147500
2008-12-08,91.8000030517578,91.86000061035156,91.73999786376952,91.77999877929688,73.8330078125,190000
2008-12-09,91.86000061035156,91.86000061035156,91.72000122070312,91.73999786376952,73.8009033203125,241200
2008-12-10,91.73999786376952,91.83999633789062,91.73999786376952,91.8000030517578,73.8491439819336,281850
2008-12-11,91.77999877929688,91.87999725341795,91.6999969482422,91.6999969482422,73.76869201660156,158000
2008-12-12,91.73999786376952,91.83999633789062,91.73999786376952,91.73999786376952,73.8009033203125,171400
2008-12-15,91.76000213623048,91.8000030517578,91.72000122070312,91.72000122070312,73.78480529785156,120300
2008-12-16,91.77999877929688,91.81999969482422,91.72000122070312,91.77999877929688,73.8330078125,176200
2008-12-17,91.72000122070312,91.8000030517578,91.72000122070312,91.72000122070312,73.78480529785156,156850
2008-12-18,91.77999877929688,91.81999969482422,91.5,91.66000366210938,73.73651885986328,774150
2008-12-19,91.77999877929688,91.83999633789062,91.66000366210938,91.72000122070312,73.78480529785156,202500
2008-12-22,91.81999969482422,91.83999633789062,91.6999969482422,91.83999633789062,73.8812484741211,116100
2008-12-23,91.81999969482422,91.83999633789062,91.73999786376952,91.73999786376952,73.8009033203125,155600
2008-12-24,91.87999725341795,91.87999725341795,91.73999786376952,91.83999633789062,73.8812484741211,68100
2008-12-26,91.76000213623048,91.87999725341795,91.76000213623048,91.83999633789062,73.8812484741211,70500
2008-12-29,91.5999984741211,91.63999938964844,91.4000015258789,91.45999908447266,73.62051391601562,87100
2008-12-30,91.6999969482422,91.77999877929688,91.5999984741211,91.77999877929688,73.8780746459961,125200
2008-12-31,91.66000366210938,91.72000122070312,91.4800033569336,91.58000183105467,73.7170639038086,163600
2009-01-02,91.6999969482422,91.77999877929688,91.5999984741211,91.5999984741211,73.73313903808594,110100
2009-01-05,91.77999877929688,91.77999877929688,91.58000183105467,91.5999984741211,73.73313903808594,196850
2009-01-06,91.5999984741211,91.68000030517578,91.5999984741211,91.62000274658205,73.749267578125,94200
2009-01-07,91.62000274658205,91.77999877929688,91.62000274658205,91.76000213623048,73.86198425292969,214050
2009-01-08,91.66000366210938,91.72000122070312,91.63999938964844,91.66000366210938,73.781494140625,64900
2009-01-09,91.6999969482422,91.81999969482422,91.63999938964844,91.72000122070312,73.82980346679688,87900
2009-01-12,91.72000122070312,91.87999725341795,91.68000030517578,91.68000030517578,73.79756164550781,178700
2009-01-13,91.76000213623048,91.87999725341795,91.6999969482422,91.8000030517578,73.89419555664062,1438550
2009-01-14,91.83999633789062,91.83999633789062,91.76000213623048,91.81999969482422,73.91026306152344,4573650
2009-01-15,91.76000213623048,91.83999633789062,91.6999969482422,91.83999633789062,73.92635345458984,207800
2009-01-16,91.72000122070312,91.81999969482422,91.72000122070312,91.77999877929688,73.8780746459961,116500
2009-01-20,91.81999969482422,91.87999725341795,91.62000274658205,91.62000274658205,73.749267578125,1157900
2009-01-21,91.68000030517578,91.77999877929688,91.63999938964844,91.77999877929688,73.8780746459961,133400
2009-01-22,91.68000030517578,91.8000030517578,91.68000030517578,91.8000030517578,73.89419555664062,116900
2009-01-23,91.6999969482422,91.8000030517578,91.66000366210938,91.77999877929688,73.8780746459961,94600
2009-01-26,91.8000030517578,91.8000030517578,91.68000030517578,91.76000213623048,73.86198425292969,98500
2009-01-27,91.77999877929688,91.77999877929688,91.66000366210938,91.72000122070312,73.82980346679688,105150
2009-01-28,91.76000213623048,91.76000213623048,91.66000366210938,91.68000030517578,73.79756164550781,67450
2009-01-29,91.6999969482422,91.73999786376952,91.63999938964844,91.68000030517578,73.79756164550781,226450
2009-01-30,91.68000030517578,91.76000213623048,91.68000030517578,91.76000213623048,73.86198425292969,141800
2009-02-02,91.73999786376952,91.81999969482422,91.66000366210938,91.8000030517578,73.90706634521484,513900
2009-02-03,91.76000213623048,91.77999877929688,91.6999969482422,91.72000122070312,73.84266662597656,121850
2009-02-04,91.72000122070312,91.77999877929688,91.68000030517578,91.77999877929688,73.89093780517578,67700
2009-02-05,91.73999786376952,91.77999877929688,91.6999969482422,91.73999786376952,73.85877990722656,121950
2009-02-06,91.5999984741211,91.72000122070312,91.58000183105467,91.5999984741211,73.74605560302734,1654150
2009-02-09,91.6999969482422,91.73999786376952,91.63999938964844,91.72000122070312,73.84266662597656,164200
2009-02-10,91.66000366210938,91.76000213623048,91.66000366210938,91.6999969482422,73.8265380859375,198100
2009-02-11,91.72000122070312,91.72000122070312,91.68000030517578,91.68000030517578,73.81047058105469,147750
2009-02-12,91.72000122070312,91.73999786376952,91.68000030517578,91.68000030517578,73.81047058105469,161100
2009-02-13,91.68000030517578,91.76000213623048,91.66000366210938,91.76000213623048,73.87483978271484,1087600
2009-02-17,91.76000213623048,91.77999877929688,91.72000122070312,91.76000213623048,73.87483978271484,2976300
2009-02-18,91.68000030517578,91.77999877929688,91.68000030517578,91.77999877929688,73.89093780517578,666500
2009-02-19,91.72000122070312,91.8000030517578,91.6999969482422,91.77999877929688,73.89093780517578,641800
2009-02-20,91.72000122070312,91.77999877929688,91.72000122070312,91.77999877929688,73.89093780517578,227400
2009-02-23,91.76000213623048,91.77999877929688,91.72000122070312,91.76000213623048,73.87483978271484,342350
2009-02-24,91.76000213623048,91.76000213623048,91.63999938964844,91.6999969482422,73.8265380859375,3389950
2009-02-25,91.72000122070312,91.73999786376952,91.66000366210938,91.66000366210938,73.79434967041016,1315150
2009-02-26,91.73999786376952,91.73999786376952,91.68000030517578,91.68000030517578,73.81047058105469,201300
2009-02-27,91.72000122070312,91.77999877929688,91.6999969482422,91.73999786376952,73.85877990722656,142750
2009-03-02,91.76000213623048,91.8000030517578,91.72000122070312,91.77999877929688,73.90221405029297,325450
2009-03-03,91.8000030517578,91.8000030517578,91.66000366210938,91.76000213623048,73.88607788085938,397650
2009-03-04,91.77999877929688,91.77999877929688,91.68000030517578,91.76000213623048,73.88607788085938,140900
2009-03-05,91.73999786376952,91.77999877929688,91.6999969482422,91.77999877929688,73.90221405029297,246000
2009-03-06,91.72000122070312,91.77999877929688,91.72000122070312,91.76000213623048,73.88607788085938,278150
2009-03-09,91.8000030517578,91.8000030517578,91.73999786376952,91.76000213623048,73.88607788085938,258650
2009-03-10,91.77999877929688,91.77999877929688,91.6999969482422,91.76000213623048,73.88607788085938,136850
2009-03-11,91.72000122070312,91.76000213623048,91.66000366210938,91.76000213623048,73.88607788085938,281650
2009-03-12,91.68000030517578,91.76000213623048,91.68000030517578,91.72000122070312,73.85396575927734,160550
2009-03-13,91.72000122070312,91.76000213623048,91.68000030517578,91.6999969482422,73.83782196044922,299750
2009-03-16,91.68000030517578,91.72000122070312,91.66000366210938,91.68000030517578,73.82171630859375,258800
2009-03-17,91.68000030517578,91.73999786376952,91.68000030517578,91.73999786376952,73.87007141113281,141750
2009-03-18,91.72000122070312,91.81999969482422,91.68000030517578,91.76000213623048,73.88607788085938,421100
2009-03-19,91.72000122070312,91.76000213623048,91.68000030517578,91.6999969482422,73.83782196044922,395000
2009-03-20,91.76000213623048,91.76000213623048,91.72000122070312,91.73999786376952,73.87007141113281,198550
2009-03-23,91.76000213623048,91.76000213623048,91.6999969482422,91.76000213623048,73.88607788085938,165300
2009-03-24,91.72000122070312,91.76000213623048,91.72000122070312,91.73999786376952,73.87007141113281,133750
2009-03-25,91.73999786376952,91.77999877929688,91.73999786376952,91.77999877929688,73.90221405029297,165200
2009-03-26,91.72000122070312,91.77999877929688,91.72000122070312,91.76000213623048,73.88607788085938,464750
2009-03-27,91.76000213623048,91.77999877929688,91.73999786376952,91.77999877929688,73.90221405029297,191750
2009-03-30,91.77999877929688,91.77999877929688,91.73999786376952,91.76000213623048,73.88607788085938,173650
2009-03-31,91.73999786376952,91.76000213623048,91.72000122070312,91.72000122070312,73.85396575927734,160650
2009-04-01,91.72000122070312,91.77999877929688,91.6999969482422,91.72000122070312,73.86680603027344,218500
2009-04-02,91.6999969482422,91.73999786376952,91.66000366210938,91.66000366210938,73.81851959228516,1172500
2009-04-03,91.66000366210938,91.72000122070312,91.66000366210938,91.72000122070312,73.86680603027344,274350
2009-04-06,91.68000030517578,91.73999786376952,91.66000366210938,91.6999969482422,73.85069274902344,242350
2009-04-07,91.68000030517578,91.72000122070312,91.68000030517578,91.6999969482422,73.85069274902344,153000
2009-04-08,91.73999786376952,91.76000213623048,91.68000030517578,91.73999786376952,73.8829116821289,150150
2009-04-09,91.72000122070312,91.72000122070312,91.68000030517578,91.68000030517578,73.8346176147461,542500
2009-04-13,91.68000030517578,91.73999786376952,91.68000030517578,91.73999786376952,73.8829116821289,243500
2009-04-14,91.6999969482422,91.72000122070312,91.68000030517578,91.6999969482422,73.85069274902344,125600
2009-04-15,91.72000122070312,91.73999786376952,91.68000030517578,91.6999969482422,73.85069274902344,158950
2009-04-16,91.72000122070312,91.76000213623048,91.68000030517578,91.76000213623048,73.89897918701172,176000
2009-04-17,91.76000213623048,91.76000213623048,91.66000366210938,91.66000366210938,73.81851959228516,467950
2009-04-20,91.6999969482422,91.72000122070312,91.66000366210938,91.6999969482422,73.85069274902344,115500
2009-04-21,91.6999969482422,91.72000122070312,91.68000030517578,91.68000030517578,73.8346176147461,118850
2009-04-22,91.72000122070312,91.73999786376952,91.6999969482422,91.73999786376952,73.8829116821289,95150
2009-04-23,91.76000213623048,91.77999877929688,91.72000122070312,91.77999877929688,73.91513061523438,182200
2009-04-24,91.73999786376952,91.77999877929688,91.72000122070312,91.77999877929688,73.91513061523438,98800
2009-04-27,91.6999969482422,91.77999877929688,91.6999969482422,91.76000213623048,73.89897918701172,151000
2009-04-28,91.72000122070312,91.77999877929688,91.72000122070312,91.77999877929688,73.91513061523438,300600
2009-04-29,91.76000213623048,91.77999877929688,91.73999786376952,91.76000213623048,73.89897918701172,143450
2009-04-30,91.76000213623048,91.77999877929688,91.72000122070312,91.76000213623048,73.89897918701172,183900
2009-05-01,91.72000122070312,91.77999877929688,91.6999969482422,91.77999877929688,73.92317199707031,62300
2009-05-04,91.72000122070312,91.76000213623048,91.66000366210938,91.66000366210938,73.8265609741211,151350
2009-05-05,91.6999969482422,91.72000122070312,91.66000366210938,91.68000030517578,73.84264373779297,199150
2009-05-06,91.66000366210938,91.73999786376952,91.66000366210938,91.66000366210938,73.8265609741211,97050
2009-05-07,91.66000366210938,91.72000122070312,91.66000366210938,91.66000366210938,73.8265609741211,133800
2009-05-08,91.68000030517578,91.6999969482422,91.66000366210938,91.68000030517578,73.84264373779297,187700
2009-05-11,91.66000366210938,91.76000213623048,91.66000366210938,91.66000366210938,73.8265609741211,220050
2009-05-12,91.66000366210938,91.76000213623048,91.66000366210938,91.73999786376952,73.89096069335938,152400
2009-05-13,91.68000030517578,91.73999786376952,91.68000030517578,91.68000030517578,73.84264373779297,100350
2009-05-14,91.68000030517578,91.72000122070312,91.68000030517578,91.6999969482422,73.85872650146484,232850
2009-05-15,91.73999786376952,91.73999786376952,91.68000030517578,91.6999969482422,73.85872650146484,107200
2009-05-18,91.68000030517578,91.76000213623048,91.68000030517578,91.76000213623048,73.90704345703125,342350
2009-05-19,91.6999969482422,91.73999786376952,91.68000030517578,91.73999786376952,73.89096069335938,122100
2009-05-20,91.6999969482422,91.72000122070312,91.66000366210938,91.66000366210938,73.8265609741211,484850
2009-05-21,91.68000030517578,91.73999786376952,91.68000030517578,91.72000122070312,73.87488555908203,293850
2009-05-22,91.73999786376952,91.73999786376952,91.68000030517578,91.73999786376952,73.89096069335938,231500
2009-05-26,91.73999786376952,91.76000213623048,91.6999969482422,91.76000213623048,73.90704345703125,113700
2009-05-27,91.6999969482422,91.77999877929688,91.6999969482422,91.76000213623048,73.90704345703125,175100
2009-05-28,91.76000213623048,91.77999877929688,91.72000122070312,91.73999786376952,73.89096069335938,85350
2009-05-29,91.73999786376952,91.76000213623048,91.73999786376952,91.76000213623048,73.90704345703125,105750
2009-06-01,91.76000213623048,91.76000213623048,91.68000030517578,91.68000030517578,73.84912109375,348100
2009-06-02,91.6999969482422,91.73999786376952,91.68000030517578,91.68000030517578,73.84912109375,912000
2009-06-03,91.68000030517578,91.76000213623048,91.68000030517578,91.72000122070312,73.88127136230469,76500
2009-06-04,91.72000122070312,91.73999786376952,91.68000030517578,91.72000122070312,73.88127136230469,134000
2009-06-05,91.72000122070312,91.72000122070312,91.66000366210938,91.6999969482422,73.86519622802734,271900
2009-06-08,91.6999969482422,91.73999786376952,91.66000366210938,91.72000122070312,73.88127136230469,132200
2009-06-09,91.68000030517578,91.72000122070312,91.68000030517578,91.6999969482422,73.86519622802734,101650
2009-06-10,91.72000122070312,91.73999786376952,91.68000030517578,91.72000122070312,73.88127136230469,124200
2009-06-11,91.6999969482422,91.72000122070312,91.66000366210938,91.66000366210938,73.83303833007812,98050
2009-06-12,91.6999969482422,91.73999786376952,91.68000030517578,91.73999786376952,73.89743041992188,216350
2009-06-15,91.72000122070312,91.73999786376952,91.68000030517578,91.73999786376952,73.89743041992188,116850
2009-06-16,91.73999786376952,91.76000213623048,91.6999969482422,91.76000213623048,73.91350555419922,711450
2009-06-17,91.76000213623048,91.76000213623048,91.72000122070312,91.76000213623048,73.91350555419922,153400
2009-06-18,91.76000213623048,91.76000213623048,91.72000122070312,91.73999786376952,73.89743041992188,330100
2009-06-19,91.72000122070312,91.76000213623048,91.6999969482422,91.76000213623048,73.91350555419922,232600
2009-06-22,91.76000213623048,91.76000213623048,91.72000122070312,91.76000213623048,73.91350555419922,214900
2009-06-23,91.76000213623048,91.76000213623048,91.73999786376952,91.76000213623048,73.91350555419922,242400
2009-06-24,91.76000213623048,91.76000213623048,91.73999786376952,91.76000213623048,73.91350555419922,173300
2009-06-25,91.73999786376952,91.77999877929688,91.73999786376952,91.76000213623048,73.91350555419922,322950
2009-06-26,91.73999786376952,91.76000213623048,91.72000122070312,91.76000213623048,73.91350555419922,127350
2009-06-29,91.76000213623048,91.76000213623048,91.73999786376952,91.76000213623048,73.91350555419922,136600
2009-06-30,91.76000213623048,91.76000213623048,91.73999786376952,91.73999786376952,73.89743041992188,189550
2009-07-01,91.73999786376952,91.76000213623048,91.73999786376952,91.73999786376952,73.89900970458984,94400
2009-07-02,91.76000213623048,91.76000213623048,91.73999786376952,91.76000213623048,73.91513061523438,100100
2009-07-06,91.73999786376952,91.76000213623048,91.73999786376952,91.73999786376952,73.89900970458984,113200
2009-07-07,91.76000213623048,91.76000213623048,91.73999786376952,91.73999786376952,73.89900970458984,146100
2009-07-08,91.76000213623048,91.76000213623048,91.73999786376952,91.76000213623048,73.91513061523438,170500
2009-07-09,91.76000213623048,91.76000213623048,91.73999786376952,91.73999786376952,73.89900970458984,113000
2009-07-10,91.73999786376952,91.76000213623048,91.73999786376952,91.73999786376952,73.89900970458984,246100
2009-07-13,91.73999786376952,91.76000213623048,91.72000122070312,91.76000213623048,73.91513061523438,430750
2009-07-14,91.76000213623048,91.76000213623048,91.73999786376952,91.76000213623048,73.91513061523438,143300
2009-07-15,91.76000213623048,91.76000213623048,91.72000122070312,91.72000122070312,73.88289642333984,149050
2009-07-16,91.72000122070312,91.76000213623048,91.72000122070312,91.76000213623048,73.91513061523438,204950
2009-07-17,91.72000122070312,91.76000213623048,91.72000122070312,91.76000213623048,73.91513061523438,122750
2009-07-20,91.72000122070312,91.73999786376952,91.72000122070312,91.72000122070312,73.88289642333984,269600
2009-07-21,91.72000122070312,91.73999786376952,91.6999969482422,91.72000122070312,73.88289642333984,509850
2009-07-22,91.72000122070312,91.73999786376952,91.6999969482422,91.73999786376952,73.89900970458984,266750
2009-07-23,91.72000122070312,91.72000122070312,91.6999969482422,91.72000122070312,73.88289642333984,461600
2009-07-24,91.72000122070312,91.72000122070312,91.6999969482422,91.6999969482422,73.8667984008789,815800
2009-07-27,91.6999969482422,91.72000122070312,91.6999969482422,91.6999969482422,73.8667984008789,158600
2009-07-28,91.72000122070312,91.72000122070312,91.6999969482422,91.72000122070312,73.88289642333984,243500
2009-07-29,91.72000122070312,91.73999786376952,91.6999969482422,91.72000122070312,73.88289642333984,133950
2009-07-30,91.6999969482422,91.76000213623048,91.6999969482422,91.73999786376952,73.89900970458984,220100
2009-07-31,91.72000122070312,91.73999786376952,91.68000030517578,91.68000030517578,73.8507080078125,102950
2009-08-03,91.6999969482422,91.72000122070312,91.68000030517578,91.6999969482422,73.87004089355469,438050
2009-08-04,91.72000122070312,91.72000122070312,91.68000030517578,91.72000122070312,73.88610076904297,239900
2009-08-05,91.6999969482422,91.72000122070312,91.68000030517578,91.6999969482422,73.87004089355469,188900
2009-08-06,91.6999969482422,91.72000122070312,91.6999969482422,91.6999969482422,73.87004089355469,85550
2009-08-07,91.6999969482422,91.72000122070312,91.6999969482422,91.6999969482422,73.87004089355469,147250
2009-08-10,91.72000122070312,91.72000122070312,91.68000030517578,91.6999969482422,73.87004089355469,134500
2009-08-11,91.72000122070312,91.72000122070312,91.6999969482422,91.6999969482422,73.87004089355469,88950
2009-08-12,91.6999969482422,91.73999786376952,91.6999969482422,91.73999786376952,73.90225982666016,188500
2009-08-13,91.72000122070312,91.73999786376952,91.6999969482422,91.6999969482422,73.87004089355469,149000
2009-08-14,91.6999969482422,91.73999786376952,91.68000030517578,91.73999786376952,73.90225982666016,129500
2009-08-17,91.72000122070312,91.73999786376952,91.6999969482422,91.6999969482422,73.87004089355469,115200
2009-08-18,91.73999786376952,91.73999786376952,91.6999969482422,91.73999786376952,73.90225982666016,73450
2009-08-19,91.6999969482422,91.73999786376952,91.6999969482422,91.6999969482422,73.87004089355469,67050
2009-08-20,91.73999786376952,91.73999786376952,91.6999969482422,91.72000122070312,73.88610076904297,143100
2009-08-21,91.6999969482422,91.72000122070312,91.6999969482422,91.6999969482422,73.87004089355469,176100
2009-08-24,91.6999969482422,91.72000122070312,91.6999969482422,91.6999969482422,73.87004089355469,202300
2009-08-25,91.6999969482422,91.72000122070312,91.6999969482422,91.6999969482422,73.87004089355469,398550
2009-08-26,91.6999969482422,91.72000122070312,91.6999969482422,91.72000122070312,73.88610076904297,90100
2009-08-27,91.6999969482422,91.73999786376952,91.6999969482422,91.72000122070312,73.88610076904297,118750
2009-08-28,91.72000122070312,91.76000213623048,91.6999969482422,91.73999786376952,73.90225982666016,83550
2009-08-31,91.73999786376952,91.73999786376952,91.72000122070312,91.73999786376952,73.90225982666016,153700
2009-09-01,91.73999786376952,91.73999786376952,91.68000030517578,91.68000030517578,73.85716247558594,438500
2009-09-02,91.73999786376952,91.76000213623048,91.68000030517578,91.76000213623048,73.92156982421875,334750
2009-09-03,91.72000122070312,91.76000213623048,91.72000122070312,91.76000213623048,73.92156982421875,174700
2009-09-04,91.72000122070312,91.76000213623048,91.72000122070312,91.76000213623048,73.92156982421875,78850
2009-09-08,91.72000122070312,91.76000213623048,91.72000122070312,91.76000213623048,73.92156982421875,159000
2009-09-09,91.73999786376952,91.76000213623048,91.6999969482422,91.6999969482422,73.87325286865234,119100
2009-09-10,91.73999786376952,91.73999786376952,91.6999969482422,91.72000122070312,73.88932800292969,148450
2009-09-11,91.6999969482422,91.72000122070312,91.6999969482422,91.6999969482422,73.87325286865234,211600
2009-09-14,91.73999786376952,91.73999786376952,91.6999969482422,91.6999969482422,73.87325286865234,89550
2009-09-15,91.6999969482422,91.72000122070312,91.6999969482422,91.6999969482422,73.87325286865234,167500
2009-09-16,91.6999969482422,91.72000122070312,91.6999969482422,91.6999969482422,73.87325286865234,167900
2009-09-17,91.72000122070312,91.73999786376952,91.6999969482422,91.72000122070312,73.88932800292969,196700
2009-09-18,91.6999969482422,91.72000122070312,91.6999969482422,91.6999969482422,73.87325286865234,483250
2009-09-21,91.6999969482422,91.76000213623048,91.6999969482422,91.76000213623048,73.92156982421875,101900
2009-09-22,91.73999786376952,91.73999786376952,91.6999969482422,91.6999969482422,73.87325286865234,187200
2009-09-23,91.72000122070312,91.73999786376952,91.6999969482422,91.73999786376952,73.90548706054688,129750
2009-09-24,91.73999786376952,91.73999786376952,91.6999969482422,91.6999969482422,73.87325286865234,98950
2009-09-25,91.72000122070312,91.73999786376952,91.6999969482422,91.73999786376952,73.90548706054688,80550
2009-09-28,91.72000122070312,91.76000213623048,91.6999969482422,91.76000213623048,73.92156982421875,198050
2009-09-29,91.72000122070312,91.76000213623048,91.72000122070312,91.76000213623048,73.92156982421875,95550
2009-09-30,91.72000122070312,91.77999877929688,91.72000122070312,91.76000213623048,73.92156982421875,142500
2009-10-01,91.72000122070312,91.73999786376952,91.6999969482422,91.6999969482422,73.87642669677734,591400
2009-10-02,91.72000122070312,91.76000213623048,91.6999969482422,91.6999969482422,73.87642669677734,108800
2009-10-05,91.72000122070312,91.73999786376952,91.6999969482422,91.73999786376952,73.90870666503906,133750
2009-10-06,91.73999786376952,91.73999786376952,91.6999969482422,91.6999969482422,73.87642669677734,227700
2009-10-07,91.6999969482422,91.73999786376952,91.6999969482422,91.73999786376952,73.90870666503906,106550
2009-10-08,91.72000122070312,91.73999786376952,91.6999969482422,91.6999969482422,73.87642669677734,109950
2009-10-09,91.72000122070312,91.73999786376952,91.6999969482422,91.72000122070312,73.89256286621094,228900
2009-10-12,91.72000122070312,91.73999786376952,91.6999969482422,91.72000122070312,73.89256286621094,101850
2009-10-13,91.72000122070312,91.72000122070312,91.6999969482422,91.72000122070312,73.89256286621094,80250
2009-10-14,91.6999969482422,91.72000122070312,91.6999969482422,91.6999969482422,73.87642669677734,345450
2009-10-15,91.6999969482422,91.72000122070312,91.6999969482422,91.6999969482422,73.87642669677734,122150
2009-10-16,91.6999969482422,91.73999786376952,91.6999969482422,91.73999786376952,73.90870666503906,88950
2009-10-19,91.72000122070312,91.73999786376952,91.6999969482422,91.72000122070312,73.89256286621094,100550
2009-10-20,91.6999969482422,91.72000122070312,91.6999969482422,91.6999969482422,73.87642669677734,132850
2009-10-21,91.72000122070312,91.72000122070312,91.6999969482422,91.6999969482422,73.87642669677734,83700
2009-10-22,91.6999969482422,91.72000122070312,91.6999969482422,91.6999969482422,73.87642669677734,135300
2009-10-23,91.6999969482422,91.72000122070312,91.6999969482422,91.6999969482422,73.87642669677734,161750
2009-10-26,91.6999969482422,91.72000122070312,91.6999969482422,91.6999969482422,73.87642669677734,82950
2009-10-27,91.72000122070312,91.73999786376952,91.6999969482422,91.6999969482422,73.87642669677734,111350
2009-10-28,91.6999969482422,91.72000122070312,91.6999969482422,91.6999969482422,73.87642669677734,79600
2009-10-29,91.72000122070312,91.76000213623048,91.6999969482422,91.72000122070312,73.89256286621094,210250
2009-10-30,91.73999786376952,91.76000213623048,91.73999786376952,91.76000213623048,73.92476654052734,190950
2009-11-02,91.76000213623048,91.76000213623048,91.73999786376952,91.76000213623048,73.92640686035156,245400
2009-11-03,91.76000213623048,91.76000213623048,91.73999786376952,91.76000213623048,73.92640686035156,143450
2009-11-04,91.73999786376952,91.77999877929688,91.72000122070312,91.73999786376952,73.91031646728516,638050
2009-11-05,91.76000213623048,91.76000213623048,91.73999786376952,91.73999786376952,73.91031646728516,158650
2009-11-06,91.73999786376952,91.76000213623048,91.73999786376952,91.76000213623048,73.92640686035156,78850
2009-11-09,91.73999786376952,91.76000213623048,91.73999786376952,91.76000213623048,73.92640686035156,161150
2009-11-10,91.76000213623048,91.76000213623048,91.6999969482422,91.6999969482422,73.87808990478516,162900
2009-11-11,91.72000122070312,91.72000122070312,91.6999969482422,91.6999969482422,73.87808990478516,196250
2009-11-12,91.73999786376952,91.73999786376952,91.6999969482422,91.6999969482422,73.87808990478516,95300
2009-11-13,91.6999969482422,91.73999786376952,91.6999969482422,91.6999969482422,73.87808990478516,177350
2009-11-16,91.73999786376952,91.73999786376952,91.6999969482422,91.6999969482422,73.87808990478516,199650
2009-11-17,91.72000122070312,91.72000122070312,91.6999969482422,91.6999969482422,73.87808990478516,102100
2009-11-18,91.72000122070312,91.73999786376952,91.6999969482422,91.6999969482422,73.87808990478516,110500
2009-11-19,91.72000122070312,91.72000122070312,91.6999969482422,91.6999969482422,73.87808990478516,87400
2009-11-20,91.6999969482422,91.72000122070312,91.68000030517578,91.6999969482422,73.87808990478516,205250
2009-11-23,91.6999969482422,91.72000122070312,91.6999969482422,91.6999969482422,73.87808990478516,63200
2009-11-24,91.6999969482422,91.72000122070312,91.6999969482422,91.6999969482422,73.87808990478516,197200
2009-11-25,91.6999969482422,91.72000122070312,91.6999969482422,91.6999969482422,73.87808990478516,59350
2009-11-27,91.72000122070312,91.72000122070312,91.6999969482422,91.72000122070312,73.89420318603516,14150
2009-11-30,91.6999969482422,91.76000213623048,91.6999969482422,91.72000122070312,73.89420318603516,271800
2009-12-01,91.73999786376952,91.73999786376952,91.6999969482422,91.72000122070312,73.89420318603516,124650
2009-12-02,91.73999786376952,91.73999786376952,91.6999969482422,91.6999969482422,73.87808990478516,100950
2009-12-03,91.6999969482422,91.73999786376952,91.6999969482422,91.6999969482422,73.87808990478516,80400
2009-12-04,91.6999969482422,91.73999786376952,91.6999969482422,91.73999786376952,73.91031646728516,75150
2009-12-07,91.6999969482422,91.73999786376952,91.6999969482422,91.6999969482422,73.87808990478516,98500
2009-12-08,91.72000122070312,91.72000122070312,91.6999969482422,91.6999969482422,73.87808990478516,162700
2009-12-09,91.6999969482422,91.73999786376952,91.6999969482422,91.73999786376952,73.91031646728516,181550
2009-12-10,91.73999786376952,91.73999786376952,91.6999969482422,91.6999969482422,73.87808990478516,55600
2009-12-11,91.73999786376952,91.73999786376952,91.6999969482422,91.6999969482422,73.87808990478516,131850
2009-12-14,91.6999969482422,91.72000122070312,91.68000030517578,91.68000030517578,73.8619384765625,263450
2009-12-15,91.6999969482422,91.6999969482422,91.68000030517578,91.68000030517578,73.8619384765625,145100
2009-12-16,91.6999969482422,91.73999786376952,91.6999969482422,91.6999969482422,73.87808990478516,73000
2009-12-17,91.72000122070312,91.73999786376952,91.6999969482422,91.6999969482422,73.87808990478516,197700
2009-12-18,91.6999969482422,91.72000122070312,91.6999969482422,91.6999969482422,73.87808990478516,92400
2009-12-21,91.72000122070312,91.72000122070312,91.6999969482422,91.6999969482422,73.87808990478516,95500
2009-12-22,91.72000122070312,91.73999786376952,91.6999969482422,91.6999969482422,73.87808990478516,90650
2009-12-23,91.6999969482422,91.72000122070312,91.6999969482422,91.6999969482422,73.87808990478516,179750
2009-12-24,91.6999969482422,91.72000122070312,91.6999969482422,91.72000122070312,73.89420318603516,69100
2009-12-28,91.72000122070312,91.73999786376952,91.6999969482422,91.6999969482422,73.87808990478516,102850
2009-12-29,91.6999969482422,91.73999786376952,91.6999969482422,91.6999969482422,73.88446807861328,65050
2009-12-30,91.72000122070312,91.73999786376952,91.6999969482422,91.72000122070312,73.900634765625,99200
2009-12-31,91.72000122070312,91.73999786376952,91.6999969482422,91.73999786376952,73.9167709350586,73700
2010-01-04,91.6999969482422,91.72000122070312,91.68000030517578,91.6999969482422,73.88446807861328,192800
2010-01-05,91.6999969482422,91.72000122070312,91.68000030517578,91.68000030517578,73.8684310913086,105600
2010-01-06,91.68000030517578,91.6999969482422,91.68000030517578,91.68000030517578,73.8684310913086,450300
2010-01-07,91.68000030517578,91.6999969482422,91.68000030517578,91.68000030517578,73.8684310913086,264350
2010-01-08,91.6999969482422,91.6999969482422,91.68000030517578,91.68000030517578,73.8684310913086,116700
2010-01-11,91.68000030517578,91.6999969482422,91.68000030517578,91.68000030517578,73.8684310913086,131100
2010-01-12,91.6999969482422,91.6999969482422,91.68000030517578,91.68000030517578,73.8684310913086,142400
2010-01-13,91.6999969482422,91.72000122070312,91.68000030517578,91.72000122070312,73.900634765625,133300
2010-01-14,91.6999969482422,91.72000122070312,91.6999969482422,91.6999969482422,73.88446807861328,53300
2010-01-15,91.6999969482422,91.72000122070312,91.6999969482422,91.6999969482422,73.88446807861328,83700
2010-01-19,91.72000122070312,91.72000122070312,91.6999969482422,91.6999969482422,73.88446807861328,61250
2010-01-20,91.72000122070312,91.72000122070312,91.6999969482422,91.6999969482422,73.88446807861328,76500
2010-01-21,91.6999969482422,91.72000122070312,91.6999969482422,91.6999969482422,73.88446807861328,188900
2010-01-22,91.72000122070312,91.72000122070312,91.6999969482422,91.6999969482422,73.88446807861328,103850
2010-01-25,91.72000122070312,91.72000122070312,91.66000366210938,91.72000122070312,73.900634765625,132000
2010-01-26,91.72000122070312,91.72000122070312,91.68000030517578,91.72000122070312,73.900634765625,136000
2010-01-27,91.68000030517578,91.73999786376952,91.68000030517578,91.73999786376952,73.9167709350586,406850
2010-01-28,91.6999969482422,91.73999786376952,91.6999969482422,91.72000122070312,73.900634765625,117500
2010-01-29,91.72000122070312,91.73999786376952,91.6999969482422,91.73999786376952,73.9167709350586,190750
2010-02-01,91.6999969482422,91.73999786376952,91.6999969482422,91.72000122070312,73.900634765625,364350
2010-02-02,91.72000122070312,91.73999786376952,91.6999969482422,91.6999969482422,73.88446807861328,170950
2010-02-03,91.73999786376952,91.76000213623048,91.72000122070312,91.73999786376952,73.9167709350586,739400
2010-02-04,91.72000122070312,91.73999786376952,91.72000122070312,91.73999786376952,73.9167709350586,155750
2010-02-05,91.6999969482422,91.73999786376952,91.6999969482422,91.73999786376952,73.9167709350586,685400
2010-02-08,91.72000122070312,91.73999786376952,91.72000122070312,91.73999786376952,73.9167709350586,215150
2010-02-09,91.73999786376952,91.73999786376952,91.72000122070312,91.73999786376952,73.9167709350586,314850
2010-02-10,91.72000122070312,91.73999786376952,91.6999969482422,91.73999786376952,73.9167709350586,233950
2010-02-11,91.73999786376952,91.73999786376952,91.72000122070312,91.73999786376952,73.9167709350586,109900
2010-02-12,91.73999786376952,91.73999786376952,91.72000122070312,91.73999786376952,73.9167709350586,144400
2010-02-16,91.73999786376952,91.73999786376952,91.72000122070312,91.73999786376952,73.9167709350586,155950
2010-02-17,91.73999786376952,91.73999786376952,91.68000030517578,91.68000030517578,73.8684310913086,338900
2010-02-18,91.6999969482422,91.72000122070312,91.6999969482422,91.72000122070312,73.900634765625,103800
2010-02-19,91.72000122070312,91.72000122070312,91.68000030517578,91.68000030517578,73.8684310913086,287550
2010-02-22,91.72000122070312,91.72000122070312,91.6999969482422,91.72000122070312,73.900634765625,170250
2010-02-23,91.72000122070312,91.72000122070312,91.68000030517578,91.68000030517578,73.8684310913086,86850
2010-02-24,91.6999969482422,91.72000122070312,91.68000030517578,91.72000122070312,73.900634765625,144950
2010-02-25,91.6999969482422,91.72000122070312,91.6999969482422,91.72000122070312,73.900634765625,67250
2010-02-26,91.6999969482422,91.72000122070312,91.68000030517578,91.72000122070312,73.900634765625,104250
2010-03-01,91.72000122070312,91.72000122070312,91.68000030517578,91.68000030517578,73.8684310913086,265300
2010-03-02,91.72000122070312,91.72000122070312,91.68000030517578,91.6999969482422,73.88446807861328,82950
2010-03-03,91.72000122070312,91.72000122070312,91.68000030517578,91.68000030517578,73.8684310913086,278900
2010-03-04,91.6999969482422,91.6999969482422,91.68000030517578,91.68000030517578,73.8684310913086,137250
2010-03-05,91.68000030517578,91.6999969482422,91.68000030517578,91.68000030517578,73.8684310913086,285700
2010-03-08,91.6999969482422,91.6999969482422,91.68000030517578,91.68000030517578,73.8684310913086,200650
2010-03-09,91.68000030517578,91.6999969482422,91.66000366210938,91.68000030517578,73.8684310913086,824200
2010-03-10,91.68000030517578,91.6999969482422,91.68000030517578,91.6999969482422,73.88446807861328,127200
2010-03-11,91.6999969482422,91.6999969482422,91.68000030517578,91.68000030517578,73.8684310913086,151050
2010-03-12,91.6999969482422,91.6999969482422,91.68000030517578,91.68000030517578,73.8684310913086,106100
2010-03-15,91.68000030517578,91.6999969482422,91.68000030517578,91.68000030517578,73.8684310913086,143500
2010-03-16,91.68000030517578,91.6999969482422,91.68000030517578,91.68000030517578,73.8684310913086,98650
2010-03-17,91.6999969482422,91.6999969482422,91.68000030517578,91.68000030517578,73.8684310913086,228250
2010-03-18,91.68000030517578,91.6999969482422,91.68000030517578,91.68000030517578,73.8684310913086,83400
2010-03-19,91.68000030517578,91.6999969482422,91.68000030517578,91.68000030517578,73.8684310913086,107100
2010-03-22,91.68000030517578,91.6999969482422,91.68000030517578,91.6999969482422,73.88446807861328,204750
2010-03-23,91.68000030517578,91.6999969482422,91.68000030517578,91.6999969482422,73.88446807861328,148450
2010-03-24,91.68000030517578,91.6999969482422,91.68000030517578,91.68000030517578,73.8684310913086,161800
2010-03-25,91.6999969482422,91.72000122070312,91.68000030517578,91.72000122070312,73.900634765625,283300
2010-03-26,91.6999969482422,91.72000122070312,91.6999969482422,91.72000122070312,73.900634765625,127150
2010-03-29,91.6999969482422,91.72000122070312,91.68000030517578,91.68000030517578,73.8684310913086,173250
2010-03-30,91.6999969482422,91.72000122070312,91.68000030517578,91.68000030517578,73.8684310913086,231300
2010-03-31,91.72000122070312,91.72000122070312,91.68000030517578,91.72000122070312,73.900634765625,248100
2010-04-01,91.68000030517578,91.72000122070312,91.68000030517578,91.72000122070312,73.900634765625,520800
2010-04-05,91.6999969482422,91.72000122070312,91.68000030517578,91.68000030517578,73.8684310913086,464050
2010-04-06,91.6999969482422,91.6999969482422,91.68000030517578,91.68000030517578,73.8684310913086,276000
2010-04-07,91.72000122070312,91.72000122070312,91.68000030517578,91.68000030517578,73.8684310913086,725100
2010-04-08,91.68000030517578,91.6999969482422,91.68000030517578,91.68000030517578,73.8684310913086,130250
2010-04-09,91.6999969482422,91.6999969482422,91.68000030517578,91.68000030517578,73.8684310913086,195150
2010-04-12,91.68000030517578,91.6999969482422,91.68000030517578,91.68000030517578,73.8684310913086,102300
2010-04-13,91.6999969482422,91.6999969482422,91.68000030517578,91.68000030517578,73.8684310913086,96350
2010-04-14,91.68000030517578,91.6999969482422,91.68000030517578,91.68000030517578,73.8684310913086,158500
2010-04-15,91.68000030517578,91.6999969482422,91.68000030517578,91.68000030517578,73.8684310913086,116750
2010-04-16,91.68000030517578,91.6999969482422,91.68000030517578,91.68000030517578,73.8684310913086,263250
2010-04-19,91.68000030517578,91.6999969482422,91.68000030517578,91.6999969482422,73.88446807861328,100600
2010-04-20,91.68000030517578,91.6999969482422,91.68000030517578,91.68000030517578,73.8684310913086,69150
2010-04-21,91.68000030517578,91.6999969482422,91.68000030517578,91.68000030517578,73.8684310913086,120100
2010-04-22,91.68000030517578,91.6999969482422,91.68000030517578,91.68000030517578,73.8684310913086,28350
2010-04-23,91.6999969482422,91.6999969482422,91.68000030517578,91.68000030517578,73.8684310913086,103000
2010-04-26,91.68000030517578,91.6999969482422,91.68000030517578,91.6999969482422,73.88446807861328,222300
2010-04-27,91.68000030517578,91.6999969482422,91.68000030517578,91.68000030517578,73.8684310913086,579550
2010-04-28,91.68000030517578,91.6999969482422,91.68000030517578,91.6999969482422,73.88446807861328,214950
2010-04-29,91.68000030517578,91.6999969482422,91.68000030517578,91.6999969482422,73.88446807861328,76550
2010-04-30,91.68000030517578,91.6999969482422,91.68000030517578,91.68000030517578,73.8684310913086,191450
2010-05-03,91.6999969482422,91.6999969482422,91.68000030517578,91.6999969482422,73.88446807861328,228150
2010-05-04,91.68000030517578,91.6999969482422,91.68000030517578,91.68000030517578,73.8684310913086,97750
2010-05-05,91.6999969482422,91.6999969482422,91.68000030517578,91.6999969482422,73.88446807861328,287000
2010-05-06,91.68000030517578,91.72000122070312,91.68000030517578,91.72000122070312,73.900634765625,212450
2010-05-07,91.6999969482422,91.72000122070312,91.68000030517578,91.72000122070312,73.900634765625,353300
2010-05-10,91.6999969482422,91.72000122070312,91.6999969482422,91.72000122070312,73.900634765625,219550
2010-05-11,91.6999969482422,91.72000122070312,91.6999969482422,91.72000122070312,73.900634765625,176250
2010-05-12,91.72000122070312,91.72000122070312,91.6999969482422,91.72000122070312,73.900634765625,209450
2010-05-13,91.72000122070312,91.72000122070312,91.6999969482422,91.6999969482422,73.88446807861328,1255850
2010-05-14,91.72000122070312,91.72000122070312,91.6999969482422,91.72000122070312,73.900634765625,189050
2010-05-17,91.72000122070312,91.72000122070312,91.6999969482422,91.72000122070312,73.900634765625,140300
2010-05-18,91.72000122070312,91.72000122070312,91.6999969482422,91.6999969482422,73.88446807861328,187700
2010-05-19,91.6999969482422,91.72000122070312,91.6999969482422,91.72000122070312,73.900634765625,354800
2010-05-20,91.72000122070312,91.72000122070312,91.6999969482422,91.72000122070312,73.900634765625,442650
2010-05-21,91.72000122070312,91.72000122070312,91.6999969482422,91.72000122070312,73.900634765625,463150
2010-05-24,91.72000122070312,91.72000122070312,91.6999969482422,91.72000122070312,73.900634765625,168600
2010-05-25,91.6999969482422,91.72000122070312,91.6999969482422,91.72000122070312,73.900634765625,343900
2010-05-26,91.72000122070312,91.73999786376952,91.6999969482422,91.73999786376952,73.9167709350586,662100
2010-05-27,91.72000122070312,91.72000122070312,91.6999969482422,91.6999969482422,73.88446807861328,518600
2010-05-28,91.72000122070312,91.72000122070312,91.6999969482422,91.72000122070312,73.900634765625,280750
2010-06-01,91.6999969482422,91.72000122070312,91.6999969482422,91.72000122070312,73.900634765625,550750
2010-06-02,91.6999969482422,91.73999786376952,91.6999969482422,91.73999786376952,73.9167709350586,959800
2010-06-03,91.6999969482422,91.73999786376952,91.6999969482422,91.6999969482422,73.88446807861328,219900
2010-06-04,91.6999969482422,91.73999786376952,91.6999969482422,91.73999786376952,73.9167709350586,495850
2010-06-07,91.72000122070312,91.73999786376952,91.6999969482422,91.72000122070312,73.900634765625,158800
2010-06-08,91.72000122070312,91.73999786376952,91.6999969482422,91.73999786376952,73.9167709350586,306150
2010-06-09,91.73999786376952,91.73999786376952,91.72000122070312,91.73999786376952,73.9167709350586,163950
2010-06-10,91.72000122070312,91.73999786376952,91.72000122070312,91.73999786376952,73.9167709350586,100750
2010-06-11,91.72000122070312,91.73999786376952,91.6999969482422,91.73999786376952,73.9167709350586,144750
2010-06-14,91.73999786376952,91.73999786376952,91.6999969482422,91.6999969482422,73.88446807861328,236650
2010-06-15,91.72000122070312,91.73999786376952,91.6999969482422,91.6999969482422,73.88446807861328,382100
2010-06-16,91.72000122070312,91.73999786376952,91.6999969482422,91.6999969482422,73.88446807861328,863700
2010-06-17,91.72000122070312,91.72000122070312,91.6999969482422,91.6999969482422,73.88446807861328,317700
2010-06-18,91.6999969482422,91.72000122070312,91.6999969482422,91.72000122070312,73.900634765625,227550
2010-06-21,91.6999969482422,91.72000122070312,91.6999969482422,91.6999969482422,73.88446807861328,787600
2010-06-22,91.6999969482422,91.72000122070312,91.6999969482422,91.72000122070312,73.900634765625,140500
2010-06-23,91.6999969482422,91.72000122070312,91.6999969482422,91.72000122070312,73.900634765625,63800
2010-06-24,91.6999969482422,91.72000122070312,91.6999969482422,91.72000122070312,73.900634765625,291000
2010-06-25,91.72000122070312,91.72000122070312,91.6999969482422,91.72000122070312,73.900634765625,93800
2010-06-28,91.6999969482422,91.72000122070312,91.6999969482422,91.72000122070312,73.900634765625,198800
2010-06-29,91.72000122070312,91.72000122070312,91.6999969482422,91.72000122070312,73.900634765625,579550
2010-06-30,91.6999969482422,91.73999786376952,91.6999969482422,91.73999786376952,73.9167709350586,1013900
2010-07-01,91.72000122070312,91.72000122070312,91.6999969482422,91.72000122070312,73.900634765625,572500
2010-07-02,91.6999969482422,91.72000122070312,91.6999969482422,91.72000122070312,73.900634765625,139150
2010-07-06,91.72000122070312,91.72000122070312,91.6999969482422,91.6999969482422,73.88446807861328,715900
2010-07-07,91.72000122070312,91.72000122070312,91.6999969482422,91.6999969482422,73.88446807861328,873500
2010-07-08,91.6999969482422,91.72000122070312,91.6999969482422,91.72000122070312,73.900634765625,1255100
2010-07-09,91.6999969482422,91.72000122070312,91.6999969482422,91.6999969482422,73.88446807861328,223000
2010-07-12,91.72000122070312,91.72000122070312,91.6999969482422,91.72000122070312,73.900634765625,979900
2010-07-13,91.72000122070312,91.72000122070312,91.6999969482422,91.72000122070312,73.900634765625,164050
2010-07-14,91.6999969482422,91.72000122070312,91.6999969482422,91.72000122070312,73.900634765625,159200
2010-07-15,91.6999969482422,91.72000122070312,91.6999969482422,91.72000122070312,73.900634765625,122100
2010-07-16,91.6999969482422,91.72000122070312,91.6999969482422,91.72000122070312,73.900634765625,87750
2010-07-19,91.72000122070312,91.72000122070312,91.6999969482422,91.6999969482422,73.88446807861328,803350
2010-07-20,91.72000122070312,91.72000122070312,91.6999969482422,91.6999969482422,73.88446807861328,121350
2010-07-21,91.6999969482422,91.72000122070312,91.6999969482422,91.6999969482422,73.88446807861328,124400
2010-07-22,91.6999969482422,91.72000122070312,91.6999969482422,91.6999969482422,73.88446807861328,319650
2010-07-23,91.72000122070312,91.72000122070312,91.6999969482422,91.72000122070312,73.900634765625,73600
2010-07-26,91.72000122070312,91.72000122070312,91.68000030517578,91.68000030517578,73.8684310913086,881800
2010-07-27,91.6999969482422,91.6999969482422,91.68000030517578,91.68000030517578,73.8684310913086,874800
2010-07-28,91.68000030517578,91.6999969482422,91.68000030517578,91.6999969482422,73.88446807861328,118150
2010-07-29,91.68000030517578,91.6999969482422,91.68000030517578,91.68000030517578,73.8684310913086,110750
2010-07-30,91.6999969482422,91.6999969482422,91.68000030517578,91.6999969482422,73.88446807861328,67950
2010-08-02,91.68000030517578,91.6999969482422,91.68000030517578,91.68000030517578,73.8684310913086,794600
2010-08-03,91.68000030517578,91.6999969482422,91.68000030517578,91.68000030517578,73.8684310913086,1342100
2010-08-04,91.68000030517578,91.6999969482422,91.68000030517578,91.68000030517578,73.8684310913086,977200
2010-08-05,91.68000030517578,91.72000122070312,91.68000030517578,91.68000030517578,73.8684310913086,500600
2010-08-06,91.68000030517578,91.6999969482422,91.68000030517578,91.68000030517578,73.8684310913086,131100
2010-08-09,91.6999969482422,91.72000122070312,91.68000030517578,91.68000030517578,73.8684310913086,94550
2010-08-10,91.6999969482422,91.6999969482422,91.68000030517578,91.6999969482422,73.88446807861328,125500
2010-08-11,91.68000030517578,91.72000122070312,91.68000030517578,91.72000122070312,73.900634765625,830500
2010-08-12,91.6999969482422,91.72000122070312,91.6999969482422,91.72000122070312,73.900634765625,955750
2010-08-13,91.6999969482422,91.72000122070312,91.6999969482422,91.72000122070312,73.900634765625,580550
2010-08-16,91.72000122070312,91.72000122070312,91.6999969482422,91.6999969482422,73.88446807861328,59850
2010-08-17,91.72000122070312,91.72000122070312,91.6999969482422,91.72000122070312,73.900634765625,193950
2010-08-18,91.6999969482422,91.72000122070312,91.6999969482422,91.6999969482422,73.88446807861328,102150
2010-08-19,91.72000122070312,91.72000122070312,91.6999969482422,91.6999969482422,73.88446807861328,280000
2010-08-20,91.72000122070312,91.72000122070312,91.6999969482422,91.72000122070312,73.900634765625,84800
2010-08-23,91.6999969482422,91.72000122070312,91.6999969482422,91.6999969482422,73.88446807861328,118600
2010-08-24,91.6999969482422,91.72000122070312,91.6999969482422,91.6999969482422,73.88446807861328,392500
2010-08-25,91.72000122070312,91.72000122070312,91.6999969482422,91.72000122070312,73.900634765625,615100
2010-08-26,91.72000122070312,91.72000122070312,91.6999969482422,91.6999969482422,73.88446807861328,130050
2010-08-27,91.6999969482422,91.72000122070312,91.6999969482422,91.6999969482422,73.88446807861328,134500
2010-08-30,91.6999969482422,91.72000122070312,91.6999969482422,91.72000122070312,73.900634765625,119250
2010-08-31,91.72000122070312,91.72000122070312,91.6999969482422,91.6999969482422,73.88446807861328,290200
2010-09-01,91.6999969482422,91.72000122070312,91.6999969482422,91.6999969482422,73.88446807861328,599600
2010-09-02,91.6999969482422,91.72000122070312,91.6999969482422,91.72000122070312,73.900634765625,132450
2010-09-03,91.6999969482422,91.72000122070312,91.6999969482422,91.72000122070312,73.900634765625,652850
2010-09-07,91.6999969482422,91.72000122070312,91.6999969482422,91.6999969482422,73.88446807861328,105500
2010-09-08,91.6999969482422,91.72000122070312,91.6999969482422,91.6999969482422,73.88446807861328,697700
2010-09-09,91.6999969482422,91.72000122070312,91.6999969482422,91.6999969482422,73.88446807861328,100300
2010-09-10,91.72000122070312,91.72000122070312,91.6999969482422,91.6999969482422,73.88446807861328,329900
2010-09-13,91.6999969482422,91.72000122070312,91.6999969482422,91.6999969482422,73.88446807861328,364500
2010-09-14,91.6999969482422,91.72000122070312,91.6999969482422,91.72000122070312,73.900634765625,46600
2010-09-15,91.6999969482422,91.72000122070312,91.6999969482422,91.72000122070312,73.900634765625,120300
2010-09-16,91.6999969482422,91.72000122070312,91.6999969482422,91.72000122070312,73.900634765625,213550
2010-09-17,91.6999969482422,91.72000122070312,91.6999969482422,91.6999969482422,73.88446807861328,168750
2010-09-20,91.6999969482422,91.72000122070312,91.6999969482422,91.6999969482422,73.88446807861328,371900
2010-09-21,91.72000122070312,91.72000122070312,91.6999969482422,91.6999969482422,73.88446807861328,742150
2010-09-22,91.72000122070312,91.72000122070312,91.6999969482422,91.6999969482422,73.88446807861328,521300
2010-09-23,91.6999969482422,91.72000122070312,91.6999969482422,91.6999969482422,73.88446807861328,209900
2010-09-24,91.72000122070312,91.72000122070312,91.6999969482422,91.72000122070312,73.900634765625,100300
2010-09-27,91.6999969482422,91.72000122070312,91.6999969482422,91.72000122070312,73.900634765625,283250
2010-09-28,91.6999969482422,91.72000122070312,91.6999969482422,91.6999969482422,73.88446807861328,113200
2010-09-29,91.6999969482422,91.72000122070312,91.6999969482422,91.6999969482422,73.88446807861328,161500
2010-09-30,91.6999969482422,91.72000122070312,91.6999969482422,91.6999969482422,73.88446807861328,214200
2010-10-01,91.6999969482422,91.72000122070312,91.6999969482422,91.6999969482422,73.88446807861328,328150
2010-10-04,91.6999969482422,91.72000122070312,91.6999969482422,91.72000122070312,73.900634765625,198550
2010-10-05,91.6999969482422,91.72000122070312,91.6999969482422,91.6999969482422,73.88446807861328,420300
2010-10-06,91.6999969482422,91.72000122070312,91.6999969482422,91.6999969482422,73.88446807861328,744600
2010-10-07,91.6999969482422,91.72000122070312,91.6999969482422,91.6999969482422,73.88446807861328,524750
2010-10-08,91.6999969482422,91.72000122070312,91.6999969482422,91.6999969482422,73.88446807861328,115850
2010-10-11,91.6999969482422,91.72000122070312,91.6999969482422,91.6999969482422,73.88446807861328,64500
2010-10-12,91.6999969482422,91.72000122070312,91.6999969482422,91.6999969482422,73.88446807861328,425750
2010-10-13,91.6999969482422,91.72000122070312,91.6999969482422,91.6999969482422,73.88446807861328,397050
2010-10-14,91.6999969482422,91.72000122070312,91.6999969482422,91.72000122070312,73.900634765625,170300
2010-10-15,91.6999969482422,91.72000122070312,91.6999969482422,91.6999969482422,73.88446807861328,89350
2010-10-18,91.6999969482422,91.72000122070312,91.6999969482422,91.72000122070312,73.900634765625,187850
2010-10-19,91.72000122070312,91.72000122070312,91.6999969482422,91.6999969482422,73.88446807861328,66200
2010-10-20,91.72000122070312,91.72000122070312,91.6999969482422,91.6999969482422,73.88446807861328,633450
2010-10-21,91.6999969482422,91.72000122070312,91.6999969482422,91.6999969482422,73.88446807861328,625600
2010-10-22,91.72000122070312,91.72000122070312,91.6999969482422,91.72000122070312,73.900634765625,114950
2010-10-25,91.6999969482422,91.72000122070312,91.6999969482422,91.6999969482422,73.88446807861328,135600
2010-10-26,91.6999969482422,91.72000122070312,91.6999969482422,91.72000122070312,73.900634765625,89500
2010-10-27,91.6999969482422,91.72000122070312,91.6999969482422,91.72000122070312,73.900634765625,115000
2010-10-28,91.72000122070312,91.72000122070312,91.6999969482422,91.6999969482422,73.88446807861328,86600
2010-10-29,91.6999969482422,91.72000122070312,91.6999969482422,91.72000122070312,73.900634765625,57850
2010-11-01,91.72000122070312,91.72000122070312,91.6999969482422,91.72000122070312,73.900634765625,242100
2010-11-02,91.6999969482422,91.72000122070312,91.68000030517578,91.68000030517578,73.8684310913086,226500
2010-11-03,91.6999969482422,91.72000122070312,91.6999969482422,91.6999969482422,73.88446807861328,229500
2010-11-04,91.6999969482422,91.72000122070312,91.6999969482422,91.6999969482422,73.88446807861328,934100
2010-11-05,91.6999969482422,91.72000122070312,91.6999969482422,91.6999969482422,73.88446807861328,327150
2010-11-08,91.6999969482422,91.72000122070312,91.6999969482422,91.6999969482422,73.88446807861328,198350
2010-11-09,91.6999969482422,91.72000122070312,91.6999969482422,91.6999969482422,73.88446807861328,223200
2010-11-10,91.6999969482422,91.72000122070312,91.6999969482422,91.6999969482422,73.88446807861328,243650
2010-11-11,91.6999969482422,91.72000122070312,91.68000030517578,91.68000030517578,73.8684310913086,49600
2010-11-12,91.6999969482422,91.72000122070312,91.6999969482422,91.72000122070312,73.900634765625,1457000
2010-11-15,91.72000122070312,91.72000122070312,91.6999969482422,91.72000122070312,73.900634765625,201100
2010-11-16,91.6999969482422,91.72000122070312,91.6999969482422,91.72000122070312,73.900634765625,103450
2010-11-17,91.6999969482422,91.72000122070312,91.6999969482422,91.72000122070312,73.900634765625,55300
2010-11-18,91.6999969482422,91.72000122070312,91.6999969482422,91.6999969482422,73.88446807861328,96500
2010-11-19,91.6999969482422,91.72000122070312,91.6999969482422,91.6999969482422,73.88446807861328,154650
2010-11-22,91.6999969482422,91.72000122070312,91.6999969482422,91.6999969482422,73.88446807861328,226650
2010-11-23,91.72000122070312,91.72000122070312,91.6999969482422,91.6999969482422,73.88446807861328,68000
2010-11-24,91.6999969482422,91.72000122070312,91.6999969482422,91.72000122070312,73.900634765625,86600
2010-11-26,91.6999969482422,91.72000122070312,91.6999969482422,91.72000122070312,73.900634765625,223750
2010-11-29,91.6999969482422,91.72000122070312,91.6999969482422,91.72000122070312,73.900634765625,250500
2010-11-30,91.6999969482422,91.72000122070312,91.6999969482422,91.72000122070312,73.900634765625,81300
2010-12-01,91.72000122070312,91.72000122070312,91.6999969482422,91.6999969482422,73.88446807861328,75350
2010-12-02,91.6999969482422,91.72000122070312,91.6999969482422,91.6999969482422,73.88446807861328,188400
2010-12-03,91.6999969482422,91.72000122070312,91.6999969482422,91.72000122070312,73.900634765625,320300
2010-12-06,91.6999969482422,91.72000122070312,91.6999969482422,91.6999969482422,73.88446807861328,141300
2010-12-07,91.6999969482422,91.72000122070312,91.6999969482422,91.6999969482422,73.88446807861328,176500
2010-12-08,91.6999969482422,91.72000122070312,91.6999969482422,91.6999969482422,73.88446807861328,82450
2010-12-09,91.6999969482422,91.72000122070312,91.6999969482422,91.72000122070312,73.900634765625,185250
2010-12-10,91.6999969482422,91.72000122070312,91.6999969482422,91.72000122070312,73.900634765625,164450
2010-12-13,91.6999969482422,91.72000122070312,91.6999969482422,91.72000122070312,73.900634765625,130800
2010-12-14,91.6999969482422,91.72000122070312,91.6999969482422,91.72000122070312,73.900634765625,388500
2010-12-15,91.6999969482422,91.72000122070312,91.6999969482422,91.6999969482422,73.88446807861328,204550
2010-12-16,91.6999969482422,91.72000122070312,91.6999969482422,91.6999969482422,73.88446807861328,564600
2010-12-17,91.6999969482422,91.72000122070312,91.6999969482422,91.72000122070312,73.900634765625,241750
2010-12-20,91.6999969482422,91.72000122070312,91.6999969482422,91.72000122070312,73.900634765625,120600
2010-12-21,91.72000122070312,91.72000122070312,91.6999969482422,91.72000122070312,73.900634765625,103350
2010-12-22,91.72000122070312,91.72000122070312,91.6999969482422,91.6999969482422,73.88446807861328,97250
2010-12-23,91.6999969482422,91.72000122070312,91.6999969482422,91.6999969482422,73.88446807861328,88000
2010-12-27,91.6999969482422,91.72000122070312,91.6999969482422,91.6999969482422,73.88446807861328,151100
2010-12-28,91.6999969482422,91.72000122070312,91.6999969482422,91.72000122070312,73.900634765625,115200
2010-12-29,91.72000122070312,91.72000122070312,91.6999969482422,91.6999969482422,73.88446807861328,72150
2010-12-30,91.6999969482422,91.72000122070312,91.6999969482422,91.72000122070312,73.900634765625,217650
2010-12-31,91.6999969482422,91.72000122070312,91.6999969482422,91.6999969482422,73.88446807861328,119650
2011-01-03,91.6999969482422,91.72000122070312,91.6999969482422,91.72000122070312,73.900634765625,126850
2011-01-04,91.72000122070312,91.72000122070312,91.6999969482422,91.72000122070312,73.900634765625,156750
2011-01-05,91.6999969482422,91.72000122070312,91.6999969482422,91.72000122070312,73.900634765625,184350
2011-01-06,91.72000122070312,91.72000122070312,91.6999969482422,91.72000122070312,73.900634765625,64950
2011-01-07,91.6999969482422,91.72000122070312,91.6999969482422,91.6999969482422,73.88446807861328,124600
2011-01-10,91.6999969482422,91.72000122070312,91.6999969482422,91.72000122070312,73.900634765625,150550
2011-01-11,91.72000122070312,91.72000122070312,91.6999969482422,91.72000122070312,73.900634765625,127300
2011-01-12,91.6999969482422,91.72000122070312,91.6999969482422,91.6999969482422,73.88446807861328,69400
2011-01-13,91.6999969482422,91.72000122070312,91.6999969482422,91.6999969482422,73.88446807861328,94600
2011-01-14,91.6999969482422,91.72000122070312,91.6999969482422,91.6999969482422,73.88446807861328,199450
2011-01-18,91.6999969482422,91.72000122070312,91.6999969482422,91.6999969482422,73.88446807861328,426600
2011-01-19,91.72000122070312,91.72000122070312,91.6999969482422,91.72000122070312,73.900634765625,150850
2011-01-20,91.72000122070312,91.72000122070312,91.6999969482422,91.72000122070312,73.900634765625,99650
2011-01-21,91.6999969482422,91.72000122070312,91.6999969482422,91.6999969482422,73.88446807861328,55100
2011-01-24,91.6999969482422,91.72000122070312,91.6999969482422,91.6999969482422,73.88446807861328,312100
2011-01-25,91.72000122070312,91.72000122070312,91.6999969482422,91.72000122070312,73.900634765625,443100
2011-01-26,91.72000122070312,91.72000122070312,91.6999969482422,91.6999969482422,73.88446807861328,87800
2011-01-27,91.6999969482422,91.72000122070312,91.6999969482422,91.72000122070312,73.900634765625,89000
2011-01-28,91.6999969482422,91.72000122070312,91.6999969482422,91.6999969482422,73.88446807861328,158550
2011-01-31,91.6999969482422,91.72000122070312,91.6999969482422,91.6999969482422,73.88446807861328,87250
2011-02-01,91.6999969482422,91.72000122070312,91.6999969482422,91.6999969482422,73.88446807861328,787600
2011-02-02,91.6999969482422,91.72000122070312,91.6999969482422,91.6999969482422,73.88446807861328,283550
2011-02-03,91.72000122070312,91.72000122070312,91.6999969482422,91.6999969482422,73.88446807861328,91000
2011-02-04,91.6999969482422,91.72000122070312,91.6999969482422,91.72000122070312,73.900634765625,101000
2011-02-07,91.72000122070312,91.72000122070312,91.6999969482422,91.6999969482422,73.88446807861328,131550
2011-02-08,91.72000122070312,91.72000122070312,91.6999969482422,91.6999969482422,73.88446807861328,155400
2011-02-09,91.72000122070312,91.72000122070312,91.6999969482422,91.72000122070312,73.900634765625,147700
2011-02-10,91.6999969482422,91.72000122070312,91.6999969482422,91.6999969482422,73.88446807861328,148650
2011-02-11,91.72000122070312,91.72000122070312,91.6999969482422,91.6999969482422,73.88446807861328,138150
2011-02-14,91.72000122070312,91.72000122070312,91.6999969482422,91.6999969482422,73.88446807861328,74450
2011-02-15,91.72000122070312,91.72000122070312,91.6999969482422,91.72000122070312,73.900634765625,193200
2011-02-16,91.72000122070312,91.72000122070312,91.6999969482422,91.72000122070312,73.900634765625,136800
2011-02-17,91.6999969482422,91.72000122070312,91.6999969482422,91.72000122070312,73.900634765625,68250
2011-02-18,91.6999969482422,91.72000122070312,91.6999969482422,91.6999969482422,73.88446807861328,93750
2011-02-22,91.72000122070312,91.72000122070312,91.6999969482422,91.6999969482422,73.88446807861328,144050
2011-02-23,91.72000122070312,91.72000122070312,91.6999969482422,91.72000122070312,73.900634765625,493500
2011-02-24,91.72000122070312,91.72000122070312,91.6999969482422,91.72000122070312,73.900634765625,126750
2011-02-25,91.72000122070312,91.72000122070312,91.6999969482422,91.72000122070312,73.900634765625,91350
2011-02-28,91.72000122070312,91.72000122070312,91.6999969482422,91.6999969482422,73.88446807861328,145850
2011-03-01,91.72000122070312,91.72000122070312,91.6999969482422,91.6999969482422,73.88446807861328,138400
2011-03-02,91.72000122070312,91.72000122070312,91.6999969482422,91.72000122070312,73.900634765625,128000
2011-03-03,91.72000122070312,91.72000122070312,91.6999969482422,91.6999969482422,73.88446807861328,139950
2011-03-04,91.6999969482422,91.72000122070312,91.6999969482422,91.72000122070312,73.900634765625,132300
2011-03-07,91.72000122070312,91.72000122070312,91.6999969482422,91.6999969482422,73.88446807861328,95850
2011-03-08,91.72000122070312,91.72000122070312,91.6999969482422,91.6999969482422,73.88446807861328,1178800
2011-03-09,91.72000122070312,91.72000122070312,91.6999969482422,91.6999969482422,73.88446807861328,159800
2011-03-10,91.6999969482422,91.72000122070312,91.6999969482422,91.6999969482422,73.88446807861328,140200
2011-03-11,91.6999969482422,91.72000122070312,91.6999969482422,91.72000122070312,73.900634765625,77750
2011-03-14,91.6999969482422,91.73999786376952,91.6999969482422,91.72000122070312,73.900634765625,929650
2011-03-15,91.73999786376952,91.73999786376952,91.6999969482422,91.73999786376952,73.9167709350586,754300
2011-03-16,91.72000122070312,91.73999786376952,91.72000122070312,91.73999786376952,73.9167709350586,122300
2011-03-17,91.73999786376952,91.73999786376952,91.72000122070312,91.73999786376952,73.9167709350586,595450
2011-03-18,91.72000122070312,91.73999786376952,91.72000122070312,91.73999786376952,73.9167709350586,222750
2011-03-21,91.72000122070312,91.73999786376952,91.72000122070312,91.73999786376952,73.9167709350586,102350
2011-03-22,91.6999969482422,91.72000122070312,91.6999969482422,91.6999969482422,73.88446807861328,117100
2011-03-23,91.6999969482422,91.72000122070312,91.6999969482422,91.72000122070312,73.900634765625,156950
2011-03-24,91.6999969482422,91.72000122070312,91.6999969482422,91.6999969482422,73.88446807861328,557950
2011-03-25,91.6999969482422,91.72000122070312,91.6999969482422,91.6999969482422,73.88446807861328,1271900
2011-03-28,91.6999969482422,91.72000122070312,91.6999969482422,91.72000122070312,73.900634765625,733950
2011-03-29,91.72000122070312,91.72000122070312,91.6999969482422,91.6999969482422,73.88446807861328,240950
2011-03-30,91.72000122070312,91.72000122070312,91.6999969482422,91.72000122070312,73.900634765625,589950
2011-03-31,91.6999969482422,91.72000122070312,91.6999969482422,91.6999969482422,73.88446807861328,145200
2011-04-01,91.72000122070312,91.72000122070312,91.6999969482422,91.6999969482422,73.88446807861328,148850
2011-04-04,91.6999969482422,91.73999786376952,91.6999969482422,91.6999969482422,73.88446807861328,144700
2011-04-05,91.72000122070312,91.72000122070312,91.6999969482422,91.6999969482422,73.88446807861328,165000
2011-04-06,91.6999969482422,91.72000122070312,91.6999969482422,91.6999969482422,73.88446807861328,116900
2011-04-07,91.6999969482422,91.72000122070312,91.6999969482422,91.72000122070312,73.900634765625,129450
2011-04-08,91.72000122070312,91.72000122070312,91.6999969482422,91.6999969482422,73.88446807861328,1310750
2011-04-11,91.6999969482422,91.72000122070312,91.6999969482422,91.6999969482422,73.88446807861328,230850
2011-04-12,91.72000122070312,91.73999786376952,91.6999969482422,91.72000122070312,73.900634765625,61100
2011-04-13,91.72000122070312,91.73999786376952,91.6999969482422,91.72000122070312,73.900634765625,79200
2011-04-14,91.73999786376952,91.73999786376952,91.6999969482422,91.6999969482422,73.88446807861328,245750
2011-04-15,91.6999969482422,91.72000122070312,91.6999969482422,91.72000122070312,73.900634765625,152600
2011-04-18,91.6999969482422,91.72000122070312,91.6999969482422,91.6999969482422,73.88446807861328,112300
2011-04-19,91.6999969482422,91.72000122070312,91.6999969482422,91.6999969482422,73.88446807861328,110650
2011-04-20,91.72000122070312,91.72000122070312,91.6999969482422,91.6999969482422,73.88446807861328,102200
2011-04-21,91.6999969482422,91.72000122070312,91.6999969482422,91.6999969482422,73.88446807861328,89850
2011-04-25,91.72000122070312,91.72000122070312,91.6999969482422,91.6999969482422,73.88446807861328,103150
2011-04-26,91.72000122070312,91.72000122070312,91.6999969482422,91.6999969482422,73.88446807861328,41450
2011-04-27,91.6999969482422,91.72000122070312,91.6999969482422,91.6999969482422,73.88446807861328,106000
2011-04-28,91.6999969482422,91.72000122070312,91.6999969482422,91.6999969482422,73.88446807861328,97050
2011-04-29,91.6999969482422,91.72000122070312,91.6999969482422,91.6999969482422,73.88446807861328,74500
2011-05-02,91.72000122070312,91.72000122070312,91.6999969482422,91.6999969482422,73.88446807861328,76000
2011-05-03,91.72000122070312,91.72000122070312,91.6999969482422,91.6999969482422,73.88446807861328,127100
2011-05-04,91.73999786376952,91.73999786376952,91.6999969482422,91.73999786376952,73.9167709350586,449750
2011-05-05,91.72000122070312,91.73999786376952,91.72000122070312,91.73999786376952,73.9167709350586,800000
2011-05-06,91.72000122070312,91.73999786376952,91.72000122070312,91.73999786376952,73.9167709350586,143400
2011-05-09,91.72000122070312,91.73999786376952,91.72000122070312,91.73999786376952,73.9167709350586,808500
2011-05-10,91.73999786376952,91.73999786376952,91.72000122070312,91.73999786376952,73.9167709350586,182200
2011-05-11,91.72000122070312,91.73999786376952,91.72000122070312,91.73999786376952,73.9167709350586,76150
2011-05-12,91.73999786376952,91.73999786376952,91.72000122070312,91.73999786376952,73.9167709350586,88350
2011-05-13,91.73999786376952,91.73999786376952,91.72000122070312,91.72000122070312,73.900634765625,42950
2011-05-16,91.73999786376952,91.73999786376952,91.72000122070312,91.72000122070312,73.900634765625,905750
2011-05-17,91.73999786376952,91.73999786376952,91.72000122070312,91.72000122070312,73.900634765625,582700
2011-05-18,91.6999969482422,91.72000122070312,91.6999969482422,91.6999969482422,73.88446807861328,75550
2011-05-19,91.6999969482422,91.73999786376952,91.6999969482422,91.73999786376952,73.9167709350586,71300
2011-05-20,91.72000122070312,91.72000122070312,91.6999969482422,91.72000122070312,73.900634765625,443400
2011-05-23,91.72000122070312,91.72000122070312,91.6999969482422,91.72000122070312,73.900634765625,328750
2011-05-24,91.6999969482422,91.72000122070312,91.6999969482422,91.72000122070312,73.900634765625,68000
2011-05-25,91.72000122070312,91.72000122070312,91.6999969482422,91.72000122070312,73.900634765625,159800
2011-05-26,91.72000122070312,91.72000122070312,91.6999969482422,91.72000122070312,73.900634765625,819300
2011-05-27,91.6999969482422,91.72000122070312,91.6999969482422,91.72000122070312,73.900634765625,161350
2011-05-31,91.6999969482422,91.72000122070312,91.6999969482422,91.72000122070312,73.900634765625,133700
2011-06-01,91.6999969482422,91.72000122070312,91.6999969482422,91.6999969482422,73.88446807861328,471900
2011-06-02,91.6999969482422,91.72000122070312,91.6999969482422,91.6999969482422,73.88446807861328,69000
2011-06-03,91.6999969482422,91.72000122070312,91.6999969482422,91.6999969482422,73.88446807861328,62750
2011-06-06,91.72000122070312,91.72000122070312,91.6999969482422,91.6999969482422,73.88446807861328,655250
2011-06-07,91.72000122070312,91.72000122070312,91.6999969482422,91.72000122070312,73.900634765625,882450
2011-06-08,91.6999969482422,91.72000122070312,91.6999969482422,91.72000122070312,73.900634765625,64950
2011-06-09,91.72000122070312,91.72000122070312,91.6999969482422,91.6999969482422,73.88446807861328,376350
2011-06-10,91.6999969482422,91.72000122070312,91.6999969482422,91.72000122070312,73.900634765625,79400
2011-06-13,91.72000122070312,91.72000122070312,91.6999969482422,91.6999969482422,73.88446807861328,94950
2011-06-14,91.6999969482422,91.72000122070312,91.6999969482422,91.72000122070312,73.900634765625,862400
2011-06-15,91.72000122070312,91.72000122070312,91.6999969482422,91.72000122070312,73.900634765625,113650
2011-06-16,91.72000122070312,91.72000122070312,91.6999969482422,91.72000122070312,73.900634765625,101900
2011-06-17,91.72000122070312,91.72000122070312,91.6999969482422,91.72000122070312,73.900634765625,96750
2011-06-20,91.72000122070312,91.72000122070312,91.6999969482422,91.72000122070312,73.900634765625,102900
2011-06-21,91.72000122070312,91.72000122070312,91.6999969482422,91.6999969482422,73.88446807861328,433350
2011-06-22,91.6999969482422,91.72000122070312,91.6999969482422,91.72000122070312,73.900634765625,158700
2011-06-23,91.72000122070312,91.72000122070312,91.6999969482422,91.72000122070312,73.900634765625,523750
2011-06-24,91.72000122070312,91.72000122070312,91.6999969482422,91.6999969482422,73.88446807861328,357750
2011-06-27,91.72000122070312,91.72000122070312,91.6999969482422,91.6999969482422,73.88446807861328,126950
2011-06-28,91.72000122070312,91.72000122070312,91.6999969482422,91.6999969482422,73.88446807861328,289650
2011-06-29,91.6999969482422,91.72000122070312,91.6999969482422,91.72000122070312,73.900634765625,1148950
2011-06-30,91.6999969482422,91.72000122070312,91.6999969482422,91.72000122070312,73.900634765625,1730050
2011-07-01,91.72000122070312,91.72000122070312,91.6999969482422,91.6999969482422,73.88446807861328,496400
2011-07-05,91.72000122070312,91.72000122070312,91.6999969482422,91.6999969482422,73.88446807861328,786700
2011-07-06,91.6999969482422,91.72000122070312,91.6999969482422,91.72000122070312,73.900634765625,222350
2011-07-07,91.6999969482422,91.72000122070312,91.6999969482422,91.6999969482422,73.88446807861328,158850
2011-07-08,91.6999969482422,91.72000122070312,91.6999969482422,91.6999969482422,73.88446807861328,70650
2011-07-11,91.72000122070312,91.72000122070312,91.68000030517578,91.68000030517578,73.8684310913086,147850
2011-07-12,91.72000122070312,91.72000122070312,91.6999969482422,91.6999969482422,73.88446807861328,1150000
2011-07-13,91.6999969482422,91.72000122070312,91.6999969482422,91.72000122070312,73.900634765625,1115500
2011-07-14,91.72000122070312,91.72000122070312,91.6999969482422,91.72000122070312,73.900634765625,216650
2011-07-15,91.6999969482422,91.72000122070312,91.6999969482422,91.72000122070312,73.900634765625,496050
2011-07-18,91.6999969482422,91.72000122070312,91.6999969482422,91.72000122070312,73.900634765625,803350
2011-07-19,91.72000122070312,91.72000122070312,91.6999969482422,91.72000122070312,73.900634765625,790000
2011-07-20,91.6999969482422,91.72000122070312,91.6999969482422,91.6999969482422,73.88446807861328,162650
2011-07-21,91.72000122070312,91.72000122070312,91.6999969482422,91.6999969482422,73.88446807861328,790450
2011-07-22,91.6999969482422,91.72000122070312,91.6999969482422,91.72000122070312,73.900634765625,162550
2011-07-25,91.72000122070312,91.72000122070312,91.6999969482422,91.72000122070312,73.900634765625,72300
2011-07-26,91.6999969482422,91.72000122070312,91.6999969482422,91.72000122070312,73.900634765625,85800
2011-07-27,91.72000122070312,91.72000122070312,91.6999969482422,91.72000122070312,73.900634765625,906050
2011-07-28,91.6999969482422,91.72000122070312,91.6999969482422,91.72000122070312,73.900634765625,802800
2011-07-29,91.6999969482422,91.72000122070312,91.6999969482422,91.72000122070312,73.900634765625,1060950
2011-08-01,91.6999969482422,91.72000122070312,91.68000030517578,91.72000122070312,73.900634765625,290250
2011-08-02,91.6999969482422,91.72000122070312,91.68000030517578,91.72000122070312,73.900634765625,1012600
2011-08-03,91.72000122070312,91.72000122070312,91.6999969482422,91.72000122070312,73.900634765625,681150
2011-08-04,91.72000122070312,91.72000122070312,91.6999969482422,91.72000122070312,73.900634765625,1335150
2011-08-05,91.72000122070312,91.72000122070312,91.6999969482422,91.72000122070312,73.900634765625,438750
2011-08-08,91.6999969482422,91.72000122070312,91.6999969482422,91.72000122070312,73.900634765625,560600
2011-08-09,91.72000122070312,91.72000122070312,91.6999969482422,91.72000122070312,73.900634765625,658450
2011-08-10,91.6999969482422,91.72000122070312,91.68000030517578,91.72000122070312,73.900634765625,374150
2011-08-11,91.6999969482422,91.72000122070312,91.68000030517578,91.72000122070312,73.900634765625,224700
2011-08-12,91.72000122070312,91.72000122070312,91.6999969482422,91.72000122070312,73.900634765625,779850
2011-08-15,91.6999969482422,91.72000122070312,91.6999969482422,91.72000122070312,73.900634765625,9127350
2011-08-16,91.72000122070312,91.72000122070312,91.6999969482422,91.72000122070312,73.900634765625,368100
2011-08-17,91.72000122070312,91.72000122070312,91.6999969482422,91.72000122070312,73.900634765625,331200
2011-08-18,91.72000122070312,91.72000122070312,91.68000030517578,91.68000030517578,73.8684310913086,525450
2011-08-19,91.72000122070312,91.72000122070312,91.6999969482422,91.72000122070312,73.900634765625,941750
2011-08-22,91.6999969482422,91.72000122070312,91.68000030517578,91.68000030517578,73.8684310913086,247900
2011-08-23,91.6999969482422,91.72000122070312,91.6999969482422,91.72000122070312,73.900634765625,709250
2011-08-24,91.72000122070312,91.72000122070312,91.6999969482422,91.72000122070312,73.900634765625,190750
2011-08-25,91.72000122070312,91.72000122070312,91.68000030517578,91.68000030517578,73.8684310913086,334800
2011-08-26,91.72000122070312,91.72000122070312,91.6999969482422,91.72000122070312,73.900634765625,247950
2011-08-29,91.72000122070312,91.72000122070312,91.6999969482422,91.72000122070312,73.900634765625,11294400
2011-08-30,91.6999969482422,91.72000122070312,91.6999969482422,91.72000122070312,73.900634765625,952000
2011-08-31,91.72000122070312,91.72000122070312,91.6999969482422,91.72000122070312,73.900634765625,523750
2011-09-01,91.6999969482422,91.72000122070312,91.68000030517578,91.72000122070312,73.900634765625,1048100
2011-09-02,91.72000122070312,91.72000122070312,91.6999969482422,91.72000122070312,73.900634765625,479450
2011-09-06,91.6999969482422,91.72000122070312,91.68000030517578,91.6999969482422,73.88446807861328,8617200
2011-09-07,91.6999969482422,91.6999969482422,91.68000030517578,91.68000030517578,73.8684310913086,367950
2011-09-08,91.68000030517578,91.6999969482422,91.68000030517578,91.68000030517578,73.8684310913086,698000
2011-09-09,91.68000030517578,91.72000122070312,91.68000030517578,91.6999969482422,73.88446807861328,731050
2011-09-12,91.68000030517578,91.6999969482422,91.68000030517578,91.6999969482422,73.88446807861328,287700
2011-09-13,91.6999969482422,91.6999969482422,91.68000030517578,91.68000030517578,73.8684310913086,568550
2011-09-14,91.6999969482422,91.6999969482422,91.68000030517578,91.68000030517578,73.8684310913086,308000
2011-09-15,91.6999969482422,91.72000122070312,91.68000030517578,91.68000030517578,73.8684310913086,923750
2011-09-16,91.6999969482422,91.6999969482422,91.68000030517578,91.68000030517578,73.8684310913086,276450
2011-09-19,91.6999969482422,91.6999969482422,91.68000030517578,91.6999969482422,73.88446807861328,517100
2011-09-20,91.68000030517578,91.6999969482422,91.68000030517578,91.6999969482422,73.88446807861328,373000
2011-09-21,91.6999969482422,91.6999969482422,91.68000030517578,91.6999969482422,73.88446807861328,314150
2011-09-22,91.68000030517578,91.6999969482422,91.68000030517578,91.68000030517578,73.8684310913086,1011650
2011-09-23,91.6999969482422,91.6999969482422,91.68000030517578,91.6999969482422,73.88446807861328,604150
2011-09-26,91.6999969482422,91.6999969482422,91.68000030517578,91.6999969482422,73.88446807861328,497400
2011-09-27,91.68000030517578,91.6999969482422,91.68000030517578,91.68000030517578,73.8684310913086,404150
2011-09-28,91.6999969482422,91.6999969482422,91.68000030517578,91.6999969482422,73.88446807861328,383650
2011-09-29,91.6999969482422,91.6999969482422,91.68000030517578,91.6999969482422,73.88446807861328,451650
2011-09-30,91.6999969482422,91.6999969482422,91.68000030517578,91.6999969482422,73.88446807861328,611450
2011-10-03,91.6999969482422,91.6999969482422,91.68000030517578,91.6999969482422,73.88446807861328,13151250
2011-10-04,91.6999969482422,91.6999969482422,91.68000030517578,91.6999969482422,73.88446807861328,691050
2011-10-05,91.6999969482422,91.6999969482422,91.68000030517578,91.6999969482422,73.88446807861328,689300
2011-10-06,91.6999969482422,91.6999969482422,91.68000030517578,91.68000030517578,73.8684310913086,353400
2011-10-07,91.68000030517578,91.6999969482422,91.68000030517578,91.6999969482422,73.88446807861328,750650
2011-10-10,91.68000030517578,91.6999969482422,91.66000366210938,91.68000030517578,73.8684310913086,1657350
2011-10-11,91.68000030517578,91.6999969482422,91.68000030517578,91.6999969482422,73.88446807861328,562550
2011-10-12,91.6999969482422,91.6999969482422,91.68000030517578,91.68000030517578,73.8684310913086,383000
2011-10-13,91.68000030517578,91.6999969482422,91.68000030517578,91.6999969482422,73.88446807861328,494050
2011-10-14,91.6999969482422,91.6999969482422,91.68000030517578,91.68000030517578,73.8684310913086,459250
2011-10-17,91.68000030517578,91.6999969482422,91.68000030517578,91.68000030517578,73.8684310913086,12224600
2011-10-18,91.68000030517578,91.6999969482422,91.68000030517578,91.6999969482422,73.88446807861328,350650
2011-10-19,91.68000030517578,91.6999969482422,91.68000030517578,91.6999969482422,73.88446807861328,294450
2011-10-20,91.68000030517578,91.6999969482422,91.68000030517578,91.6999969482422,73.88446807861328,1126100
2011-10-21,91.68000030517578,91.6999969482422,91.68000030517578,91.68000030517578,73.8684310913086,583750
2011-10-24,91.68000030517578,91.6999969482422,91.68000030517578,91.68000030517578,73.8684310913086,8779750
2011-10-25,91.68000030517578,91.6999969482422,91.68000030517578,91.6999969482422,73.88446807861328,482500
2011-10-26,91.68000030517578,91.6999969482422,91.68000030517578,91.6999969482422,73.88446807861328,239450
2011-10-27,91.68000030517578,91.6999969482422,91.68000030517578,91.68000030517578,73.8684310913086,1490300
2011-10-28,91.68000030517578,91.6999969482422,91.68000030517578,91.68000030517578,73.8684310913086,404400
2011-10-31,91.6999969482422,91.6999969482422,91.66000366210938,91.66000366210938,73.85233306884766,3112450
2011-11-01,91.6999969482422,91.6999969482422,91.68000030517578,91.6999969482422,73.88446807861328,1423150
2011-11-02,91.6999969482422,91.6999969482422,91.68000030517578,91.68000030517578,73.8684310913086,284650
2011-11-03,91.6999969482422,91.6999969482422,91.66000366210938,91.66000366210938,73.85233306884766,326800
2011-11-04,91.6999969482422,91.6999969482422,91.68000030517578,91.68000030517578,73.8684310913086,203000
2011-11-07,91.68000030517578,91.6999969482422,91.68000030517578,91.6999969482422,73.88446807861328,197600
2011-11-08,91.68000030517578,91.6999969482422,91.68000030517578,91.6999969482422,73.88446807861328,537300
2011-11-09,91.6999969482422,91.6999969482422,91.68000030517578,91.68000030517578,73.8684310913086,174200
2011-11-10,91.68000030517578,91.6999969482422,91.68000030517578,91.6999969482422,73.88446807861328,362150
2011-11-11,91.68000030517578,91.72000122070312,91.68000030517578,91.68000030517578,73.8684310913086,344400
2011-11-14,91.6999969482422,91.6999969482422,91.68000030517578,91.6999969482422,73.88446807861328,649000
2011-11-15,91.6999969482422,91.6999969482422,91.68000030517578,91.68000030517578,73.8684310913086,232900
2011-11-16,91.68000030517578,91.6999969482422,91.68000030517578,91.6999969482422,73.88446807861328,341300
2011-11-17,91.68000030517578,91.6999969482422,91.68000030517578,91.6999969482422,73.88446807861328,843800
2011-11-18,91.6999969482422,91.6999969482422,91.68000030517578,91.6999969482422,73.88446807861328,274700
2011-11-21,91.6999969482422,91.6999969482422,91.68000030517578,91.6999969482422,73.88446807861328,2169100
2011-11-22,91.6999969482422,91.6999969482422,91.68000030517578,91.68000030517578,73.8684310913086,631450
2011-11-23,91.6999969482422,91.6999969482422,91.66000366210938,91.6999969482422,73.88446807861328,877150
2011-11-25,91.6999969482422,91.6999969482422,91.68000030517578,91.6999969482422,73.88446807861328,268300
2011-11-28,91.68000030517578,91.6999969482422,91.68000030517578,91.6999969482422,73.88446807861328,467550
2011-11-29,91.68000030517578,91.6999969482422,91.66000366210938,91.66000366210938,73.85233306884766,537700
2011-11-30,91.68000030517578,91.68000030517578,91.66000366210938,91.68000030517578,73.8684310913086,1701850
2011-12-01,91.66000366210938,91.68000030517578,91.66000366210938,91.66000366210938,73.85233306884766,2137000
2011-12-02,91.68000030517578,91.68000030517578,91.66000366210938,91.68000030517578,73.8684310913086,353750
2011-12-05,91.68000030517578,91.68000030517578,91.66000366210938,91.68000030517578,73.8684310913086,2240550
2011-12-06,91.66000366210938,91.72000122070312,91.66000366210938,91.6999969482422,73.88446807861328,211150
2011-12-07,91.68000030517578,91.68000030517578,91.66000366210938,91.68000030517578,73.8684310913086,259950
2011-12-08,91.68000030517578,91.68000030517578,91.66000366210938,91.68000030517578,73.8684310913086,248050
2011-12-09,91.66000366210938,91.68000030517578,91.66000366210938,91.66000366210938,73.85233306884766,199800
2011-12-12,91.66000366210938,91.68000030517578,91.66000366210938,91.66000366210938,73.85233306884766,11094100
2011-12-13,91.66000366210938,91.68000030517578,91.66000366210938,91.66000366210938,73.85233306884766,399150
2011-12-14,91.66000366210938,91.68000030517578,91.66000366210938,91.68000030517578,73.8684310913086,1237650
2011-12-15,91.68000030517578,91.68000030517578,91.66000366210938,91.66000366210938,73.85233306884766,535050
2011-12-16,91.68000030517578,91.68000030517578,91.66000366210938,91.68000030517578,73.8684310913086,264200
2011-12-19,91.66000366210938,91.68000030517578,91.66000366210938,91.68000030517578,73.8684310913086,348500
2011-12-20,91.68000030517578,91.68000030517578,91.66000366210938,91.68000030517578,73.8684310913086,235500
2011-12-21,91.68000030517578,91.68000030517578,91.66000366210938,91.68000030517578,73.8684310913086,299450
2011-12-22,91.68000030517578,91.68000030517578,91.66000366210938,91.68000030517578,73.8684310913086,141850
2011-12-23,91.68000030517578,91.68000030517578,91.5199966430664,91.68000030517578,73.8684310913086,508300
2011-12-27,91.66000366210938,91.68000030517578,91.66000366210938,91.66000366210938,73.85233306884766,158500
2011-12-28,91.66000366210938,91.68000030517578,91.66000366210938,91.66000366210938,73.85555267333984,273600
2011-12-29,91.66000366210938,91.68000030517578,91.66000366210938,91.66000366210938,73.85555267333984,196900
2011-12-30,91.66000366210938,91.68000030517578,91.66000366210938,91.66000366210938,73.85555267333984,200350
2012-01-03,91.66000366210938,91.68000030517578,91.63999938964844,91.63999938964844,73.83942413330078,4246650
2012-01-04,91.66000366210938,91.66000366210938,91.63999938964844,91.63999938964844,73.83942413330078,443250
2012-01-05,91.63999938964844,91.66000366210938,91.63999938964844,91.63999938964844,73.83942413330078,489350
2012-01-06,91.63999938964844,91.66000366210938,91.63999938964844,91.63999938964844,73.83942413330078,476800
2012-01-09,91.66000366210938,91.66000366210938,91.63999938964844,91.66000366210938,73.85555267333984,490300
2012-01-10,91.63999938964844,91.66000366210938,91.63999938964844,91.66000366210938,73.85555267333984,352250
2012-01-11,91.66000366210938,91.66000366210938,91.63999938964844,91.63999938964844,73.83942413330078,402000
2012-01-12,91.63999938964844,91.66000366210938,91.63999938964844,91.63999938964844,73.83942413330078,344250
2012-01-13,91.63999938964844,91.66000366210938,91.63999938964844,91.63999938964844,73.83942413330078,581600
2012-01-17,91.63999938964844,91.66000366210938,91.63999938964844,91.63999938964844,73.83942413330078,210850
2012-01-18,91.63999938964844,91.66000366210938,91.63999938964844,91.63999938964844,73.83942413330078,1529650
2012-01-19,91.63999938964844,91.66000366210938,91.63999938964844,91.63999938964844,73.83942413330078,728100
2012-01-20,91.63999938964844,91.66000366210938,91.63999938964844,91.63999938964844,73.83942413330078,211400
2012-01-23,91.66000366210938,91.66000366210938,91.63999938964844,91.63999938964844,73.83942413330078,224350
2012-01-24,91.63999938964844,91.66000366210938,91.63999938964844,91.63999938964844,73.83942413330078,216150
2012-01-25,91.63999938964844,91.66000366210938,91.63999938964844,91.63999938964844,73.83942413330078,269800
2012-01-26,91.66000366210938,91.66000366210938,91.63999938964844,91.63999938964844,73.83942413330078,182200
2012-01-27,91.63999938964844,91.66000366210938,91.63999938964844,91.63999938964844,73.83942413330078,153850
2012-01-30,91.63999938964844,91.66000366210938,91.63999938964844,91.66000366210938,73.85555267333984,256050
2012-01-31,91.66000366210938,91.66000366210938,91.63999938964844,91.63999938964844,73.83942413330078,416800
2012-02-01,91.63999938964844,91.66000366210938,91.63999938964844,91.63999938964844,73.83942413330078,362600
2012-02-02,91.63999938964844,91.66000366210938,91.63999938964844,91.63999938964844,73.83942413330078,119000
2012-02-03,91.63999938964844,91.66000366210938,91.63999938964844,91.63999938964844,73.83942413330078,365200
2012-02-06,91.63999938964844,91.66000366210938,91.63999938964844,91.66000366210938,73.85555267333984,184900
2012-02-07,91.63999938964844,91.66000366210938,91.63999938964844,91.63999938964844,73.83942413330078,189500
2012-02-08,91.63999938964844,91.66000366210938,91.63999938964844,91.66000366210938,73.85555267333984,450500
2012-02-09,91.63999938964844,91.66000366210938,91.63999938964844,91.63999938964844,73.83942413330078,130150
2012-02-10,91.66000366210938,91.66000366210938,91.63999938964844,91.66000366210938,73.85555267333984,521300
2012-02-13,91.63999938964844,91.66000366210938,91.63999938964844,91.63999938964844,73.83942413330078,638600
2012-02-14,91.63999938964844,91.66000366210938,91.63999938964844,91.66000366210938,73.85555267333984,173950
2012-02-15,91.66000366210938,91.66000366210938,91.63999938964844,91.63999938964844,73.83942413330078,103650
2012-02-16,91.66000366210938,91.66000366210938,91.63999938964844,91.66000366210938,73.85555267333984,442200
2012-02-17,91.63999938964844,91.66000366210938,91.63999938964844,91.63999938964844,73.83942413330078,81400
2012-02-21,91.63999938964844,91.66000366210938,91.63999938964844,91.63999938964844,73.83942413330078,154750
2012-02-22,91.63999938964844,91.66000366210938,91.63999938964844,91.63999938964844,73.83942413330078,105350
2012-02-23,91.66000366210938,91.66000366210938,91.63999938964844,91.63999938964844,73.83942413330078,156300
2012-02-24,91.63999938964844,91.66000366210938,91.63999938964844,91.66000366210938,73.85555267333984,186550
2012-02-27,91.66000366210938,91.66000366210938,91.63999938964844,91.63999938964844,73.83942413330078,956000
2012-02-28,91.66000366210938,91.66000366210938,91.63999938964844,91.63999938964844,73.83942413330078,132050
2012-02-29,91.63999938964844,91.66000366210938,91.63999938964844,91.66000366210938,73.85555267333984,453600
2012-03-01,91.63999938964844,91.63999938964844,91.62000274658205,91.63999938964844,73.83942413330078,218300
2012-03-02,91.63999938964844,91.63999938964844,91.62000274658205,91.63999938964844,73.83942413330078,186600
2012-03-05,91.62000274658205,91.63999938964844,91.62000274658205,91.63999938964844,73.83942413330078,248900
2012-03-06,91.63999938964844,91.63999938964844,91.62000274658205,91.63999938964844,73.83942413330078,179750
2012-03-07,91.63999938964844,91.66000366210938,91.63999938964844,91.63999938964844,73.83942413330078,125400
2012-03-08,91.63999938964844,91.66000366210938,91.63999938964844,91.66000366210938,73.85555267333984,711300
2012-03-09,91.63999938964844,91.66000366210938,91.63999938964844,91.66000366210938,73.85555267333984,194300
2012-03-12,91.66000366210938,91.66000366210938,91.63999938964844,91.66000366210938,73.85555267333984,124850
2012-03-13,91.66000366210938,91.66000366210938,91.63999938964844,91.66000366210938,73.85555267333984,205350
2012-03-14,91.63999938964844,91.66000366210938,91.63999938964844,91.63999938964844,73.83942413330078,127050
2012-03-15,91.66000366210938,91.66000366210938,91.63999938964844,91.63999938964844,73.83942413330078,468050
2012-03-16,91.63999938964844,91.66000366210938,91.63999938964844,91.63999938964844,73.83942413330078,501150
2012-03-19,91.66000366210938,91.66000366210938,91.63999938964844,91.66000366210938,73.85555267333984,105150
2012-03-20,91.63999938964844,91.66000366210938,91.63999938964844,91.66000366210938,73.85555267333984,117250
2012-03-21,91.63999938964844,91.66000366210938,91.63999938964844,91.66000366210938,73.85555267333984,65800
2012-03-22,91.66000366210938,91.66000366210938,91.63999938964844,91.66000366210938,73.85555267333984,106150
2012-03-23,91.63999938964844,91.66000366210938,91.63999938964844,91.66000366210938,73.85555267333984,103250
2012-03-26,91.66000366210938,91.66000366210938,91.63999938964844,91.66000366210938,73.85555267333984,1261300
2012-03-27,91.66000366210938,91.66000366210938,91.63999938964844,91.63999938964844,73.83942413330078,185050
2012-03-28,91.63999938964844,91.66000366210938,91.63999938964844,91.66000366210938,73.85555267333984,55800
2012-03-29,91.63999938964844,91.66000366210938,91.63999938964844,91.63999938964844,73.83942413330078,131050
2012-03-30,91.63999938964844,91.66000366210938,91.63999938964844,91.63999938964844,73.83942413330078,102250
2012-04-02,91.63999938964844,91.66000366210938,91.62000274658205,91.62000274658205,73.82331848144531,778250
2012-04-03,91.62000274658205,91.63999938964844,91.62000274658205,91.63999938964844,73.83942413330078,871100
2012-04-04,91.63999938964844,91.63999938964844,91.62000274658205,91.62000274658205,73.82331848144531,319850
2012-04-05,91.63999938964844,91.66000366210938,91.63999938964844,91.63999938964844,73.83942413330078,381100
2012-04-09,91.63999938964844,91.66000366210938,91.63999938964844,91.66000366210938,73.85555267333984,1136000
2012-04-10,91.63999938964844,91.66000366210938,91.63999938964844,91.66000366210938,73.85555267333984,520200
2012-04-11,91.63999938964844,91.66000366210938,91.63999938964844,91.66000366210938,73.85555267333984,1014250
2012-04-12,91.66000366210938,91.66000366210938,91.63999938964844,91.63999938964844,73.83942413330078,1015400
2012-04-13,91.62000274658205,91.63999938964844,91.62000274658205,91.62000274658205,73.82331848144531,148550
2012-04-16,91.63999938964844,91.66000366210938,91.62000274658205,91.63999938964844,73.83942413330078,617250
2012-04-17,91.63999938964844,91.66000366210938,91.63999938964844,91.63999938964844,73.83942413330078,174500
2012-04-18,91.63999938964844,91.66000366210938,91.63999938964844,91.63999938964844,73.83942413330078,77500
2012-04-19,91.63999938964844,91.66000366210938,91.63999938964844,91.66000366210938,73.85555267333984,38300
2012-04-20,91.66000366210938,91.66000366210938,91.63999938964844,91.63999938964844,73.83942413330078,58400
2012-04-23,91.63999938964844,91.66000366210938,91.63999938964844,91.66000366210938,73.85555267333984,1436350
2012-04-24,91.66000366210938,91.66000366210938,91.63999938964844,91.66000366210938,73.85555267333984,271500
2012-04-25,91.63999938964844,91.66000366210938,91.63999938964844,91.63999938964844,73.83942413330078,415800
2012-04-26,91.66000366210938,91.66000366210938,91.63999938964844,91.66000366210938,73.85555267333984,68450
2012-04-27,91.63999938964844,91.66000366210938,91.63999938964844,91.63999938964844,73.83942413330078,100150
2012-04-30,91.63999938964844,91.66000366210938,91.63999938964844,91.66000366210938,73.85555267333984,85900
2012-05-01,91.63999938964844,91.66000366210938,91.63999938964844,91.66000366210938,73.85555267333984,219500
2012-05-02,91.63999938964844,91.66000366210938,91.63999938964844,91.66000366210938,73.85555267333984,123300
2012-05-03,91.63999938964844,91.66000366210938,91.63999938964844,91.63999938964844,73.83942413330078,84800
2012-05-04,91.63999938964844,91.66000366210938,91.63999938964844,91.63999938964844,73.83942413330078,111350
2012-05-07,91.63999938964844,91.66000366210938,91.63999938964844,91.66000366210938,73.85555267333984,257750
2012-05-08,91.66000366210938,91.66000366210938,91.63999938964844,91.66000366210938,73.85555267333984,282950
2012-05-09,91.63999938964844,91.66000366210938,91.63999938964844,91.66000366210938,73.85555267333984,921250
2012-05-10,91.63999938964844,91.66000366210938,91.63999938964844,91.66000366210938,73.85555267333984,457000
2012-05-11,91.66000366210938,91.66000366210938,91.63999938964844,91.66000366210938,73.85555267333984,128000
2012-05-14,91.63999938964844,91.66000366210938,91.63999938964844,91.66000366210938,73.85555267333984,221050
2012-05-15,91.63999938964844,91.66000366210938,91.63999938964844,91.66000366210938,73.85555267333984,528650
2012-05-16,91.66000366210938,91.66000366210938,91.63999938964844,91.66000366210938,73.85555267333984,103950
2012-05-17,91.66000366210938,91.66000366210938,91.63999938964844,91.66000366210938,73.85555267333984,346500
2012-05-18,91.63999938964844,91.66000366210938,91.63999938964844,91.66000366210938,73.85555267333984,575400
2012-05-21,91.63999938964844,91.66000366210938,91.63999938964844,91.66000366210938,73.85555267333984,1054000
2012-05-22,91.63999938964844,91.66000366210938,91.62000274658205,91.62000274658205,73.82331848144531,649100
2012-05-23,91.62000274658205,91.63999938964844,91.62000274658205,91.62000274658205,73.82331848144531,128000
2012-05-24,91.62000274658205,91.66000366210938,91.62000274658205,91.66000366210938,73.85555267333984,1778900
2012-05-25,91.63999938964844,91.66000366210938,91.63999938964844,91.66000366210938,73.85555267333984,730250
2012-05-29,91.66000366210938,91.66000366210938,91.63999938964844,91.66000366210938,73.85555267333984,150950
2012-05-30,91.66000366210938,91.66000366210938,91.63999938964844,91.66000366210938,73.85555267333984,433500
2012-05-31,91.66000366210938,91.66000366210938,91.63999938964844,91.66000366210938,73.85555267333984,292550
2012-06-01,91.66000366210938,91.66000366210938,91.63999938964844,91.66000366210938,73.85555267333984,290650
2012-06-04,91.66000366210938,91.66000366210938,91.63999938964844,91.66000366210938,73.85555267333984,518200
2012-06-05,91.63999938964844,91.66000366210938,91.63999938964844,91.66000366210938,73.85555267333984,383300
2012-06-06,91.66000366210938,91.66000366210938,91.62000274658205,91.63999938964844,73.83942413330078,753350
2012-06-07,91.66000366210938,91.66000366210938,91.62000274658205,91.63999938964844,73.83942413330078,441500
2012-06-08,91.63999938964844,91.66000366210938,91.63999938964844,91.63999938964844,73.83942413330078,158900
2012-06-11,91.63999938964844,91.66000366210938,91.63999938964844,91.63999938964844,73.83942413330078,119800
2012-06-12,91.66000366210938,91.66000366210938,91.63999938964844,91.66000366210938,73.85555267333984,245950
2012-06-13,91.63999938964844,91.66000366210938,91.63999938964844,91.66000366210938,73.85555267333984,59550
2012-06-14,91.63999938964844,91.66000366210938,91.63999938964844,91.66000366210938,73.85555267333984,169450
2012-06-15,91.63999938964844,91.66000366210938,91.63999938964844,91.63999938964844,73.83942413330078,107400
2012-06-18,91.66000366210938,91.66000366210938,91.63999938964844,91.66000366210938,73.85555267333984,132300
2012-06-19,91.66000366210938,91.66000366210938,91.62000274658205,91.62000274658205,73.82331848144531,831750
2012-06-20,91.62000274658205,91.63999938964844,91.62000274658205,91.62000274658205,73.82331848144531,124100
2012-06-21,91.62000274658205,91.66000366210938,91.62000274658205,91.66000366210938,73.85555267333984,918100
2012-06-22,91.63999938964844,91.66000366210938,91.63999938964844,91.63999938964844,73.83942413330078,66950
2012-06-25,91.63999938964844,91.66000366210938,91.63999938964844,91.66000366210938,73.85555267333984,788250
2012-06-26,91.63999938964844,91.66000366210938,91.63999938964844,91.66000366210938,73.85555267333984,127900
2012-06-27,91.63999938964844,91.66000366210938,91.63999938964844,91.63999938964844,73.83942413330078,118550
2012-06-28,91.66000366210938,91.66000366210938,91.63999938964844,91.66000366210938,73.85555267333984,348850
2012-06-29,91.63999938964844,91.66000366210938,91.62000274658205,91.62000274658205,73.82331848144531,1110950
2012-07-02,91.62000274658205,91.63999938964844,91.62000274658205,91.62000274658205,73.82331848144531,873900
2012-07-03,91.62000274658205,91.63999938964844,91.62000274658205,91.62000274658205,73.82331848144531,313050
2012-07-05,91.62000274658205,91.63999938964844,91.62000274658205,91.62000274658205,73.82331848144531,1299200
2012-07-06,91.63999938964844,91.63999938964844,91.62000274658205,91.62000274658205,73.82331848144531,134750
2012-07-09,91.63999938964844,91.63999938964844,91.62000274658205,91.62000274658205,73.82331848144531,417400
2012-07-10,91.62000274658205,91.63999938964844,91.62000274658205,91.62000274658205,73.82331848144531,451450
2012-07-11,91.62000274658205,91.63999938964844,91.62000274658205,91.62000274658205,73.82331848144531,124950
2012-07-12,91.62000274658205,91.63999938964844,91.62000274658205,91.62000274658205,73.82331848144531,260700
2012-07-13,91.62000274658205,91.63999938964844,91.62000274658205,91.63999938964844,73.83942413330078,159750
2012-07-16,91.62000274658205,91.63999938964844,91.62000274658205,91.62000274658205,73.82331848144531,98000
2012-07-17,91.62000274658205,91.63999938964844,91.62000274658205,91.62000274658205,73.82331848144531,46550
2012-07-18,91.63999938964844,91.63999938964844,91.62000274658205,91.62000274658205,73.82331848144531,108500
2012-07-19,91.63999938964844,91.63999938964844,91.62000274658205,91.63999938964844,73.83942413330078,160350
2012-07-20,91.62000274658205,91.63999938964844,91.62000274658205,91.62000274658205,73.82331848144531,121750
2012-07-23,91.63999938964844,91.63999938964844,91.62000274658205,91.62000274658205,73.82331848144531,144550
2012-07-24,91.62000274658205,91.63999938964844,91.62000274658205,91.63999938964844,73.83942413330078,225300
2012-07-25,91.63999938964844,91.66000366210938,91.62000274658205,91.66000366210938,73.85555267333984,1505750
2012-07-26,91.63999938964844,91.66000366210938,91.63999938964844,91.63999938964844,73.83942413330078,424850
2012-07-27,91.63999938964844,91.66000366210938,91.63999938964844,91.66000366210938,73.85555267333984,179400
2012-07-30,91.66000366210938,91.66000366210938,91.63999938964844,91.66000366210938,73.85555267333984,372150
2012-07-31,91.62000274658205,91.63999938964844,91.62000274658205,91.62000274658205,73.82331848144531,150900
2012-08-01,91.66000366210938,91.66000366210938,91.63999938964844,91.63999938964844,73.83942413330078,699750
2012-08-02,91.63999938964844,91.66000366210938,91.63999938964844,91.63999938964844,73.83942413330078,105600
2012-08-03,91.63999938964844,91.66000366210938,91.63999938964844,91.63999938964844,73.83942413330078,123350
2012-08-06,91.63999938964844,91.66000366210938,91.63999938964844,91.66000366210938,73.85555267333984,208550
2012-08-07,91.63999938964844,91.66000366210938,91.62000274658205,91.63999938964844,73.83942413330078,545300
2012-08-08,91.63999938964844,91.63999938964844,91.62000274658205,91.62000274658205,73.82331848144531,205650
2012-08-09,91.62000274658205,91.63999938964844,91.62000274658205,91.62000274658205,73.82331848144531,65400
2012-08-10,91.62000274658205,91.63999938964844,91.62000274658205,91.62000274658205,73.82331848144531,246800
2012-08-13,91.63999938964844,91.63999938964844,91.62000274658205,91.62000274658205,73.82331848144531,1007900
2012-08-14,91.62000274658205,91.63999938964844,91.62000274658205,91.62000274658205,73.82331848144531,179250
2012-08-15,91.62000274658205,91.63999938964844,91.62000274658205,91.62000274658205,73.82331848144531,85150
2012-08-16,91.62000274658205,91.63999938964844,91.62000274658205,91.62000274658205,73.82331848144531,538500
2012-08-17,91.62000274658205,91.63999938964844,91.62000274658205,91.62000274658205,73.82331848144531,190050
2012-08-20,91.62000274658205,91.63999938964844,91.62000274658205,91.62000274658205,73.82331848144531,116400
2012-08-21,91.62000274658205,91.63999938964844,91.62000274658205,91.62000274658205,73.82331848144531,152550
2012-08-22,91.62000274658205,91.63999938964844,91.62000274658205,91.62000274658205,73.82331848144531,102850
2012-08-23,91.62000274658205,91.63999938964844,91.62000274658205,91.62000274658205,73.82331848144531,134200
2012-08-24,91.63999938964844,91.63999938964844,91.62000274658205,91.62000274658205,73.82331848144531,131200
2012-08-27,91.62000274658205,91.63999938964844,91.62000274658205,91.62000274658205,73.82331848144531,101300
2012-08-28,91.62000274658205,91.63999938964844,91.62000274658205,91.62000274658205,73.82331848144531,99500
2012-08-29,91.62000274658205,91.63999938964844,91.62000274658205,91.62000274658205,73.82331848144531,72350
2012-08-30,91.63999938964844,91.63999938964844,91.62000274658205,91.62000274658205,73.82331848144531,137300
2012-08-31,91.62000274658205,91.63999938964844,91.62000274658205,91.62000274658205,73.82331848144531,183450
2012-09-04,91.62000274658205,91.63999938964844,91.62000274658205,91.62000274658205,73.82331848144531,122850
2012-09-05,91.63999938964844,91.63999938964844,91.62000274658205,91.63999938964844,73.83942413330078,357800
2012-09-06,91.62000274658205,91.63999938964844,91.62000274658205,91.63999938964844,73.83942413330078,133550
2012-09-07,91.62000274658205,91.63999938964844,91.62000274658205,91.62000274658205,73.82331848144531,580850
2012-09-10,91.62000274658205,91.63999938964844,91.62000274658205,91.62000274658205,73.82331848144531,430700
2012-09-11,91.63999938964844,91.63999938964844,91.62000274658205,91.62000274658205,73.82331848144531,49900
2012-09-12,91.62000274658205,91.63999938964844,91.62000274658205,91.62000274658205,73.82331848144531,192750
2012-09-13,91.62000274658205,91.63999938964844,91.62000274658205,91.62000274658205,73.82331848144531,553050
2012-09-14,91.62000274658205,91.63999938964844,91.62000274658205,91.62000274658205,73.82331848144531,97100
2012-09-17,91.62000274658205,91.63999938964844,91.62000274658205,91.62000274658205,73.82331848144531,141700
2012-09-18,91.63999938964844,91.63999938964844,91.62000274658205,91.62000274658205,73.82331848144531,1879300
2012-09-19,91.62000274658205,91.63999938964844,91.62000274658205,91.62000274658205,73.82331848144531,178100
2012-09-20,91.62000274658205,91.63999938964844,91.62000274658205,91.62000274658205,73.82331848144531,229500
2012-09-21,91.62000274658205,91.63999938964844,91.62000274658205,91.62000274658205,73.82331848144531,1148750
2012-09-24,91.63999938964844,91.63999938964844,91.62000274658205,91.62000274658205,73.82331848144531,123950
2012-09-25,91.62000274658205,91.63999938964844,91.62000274658205,91.62000274658205,73.82331848144531,276650
2012-09-26,91.62000274658205,91.63999938964844,91.62000274658205,91.62000274658205,73.82331848144531,150900
2012-09-27,91.62000274658205,91.63999938964844,91.62000274658205,91.63999938964844,73.83942413330078,138000
2012-09-28,91.63999938964844,91.63999938964844,91.62000274658205,91.62000274658205,73.82331848144531,165650
2012-10-01,91.62000274658205,91.63999938964844,91.62000274658205,91.62000274658205,73.82331848144531,165100
2012-10-02,91.62000274658205,91.63999938964844,91.62000274658205,91.63999938964844,73.83942413330078,92950
2012-10-03,91.62000274658205,91.63999938964844,91.62000274658205,91.62000274658205,73.82331848144531,138500
2012-10-04,91.62000274658205,91.63999938964844,91.62000274658205,91.62000274658205,73.82331848144531,738550
2012-10-05,91.63999938964844,91.63999938964844,91.62000274658205,91.62000274658205,73.82331848144531,541650
2012-10-08,91.63999938964844,91.63999938964844,91.62000274658205,91.62000274658205,73.82331848144531,273800
2012-10-09,91.62000274658205,91.63999938964844,91.62000274658205,91.62000274658205,73.82331848144531,287450
2012-10-10,91.62000274658205,91.63999938964844,91.62000274658205,91.63999938964844,73.83942413330078,253600
2012-10-11,91.62000274658205,91.63999938964844,91.62000274658205,91.63999938964844,73.83942413330078,69900
2012-10-12,91.63999938964844,91.63999938964844,91.62000274658205,91.62000274658205,73.82331848144531,189650
2012-10-15,91.62000274658205,91.63999938964844,91.62000274658205,91.63999938964844,73.83942413330078,131800
2012-10-16,91.62000274658205,91.63999938964844,91.62000274658205,91.62000274658205,73.82331848144531,134800
2012-10-17,91.62000274658205,91.63999938964844,91.62000274658205,91.63999938964844,73.83942413330078,48650
2012-10-18,91.62000274658205,91.63999938964844,91.62000274658205,91.62000274658205,73.82331848144531,97000
2012-10-19,91.63999938964844,91.63999938964844,91.62000274658205,91.62000274658205,73.82331848144531,199500
2012-10-22,91.62000274658205,91.63999938964844,91.62000274658205,91.62000274658205,73.82331848144531,78600
2012-10-23,91.63999938964844,91.63999938964844,91.62000274658205,91.63999938964844,73.83942413330078,965650
2012-10-24,91.62000274658205,91.63999938964844,91.62000274658205,91.63999938964844,73.83942413330078,183450
2012-10-25,91.62000274658205,91.63999938964844,91.62000274658205,91.62000274658205,73.82331848144531,223350
2012-10-26,91.63999938964844,91.63999938964844,91.62000274658205,91.62000274658205,73.82331848144531,45600
2012-10-31,91.62000274658205,91.63999938964844,91.62000274658205,91.63999938964844,73.83942413330078,395350
2012-11-01,91.63999938964844,91.63999938964844,91.62000274658205,91.63999938964844,73.83942413330078,66550
2012-11-02,91.63999938964844,91.63999938964844,91.62000274658205,91.63999938964844,73.83942413330078,378400
2012-11-05,91.62000274658205,91.63999938964844,91.62000274658205,91.62000274658205,73.82331848144531,528000
2012-11-06,91.62000274658205,91.63999938964844,91.62000274658205,91.62000274658205,73.82331848144531,106500
2012-11-07,91.62000274658205,91.63999938964844,91.62000274658205,91.63999938964844,73.83942413330078,1984650
2012-11-08,91.63999938964844,91.63999938964844,91.62000274658205,91.63999938964844,73.83942413330078,452750
2012-11-09,91.62000274658205,91.63999938964844,91.62000274658205,91.63999938964844,73.83942413330078,1463250
2012-11-12,91.63999938964844,91.63999938964844,91.62000274658205,91.63999938964844,73.83942413330078,376650
2012-11-13,91.62000274658205,91.63999938964844,91.62000274658205,91.63999938964844,73.83942413330078,2435000
2012-11-14,91.62000274658205,91.63999938964844,91.62000274658205,91.63999938964844,73.83942413330078,312900
2012-11-15,91.62000274658205,91.63999938964844,91.62000274658205,91.63999938964844,73.83942413330078,304450
2012-11-16,91.62000274658205,91.63999938964844,91.62000274658205,91.63999938964844,73.83942413330078,148600
2012-11-19,91.62000274658205,91.63999938964844,91.62000274658205,91.63999938964844,73.83942413330078,133650
2012-11-20,91.62000274658205,91.63999938964844,91.62000274658205,91.62000274658205,73.82331848144531,64900
2012-11-21,91.62000274658205,91.63999938964844,91.62000274658205,91.62000274658205,73.82331848144531,69800
2012-11-23,91.62000274658205,91.63999938964844,91.62000274658205,91.62000274658205,73.82331848144531,52900
2012-11-26,91.62000274658205,91.63999938964844,91.62000274658205,91.62000274658205,73.82331848144531,594700
2012-11-27,91.62000274658205,91.63999938964844,91.62000274658205,91.62000274658205,73.82331848144531,213150
2012-11-28,91.62000274658205,91.63999938964844,91.62000274658205,91.62000274658205,73.82331848144531,63950
2012-11-29,91.62000274658205,91.63999938964844,91.62000274658205,91.62000274658205,73.82331848144531,1176750
2012-11-30,91.63999938964844,91.63999938964844,91.62000274658205,91.62000274658205,73.82331848144531,701350
2012-12-03,91.62000274658205,91.63999938964844,91.62000274658205,91.62000274658205,73.82331848144531,694000
2012-12-04,91.63999938964844,91.63999938964844,91.62000274658205,91.62000274658205,73.82331848144531,217150
2012-12-05,91.62000274658205,91.63999938964844,91.62000274658205,91.62000274658205,73.82331848144531,141750
2012-12-06,91.62000274658205,91.63999938964844,91.62000274658205,91.62000274658205,73.82331848144531,137200
2012-12-07,91.62000274658205,91.63999938964844,91.62000274658205,91.62000274658205,73.82331848144531,376400
2012-12-10,91.62000274658205,91.63999938964844,91.62000274658205,91.62000274658205,73.82331848144531,356500
2012-12-11,91.62000274658205,91.63999938964844,91.62000274658205,91.62000274658205,73.82331848144531,308800
2012-12-12,91.62000274658205,91.63999938964844,91.62000274658205,91.62000274658205,73.82331848144531,269950
2012-12-13,91.62000274658205,91.63999938964844,91.62000274658205,91.62000274658205,73.82331848144531,151700
2012-12-14,91.63999938964844,91.63999938964844,91.62000274658205,91.62000274658205,73.82331848144531,163350
2012-12-17,91.62000274658205,91.63999938964844,91.62000274658205,91.62000274658205,73.82331848144531,665300
2012-12-18,91.62000274658205,91.63999938964844,91.62000274658205,91.63999938964844,73.83942413330078,254200
2012-12-19,91.62000274658205,91.63999938964844,91.62000274658205,91.62000274658205,73.82331848144531,150550
2012-12-20,91.62000274658205,91.63999938964844,91.62000274658205,91.62000274658205,73.82331848144531,189600
2012-12-21,91.62000274658205,91.63999938964844,91.62000274658205,91.62000274658205,73.82331848144531,153400
2012-12-24,91.63999938964844,91.63999938964844,91.62000274658205,91.62000274658205,73.82331848144531,107450
2012-12-26,91.62000274658205,91.63999938964844,91.62000274658205,91.62000274658205,73.82331848144531,85000
2012-12-27,91.63999938964844,91.63999938964844,91.62000274658205,91.62000274658205,73.82331848144531,62100
2012-12-28,91.62000274658205,91.63999938964844,91.62000274658205,91.63999938964844,73.83942413330078,213250
2012-12-31,91.63999938964844,91.63999938964844,91.62000274658205,91.62000274658205,73.82331848144531,373700
2013-01-02,91.62000274658205,91.63999938964844,91.62000274658205,91.62000274658205,73.82331848144531,1277900
2013-01-03,91.63999938964844,91.63999938964844,91.62000274658205,91.62000274658205,73.82331848144531,294500
2013-01-04,91.62000274658205,91.63999938964844,91.62000274658205,91.63999938964844,73.83942413330078,192700
2013-01-07,91.5999984741211,91.62000274658205,91.5999984741211,91.5999984741211,73.80719757080078,179650
2013-01-08,91.62000274658205,91.62000274658205,91.5999984741211,91.5999984741211,73.80719757080078,106650
2013-01-09,91.5999984741211,91.62000274658205,91.5999984741211,91.5999984741211,73.80719757080078,197400
2013-01-10,91.5999984741211,91.62000274658205,91.5999984741211,91.5999984741211,73.80719757080078,81100
2013-01-11,91.62000274658205,91.62000274658205,91.5999984741211,91.5999984741211,73.80719757080078,58750
2013-01-14,91.62000274658205,91.62000274658205,91.5999984741211,91.5999984741211,73.80719757080078,87250
2013-01-15,91.5999984741211,91.62000274658205,91.5999984741211,91.5999984741211,73.80719757080078,72400
2013-01-16,91.5999984741211,91.62000274658205,91.5999984741211,91.5999984741211,73.80719757080078,417550
2013-01-17,91.5999984741211,91.62000274658205,91.5999984741211,91.62000274658205,73.82331848144531,739550
2013-01-18,91.62000274658205,91.62000274658205,91.5999984741211,91.5999984741211,73.80719757080078,279400
2013-01-22,91.5999984741211,91.62000274658205,91.5999984741211,91.5999984741211,73.80719757080078,139500
2013-01-23,91.5999984741211,91.62000274658205,91.5999984741211,91.5999984741211,73.80719757080078,150250
2013-01-24,91.5999984741211,91.62000274658205,91.5999984741211,91.62000274658205,73.82331848144531,2557850
2013-01-25,91.5999984741211,91.62000274658205,91.5999984741211,91.5999984741211,73.80719757080078,188800
2013-01-28,91.5999984741211,91.62000274658205,91.5999984741211,91.5999984741211,73.80719757080078,285500
2013-01-29,91.62000274658205,91.62000274658205,91.5999984741211,91.5999984741211,73.80719757080078,85300
2013-01-30,91.5999984741211,91.62000274658205,91.5999984741211,91.5999984741211,73.80719757080078,160750
2013-01-31,91.62000274658205,91.62000274658205,91.5999984741211,91.62000274658205,73.82331848144531,168450
2013-02-01,91.5999984741211,91.62000274658205,91.5999984741211,91.5999984741211,73.80719757080078,171650
2013-02-04,91.5999984741211,91.62000274658205,91.5999984741211,91.5999984741211,73.80719757080078,112550
2013-02-05,91.5999984741211,91.62000274658205,91.5999984741211,91.62000274658205,73.82331848144531,165500
2013-02-06,91.62000274658205,91.62000274658205,91.5999984741211,91.62000274658205,73.82331848144531,282550
2013-02-07,91.5999984741211,91.62000274658205,91.5999984741211,91.62000274658205,73.82331848144531,50900
2013-02-08,91.62000274658205,91.62000274658205,91.5999984741211,91.62000274658205,73.82331848144531,579750
2013-02-11,91.5999984741211,91.62000274658205,91.5999984741211,91.62000274658205,73.82331848144531,205000
2013-02-12,91.62000274658205,91.62000274658205,91.5999984741211,91.62000274658205,73.82331848144531,195600
2013-02-13,91.62000274658205,91.62000274658205,91.5999984741211,91.5999984741211,73.80719757080078,98300
2013-02-14,91.5999984741211,91.62000274658205,91.5999984741211,91.62000274658205,73.82331848144531,116500
2013-02-15,91.62000274658205,91.62000274658205,91.5999984741211,91.5999984741211,73.80719757080078,51900
2013-02-19,91.62000274658205,91.62000274658205,91.5999984741211,91.5999984741211,73.80719757080078,89200
2013-02-20,91.62000274658205,91.62000274658205,91.5999984741211,91.62000274658205,73.82331848144531,110450
2013-02-21,91.62000274658205,91.62000274658205,91.5999984741211,91.5999984741211,73.80719757080078,290850
2013-02-22,91.5999984741211,91.62000274658205,91.5999984741211,91.62000274658205,73.82331848144531,70800
2013-02-25,91.62000274658205,91.62000274658205,91.5999984741211,91.5999984741211,73.80719757080078,125400
2013-02-26,91.5999984741211,91.62000274658205,91.5999984741211,91.5999984741211,73.80719757080078,145250
2013-02-27,91.5999984741211,91.62000274658205,91.5999984741211,91.62000274658205,73.82331848144531,101600
2013-02-28,91.62000274658205,91.62000274658205,91.5999984741211,91.62000274658205,73.82331848144531,328500
2013-03-01,91.62000274658205,91.62000274658205,91.5999984741211,91.62000274658205,73.82331848144531,67500
2013-03-04,91.5999984741211,91.62000274658205,91.5999984741211,91.5999984741211,73.80719757080078,86700
2013-03-05,91.5999984741211,91.62000274658205,91.5999984741211,91.62000274658205,73.82331848144531,133700
2013-03-06,91.5999984741211,91.62000274658205,91.5999984741211,91.5999984741211,73.80719757080078,186800
2013-03-07,91.5999984741211,91.62000274658205,91.5999984741211,91.62000274658205,73.82331848144531,58250
2013-03-08,91.62000274658205,91.62000274658205,91.5999984741211,91.5999984741211,73.80719757080078,291400
2013-03-11,91.5999984741211,91.62000274658205,91.5999984741211,91.62000274658205,73.82331848144531,126700
2013-03-12,91.5999984741211,91.62000274658205,91.5999984741211,91.5999984741211,73.80719757080078,159950
2013-03-13,91.5999984741211,91.62000274658205,91.5999984741211,91.62000274658205,73.82331848144531,161300
2013-03-14,91.62000274658205,91.62000274658205,91.5999984741211,91.62000274658205,73.82331848144531,105100
2013-03-15,91.5999984741211,91.62000274658205,91.5999984741211,91.62000274658205,73.82331848144531,176800
2013-03-18,91.62000274658205,91.62000274658205,91.5999984741211,91.5999984741211,73.80719757080078,2238950
2013-03-19,91.5999984741211,91.62000274658205,91.5999984741211,91.5999984741211,73.80719757080078,93550
2013-03-20,91.5999984741211,91.62000274658205,91.5999984741211,91.5999984741211,73.80719757080078,140850
2013-03-21,91.5999984741211,91.62000274658205,91.5999984741211,91.5999984741211,73.80719757080078,61650
2013-03-22,91.5999984741211,91.62000274658205,91.5999984741211,91.62000274658205,73.82331848144531,83900
2013-03-25,91.5999984741211,91.62000274658205,91.5999984741211,91.5999984741211,73.80719757080078,338550
2013-03-26,91.62000274658205,91.62000274658205,91.5999984741211,91.62000274658205,73.82331848144531,119100
2013-03-27,91.5999984741211,91.62000274658205,91.5999984741211,91.5999984741211,73.80719757080078,262850
2013-03-28,91.5999984741211,91.62000274658205,91.5999984741211,91.62000274658205,73.82331848144531,97800
2013-04-01,91.62000274658205,91.62000274658205,91.5999984741211,91.5999984741211,73.80719757080078,182100
2013-04-02,91.62000274658205,91.62000274658205,91.5999984741211,91.62000274658205,73.82331848144531,139900
2013-04-03,91.62000274658205,91.62000274658205,91.5999984741211,91.5999984741211,73.80719757080078,143350
2013-04-04,91.5999984741211,91.62000274658205,91.5999984741211,91.5999984741211,73.80719757080078,91800
2013-04-05,91.5999984741211,91.62000274658205,91.5999984741211,91.62000274658205,73.82331848144531,182250
2013-04-08,91.62000274658205,91.62000274658205,91.5999984741211,91.62000274658205,73.82331848144531,113900
2013-04-09,91.62000274658205,91.62000274658205,91.5999984741211,91.62000274658205,73.82331848144531,82300
2013-04-10,91.62000274658205,91.62000274658205,91.5999984741211,91.62000274658205,73.82331848144531,74250
2013-04-11,91.62000274658205,91.62000274658205,91.5999984741211,91.5999984741211,73.80719757080078,281900
2013-04-12,91.62000274658205,91.62000274658205,91.5999984741211,91.62000274658205,73.82331848144531,91650
2013-04-15,91.5999984741211,91.62000274658205,91.5999984741211,91.62000274658205,73.82331848144531,146050
2013-04-16,91.62000274658205,91.62000274658205,91.5999984741211,91.62000274658205,73.82331848144531,90350
2013-04-17,91.5999984741211,91.62000274658205,91.5999984741211,91.62000274658205,73.82331848144531,73450
2013-04-18,91.5999984741211,91.62000274658205,91.5999984741211,91.5999984741211,73.80719757080078,247100
2013-04-19,91.62000274658205,91.62000274658205,91.5999984741211,91.62000274658205,73.82331848144531,90300
2013-04-22,91.5999984741211,91.62000274658205,91.5999984741211,91.62000274658205,73.82331848144531,57250
2013-04-23,91.5999984741211,91.62000274658205,91.5999984741211,91.62000274658205,73.82331848144531,355500
2013-04-24,91.62000274658205,91.62000274658205,91.5999984741211,91.62000274658205,73.82331848144531,159900
2013-04-25,91.5999984741211,91.62000274658205,91.5999984741211,91.5999984741211,73.80719757080078,104750
2013-04-26,91.5999984741211,91.62000274658205,91.5999984741211,91.5999984741211,73.80719757080078,81500
2013-04-29,91.62000274658205,91.62000274658205,91.5999984741211,91.5999984741211,73.80719757080078,117850
2013-04-30,91.62000274658205,91.62000274658205,91.5999984741211,91.5999984741211,73.80719757080078,184450
2013-05-01,91.5999984741211,91.62000274658205,91.5999984741211,91.5999984741211,73.80719757080078,704750
2013-05-02,91.62000274658205,91.62000274658205,91.5999984741211,91.62000274658205,73.82331848144531,71800
2013-05-03,91.62000274658205,91.62000274658205,91.5999984741211,91.5999984741211,73.80719757080078,263600
2013-05-06,91.5999984741211,91.62000274658205,91.5999984741211,91.5999984741211,73.80719757080078,117300
2013-05-07,91.5999984741211,91.62000274658205,91.5999984741211,91.5999984741211,73.80719757080078,51250
2013-05-08,91.5999984741211,91.62000274658205,91.5999984741211,91.62000274658205,73.82331848144531,186750
2013-05-09,91.5999984741211,91.62000274658205,91.5999984741211,91.62000274658205,73.82331848144531,59800
2013-05-10,91.5999984741211,91.62000274658205,91.5999984741211,91.5999984741211,73.80719757080078,77150
2013-05-13,91.62000274658205,91.62000274658205,91.5999984741211,91.62000274658205,73.82331848144531,90700
2013-05-14,91.62000274658205,91.62000274658205,91.5999984741211,91.5999984741211,73.80719757080078,441750
2013-05-15,91.5999984741211,91.62000274658205,91.5999984741211,91.5999984741211,73.80719757080078,110150
2013-05-16,91.62000274658205,91.62000274658205,91.5999984741211,91.5999984741211,73.80719757080078,163650
2013-05-17,91.5999984741211,91.62000274658205,91.5999984741211,91.62000274658205,73.82331848144531,181600
2013-05-20,91.5999984741211,91.62000274658205,91.5999984741211,91.5999984741211,73.80719757080078,239050
2013-05-21,91.62000274658205,91.62000274658205,91.5999984741211,91.62000274658205,73.82331848144531,113100
2013-05-22,91.5999984741211,91.62000274658205,91.5999984741211,91.62000274658205,73.82331848144531,121000
2013-05-23,91.62000274658205,91.62000274658205,91.5999984741211,91.62000274658205,73.82331848144531,434350
2013-05-24,91.62000274658205,91.62000274658205,91.5999984741211,91.62000274658205,73.82331848144531,55200
2013-05-28,91.5999984741211,91.62000274658205,91.5999984741211,91.5999984741211,73.80719757080078,110300
2013-05-29,91.62000274658205,91.62000274658205,91.5999984741211,91.62000274658205,73.82331848144531,230750
2013-05-30,91.5999984741211,91.62000274658205,91.5999984741211,91.5999984741211,73.80719757080078,92450
2013-05-31,91.5999984741211,91.62000274658205,91.5999984741211,91.62000274658205,73.82331848144531,1031050
2013-06-03,91.5999984741211,91.62000274658205,91.5999984741211,91.62000274658205,73.82331848144531,453450
2013-06-04,91.5999984741211,91.62000274658205,91.5999984741211,91.62000274658205,73.82331848144531,147200
2013-06-05,91.5999984741211,91.62000274658205,91.5999984741211,91.62000274658205,73.82331848144531,123150
2013-06-06,91.62000274658205,91.62000274658205,91.58000183105467,91.5999984741211,73.80719757080078,2841800
2013-06-07,91.58000183105467,91.62000274658205,91.58000183105467,91.62000274658205,73.82331848144531,275000
2013-06-10,91.62000274658205,91.62000274658205,91.5999984741211,91.5999984741211,73.80719757080078,212800
2013-06-11,91.62000274658205,91.62000274658205,91.5999984741211,91.62000274658205,73.82331848144531,160350
2013-06-12,91.62000274658205,91.62000274658205,91.5999984741211,91.5999984741211,73.80719757080078,490050
2013-06-13,91.5999984741211,91.62000274658205,91.5999984741211,91.62000274658205,73.82331848144531,2133200
2013-06-14,91.5999984741211,91.62000274658205,91.5999984741211,91.5999984741211,73.80719757080078,350350
2013-06-17,91.5999984741211,91.62000274658205,91.5999984741211,91.5999984741211,73.80719757080078,105150
2013-06-18,91.5999984741211,91.62000274658205,91.5999984741211,91.5999984741211,73.80719757080078,169700
2013-06-19,91.62000274658205,91.62000274658205,91.5999984741211,91.5999984741211,73.80719757080078,116200
2013-06-20,91.62000274658205,91.62000274658205,91.5999984741211,91.5999984741211,73.80719757080078,1520400
2013-06-21,91.62000274658205,91.62000274658205,91.5999984741211,91.62000274658205,73.82331848144531,444100
2013-06-24,91.5999984741211,91.62000274658205,91.5999984741211,91.62000274658205,73.82331848144531,384500
2013-06-25,91.5999984741211,91.62000274658205,91.5999984741211,91.62000274658205,73.82331848144531,3208500
2013-06-26,91.5999984741211,91.62000274658205,91.5999984741211,91.62000274658205,73.82331848144531,473600
2013-06-27,91.62000274658205,91.62000274658205,91.5999984741211,91.5999984741211,73.80719757080078,185250
2013-06-28,91.62000274658205,91.62000274658205,91.58000183105467,91.5999984741211,73.80719757080078,1420750
2013-07-01,91.5999984741211,91.62000274658205,91.5999984741211,91.62000274658205,73.82331848144531,437200
2013-07-02,91.62000274658205,91.62000274658205,91.5999984741211,91.5999984741211,73.80719757080078,378300
2013-07-03,91.62000274658205,91.62000274658205,91.5999984741211,91.62000274658205,73.82331848144531,208100
2013-07-05,91.62000274658205,91.62000274658205,91.5999984741211,91.62000274658205,73.82331848144531,342300
2013-07-08,91.5999984741211,91.62000274658205,91.58000183105467,91.58000183105467,73.79107666015625,152300
2013-07-09,91.58000183105467,91.62000274658205,91.58000183105467,91.58000183105467,73.79107666015625,631600
2013-07-10,91.58000183105467,91.5999984741211,91.58000183105467,91.58000183105467,73.79107666015625,239350
2013-07-11,91.58000183105467,91.5999984741211,91.58000183105467,91.58000183105467,73.79107666015625,790050
2013-07-12,91.58000183105467,91.5999984741211,91.58000183105467,91.58000183105467,73.79107666015625,254550
2013-07-15,91.58000183105467,91.5999984741211,91.58000183105467,91.58000183105467,73.79107666015625,298700
2013-07-16,91.5999984741211,91.5999984741211,91.58000183105467,91.58000183105467,73.79107666015625,146050
2013-07-17,91.5999984741211,91.5999984741211,91.58000183105467,91.58000183105467,73.79107666015625,156600
2013-07-18,91.5999984741211,91.5999984741211,91.58000183105467,91.5999984741211,73.80719757080078,168700
2013-07-19,91.58000183105467,91.5999984741211,91.58000183105467,91.5999984741211,73.80719757080078,85550
2013-07-22,91.5999984741211,91.5999984741211,91.58000183105467,91.5999984741211,73.80719757080078,421550
2013-07-23,91.58000183105467,91.5999984741211,91.58000183105467,91.5999984741211,73.80719757080078,92900
2013-07-24,91.5999984741211,91.62000274658205,91.58000183105467,91.62000274658205,73.82331848144531,747200
2013-07-25,91.5999984741211,91.62000274658205,91.58000183105467,91.58000183105467,73.79107666015625,149550
2013-07-26,91.62000274658205,91.62000274658205,91.58000183105467,91.58000183105467,73.79107666015625,378550
2013-07-29,91.58000183105467,91.5999984741211,91.58000183105467,91.5999984741211,73.80719757080078,160600
2013-07-30,91.58000183105467,91.5999984741211,91.58000183105467,91.58000183105467,73.79107666015625,172400
2013-07-31,91.5999984741211,91.5999984741211,91.58000183105467,91.5999984741211,73.80719757080078,238800
2013-08-01,91.58000183105467,91.5999984741211,91.58000183105467,91.58000183105467,73.79107666015625,207450
2013-08-02,91.58000183105467,91.5999984741211,91.58000183105467,91.5999984741211,73.80719757080078,273800
2013-08-05,91.5999984741211,91.5999984741211,91.58000183105467,91.5999984741211,73.80719757080078,149900
2013-08-06,91.5999984741211,91.5999984741211,91.58000183105467,91.5999984741211,73.80719757080078,89300
2013-08-07,91.5999984741211,91.5999984741211,91.58000183105467,91.58000183105467,73.79107666015625,97100
2013-08-08,91.58000183105467,91.5999984741211,91.58000183105467,91.58000183105467,73.79107666015625,112050
2013-08-09,91.58000183105467,91.5999984741211,91.58000183105467,91.5999984741211,73.80719757080078,172650
2013-08-12,91.5999984741211,91.5999984741211,91.58000183105467,91.5999984741211,73.80719757080078,118550
2013-08-13,91.5999984741211,91.5999984741211,91.58000183105467,91.5999984741211,73.80719757080078,60500
2013-08-14,91.58000183105467,91.5999984741211,91.58000183105467,91.5999984741211,73.80719757080078,131400
2013-08-15,91.5999984741211,91.5999984741211,91.58000183105467,91.5999984741211,73.80719757080078,668500
2013-08-16,91.5999984741211,91.5999984741211,91.58000183105467,91.5999984741211,73.80719757080078,491950
2013-08-19,91.5999984741211,91.5999984741211,91.58000183105467,91.58000183105467,73.79107666015625,233600
2013-08-20,91.5999984741211,91.5999984741211,91.58000183105467,91.5999984741211,73.80719757080078,207650
2013-08-21,91.58000183105467,91.5999984741211,91.58000183105467,91.5999984741211,73.80719757080078,244300
2013-08-22,91.5999984741211,91.5999984741211,91.58000183105467,91.58000183105467,73.79107666015625,240850
2013-08-23,91.5999984741211,91.5999984741211,91.58000183105467,91.5999984741211,73.80719757080078,86050
2013-08-26,91.58000183105467,91.5999984741211,91.58000183105467,91.58000183105467,73.79107666015625,249800
2013-08-27,91.5999984741211,91.5999984741211,91.58000183105467,91.58000183105467,73.79107666015625,231250
2013-08-28,91.58000183105467,91.5999984741211,91.58000183105467,91.58000183105467,73.79107666015625,77950
2013-08-29,91.5999984741211,91.5999984741211,91.58000183105467,91.5999984741211,73.80719757080078,133950
2013-08-30,91.58000183105467,91.5999984741211,91.58000183105467,91.5999984741211,73.80719757080078,500900
2013-09-03,91.58000183105467,91.5999984741211,91.58000183105467,91.5999984741211,73.80719757080078,370900
2013-09-04,91.58000183105467,91.5999984741211,91.58000183105467,91.5999984741211,73.80719757080078,206500
2013-09-05,91.58000183105467,91.5999984741211,91.58000183105467,91.5999984741211,73.80719757080078,527000
2013-09-06,91.58000183105467,91.5999984741211,91.58000183105467,91.5999984741211,73.80719757080078,265500
2013-09-09,91.5999984741211,91.5999984741211,91.55999755859376,91.55999755859376,73.77493286132812,903150
2013-09-10,91.5999984741211,91.5999984741211,91.58000183105467,91.58000183105467,73.79107666015625,275950
2013-09-11,91.5999984741211,91.5999984741211,91.58000183105467,91.58000183105467,73.79107666015625,417200
2013-09-12,91.5999984741211,91.5999984741211,91.58000183105467,91.58000183105467,73.79107666015625,97150
2013-09-13,91.5999984741211,91.5999984741211,91.58000183105467,91.5999984741211,73.80719757080078,355250
2013-09-16,91.58000183105467,91.5999984741211,91.58000183105467,91.58000183105467,73.79107666015625,185150
2013-09-17,91.58000183105467,91.5999984741211,91.58000183105467,91.58000183105467,73.79107666015625,158050
2013-09-18,91.58000183105467,91.5999984741211,91.58000183105467,91.5999984741211,73.80719757080078,295750
2013-09-19,91.58000183105467,91.5999984741211,91.58000183105467,91.5999984741211,73.80719757080078,206200
2013-09-20,91.5999984741211,91.5999984741211,91.58000183105467,91.58000183105467,73.79107666015625,647550
2013-09-23,91.58000183105467,91.5999984741211,91.58000183105467,91.58000183105467,73.79107666015625,191300
2013-09-24,91.5999984741211,91.5999984741211,91.58000183105467,91.58000183105467,73.79107666015625,160600
2013-09-25,91.58000183105467,91.5999984741211,91.58000183105467,91.58000183105467,73.79107666015625,83150
2013-09-26,91.5999984741211,91.5999984741211,91.58000183105467,91.58000183105467,73.79107666015625,102050
2013-09-27,91.58000183105467,91.5999984741211,91.58000183105467,91.58000183105467,73.79107666015625,247300
2013-09-30,91.58000183105467,91.5999984741211,91.58000183105467,91.58000183105467,73.79107666015625,480950
2013-10-01,91.5999984741211,91.5999984741211,91.55999755859376,91.5999984741211,73.80719757080078,2340450
2013-10-02,91.5999984741211,91.5999984741211,91.58000183105467,91.5999984741211,73.80719757080078,185000
2013-10-03,91.5999984741211,91.5999984741211,91.58000183105467,91.5999984741211,73.80719757080078,1240550
2013-10-04,91.58000183105467,91.5999984741211,91.58000183105467,91.5999984741211,73.80719757080078,283800
2013-10-07,91.5999984741211,91.5999984741211,91.58000183105467,91.5999984741211,73.80719757080078,203000
2013-10-08,91.58000183105467,91.5999984741211,91.58000183105467,91.5999984741211,73.80719757080078,215850
2013-10-09,91.55999755859376,91.58000183105467,91.55999755859376,91.58000183105467,73.79107666015625,325100
2013-10-10,91.55999755859376,91.58000183105467,91.55999755859376,91.55999755859376,73.77493286132812,939600
2013-10-11,91.58000183105467,91.58000183105467,91.54000091552734,91.54000091552734,73.75885772705078,6366750
2013-10-14,91.54000091552734,91.55999755859376,91.54000091552734,91.54000091552734,73.75885772705078,150500
2013-10-15,91.55999755859376,91.55999755859376,91.54000091552734,91.54000091552734,73.75885772705078,562650
2013-10-16,91.54000091552734,91.58000183105467,91.54000091552734,91.55999755859376,73.77493286132812,945500
2013-10-17,91.58000183105467,91.58000183105467,91.55999755859376,91.55999755859376,73.77493286132812,140350
2013-10-18,91.55999755859376,91.58000183105467,91.55999755859376,91.58000183105467,73.79107666015625,197450
2013-10-21,91.58000183105467,91.58000183105467,91.55999755859376,91.58000183105467,73.79107666015625,215550
2013-10-22,91.55999755859376,91.58000183105467,91.55999755859376,91.58000183105467,73.79107666015625,100200
2013-10-23,91.58000183105467,91.58000183105467,91.55999755859376,91.58000183105467,73.79107666015625,259950
2013-10-24,91.55999755859376,91.58000183105467,91.55999755859376,91.55999755859376,73.77493286132812,149050
2013-10-25,91.55999755859376,91.58000183105467,91.55999755859376,91.58000183105467,73.79107666015625,69650
2013-10-28,91.55999755859376,91.58000183105467,91.55999755859376,91.58000183105467,73.79107666015625,88300
2013-10-29,91.55999755859376,91.58000183105467,91.55999755859376,91.55999755859376,73.77493286132812,873700
2013-10-30,91.55999755859376,91.58000183105467,91.55999755859376,91.55999755859376,73.77493286132812,399450
2013-10-31,91.58000183105467,91.58000183105467,91.55999755859376,91.55999755859376,73.77493286132812,143900
2013-11-01,91.58000183105467,91.58000183105467,91.55999755859376,91.55999755859376,73.77493286132812,539750
2013-11-04,91.55999755859376,91.58000183105467,91.55999755859376,91.55999755859376,73.77493286132812,138100
2013-11-05,91.58000183105467,91.58000183105467,91.55999755859376,91.55999755859376,73.77493286132812,85150
2013-11-06,91.58000183105467,91.58000183105467,91.55999755859376,91.58000183105467,73.79107666015625,502800
2013-11-07,91.55999755859376,91.58000183105467,91.55999755859376,91.55999755859376,73.77493286132812,156350
2013-11-08,91.58000183105467,91.58000183105467,91.55999755859376,91.55999755859376,73.77493286132812,296000
2013-11-11,91.55999755859376,91.58000183105467,91.55999755859376,91.58000183105467,73.79107666015625,125500
2013-11-12,91.58000183105467,91.58000183105467,91.55999755859376,91.58000183105467,73.79107666015625,129600
2013-11-13,91.55999755859376,91.58000183105467,91.55999755859376,91.58000183105467,73.79107666015625,117500
2013-11-14,91.58000183105467,91.58000183105467,91.55999755859376,91.55999755859376,73.77493286132812,156700
2013-11-15,91.58000183105467,91.58000183105467,91.55999755859376,91.55999755859376,73.77493286132812,91950
2013-11-18,91.55999755859376,91.58000183105467,91.55999755859376,91.55999755859376,73.77493286132812,180200
2013-11-19,91.55999755859376,91.58000183105467,91.55999755859376,91.55999755859376,73.77493286132812,93750
2013-11-20,91.58000183105467,91.58000183105467,91.55999755859376,91.55999755859376,73.77493286132812,108300
2013-11-21,91.58000183105467,91.58000183105467,91.55999755859376,91.58000183105467,73.79107666015625,287750
2013-11-22,91.55999755859376,91.58000183105467,91.55999755859376,91.55999755859376,73.77493286132812,385000
2013-11-25,91.58000183105467,91.58000183105467,91.55999755859376,91.55999755859376,73.77493286132812,630850
2013-11-26,91.55999755859376,91.58000183105467,91.55999755859376,91.55999755859376,73.77493286132812,62550
2013-11-27,91.58000183105467,91.58000183105467,91.55999755859376,91.58000183105467,73.79107666015625,145900
2013-11-29,91.58000183105467,91.58000183105467,91.54000091552734,91.54000091552734,73.75885772705078,465750
2013-12-02,91.55999755859376,91.58000183105467,91.55999755859376,91.55999755859376,73.77493286132812,187800
2013-12-03,91.55999755859376,91.58000183105467,91.55999755859376,91.58000183105467,73.79107666015625,312850
2013-12-04,91.58000183105467,91.58000183105467,91.55999755859376,91.58000183105467,73.79107666015625,329300
2013-12-05,91.58000183105467,91.58000183105467,91.55999755859376,91.58000183105467,73.79107666015625,139800
2013-12-06,91.58000183105467,91.58000183105467,91.55999755859376,91.58000183105467,73.79107666015625,188750
2013-12-09,91.55999755859376,91.58000183105467,91.55999755859376,91.58000183105467,73.79107666015625,224250
2013-12-10,91.55999755859376,91.58000183105467,91.55999755859376,91.55999755859376,73.77493286132812,66400
2013-12-11,91.55999755859376,91.58000183105467,91.55999755859376,91.58000183105467,73.79107666015625,95000
2013-12-12,91.58000183105467,91.58000183105467,91.55999755859376,91.58000183105467,73.79107666015625,1124650
2013-12-13,91.58000183105467,91.58000183105467,91.55999755859376,91.58000183105467,73.79107666015625,75850
2013-12-16,91.58000183105467,91.58000183105467,91.55999755859376,91.55999755859376,73.77493286132812,412600
2013-12-17,91.55999755859376,91.58000183105467,91.55999755859376,91.55999755859376,73.77493286132812,112400
2013-12-18,91.55999755859376,91.58000183105467,91.55999755859376,91.58000183105467,73.79107666015625,114400
2013-12-19,91.55999755859376,91.58000183105467,91.55999755859376,91.58000183105467,73.79107666015625,1356750
2013-12-20,91.58000183105467,91.58000183105467,91.54000091552734,91.55999755859376,73.77493286132812,715800
2013-12-23,91.55999755859376,91.58000183105467,91.55999755859376,91.55999755859376,73.77493286132812,284700
2013-12-24,91.54000091552734,91.55999755859376,91.54000091552734,91.55999755859376,73.77493286132812,111300
2013-12-26,91.58000183105467,91.58000183105467,91.55999755859376,91.55999755859376,73.77493286132812,81300
2013-12-27,91.58000183105467,91.58000183105467,91.55999755859376,91.58000183105467,73.79107666015625,150600
2013-12-30,91.58000183105467,91.58000183105467,91.55999755859376,91.58000183105467,73.79107666015625,83650
2013-12-31,91.54000091552734,91.58000183105467,91.54000091552734,91.54000091552734,73.75885772705078,209300
2014-01-02,91.54000091552734,91.55999755859376,91.54000091552734,91.54000091552734,73.75885772705078,265900
2014-01-03,91.55999755859376,91.55999755859376,91.54000091552734,91.55999755859376,73.77493286132812,85850
2014-01-06,91.54000091552734,91.55999755859376,91.54000091552734,91.54000091552734,73.75885772705078,166200
2014-01-07,91.54000091552734,91.55999755859376,91.54000091552734,91.55999755859376,73.77493286132812,214700
2014-01-08,91.55999755859376,91.55999755859376,91.54000091552734,91.55999755859376,73.77493286132812,120550
2014-01-09,91.54000091552734,91.55999755859376,91.54000091552734,91.54000091552734,73.75885772705078,140700
2014-01-10,91.55999755859376,91.55999755859376,91.54000091552734,91.55999755859376,73.77493286132812,100050
2014-01-13,91.55999755859376,91.55999755859376,91.54000091552734,91.55999755859376,73.77493286132812,173550
2014-01-14,91.54000091552734,91.55999755859376,91.54000091552734,91.55999755859376,73.77493286132812,188500
2014-01-15,91.54000091552734,91.55999755859376,91.54000091552734,91.55999755859376,73.77493286132812,121500
2014-01-16,91.55999755859376,91.55999755859376,91.54000091552734,91.55999755859376,73.77493286132812,176250
2014-01-17,91.55999755859376,91.55999755859376,91.54000091552734,91.54000091552734,73.75885772705078,600450
2014-01-21,91.54000091552734,91.55999755859376,91.54000091552734,91.55999755859376,73.77493286132812,216350
2014-01-22,91.54000091552734,91.55999755859376,91.54000091552734,91.55999755859376,73.77493286132812,154400
2014-01-23,91.54000091552734,91.55999755859376,91.54000091552734,91.55999755859376,73.77493286132812,174600
2014-01-24,91.54000091552734,91.55999755859376,91.54000091552734,91.54000091552734,73.75885772705078,142100
2014-01-27,91.54000091552734,91.55999755859376,91.54000091552734,91.54000091552734,73.75885772705078,332700
2014-01-28,91.55999755859376,91.55999755859376,91.54000091552734,91.54000091552734,73.75885772705078,480150
2014-01-29,91.54000091552734,91.55999755859376,91.54000091552734,91.55999755859376,73.77493286132812,146350
2014-01-30,91.55999755859376,91.55999755859376,91.54000091552734,91.55999755859376,73.77493286132812,170050
2014-01-31,91.55999755859376,91.55999755859376,91.54000091552734,91.54000091552734,73.75885772705078,336200
2014-02-03,91.55999755859376,91.55999755859376,91.54000091552734,91.54000091552734,73.75885772705078,1180450
2014-02-04,91.55999755859376,91.55999755859376,91.54000091552734,91.55999755859376,73.77493286132812,1322350
2014-02-05,91.54000091552734,91.55999755859376,91.54000091552734,91.54000091552734,73.75885772705078,157650
2014-02-06,91.54000091552734,91.55999755859376,91.54000091552734,91.54000091552734,73.75885772705078,253150
2014-02-07,91.54000091552734,91.55999755859376,91.54000091552734,91.55999755859376,73.77493286132812,433800
2014-02-10,91.54000091552734,91.55999755859376,91.5199966430664,91.54000091552734,73.75885772705078,1369150
2014-02-11,91.5199966430664,91.55999755859376,91.5199966430664,91.54000091552734,73.75885772705078,915250
2014-02-12,91.54000091552734,91.55999755859376,91.54000091552734,91.55999755859376,73.77493286132812,148050
2014-02-13,91.54000091552734,91.55999755859376,91.54000091552734,91.55999755859376,73.77493286132812,471650
2014-02-14,91.54000091552734,91.55999755859376,91.54000091552734,91.55999755859376,73.77493286132812,139650
2014-02-18,91.55999755859376,91.55999755859376,91.54000091552734,91.54000091552734,73.75885772705078,303550
2014-02-19,91.55999755859376,91.55999755859376,91.54000091552734,91.55999755859376,73.77493286132812,140100
2014-02-20,91.54000091552734,91.55999755859376,91.54000091552734,91.55999755859376,73.77493286132812,240750
2014-02-21,91.54000091552734,91.55999755859376,91.54000091552734,91.54000091552734,73.75885772705078,298050
2014-02-24,91.54000091552734,91.55999755859376,91.54000091552734,91.55999755859376,73.77493286132812,613700
2014-02-25,91.55999755859376,91.55999755859376,91.54000091552734,91.55999755859376,73.77493286132812,178000
2014-02-26,91.54000091552734,91.55999755859376,91.54000091552734,91.55999755859376,73.77493286132812,87700
2014-02-27,91.54000091552734,91.55999755859376,91.54000091552734,91.54000091552734,73.75885772705078,95300
2014-02-28,91.54000091552734,91.55999755859376,91.54000091552734,91.55999755859376,73.77493286132812,167350
2014-03-03,91.54000091552734,91.55999755859376,91.54000091552734,91.55999755859376,73.77493286132812,858450
2014-03-04,91.54000091552734,91.55999755859376,91.54000091552734,91.54000091552734,73.75885772705078,490100
2014-03-05,91.54000091552734,91.55999755859376,91.54000091552734,91.55999755859376,73.77493286132812,163600
2014-03-06,91.54000091552734,91.55999755859376,91.54000091552734,91.55999755859376,73.77493286132812,159550
2014-03-07,91.54000091552734,91.55999755859376,91.54000091552734,91.54000091552734,73.75885772705078,90550
2014-03-10,91.54000091552734,91.55999755859376,91.54000091552734,91.54000091552734,73.75885772705078,293450
2014-03-11,91.54000091552734,91.55999755859376,91.54000091552734,91.54000091552734,73.75885772705078,42250
2014-03-12,91.54000091552734,91.55999755859376,91.54000091552734,91.54000091552734,73.75885772705078,115050
2014-03-13,91.54000091552734,91.55999755859376,91.54000091552734,91.54000091552734,73.75885772705078,74750
2014-03-14,91.54000091552734,91.55999755859376,91.54000091552734,91.54000091552734,73.75885772705078,1176050
2014-03-17,91.54000091552734,91.55999755859376,91.54000091552734,91.54000091552734,73.75885772705078,504750
2014-03-18,91.54000091552734,91.55999755859376,91.54000091552734,91.54000091552734,73.75885772705078,106400
2014-03-19,91.54000091552734,91.55999755859376,91.54000091552734,91.55999755859376,73.77493286132812,97950
2014-03-20,91.54000091552734,91.55999755859376,91.54000091552734,91.54000091552734,73.75885772705078,71650
2014-03-21,91.55999755859376,91.55999755859376,91.54000091552734,91.55999755859376,73.77493286132812,138200
2014-03-24,91.54000091552734,91.55999755859376,91.54000091552734,91.55999755859376,73.77493286132812,254350
2014-03-25,91.55999755859376,91.55999755859376,91.54000091552734,91.55999755859376,73.77493286132812,73600
2014-03-26,91.55999755859376,91.55999755859376,91.54000091552734,91.54000091552734,73.75885772705078,874300
2014-03-27,91.54000091552734,91.55999755859376,91.54000091552734,91.54000091552734,73.75885772705078,66100
2014-03-28,91.54000091552734,91.55999755859376,91.54000091552734,91.54000091552734,73.75885772705078,195500
2014-03-31,91.55999755859376,91.55999755859376,91.54000091552734,91.54000091552734,73.75885772705078,425900
2014-04-01,91.54000091552734,91.55999755859376,91.54000091552734,91.54000091552734,73.75885772705078,1279350
2014-04-02,91.54000091552734,91.55999755859376,91.54000091552734,91.54000091552734,73.75885772705078,455200
2014-04-03,91.54000091552734,91.55999755859376,91.54000091552734,91.55999755859376,73.77493286132812,131750
2014-04-04,91.54000091552734,91.55999755859376,91.54000091552734,91.54000091552734,73.75885772705078,80750
2014-04-07,91.54000091552734,91.55999755859376,91.54000091552734,91.54000091552734,73.75885772705078,1296300
2014-04-08,91.55999755859376,91.55999755859376,91.54000091552734,91.54000091552734,73.75885772705078,402050
2014-04-09,91.54000091552734,91.55999755859376,91.54000091552734,91.54000091552734,73.75885772705078,99600
2014-04-10,91.54000091552734,91.55999755859376,91.54000091552734,91.54000091552734,73.75885772705078,66000
2014-04-11,91.54000091552734,91.55999755859376,91.54000091552734,91.54000091552734,73.75885772705078,166600
2014-04-14,91.54000091552734,91.55999755859376,91.54000091552734,91.54000091552734,73.75885772705078,299600
2014-04-15,91.54000091552734,91.55999755859376,91.54000091552734,91.54000091552734,73.75885772705078,226800
2014-04-16,91.54000091552734,91.55999755859376,91.54000091552734,91.54000091552734,73.75885772705078,88350
2014-04-17,91.55999755859376,91.55999755859376,91.54000091552734,91.55999755859376,73.77493286132812,136850
2014-04-21,91.5199966430664,91.54000091552734,91.5199966430664,91.54000091552734,73.75885772705078,127050
2014-04-22,91.5199966430664,91.54000091552734,91.5199966430664,91.5199966430664,73.74267578125,92550
2014-04-23,91.54000091552734,91.54000091552734,91.5199966430664,91.54000091552734,73.75885772705078,188500
2014-04-24,91.5199966430664,91.54000091552734,91.5199966430664,91.54000091552734,73.75885772705078,262250
2014-04-25,91.5199966430664,91.54000091552734,91.5199966430664,91.54000091552734,73.75885772705078,110900
2014-04-28,91.54000091552734,91.55999755859376,91.54000091552734,91.54000091552734,73.75885772705078,81100
2014-04-29,91.55999755859376,91.55999755859376,91.54000091552734,91.54000091552734,73.75885772705078,101050
2014-04-30,91.54000091552734,91.55999755859376,91.54000091552734,91.54000091552734,73.75885772705078,230600
2014-05-01,91.54000091552734,91.54000091552734,91.5199966430664,91.5199966430664,73.74267578125,152950
2014-05-02,91.5199966430664,91.54000091552734,91.5199966430664,91.54000091552734,73.75885772705078,71850
2014-05-05,91.5199966430664,91.54000091552734,91.5199966430664,91.54000091552734,73.75885772705078,164600
2014-05-06,91.54000091552734,91.54000091552734,91.5199966430664,91.5199966430664,73.74267578125,74800
2014-05-07,91.5199966430664,91.54000091552734,91.5199966430664,91.5199966430664,73.74267578125,75900
2014-05-08,91.54000091552734,91.54000091552734,91.5199966430664,91.5199966430664,73.74267578125,125300
2014-05-09,91.5199966430664,91.54000091552734,91.5199966430664,91.54000091552734,73.75885772705078,71650
2014-05-12,91.5199966430664,91.54000091552734,91.5199966430664,91.5199966430664,73.74267578125,896250
2014-05-13,91.5199966430664,91.54000091552734,91.5199966430664,91.54000091552734,73.75885772705078,173450
2014-05-14,91.5199966430664,91.54000091552734,91.5199966430664,91.54000091552734,73.75885772705078,217900
2014-05-15,91.5199966430664,91.54000091552734,91.5199966430664,91.54000091552734,73.75885772705078,193000
2014-05-16,91.5199966430664,91.54000091552734,91.5199966430664,91.54000091552734,73.75885772705078,62550
2014-05-19,91.5199966430664,91.54000091552734,91.5199966430664,91.54000091552734,73.75885772705078,265750
2014-05-20,91.5199966430664,91.54000091552734,91.5199966430664,91.54000091552734,73.75885772705078,94850
2014-05-21,91.54000091552734,91.54000091552734,91.5199966430664,91.5199966430664,73.74267578125,65450
2014-05-22,91.5199966430664,91.54000091552734,91.5199966430664,91.5199966430664,73.74267578125,130950
2014-05-23,91.54000091552734,91.54000091552734,91.5199966430664,91.54000091552734,73.75885772705078,101500
2014-05-27,91.5199966430664,91.54000091552734,91.5199966430664,91.5199966430664,73.74267578125,87000
2014-05-28,91.54000091552734,91.54000091552734,91.5199966430664,91.54000091552734,73.75885772705078,89300
2014-05-29,91.54000091552734,91.54000091552734,91.5199966430664,91.5199966430664,73.74267578125,90150
2014-05-30,91.5199966430664,91.54000091552734,91.5199966430664,91.54000091552734,73.75885772705078,213000
2014-06-02,91.5199966430664,91.54000091552734,91.5199966430664,91.5199966430664,73.74267578125,66000
2014-06-03,91.5199966430664,91.54000091552734,91.5199966430664,91.5199966430664,73.74267578125,135950
2014-06-04,91.54000091552734,91.54000091552734,91.5199966430664,91.5199966430664,73.74267578125,158000
2014-06-05,91.54000091552734,91.54000091552734,91.5199966430664,91.5199966430664,73.74267578125,148000
2014-06-06,91.54000091552734,91.54000091552734,91.5199966430664,91.5199966430664,73.74267578125,142950
2014-06-09,91.5199966430664,91.54000091552734,91.5199966430664,91.54000091552734,73.75885772705078,80650
2014-06-10,91.5199966430664,91.54000091552734,91.5199966430664,91.54000091552734,73.75885772705078,153750
2014-06-11,91.5199966430664,91.54000091552734,91.5199966430664,91.5199966430664,73.74267578125,64100
2014-06-12,91.5199966430664,91.54000091552734,91.5199966430664,91.54000091552734,73.75885772705078,96350
2014-06-13,91.5,91.5199966430664,91.5,91.5199966430664,73.74267578125,382650
2014-06-16,91.5,91.54000091552734,91.5,91.54000091552734,73.75885772705078,601050
2014-06-17,91.5199966430664,91.54000091552734,91.5199966430664,91.5199966430664,73.74267578125,108500
2014-06-18,91.5199966430664,91.54000091552734,91.5199966430664,91.54000091552734,73.75885772705078,205950
2014-06-19,91.5199966430664,91.54000091552734,91.5199966430664,91.54000091552734,73.75885772705078,75700
2014-06-20,91.54000091552734,91.54000091552734,91.5199966430664,91.54000091552734,73.75885772705078,116850
2014-06-23,91.5199966430664,91.54000091552734,91.5199966430664,91.54000091552734,73.75885772705078,143400
2014-06-24,91.54000091552734,91.54000091552734,91.5199966430664,91.54000091552734,73.75885772705078,86900
2014-06-25,91.5199966430664,91.54000091552734,91.5199966430664,91.5199966430664,73.74267578125,56800
2014-06-26,91.54000091552734,91.54000091552734,91.5199966430664,91.5199966430664,73.74267578125,120600
2014-06-27,91.54000091552734,91.54000091552734,91.5199966430664,91.54000091552734,73.75885772705078,210550
2014-06-30,91.5199966430664,91.54000091552734,91.5199966430664,91.5199966430664,73.74267578125,89300
2014-07-01,91.5199966430664,91.54000091552734,91.5199966430664,91.54000091552734,73.75885772705078,145650
2014-07-02,91.5199966430664,91.54000091552734,91.5199966430664,91.54000091552734,73.75885772705078,217800
2014-07-03,91.5199966430664,91.54000091552734,91.5199966430664,91.5199966430664,73.74267578125,74100
2014-07-07,91.5199966430664,91.54000091552734,91.5199966430664,91.54000091552734,73.75885772705078,357200
2014-07-08,91.54000091552734,91.54000091552734,91.5199966430664,91.54000091552734,73.75885772705078,230900
2014-07-09,91.54000091552734,91.54000091552734,91.5199966430664,91.5199966430664,73.74267578125,84150
2014-07-10,91.5199966430664,91.54000091552734,91.5199966430664,91.5199966430664,73.74267578125,444400
2014-07-11,91.5199966430664,91.54000091552734,91.5,91.5199966430664,73.74267578125,63350
2014-07-14,91.5199966430664,91.5199966430664,91.5,91.5199966430664,73.74267578125,137450
2014-07-15,91.5,91.5199966430664,91.5,91.5199966430664,73.74267578125,122150
2014-07-16,91.5,91.5199966430664,91.5,91.5199966430664,73.74267578125,89250
2014-07-17,91.5,91.5199966430664,91.5,91.5199966430664,73.74267578125,69450
2014-07-18,91.5199966430664,91.5199966430664,91.5,91.5,73.72659301757812,99150
2014-07-21,91.5,91.5199966430664,91.5,91.5199966430664,73.74267578125,190300
2014-07-22,91.5199966430664,91.5199966430664,91.5,91.5,73.72659301757812,347500
2014-07-23,91.5,91.5199966430664,91.5,91.5199966430664,73.74267578125,167400
2014-07-24,91.5199966430664,91.5199966430664,91.5,91.5199966430664,73.74267578125,441050
2014-07-25,91.5,91.5199966430664,91.5,91.5199966430664,73.74267578125,73150
2014-07-28,91.5,91.5199966430664,91.5,91.5199966430664,73.74267578125,73150
2014-07-29,91.5199966430664,91.5199966430664,91.5,91.5199966430664,73.74267578125,123900
2014-07-30,91.5199966430664,91.5199966430664,91.5,91.5199966430664,73.74267578125,48500
2014-07-31,91.5199966430664,91.5199966430664,91.5,91.5,73.72659301757812,185050
2014-08-01,91.5199966430664,91.5199966430664,91.5,91.5199966430664,73.74267578125,809650
2014-08-04,91.5,91.5199966430664,91.5,91.5199966430664,73.74267578125,385750
2014-08-05,91.5,91.5199966430664,91.5,91.5,73.72659301757812,175300
2014-08-06,91.5,91.5199966430664,91.5,91.5,73.72659301757812,108550
2014-08-07,91.5,91.5199966430664,91.5,91.5199966430664,73.74267578125,115550
2014-08-08,91.5199966430664,91.5199966430664,91.5,91.5,73.72659301757812,351600
2014-08-11,91.5199966430664,91.5199966430664,91.5,91.5,73.72659301757812,475700
2014-08-12,91.5,91.5199966430664,91.5,91.5,73.72659301757812,103950
2014-08-13,91.5,91.5199966430664,91.5,91.5199966430664,73.74267578125,234700
2014-08-14,91.5199966430664,91.5199966430664,91.5,91.5,73.72659301757812,463700
2014-08-15,91.5199966430664,91.5199966430664,91.5,91.5199966430664,73.74267578125,223000
2014-08-18,91.5,91.5199966430664,91.5,91.5,73.72659301757812,526850
2014-08-19,91.5,91.5199966430664,91.5,91.5199966430664,73.74267578125,502550
2014-08-20,91.5,91.5199966430664,91.5,91.5,73.72659301757812,63650
2014-08-21,91.5,91.5199966430664,91.5,91.5199966430664,73.74267578125,214700
2014-08-22,91.5199966430664,91.5199966430664,91.5,91.5199966430664,73.74267578125,84050
2014-08-25,91.5,91.5199966430664,91.5,91.5199966430664,73.74267578125,587300
2014-08-26,91.5,91.5199966430664,91.5,91.5199966430664,73.74267578125,100350
2014-08-27,91.5,91.5199966430664,91.5,91.5,73.72659301757812,348050
2014-08-28,91.5,91.5199966430664,91.5,91.5199966430664,73.74267578125,145100
2014-08-29,91.5,91.5199966430664,91.5,91.5199966430664,73.74267578125,66950
2014-09-02,91.5,91.5199966430664,91.5,91.5,73.72659301757812,598400
2014-09-03,91.5,91.5199966430664,91.5,91.5199966430664,73.74267578125,39450
2014-09-04,91.5,91.5199966430664,91.5,91.5,73.72659301757812,105250
2014-09-05,91.5199966430664,91.5199966430664,91.5,91.5199966430664,73.74267578125,105200
2014-09-08,91.5199966430664,91.5199966430664,91.5,91.5,73.72659301757812,116700
2014-09-09,91.5,91.5199966430664,91.5,91.5,73.72659301757812,64600
2014-09-10,91.5,91.5199966430664,91.5,91.5199966430664,73.74267578125,78350
2014-09-11,91.5,91.5199966430664,91.5,91.5,73.72659301757812,70400
2014-09-12,91.5,91.5199966430664,91.5,91.5,73.72659301757812,163750
2014-09-15,91.5,91.5199966430664,91.5,91.5,73.72659301757812,143250
2014-09-16,91.5199966430664,91.5199966430664,91.5,91.5,73.72659301757812,115400
2014-09-17,91.5199966430664,91.5199966430664,91.5,91.5,73.72659301757812,359300
2014-09-18,91.5199966430664,91.5199966430664,91.5,91.5199966430664,73.74267578125,92100
2014-09-19,91.5,91.5199966430664,91.5,91.5199966430664,73.74267578125,146050
2014-09-22,91.5,91.5199966430664,91.5,91.5199966430664,73.74267578125,1013800
2014-09-23,91.5,91.5199966430664,91.5,91.5199966430664,73.74267578125,112100
2014-09-24,91.5199966430664,91.5199966430664,91.5,91.5199966430664,73.74267578125,65150
2014-09-25,91.5,91.5199966430664,91.5,91.5199966430664,73.74267578125,109700
2014-09-26,91.5,91.5199966430664,91.5,91.5199966430664,73.74267578125,54750
2014-09-29,91.5199966430664,91.5199966430664,91.5,91.5,73.72659301757812,139600
2014-09-30,91.5,91.5199966430664,91.5,91.5199966430664,73.74267578125,251150
2014-10-01,91.5199966430664,91.5199966430664,91.5,91.5199966430664,73.74267578125,663450
2014-10-02,91.5,91.5199966430664,91.5,91.5199966430664,73.74267578125,269900
2014-10-03,91.5199966430664,91.5199966430664,91.4800033569336,91.4800033569336,73.71047973632812,650100
2014-10-06,91.4800033569336,91.5,91.4800033569336,91.4800033569336,73.71047973632812,237100
2014-10-07,91.5,91.5,91.4800033569336,91.5,73.72659301757812,134150
2014-10-08,91.5,91.5,91.4800033569336,91.5,73.72659301757812,147550
2014-10-09,91.4800033569336,91.5,91.4800033569336,91.5,73.72659301757812,978250
2014-10-10,91.4800033569336,91.5,91.4800033569336,91.5,73.72659301757812,581100
2014-10-13,91.5,91.5,91.4800033569336,91.5,73.72659301757812,722250
2014-10-14,91.4800033569336,91.5,91.4800033569336,91.4800033569336,73.71047973632812,424150
2014-10-15,91.4800033569336,91.5,91.4800033569336,91.4800033569336,73.71047973632812,369600
2014-10-16,91.5,91.5,91.4800033569336,91.5,73.72659301757812,601100
2014-10-17,91.5,91.5,91.4800033569336,91.5,73.72659301757812,683350
2014-10-20,91.5,91.5199966430664,91.4800033569336,91.5,73.72659301757812,4556600
2014-10-21,91.5,91.5,91.4800033569336,91.4800033569336,73.71047973632812,2076600
2014-10-22,91.4800033569336,91.5,91.4800033569336,91.5,73.72659301757812,1261150
2014-10-23,91.4800033569336,91.5,91.4800033569336,91.4800033569336,73.71047973632812,218100
2014-10-24,91.4800033569336,91.5,91.4800033569336,91.4800033569336,73.71047973632812,197200
2014-10-27,91.4800033569336,91.5,91.4800033569336,91.4800033569336,73.71047973632812,1660850
2014-10-28,91.5,91.5,91.4800033569336,91.4800033569336,73.71047973632812,2536000
2014-10-29,91.5,91.5,91.4800033569336,91.5,73.72659301757812,725950
2014-10-30,91.4800033569336,91.5,91.4800033569336,91.4800033569336,73.71047973632812,284950
2014-10-31,91.4800033569336,91.5,91.4800033569336,91.5,73.72659301757812,1133200
2014-11-03,91.5,91.5,91.4800033569336,91.4800033569336,73.71047973632812,9501200
2014-11-04,91.4800033569336,91.5,91.4800033569336,91.5,73.72659301757812,322350
2014-11-05,91.5,91.5,91.4800033569336,91.4800033569336,73.71047973632812,663100
2014-11-06,91.5,91.5,91.4800033569336,91.5,73.72659301757812,407200
2014-11-07,91.5,91.5,91.4800033569336,91.4800033569336,73.71047973632812,114000
2014-11-10,91.5,91.5,91.4800033569336,91.5,73.72659301757812,185550
2014-11-11,91.4800033569336,91.5,91.4800033569336,91.5,73.72659301757812,128400
2014-11-12,91.5,91.5,91.4800033569336,91.5,73.72659301757812,645000
2014-11-13,91.5,91.5,91.4800033569336,91.4800033569336,73.71047973632812,245250
2014-11-14,91.4800033569336,91.5,91.4800033569336,91.4800033569336,73.71047973632812,231900
2014-11-17,91.5,91.5,91.4800033569336,91.5,73.72659301757812,126500
2014-11-18,91.4800033569336,91.5,91.4800033569336,91.4800033569336,73.71047973632812,794700
2014-11-19,91.5,91.5,91.4800033569336,91.4800033569336,73.71047973632812,272750
2014-11-20,91.4800033569336,91.5,91.4800033569336,91.4800033569336,73.71047973632812,276000
2014-11-21,91.4800033569336,91.5,91.4800033569336,91.4800033569336,73.71047973632812,292700
2014-11-24,91.4800033569336,91.5,91.4800033569336,91.5,73.72659301757812,891550
2014-11-25,91.4800033569336,91.5,91.4800033569336,91.5,73.72659301757812,209000
2014-11-26,91.4800033569336,91.5,91.4800033569336,91.4800033569336,73.71047973632812,897100
2014-11-28,91.4800033569336,91.5,91.4800033569336,91.5,73.72659301757812,383200
2014-12-01,91.4800033569336,91.5,91.4800033569336,91.4800033569336,73.71047973632812,424600
2014-12-02,91.5,91.5,91.4800033569336,91.4800033569336,73.71047973632812,179150
2014-12-03,91.4800033569336,91.5,91.4800033569336,91.4800033569336,73.71047973632812,685850
2014-12-04,91.4800033569336,91.4800033569336,91.45999908447266,91.4800033569336,73.71047973632812,298650
2014-12-05,91.4800033569336,91.5,91.45999908447266,91.5,73.72659301757812,540700
2014-12-08,91.5,91.5,91.4800033569336,91.5,73.72659301757812,511500
2014-12-09,91.5,91.5,91.4800033569336,91.4800033569336,73.71047973632812,672150
2014-12-10,91.4800033569336,91.5,91.4800033569336,91.4800033569336,73.71047973632812,1242800
2014-12-11,91.4800033569336,91.5,91.4800033569336,91.4800033569336,73.71047973632812,409400
2014-12-12,91.4800033569336,91.5,91.45999908447266,91.5,73.72659301757812,1708100
2014-12-15,91.5,91.5,91.45999908447266,91.45999908447266,73.6943588256836,1886200
2014-12-16,91.4800033569336,91.4800033569336,91.45999908447266,91.45999908447266,73.6943588256836,1782450
2014-12-17,91.5,91.5,91.45999908447266,91.45999908447266,73.6943588256836,2119950
2014-12-18,91.45999908447266,91.4800033569336,91.45999908447266,91.4800033569336,73.71047973632812,3397250
2014-12-19,91.45999908447266,91.4800033569336,91.45999908447266,91.45999908447266,73.6943588256836,692250
2014-12-22,91.45999908447266,91.4800033569336,91.45999908447266,91.45999908447266,73.6943588256836,5710200
2014-12-23,91.4800033569336,91.4800033569336,91.45999908447266,91.45999908447266,73.6943588256836,1548400
2014-12-24,91.45999908447266,91.4800033569336,91.45999908447266,91.4800033569336,73.71047973632812,769050
2014-12-26,91.45999908447266,91.4800033569336,91.45999908447266,91.45999908447266,73.6943588256836,147500
2014-12-29,91.45999908447266,91.4800033569336,91.45999908447266,91.45999908447266,73.6943588256836,1374000
2014-12-30,91.4800033569336,91.4800033569336,91.45999908447266,91.45999908447266,73.6943588256836,1417950
2014-12-31,91.4800033569336,91.4800033569336,91.45999908447266,91.4800033569336,73.71047973632812,348100
2015-01-02,91.45999908447266,91.4800033569336,91.45999908447266,91.45999908447266,73.6943588256836,341000
2015-01-05,91.45999908447266,91.4800033569336,91.45999908447266,91.4800033569336,73.71047973632812,2518350
2015-01-06,91.45999908447266,91.4800033569336,91.45999908447266,91.45999908447266,73.6943588256836,541250
2015-01-07,91.4800033569336,91.4800033569336,91.45999908447266,91.45999908447266,73.6943588256836,153800
2015-01-08,91.4800033569336,91.4800033569336,91.45999908447266,91.45999908447266,73.6943588256836,236450
2015-01-09,91.4800033569336,91.4800033569336,91.45999908447266,91.45999908447266,73.6943588256836,109650
2015-01-12,91.45999908447266,91.4800033569336,91.45999908447266,91.45999908447266,73.6943588256836,221000
2015-01-13,91.4800033569336,91.4800033569336,91.45999908447266,91.45999908447266,73.6943588256836,517300
2015-01-14,91.45999908447266,91.4800033569336,91.45999908447266,91.45999908447266,73.6943588256836,57500
2015-01-15,91.45999908447266,91.4800033569336,91.45999908447266,91.45999908447266,73.6943588256836,270150
2015-01-16,91.45999908447266,91.4800033569336,91.45999908447266,91.45999908447266,73.6943588256836,738950
2015-01-20,91.45999908447266,91.4800033569336,91.45999908447266,91.45999908447266,73.6943588256836,629400
2015-01-21,91.45999908447266,91.4800033569336,91.45999908447266,91.4800033569336,73.71047973632812,952400
2015-01-22,91.45999908447266,91.4800033569336,91.45999908447266,91.45999908447266,73.6943588256836,1430950
2015-01-23,91.45999908447266,91.4800033569336,91.45999908447266,91.4800033569336,73.71047973632812,508000
2015-01-26,91.4800033569336,91.4800033569336,91.45999908447266,91.4800033569336,73.71047973632812,320600
2015-01-27,91.45999908447266,91.4800033569336,91.45999908447266,91.4800033569336,73.71047973632812,191400
2015-01-28,91.45999908447266,91.4800033569336,91.45999908447266,91.45999908447266,73.6943588256836,268900
2015-01-29,91.44000244140624,91.4800033569336,91.44000244140624,91.45999908447266,73.6943588256836,554550
2015-01-30,91.45999908447266,91.4800033569336,91.45999908447266,91.45999908447266,73.6943588256836,205700
2015-02-02,91.4800033569336,91.4800033569336,91.45999908447266,91.45999908447266,73.6943588256836,3557500
2015-02-03,91.45999908447266,91.4800033569336,91.45999908447266,91.4800033569336,73.71047973632812,266100
2015-02-04,91.45999908447266,91.4800033569336,91.45999908447266,91.45999908447266,73.6943588256836,214200
2015-02-05,91.45999908447266,91.4800033569336,91.45999908447266,91.45999908447266,73.6943588256836,414800
2015-02-06,91.4800033569336,91.4800033569336,91.45999908447266,91.45999908447266,73.6943588256836,291750
2015-02-09,91.45999908447266,91.45999908447266,91.44000244140624,91.44000244140624,73.67826080322266,147050
2015-02-10,91.45999908447266,91.45999908447266,91.44000244140624,91.45999908447266,73.6943588256836,170450
2015-02-11,91.44000244140624,91.45999908447266,91.44000244140624,91.44000244140624,73.67826080322266,493200
2015-02-12,91.44000244140624,91.45999908447266,91.44000244140624,91.44000244140624,73.67826080322266,87100
2015-02-13,91.44000244140624,91.45999908447266,91.44000244140624,91.45999908447266,73.6943588256836,383100
2015-02-17,91.45999908447266,91.45999908447266,91.44000244140624,91.45999908447266,73.6943588256836,402400
2015-02-18,91.45999908447266,91.45999908447266,91.44000244140624,91.45999908447266,73.6943588256836,143050
2015-02-19,91.44000244140624,91.45999908447266,91.44000244140624,91.45999908447266,73.6943588256836,167200
2015-02-20,91.44000244140624,91.45999908447266,91.44000244140624,91.44000244140624,73.67826080322266,145450
2015-02-23,91.45999908447266,91.45999908447266,91.44000244140624,91.45999908447266,73.6943588256836,607650
2015-02-24,91.44000244140624,91.45999908447266,91.44000244140624,91.44000244140624,73.67826080322266,330250
2015-02-25,91.44000244140624,91.45999908447266,91.44000244140624,91.45999908447266,73.6943588256836,522850
2015-02-26,91.44000244140624,91.45999908447266,91.44000244140624,91.44000244140624,73.67826080322266,167000
2015-02-27,91.45999908447266,91.45999908447266,91.44000244140624,91.45999908447266,73.6943588256836,200450
2015-03-02,91.44000244140624,91.45999908447266,91.44000244140624,91.44000244140624,73.67826080322266,462650
2015-03-03,91.45999908447266,91.45999908447266,91.44000244140624,91.45999908447266,73.6943588256836,503200
2015-03-04,91.44000244140624,91.45999908447266,91.44000244140624,91.45999908447266,73.6943588256836,124500
2015-03-05,91.44000244140624,91.45999908447266,91.44000244140624,91.45999908447266,73.6943588256836,130450
2015-03-06,91.44000244140624,91.45999908447266,91.44000244140624,91.44000244140624,73.67826080322266,262500
2015-03-09,91.45999908447266,91.45999908447266,91.44000244140624,91.45999908447266,73.6943588256836,986450
2015-03-10,91.45999908447266,91.45999908447266,91.44000244140624,91.45999908447266,73.6943588256836,232150
2015-03-11,91.44000244140624,91.45999908447266,91.44000244140624,91.45999908447266,73.6943588256836,170050
2015-03-12,91.45999908447266,91.45999908447266,91.44000244140624,91.44000244140624,73.67826080322266,812300
2015-03-13,91.44000244140624,91.45999908447266,91.44000244140624,91.45999908447266,73.6943588256836,415650
2015-03-16,91.44000244140624,91.45999908447266,91.44000244140624,91.45999908447266,73.6943588256836,491350
2015-03-17,91.44000244140624,91.45999908447266,91.44000244140624,91.45999908447266,73.6943588256836,429350
2015-03-18,91.44000244140624,91.45999908447266,91.44000244140624,91.45999908447266,73.6943588256836,672550
2015-03-19,91.44000244140624,91.45999908447266,91.44000244140624,91.45999908447266,73.6943588256836,459750
2015-03-20,91.44000244140624,91.45999908447266,91.44000244140624,91.45999908447266,73.6943588256836,183450
2015-03-23,91.44000244140624,91.45999908447266,91.44000244140624,91.44000244140624,73.67826080322266,552400
2015-03-24,91.44000244140624,91.45999908447266,91.44000244140624,91.45999908447266,73.6943588256836,590450
2015-03-25,91.44000244140624,91.45999908447266,91.44000244140624,91.44000244140624,73.67826080322266,983250
2015-03-26,91.44000244140624,91.45999908447266,91.44000244140624,91.44000244140624,73.67826080322266,782950
2015-03-27,91.44000244140624,91.45999908447266,91.44000244140624,91.44000244140624,73.67826080322266,254350
2015-03-30,91.45999908447266,91.45999908447266,91.41999816894533,91.41999816894533,73.66214752197266,648400
2015-03-31,91.41999816894533,91.45999908447266,91.41999816894533,91.45999908447266,73.6943588256836,704400
2015-04-01,91.44000244140624,91.44000244140624,91.41999816894533,91.41999816894533,73.66214752197266,598050
2015-04-02,91.41999816894533,91.44000244140624,91.41999816894533,91.44000244140624,73.67826080322266,126500
2015-04-06,91.44000244140624,91.44000244140624,91.41999816894533,91.44000244140624,73.67826080322266,302550
2015-04-07,91.45999908447266,91.45999908447266,91.44000244140624,91.45999908447266,73.6943588256836,128100
2015-04-08,91.45999908447266,91.45999908447266,91.44000244140624,91.45999908447266,73.6943588256836,244900
2015-04-09,91.44000244140624,91.45999908447266,91.41999816894533,91.44000244140624,73.67826080322266,257750
2015-04-10,91.41999816894533,91.44000244140624,91.41999816894533,91.44000244140624,73.67826080322266,159800
2015-04-13,91.41999816894533,91.44000244140624,91.41999816894533,91.41999816894533,73.66214752197266,84550
2015-04-14,91.44000244140624,91.44000244140624,91.41999816894533,91.44000244140624,73.67826080322266,72500
2015-04-15,91.41999816894533,91.44000244140624,91.41999816894533,91.41999816894533,73.66214752197266,105950
2015-04-16,91.41999816894533,91.44000244140624,91.41999816894533,91.44000244140624,73.67826080322266,187450
2015-04-17,91.41999816894533,91.44000244140624,91.41999816894533,91.41999816894533,73.66214752197266,182550
2015-04-20,91.44000244140624,91.44000244140624,91.41999816894533,91.41999816894533,73.66214752197266,130500
2015-04-21,91.41999816894533,91.44000244140624,91.41999816894533,91.44000244140624,73.67826080322266,125850
2015-04-22,91.44000244140624,91.44000244140624,91.41999816894533,91.41999816894533,73.66214752197266,186350
2015-04-23,91.41999816894533,91.44000244140624,91.41999816894533,91.41999816894533,73.66214752197266,132150
2015-04-24,91.41999816894533,91.44000244140624,91.41999816894533,91.41999816894533,73.66214752197266,119600
2015-04-27,91.41999816894533,91.44000244140624,91.41999816894533,91.44000244140624,73.67826080322266,79500
2015-04-28,91.41999816894533,91.44000244140624,91.41999816894533,91.44000244140624,73.67826080322266,79650
2015-04-29,91.44000244140624,91.44000244140624,91.41999816894533,91.44000244140624,73.67826080322266,182600
2015-04-30,91.41999816894533,91.44000244140624,91.41999816894533,91.44000244140624,73.67826080322266,388650
2015-05-01,91.41999816894533,91.44000244140624,91.41999816894533,91.41999816894533,73.66214752197266,365700
2015-05-04,91.44000244140624,91.44000244140624,91.41999816894533,91.44000244140624,73.67826080322266,296250
2015-05-05,91.44000244140624,91.44000244140624,91.41999816894533,91.44000244140624,73.67826080322266,326750
2015-05-06,91.44000244140624,91.44000244140624,91.41999816894533,91.44000244140624,73.67826080322266,442550
2015-05-07,91.44000244140624,91.44000244140624,91.41999816894533,91.41999816894533,73.66214752197266,112850
2015-05-08,91.41999816894533,91.44000244140624,91.41999816894533,91.44000244140624,73.67826080322266,289750
2015-05-11,91.41999816894533,91.44000244140624,91.41999816894533,91.41999816894533,73.66214752197266,1544150
2015-05-12,91.41999816894533,91.44000244140624,91.41999816894533,91.44000244140624,73.67826080322266,72450
2015-05-13,91.41999816894533,91.44000244140624,91.41999816894533,91.44000244140624,73.67826080322266,173600
2015-05-14,91.41999816894533,91.44000244140624,91.41999816894533,91.41999816894533,73.66214752197266,175950
2015-05-15,91.44000244140624,91.44000244140624,91.41999816894533,91.41999816894533,73.66214752197266,101650
2015-05-18,91.44000244140624,91.44000244140624,91.41999816894533,91.41999816894533,73.66214752197266,135000
2015-05-19,91.44000244140624,91.44000244140624,91.41999816894533,91.41999816894533,73.66214752197266,470250
2015-05-20,91.41999816894533,91.44000244140624,91.41999816894533,91.41999816894533,73.66214752197266,119050
2015-05-21,91.41999816894533,91.44000244140624,91.41999816894533,91.44000244140624,73.67826080322266,651750
2015-05-22,91.41999816894533,91.44000244140624,91.41999816894533,91.44000244140624,73.67826080322266,152300
2015-05-26,91.44000244140624,91.44000244140624,91.41999816894533,91.44000244140624,73.67826080322266,503600
2015-05-27,91.41999816894533,91.44000244140624,91.41999816894533,91.44000244140624,73.67826080322266,351200
2015-05-28,91.44000244140624,91.44000244140624,91.41999816894533,91.41999816894533,73.66214752197266,148950
2015-05-29,91.44000244140624,91.44000244140624,91.41999816894533,91.41999816894533,73.66214752197266,181050
2015-06-01,91.44000244140624,91.44000244140624,91.41999816894533,91.41999816894533,73.66214752197266,352100
2015-06-02,91.44000244140624,91.44000244140624,91.41999816894533,91.44000244140624,73.67826080322266,169700
2015-06-03,91.44000244140624,91.44000244140624,91.41999816894533,91.44000244140624,73.67826080322266,2925700
2015-06-04,91.44000244140624,91.44000244140624,91.41999816894533,91.41999816894533,73.66214752197266,241400
2015-06-05,91.44000244140624,91.44000244140624,91.4000015258789,91.41999816894533,73.66214752197266,360750
2015-06-08,91.41999816894533,91.41999816894533,91.4000015258789,91.4000015258789,73.6460189819336,209150
2015-06-09,91.41999816894533,91.41999816894533,91.4000015258789,91.4000015258789,73.6460189819336,143850
2015-06-10,91.4000015258789,91.41999816894533,91.4000015258789,91.41999816894533,73.66214752197266,664400
2015-06-11,91.41999816894533,91.44000244140624,91.41999816894533,91.44000244140624,73.67826080322266,330100
2015-06-12,91.44000244140624,91.44000244140624,91.41999816894533,91.41999816894533,73.66214752197266,66900
2015-06-15,91.44000244140624,91.44000244140624,91.41999816894533,91.44000244140624,73.67826080322266,170800
2015-06-16,91.4000015258789,91.41999816894533,91.4000015258789,91.4000015258789,73.6460189819336,177700
2015-06-17,91.41999816894533,91.44000244140624,91.41999816894533,91.44000244140624,73.67826080322266,315600
2015-06-18,91.44000244140624,91.44000244140624,91.4000015258789,91.4000015258789,73.6460189819336,208000
2015-06-19,91.41999816894533,91.41999816894533,91.4000015258789,91.4000015258789,73.6460189819336,59050
2015-06-22,91.4000015258789,91.41999816894533,91.4000015258789,91.41999816894533,73.66214752197266,253550
2015-06-23,91.4000015258789,91.41999816894533,91.4000015258789,91.4000015258789,73.6460189819336,423750
2015-06-24,91.41999816894533,91.41999816894533,91.4000015258789,91.4000015258789,73.6460189819336,60750
2015-06-25,91.41999816894533,91.41999816894533,91.4000015258789,91.41999816894533,73.66214752197266,240050
2015-06-26,91.4000015258789,91.44000244140624,91.4000015258789,91.4000015258789,73.6460189819336,113450
2015-06-29,91.4000015258789,91.41999816894533,91.4000015258789,91.41999816894533,73.66214752197266,2018150
2015-06-30,91.41999816894533,91.41999816894533,91.4000015258789,91.41999816894533,73.66214752197266,363000
2015-07-01,91.41999816894533,91.41999816894533,91.4000015258789,91.41999816894533,73.66214752197266,555650
2015-07-02,91.41999816894533,91.41999816894533,91.4000015258789,91.41999816894533,73.66214752197266,623300
2015-07-06,91.4000015258789,91.41999816894533,91.4000015258789,91.41999816894533,73.66214752197266,178400
2015-07-07,91.4000015258789,91.41999816894533,91.4000015258789,91.4000015258789,73.6460189819336,430250
2015-07-08,91.41999816894533,91.41999816894533,91.4000015258789,91.4000015258789,73.6460189819336,408150
2015-07-09,91.4000015258789,91.41999816894533,91.4000015258789,91.4000015258789,73.6460189819336,228900
2015-07-10,91.41999816894533,91.41999816894533,91.4000015258789,91.4000015258789,73.6460189819336,208650
2015-07-13,91.4000015258789,91.41999816894533,91.4000015258789,91.4000015258789,73.6460189819336,438200
2015-07-14,91.4000015258789,91.41999816894533,91.4000015258789,91.41999816894533,73.66214752197266,482900
2015-07-15,91.41999816894533,91.41999816894533,91.4000015258789,91.4000015258789,73.6460189819336,77250
2015-07-16,91.4000015258789,91.41999816894533,91.4000015258789,91.4000015258789,73.6460189819336,680000
2015-07-17,91.41999816894533,91.41999816894533,91.4000015258789,91.41999816894533,73.66214752197266,347200
2015-07-20,91.4000015258789,91.41999816894533,91.4000015258789,91.4000015258789,73.6460189819336,299400
2015-07-21,91.41999816894533,91.41999816894533,91.4000015258789,91.41999816894533,73.66214752197266,530500
2015-07-22,91.41999816894533,91.41999816894533,91.4000015258789,91.4000015258789,73.6460189819336,941000
2015-07-23,91.4000015258789,91.41999816894533,91.4000015258789,91.4000015258789,73.6460189819336,111100
2015-07-24,91.4000015258789,91.41999816894533,91.4000015258789,91.41999816894533,73.66214752197266,148250
2015-07-27,91.4000015258789,91.41999816894533,91.4000015258789,91.4000015258789,73.6460189819336,436900
2015-07-28,91.41999816894533,91.41999816894533,91.4000015258789,91.4000015258789,73.6460189819336,471900
2015-07-29,91.41999816894533,91.41999816894533,91.4000015258789,91.41999816894533,73.66214752197266,264400
2015-07-30,91.4000015258789,91.41999816894533,91.4000015258789,91.41999816894533,73.66214752197266,125550
2015-07-31,91.4000015258789,91.41999816894533,91.4000015258789,91.41999816894533,73.66214752197266,788850
2015-08-03,91.41999816894533,91.41999816894533,91.4000015258789,91.41999816894533,73.66214752197266,501750
2015-08-04,91.4000015258789,91.41999816894533,91.4000015258789,91.4000015258789,73.6460189819336,2544550
2015-08-05,91.4000015258789,91.41999816894533,91.4000015258789,91.4000015258789,73.6460189819336,235700
2015-08-06,91.41999816894533,91.41999816894533,91.4000015258789,91.4000015258789,73.6460189819336,147700
2015-08-07,91.41999816894533,91.41999816894533,91.4000015258789,91.4000015258789,73.6460189819336,86700
2015-08-10,91.4000015258789,91.41999816894533,91.4000015258789,91.41999816894533,73.66214752197266,396250
2015-08-11,91.4000015258789,91.41999816894533,91.4000015258789,91.4000015258789,73.6460189819336,31100
2015-08-12,91.41999816894533,91.41999816894533,91.4000015258789,91.4000015258789,73.6460189819336,258300
2015-08-13,91.41999816894533,91.41999816894533,91.4000015258789,91.4000015258789,73.6460189819336,57450
2015-08-14,91.4000015258789,91.4000015258789,91.37999725341795,91.37999725341795,73.62992095947266,275200
2015-08-17,91.37999725341795,91.4000015258789,91.37999725341795,91.37999725341795,73.62992095947266,198950
2015-08-18,91.37999725341795,91.41999816894533,91.37999725341795,91.4000015258789,73.6460189819336,196700
2015-08-19,91.4000015258789,91.41999816894533,91.4000015258789,91.41999816894533,73.66214752197266,219200
2015-08-20,91.37999725341795,91.4000015258789,91.37999725341795,91.4000015258789,73.6460189819336,117100
2015-08-21,91.41999816894533,91.41999816894533,91.4000015258789,91.4000015258789,73.6460189819336,1321450
2015-08-24,91.41999816894533,91.44000244140624,91.4000015258789,91.4000015258789,73.6460189819336,3923250
2015-08-25,91.4000015258789,91.41999816894533,91.4000015258789,91.4000015258789,73.6460189819336,3951700
2015-08-26,91.4000015258789,91.41999816894533,91.4000015258789,91.41999816894533,73.66214752197266,1379650
2015-08-27,91.41999816894533,91.41999816894533,91.4000015258789,91.4000015258789,73.6460189819336,303350
2015-08-28,91.41999816894533,91.41999816894533,91.4000015258789,91.41999816894533,73.66214752197266,2947150
2015-08-31,91.41999816894533,91.41999816894533,91.4000015258789,91.41999816894533,73.66214752197266,2775450
2015-09-01,91.41999816894533,91.41999816894533,91.4000015258789,91.41999816894533,73.66214752197266,1368350
2015-09-02,91.4000015258789,91.41999816894533,91.4000015258789,91.4000015258789,73.6460189819336,610700
2015-09-03,91.41999816894533,91.41999816894533,91.4000015258789,91.41999816894533,73.66214752197266,313500
2015-09-04,91.4000015258789,91.41999816894533,91.4000015258789,91.4000015258789,73.6460189819336,461550
2015-09-08,91.4000015258789,91.41999816894533,91.4000015258789,91.4000015258789,73.6460189819336,1896250
2015-09-09,91.4000015258789,91.41999816894533,91.4000015258789,91.4000015258789,73.6460189819336,223500
2015-09-10,91.4000015258789,91.41999816894533,91.37999725341795,91.37999725341795,73.62992095947266,432750
2015-09-11,91.37999725341795,91.4000015258789,91.37999725341795,91.4000015258789,73.6460189819336,273400
2015-09-14,91.37999725341795,91.4000015258789,91.37999725341795,91.4000015258789,73.6460189819336,457050
2015-09-15,91.41999816894533,91.41999816894533,91.37999725341795,91.37999725341795,73.62992095947266,201950
2015-09-16,91.37999725341795,91.4000015258789,91.37999725341795,91.37999725341795,73.62992095947266,321450
2015-09-17,91.37999725341795,91.4000015258789,91.37999725341795,91.37999725341795,73.62992095947266,425000
2015-09-18,91.4000015258789,91.4000015258789,91.37999725341795,91.37999725341795,73.62992095947266,390500
2015-09-21,91.37999725341795,91.4000015258789,91.37999725341795,91.4000015258789,73.6460189819336,281400
2015-09-22,91.4000015258789,91.4000015258789,91.37999725341795,91.4000015258789,73.6460189819336,180850
2015-09-23,91.4000015258789,91.4000015258789,91.37999725341795,91.37999725341795,73.62992095947266,223500
2015-09-24,91.4000015258789,91.4000015258789,91.37999725341795,91.37999725341795,73.62992095947266,462750
2015-09-25,91.37999725341795,91.4000015258789,91.37999725341795,91.37999725341795,73.62992095947266,554550
2015-09-28,91.4000015258789,91.4000015258789,91.37999725341795,91.4000015258789,73.6460189819336,267100
2015-09-29,91.37999725341795,91.4000015258789,91.37999725341795,91.4000015258789,73.6460189819336,1344350
2015-09-30,91.4000015258789,91.4000015258789,91.37999725341795,91.37999725341795,73.62992095947266,494800
2015-10-01,91.37999725341795,91.4000015258789,91.37999725341795,91.4000015258789,73.6460189819336,2686650
2015-10-02,91.4000015258789,91.4000015258789,91.37999725341795,91.4000015258789,73.6460189819336,2358450
2015-10-05,91.37999725341795,91.4000015258789,91.37999725341795,91.37999725341795,73.62992095947266,696850
2015-10-06,91.37999725341795,91.4000015258789,91.37999725341795,91.37999725341795,73.62992095947266,1357750
2015-10-07,91.37999725341795,91.4000015258789,91.37999725341795,91.37999725341795,73.62992095947266,716550
2015-10-08,91.37999725341795,91.4000015258789,91.37999725341795,91.37999725341795,73.62992095947266,275100
2015-10-09,91.37999725341795,91.4000015258789,91.37999725341795,91.37999725341795,73.62992095947266,774950
2015-10-12,91.4000015258789,91.4000015258789,91.36000061035156,91.37999725341795,73.62992095947266,3216300
2015-10-13,91.37999725341795,91.37999725341795,91.36000061035156,91.37999725341795,73.62992095947266,736400
2015-10-14,91.37999725341795,91.37999725341795,91.36000061035156,91.37999725341795,73.62992095947266,370550
2015-10-15,91.37999725341795,91.4000015258789,91.37999725341795,91.37999725341795,73.62992095947266,151850
2015-10-16,91.4000015258789,91.4000015258789,91.37999725341795,91.37999725341795,73.62992095947266,577950
2015-10-19,91.37999725341795,91.4000015258789,91.36000061035156,91.37999725341795,73.62992095947266,917200
2015-10-20,91.37999725341795,91.37999725341795,91.36000061035156,91.36000061035156,73.61381530761719,546750
2015-10-21,91.36000061035156,91.37999725341795,91.36000061035156,91.37999725341795,73.62992095947266,277100
2015-10-22,91.37999725341795,91.37999725341795,91.36000061035156,91.37999725341795,73.62992095947266,327100
2015-10-23,91.36000061035156,91.37999725341795,91.36000061035156,91.37999725341795,73.62992095947266,743550
2015-10-26,91.37999725341795,91.37999725341795,91.36000061035156,91.36000061035156,73.61381530761719,1571850
2015-10-27,91.36000061035156,91.37999725341795,91.36000061035156,91.36000061035156,73.61381530761719,231450
2015-10-28,91.36000061035156,91.37999725341795,91.36000061035156,91.36000061035156,73.61381530761719,817900
2015-10-29,91.37999725341795,91.37999725341795,91.36000061035156,91.36000061035156,73.61381530761719,429000
2015-10-30,91.36000061035156,91.37999725341795,91.36000061035156,91.36000061035156,73.61381530761719,697900
2015-11-02,91.36000061035156,91.37999725341795,91.33999633789062,91.36000061035156,73.61381530761719,8863450
2015-11-03,91.37999725341795,91.37999725341795,91.36000061035156,91.37999725341795,73.62992095947266,532200
2015-11-04,91.36000061035156,91.37999725341795,91.36000061035156,91.36000061035156,73.61381530761719,1298100
2015-11-05,91.36000061035156,91.37999725341795,91.36000061035156,91.36000061035156,73.61381530761719,156000
2015-11-06,91.36000061035156,91.37999725341795,91.36000061035156,91.36000061035156,73.61381530761719,956000
2015-11-09,91.36000061035156,91.37999725341795,91.36000061035156,91.37999725341795,73.62992095947266,341650
2015-11-10,91.37999725341795,91.37999725341795,91.36000061035156,91.36000061035156,73.61381530761719,1268400
2015-11-11,91.36000061035156,91.37999725341795,91.36000061035156,91.37999725341795,73.62992095947266,268400
2015-11-12,91.36000061035156,91.37999725341795,91.36000061035156,91.37999725341795,73.62992095947266,107150
2015-11-13,91.37999725341795,91.37999725341795,91.36000061035156,91.36000061035156,73.61381530761719,357700
2015-11-16,91.37999725341795,91.37999725341795,91.36000061035156,91.37999725341795,73.62992095947266,1754800
2015-11-17,91.36000061035156,91.37999725341795,91.36000061035156,91.36000061035156,73.61381530761719,230100
2015-11-18,91.36000061035156,91.37999725341795,91.36000061035156,91.36000061035156,73.61381530761719,454100
2015-11-19,91.37999725341795,91.37999725341795,91.36000061035156,91.37999725341795,73.62992095947266,116100
2015-11-20,91.37999725341795,91.37999725341795,91.36000061035156,91.36000061035156,73.61381530761719,536200
2015-11-23,91.36000061035156,91.37999725341795,91.36000061035156,91.37999725341795,73.62992095947266,1124550
2015-11-24,91.36000061035156,91.37999725341795,91.36000061035156,91.36000061035156,73.61381530761719,686550
2015-11-25,91.36000061035156,91.37999725341795,91.36000061035156,91.36000061035156,73.61381530761719,695700
2015-11-27,91.36000061035156,91.37999725341795,91.36000061035156,91.37999725341795,73.62992095947266,3610850
2015-11-30,91.37999725341795,91.37999725341795,91.36000061035156,91.37999725341795,73.62992095947266,153550
2015-12-01,91.37999725341795,91.37999725341795,91.36000061035156,91.36000061035156,73.61381530761719,183750
2015-12-02,91.37999725341795,91.37999725341795,91.36000061035156,91.36000061035156,73.61381530761719,520800
2015-12-03,91.37999725341795,91.37999725341795,91.36000061035156,91.37999725341795,73.62992095947266,529300
2015-12-04,91.37999725341795,91.37999725341795,91.36000061035156,91.37999725341795,73.62992095947266,398850
2015-12-07,91.36000061035156,91.37999725341795,91.36000061035156,91.37999725341795,73.62992095947266,239750
2015-12-08,91.37999725341795,91.37999725341795,91.36000061035156,91.36000061035156,73.61381530761719,101150
2015-12-09,91.36000061035156,91.36000061035156,91.33999633789062,91.33999633789062,73.59771728515625,411700
2015-12-10,91.37999725341795,91.37999725341795,91.36000061035156,91.36000061035156,73.61381530761719,581700
2015-12-11,91.36000061035156,91.37999725341795,91.36000061035156,91.37999725341795,73.62992095947266,673250
2015-12-14,91.36000061035156,91.37999725341795,91.36000061035156,91.37999725341795,73.62992095947266,4853350
2015-12-15,91.36000061035156,91.37999725341795,91.36000061035156,91.36000061035156,73.61381530761719,2550350
2015-12-16,91.37999725341795,91.37999725341795,91.36000061035156,91.37999725341795,73.62992095947266,623400
2015-12-17,91.36000061035156,91.37999725341795,91.36000061035156,91.36000061035156,73.61381530761719,1134550
2015-12-18,91.36000061035156,91.37999725341795,91.36000061035156,91.37999725341795,73.62992095947266,877500
2015-12-21,91.36000061035156,91.37999725341795,91.36000061035156,91.36000061035156,73.61381530761719,1594500
2015-12-22,91.36000061035156,91.37999725341795,91.36000061035156,91.36000061035156,73.61381530761719,988400
2015-12-23,91.37999725341795,91.37999725341795,91.36000061035156,91.36000061035156,73.61381530761719,247900
2015-12-24,91.36000061035156,91.37999725341795,91.36000061035156,91.37999725341795,73.62992095947266,521050
2015-12-28,91.37999725341795,91.37999725341795,91.36000061035156,91.36000061035156,73.61381530761719,243750
2015-12-29,91.37999725341795,91.37999725341795,91.36000061035156,91.36000061035156,73.61381530761719,173050
2015-12-30,91.37999725341795,91.37999725341795,91.36000061035156,91.37999725341795,73.62992095947266,299100
2015-12-31,91.37999725341795,91.37999725341795,91.36000061035156,91.36000061035156,73.61381530761719,447800
2016-01-04,91.37999725341795,91.37999725341795,91.36000061035156,91.37999725341795,73.62992095947266,1065800
2016-01-05,91.36000061035156,91.37999725341795,91.36000061035156,91.37999725341795,73.62992095947266,4878450
2016-01-06,91.36000061035156,91.36000061035156,91.33999633789062,91.33999633789062,73.59771728515625,377400
2016-01-07,91.37999725341795,91.37999725341795,91.36000061035156,91.36000061035156,73.61381530761719,651350
2016-01-08,91.36000061035156,91.37999725341795,91.36000061035156,91.36000061035156,73.61381530761719,585650
2016-01-11,91.36000061035156,91.37999725341795,91.36000061035156,91.36000061035156,73.61381530761719,1457550
2016-01-12,91.33999633789062,91.37999725341795,91.33999633789062,91.37999725341795,73.62992095947266,441900
2016-01-13,91.36000061035156,91.37999725341795,91.33999633789062,91.36000061035156,73.61381530761719,2031450
2016-01-14,91.37999725341795,91.37999725341795,91.33999633789062,91.33999633789062,73.59771728515625,1757450
2016-01-15,91.33999633789062,91.36000061035156,91.33999633789062,91.33999633789062,73.59771728515625,601550
2016-01-19,91.36000061035156,91.36000061035156,91.33999633789062,91.36000061035156,73.61381530761719,4424450
2016-01-20,91.36000061035156,91.37999725341795,91.36000061035156,91.36000061035156,73.61381530761719,738700
2016-01-21,91.36000061035156,91.37999725341795,91.36000061035156,91.37999725341795,73.62992095947266,1290650
2016-01-22,91.37999725341795,91.37999725341795,91.33999633789062,91.33999633789062,73.59771728515625,1004350
2016-01-25,91.36000061035156,91.36000061035156,91.33999633789062,91.36000061035156,73.61381530761719,605250
2016-01-26,91.36000061035156,91.36000061035156,91.33999633789062,91.33999633789062,73.59771728515625,311800
2016-01-27,91.36000061035156,91.36000061035156,91.33999633789062,91.36000061035156,73.61381530761719,1668300
2016-01-28,91.33999633789062,91.36000061035156,91.33999633789062,91.36000061035156,73.61381530761719,163800
2016-01-29,91.33999633789062,91.37999725341795,91.33999633789062,91.37999725341795,73.62992095947266,793200
2016-02-01,91.36000061035156,91.37999725341795,91.33999633789062,91.33999633789062,73.59771728515625,844900
2016-02-02,91.33999633789062,91.36000061035156,91.33999633789062,91.33999633789062,73.59771728515625,1627300
2016-02-03,91.36000061035156,91.37999725341795,91.33999633789062,91.36000061035156,73.61381530761719,2395650
2016-02-04,91.36000061035156,91.37999725341795,91.36000061035156,91.37999725341795,73.62992095947266,275450
2016-02-05,91.37999725341795,91.37999725341795,91.36000061035156,91.37999725341795,73.62992095947266,324200
2016-02-08,91.37999725341795,91.37999725341795,91.36000061035156,91.36000061035156,73.61381530761719,599450
2016-02-09,91.37999725341795,91.37999725341795,91.36000061035156,91.37999725341795,73.62992095947266,869550
2016-02-10,91.36000061035156,91.37999725341795,91.36000061035156,91.36000061035156,73.61381530761719,610950
2016-02-11,91.37999725341795,91.37999725341795,91.36000061035156,91.37999725341795,73.62992095947266,465450
2016-02-12,91.37999725341795,91.37999725341795,91.36000061035156,91.36000061035156,73.61381530761719,438850
2016-02-16,91.37999725341795,91.37999725341795,91.36000061035156,91.36000061035156,73.61381530761719,392650
2016-02-17,91.37999725341795,91.37999725341795,91.36000061035156,91.36000061035156,73.61381530761719,1282250
2016-02-18,91.37999725341795,91.37999725341795,91.36000061035156,91.37999725341795,73.62992095947266,712250
2016-02-19,91.37999725341795,91.37999725341795,91.36000061035156,91.37999725341795,73.62992095947266,911150
2016-02-22,91.37999725341795,91.37999725341795,91.36000061035156,91.37999725341795,73.62992095947266,201600
2016-02-23,91.37999725341795,91.37999725341795,91.36000061035156,91.36000061035156,73.61381530761719,1000450
2016-02-24,91.37999725341795,91.37999725341795,91.36000061035156,91.37999725341795,73.62992095947266,664950
2016-02-25,91.36000061035156,91.37999725341795,91.36000061035156,91.36000061035156,73.61381530761719,1243200
2016-02-26,91.36000061035156,91.37999725341795,91.36000061035156,91.36000061035156,73.61381530761719,883250
2016-02-29,91.37999725341795,91.37999725341795,91.36000061035156,91.37999725341795,73.62992095947266,1613200
2016-03-01,91.36000061035156,91.37999725341795,91.36000061035156,91.37999725341795,73.62992095947266,630600
2016-03-02,91.37999725341795,91.37999725341795,91.36000061035156,91.36000061035156,73.61381530761719,1869950
2016-03-03,91.36000061035156,91.37999725341795,91.36000061035156,91.37999725341795,73.62992095947266,1296950
2016-03-04,91.37999725341795,91.37999725341795,91.36000061035156,91.37999725341795,73.62992095947266,2205550
2016-03-07,91.37999725341795,91.37999725341795,91.36000061035156,91.37999725341795,73.62992095947266,908700
2016-03-08,91.36000061035156,91.37999725341795,91.36000061035156,91.36000061035156,73.61381530761719,542200
2016-03-09,91.36000061035156,91.37999725341795,91.36000061035156,91.37999725341795,73.62992095947266,661400
2016-03-10,91.36000061035156,91.37999725341795,91.36000061035156,91.37999725341795,73.62992095947266,198500
2016-03-11,91.36000061035156,91.37999725341795,91.36000061035156,91.36000061035156,73.61381530761719,383600
2016-03-14,91.36000061035156,91.37999725341795,91.36000061035156,91.36000061035156,73.61381530761719,292700
2016-03-15,91.37999725341795,91.37999725341795,91.36000061035156,91.36000061035156,73.61381530761719,2669300
2016-03-16,91.36000061035156,91.37999725341795,91.36000061035156,91.37999725341795,73.62992095947266,306250
2016-03-17,91.37999725341795,91.4000015258789,91.36000061035156,91.36000061035156,73.61381530761719,199450
2016-03-18,91.37999725341795,91.37999725341795,91.36000061035156,91.36000061035156,73.61381530761719,598800
2016-03-21,91.36000061035156,91.37999725341795,91.36000061035156,91.37999725341795,73.62992095947266,1510600
2016-03-22,91.36000061035156,91.37999725341795,91.36000061035156,91.37999725341795,73.62992095947266,286650
2016-03-23,91.36000061035156,91.37999725341795,91.36000061035156,91.36000061035156,73.61381530761719,260400
2016-03-24,91.36000061035156,91.37999725341795,91.36000061035156,91.37999725341795,73.62992095947266,711350
2016-03-28,91.37999725341795,91.4000015258789,91.37999725341795,91.37999725341795,73.62992095947266,347950
2016-03-29,91.37999725341795,91.4000015258789,91.37999725341795,91.37999725341795,73.62992095947266,631250
2016-03-30,91.4000015258789,91.4000015258789,91.37999725341795,91.37999725341795,73.62992095947266,264000
2016-03-31,91.37999725341795,91.4000015258789,91.37999725341795,91.37999725341795,73.62992095947266,2956800
2016-04-01,91.37999725341795,91.4000015258789,91.37999725341795,91.37999725341795,73.62992095947266,942500
2016-04-04,91.37999725341795,91.4000015258789,91.37999725341795,91.37999725341795,73.62992095947266,1619200
2016-04-05,91.4000015258789,91.4000015258789,91.37999725341795,91.4000015258789,73.6460189819336,1829950
2016-04-06,91.37999725341795,91.4000015258789,91.37999725341795,91.4000015258789,73.6460189819336,1081800
2016-04-07,91.37999725341795,91.4000015258789,91.37999725341795,91.37999725341795,73.62992095947266,1307000
2016-04-08,91.37999725341795,91.4000015258789,91.37999725341795,91.4000015258789,73.6460189819336,191950
2016-04-11,91.37999725341795,91.4000015258789,91.37999725341795,91.37999725341795,73.62992095947266,587150
2016-04-12,91.4000015258789,91.4000015258789,91.37999725341795,91.37999725341795,73.62992095947266,169600
2016-04-13,91.37999725341795,91.4000015258789,91.37999725341795,91.4000015258789,73.6460189819336,182400
2016-04-14,91.37999725341795,91.4000015258789,91.37999725341795,91.4000015258789,73.6460189819336,143950
2016-04-15,91.4000015258789,91.4000015258789,91.37999725341795,91.37999725341795,73.62992095947266,219000
2016-04-18,91.37999725341795,91.4000015258789,91.37999725341795,91.4000015258789,73.6460189819336,1972050
2016-04-19,91.37999725341795,91.4000015258789,91.37999725341795,91.4000015258789,73.6460189819336,138400
2016-04-20,91.4000015258789,91.4000015258789,91.37999725341795,91.4000015258789,73.6460189819336,199350
2016-04-21,91.4000015258789,91.4000015258789,91.37999725341795,91.37999725341795,73.62992095947266,446300
2016-04-22,91.4000015258789,91.4000015258789,91.37999725341795,91.4000015258789,73.6460189819336,388450
2016-04-25,91.37999725341795,91.4000015258789,91.37999725341795,91.37999725341795,73.62992095947266,515350
2016-04-26,91.37999725341795,91.4000015258789,91.37999725341795,91.4000015258789,73.6460189819336,250000
2016-04-27,91.4000015258789,91.4000015258789,91.37999725341795,91.4000015258789,73.6460189819336,104050
2016-04-28,91.37999725341795,91.4000015258789,91.37999725341795,91.4000015258789,73.6460189819336,274200
2016-04-29,91.4000015258789,91.41999816894533,91.4000015258789,91.41999816894533,73.66214752197266,722100
2016-05-02,91.41999816894533,91.41999816894533,91.4000015258789,91.4000015258789,73.6460189819336,370050
2016-05-03,91.4000015258789,91.41999816894533,91.4000015258789,91.41999816894533,73.66214752197266,665850
2016-05-04,91.4000015258789,91.41999816894533,91.4000015258789,91.4000015258789,73.6460189819336,700400
2016-05-05,91.4000015258789,91.41999816894533,91.4000015258789,91.4000015258789,73.6460189819336,578500
2016-05-06,91.4000015258789,91.41999816894533,91.4000015258789,91.41999816894533,73.66214752197266,2157200
2016-05-09,91.41999816894533,91.41999816894533,91.4000015258789,91.41999816894533,73.66214752197266,108850
2016-05-10,91.4000015258789,91.41999816894533,91.4000015258789,91.41999816894533,73.66214752197266,875050
2016-05-11,91.4000015258789,91.4000015258789,91.37999725341795,91.37999725341795,73.62992095947266,156800
2016-05-12,91.4000015258789,91.4000015258789,91.37999725341795,91.37999725341795,73.62992095947266,189900
2016-05-13,91.37999725341795,91.4000015258789,91.37999725341795,91.37999725341795,73.62992095947266,512850
2016-05-16,91.37999725341795,91.4000015258789,91.37999725341795,91.37999725341795,73.62992095947266,184500
2016-05-17,91.4000015258789,91.4000015258789,91.37999725341795,91.37999725341795,73.62992095947266,410200
2016-05-18,91.4000015258789,91.41999816894533,91.4000015258789,91.4000015258789,73.6460189819336,1319700
2016-05-19,91.37999725341795,91.4000015258789,91.37999725341795,91.37999725341795,73.62992095947266,122150
2016-05-20,91.4000015258789,91.41999816894533,91.37999725341795,91.4000015258789,73.6460189819336,389400
2016-05-23,91.4000015258789,91.41999816894533,91.37999725341795,91.41999816894533,73.66214752197266,827400
2016-05-24,91.4000015258789,91.41999816894533,91.37999725341795,91.37999725341795,73.62992095947266,612800
2016-05-25,91.4000015258789,91.4000015258789,91.37999725341795,91.4000015258789,73.6460189819336,242100
2016-05-26,91.4000015258789,91.41999816894533,91.37999725341795,91.4000015258789,73.6460189819336,284150
2016-05-27,91.4000015258789,91.41999816894533,91.4000015258789,91.41999816894533,73.66214752197266,270350
2016-05-31,91.41999816894533,91.41999816894533,91.37999725341795,91.41999816894533,73.66214752197266,498850
2016-06-01,91.4000015258789,91.41999816894533,91.4000015258789,91.41999816894533,73.66214752197266,578400
2016-06-02,91.4000015258789,91.41999816894533,91.4000015258789,91.4000015258789,73.6460189819336,175600
2016-06-03,91.41999816894533,91.44000244140624,91.4000015258789,91.41999816894533,73.66214752197266,735650
2016-06-06,91.41999816894533,91.44000244140624,91.41999816894533,91.44000244140624,73.67826080322266,365550
2016-06-07,91.41999816894533,91.44000244140624,91.41999816894533,91.44000244140624,73.67826080322266,154600
2016-06-08,91.41999816894533,91.44000244140624,91.41999816894533,91.44000244140624,73.67826080322266,250550
2016-06-09,91.44000244140624,91.44000244140624,91.4000015258789,91.4000015258789,73.6460189819336,1767200
2016-06-10,91.4000015258789,91.41999816894533,91.4000015258789,91.4000015258789,73.6460189819336,278100
2016-06-13,91.41999816894533,91.41999816894533,91.4000015258789,91.4000015258789,73.6460189819336,159100
2016-06-14,91.4000015258789,91.41999816894533,91.4000015258789,91.4000015258789,73.6460189819336,771300
2016-06-15,91.41999816894533,91.41999816894533,91.4000015258789,91.4000015258789,73.6460189819336,683100
2016-06-16,91.41999816894533,91.44000244140624,91.4000015258789,91.41999816894533,73.66214752197266,876400
2016-06-17,91.41999816894533,91.44000244140624,91.4000015258789,91.4000015258789,73.6460189819336,463250
2016-06-20,91.4000015258789,91.41999816894533,91.4000015258789,91.41999816894533,73.66214752197266,130900
2016-06-21,91.41999816894533,91.44000244140624,91.4000015258789,91.41999816894533,73.66214752197266,965700
2016-06-22,91.41999816894533,91.41999816894533,91.4000015258789,91.41999816894533,73.66214752197266,171250
2016-06-23,91.4000015258789,91.41999816894533,91.4000015258789,91.41999816894533,73.66214752197266,1232700
2016-06-24,91.4000015258789,91.41999816894533,91.4000015258789,91.4000015258789,73.6460189819336,640800
2016-06-27,91.4000015258789,91.44000244140624,91.4000015258789,91.4000015258789,73.6460189819336,3124250
2016-06-28,91.41999816894533,91.44000244140624,91.4000015258789,91.4000015258789,73.6460189819336,794050
2016-06-29,91.44000244140624,91.44000244140624,91.4000015258789,91.4000015258789,73.6460189819336,1667550
2016-06-30,91.41999816894533,91.44000244140624,91.4000015258789,91.4000015258789,73.6460189819336,690150
2016-07-01,91.41999816894533,91.44000244140624,91.4000015258789,91.44000244140624,73.67826080322266,511550
2016-07-05,91.41999816894533,91.44000244140624,91.4000015258789,91.44000244140624,73.67826080322266,1129200
2016-07-06,91.44000244140624,91.44000244140624,91.4000015258789,91.41999816894533,73.66214752197266,734450
2016-07-07,91.41999816894533,91.44000244140624,91.41999816894533,91.44000244140624,73.67826080322266,199950
2016-07-08,91.44000244140624,91.44000244140624,91.4000015258789,91.41999816894533,73.66214752197266,724150
2016-07-11,91.44000244140624,91.44000244140624,91.4000015258789,91.44000244140624,73.67826080322266,580150
2016-07-12,91.41999816894533,91.41999816894533,91.4000015258789,91.4000015258789,73.6460189819336,1158200
2016-07-13,91.4000015258789,91.41999816894533,91.4000015258789,91.41999816894533,73.66214752197266,422500
2016-07-14,91.41999816894533,91.44000244140624,91.4000015258789,91.44000244140624,73.67826080322266,2044250
2016-07-15,91.41999816894533,91.44000244140624,91.41999816894533,91.41999816894533,73.66214752197266,93400
2016-07-18,91.41999816894533,91.44000244140624,91.41999816894533,91.41999816894533,73.66214752197266,167100
2016-07-19,91.41999816894533,91.44000244140624,91.41999816894533,91.44000244140624,73.67826080322266,447400
2016-07-20,91.41999816894533,91.44000244140624,91.41999816894533,91.44000244140624,73.67826080322266,167500
2016-07-21,91.41999816894533,91.44000244140624,91.41999816894533,91.44000244140624,73.67826080322266,116700
2016-07-22,91.41999816894533,91.44000244140624,91.41999816894533,91.44000244140624,73.67826080322266,180450
2016-07-25,91.41999816894533,91.44000244140624,91.41999816894533,91.41999816894533,73.66214752197266,129050
2016-07-26,91.41999816894533,91.44000244140624,91.41999816894533,91.41999816894533,73.66214752197266,180700
2016-07-27,91.44000244140624,91.44000244140624,91.41999816894533,91.44000244140624,73.67826080322266,220300
2016-07-28,91.41999816894533,91.44000244140624,91.41999816894533,91.41999816894533,73.66214752197266,136700
2016-07-29,91.44000244140624,91.44000244140624,91.41999816894533,91.44000244140624,73.67826080322266,84000
2016-08-01,91.41999816894533,91.44000244140624,91.41999816894533,91.41999816894533,73.66214752197266,97000
2016-08-02,91.41999816894533,91.44000244140624,91.41999816894533,91.44000244140624,73.67826080322266,267100
2016-08-03,91.41999816894533,91.44000244140624,91.41999816894533,91.41999816894533,73.66214752197266,658950
2016-08-04,91.41999816894533,91.44000244140624,91.41999816894533,91.41999816894533,73.66214752197266,128750
2016-08-05,91.41999816894533,91.44000244140624,91.41999816894533,91.41999816894533,73.66214752197266,192100
2016-08-08,91.41999816894533,91.44000244140624,91.41999816894533,91.41999816894533,73.66214752197266,161400
2016-08-09,91.44000244140624,91.44000244140624,91.41999816894533,91.41999816894533,73.66214752197266,1148800
2016-08-10,91.41999816894533,91.44000244140624,91.41999816894533,91.41999816894533,73.66214752197266,100450
2016-08-11,91.41999816894533,91.44000244140624,91.41999816894533,91.41999816894533,73.66214752197266,98900
2016-08-12,91.44000244140624,91.44000244140624,91.41999816894533,91.41999816894533,73.66214752197266,101150
2016-08-15,91.41999816894533,91.44000244140624,91.41999816894533,91.41999816894533,73.66214752197266,296650
2016-08-16,91.41999816894533,91.44000244140624,91.41999816894533,91.41999816894533,73.66214752197266,101000
2016-08-17,91.41999816894533,91.44000244140624,91.41999816894533,91.41999816894533,73.66214752197266,342800
2016-08-18,91.41999816894533,91.44000244140624,91.41999816894533,91.44000244140624,73.67826080322266,109350
2016-08-19,91.41999816894533,91.44000244140624,91.41999816894533,91.41999816894533,73.66214752197266,120200
2016-08-22,91.41999816894533,91.44000244140624,91.41999816894533,91.41999816894533,73.66214752197266,1466200
2016-08-23,91.44000244140624,91.44000244140624,91.41999816894533,91.41999816894533,73.66214752197266,124250
2016-08-24,91.41999816894533,91.44000244140624,91.41999816894533,91.44000244140624,73.67826080322266,85100
2016-08-25,91.44000244140624,91.44000244140624,91.41999816894533,91.41999816894533,73.66214752197266,154050
2016-08-26,91.41999816894533,91.44000244140624,91.41999816894533,91.41999816894533,73.66214752197266,182050
2016-08-29,91.44000244140624,91.45999908447266,91.41999816894533,91.44000244140624,73.67826080322266,330350
2016-08-30,91.44000244140624,91.45999908447266,91.41999816894533,91.44000244140624,73.67826080322266,299450
2016-08-31,91.44000244140624,91.45999908447266,91.41999816894533,91.44000244140624,73.67826080322266,190000
2016-09-01,91.44000244140624,91.45999908447266,91.41999816894533,91.44000244140624,73.67826080322266,174350
2016-09-02,91.44000244140624,91.45999908447266,91.44000244140624,91.45999908447266,73.6943588256836,307000
2016-09-06,91.44000244140624,91.45999908447266,91.44000244140624,91.45999908447266,73.6943588256836,352500
2016-09-07,91.45999908447266,91.45999908447266,91.44000244140624,91.44000244140624,73.67826080322266,790650
2016-09-08,91.44000244140624,91.45999908447266,91.41999816894533,91.44000244140624,73.67826080322266,497150
2016-09-09,91.45999908447266,91.45999908447266,91.44000244140624,91.45999908447266,73.6943588256836,342800
2016-09-12,91.45999908447266,91.45999908447266,91.41999816894533,91.41999816894533,73.66214752197266,725000
2016-09-13,91.45999908447266,91.45999908447266,91.41999816894533,91.44000244140624,73.67826080322266,264650
2016-09-14,91.45999908447266,91.45999908447266,91.44000244140624,91.44000244140624,73.67826080322266,202550
2016-09-15,91.44000244140624,91.45999908447266,91.41999816894533,91.44000244140624,73.67826080322266,374150
2016-09-16,91.45999908447266,91.45999908447266,91.44000244140624,91.44000244140624,73.67826080322266,425950
2016-09-19,91.45999908447266,91.45999908447266,91.44000244140624,91.44000244140624,73.67826080322266,1269550
2016-09-20,91.44000244140624,91.45999908447266,91.44000244140624,91.44000244140624,73.67826080322266,706800
2016-09-21,91.44000244140624,91.45999908447266,91.44000244140624,91.44000244140624,73.67826080322266,536150
2016-09-22,91.45999908447266,91.45999908447266,91.44000244140624,91.45999908447266,73.6943588256836,514950
2016-09-23,91.45999908447266,91.4800033569336,91.44000244140624,91.45999908447266,73.6943588256836,369250
2016-09-26,91.44000244140624,91.45999908447266,91.44000244140624,91.45999908447266,73.6943588256836,433400
2016-09-27,91.45999908447266,91.45999908447266,91.44000244140624,91.44000244140624,73.67826080322266,453800
2016-09-28,91.44000244140624,91.45999908447266,91.44000244140624,91.44000244140624,73.67826080322266,481200
2016-09-29,91.44000244140624,91.45999908447266,91.44000244140624,91.44000244140624,73.67826080322266,878100
2016-09-30,91.44000244140624,91.45999908447266,91.44000244140624,91.45999908447266,73.6943588256836,458350
2016-10-03,91.45999908447266,91.45999908447266,91.44000244140624,91.44000244140624,73.67826080322266,231800
2016-10-04,91.44000244140624,91.45999908447266,91.44000244140624,91.45999908447266,73.6943588256836,392400
2016-10-05,91.44000244140624,91.45999908447266,91.44000244140624,91.45999908447266,73.6943588256836,518500
2016-10-06,91.45999908447266,91.45999908447266,91.44000244140624,91.45999908447266,73.6943588256836,193850
2016-10-07,91.45999908447266,91.45999908447266,91.44000244140624,91.45999908447266,73.6943588256836,139550
2016-10-10,91.45999908447266,91.45999908447266,91.44000244140624,91.45999908447266,73.6943588256836,67050
2016-10-11,91.45999908447266,91.45999908447266,91.44000244140624,91.44000244140624,73.67826080322266,374900
2016-10-12,91.44000244140624,91.45999908447266,91.44000244140624,91.45999908447266,73.6943588256836,411550
2016-10-13,91.45999908447266,91.45999908447266,91.44000244140624,91.44000244140624,73.67826080322266,156250
2016-10-14,91.44000244140624,91.45999908447266,91.44000244140624,91.44000244140624,73.67826080322266,130100
2016-10-17,91.45999908447266,91.45999908447266,91.44000244140624,91.44000244140624,73.67826080322266,237750
2016-10-18,91.44000244140624,91.45999908447266,91.44000244140624,91.44000244140624,73.67826080322266,180350
2016-10-19,91.44000244140624,91.45999908447266,91.44000244140624,91.45999908447266,73.6943588256836,138150
2016-10-20,91.45999908447266,91.45999908447266,91.44000244140624,91.44000244140624,73.67826080322266,261900
2016-10-21,91.44000244140624,91.45999908447266,91.44000244140624,91.44000244140624,73.67826080322266,424150
2016-10-24,91.45999908447266,91.45999908447266,91.44000244140624,91.44000244140624,73.67826080322266,106800
2016-10-25,91.45999908447266,91.45999908447266,91.44000244140624,91.44000244140624,73.67826080322266,175350
2016-10-26,91.44000244140624,91.45999908447266,91.44000244140624,91.45999908447266,73.6943588256836,200900
2016-10-27,91.45999908447266,91.45999908447266,91.44000244140624,91.44000244140624,73.67826080322266,184200
2016-10-28,91.4800033569336,91.4800033569336,91.44000244140624,91.45999908447266,73.6943588256836,546550
2016-10-31,91.45999908447266,91.4800033569336,91.45999908447266,91.4800033569336,73.71047973632812,735450
2016-11-01,91.4800033569336,91.4800033569336,91.45999908447266,91.45999908447266,73.6943588256836,1208600
2016-11-02,91.4800033569336,91.4800033569336,91.45999908447266,91.4800033569336,73.71047973632812,499750
2016-11-03,91.4800033569336,91.4800033569336,91.45999908447266,91.45999908447266,73.6943588256836,212400
2016-11-04,91.45999908447266,91.4800033569336,91.45999908447266,91.4800033569336,73.71047973632812,554100
2016-11-07,91.4800033569336,91.4800033569336,91.45999908447266,91.45999908447266,73.6943588256836,1122200
2016-11-08,91.45999908447266,91.4800033569336,91.45999908447266,91.4800033569336,73.71047973632812,360450
2016-11-09,91.45999908447266,91.4800033569336,91.44000244140624,91.44000244140624,73.67826080322266,596850
2016-11-10,91.44000244140624,91.45999908447266,91.44000244140624,91.44000244140624,73.67826080322266,966300
2016-11-11,91.45999908447266,91.45999908447266,91.4000015258789,91.4000015258789,73.6460189819336,1164250
2016-11-14,91.44000244140624,91.45999908447266,91.44000244140624,91.44000244140624,73.67826080322266,735500
2016-11-15,91.45999908447266,91.45999908447266,91.44000244140624,91.45999908447266,73.6943588256836,1437100
2016-11-16,91.45999908447266,91.45999908447266,91.44000244140624,91.45999908447266,73.6943588256836,611850
2016-11-17,91.45999908447266,91.4800033569336,91.44000244140624,91.4800033569336,73.71047973632812,906650
2016-11-18,91.45999908447266,91.4800033569336,91.45999908447266,91.45999908447266,73.6943588256836,554550
2016-11-21,91.45999908447266,91.4800033569336,91.44000244140624,91.44000244140624,73.67826080322266,234800
2016-11-22,91.45999908447266,91.45999908447266,91.44000244140624,91.44000244140624,73.67826080322266,1102700
2016-11-23,91.44000244140624,91.45999908447266,91.44000244140624,91.44000244140624,73.67826080322266,454950
2016-11-25,91.45999908447266,91.45999908447266,91.44000244140624,91.45999908447266,73.6943588256836,171350
2016-11-28,91.4800033569336,91.4800033569336,91.44000244140624,91.44000244140624,73.67826080322266,122900
2016-11-29,91.45999908447266,91.4800033569336,91.44000244140624,91.44000244140624,73.67826080322266,122450
2016-11-30,91.44000244140624,91.45999908447266,91.44000244140624,91.44000244140624,73.67826080322266,503150
2016-12-01,91.4000015258789,91.44000244140624,91.4000015258789,91.44000244140624,73.71209716796875,2137550
2016-12-02,91.44000244140624,91.44000244140624,91.41999816894533,91.41999816894533,73.69600677490234,411650
2016-12-05,91.44000244140624,91.44000244140624,91.41999816894533,91.41999816894533,73.69600677490234,897100
2016-12-06,91.41999816894533,91.44000244140624,91.41999816894533,91.44000244140624,73.71209716796875,278850
2016-12-07,91.41999816894533,91.44000244140624,91.41999816894533,91.44000244140624,73.71209716796875,431450
2016-12-08,91.41999816894533,91.44000244140624,91.41999816894533,91.44000244140624,73.71209716796875,463700
2016-12-09,91.44000244140624,91.44000244140624,91.41999816894533,91.44000244140624,73.71209716796875,390000
2016-12-12,91.41999816894533,91.44000244140624,91.41999816894533,91.41999816894533,73.69600677490234,212850
2016-12-13,91.4000015258789,91.44000244140624,91.4000015258789,91.44000244140624,73.71209716796875,531850
2016-12-14,91.44000244140624,91.44000244140624,91.41999816894533,91.44000244140624,73.71209716796875,219150
2016-12-15,91.44000244140624,91.44000244140624,91.41999816894533,91.44000244140624,73.71209716796875,221850
2016-12-16,91.44000244140624,91.44000244140624,91.41999816894533,91.41999816894533,73.69600677490234,220900
2016-12-19,91.41999816894533,91.44000244140624,91.41999816894533,91.44000244140624,73.71209716796875,188700
2016-12-20,91.41999816894533,91.44000244140624,91.41999816894533,91.41999816894533,73.69600677490234,308100
2016-12-21,91.44000244140624,91.44000244140624,91.41999816894533,91.44000244140624,73.71209716796875,217850
2016-12-22,91.44000244140624,91.44000244140624,91.41999816894533,91.41999816894533,73.69600677490234,263050
2016-12-23,91.41999816894533,91.44000244140624,91.41999816894533,91.41999816894533,73.69600677490234,238000
2016-12-27,91.41999816894533,91.44000244140624,91.41999816894533,91.44000244140624,73.71209716796875,231850
2016-12-28,91.41999816894533,91.41999816894533,91.4000015258789,91.41999816894533,73.71048736572266,190200
2016-12-29,91.44000244140624,91.44000244140624,91.4000015258789,91.44000244140624,73.72662353515625,286650
2016-12-30,91.41999816894533,91.41999816894533,91.4000015258789,91.4000015258789,73.6943588256836,156600
2017-01-03,91.44000244140624,91.44000244140624,91.41999816894533,91.44000244140624,73.72662353515625,1769500
2017-01-04,91.44000244140624,91.44000244140624,91.41999816894533,91.44000244140624,73.72662353515625,522750
2017-01-05,91.44000244140624,91.44000244140624,91.41999816894533,91.41999816894533,73.71048736572266,627500
2017-01-06,91.44000244140624,91.44000244140624,91.41999816894533,91.44000244140624,73.72662353515625,321550
2017-01-09,91.41999816894533,91.44000244140624,91.41999816894533,91.44000244140624,73.72662353515625,198600
2017-01-10,91.44000244140624,91.44000244140624,91.41999816894533,91.41999816894533,73.71048736572266,139000
2017-01-11,91.41999816894533,91.44000244140624,91.41999816894533,91.44000244140624,73.72662353515625,707250
2017-01-12,91.41999816894533,91.44000244140624,91.41999816894533,91.44000244140624,73.72662353515625,221350
2017-01-13,91.41999816894533,91.44000244140624,91.41999816894533,91.44000244140624,73.72662353515625,159800
2017-01-17,91.41999816894533,91.44000244140624,91.41999816894533,91.44000244140624,73.72662353515625,353250
2017-01-18,91.41999816894533,91.44000244140624,91.41999816894533,91.41999816894533,73.71048736572266,235400
2017-01-19,91.44000244140624,91.44000244140624,91.41999816894533,91.41999816894533,73.71048736572266,188700
2017-01-20,91.41999816894533,91.44000244140624,91.41999816894533,91.44000244140624,73.72662353515625,153650
2017-01-23,91.41999816894533,91.44000244140624,91.41999816894533,91.41999816894533,73.71048736572266,507200
2017-01-24,91.41999816894533,91.44000244140624,91.41999816894533,91.41999816894533,73.71048736572266,588300
2017-01-25,91.41999816894533,91.44000244140624,91.41999816894533,91.44000244140624,73.72662353515625,440100
2017-01-26,91.44000244140624,91.45999908447266,91.41999816894533,91.45999908447266,73.74270629882812,357350
2017-01-27,91.44000244140624,91.45999908447266,91.41999816894533,91.41999816894533,73.71048736572266,228000
2017-01-30,91.41999816894533,91.45999908447266,91.41999816894533,91.45999908447266,73.74270629882812,272650
2017-01-31,91.44000244140624,91.45999908447266,91.44000244140624,91.44000244140624,73.72662353515625,173800
2017-02-01,91.4000015258789,91.44000244140624,91.4000015258789,91.41999816894533,73.73146057128906,264050
2017-02-02,91.4000015258789,91.44000244140624,91.4000015258789,91.41999816894533,73.73146057128906,288000
2017-02-03,91.41999816894533,91.44000244140624,91.4000015258789,91.4000015258789,73.71531677246094,414700
2017-02-06,91.41999816894533,91.44000244140624,91.4000015258789,91.44000244140624,73.7475814819336,206550
2017-02-07,91.44000244140624,91.44000244140624,91.41999816894533,91.44000244140624,73.7475814819336,446850
2017-02-08,91.41999816894533,91.44000244140624,91.41999816894533,91.44000244140624,73.7475814819336,265100
2017-02-09,91.41999816894533,91.44000244140624,91.41999816894533,91.44000244140624,73.7475814819336,336550
2017-02-10,91.44000244140624,91.44000244140624,91.41999816894533,91.41999816894533,73.73146057128906,566050
2017-02-13,91.41999816894533,91.44000244140624,91.41999816894533,91.41999816894533,73.73146057128906,191000
2017-02-14,91.44000244140624,91.44000244140624,91.41999816894533,91.44000244140624,73.7475814819336,124500
2017-02-15,91.44000244140624,91.44000244140624,91.41999816894533,91.41999816894533,73.73146057128906,374350
2017-02-16,91.41999816894533,91.44000244140624,91.41999816894533,91.41999816894533,73.73146057128906,122400
2017-02-17,91.44000244140624,91.44000244140624,91.41999816894533,91.44000244140624,73.7475814819336,154300
2017-02-21,91.41999816894533,91.44000244140624,91.41999816894533,91.41999816894533,73.73146057128906,297000
2017-02-22,91.41999816894533,91.44000244140624,91.41999816894533,91.41999816894533,73.73146057128906,270350
2017-02-23,91.41999816894533,91.44000244140624,91.41999816894533,91.41999816894533,73.73146057128906,402350
2017-02-24,91.41999816894533,91.45999908447266,91.41999816894533,91.41999816894533,73.73146057128906,725450
2017-02-27,91.41999816894533,91.45999908447266,91.41999816894533,91.41999816894533,73.73146057128906,177650
2017-02-28,91.45999908447266,91.45999908447266,91.44000244140624,91.45999908447266,73.76370239257812,175150
2017-03-01,91.4000015258789,91.41999816894533,91.4000015258789,91.4000015258789,73.73464965820312,230950
2017-03-02,91.4000015258789,91.41999816894533,91.4000015258789,91.4000015258789,73.73464965820312,185850
2017-03-03,91.41999816894533,91.41999816894533,91.4000015258789,91.41999816894533,73.75080108642578,332050
2017-03-06,91.4000015258789,91.44000244140624,91.4000015258789,91.44000244140624,73.76695251464844,193950
2017-03-07,91.44000244140624,91.44000244140624,91.4000015258789,91.4000015258789,73.73464965820312,95600
2017-03-08,91.41999816894533,91.41999816894533,91.4000015258789,91.4000015258789,73.73464965820312,179950
2017-03-09,91.4000015258789,91.41999816894533,91.4000015258789,91.4000015258789,73.73464965820312,298200
2017-03-10,91.41999816894533,91.41999816894533,91.4000015258789,91.41999816894533,73.75080108642578,423800
2017-03-13,91.41999816894533,91.41999816894533,91.4000015258789,91.4000015258789,73.73464965820312,300950
2017-03-14,91.4000015258789,91.41999816894533,91.4000015258789,91.4000015258789,73.73464965820312,350700
2017-03-15,91.4000015258789,91.41999816894533,91.4000015258789,91.41999816894533,73.75080108642578,740300
2017-03-16,91.4000015258789,91.44000244140624,91.4000015258789,91.44000244140624,73.76695251464844,298300
2017-03-17,91.4000015258789,91.44000244140624,91.4000015258789,91.44000244140624,73.76695251464844,182950
2017-03-20,91.4000015258789,91.44000244140624,91.4000015258789,91.41999816894533,73.75080108642578,147200
2017-03-21,91.44000244140624,91.44000244140624,91.4000015258789,91.44000244140624,73.76695251464844,650300
2017-03-22,91.4000015258789,91.44000244140624,91.4000015258789,91.44000244140624,73.76695251464844,555550
2017-03-23,91.44000244140624,91.44000244140624,91.41999816894533,91.41999816894533,73.75080108642578,339550
2017-03-24,91.41999816894533,91.44000244140624,91.41999816894533,91.44000244140624,73.76695251464844,184750
2017-03-27,91.4000015258789,91.44000244140624,91.4000015258789,91.44000244140624,73.76695251464844,386850
2017-03-28,91.44000244140624,91.44000244140624,91.41999816894533,91.44000244140624,73.76695251464844,894350
2017-03-29,91.44000244140624,91.44000244140624,91.41999816894533,91.44000244140624,73.76695251464844,83400
2017-03-30,91.44000244140624,91.44000244140624,91.41999816894533,91.44000244140624,73.76695251464844,539400
2017-03-31,91.45999908447266,91.45999908447266,91.41999816894533,91.41999816894533,73.75080108642578,526650
2017-04-03,91.37999725341795,91.41999816894533,91.37999725341795,91.4000015258789,73.75724792480469,2097900
2017-04-04,91.4000015258789,91.41999816894533,91.4000015258789,91.4000015258789,73.75724792480469,714500
2017-04-05,91.41999816894533,91.41999816894533,91.4000015258789,91.4000015258789,73.75724792480469,581750
2017-04-06,91.4000015258789,91.41999816894533,91.4000015258789,91.4000015258789,73.75724792480469,246550
2017-04-07,91.41999816894533,91.41999816894533,91.4000015258789,91.4000015258789,73.75724792480469,129300
2017-04-10,91.44000244140624,91.44000244140624,91.4000015258789,91.4000015258789,73.75724792480469,429050
2017-04-11,91.41999816894533,91.41999816894533,91.4000015258789,91.41999816894533,73.77338409423828,161050
2017-04-12,91.44000244140624,91.44000244140624,91.4000015258789,91.4000015258789,73.75724792480469,270500
2017-04-13,91.4000015258789,91.44000244140624,91.4000015258789,91.41999816894533,73.77338409423828,953350
2017-04-17,91.4000015258789,91.44000244140624,91.4000015258789,91.41999816894533,73.77338409423828,753200
2017-04-18,91.41999816894533,91.44000244140624,91.41999816894533,91.44000244140624,73.78954315185547,100450
2017-04-19,91.41999816894533,91.44000244140624,91.41999816894533,91.44000244140624,73.78954315185547,114100
2017-04-20,91.41999816894533,91.44000244140624,91.41999816894533,91.44000244140624,73.78954315185547,243750
2017-04-21,91.44000244140624,91.45999908447266,91.44000244140624,91.44000244140624,73.78954315185547,250700
2017-04-24,91.44000244140624,91.44000244140624,91.41999816894533,91.41999816894533,73.77338409423828,479150
2017-04-25,91.44000244140624,91.44000244140624,91.41999816894533,91.41999816894533,73.77338409423828,405750
2017-04-26,91.41999816894533,91.44000244140624,91.41999816894533,91.44000244140624,73.78954315185547,355450
2017-04-27,91.41999816894533,91.44000244140624,91.41999816894533,91.41999816894533,73.77338409423828,376900
2017-04-28,91.44000244140624,91.45999908447266,91.41999816894533,91.45999908447266,73.80567932128906,212300
2017-05-01,91.44000244140624,91.44000244140624,91.4000015258789,91.41999816894533,73.80085754394531,390250
2017-05-02,91.4000015258789,91.41999816894533,91.4000015258789,91.4000015258789,73.7846908569336,70900
2017-05-03,91.4000015258789,91.41999816894533,91.4000015258789,91.4000015258789,73.7846908569336,226500
2017-05-04,91.4000015258789,91.41999816894533,91.4000015258789,91.41999816894533,73.80085754394531,163450
2017-05-05,91.4000015258789,91.41999816894533,91.4000015258789,91.4000015258789,73.7846908569336,254050
2017-05-08,91.41999816894533,91.44000244140624,91.4000015258789,91.41999816894533,73.80085754394531,217500
2017-05-09,91.44000244140624,91.44000244140624,91.41999816894533,91.41999816894533,73.80085754394531,493400
2017-05-10,91.44000244140624,91.44000244140624,91.41999816894533,91.44000244140624,73.81695556640625,309450
2017-05-11,91.41999816894533,91.45999908447266,91.41999816894533,91.44000244140624,73.81695556640625,397200
2017-05-12,91.44000244140624,91.45999908447266,91.41999816894533,91.41999816894533,73.80085754394531,129250
2017-05-15,91.44000244140624,91.45999908447266,91.44000244140624,91.44000244140624,73.81695556640625,376600
2017-05-16,91.44000244140624,91.45999908447266,91.44000244140624,91.44000244140624,73.81695556640625,166200
2017-05-17,91.44000244140624,91.45999908447266,91.44000244140624,91.45999908447266,73.8331527709961,1395300
2017-05-18,91.44000244140624,91.45999908447266,91.44000244140624,91.45999908447266,73.8331527709961,1384900
2017-05-19,91.44000244140624,91.45999908447266,91.44000244140624,91.44000244140624,73.81695556640625,106700
2017-05-22,91.44000244140624,91.45999908447266,91.44000244140624,91.45999908447266,73.8331527709961,63900
2017-05-23,91.44000244140624,91.45999908447266,91.44000244140624,91.45999908447266,73.8331527709961,195150
2017-05-24,91.44000244140624,91.45999908447266,91.44000244140624,91.44000244140624,73.81695556640625,307000
2017-05-25,91.44000244140624,91.45999908447266,91.44000244140624,91.45999908447266,73.8331527709961,136350
2017-05-26,91.44000244140624,91.4800033569336,91.44000244140624,91.4800033569336,73.84929656982422,143650
2017-05-30,91.45999908447266,91.4800033569336,91.44000244140624,91.44000244140624,73.81695556640625,190450
2017-05-31,91.45999908447266,91.45999908447266,91.44000244140624,91.44000244140624,73.81695556640625,319600
2017-06-01,91.4000015258789,91.41999816894533,91.4000015258789,91.41999816894533,73.84444427490234,225100
2017-06-02,91.4000015258789,91.41999816894533,91.4000015258789,91.4000015258789,73.82832336425781,417900
2017-06-05,91.4000015258789,91.41999816894533,91.4000015258789,91.41999816894533,73.84444427490234,275800
2017-06-06,91.4000015258789,91.41999816894533,91.4000015258789,91.4000015258789,73.82832336425781,136350
2017-06-07,91.4000015258789,91.44000244140624,91.4000015258789,91.44000244140624,73.86065673828125,257750
2017-06-08,91.44000244140624,91.44000244140624,91.41999816894533,91.41999816894533,73.84444427490234,252500
2017-06-09,91.41999816894533,91.44000244140624,91.41999816894533,91.44000244140624,73.86065673828125,184700
2017-06-12,91.44000244140624,91.44000244140624,91.41999816894533,91.41999816894533,73.84444427490234,199600
2017-06-13,91.41999816894533,91.44000244140624,91.41999816894533,91.44000244140624,73.86065673828125,552550
2017-06-14,91.44000244140624,91.45999908447266,91.41999816894533,91.41999816894533,73.84444427490234,64350
2017-06-15,91.41999816894533,91.44000244140624,91.41999816894533,91.41999816894533,73.84444427490234,380800
2017-06-16,91.41999816894533,91.45999908447266,91.41999816894533,91.45999908447266,73.87676239013672,502600
2017-06-19,91.44000244140624,91.45999908447266,91.44000244140624,91.44000244140624,73.86065673828125,289700
2017-06-20,91.45999908447266,91.45999908447266,91.44000244140624,91.44000244140624,73.86065673828125,121050
2017-06-21,91.45999908447266,91.45999908447266,91.45999908447266,91.45999908447266,73.87676239013672,140600
2017-06-22,91.45999908447266,91.4800033569336,91.44000244140624,91.4800033569336,73.89289855957031,220000
2017-06-23,91.4800033569336,91.4800033569336,91.45999908447266,91.45999908447266,73.87676239013672,67200
2017-06-26,91.44000244140624,91.4800033569336,91.44000244140624,91.44000244140624,73.86065673828125,297850
2017-06-27,91.45999908447266,91.45999908447266,91.44000244140624,91.44000244140624,73.86065673828125,125000
2017-06-28,91.45999908447266,91.4800033569336,91.44000244140624,91.4800033569336,73.89289855957031,179200
2017-06-29,91.44000244140624,91.4800033569336,91.44000244140624,91.45999908447266,73.87676239013672,466100
2017-06-30,91.45999908447266,91.5,91.45999908447266,91.4800033569336,73.89289855957031,615300
2017-07-03,91.41999816894533,91.44000244140624,91.41999816894533,91.44000244140624,73.90103149414062,186100
2017-07-05,91.44000244140624,91.44000244140624,91.41999816894533,91.41999816894533,73.88483428955078,369400
2017-07-06,91.41999816894533,91.44000244140624,91.41999816894533,91.44000244140624,73.90103149414062,445500
2017-07-07,91.41999816894533,91.44000244140624,91.41999816894533,91.44000244140624,73.90103149414062,140950
2017-07-10,91.41999816894533,91.44000244140624,91.41999816894533,91.44000244140624,73.90103149414062,185600
2017-07-11,91.44000244140624,91.44000244140624,91.41999816894533,91.44000244140624,73.90103149414062,136900
2017-07-12,91.41999816894533,91.44000244140624,91.41999816894533,91.41999816894533,73.88483428955078,403200
2017-07-13,91.44000244140624,91.45999908447266,91.41999816894533,91.41999816894533,73.88483428955078,137300
2017-07-14,91.41999816894533,91.45999908447266,91.41999816894533,91.45999908447266,73.91714477539062,255950
2017-07-17,91.44000244140624,91.45999908447266,91.44000244140624,91.44000244140624,73.90103149414062,588900
2017-07-18,91.44000244140624,91.45999908447266,91.44000244140624,91.44000244140624,73.90103149414062,61150
2017-07-19,91.44000244140624,91.45999908447266,91.44000244140624,91.44000244140624,73.90103149414062,99350
2017-07-20,91.44000244140624,91.45999908447266,91.44000244140624,91.44000244140624,73.90103149414062,71950
2017-07-21,91.44000244140624,91.45999908447266,91.44000244140624,91.44000244140624,73.90103149414062,211000
2017-07-24,91.44000244140624,91.45999908447266,91.44000244140624,91.44000244140624,73.90103149414062,140600
2017-07-25,91.44000244140624,91.4800033569336,91.44000244140624,91.44000244140624,73.90103149414062,265850
2017-07-26,91.44000244140624,91.4800033569336,91.44000244140624,91.45999908447266,73.91714477539062,232100
2017-07-27,91.4800033569336,91.4800033569336,91.45999908447266,91.4800033569336,73.93331909179688,221700
2017-07-28,91.45999908447266,91.4800033569336,91.45999908447266,91.45999908447266,73.91714477539062,159600
2017-07-31,91.5,91.5,91.45999908447266,91.45999908447266,73.91714477539062,449600
2017-08-01,91.4000015258789,91.41999816894533,91.4000015258789,91.41999816894533,73.93656921386719,315600
2017-08-02,91.41999816894533,91.44000244140624,91.4000015258789,91.44000244140624,73.95276641845703,263800
2017-08-03,91.4000015258789,91.44000244140624,91.4000015258789,91.44000244140624,73.95276641845703,158400
2017-08-04,91.41999816894533,91.44000244140624,91.4000015258789,91.44000244140624,73.95276641845703,350700
2017-08-07,91.4000015258789,91.44000244140624,91.4000015258789,91.44000244140624,73.95276641845703,130400
2017-08-08,91.44000244140624,91.44000244140624,91.41999816894533,91.44000244140624,73.95276641845703,309800
2017-08-09,91.44000244140624,91.44000244140624,91.41999816894533,91.44000244140624,73.95276641845703,142200
2017-08-10,91.41999816894533,91.44000244140624,91.41999816894533,91.44000244140624,73.95276641845703,111150
2017-08-11,91.44000244140624,91.45999908447266,91.41999816894533,91.45999908447266,73.96891784667969,211350
2017-08-14,91.45999908447266,91.45999908447266,91.44000244140624,91.44000244140624,73.95276641845703,331150
2017-08-15,91.44000244140624,91.45999908447266,91.44000244140624,91.45999908447266,73.96891784667969,192600
2017-08-16,91.45999908447266,91.45999908447266,91.44000244140624,91.44000244140624,73.95276641845703,141250
2017-08-17,91.44000244140624,91.45999908447266,91.44000244140624,91.45999908447266,73.96891784667969,363050
2017-08-18,91.45999908447266,91.45999908447266,91.44000244140624,91.44000244140624,73.95276641845703,230900
2017-08-21,91.45999908447266,91.4800033569336,91.45999908447266,91.45999908447266,73.96891784667969,483800
2017-08-22,91.45999908447266,91.4800033569336,91.45999908447266,91.4800033569336,73.98507690429688,208800
2017-08-23,91.4800033569336,91.4800033569336,91.45999908447266,91.4800033569336,73.98507690429688,292750
2017-08-24,91.45999908447266,91.4800033569336,91.45999908447266,91.4800033569336,73.98507690429688,1055500
2017-08-25,91.45999908447266,91.4800033569336,91.45999908447266,91.45999908447266,73.96891784667969,310550
2017-08-28,91.4800033569336,91.4800033569336,91.45999908447266,91.4800033569336,73.98507690429688,102050
2017-08-29,91.4800033569336,91.5,91.45999908447266,91.4800033569336,73.98507690429688,130450
2017-08-30,91.4800033569336,91.5,91.4800033569336,91.4800033569336,73.98507690429688,291150
2017-08-31,91.4800033569336,91.5,91.4800033569336,91.5,74.00128173828125,1212850
2017-09-01,91.44000244140624,91.44000244140624,91.41999816894533,91.44000244140624,74.0061264038086,373450
2017-09-05,91.44000244140624,91.44000244140624,91.4000015258789,91.4000015258789,73.97374725341797,437850
2017-09-06,91.41999816894533,91.44000244140624,91.41999816894533,91.44000244140624,74.0061264038086,927900
2017-09-07,91.44000244140624,91.44000244140624,91.41999816894533,91.44000244140624,74.0061264038086,159400
2017-09-08,91.41999816894533,91.44000244140624,91.41999816894533,91.41999816894533,73.98995208740234,514550
2017-09-11,91.44000244140624,91.44000244140624,91.41999816894533,91.41999816894533,73.98995208740234,130950
2017-09-12,91.41999816894533,91.45999908447266,91.41999816894533,91.45999908447266,74.0223159790039,257950
2017-09-13,91.44000244140624,91.45999908447266,91.44000244140624,91.45999908447266,74.0223159790039,438200
2017-09-14,91.44000244140624,91.45999908447266,91.44000244140624,91.44000244140624,74.0061264038086,238800
2017-09-15,91.45999908447266,91.45999908447266,91.44000244140624,91.44000244140624,74.0061264038086,96500
2017-09-18,91.45999908447266,91.4800033569336,91.44000244140624,91.44000244140624,74.0061264038086,276400
2017-09-19,91.45999908447266,91.4800033569336,91.44000244140624,91.4800033569336,74.03849792480469,61300
2017-09-20,91.4800033569336,91.4800033569336,91.45999908447266,91.4800033569336,74.03849792480469,129400
2017-09-21,91.45999908447266,91.4800033569336,91.45999908447266,91.4800033569336,74.03849792480469,108000
2017-09-22,91.4800033569336,91.4800033569336,91.45999908447266,91.4800033569336,74.03849792480469,133300
2017-09-25,91.4800033569336,91.4800033569336,91.45999908447266,91.4800033569336,74.03849792480469,158200
2017-09-26,91.45999908447266,91.4800033569336,91.45999908447266,91.4800033569336,74.03849792480469,255800
2017-09-27,91.4800033569336,91.4800033569336,91.45999908447266,91.4800033569336,74.03849792480469,229300
2017-09-28,91.45999908447266,91.4800033569336,91.45999908447266,91.45999908447266,74.0223159790039,76550
2017-09-29,91.4800033569336,91.5,91.45999908447266,91.5,74.05470275878906,173100
2017-10-02,91.44000244140624,91.44000244140624,91.41999816894533,91.44000244140624,74.05793762207031,158800
2017-10-03,91.41999816894533,91.44000244140624,91.41999816894533,91.44000244140624,74.05793762207031,429250
2017-10-04,91.41999816894533,91.44000244140624,91.41999816894533,91.41999816894533,74.04175567626953,1119400
2017-10-05,91.41999816894533,91.44000244140624,91.41999816894533,91.44000244140624,74.05793762207031,186250
2017-10-06,91.44000244140624,91.44000244140624,91.41999816894533,91.41999816894533,74.04175567626953,205400
2017-10-09,91.41999816894533,91.44000244140624,91.41999816894533,91.41999816894533,74.04175567626953,141250
2017-10-10,91.41999816894533,91.44000244140624,91.41999816894533,91.41999816894533,74.04175567626953,264050
2017-10-11,91.44000244140624,91.44000244140624,91.41999816894533,91.41999816894533,74.04175567626953,148300
2017-10-12,91.44000244140624,91.45999908447266,91.41999816894533,91.45999908447266,74.07413482666016,244300
2017-10-13,91.45999908447266,91.45999908447266,91.44000244140624,91.45999908447266,74.07413482666016,78450
2017-10-16,91.44000244140624,91.45999908447266,91.44000244140624,91.44000244140624,74.05793762207031,189900
2017-10-17,91.44000244140624,91.4800033569336,91.44000244140624,91.45999908447266,74.07413482666016,227500
2017-10-18,91.45999908447266,91.4800033569336,91.45999908447266,91.45999908447266,74.07413482666016,64150
2017-10-19,91.45999908447266,91.4800033569336,91.44000244140624,91.45999908447266,74.07413482666016,199850
2017-10-20,91.45999908447266,91.4800033569336,91.45999908447266,91.4800033569336,74.09030151367188,57150
2017-10-23,91.4800033569336,91.4800033569336,91.45999908447266,91.45999908447266,74.07413482666016,136250
2017-10-24,91.45999908447266,91.5,91.45999908447266,91.5,74.10652923583984,157350
2017-10-25,91.4800033569336,91.5,91.4800033569336,91.5,74.10652923583984,293900
2017-10-26,91.4800033569336,91.5,91.4800033569336,91.5,74.10652923583984,301050
2017-10-27,91.4800033569336,91.5,91.4800033569336,91.5,74.10652923583984,1063500
2017-10-30,91.4800033569336,91.5,91.4800033569336,91.4800033569336,74.09030151367188,286950
2017-10-31,91.4800033569336,91.5,91.4800033569336,91.5,74.10652923583984,430350
2017-11-01,91.44000244140624,91.44000244140624,91.41999816894533,91.44000244140624,74.11461639404297,586100
2017-11-02,91.44000244140624,91.44000244140624,91.41999816894533,91.41999816894533,74.09842681884766,137250
2017-11-03,91.41999816894533,91.44000244140624,91.41999816894533,91.41999816894533,74.09842681884766,222550
2017-11-06,91.41999816894533,91.44000244140624,91.41999816894533,91.44000244140624,74.11461639404297,95200
2017-11-07,91.41999816894533,91.44000244140624,91.41999816894533,91.44000244140624,74.11461639404297,89950
2017-11-08,91.44000244140624,91.44000244140624,91.41999816894533,91.44000244140624,74.11461639404297,238750
2017-11-09,91.44000244140624,91.44000244140624,91.41999816894533,91.41999816894533,74.09842681884766,518050
2017-11-10,91.44000244140624,91.45999908447266,91.41999816894533,91.44000244140624,74.11461639404297,278000
2017-11-13,91.45999908447266,91.45999908447266,91.44000244140624,91.44000244140624,74.11461639404297,229800
2017-11-14,91.45999908447266,91.45999908447266,91.44000244140624,91.44000244140624,74.11461639404297,119450
2017-11-15,91.44000244140624,91.45999908447266,91.44000244140624,91.44000244140624,74.11461639404297,278750
2017-11-16,91.44000244140624,91.45999908447266,91.44000244140624,91.45999908447266,74.13085174560547,232900
2017-11-17,91.44000244140624,91.45999908447266,91.44000244140624,91.44000244140624,74.11461639404297,164550
2017-11-20,91.44000244140624,91.4800033569336,91.44000244140624,91.45999908447266,74.13085174560547,372450
2017-11-21,91.45999908447266,91.4800033569336,91.44000244140624,91.4800033569336,74.14703369140625,259000
2017-11-22,91.45999908447266,91.4800033569336,91.45999908447266,91.4800033569336,74.14703369140625,153600
2017-11-24,91.4800033569336,91.5,91.45999908447266,91.45999908447266,74.13085174560547,577050
2017-11-27,91.45999908447266,91.4800033569336,91.45999908447266,91.45999908447266,74.13085174560547,373900
2017-11-28,91.45999908447266,91.5,91.45999908447266,91.5,74.16324615478516,244700
2017-11-29,91.4800033569336,91.5,91.45999908447266,91.4800033569336,74.14703369140625,366300
2017-11-30,91.5,91.5,91.4800033569336,91.4800033569336,74.14703369140625,288000
2017-12-01,91.43000030517578,91.43000030517578,91.41999816894533,91.41999816894533,74.15193176269531,283200
2017-12-04,91.41999816894533,91.43000030517578,91.41999816894533,91.43000030517578,74.16004180908203,142700
2017-12-05,91.43000030517578,91.44000244140624,91.41999816894533,91.44000244140624,74.16812896728516,532500
2017-12-06,91.44000244140624,91.44000244140624,91.43000030517578,91.43000030517578,74.16004180908203,544900
2017-12-07,91.43000030517578,91.44000244140624,91.43000030517578,91.44000244140624,74.16812896728516,145100
2017-12-08,91.44000244140624,91.4499969482422,91.43000030517578,91.4499969482422,74.17622375488281,196100
2017-12-11,91.4499969482422,91.4499969482422,91.44000244140624,91.44000244140624,74.16812896728516,138900
2017-12-12,91.45999908447266,91.45999908447266,91.44000244140624,91.4499969482422,74.17622375488281,184900
2017-12-13,91.4499969482422,91.4499969482422,91.44000244140624,91.44000244140624,74.16812896728516,375100
2017-12-14,91.4499969482422,91.45999908447266,91.44000244140624,91.4499969482422,74.17622375488281,143000
2017-12-15,91.4499969482422,91.45999908447266,91.4499969482422,91.45999908447266,74.18437957763672,389600
2017-12-18,91.4499969482422,91.47000122070312,91.4499969482422,91.47000122070312,74.19249725341797,288500
2017-12-19,91.37999725341795,91.38999938964844,91.37000274658205,91.38999938964844,74.19409942626953,287600
2017-12-20,91.37000274658205,91.38999938964844,91.37000274658205,91.38999938964844,74.19409942626953,614200
2017-12-21,91.37999725341795,91.4000015258789,91.37999725341795,91.38999938964844,74.19409942626953,233500
2017-12-22,91.4000015258789,91.41000366210938,91.38999938964844,91.41000366210938,74.21036529541016,1997600
2017-12-26,91.41000366210938,91.41000366210938,91.4000015258789,91.4000015258789,74.20220947265625,498300
2017-12-27,91.41000366210938,91.41999816894533,91.4000015258789,91.41999816894533,74.21847534179688,320100
2017-12-28,91.41000366210938,91.41999816894533,91.41000366210938,91.41999816894533,74.21847534179688,366100
2017-12-29,91.41000366210938,91.43000030517578,91.4000015258789,91.4000015258789,74.20220947265625,414600
2018-01-02,91.41000366210938,91.43000030517578,91.41000366210938,91.41000366210938,74.21036529541016,790000
2018-01-03,91.43000030517578,91.43000030517578,91.41999816894533,91.43000030517578,74.2265625,218300
2018-01-04,91.44000244140624,91.44000244140624,91.41999816894533,91.44000244140624,74.23470306396484,1098100
2018-01-05,91.43000030517578,91.44000244140624,91.43000030517578,91.44000244140624,74.23470306396484,247600
2018-01-08,91.43000030517578,91.4499969482422,91.43000030517578,91.4499969482422,74.2427978515625,199800
2018-01-09,91.43000030517578,91.4499969482422,91.43000030517578,91.4499969482422,74.2427978515625,185900
2018-01-10,91.44000244140624,91.4499969482422,91.44000244140624,91.4499969482422,74.2427978515625,222400
2018-01-11,91.4499969482422,91.45999908447266,91.44000244140624,91.44000244140624,74.23470306396484,163800
2018-01-12,91.45999908447266,91.47000122070312,91.4499969482422,91.47000122070312,74.2590560913086,531300
2018-01-16,91.4499969482422,91.45999908447266,91.4499969482422,91.4499969482422,74.2427978515625,280200
2018-01-17,91.4499969482422,91.47000122070312,91.4499969482422,91.47000122070312,74.2590560913086,229000
2018-01-18,91.45999908447266,91.47000122070312,91.45999908447266,91.47000122070312,74.2590560913086,238900
2018-01-19,91.47000122070312,91.4800033569336,91.47000122070312,91.4800033569336,74.26713562011719,273300
2018-01-22,91.48999786376952,91.48999786376952,91.4800033569336,91.48999786376952,74.27527618408203,285200
2018-01-23,91.48999786376952,91.48999786376952,91.4800033569336,91.48999786376952,74.27527618408203,706900
2018-01-24,91.5,91.5,91.4800033569336,91.5,74.28340911865234,214600
2018-01-25,91.5,91.5,91.48999786376952,91.5,74.28340911865234,493200
2018-01-26,91.5,91.5199966430664,91.5,91.5199966430664,74.29965209960938,430600
2018-01-29,91.5199966430664,91.5199966430664,91.5,91.5,74.28340911865234,696400
2018-01-30,91.48999786376952,91.5199966430664,91.48999786376952,91.51000213623048,74.29153442382812,581300
2018-01-31,91.51000213623048,91.5199966430664,91.51000213623048,91.5199966430664,74.29965209960938,258900
2018-02-01,91.41000366210938,91.44000244140624,91.41000366210938,91.43000030517578,74.29639434814453,1016400
2018-02-02,91.44000244140624,91.44000244140624,91.43000030517578,91.44000244140624,74.30451202392578,459100
2018-02-05,91.4499969482422,91.4499969482422,91.43000030517578,91.43000030517578,74.29639434814453,757000
2018-02-06,91.41999816894533,91.4499969482422,91.41999816894533,91.44000244140624,74.30451202392578,1558600
2018-02-07,91.43000030517578,91.5,91.41000366210938,91.4499969482422,74.31263732910156,1294900
2018-02-08,91.43000030517578,91.45999908447266,91.43000030517578,91.44000244140624,74.30451202392578,1547200
2018-02-09,91.43000030517578,91.45999908447266,91.43000030517578,91.45999908447266,74.32077026367188,2932600
2018-02-12,91.45999908447266,91.45999908447266,91.4499969482422,91.45999908447266,74.32077026367188,2039300
2018-02-13,91.44000244140624,91.47000122070312,91.44000244140624,91.45999908447266,74.32077026367188,4352400
2018-02-14,91.4499969482422,91.45999908447266,91.4499969482422,91.45999908447266,74.32077026367188,549700
2018-02-15,91.47000122070312,91.47000122070312,91.4499969482422,91.47000122070312,74.32889556884766,924900
2018-02-16,91.45999908447266,91.4800033569336,91.45999908447266,91.4800033569336,74.33697509765625,920500
2018-02-20,91.47000122070312,91.4800033569336,91.45999908447266,91.4800033569336,74.33697509765625,590100
2018-02-21,91.4800033569336,91.4800033569336,91.47000122070312,91.47000122070312,74.32889556884766,1012400
2018-02-22,91.4800033569336,91.48999786376952,91.47000122070312,91.4800033569336,74.33697509765625,468700
2018-02-23,91.48999786376952,91.5,91.4800033569336,91.5,74.3532943725586,2653500
2018-02-26,91.48999786376952,91.5,91.4800033569336,91.4800033569336,74.33697509765625,2981600
2018-02-27,91.4800033569336,91.5,91.4800033569336,91.5,74.3532943725586,373600
2018-02-28,91.5,91.51000213623048,91.48999786376952,91.51000213623048,74.36139678955078,882200
2018-03-01,91.41999816894533,91.44000244140624,91.41999816894533,91.44000244140624,74.36870574951172,1260500
2018-03-02,91.43000030517578,91.4499969482422,91.43000030517578,91.4499969482422,74.3768539428711,1353900
2018-03-05,91.4499969482422,91.4499969482422,91.43000030517578,91.4499969482422,74.3768539428711,849200
2018-03-06,91.4499969482422,91.4499969482422,91.43000030517578,91.4499969482422,74.3768539428711,232700
2018-03-07,91.44000244140624,91.4499969482422,91.44000244140624,91.4499969482422,74.3768539428711,978700
2018-03-08,91.44000244140624,91.4499969482422,91.44000244140624,91.44000244140624,74.36870574951172,257400
2018-03-09,91.4499969482422,91.47000122070312,91.4499969482422,91.45999908447266,74.38496398925781,596500
2018-03-12,91.47000122070312,91.47000122070312,91.4499969482422,91.47000122070312,74.39311218261719,506300
2018-03-13,91.4499969482422,91.47000122070312,91.4499969482422,91.47000122070312,74.39311218261719,469400
2018-03-14,91.4499969482422,91.47000122070312,91.4499969482422,91.47000122070312,74.39311218261719,245000
2018-03-15,91.47000122070312,91.47000122070312,91.45999908447266,91.45999908447266,74.38496398925781,863800
2018-03-16,91.47000122070312,91.4800033569336,91.47000122070312,91.4800033569336,74.4012222290039,1216900
2018-03-19,91.47000122070312,91.48999786376952,91.47000122070312,91.4800033569336,74.4012222290039,466100
2018-03-20,91.4800033569336,91.48999786376952,91.47000122070312,91.47000122070312,74.39311218261719,444500
2018-03-21,91.4800033569336,91.48999786376952,91.4800033569336,91.48999786376952,74.40934753417969,336300
2018-03-22,91.4800033569336,91.5,91.4800033569336,91.5,74.41752624511719,305600
2018-03-23,91.5,91.51000213623048,91.5,91.51000213623048,74.42566680908203,633100
2018-03-26,91.5,91.51000213623048,91.5,91.5,74.41752624511719,451300
2018-03-27,91.5199966430664,91.5199966430664,91.5,91.5199966430664,74.43379211425781,1357300
2018-03-28,91.5199966430664,91.52999877929688,91.5199966430664,91.52999877929688,74.44190979003906,3030200
2018-03-29,91.52999877929688,91.5500030517578,91.52999877929688,91.5500030517578,74.45820617675781,737400
2018-04-02,91.44000244140624,91.44000244140624,91.41999816894533,91.44000244140624,74.4541244506836,1681600
2018-04-03,91.44000244140624,91.44000244140624,91.43000030517578,91.43000030517578,74.44596862792969,1893300
2018-04-04,91.43000030517578,91.4499969482422,91.43000030517578,91.4499969482422,74.46227264404297,3535400
2018-04-05,91.45999908447266,91.45999908447266,91.4499969482422,91.45999908447266,74.47039794921875,2245800
2018-04-06,91.45999908447266,91.45999908447266,91.4499969482422,91.45999908447266,74.47039794921875,310400
2018-04-09,91.47000122070312,91.47000122070312,91.45999908447266,91.47000122070312,74.47855377197266,238500
2018-04-10,91.47000122070312,91.47000122070312,91.45999908447266,91.45999908447266,74.47039794921875,491300
2018-04-11,91.4800033569336,91.4800033569336,91.47000122070312,91.4800033569336,74.4866714477539,249300
2018-04-12,91.47000122070312,91.4800033569336,91.47000122070312,91.4800033569336,74.4866714477539,8103700
2018-04-13,91.4800033569336,91.48999786376952,91.4800033569336,91.4800033569336,74.4866714477539,287900
2018-04-16,91.5,91.5,91.4800033569336,91.5,74.50298309326172,321100
2018-04-17,91.48999786376952,91.5,91.48999786376952,91.5,74.50298309326172,3475000
2018-04-18,91.5,91.5,91.48999786376952,91.48999786376952,74.49483489990234,277900
2018-04-19,91.51000213623048,91.51000213623048,91.5,91.51000213623048,74.51112365722656,473200
2018-04-20,91.5,91.5199966430664,91.5,91.51000213623048,74.51112365722656,264000
2018-04-23,91.51000213623048,91.5199966430664,91.51000213623048,91.51000213623048,74.51112365722656,1125900
2018-04-24,91.51000213623048,91.52999877929688,91.51000213623048,91.5199966430664,74.51924133300781,1031600
2018-04-25,91.5199966430664,91.52999877929688,91.5199966430664,91.52999877929688,74.52742004394531,1001600
2018-04-26,91.52999877929688,91.5500030517578,91.52999877929688,91.54000091552734,74.53556060791016,1484300
2018-04-27,91.54000091552734,91.5500030517578,91.54000091552734,91.5500030517578,74.54373168945312,295500
2018-04-30,91.5500030517578,91.5500030517578,91.54000091552734,91.54000091552734,74.53556060791016,325900
2018-05-01,91.43000030517578,91.4499969482422,91.43000030517578,91.44000244140624,74.541259765625,1429800
2018-05-02,91.44000244140624,91.4499969482422,91.44000244140624,91.4499969482422,74.54940795898438,398200
2018-05-03,91.45999908447266,91.45999908447266,91.4499969482422,91.4499969482422,74.54940795898438,3642700
2018-05-04,91.47000122070312,91.47000122070312,91.45999908447266,91.47000122070312,74.56571197509766,1208100
2018-05-07,91.45999908447266,91.47000122070312,91.45999908447266,91.47000122070312,74.56571197509766,365500
2018-05-08,91.47000122070312,91.4800033569336,91.47000122070312,91.4800033569336,74.57383728027344,432900
2018-05-09,91.45999908447266,91.4800033569336,91.45999908447266,91.4800033569336,74.57383728027344,807900
2018-05-10,91.4800033569336,91.48999786376952,91.4800033569336,91.4800033569336,74.57383728027344,4673600
2018-05-11,91.5,91.5,91.4800033569336,91.4800033569336,74.57383728027344,348900
2018-05-14,91.4800033569336,91.5,91.4800033569336,91.4800033569336,74.57383728027344,897600
2018-05-15,91.48999786376952,91.5,91.48999786376952,91.5,74.59017944335938,1825800
2018-05-16,91.5,91.51000213623048,91.48999786376952,91.51000213623048,74.59832000732422,1147500
2018-05-17,91.51000213623048,91.51000213623048,91.5,91.51000213623048,74.59832000732422,2799200
2018-05-18,91.5199966430664,91.5199966430664,91.51000213623048,91.5199966430664,74.60646057128906,1550100
2018-05-21,91.5199966430664,91.52999877929688,91.51000213623048,91.5199966430664,74.60646057128906,509500
2018-05-22,91.52999877929688,91.52999877929688,91.5199966430664,91.5199966430664,74.60646057128906,587800
2018-05-23,91.54000091552734,91.54000091552734,91.5199966430664,91.52999877929688,74.6146469116211,244900
2018-05-24,91.54000091552734,91.5500030517578,91.54000091552734,91.5500030517578,74.63096618652344,260000
2018-05-25,91.5500030517578,91.55999755859376,91.5500030517578,91.55999755859376,74.63909149169922,479400
2018-05-29,91.5500030517578,91.55999755859376,91.5500030517578,91.55999755859376,74.63909149169922,845400
2018-05-30,91.5500030517578,91.55999755859376,91.5500030517578,91.5500030517578,74.63096618652344,450400
2018-05-31,91.58000183105467,91.58000183105467,91.55999755859376,91.56999969482422,74.6471939086914,901800
2018-06-01,91.4499969482422,91.4499969482422,91.44000244140624,91.4499969482422,74.6521224975586,707400
2018-06-04,91.4499969482422,91.45999908447266,91.4499969482422,91.45999908447266,74.66028594970703,1174100
2018-06-05,91.45999908447266,91.45999908447266,91.4499969482422,91.45999908447266,74.66028594970703,726900
2018-06-06,91.45999908447266,91.45999908447266,91.4499969482422,91.4499969482422,74.6521224975586,594200
2018-06-07,91.45999908447266,91.4800033569336,91.45999908447266,91.45999908447266,74.66028594970703,1595100
2018-06-08,91.4800033569336,91.4800033569336,91.47000122070312,91.4800033569336,74.67659759521484,323200
2018-06-11,91.4800033569336,91.48999786376952,91.47000122070312,91.48999786376952,74.68477630615234,871700
2018-06-12,91.48999786376952,91.48999786376952,91.4800033569336,91.48999786376952,74.68477630615234,1142100
2018-06-13,91.4800033569336,91.5,91.4800033569336,91.4800033569336,74.67659759521484,244100
2018-06-14,91.5,91.51000213623048,91.5,91.51000213623048,74.70110321044922,440900
2018-06-15,91.51000213623048,91.51000213623048,91.5,91.51000213623048,74.70110321044922,255400
2018-06-18,91.5199966430664,91.5199966430664,91.5,91.5,74.69294738769531,1502900
2018-06-19,91.5199966430664,91.5199966430664,91.51000213623048,91.5199966430664,74.70924377441406,207800
2018-06-20,91.52999877929688,91.52999877929688,91.51000213623048,91.51000213623048,74.70110321044922,616100
2018-06-21,91.54000091552734,91.54000091552734,91.5199966430664,91.5199966430664,74.70924377441406,782600
2018-06-22,91.54000091552734,91.54000091552734,91.52999877929688,91.52999877929688,74.71745300292969,289400
2018-06-25,91.5500030517578,91.5500030517578,91.54000091552734,91.5500030517578,74.73377990722656,1069700
2018-06-26,91.54000091552734,91.55999755859376,91.54000091552734,91.54000091552734,74.7255859375,908600
2018-06-27,91.55999755859376,91.55999755859376,91.5500030517578,91.55999755859376,74.74192810058594,326100
2018-06-28,91.55999755859376,91.56999969482422,91.55999755859376,91.55999755859376,74.74192810058594,467100
2018-06-29,91.58000183105467,91.58000183105467,91.56999969482422,91.58000183105467,74.75821685791016,811600
2018-07-02,91.4499969482422,91.45999908447266,91.44000244140624,91.44000244140624,74.74760437011719,1826900
2018-07-03,91.4499969482422,91.45999908447266,91.4499969482422,91.45999908447266,74.76396942138672,1022400
2018-07-05,91.45999908447266,91.47000122070312,91.45999908447266,91.45999908447266,74.76396942138672,1033600
2018-07-06,91.47000122070312,91.4800033569336,91.47000122070312,91.4800033569336,74.7802963256836,1050600
2018-07-09,91.47000122070312,91.48999786376952,91.47000122070312,91.4800033569336,74.7802963256836,388200
2018-07-10,91.48999786376952,91.48999786376952,91.47000122070312,91.48999786376952,74.78849792480469,468100
2018-07-11,91.4800033569336,91.48999786376952,91.4800033569336,91.48999786376952,74.78849792480469,960700
2018-07-12,91.48999786376952,91.51000213623048,91.48999786376952,91.48999786376952,74.78849792480469,639200
2018-07-13,91.51000213623048,91.51000213623048,91.5,91.5,74.79667663574219,628900
2018-07-16,91.51000213623048,91.51000213623048,91.5,91.51000213623048,74.80484008789062,377800
2018-07-17,91.5199966430664,91.5199966430664,91.5,91.51000213623048,74.80484008789062,862800
2018-07-18,91.51000213623048,91.5199966430664,91.51000213623048,91.5199966430664,74.81299591064453,437400
2018-07-19,91.5199966430664,91.54000091552734,91.5199966430664,91.52999877929688,74.82121276855469,352200
2018-07-20,91.54000091552734,91.54000091552734,91.52999877929688,91.54000091552734,74.82935333251953,1845000
2018-07-23,91.5500030517578,91.5500030517578,91.52999877929688,91.52999877929688,74.82121276855469,293200
2018-07-24,91.54000091552734,91.5500030517578,91.54000091552734,91.5500030517578,74.83756256103516,450100
2018-07-25,91.5500030517578,91.5500030517578,91.54000091552734,91.54000091552734,74.82935333251953,316000
2018-07-26,91.56999969482422,91.56999969482422,91.5500030517578,91.5500030517578,74.83756256103516,269600
2018-07-27,91.56999969482422,91.56999969482422,91.55999755859376,91.56999969482422,74.85386657714844,457400
2018-07-30,91.58000183105467,91.58000183105467,91.55999755859376,91.55999755859376,74.84571075439453,377100
2018-07-31,91.58000183105467,91.58000183105467,91.56999969482422,91.58000183105467,74.86203002929688,778700
2018-08-01,91.44000244140624,91.4499969482422,91.44000244140624,91.4499969482422,74.86614227294922,1117200
2018-08-02,91.45999908447266,91.45999908447266,91.4499969482422,91.45999908447266,74.87432098388672,691800
2018-08-03,91.45999908447266,91.47000122070312,91.4499969482422,91.45999908447266,74.87432098388672,353500
2018-08-06,91.4800033569336,91.4800033569336,91.45999908447266,91.47000122070312,74.88253021240234,710200
2018-08-07,91.4800033569336,91.4800033569336,91.45999908447266,91.4800033569336,74.89069366455078,660800
2018-08-08,91.4800033569336,91.4800033569336,91.47000122070312,91.47000122070312,74.88253021240234,741400
2018-08-09,91.4800033569336,91.48999786376952,91.4800033569336,91.4800033569336,74.89069366455078,340500
2018-08-10,91.5,91.5,91.48999786376952,91.5,74.90708923339844,287400
2018-08-13,91.51000213623048,91.51000213623048,91.5,91.51000213623048,74.91525268554688,664500
2018-08-14,91.51000213623048,91.51000213623048,91.48999786376952,91.48999786376952,74.8989028930664,339800
2018-08-15,91.5,91.51000213623048,91.5,91.51000213623048,74.91525268554688,533000
2018-08-16,91.5199966430664,91.52999877929688,91.51000213623048,91.51000213623048,74.91525268554688,539800
2018-08-17,91.5199966430664,91.52999877929688,91.5199966430664,91.5199966430664,74.92342376708984,656600
2018-08-20,91.5199966430664,91.52999877929688,91.5199966430664,91.5199966430664,74.92342376708984,600900
2018-08-21,91.54000091552734,91.54000091552734,91.52999877929688,91.52999877929688,74.93163299560547,354100
2018-08-22,91.54000091552734,91.54000091552734,91.52999877929688,91.52999877929688,74.93163299560547,735700
2018-08-23,91.55999755859376,91.55999755859376,91.54000091552734,91.55999755859376,74.95619201660156,1007000
2018-08-24,91.55999755859376,91.55999755859376,91.5500030517578,91.55999755859376,74.95619201660156,229800
2018-08-27,91.55999755859376,91.56999969482422,91.5500030517578,91.56999969482422,74.9643783569336,323800
2018-08-28,91.55999755859376,91.56999969482422,91.55999755859376,91.56999969482422,74.9643783569336,610700
2018-08-29,91.58000183105467,91.58000183105467,91.55999755859376,91.55999755859376,74.95619201660156,908800
2018-08-30,91.58000183105467,91.5999984741211,91.58000183105467,91.5999984741211,74.98893737792969,748500
2018-08-31,91.58999633789062,91.5999984741211,91.58999633789062,91.58999633789062,74.98075103759766,494800
2018-09-04,91.4499969482422,91.45999908447266,91.4499969482422,91.45999908447266,74.98731994628906,973900
2018-09-05,91.45999908447266,91.47000122070312,91.4499969482422,91.4499969482422,74.97914123535156,883300
2018-09-06,91.4800033569336,91.4800033569336,91.47000122070312,91.47000122070312,74.99551391601562,1809500
2018-09-07,91.4800033569336,91.48999786376952,91.4800033569336,91.48999786376952,75.01193237304688,472300
2018-09-10,91.4800033569336,91.48999786376952,91.4800033569336,91.48999786376952,75.01193237304688,593200
2018-09-11,91.4800033569336,91.5,91.4800033569336,91.5,75.02009582519531,1580300
2018-09-12,91.48999786376952,91.5,91.48999786376952,91.5,75.02009582519531,757500
2018-09-13,91.5199966430664,91.5199966430664,91.5,91.5,75.02009582519531,458700
2018-09-14,91.5199966430664,91.5199966430664,91.51000213623048,91.51000213623048,75.0282974243164,1126400
2018-09-17,91.51000213623048,91.52999877929688,91.51000213623048,91.52999877929688,75.04469299316406,639100
2018-09-18,91.52999877929688,91.52999877929688,91.5199966430664,91.52999877929688,75.04469299316406,457500
2018-09-19,91.5199966430664,91.52999877929688,91.5199966430664,91.52999877929688,75.04469299316406,942300
2018-09-20,91.54000091552734,91.5500030517578,91.54000091552734,91.5500030517578,75.06111907958984,448700
2018-09-21,91.54000091552734,91.5500030517578,91.54000091552734,91.5500030517578,75.06111907958984,274400
2018-09-24,91.5500030517578,91.55999755859376,91.5500030517578,91.55999755859376,75.06932067871094,1329600
2018-09-25,91.5500030517578,91.55999755859376,91.5500030517578,91.55999755859376,75.06932067871094,662400
2018-09-26,91.56999969482422,91.56999969482422,91.55999755859376,91.55999755859376,75.06932067871094,256900
2018-09-27,91.58000183105467,91.58000183105467,91.56999969482422,91.58000183105467,75.08570098876953,343000
2018-09-28,91.56999969482422,91.58000183105467,91.56999969482422,91.58000183105467,75.08570098876953,409800
2018-10-01,91.44000244140624,91.44000244140624,91.43000030517578,91.44000244140624,75.09062957763672,3788900
2018-10-02,91.44000244140624,91.4499969482422,91.44000244140624,91.4499969482422,75.09886169433594,584800
2018-10-03,91.4499969482422,91.4499969482422,91.44000244140624,91.4499969482422,75.09886169433594,380100
2018-10-04,91.47000122070312,91.47000122070312,91.45999908447266,91.47000122070312,75.11524963378906,1154500
2018-10-05,91.4800033569336,91.4800033569336,91.47000122070312,91.4800033569336,75.12347412109375,4664400
2018-10-08,91.4800033569336,91.4800033569336,91.47000122070312,91.4800033569336,75.12347412109375,638800
2018-10-09,91.4800033569336,91.4800033569336,91.47000122070312,91.47000122070312,75.11524963378906,506400
2018-10-10,91.48999786376952,91.48999786376952,91.4800033569336,91.48999786376952,75.1316909790039,2091100
2018-10-11,91.5,91.5,91.48999786376952,91.5,75.13992309570312,1687600
2018-10-12,91.5,91.51000213623048,91.5,91.5,75.13992309570312,741500
2018-10-15,91.51000213623048,91.51000213623048,91.5,91.51000213623048,75.14810943603516,4029300
2018-10-16,91.51000213623048,91.5199966430664,91.51000213623048,91.5199966430664,75.15631866455078,1265500
2018-10-17,91.51000213623048,91.5199966430664,91.51000213623048,91.5199966430664,75.15631866455078,6981000
2018-10-18,91.52999877929688,91.52999877929688,91.5199966430664,91.5199966430664,75.15631866455078,733900
2018-10-19,91.52999877929688,91.54000091552734,91.52999877929688,91.52999877929688,75.16455078125,693400
2018-10-22,91.52999877929688,91.5500030517578,91.52999877929688,91.5500030517578,75.1809310913086,746900
2018-10-23,91.52999877929688,91.5500030517578,91.52999877929688,91.5500030517578,75.1809310913086,1982600
2018-10-24,91.55999755859376,91.55999755859376,91.5500030517578,91.55999755859376,75.18915557861328,1071600
2018-10-25,91.55999755859376,91.58000183105467,91.55999755859376,91.56999969482422,75.1973648071289,3574800
2018-10-26,91.58000183105467,91.58000183105467,91.56999969482422,91.58000183105467,75.20562744140625,6698900
2018-10-29,91.58000183105467,91.58000183105467,91.56999969482422,91.58000183105467,75.20562744140625,1477400
2018-10-30,91.58999633789062,91.58999633789062,91.58000183105467,91.58000183105467,75.20562744140625,1303100
2018-10-31,91.58999633789062,91.58999633789062,91.58000183105467,91.58999633789062,75.21381378173828,2389400
2018-11-01,91.45999908447266,91.45999908447266,91.4499969482422,91.45999908447266,75.23025512695312,2666600
2018-11-02,91.4499969482422,91.45999908447266,91.4499969482422,91.45999908447266,75.23025512695312,2036700
2018-11-05,91.45999908447266,91.47000122070312,91.45999908447266,91.47000122070312,75.23847961425781,2684100
2018-11-06,91.47000122070312,91.47000122070312,91.45999908447266,91.47000122070312,75.23847961425781,1105200
2018-11-07,91.4800033569336,91.4800033569336,91.47000122070312,91.4800033569336,75.24671936035156,1135100
2018-11-08,91.48999786376952,91.51000213623048,91.48999786376952,91.48999786376952,75.25495147705078,1624800
2018-11-09,91.5,91.51000213623048,91.48999786376952,91.51000213623048,75.2713851928711,3348300
2018-11-12,91.51000213623048,91.51000213623048,91.5,91.5,75.26322174072266,601500
2018-11-13,91.5,91.51000213623048,91.5,91.51000213623048,75.2713851928711,802200
2018-11-14,91.51000213623048,91.51000213623048,91.5,91.5,75.26322174072266,2459500
2018-11-15,91.52999877929688,91.52999877929688,91.5199966430664,91.52999877929688,75.28784942626953,1448300
2018-11-16,91.54000091552734,91.54000091552734,91.52999877929688,91.54000091552734,75.29606628417969,7584300
2018-11-19,91.54000091552734,91.54000091552734,91.52999877929688,91.52999877929688,75.28784942626953,1754300
2018-11-20,91.5500030517578,91.5500030517578,91.54000091552734,91.5500030517578,75.30428314208984,5355400
2018-11-21,91.58000183105467,91.58000183105467,91.55999755859376,91.56999969482422,75.32070922851562,1683200
2018-11-23,91.56999969482422,91.58000183105467,91.55999755859376,91.56999969482422,75.32070922851562,544500
2018-11-26,91.58000183105467,91.58000183105467,91.56999969482422,91.58000183105467,75.32897186279297,945300
2018-11-27,91.58000183105467,91.58999633789062,91.56999969482422,91.58000183105467,75.32897186279297,701300
2018-11-28,91.58000183105467,91.58999633789062,91.58000183105467,91.58999633789062,75.33720397949219,1463800
2018-11-29,91.5999984741211,91.61000061035156,91.5999984741211,91.5999984741211,75.34541320800781,5720200
2018-11-30,91.62000274658205,91.62000274658205,91.5999984741211,91.61000061035156,75.3536376953125,1795600
2018-12-03,91.4499969482422,91.45999908447266,91.4499969482422,91.4499969482422,75.3511962890625,2369700
2018-12-04,91.45999908447266,91.45999908447266,91.4499969482422,91.45999908447266,75.35943603515625,1610600
2018-12-06,91.4800033569336,91.48999786376952,91.47000122070312,91.4800033569336,75.37592315673828,4606200
2018-12-07,91.48999786376952,91.48999786376952,91.4800033569336,91.48999786376952,75.38411712646484,1924600
2018-12-10,91.5,91.5,91.48999786376952,91.5,75.39237976074219,1474800
2018-12-11,91.5,91.5,91.48999786376952,91.48999786376952,75.38411712646484,1734600
2018-12-12,91.51000213623048,91.51000213623048,91.5,91.51000213623048,75.40060424804688,959200
2018-12-13,91.5199966430664,91.5199966430664,91.51000213623048,91.5199966430664,75.40885162353516,1410000
2018-12-14,91.5199966430664,91.52999877929688,91.5199966430664,91.52999877929688,75.41708374023438,939300
2018-12-17,91.52999877929688,91.54000091552734,91.5199966430664,91.54000091552734,75.42532348632812,3563400
2018-12-18,91.54000091552734,91.54000091552734,91.52999877929688,91.54000091552734,75.42532348632812,2394700
2018-12-19,91.38999938964844,91.38999938964844,91.37000274658205,91.37000274658205,75.4170913696289,2636300
2018-12-20,91.38999938964844,91.4000015258789,91.38999938964844,91.38999938964844,75.43360137939453,2938700
2018-12-21,91.41000366210938,91.41000366210938,91.4000015258789,91.41000366210938,75.4500961303711,2612300
2018-12-24,91.41999816894533,91.41999816894533,91.41000366210938,91.41999816894533,75.45838928222656,2979200
2018-12-26,91.41999816894533,91.41999816894533,91.41000366210938,91.41000366210938,75.4500961303711,2751600
2018-12-27,91.43000030517578,91.44000244140624,91.43000030517578,91.44000244140624,75.474853515625,3096100
2018-12-28,91.4499969482422,91.4499969482422,91.44000244140624,91.4499969482422,75.4831314086914,1835800
2018-12-31,91.45999908447266,91.45999908447266,91.44000244140624,91.45999908447266,75.49138641357422,3490000
2019-01-02,91.47000122070312,91.47000122070312,91.4499969482422,91.4499969482422,75.4831314086914,15671600
2019-01-03,91.47000122070312,91.48999786376952,91.47000122070312,91.4800033569336,75.50790405273438,3316200
2019-01-04,91.48999786376952,91.48999786376952,91.47000122070312,91.48999786376952,75.51611328125,5483000
2019-01-07,91.4800033569336,91.48999786376952,91.4800033569336,91.48999786376952,75.51611328125,2840200
2019-01-08,91.48999786376952,91.48999786376952,91.4800033569336,91.48999786376952,75.51611328125,1923100
2019-01-09,91.5,91.5,91.48999786376952,91.48999786376952,75.51611328125,1486900
2019-01-10,91.5199966430664,91.5199966430664,91.5,91.5,75.52438354492188,1865800
2019-01-11,91.5199966430664,91.5199966430664,91.51000213623048,91.5199966430664,75.54087829589844,1329200
2019-01-14,91.52999877929688,91.52999877929688,91.51000213623048,91.51000213623048,75.5326156616211,1986900
2019-01-15,91.52999877929688,91.52999877929688,91.5199966430664,91.52999877929688,75.54912567138672,1177800
2019-01-16,91.54000091552734,91.54000091552734,91.52999877929688,91.54000091552734,75.5573959350586,1310100
2019-01-17,91.5500030517578,91.55999755859376,91.5500030517578,91.55999755859376,75.57389831542969,809400
2019-01-18,91.55999755859376,91.56999969482422,91.5500030517578,91.55999755859376,75.57389831542969,1950700
2019-01-22,91.55999755859376,91.56999969482422,91.5500030517578,91.56999969482422,75.58216094970703,1930700
2019-01-23,91.58000183105467,91.58000183105467,91.56999969482422,91.56999969482422,75.58216094970703,1637700
2019-01-24,91.58999633789062,91.5999984741211,91.58999633789062,91.5999984741211,75.60692596435547,1200800
2019-01-25,91.58999633789062,91.5999984741211,91.58999633789062,91.58999633789062,75.59867095947266,2123700
2019-01-28,91.61000061035156,91.61000061035156,91.5999984741211,91.5999984741211,75.60692596435547,1286100
2019-01-29,91.5999984741211,91.61000061035156,91.5999984741211,91.5999984741211,75.60692596435547,965000
2019-01-30,91.61000061035156,91.62000274658205,91.61000061035156,91.62000274658205,75.62342834472656,1784900
2019-01-31,91.62000274658205,91.63999938964844,91.62000274658205,91.62000274658205,75.62342834472656,4576700
2019-02-01,91.45999908447266,91.45999908447266,91.4499969482422,91.4499969482422,75.6308822631836,2534500
2019-02-04,91.4499969482422,91.45999908447266,91.4499969482422,91.45999908447266,75.63914489746094,3375400
2019-02-05,91.45999908447266,91.47000122070312,91.45999908447266,91.45999908447266,75.63914489746094,2471300
2019-02-06,91.47000122070312,91.4800033569336,91.47000122070312,91.4800033569336,75.65571594238281,2135400
2019-02-07,91.4800033569336,91.48999786376952,91.4800033569336,91.4800033569336,75.65571594238281,1894000
2019-02-08,91.5,91.5,91.48999786376952,91.5,75.67222595214844,584400
2019-02-11,91.5,91.5,91.48999786376952,91.48999786376952,75.66395568847656,1328200
2019-02-12,91.5,91.51000213623048,91.5,91.51000213623048,75.68051147460938,986400
2019-02-13,91.51000213623048,91.51000213623048,91.5,91.51000213623048,75.68051147460938,818800
2019-02-14,91.52999877929688,91.54000091552734,91.52999877929688,91.52999877929688,75.69702911376953,2038600
2019-02-15,91.54000091552734,91.54000091552734,91.52999877929688,91.52999877929688,75.69702911376953,1547700
2019-02-19,91.5500030517578,91.5500030517578,91.54000091552734,91.5500030517578,75.71357727050781,1858700
2019-02-20,91.5500030517578,91.5500030517578,91.54000091552734,91.5500030517578,75.71357727050781,4086700
2019-02-21,91.56999969482422,91.56999969482422,91.55999755859376,91.55999755859376,75.72185516357422,1288200
2019-02-22,91.56999969482422,91.58000183105467,91.56999969482422,91.58000183105467,75.73841857910156,3265500
2019-02-25,91.58000183105467,91.58000183105467,91.56999969482422,91.56999969482422,75.73011779785156,1026500
2019-02-26,91.58000183105467,91.58999633789062,91.58000183105467,91.58000183105467,75.73841857910156,1202400
2019-02-27,91.58999633789062,91.58999633789062,91.58000183105467,91.58999633789062,75.74665832519531,1260300
2019-02-28,91.5999984741211,91.61000061035156,91.5999984741211,91.61000061035156,75.76315307617188,1073800
2019-03-01,91.4499969482422,91.4499969482422,91.44000244140624,91.4499969482422,75.77146911621094,2044200
2019-03-04,91.44000244140624,91.4499969482422,91.44000244140624,91.44000244140624,75.76316833496094,1554500
2019-03-05,91.4499969482422,91.45999908447266,91.4499969482422,91.4499969482422,75.77146911621094,2614100
2019-03-06,91.45999908447266,91.45999908447266,91.4499969482422,91.45999908447266,75.77975463867188,706100
2019-03-07,91.4800033569336,91.4800033569336,91.47000122070312,91.4800033569336,75.79634857177734,1106400
2019-03-08,91.48999786376952,91.48999786376952,91.4800033569336,91.48999786376952,75.80459594726562,1061100
2019-03-11,91.48999786376952,91.48999786376952,91.4800033569336,91.48999786376952,75.80459594726562,861100
2019-03-12,91.5,91.5,91.48999786376952,91.5,75.81291198730469,938300
2019-03-13,91.51000213623048,91.51000213623048,91.5,91.51000213623048,75.82120513916016,1796500
2019-03-14,91.51000213623048,91.5199966430664,91.51000213623048,91.51000213623048,75.82120513916016,520100
2019-03-15,91.5199966430664,91.52999877929688,91.51000213623048,91.5199966430664,75.82945251464844,1115400
2019-03-18,91.5199966430664,91.52999877929688,91.5199966430664,91.52999877929688,75.8377685546875,1144100
2019-03-19,91.54000091552734,91.54000091552734,91.52999877929688,91.52999877929688,75.8377685546875,3794400
2019-03-20,91.54000091552734,91.54000091552734,91.52999877929688,91.52999877929688,75.8377685546875,1988500
2019-03-21,91.5500030517578,91.55999755859376,91.5500030517578,91.55999755859376,75.86261749267578,1957600
2019-03-22,91.55999755859376,91.55999755859376,91.5500030517578,91.55999755859376,75.86261749267578,2049600
2019-03-25,91.56999969482422,91.56999969482422,91.55999755859376,91.55999755859376,75.86261749267578,1231800
2019-03-26,91.56999969482422,91.58000183105467,91.56999969482422,91.56999969482422,75.87088775634766,661600
2019-03-27,91.56999969482422,91.58000183105467,91.56999969482422,91.58000183105467,75.87919616699219,2214100
2019-03-28,91.5999984741211,91.5999984741211,91.58999633789062,91.5999984741211,75.89575958251953,924100
2019-03-29,91.5999984741211,91.61000061035156,91.5999984741211,91.5999984741211,75.89575958251953,1576100
2019-04-01,91.43000030517578,91.44000244140624,91.43000030517578,91.44000244140624,75.90902709960938,2419200
2019-04-02,91.44000244140624,91.44000244140624,91.43000030517578,91.43000030517578,75.90074157714844,1138800
2019-04-03,91.44000244140624,91.4499969482422,91.44000244140624,91.44000244140624,75.90902709960938,1422400
2019-04-04,91.45999908447266,91.47000122070312,91.45999908447266,91.47000122070312,75.9339370727539,1208000
2019-04-05,91.45999908447266,91.47000122070312,91.45999908447266,91.47000122070312,75.9339370727539,655700
2019-04-08,91.4800033569336,91.4800033569336,91.47000122070312,91.47000122070312,75.9339370727539,1349200
2019-04-09,91.47000122070312,91.4800033569336,91.47000122070312,91.4800033569336,75.94227600097656,1438000
2019-04-10,91.48999786376952,91.48999786376952,91.4800033569336,91.4800033569336,75.94227600097656,2261600
2019-04-11,91.5,91.51000213623048,91.5,91.51000213623048,75.96717071533203,674900
2019-04-12,91.5,91.51000213623048,91.5,91.51000213623048,75.96717071533203,890600
2019-04-15,91.51000213623048,91.5199966430664,91.51000213623048,91.5199966430664,75.9754409790039,1087900
2019-04-16,91.5199966430664,91.5199966430664,91.51000213623048,91.5199966430664,75.9754409790039,767900
2019-04-17,91.54000091552734,91.5500030517578,91.54000091552734,91.54000091552734,75.99205017089844,691500
2019-04-18,91.5500030517578,91.5500030517578,91.54000091552734,91.5500030517578,76.0003662109375,2976400
2019-04-22,91.5500030517578,91.55999755859376,91.5500030517578,91.5500030517578,76.0003662109375,1171400
2019-04-23,91.5500030517578,91.55999755859376,91.5500030517578,91.5500030517578,76.0003662109375,912100
2019-04-24,91.56999969482422,91.56999969482422,91.55999755859376,91.56999969482422,76.01695251464844,1103500
2019-04-25,91.58999633789062,91.58999633789062,91.58000183105467,91.58999633789062,76.0335693359375,1838500
2019-04-26,91.58999633789062,91.58999633789062,91.58000183105467,91.58000183105467,76.0252685546875,2449400
2019-04-29,91.58999633789062,91.5999984741211,91.58999633789062,91.58999633789062,76.0335693359375,667700
2019-04-30,91.5999984741211,91.5999984741211,91.58999633789062,91.5999984741211,76.0418930053711,1161400
2019-05-01,91.43000030517578,91.43000030517578,91.41999816894533,91.43000030517578,76.04520416259766,1237600
2019-05-02,91.4499969482422,91.4499969482422,91.44000244140624,91.44000244140624,76.05349731445312,856100
2019-05-03,91.4499969482422,91.45999908447266,91.4499969482422,91.4499969482422,76.0617904663086,1443500
2019-05-06,91.45999908447266,91.45999908447266,91.4499969482422,91.45999908447266,76.07015228271484,879800
2019-05-07,91.47000122070312,91.47000122070312,91.45999908447266,91.47000122070312,76.07846069335938,1217900
2019-05-08,91.47000122070312,91.47000122070312,91.45999908447266,91.47000122070312,76.07846069335938,980900
2019-05-09,91.48999786376952,91.48999786376952,91.4800033569336,91.4800033569336,76.0867919921875,2029800
2019-05-10,91.5,91.5,91.48999786376952,91.5,76.1034164428711,966600
2019-05-13,91.5,91.5,91.48999786376952,91.48999786376952,76.09508514404297,1953000
2019-05-14,91.51000213623048,91.51000213623048,91.5,91.5,76.1034164428711,1097000
2019-05-15,91.51000213623048,91.51000213623048,91.5,91.51000213623048,76.11174011230469,1061900
2019-05-16,91.5199966430664,91.52999877929688,91.5199966430664,91.5199966430664,76.12003326416016,1681600
2019-05-17,91.54000091552734,91.54000091552734,91.52999877929688,91.52999877929688,76.1283950805664,339300
2019-05-20,91.5500030517578,91.5500030517578,91.54000091552734,91.54000091552734,76.13667297363281,524300
2019-05-21,91.5500030517578,91.5500030517578,91.54000091552734,91.54000091552734,76.13667297363281,673700
2019-05-22,91.55999755859376,91.55999755859376,91.5500030517578,91.55999755859376,76.15330505371094,1218500
2019-05-23,91.56999969482422,91.58000183105467,91.56999969482422,91.58000183105467,76.16997528076172,1198800
2019-05-24,91.58000183105467,91.58999633789062,91.58000183105467,91.58000183105467,76.16997528076172,1337100
2019-05-28,91.58999633789062,91.58999633789062,91.58000183105467,91.58999633789062,76.17828369140625,981000
2019-05-29,91.5999984741211,91.5999984741211,91.58999633789062,91.58999633789062,76.17828369140625,4239400
2019-05-30,91.61000061035156,91.62000274658205,91.61000061035156,91.62000274658205,76.20323181152344,1223300
2019-05-31,91.62000274658205,91.62000274658205,91.61000061035156,91.62000274658205,76.20323181152344,2770300
2019-06-03,91.44000244140624,91.4499969482422,91.44000244140624,91.44000244140624,76.19988250732422,3486900
2019-06-04,91.4499969482422,91.45999908447266,91.4499969482422,91.45999908447266,76.21654510498047,9008800
2019-06-05,91.45999908447266,91.45999908447266,91.4499969482422,91.45999908447266,76.21654510498047,2028500
2019-06-06,91.47000122070312,91.48999786376952,91.47000122070312,91.48999786376952,76.24153137207031,7013200
2019-06-07,91.48999786376952,91.48999786376952,91.4800033569336,91.4800033569336,76.23324584960938,2299000
2019-06-10,91.5,91.5,91.48999786376952,91.5,76.24986267089844,2795300
2019-06-11,91.48999786376952,91.5,91.48999786376952,91.48999786376952,76.24153137207031,1563700
2019-06-12,91.5,91.51000213623048,91.5,91.5,76.24986267089844,2308800
2019-06-13,91.5199966430664,91.52999877929688,91.5199966430664,91.52999877929688,76.2748794555664,4044200
2019-06-14,91.54000091552734,91.54000091552734,91.52999877929688,91.54000091552734,76.28324127197266,601300
2019-06-17,91.54000091552734,91.5500030517578,91.54000091552734,91.54000091552734,76.28324127197266,3386000
2019-06-18,91.54000091552734,91.5500030517578,91.54000091552734,91.54000091552734,76.28324127197266,3183100
2019-06-19,91.5500030517578,91.55999755859376,91.5500030517578,91.55999755859376,76.29989624023438,521300
2019-06-20,91.56999969482422,91.58000183105467,91.56999969482422,91.56999969482422,76.30821990966797,2524000
2019-06-21,91.56999969482422,91.58000183105467,91.56999969482422,91.56999969482422,76.30821990966797,2016700
2019-06-24,91.58000183105467,91.58999633789062,91.58000183105467,91.58000183105467,76.31658935546875,1223700
2019-06-25,91.58999633789062,91.58999633789062,91.58000183105467,91.58000183105467,76.31658935546875,826600
2019-06-26,91.58999633789062,91.5999984741211,91.58999633789062,91.5999984741211,76.33323669433594,1006400
2019-06-27,91.5999984741211,91.61000061035156,91.5999984741211,91.5999984741211,76.33323669433594,615800
2019-06-28,91.62000274658205,91.62000274658205,91.61000061035156,91.61000061035156,76.34153747558594,1112800
2019-07-01,91.4499969482422,91.45999908447266,91.44000244140624,91.44000244140624,76.33737182617188,3984100
2019-07-02,91.4499969482422,91.45999908447266,91.4499969482422,91.4499969482422,76.34575653076172,5031700
2019-07-03,91.4800033569336,91.4800033569336,91.47000122070312,91.4800033569336,76.37080383300781,1988600
2019-07-05,91.47000122070312,91.4800033569336,91.47000122070312,91.47000122070312,76.36241912841797,1294500
2019-07-08,91.4800033569336,91.4800033569336,91.47000122070312,91.47000122070312,76.36241912841797,3557000
2019-07-09,91.4800033569336,91.4800033569336,91.47000122070312,91.4800033569336,76.37080383300781,1612400
2019-07-10,91.4800033569336,91.48999786376952,91.4800033569336,91.48999786376952,76.37910461425781,1257200
2019-07-11,91.5,91.51000213623048,91.5,91.51000213623048,76.39580535888672,1230400
2019-07-12,91.5199966430664,91.5199966430664,91.51000213623048,91.5199966430664,76.40416717529297,792900
2019-07-15,91.5199966430664,91.5199966430664,91.51000213623048,91.5199966430664,76.40416717529297,521000
2019-07-16,91.5199966430664,91.52999877929688,91.5199966430664,91.52999877929688,76.41250610351562,731500
2019-07-17,91.52999877929688,91.52999877929688,91.5199966430664,91.52999877929688,76.41250610351562,650700
2019-07-18,91.54000091552734,91.55999755859376,91.54000091552734,91.55999755859376,76.43756866455078,1130400
2019-07-19,91.5500030517578,91.55999755859376,91.5500030517578,91.55999755859376,76.43756866455078,1509200
2019-07-22,91.5500030517578,91.55999755859376,91.5500030517578,91.55999755859376,76.43756866455078,524400
2019-07-23,91.5500030517578,91.55999755859376,91.5500030517578,91.5500030517578,76.4292221069336,1703300
2019-07-24,91.55999755859376,91.56999969482422,91.55999755859376,91.56999969482422,76.44590759277344,793900
2019-07-25,91.56999969482422,91.58999633789062,91.56999969482422,91.58999633789062,76.46261596679688,1428400
2019-07-26,91.58999633789062,91.58999633789062,91.58000183105467,91.58000183105467,76.45429229736328,1202800
2019-07-29,91.5999984741211,91.5999984741211,91.58999633789062,91.5999984741211,76.47096252441406,871300
2019-07-30,91.58999633789062,91.5999984741211,91.58999633789062,91.5999984741211,76.47096252441406,2294000
2019-07-31,91.61000061035156,91.61000061035156,91.5999984741211,91.61000061035156,76.47928619384766,3291100
2019-08-01,91.47000122070312,91.4800033569336,91.45999908447266,91.4800033569336,76.50025939941406,5657100
2019-08-02,91.4800033569336,91.4800033569336,91.47000122070312,91.4800033569336,76.50025939941406,5480500
2019-08-05,91.4800033569336,91.48999786376952,91.47000122070312,91.47000122070312,76.49183654785156,2182900
2019-08-06,91.4800033569336,91.48999786376952,91.4800033569336,91.4800033569336,76.50025939941406,4955000
2019-08-07,91.4800033569336,91.5,91.4800033569336,91.5,76.51692962646484,2365100
2019-08-08,91.51000213623048,91.51000213623048,91.5,91.51000213623048,76.52528381347656,1279000
2019-08-09,91.5,91.51000213623048,91.5,91.5,76.51692962646484,2542200
2019-08-12,91.51000213623048,91.5199966430664,91.51000213623048,91.5199966430664,76.53365325927734,2547400
2019-08-13,91.51000213623048,91.52999877929688,91.51000213623048,91.52999877929688,76.54203033447266,904300
2019-08-14,91.52999877929688,91.54000091552734,91.5199966430664,91.5199966430664,76.53365325927734,1988000
2019-08-15,91.5500030517578,91.55999755859376,91.54000091552734,91.55999755859376,76.56709289550781,2998300
2019-08-16,91.55999755859376,91.55999755859376,91.5500030517578,91.5500030517578,76.55875396728516,2471500
2019-08-19,91.56999969482422,91.56999969482422,91.5500030517578,91.5500030517578,76.55875396728516,4949900
2019-08-20,91.55999755859376,91.55999755859376,91.5500030517578,91.55999755859376,76.56709289550781,1675500
2019-08-21,91.55999755859376,91.56999969482422,91.5500030517578,91.5500030517578,76.55875396728516,1433700
2019-08-22,91.56999969482422,91.58000183105467,91.56999969482422,91.58000183105467,76.58386993408203,1162700
2019-08-23,91.58000183105467,91.58000183105467,91.55999755859376,91.56999969482422,76.57546997070312,10788500
2019-08-26,91.58999633789062,91.58999633789062,91.58000183105467,91.58000183105467,76.58386993408203,2234600
2019-08-27,91.58999633789062,91.58999633789062,91.58000183105467,91.58999633789062,76.59220123291016,1616900
2019-08-28,91.58999633789062,91.58999633789062,91.58000183105467,91.58000183105467,76.58386993408203,3861800
2019-08-29,91.5999984741211,91.61000061035156,91.5999984741211,91.5999984741211,76.60057830810547,2276800
2019-08-30,91.61000061035156,91.62000274658205,91.61000061035156,91.61000061035156,76.60891723632812,3418100
2019-09-03,91.45999908447266,91.45999908447266,91.4499969482422,91.45999908447266,76.62399291992188,4842500
2019-09-04,91.45999908447266,91.45999908447266,91.4499969482422,91.4499969482422,76.61563110351562,1895600
2019-09-05,91.47000122070312,91.47000122070312,91.45999908447266,91.45999908447266,76.62399291992188,4888800
2019-09-06,91.47000122070312,91.4800033569336,91.45999908447266,91.47000122070312,76.63237762451172,2094700
2019-09-09,91.47000122070312,91.4800033569336,91.47000122070312,91.47000122070312,76.63237762451172,1064400
2019-09-10,91.48999786376952,91.48999786376952,91.4800033569336,91.48999786376952,76.64915466308594,2325200
2019-09-11,91.4800033569336,91.48999786376952,91.4800033569336,91.4800033569336,76.64080047607422,1437400
2019-09-12,91.5,91.51000213623048,91.5,91.5,76.65750122070312,1867500
2019-09-13,91.51000213623048,91.51000213623048,91.5,91.5,76.65750122070312,1638200
2019-09-16,91.51000213623048,91.5199966430664,91.5,91.5,76.65750122070312,1119300
2019-09-17,91.51000213623048,91.5199966430664,91.5,91.51000213623048,76.66588592529297,1032800
2019-09-18,91.5199966430664,91.52999877929688,91.51000213623048,91.52999877929688,76.68265533447266,1094500
2019-09-19,91.5500030517578,91.5500030517578,91.52999877929688,91.52999877929688,76.68265533447266,1980600
2019-09-20,91.54000091552734,91.54000091552734,91.52999877929688,91.54000091552734,76.6910629272461,2298500
2019-09-23,91.54000091552734,91.55999755859376,91.54000091552734,91.55999755859376,76.70775604248047,1669600
2019-09-24,91.55999755859376,91.55999755859376,91.5500030517578,91.55999755859376,76.70775604248047,1661700
2019-09-25,91.55999755859376,91.55999755859376,91.5500030517578,91.55999755859376,76.70775604248047,1362600
2019-09-26,91.56999969482422,91.58000183105467,91.56999969482422,91.58000183105467,76.72456359863281,1741100
2019-09-27,91.58999633789062,91.58999633789062,91.56999969482422,91.58000183105467,76.72456359863281,1033000
2019-09-30,91.58000183105467,91.58999633789062,91.58000183105467,91.58999633789062,76.73291778564453,3144600
2019-10-01,91.45999908447266,91.45999908447266,91.4499969482422,91.4499969482422,76.73038482666016,2016800
2019-10-02,91.45999908447266,91.45999908447266,91.4499969482422,91.4499969482422,76.73038482666016,2410000
2019-10-03,91.47000122070312,91.4800033569336,91.47000122070312,91.4800033569336,76.75556945800781,1101300
2019-10-04,91.47000122070312,91.4800033569336,91.47000122070312,91.4800033569336,76.75556945800781,924300
2019-10-07,91.48999786376952,91.48999786376952,91.4800033569336,91.48999786376952,76.76393127441406,686900
2019-10-08,91.48999786376952,91.48999786376952,91.4800033569336,91.48999786376952,76.76393127441406,1207500
2019-10-09,91.5,91.5,91.48999786376952,91.48999786376952,76.76393127441406,1714000
2019-10-10,91.5199966430664,91.5199966430664,91.51000213623048,91.51000213623048,76.78075408935547,1404600
2019-10-11,91.5199966430664,91.5199966430664,91.51000213623048,91.5199966430664,76.78913116455078,1446100
2019-10-14,91.51000213623048,91.52999877929688,91.4499969482422,91.51000213623048,76.78075408935547,2720500
2019-10-15,91.51000213623048,91.5199966430664,91.51000213623048,91.5199966430664,76.78913116455078,1621300
2019-10-16,91.5199966430664,91.52999877929688,91.5199966430664,91.52999877929688,76.79752349853516,1620400
2019-10-17,91.52999877929688,91.54000091552734,91.52999877929688,91.54000091552734,76.80592346191406,1350600
2019-10-18,91.52999877929688,91.54000091552734,91.52999877929688,91.54000091552734,76.80592346191406,3141500
2019-10-21,91.5500030517578,91.5500030517578,91.54000091552734,91.5500030517578,76.8143081665039,820500
2019-10-22,91.5500030517578,91.5500030517578,91.54000091552734,91.5500030517578,76.8143081665039,1818900
2019-10-23,91.54000091552734,91.5500030517578,91.54000091552734,91.5500030517578,76.8143081665039,707600
2019-10-24,91.55999755859376,91.56999969482422,91.55999755859376,91.56999969482422,76.83110809326172,734400
2019-10-25,91.55999755859376,91.56999969482422,91.55999755859376,91.56999969482422,76.83110809326172,857300
2019-10-28,91.56999969482422,91.56999969482422,91.55999755859376,91.55999755859376,76.82266998291016,1936500
2019-10-29,91.56999969482422,91.58000183105467,91.56999969482422,91.58000183105467,76.83949279785156,486100
2019-10-30,91.58000183105467,91.58999633789062,91.56999969482422,91.58999633789062,76.84786224365234,1025500
2019-10-31,91.58999633789062,91.5999984741211,91.58999633789062,91.5999984741211,76.85624694824219,1240700
2019-11-01,91.45999908447266,91.47000122070312,91.45999908447266,91.45999908447266,76.85541534423828,5615400
2019-11-04,91.45999908447266,91.47000122070312,91.45999908447266,91.47000122070312,76.86381530761719,2305900
2019-11-05,91.45999908447266,91.47000122070312,91.45999908447266,91.45999908447266,76.85541534423828,1253400
2019-11-06,91.47000122070312,91.4800033569336,91.47000122070312,91.47000122070312,76.86381530761719,1095800
2019-11-07,91.4800033569336,91.48999786376952,91.4800033569336,91.48999786376952,76.88058471679688,1334700
2019-11-08,91.48999786376952,91.48999786376952,91.4800033569336,91.48999786376952,76.88058471679688,727700
2019-11-11,91.48999786376952,91.48999786376952,91.4800033569336,91.48999786376952,76.88058471679688,464600
2019-11-12,91.5,91.5,91.48999786376952,91.5,76.8890609741211,1818400
2019-11-13,91.5,91.5,91.48999786376952,91.5,76.8890609741211,1170700
2019-11-14,91.5,91.51000213623048,91.5,91.51000213623048,76.8974380493164,3100000
2019-11-15,91.51000213623048,91.51000213623048,91.5,91.5,76.8890609741211,2225800
2019-11-18,91.51000213623048,91.5199966430664,91.51000213623048,91.5199966430664,76.90583801269531,1610600
2019-11-19,91.5199966430664,91.5199966430664,91.51000213623048,91.51000213623048,76.8974380493164,928000
2019-11-20,91.5199966430664,91.5199966430664,91.51000213623048,91.5199966430664,76.90583801269531,2396400
2019-11-21,91.52999877929688,91.52999877929688,91.5199966430664,91.5199966430664,76.90583801269531,975300
2019-11-22,91.52999877929688,91.54000091552734,91.52999877929688,91.52999877929688,76.91423797607422,1197900
2019-11-25,91.54000091552734,91.54000091552734,91.52999877929688,91.52999877929688,76.91423797607422,955100
2019-11-26,91.54000091552734,91.5500030517578,91.54000091552734,91.54000091552734,76.92265319824219,952000
2019-11-27,91.5500030517578,91.55999755859376,91.5500030517578,91.55999755859376,76.9394302368164,775900
2019-11-29,91.5500030517578,91.55999755859376,91.5500030517578,91.55999755859376,76.9394302368164,687500
2019-12-02,91.44000244140624,91.4499969482422,91.44000244140624,91.4499969482422,76.94534301757812,985300
2019-12-03,91.4499969482422,91.4499969482422,91.44000244140624,91.44000244140624,76.93692779541016,2002400
2019-12-04,91.4499969482422,91.45999908447266,91.4499969482422,91.4499969482422,76.94534301757812,1008000
2019-12-05,91.47000122070312,91.47000122070312,91.45999908447266,91.47000122070312,76.9621810913086,866100
2019-12-06,91.45999908447266,91.47000122070312,91.45999908447266,91.47000122070312,76.9621810913086,1171300
2019-12-09,91.47000122070312,91.4800033569336,91.47000122070312,91.4800033569336,76.9706039428711,776200
2019-12-10,91.4800033569336,91.4800033569336,91.47000122070312,91.4800033569336,76.9706039428711,1040700
2019-12-11,91.4800033569336,91.4800033569336,91.47000122070312,91.4800033569336,76.9706039428711,1288600
2019-12-12,91.5,91.5,91.48999786376952,91.5,76.98744201660156,601800
2019-12-13,91.48999786376952,91.5,91.4800033569336,91.4800033569336,76.9706039428711,753100
2019-12-16,91.48999786376952,91.5,91.48999786376952,91.5,76.98744201660156,702700
2019-12-17,91.5,91.51000213623048,91.48999786376952,91.48999786376952,76.9789810180664,2353000
2019-12-18,91.51000213623048,91.51000213623048,91.5,91.51000213623048,76.99580383300781,1059900
2019-12-19,91.51000213623048,91.5199966430664,91.51000213623048,91.5199966430664,77.0042495727539,1412900
2019-12-20,91.41000366210938,91.41000366210938,91.4000015258789,91.41000366210938,77.00845336914062,1375800
2019-12-23,91.4000015258789,91.41000366210938,91.4000015258789,91.41000366210938,77.00845336914062,2846500
2019-12-24,91.41999816894533,91.41999816894533,91.41000366210938,91.41999816894533,77.01687622070312,1042700
2019-12-26,91.41000366210938,91.43000030517578,91.41000366210938,91.43000030517578,77.02530670166016,956200
2019-12-27,91.41999816894533,91.43000030517578,91.41999816894533,91.41999816894533,77.01687622070312,1325600
2019-12-30,91.44000244140624,91.44000244140624,91.43000030517578,91.43000030517578,77.02530670166016,1381300
2019-12-31,91.4499969482422,91.4499969482422,91.43000030517578,91.43000030517578,77.02530670166016,1406200
2020-01-02,91.4499969482422,91.45999908447266,91.44000244140624,91.45999908447266,77.05056762695312,3167200
2020-01-03,91.45999908447266,91.45999908447266,91.4499969482422,91.45999908447266,77.05056762695312,853200
2020-01-06,91.45999908447266,91.47000122070312,91.4499969482422,91.4499969482422,77.04214477539062,2471900
2020-01-07,91.45999908447266,91.45999908447266,91.4499969482422,91.4499969482422,77.04214477539062,1267300
2020-01-08,91.45999908447266,91.47000122070312,91.45999908447266,91.47000122070312,77.05902099609375,1286100
2020-01-09,91.4800033569336,91.4800033569336,91.47000122070312,91.4800033569336,77.06742095947266,984300
2020-01-10,91.47000122070312,91.4800033569336,91.47000122070312,91.4800033569336,77.06742095947266,1137100
2020-01-13,91.4800033569336,91.4800033569336,91.47000122070312,91.4800033569336,77.06742095947266,1459100
2020-01-14,91.4800033569336,91.48999786376952,91.4800033569336,91.4800033569336,77.06742095947266,1055400
2020-01-15,91.48999786376952,91.48999786376952,91.4800033569336,91.48999786376952,77.0758285522461,862300
2020-01-16,91.48999786376952,91.51000213623048,91.48999786376952,91.51000213623048,77.09268951416016,1104100
2020-01-17,91.51000213623048,91.51000213623048,91.5,91.5,77.08428955078125,1323200
2020-01-21,91.51000213623048,91.51000213623048,91.5,91.51000213623048,77.09268951416016,3170700
2020-01-22,91.51000213623048,91.51000213623048,91.5,91.51000213623048,77.09268951416016,1156800
2020-01-23,91.5199966430664,91.52999877929688,91.5199966430664,91.5199966430664,77.10111999511719,893000
2020-01-24,91.52999877929688,91.52999877929688,91.5199966430664,91.5199966430664,77.10111999511719,1243700
2020-01-27,91.5199966430664,91.52999877929688,91.5199966430664,91.52999877929688,77.10951232910156,1463500
2020-01-28,91.52999877929688,91.54000091552734,91.52999877929688,91.52999877929688,77.10951232910156,1708000
2020-01-29,91.52999877929688,91.54000091552734,91.52999877929688,91.54000091552734,77.11797332763672,845200
2020-01-30,91.54000091552734,91.5500030517578,91.54000091552734,91.54000091552734,77.11797332763672,787300
2020-01-31,91.5500030517578,91.5500030517578,91.54000091552734,91.54000091552734,77.11797332763672,1760700
2020-02-03,91.4499969482422,91.4499969482422,91.44000244140624,91.44000244140624,77.1247329711914,1826500
2020-02-04,91.4499969482422,91.4499969482422,91.44000244140624,91.44000244140624,77.1247329711914,1013700
2020-02-05,91.4499969482422,91.45999908447266,91.44000244140624,91.45999908447266,77.1415786743164,1015900
2020-02-06,91.45999908447266,91.47000122070312,91.45999908447266,91.47000122070312,77.15001678466797,1156000
2020-02-07,91.47000122070312,91.47000122070312,91.45999908447266,91.47000122070312,77.15001678466797,873000
2020-02-10,91.47000122070312,91.4800033569336,91.45999908447266,91.45999908447266,77.1415786743164,635800
2020-02-11,91.45999908447266,91.47000122070312,91.45999908447266,91.47000122070312,77.15001678466797,1152900
2020-02-12,91.47000122070312,91.4800033569336,91.47000122070312,91.4800033569336,77.15846252441406,823600
2020-02-13,91.48999786376952,91.48999786376952,91.4800033569336,91.48999786376952,77.16690063476562,1231100
2020-02-14,91.5,91.5,91.4800033569336,91.48999786376952,77.16690063476562,1200800
2020-02-18,91.48999786376952,91.5,91.48999786376952,91.5,77.17533111572266,894900
2020-02-19,91.5,91.5,91.48999786376952,91.5,77.17533111572266,1327300
2020-02-20,91.51000213623048,91.51000213623048,91.5,91.5,77.17533111572266,2327900
2020-02-21,91.51000213623048,91.5199966430664,91.51000213623048,91.5199966430664,77.19221496582031,865100
2020-02-24,91.5199966430664,91.5199966430664,91.51000213623048,91.51000213623048,77.18375396728516,3162600
2020-02-25,91.5199966430664,91.5199966430664,91.51000213623048,91.51000213623048,77.18375396728516,4337200
2020-02-26,91.52999877929688,91.52999877929688,91.5199966430664,91.52999877929688,77.20063018798828,4843100
2020-02-27,91.52999877929688,91.5500030517578,91.52999877929688,91.5500030517578,77.21749877929688,7014300
2020-02-28,91.54000091552734,91.5500030517578,91.54000091552734,91.54000091552734,77.20906829833984,10079400
2020-03-02,91.45999908447266,91.4800033569336,91.45999908447266,91.47000122070312,77.23185729980469,8320700
2020-03-03,91.47000122070312,91.51000213623048,91.45999908447266,91.48999786376952,77.24874114990234,6196300
2020-03-04,91.51000213623048,91.52999877929688,91.5,91.52999877929688,77.28250122070312,7400300
2020-03-05,91.54000091552734,91.5500030517578,91.52999877929688,91.5500030517578,77.2994155883789,4722200
2020-03-06,91.54000091552734,91.56999969482422,91.54000091552734,91.5500030517578,77.2994155883789,4562200
2020-03-09,91.58000183105467,91.62999725341795,91.55999755859376,91.58999633789062,77.33317565917969,14089900
2020-03-10,91.56999969482422,91.61000061035156,91.55999755859376,91.56999969482422,77.31629943847656,10764300
2020-03-11,91.56999969482422,91.61000061035156,91.56999969482422,91.58999633789062,77.33317565917969,19939900
2020-03-12,91.56999969482422,95.97000122070312,91.56999969482422,91.5999984741211,77.3416519165039,20352200
2020-03-13,91.5999984741211,91.62999725341795,91.58999633789062,91.62000274658205,77.3585205078125,11069000
2020-03-16,91.63999938964844,91.63999938964844,91.5999984741211,91.62999725341795,77.36693572998047,11009100
2020-03-17,91.63999938964844,91.63999938964844,91.5999984741211,91.62999725341795,77.36693572998047,10016900
2020-03-18,91.6500015258789,91.66999816894533,91.62000274658205,91.6500015258789,77.38384246826172,11352300
2020-03-19,91.63999938964844,91.6500015258789,91.5999984741211,91.62999725341795,77.36693572998047,10002900
2020-03-20,91.62999725341795,91.66000366210938,91.62000274658205,91.66000366210938,77.39228820800781,14884700
2020-03-23,91.62000274658205,91.63999938964844,91.61000061035156,91.63999938964844,77.3753890991211,7880900
2020-03-24,91.62000274658205,91.63999938964844,91.58000183105467,91.63999938964844,77.3753890991211,7108400
2020-03-25,91.62999725341795,91.63999938964844,91.62000274658205,91.63999938964844,77.3753890991211,6265900
2020-03-26,91.62000274658205,91.63999938964844,91.62000274658205,91.63999938964844,77.3753890991211,5907600
2020-03-27,91.63999938964844,91.63999938964844,91.62000274658205,91.62000274658205,77.3585205078125,5413800
2020-03-30,91.62999725341795,91.62999725341795,91.62000274658205,91.62000274658205,77.3585205078125,4208600
2020-03-31,91.62999725341795,91.62999725341795,91.61000061035156,91.62999725341795,77.36693572998047,6837900
2020-04-01,91.58000183105467,91.58000183105467,91.55999755859376,91.56999969482422,77.36018371582031,3865800
2020-04-02,91.56999969482422,91.58000183105467,91.55999755859376,91.58000183105467,77.36865234375,4489300
2020-04-03,91.55999755859376,91.56999969482422,91.5500030517578,91.5500030517578,77.34329986572266,4371000
2020-04-06,91.56999969482422,91.56999969482422,91.5500030517578,91.55999755859376,77.35173034667969,3804200
2020-04-07,91.56999969482422,91.56999969482422,91.54000091552734,91.54000091552734,77.3348617553711,4866200
2020-04-08,91.5500030517578,91.55999755859376,91.5500030517578,91.5500030517578,77.34329986572266,3326600
2020-04-09,91.5500030517578,91.55999755859376,91.52999877929688,91.52999877929688,77.32640075683594,7432700
2020-04-13,91.52999877929688,91.55999755859376,91.52999877929688,91.5500030517578,77.34329986572266,4806700
2020-04-14,91.52999877929688,91.55999755859376,91.52999877929688,91.55999755859376,77.35173034667969,7368800
2020-04-15,91.5500030517578,91.55999755859376,91.54000091552734,91.5500030517578,77.34329986572266,5840100
2020-04-16,91.5500030517578,91.55999755859376,91.54000091552734,91.54000091552734,77.3348617553711,5563300
2020-04-17,91.5500030517578,91.55999755859376,91.5500030517578,91.55999755859376,77.35173034667969,4217400
2020-04-20,91.55999755859376,91.55999755859376,91.5500030517578,91.5500030517578,77.34329986572266,5258700
2020-04-21,91.56999969482422,91.56999969482422,91.5500030517578,91.5500030517578,77.34329986572266,3527200
2020-04-22,91.55999755859376,91.55999755859376,91.5500030517578,91.5500030517578,77.34329986572266,2065200
2020-04-23,91.55999755859376,91.55999755859376,91.5500030517578,91.55999755859376,77.35173034667969,1928700
2020-04-24,91.55999755859376,91.55999755859376,91.5500030517578,91.5500030517578,77.34329986572266,1618100
2020-04-27,91.5500030517578,91.55999755859376,91.54000091552734,91.5500030517578,77.34329986572266,2244700
2020-04-28,91.55999755859376,91.55999755859376,91.5500030517578,91.5500030517578,77.34329986572266,2744800
2020-04-29,91.55999755859376,91.55999755859376,91.54000091552734,91.54000091552734,77.3348617553711,5313500
2020-04-30,91.54000091552734,91.55999755859376,91.54000091552734,91.55999755859376,77.35173034667969,7305600
2020-05-01,91.5500030517578,91.5500030517578,91.52999877929688,91.52999877929688,77.33822631835938,3710300
2020-05-04,91.5500030517578,91.5500030517578,91.52999877929688,91.52999877929688,77.33822631835938,5973500
2020-05-05,91.52999877929688,91.5500030517578,91.52999877929688,91.52999877929688,77.33822631835938,2949300
2020-05-06,91.5500030517578,91.5500030517578,91.52999877929688,91.54000091552734,77.34669494628906,1716300
2020-05-07,91.5500030517578,91.5500030517578,91.52999877929688,91.52999877929688,77.33822631835938,2271200
2020-05-08,91.52999877929688,91.5500030517578,91.52999877929688,91.52999877929688,77.33822631835938,3100700
2020-05-11,91.52999877929688,91.54000091552734,91.52999877929688,91.54000091552734,77.34669494628906,3903700
2020-05-12,91.52999877929688,91.54000091552734,91.52999877929688,91.54000091552734,77.34669494628906,3110500
2020-05-13,91.54000091552734,91.54000091552734,91.52999877929688,91.54000091552734,77.34669494628906,3524800
2020-05-14,91.54000091552734,91.5500030517578,91.52999877929688,91.5500030517578,77.35511779785156,4505200
2020-05-15,91.54000091552734,91.54000091552734,91.52999877929688,91.52999877929688,77.33822631835938,2361800
2020-05-18,91.52999877929688,91.54000091552734,91.52999877929688,91.52999877929688,77.33822631835938,2297500
2020-05-19,91.54000091552734,91.54000091552734,91.52999877929688,91.52999877929688,77.33822631835938,6505800
2020-05-20,91.54000091552734,91.54000091552734,91.52999877929688,91.52999877929688,77.33822631835938,1722400
2020-05-21,91.52999877929688,91.54000091552734,91.52999877929688,91.54000091552734,77.34669494628906,2400900
2020-05-22,91.54000091552734,91.54000091552734,91.52999877929688,91.52999877929688,77.33822631835938,1935600
2020-05-26,91.54000091552734,91.54000091552734,91.52999877929688,91.54000091552734,77.34669494628906,4214200
2020-05-27,91.52999877929688,91.54000091552734,91.52999877929688,91.52999877929688,77.33822631835938,3887400
2020-05-28,91.52999877929688,91.54000091552734,91.52999877929688,91.52999877929688,77.33822631835938,5061200
2020-05-29,91.52999877929688,91.54000091552734,91.52999877929688,91.52999877929688,77.33822631835938,3714600
2020-06-01,91.52999877929688,91.54000091552734,91.51000213623048,91.54000091552734,77.34669494628906,2919600
2020-06-02,91.54000091552734,91.54000091552734,91.52999877929688,91.54000091552734,77.34669494628906,4644600
2020-06-03,91.52999877929688,91.54000091552734,91.5199966430664,91.54000091552734,77.34669494628906,5447700
2020-06-04,91.54000091552734,91.54000091552734,91.52999877929688,91.54000091552734,77.34669494628906,3574600
2020-06-05,91.52999877929688,91.54000091552734,91.5199966430664,91.5199966430664,77.32978057861328,4808800
2020-06-08,91.54000091552734,91.54000091552734,91.5199966430664,91.52999877929688,77.33822631835938,3937200
2020-06-09,91.52999877929688,91.54000091552734,91.5199966430664,91.52999877929688,77.33822631835938,8989100
2020-06-10,91.5199966430664,91.54000091552734,91.5199966430664,91.54000091552734,77.34669494628906,3090200
2020-06-11,91.52999877929688,91.54000091552734,91.5199966430664,91.5199966430664,77.32978057861328,10544900
2020-06-12,91.54000091552734,91.54000091552734,91.5199966430664,91.54000091552734,77.34669494628906,8819400
2020-06-15,91.54000091552734,91.54000091552734,91.52999877929688,91.54000091552734,77.34669494628906,3391500
2020-06-16,91.52999877929688,91.54000091552734,91.5199966430664,91.54000091552734,77.34669494628906,2413600
2020-06-17,91.52999877929688,91.54000091552734,91.5199966430664,91.54000091552734,77.34669494628906,3992000
2020-06-18,91.54000091552734,91.54000091552734,91.52999877929688,91.52999877929688,77.33822631835938,1837800
2020-06-19,91.52999877929688,91.54000091552734,91.52999877929688,91.52999877929688,77.33822631835938,3115500
2020-06-22,91.52999877929688,91.54000091552734,91.52999877929688,91.52999877929688,77.33822631835938,3091900
2020-06-23,91.52999877929688,91.54000091552734,91.52999877929688,91.52999877929688,77.33822631835938,2898000
2020-06-24,91.52999877929688,91.54000091552734,91.52999877929688,91.52999877929688,77.33822631835938,3779000
2020-06-25,91.52999877929688,91.54000091552734,91.52999877929688,91.54000091552734,77.34669494628906,1767500
2020-06-26,91.52999877929688,91.54000091552734,91.52999877929688,91.52999877929688,77.33822631835938,1350100
2020-06-29,91.52999877929688,91.54000091552734,91.52999877929688,91.52999877929688,77.33822631835938,2431500
2020-06-30,91.52999877929688,91.54000091552734,91.52999877929688,91.52999877929688,77.33822631835938,3381100
2020-07-01,91.52999877929688,91.54000091552734,91.5199966430664,91.52999877929688,77.33822631835938,3160000
2020-07-02,91.54000091552734,91.54000091552734,91.52999877929688,91.54000091552734,77.34669494628906,2639700
2020-07-06,91.52999877929688,91.54000091552734,91.52999877929688,91.52999877929688,77.33822631835938,4064700
2020-07-07,91.52999877929688,91.54000091552734,91.52999877929688,91.52999877929688,77.33822631835938,2092700
2020-07-08,91.54000091552734,91.54000091552734,91.52999877929688,91.52999877929688,77.33822631835938,4376800
2020-07-09,91.52999877929688,91.54000091552734,91.52999877929688,91.52999877929688,77.33822631835938,1516600
2020-07-10,91.54000091552734,91.54000091552734,91.52999877929688,91.54000091552734,77.34669494628906,1241800
2020-07-13,91.52999877929688,91.54000091552734,91.52999877929688,91.54000091552734,77.34669494628906,2126500
2020-07-14,91.54000091552734,91.54000091552734,91.52999877929688,91.54000091552734,77.34669494628906,1326000
2020-07-15,91.52999877929688,91.54000091552734,91.52999877929688,91.54000091552734,77.34669494628906,2793100
2020-07-16,91.54000091552734,91.54000091552734,91.5199966430664,91.52999877929688,77.33822631835938,2395500
2020-07-17,91.52999877929688,91.54000091552734,91.52999877929688,91.54000091552734,77.34669494628906,2551400
2020-07-20,91.54000091552734,91.54000091552734,91.52999877929688,91.54000091552734,77.34669494628906,1276700
2020-07-21,91.54000091552734,91.54000091552734,91.52999877929688,91.54000091552734,77.34669494628906,1882700
2020-07-22,91.52999877929688,91.54000091552734,91.52999877929688,91.52999877929688,77.33822631835938,1479200
2020-07-23,91.52999877929688,91.54000091552734,91.52999877929688,91.54000091552734,77.34669494628906,1118300
2020-07-24,91.54000091552734,91.54000091552734,91.52999877929688,91.52999877929688,77.33822631835938,1009900
2020-07-27,91.52999877929688,91.54000091552734,91.52999877929688,91.52999877929688,77.33822631835938,1412400
2020-07-28,91.52999877929688,91.54000091552734,91.52999877929688,91.54000091552734,77.34669494628906,2012800
2020-07-29,91.52999877929688,91.54000091552734,91.52999877929688,91.54000091552734,77.34669494628906,1418100
2020-07-30,91.54000091552734,91.54000091552734,91.52999877929688,91.52999877929688,77.33822631835938,2403300
2020-07-31,91.52999877929688,91.54000091552734,91.52999877929688,91.54000091552734,77.34669494628906,1099800
2020-08-03,91.52999877929688,91.5500030517578,91.52999877929688,91.52999877929688,77.33822631835938,1564800
2020-08-04,91.54000091552734,91.54000091552734,91.52999877929688,91.54000091552734,77.34669494628906,1654700
2020-08-05,91.52999877929688,91.54000091552734,91.52999877929688,91.52999877929688,77.33822631835938,1980000
2020-08-06,91.52999877929688,91.54000091552734,91.52999877929688,91.52999877929688,77.33822631835938,1591300
2020-08-07,91.54000091552734,91.54000091552734,91.52999877929688,91.54000091552734,77.34669494628906,2105100
2020-08-10,91.52999877929688,91.54000091552734,91.52999877929688,91.54000091552734,77.34669494628906,887500
2020-08-11,91.52999877929688,91.54000091552734,91.52999877929688,91.52999877929688,77.33822631835938,1734100
2020-08-12,91.52999877929688,91.54000091552734,91.52999877929688,91.52999877929688,77.33822631835938,2876300
2020-08-13,91.54000091552734,91.54000091552734,91.52999877929688,91.54000091552734,77.34669494628906,2350800
2020-08-14,91.52999877929688,91.54000091552734,91.52999877929688,91.52999877929688,77.33822631835938,1206000
2020-08-17,91.54000091552734,91.5500030517578,91.52999877929688,91.52999877929688,77.33822631835938,2250100
2020-08-18,91.54000091552734,91.54000091552734,91.52999877929688,91.54000091552734,77.34669494628906,3536200
2020-08-19,91.54000091552734,91.54000091552734,91.52999877929688,91.54000091552734,77.34669494628906,1785500
2020-08-20,91.52999877929688,91.54000091552734,91.52999877929688,91.54000091552734,77.34669494628906,1091000
2020-08-21,91.54000091552734,91.54000091552734,91.52999877929688,91.54000091552734,77.34669494628906,1877100
2020-08-24,91.52999877929688,91.54000091552734,91.52999877929688,91.54000091552734,77.34669494628906,1276800
2020-08-25,91.52999877929688,91.54000091552734,91.52999877929688,91.52999877929688,77.33822631835938,1318300
2020-08-26,91.52999877929688,91.54000091552734,91.52999877929688,91.52999877929688,77.33822631835938,1058400
2020-08-27,91.52999877929688,91.54000091552734,91.52999877929688,91.52999877929688,77.33822631835938,1314500
2020-08-28,91.52999877929688,91.54000091552734,91.52999877929688,91.54000091552734,77.34669494628906,1023000
2020-08-31,91.52999877929688,91.54000091552734,91.52999877929688,91.54000091552734,77.34669494628906,1467200
2020-09-01,91.54000091552734,91.54000091552734,91.5199966430664,91.54000091552734,77.34669494628906,1091500
2020-09-02,91.54000091552734,91.54000091552734,91.52999877929688,91.54000091552734,77.34669494628906,1550000
2020-09-03,91.54000091552734,91.54000091552734,91.52999877929688,91.52999877929688,77.33822631835938,1942600
2020-09-04,91.52999877929688,91.54000091552734,91.52999877929688,91.54000091552734,77.34669494628906,1946100
2020-09-08,91.52999877929688,91.54000091552734,91.5199966430664,91.54000091552734,77.34669494628906,3647900
2020-09-09,91.54000091552734,91.54000091552734,91.52999877929688,91.52999877929688,77.33822631835938,2260900
2020-09-10,91.52999877929688,91.54000091552734,91.52999877929688,91.52999877929688,77.33822631835938,1667000
2020-09-11,91.54000091552734,91.54000091552734,91.5199966430664,91.5199966430664,77.32978057861328,1213400
2020-09-14,91.52999877929688,91.54000091552734,91.5199966430664,91.54000091552734,77.34669494628906,2103900
2020-09-15,91.52999877929688,91.52999877929688,91.5199966430664,91.5199966430664,77.32978057861328,1512900
2020-09-16,91.5199966430664,91.54000091552734,91.5199966430664,91.54000091552734,77.34669494628906,1248300
2020-09-17,91.52999877929688,91.54000091552734,91.5199966430664,91.54000091552734,77.34669494628906,2402500
2020-09-18,91.52999877929688,91.54000091552734,91.5199966430664,91.5199966430664,77.32978057861328,841400
2020-09-21,91.5199966430664,91.54000091552734,91.5199966430664,91.5199966430664,77.32978057861328,1605700
2020-09-22,91.54000091552734,91.54000091552734,91.5199966430664,91.5199966430664,77.32978057861328,1571600
2020-09-23,91.52999877929688,91.54000091552734,91.5199966430664,91.5199966430664,77.32978057861328,2503300
2020-09-24,91.52999877929688,91.54000091552734,91.52999877929688,91.52999877929688,77.33822631835938,2325600
2020-09-25,91.52999877929688,91.54000091552734,91.5199966430664,91.5199966430664,77.32978057861328,1971200
2020-09-28,91.52999877929688,91.54000091552734,91.5199966430664,91.52999877929688,77.33822631835938,4095200
2020-09-29,91.5199966430664,91.52999877929688,91.5199966430664,91.52999877929688,77.33822631835938,2004100
2020-09-30,91.52999877929688,91.52999877929688,91.5199966430664,91.5199966430664,77.32978057861328,2507800
2020-10-01,91.5199966430664,91.54000091552734,91.51000213623048,91.5199966430664,77.32978057861328,1030700
2020-10-02,91.52999877929688,91.52999877929688,91.5199966430664,91.5199966430664,77.32978057861328,2053700
2020-10-05,91.52999877929688,91.52999877929688,91.5199966430664,91.5199966430664,77.32978057861328,1286100
2020-10-06,91.5199966430664,91.52999877929688,91.5199966430664,91.52999877929688,77.33822631835938,2457600
2020-10-07,91.5199966430664,91.52999877929688,91.5199966430664,91.5199966430664,77.32978057861328,945100
2020-10-08,91.5199966430664,91.52999877929688,91.5199966430664,91.5199966430664,77.32978057861328,832100
2020-10-09,91.5199966430664,91.52999877929688,91.5199966430664,91.5199966430664,77.32978057861328,965400
2020-10-12,91.5199966430664,91.52999877929688,91.5199966430664,91.52999877929688,77.33822631835938,2242500
2020-10-13,91.52999877929688,91.52999877929688,91.5199966430664,91.5199966430664,77.32978057861328,1903900
2020-10-14,91.5199966430664,91.52999877929688,91.5199966430664,91.5199966430664,77.32978057861328,1505200
2020-10-15,91.52999877929688,91.52999877929688,91.5199966430664,91.5199966430664,77.32978057861328,1188800
2020-10-16,91.52999877929688,91.52999877929688,91.5199966430664,91.52999877929688,77.33822631835938,1251400
2020-10-19,91.52999877929688,91.52999877929688,91.5199966430664,91.52999877929688,77.33822631835938,788900
2020-10-20,91.5199966430664,91.52999877929688,91.5199966430664,91.5199966430664,77.32978057861328,1401400
2020-10-21,91.5199966430664,91.52999877929688,91.5199966430664,91.5199966430664,77.32978057861328,1065100
2020-10-22,91.5199966430664,91.52999877929688,91.5199966430664,91.52999877929688,77.33822631835938,926900
2020-10-23,91.52999877929688,91.52999877929688,91.5199966430664,91.52999877929688,77.33822631835938,995700
2020-10-26,91.5199966430664,91.52999877929688,91.5199966430664,91.52999877929688,77.33822631835938,3162400
2020-10-27,91.5199966430664,91.52999877929688,91.5199966430664,91.5199966430664,77.32978057861328,1034700
2020-10-28,91.52999877929688,91.52999877929688,91.5199966430664,91.5199966430664,77.32978057861328,2147600
2020-10-29,91.5199966430664,91.52999877929688,91.5199966430664,91.52999877929688,77.33822631835938,2664200
2020-10-30,91.52999877929688,91.52999877929688,91.5199966430664,91.52999877929688,77.33822631835938,2486300
2020-11-02,91.5199966430664,91.52999877929688,91.5199966430664,91.52999877929688,77.33822631835938,1380500
2020-11-03,91.5199966430664,91.52999877929688,91.5199966430664,91.52999877929688,77.33822631835938,920100
2020-11-04,91.52999877929688,91.52999877929688,91.5199966430664,91.5199966430664,77.32978057861328,2331100
2020-11-05,91.5199966430664,91.52999877929688,91.5199966430664,91.52999877929688,77.33822631835938,2171400
2020-11-06,91.52999877929688,91.52999877929688,91.5199966430664,91.5199966430664,77.32978057861328,1638900
2020-11-09,91.52999877929688,91.52999877929688,91.5199966430664,91.52999877929688,77.33822631835938,3195700
2020-11-10,91.5199966430664,91.52999877929688,91.5199966430664,91.5199966430664,77.32978057861328,2775700
2020-11-11,91.5199966430664,91.52999877929688,91.5199966430664,91.5199966430664,77.32978057861328,960500
2020-11-12,91.52999877929688,91.52999877929688,91.5199966430664,91.5199966430664,77.32978057861328,1124800
2020-11-13,91.5199966430664,91.52999877929688,91.5199966430664,91.52999877929688,77.33822631835938,1039100
2020-11-16,91.5199966430664,91.52999877929688,91.5199966430664,91.52999877929688,77.33822631835938,1092400
2020-11-17,91.5199966430664,91.52999877929688,91.5199966430664,91.52999877929688,77.33822631835938,1679100
2020-11-18,91.52999877929688,91.52999877929688,91.5199966430664,91.52999877929688,77.33822631835938,2600200
2020-11-19,91.52999877929688,91.52999877929688,91.5199966430664,91.52999877929688,77.33822631835938,1110400
2020-11-20,91.5199966430664,91.52999877929688,91.5199966430664,91.52999877929688,77.33822631835938,896200
2020-11-23,91.52999877929688,91.52999877929688,91.5199966430664,91.52999877929688,77.33822631835938,1082400
2020-11-24,91.5199966430664,91.52999877929688,91.5199966430664,91.52999877929688,77.33822631835938,2147000
2020-11-25,91.5199966430664,91.52999877929688,91.5199966430664,91.5199966430664,77.32978057861328,991600
2020-11-27,91.5199966430664,91.52999877929688,91.5199966430664,91.52999877929688,77.33822631835938,525100
2020-11-30,91.5199966430664,91.52999877929688,91.5199966430664,91.5199966430664,77.32978057861328,1224500
2020-12-01,91.51000213623048,91.52999877929688,91.51000213623048,91.51000213623048,77.3238754272461,2887900
2020-12-02,91.51000213623048,91.52999877929688,91.51000213623048,91.5199966430664,77.33230590820312,3397400
2020-12-03,91.5199966430664,91.52999877929688,91.5199966430664,91.5199966430664,77.33230590820312,1342700
2020-12-04,91.5199966430664,91.52999877929688,91.5199966430664,91.52999877929688,77.34076690673828,1283000
2020-12-07,91.5199966430664,91.52999877929688,91.51000213623048,91.51000213623048,77.3238754272461,1714900
2020-12-08,91.51000213623048,91.52999877929688,91.51000213623048,91.51000213623048,77.3238754272461,2136200
2020-12-09,91.5199966430664,91.5199966430664,91.51000213623048,91.51000213623048,77.3238754272461,2411300
2020-12-10,91.5199966430664,91.5199966430664,91.51000213623048,91.51000213623048,77.3238754272461,802800
2020-12-11,91.51000213623048,91.5199966430664,91.51000213623048,91.5199966430664,77.33230590820312,807400
2020-12-14,91.51000213623048,91.5199966430664,91.51000213623048,91.51000213623048,77.3238754272461,1270300
2020-12-15,91.51000213623048,91.5199966430664,91.51000213623048,91.51000213623048,77.3238754272461,1235300
2020-12-16,91.51000213623048,91.5199966430664,91.51000213623048,91.5199966430664,77.33230590820312,1036600
2020-12-17,91.51000213623048,91.5199966430664,91.51000213623048,91.5199966430664,77.33230590820312,1051500
2020-12-18,91.5199966430664,91.5199966430664,91.51000213623048,91.5199966430664,77.33230590820312,1041400
2020-12-21,91.51000213623048,91.5199966430664,91.51000213623048,91.5199966430664,77.33230590820312,1352900
2020-12-22,91.5199966430664,91.5199966430664,91.51000213623048,91.5199966430664,77.33230590820312,1140800
2020-12-23,91.51000213623048,91.5199966430664,91.51000213623048,91.51000213623048,77.3238754272461,1066100
2020-12-24,91.5199966430664,91.5199966430664,91.51000213623048,91.5199966430664,77.33230590820312,580500
2020-12-28,91.51000213623048,91.5199966430664,91.51000213623048,91.5199966430664,77.33230590820312,794600
2020-12-29,91.5199966430664,91.5199966430664,91.51000213623048,91.5199966430664,77.33230590820312,1590400
2020-12-30,91.51000213623048,91.5199966430664,91.51000213623048,91.51000213623048,77.3238754272461,1219400
2020-12-31,91.51000213623048,91.5199966430664,91.51000213623048,91.5199966430664,77.33230590820312,1343900
2021-01-04,91.5199966430664,91.5199966430664,91.51000213623048,91.5199966430664,77.33230590820312,1588000
2021-01-05,91.51000213623048,91.5199966430664,91.51000213623048,91.51000213623048,77.3238754272461,940300
2021-01-06,91.51000213623048,91.5199966430664,91.51000213623048,91.5199966430664,77.33230590820312,1710800
2021-01-07,91.51000213623048,91.5199966430664,91.51000213623048,91.5199966430664,77.33230590820312,1249400
2021-01-08,91.51000213623048,91.5199966430664,91.51000213623048,91.51000213623048,77.3238754272461,1767600
2021-01-11,91.51000213623048,91.5199966430664,91.51000213623048,91.5199966430664,77.33230590820312,1128800
2021-01-12,91.5199966430664,91.5199966430664,91.51000213623048,91.51000213623048,77.3238754272461,6770200
2021-01-13,91.51000213623048,91.5199966430664,91.51000213623048,91.51000213623048,77.3238754272461,3257300
2021-01-14,91.51000213623048,91.5199966430664,91.51000213623048,91.5199966430664,77.33230590820312,2009300
2021-01-15,91.51000213623048,91.5199966430664,91.51000213623048,91.5199966430664,77.33230590820312,2250400
2021-01-19,91.51000213623048,91.5199966430664,91.51000213623048,91.5199966430664,77.33230590820312,1974300
2021-01-20,91.51000213623048,91.5199966430664,91.51000213623048,91.5199966430664,77.33230590820312,641900
2021-01-21,91.51000213623048,91.5199966430664,91.51000213623048,91.5199966430664,77.33230590820312,867000
2021-01-22,91.51000213623048,91.5199966430664,91.51000213623048,91.51000213623048,77.3238754272461,780900
2021-01-25,91.51000213623048,91.5199966430664,91.51000213623048,91.5199966430664,77.33230590820312,921400
2021-01-26,91.51000213623048,91.5199966430664,91.51000213623048,91.51000213623048,77.3238754272461,1878400
2021-01-27,91.5199966430664,91.5199966430664,91.51000213623048,91.51000213623048,77.3238754272461,1615100
2021-01-28,91.51000213623048,91.5199966430664,91.51000213623048,91.5199966430664,77.33230590820312,1965600
2021-01-29,91.51000213623048,91.5199966430664,91.51000213623048,91.5199966430664,77.33230590820312,3702300
2021-02-01,91.5199966430664,91.52999877929688,91.51000213623048,91.5199966430664,77.33230590820312,1563000
2021-02-02,91.51000213623048,91.5199966430664,91.51000213623048,91.51000213623048,77.3238754272461,1099500
2021-02-03,91.5199966430664,91.5199966430664,91.51000213623048,91.51000213623048,77.3238754272461,1207900
2021-02-04,91.51000213623048,91.5199966430664,91.51000213623048,91.5199966430664,77.33230590820312,944000
2021-02-05,91.5199966430664,91.5199966430664,91.51000213623048,91.5199966430664,77.33230590820312,726400
2021-02-08,91.51000213623048,91.5199966430664,91.51000213623048,91.5199966430664,77.33230590820312,1505100
2021-02-09,91.51000213623048,91.5199966430664,91.51000213623048,91.5199966430664,77.33230590820312,1270000
2021-02-10,91.5199966430664,91.5199966430664,91.51000213623048,91.51000213623048,77.3238754272461,1424400
2021-02-11,91.51000213623048,91.5199966430664,91.51000213623048,91.5199966430664,77.33230590820312,696900
2021-02-12,91.51000213623048,91.5199966430664,91.51000213623048,91.51000213623048,77.3238754272461,900900
2021-02-16,91.51000213623048,91.5199966430664,91.51000213623048,91.5199966430664,77.33230590820312,1026200
2021-02-17,91.51000213623048,91.5199966430664,91.51000213623048,91.5199966430664,77.33230590820312,781400
2021-02-18,91.51000213623048,91.5199966430664,91.51000213623048,91.51000213623048,77.3238754272461,1406500
2021-02-19,91.51000213623048,91.5199966430664,91.51000213623048,91.5199966430664,77.33230590820312,805200
2021-02-22,91.51000213623048,91.5199966430664,91.51000213623048,91.51000213623048,77.3238754272461,1284500
2021-02-23,91.51000213623048,91.5199966430664,91.51000213623048,91.51000213623048,77.3238754272461,1169800
2021-02-24,91.51000213623048,91.51000213623048,91.5,91.5,77.31541442871094,861500
2021-02-25,91.5,91.51000213623048,91.5,91.51000213623048,77.3238754272461,1371000
2021-02-26,91.51000213623048,91.51000213623048,91.5,91.51000213623048,77.3238754272461,1971100
2021-03-01,91.51000213623048,91.51000213623048,91.5,91.5,77.31541442871094,1287100
2021-03-02,91.51000213623048,91.51000213623048,91.5,91.5,77.31541442871094,1588400
2021-03-03,91.5,91.51000213623048,91.5,91.51000213623048,77.3238754272461,1801400
2021-03-04,91.51000213623048,91.51000213623048,91.5,91.51000213623048,77.3238754272461,1452400
2021-03-05,91.5,91.51000213623048,91.5,91.51000213623048,77.3238754272461,1249000
2021-03-08,91.5,91.51000213623048,91.5,91.5,77.31541442871094,1075500
2021-03-09,91.5,91.51000213623048,91.5,91.5,77.31541442871094,1518600
2021-03-10,91.5,91.51000213623048,91.5,91.5,77.31541442871094,1100600
2021-03-11,91.5,91.51000213623048,91.5,91.51000213623048,77.3238754272461,659400
2021-03-12,91.5,91.51000213623048,91.5,91.5,77.31541442871094,737700
2021-03-15,91.5,91.51000213623048,91.5,91.5,77.31541442871094,976300
2021-03-16,91.5,91.51000213623048,91.5,91.5,77.31541442871094,1145000
2021-03-17,91.5,91.51000213623048,91.5,91.51000213623048,77.3238754272461,1021500
2021-03-18,91.5,91.51000213623048,91.5,91.5,77.31541442871094,955600
2021-03-19,91.51000213623048,91.51000213623048,91.5,91.5,77.31541442871094,704300
2021-03-22,91.5,91.51000213623048,91.5,91.5,77.31541442871094,676600
2021-03-23,91.51000213623048,91.51000213623048,91.5,91.51000213623048,77.3238754272461,1691300
2021-03-24,91.5,91.51000213623048,91.5,91.5,77.31541442871094,510200
2021-03-25,91.5,91.51000213623048,91.5,91.5,77.31541442871094,1224000
2021-03-26,91.5,91.51000213623048,91.5,91.5,77.31541442871094,797900
2021-03-29,91.5,91.51000213623048,91.5,91.5,77.31541442871094,925500
2021-03-30,91.5,91.51000213623048,91.5,91.51000213623048,77.3238754272461,606500
2021-03-31,91.5,91.51000213623048,91.5,91.5,77.31541442871094,882400
2021-04-01,91.51000213623048,91.51000213623048,91.48999786376952,91.51000213623048,77.3238754272461,2289200
2021-04-05,91.5,91.5,91.48999786376952,91.5,77.31541442871094,1014800
2021-04-06,91.48999786376952,91.5,91.48999786376952,91.48999786376952,77.30695343017578,672100
2021-04-07,91.5,91.5,91.48999786376952,91.48999786376952,77.30695343017578,1039700
2021-04-08,91.48999786376952,91.5,91.48999786376952,91.5,77.31541442871094,2910500
2021-04-09,91.48999786376952,91.5,91.48999786376952,91.48999786376952,77.30695343017578,735800
2021-04-12,91.48999786376952,91.5,91.48999786376952,91.48999786376952,77.30695343017578,866900
2021-04-13,91.5,91.5,91.48999786376952,91.48999786376952,77.30695343017578,2840800
2021-04-14,91.48999786376952,91.5,91.48999786376952,91.48999786376952,77.30695343017578,645200
2021-04-15,91.5,91.5,91.48999786376952,91.5,77.31541442871094,794100
2021-04-16,91.48999786376952,91.5,91.48999786376952,91.5,77.31541442871094,2055200
2021-04-19,91.48999786376952,91.5,91.48999786376952,91.48999786376952,77.30695343017578,754300
2021-04-20,91.48999786376952,91.5,91.48999786376952,91.48999786376952,77.30695343017578,1548600
2021-04-21,91.48999786376952,91.5,91.48999786376952,91.48999786376952,77.30695343017578,980000
2021-04-22,91.48999786376952,91.5,91.48999786376952,91.5,77.31541442871094,1226600
2021-04-23,91.5,91.5,91.48999786376952,91.5,77.31541442871094,495500
2021-04-26,91.48999786376952,91.5,91.48999786376952,91.48999786376952,77.30695343017578,1061300
2021-04-27,91.48999786376952,91.5,91.48999786376952,91.5,77.31541442871094,787900
2021-04-28,91.48999786376952,91.5,91.48999786376952,91.48999786376952,77.30695343017578,999200
2021-04-29,91.48999786376952,91.5,91.48999786376952,91.48999786376952,77.30695343017578,899800
2021-04-30,91.48999786376952,91.5,91.48999786376952,91.5,77.31541442871094,1064300
2021-05-03,91.48999786376952,91.5,91.48999786376952,91.5,77.31541442871094,1169100
2021-05-04,91.48999786376952,91.5,91.48999786376952,91.48999786376952,77.30695343017578,2178200
2021-05-05,91.48999786376952,91.5,91.48999786376952,91.5,77.31541442871094,553500
2021-05-06,91.48999786376952,91.5,91.48999786376952,91.5,77.31541442871094,1066600
2021-05-07,91.4800033569336,91.48999786376952,91.4800033569336,91.48999786376952,77.30695343017578,1829300
2021-05-10,91.4800033569336,91.48999786376952,91.4800033569336,91.48999786376952,77.30695343017578,723700
2021-05-11,91.4800033569336,91.48999786376952,91.4800033569336,91.48999786376952,77.30695343017578,1157100
2021-05-12,91.48999786376952,91.48999786376952,91.4800033569336,91.4800033569336,77.29850769042969,915700
2021-05-13,91.4800033569336,91.5,91.4800033569336,91.4800033569336,77.29850769042969,5954600
2021-05-14,91.4800033569336,91.48999786376952,91.4800033569336,91.4800033569336,77.29850769042969,1662900
2021-05-17,91.4800033569336,91.48999786376952,91.4800033569336,91.48999786376952,77.30695343017578,867100
2021-05-18,91.48999786376952,91.48999786376952,91.4800033569336,91.48999786376952,77.30695343017578,1047800
2021-05-19,91.4800033569336,91.48999786376952,91.4800033569336,91.4800033569336,77.29850769042969,1675300
2021-05-20,91.4800033569336,91.48999786376952,91.4800033569336,91.4800033569336,77.29850769042969,852400
2021-05-21,91.4800033569336,91.48999786376952,91.4800033569336,91.48999786376952,77.30695343017578,785900
2021-05-24,91.4800033569336,91.48999786376952,91.4800033569336,91.4800033569336,77.29850769042969,1014300
2021-05-25,91.4800033569336,91.48999786376952,91.4800033569336,91.4800033569336,77.29850769042969,686900
2021-05-26,91.48999786376952,91.48999786376952,91.4800033569336,91.4800033569336,77.29850769042969,998100
2021-05-27,91.4800033569336,91.48999786376952,91.4800033569336,91.48999786376952,77.30695343017578,675600
2021-05-28,91.4800033569336,91.48999786376952,91.4800033569336,91.48999786376952,77.30695343017578,927900
2021-06-01,91.4800033569336,91.48999786376952,91.4800033569336,91.4800033569336,77.29850769042969,1121200
2021-06-02,91.48999786376952,91.48999786376952,91.4800033569336,91.4800033569336,77.29850769042969,1752700
2021-06-03,91.4800033569336,91.48999786376952,91.4800033569336,91.4800033569336,77.29850769042969,517400
2021-06-04,91.4800033569336,91.48999786376952,91.4800033569336,91.48999786376952,77.30695343017578,962300
2021-06-07,91.4800033569336,91.48999786376952,91.47000122070312,91.47000122070312,77.29007720947266,983600
2021-06-08,91.47000122070312,91.4800033569336,91.47000122070312,91.47000122070312,77.29007720947266,833500
2021-06-09,91.4800033569336,91.4800033569336,91.47000122070312,91.47000122070312,77.29007720947266,1122600
2021-06-10,91.47000122070312,91.4800033569336,91.47000122070312,91.47000122070312,77.29007720947266,858000
2021-06-11,91.47000122070312,91.4800033569336,91.47000122070312,91.4800033569336,77.29850769042969,732300
2021-06-14,91.47000122070312,91.4800033569336,91.47000122070312,91.47000122070312,77.29007720947266,439100
2021-06-15,91.47000122070312,91.4800033569336,91.47000122070312,91.47000122070312,77.29007720947266,1008600
2021-06-16,91.47000122070312,91.4800033569336,91.47000122070312,91.4800033569336,77.29850769042969,575400
2021-06-17,91.4800033569336,91.4800033569336,91.47000122070312,91.47000122070312,77.29007720947266,1458900
2021-06-18,91.47000122070312,91.4800033569336,91.47000122070312,91.4800033569336,77.29850769042969,885300
2021-06-21,91.4800033569336,91.4800033569336,91.47000122070312,91.47000122070312,77.29007720947266,846700
2021-06-22,91.47000122070312,91.4800033569336,91.47000122070312,91.47000122070312,77.29007720947266,386000
2021-06-23,91.47000122070312,91.4800033569336,91.47000122070312,91.47000122070312,77.29007720947266,651800
2021-06-24,91.47000122070312,91.4800033569336,91.47000122070312,91.4800033569336,77.29850769042969,912400
2021-06-25,91.47000122070312,91.4800033569336,91.47000122070312,91.4800033569336,77.29850769042969,1276500
2021-06-28,91.4800033569336,91.4800033569336,91.47000122070312,91.47000122070312,77.29007720947266,592700
2021-06-29,91.47000122070312,91.4800033569336,91.47000122070312,91.47000122070312,77.29007720947266,887100
2021-06-30,91.4800033569336,91.4800033569336,91.47000122070312,91.47000122070312,77.29007720947266,555300
2021-07-01,91.47000122070312,91.4800033569336,91.47000122070312,91.4800033569336,77.29850769042969,584000
2021-07-02,91.47000122070312,91.47000122070312,91.45999908447266,91.47000122070312,77.29007720947266,638800
2021-07-06,91.45999908447266,91.47000122070312,91.45999908447266,91.45999908447266,77.28160095214844,654200
2021-07-07,91.45999908447266,91.47000122070312,91.45999908447266,91.45999908447266,77.28160095214844,820700
2021-07-08,91.45999908447266,91.47000122070312,91.45999908447266,91.47000122070312,77.29007720947266,934200
2021-07-09,91.47000122070312,91.47000122070312,91.45999908447266,91.47000122070312,77.29007720947266,632900
2021-07-12,91.45999908447266,91.47000122070312,91.45999908447266,91.47000122070312,77.29007720947266,709400
2021-07-13,91.45999908447266,91.47000122070312,91.45999908447266,91.47000122070312,77.29007720947266,1037700
2021-07-14,91.45999908447266,91.47000122070312,91.45999908447266,91.45999908447266,77.28160095214844,583500
2021-07-15,91.45999908447266,91.47000122070312,91.45999908447266,91.47000122070312,77.29007720947266,961800
2021-07-16,91.45999908447266,91.47000122070312,91.45999908447266,91.47000122070312,77.29007720947266,618600
2021-07-19,91.45999908447266,91.47000122070312,91.45999908447266,91.45999908447266,77.28160095214844,2751000
2021-07-20,91.45999908447266,91.47000122070312,91.45999908447266,91.45999908447266,77.28160095214844,1726400
2021-07-21,91.45999908447266,91.47000122070312,91.45999908447266,91.45999908447266,77.28160095214844,1123100
2021-07-22,91.45999908447266,91.47000122070312,91.45999908447266,91.47000122070312,77.29007720947266,680500
2021-07-23,91.45999908447266,91.47000122070312,91.45999908447266,91.45999908447266,77.28160095214844,1078300
2021-07-26,91.45999908447266,91.47000122070312,91.45999908447266,91.47000122070312,77.29007720947266,712500
2021-07-27,91.47000122070312,91.47000122070312,91.45999908447266,91.45999908447266,77.28160095214844,878600
2021-07-28,91.45999908447266,91.47000122070312,91.45999908447266,91.45999908447266,77.28160095214844,1342100
2021-07-29,91.45999908447266,91.47000122070312,91.45999908447266,91.47000122070312,77.29007720947266,903400
2021-07-30,91.45999908447266,91.47000122070312,91.45999908447266,91.45999908447266,77.28160095214844,410800
2021-08-02,91.45999908447266,91.47000122070312,91.45999908447266,91.45999908447266,77.28160095214844,597700
2021-08-03,91.45999908447266,91.47000122070312,91.45999908447266,91.45999908447266,77.28160095214844,745100
2021-08-04,91.45999908447266,91.47000122070312,91.45999908447266,91.45999908447266,77.28160095214844,1067700
2021-08-05,91.45999908447266,91.47000122070312,91.45999908447266,91.45999908447266,77.28160095214844,488300
2021-08-06,91.45999908447266,91.47000122070312,91.45999908447266,91.47000122070312,77.29007720947266,694200
2021-08-09,91.45999908447266,91.47000122070312,91.45999908447266,91.47000122070312,77.29007720947266,1642900
2021-08-10,91.47000122070312,91.47000122070312,91.45999908447266,91.45999908447266,77.28160095214844,937200
2021-08-11,91.45999908447266,91.47000122070312,91.45999908447266,91.45999908447266,77.28160095214844,1080500
2021-08-12,91.45999908447266,91.47000122070312,91.45999908447266,91.45999908447266,77.28160095214844,616500
2021-08-13,91.47000122070312,91.47000122070312,91.45999908447266,91.47000122070312,77.29007720947266,1124700
2021-08-16,91.45999908447266,91.47000122070312,91.4499969482422,91.4499969482422,77.27314758300781,1689700
2021-08-17,91.47000122070312,91.47000122070312,91.4499969482422,91.4499969482422,77.27314758300781,1564100
2021-08-18,91.4499969482422,91.47000122070312,91.4499969482422,91.4499969482422,77.27314758300781,925700
2021-08-19,91.4499969482422,91.47000122070312,91.4499969482422,91.47000122070312,77.29007720947266,1720600
2021-08-20,91.45999908447266,91.47000122070312,91.4499969482422,91.47000122070312,77.29007720947266,796200
2021-08-23,91.45999908447266,91.45999908447266,91.4499969482422,91.4499969482422,77.27314758300781,470700
2021-08-24,91.4499969482422,91.45999908447266,91.4499969482422,91.4499969482422,77.27314758300781,808200
2021-08-25,91.4499969482422,91.45999908447266,91.4499969482422,91.4499969482422,77.27314758300781,555200
2021-08-26,91.45999908447266,91.45999908447266,91.4499969482422,91.45999908447266,77.28160095214844,785600
2021-08-27,91.45999908447266,91.45999908447266,91.4499969482422,91.45999908447266,77.28160095214844,479900
2021-08-30,91.45999908447266,91.45999908447266,91.4499969482422,91.45999908447266,77.28160095214844,617900
2021-08-31,91.4499969482422,91.45999908447266,91.4499969482422,91.4499969482422,77.27314758300781,1021300
2021-09-01,91.45999908447266,91.45999908447266,91.4499969482422,91.4499969482422,77.27314758300781,1076800
2021-09-02,91.4499969482422,91.47000122070312,91.4499969482422,91.47000122070312,77.29007720947266,673800
2021-09-03,91.45999908447266,91.45999908447266,91.4499969482422,91.4499969482422,77.27314758300781,496300
2021-09-07,91.45999908447266,91.45999908447266,91.4499969482422,91.4499969482422,77.27314758300781,1597100
2021-09-08,91.4499969482422,91.45999908447266,91.4499969482422,91.4499969482422,77.27314758300781,1053500
2021-09-09,91.4499969482422,91.45999908447266,91.4499969482422,91.4499969482422,77.27314758300781,735500
2021-09-10,91.4499969482422,91.45999908447266,91.4499969482422,91.45999908447266,77.28160095214844,521700
2021-09-13,91.4499969482422,91.45999908447266,91.4499969482422,91.45999908447266,77.28160095214844,5164600
2021-09-14,91.45999908447266,91.45999908447266,91.4499969482422,91.4499969482422,77.27314758300781,4534300
2021-09-15,91.4499969482422,91.45999908447266,91.4499969482422,91.4499969482422,77.27314758300781,1465500
2021-09-16,91.45999908447266,91.45999908447266,91.4499969482422,91.45999908447266,77.28160095214844,1322600
2021-09-17,91.4499969482422,91.45999908447266,91.4499969482422,91.4499969482422,77.27314758300781,810900
2021-09-20,91.4499969482422,91.45999908447266,91.4499969482422,91.45999908447266,77.28160095214844,1087100
2021-09-21,91.4499969482422,91.45999908447266,91.4499969482422,91.4499969482422,77.27314758300781,1462300
2021-09-22,91.4499969482422,91.45999908447266,91.4499969482422,91.4499969482422,77.27314758300781,1062200
2021-09-23,91.4499969482422,91.45999908447266,91.4499969482422,91.45999908447266,77.28160095214844,1108400
2021-09-24,91.45999908447266,91.45999908447266,91.4499969482422,91.4499969482422,77.27314758300781,1912100
2021-09-27,91.45999908447266,91.45999908447266,91.44000244140624,91.4499969482422,77.27314758300781,2605900
2021-09-28,91.45999908447266,91.45999908447266,91.44000244140624,91.4499969482422,77.27314758300781,978800
2021-09-29,91.4499969482422,91.45999908447266,91.4499969482422,91.45999908447266,77.28160095214844,787600
2021-09-30,91.4499969482422,91.45999908447266,91.4499969482422,91.45999908447266,77.28160095214844,777700
2021-10-01,91.45999908447266,91.45999908447266,91.44000244140624,91.45999908447266,77.28160095214844,1484700
2021-10-04,91.4499969482422,91.4499969482422,91.44000244140624,91.44000244140624,77.26471710205078,757500
2021-10-05,91.44000244140624,91.4499969482422,91.44000244140624,91.4499969482422,77.27314758300781,537800
2021-10-06,91.44000244140624,91.4499969482422,91.44000244140624,91.4499969482422,77.27314758300781,1394800
2021-10-07,91.44000244140624,91.4499969482422,91.44000244140624,91.4499969482422,77.27314758300781,775400
2021-10-08,91.4499969482422,91.4499969482422,91.44000244140624,91.4499969482422,77.27314758300781,487600
2021-10-11,91.44000244140624,91.4499969482422,91.44000244140624,91.4499969482422,77.27314758300781,622200
2021-10-12,91.44000244140624,91.4499969482422,91.44000244140624,91.4499969482422,77.27314758300781,580200
2021-10-13,91.44000244140624,91.4499969482422,91.44000244140624,91.4499969482422,77.27314758300781,934200
2021-10-14,91.4499969482422,91.4499969482422,91.44000244140624,91.44000244140624,77.26471710205078,610500
2021-10-15,91.44000244140624,91.4499969482422,91.44000244140624,91.4499969482422,77.27314758300781,798700
2021-10-18,91.44000244140624,91.4499969482422,91.44000244140624,91.44000244140624,77.26471710205078,650100
2021-10-19,91.44000244140624,91.4499969482422,91.44000244140624,91.44000244140624,77.26471710205078,585400
2021-10-20,91.4499969482422,91.4499969482422,91.44000244140624,91.44000244140624,77.26471710205078,2241500
2021-10-21,91.44000244140624,91.4499969482422,91.44000244140624,91.44000244140624,77.26471710205078,733500
2021-10-22,91.44000244140624,91.4499969482422,91.43000030517578,91.44000244140624,77.26471710205078,721000
2021-10-25,91.4499969482422,91.4499969482422,91.44000244140624,91.4499969482422,77.27314758300781,674100
2021-10-26,91.44000244140624,91.4499969482422,91.43000030517578,91.43000030517578,77.25627136230469,1092600
2021-10-27,91.44000244140624,91.4499969482422,91.43000030517578,91.43000030517578,77.25627136230469,779600
2021-10-28,91.44000244140624,91.4499969482422,91.44000244140624,91.4499969482422,77.27314758300781,663800
2021-10-29,91.44000244140624,91.4499969482422,91.43000030517578,91.4499969482422,77.27314758300781,886900
2021-11-01,91.44000244140624,91.4499969482422,91.44000244140624,91.4499969482422,77.27314758300781,1121800
2021-11-02,91.44000244140624,91.4499969482422,91.43000030517578,91.43000030517578,77.25627136230469,699200
2021-11-03,91.44000244140624,91.44000244140624,91.43000030517578,91.43000030517578,77.25627136230469,1099500
2021-11-04,91.44000244140624,91.4499969482422,91.43000030517578,91.44000244140624,77.26471710205078,791500
2021-11-05,91.44000244140624,91.44000244140624,91.43000030517578,91.44000244140624,77.26471710205078,829100
2021-11-08,91.44000244140624,91.4499969482422,91.43000030517578,91.4499969482422,77.27314758300781,1379300
2021-11-09,91.44000244140624,91.44000244140624,91.43000030517578,91.43000030517578,77.25627136230469,962800
2021-11-10,91.44000244140624,91.4499969482422,91.43000030517578,91.43000030517578,77.25627136230469,1147600
2021-11-11,91.44000244140624,91.44000244140624,91.43000030517578,91.44000244140624,77.26471710205078,789300
2021-11-12,91.43000030517578,91.44000244140624,91.43000030517578,91.44000244140624,77.26471710205078,558600
2021-11-15,91.44000244140624,91.44000244140624,91.43000030517578,91.44000244140624,77.26471710205078,670800
2021-11-16,91.44000244140624,91.44000244140624,91.43000030517578,91.43000030517578,77.25627136230469,1105900
2021-11-17,91.43000030517578,91.44000244140624,91.43000030517578,91.43000030517578,77.25627136230469,1197200
2021-11-18,91.43000030517578,91.44000244140624,91.43000030517578,91.44000244140624,77.26471710205078,801900
2021-11-19,91.44000244140624,91.44000244140624,91.43000030517578,91.44000244140624,77.26471710205078,1430300
2021-11-22,91.43000030517578,91.44000244140624,91.43000030517578,91.44000244140624,77.26471710205078,778900
2021-11-23,91.43000030517578,91.44000244140624,91.43000030517578,91.43000030517578,77.25627136230469,771400
2021-11-24,91.43000030517578,91.44000244140624,91.43000030517578,91.44000244140624,77.26471710205078,677000
2021-11-26,91.43000030517578,91.44000244140624,91.43000030517578,91.43000030517578,77.25627136230469,735800
2021-11-29,91.43000030517578,91.44000244140624,91.43000030517578,91.44000244140624,77.26471710205078,1067100
2021-11-30,91.44000244140624,91.44000244140624,91.43000030517578,91.43000030517578,77.25627136230469,2554800
2021-12-01,91.44000244140624,91.44000244140624,91.43000030517578,91.44000244140624,77.26471710205078,1989400
2021-12-02,91.44000244140624,91.44000244140624,91.43000030517578,91.44000244140624,77.26471710205078,1502400
2021-12-03,91.44000244140624,91.44000244140624,91.43000030517578,91.43000030517578,77.25627136230469,717900
2021-12-06,91.44000244140624,91.44000244140624,91.43000030517578,91.43000030517578,77.25627136230469,796700
2021-12-07,91.44000244140624,91.44000244140624,91.43000030517578,91.43000030517578,77.25627136230469,617900
2021-12-08,91.43000030517578,91.44000244140624,91.43000030517578,91.44000244140624,77.26471710205078,1446600
2021-12-09,91.43000030517578,91.44000244140624,91.43000030517578,91.43000030517578,77.25627136230469,1110700
2021-12-10,91.44000244140624,91.44000244140624,91.43000030517578,91.44000244140624,77.26471710205078,935300
2021-12-13,91.43000030517578,91.44000244140624,91.43000030517578,91.44000244140624,77.26471710205078,462600
2021-12-14,91.44000244140624,91.44000244140624,91.43000030517578,91.44000244140624,77.26471710205078,817200
2021-12-15,91.43000030517578,91.44000244140624,91.43000030517578,91.44000244140624,77.26471710205078,1653900
2021-12-16,91.43000030517578,91.44000244140624,91.43000030517578,91.43000030517578,77.25627136230469,809600
2021-12-17,91.44000244140624,91.44000244140624,91.43000030517578,91.44000244140624,77.26471710205078,1063900
2021-12-20,91.43000030517578,91.44000244140624,91.43000030517578,91.43000030517578,77.25627136230469,2235100
2021-12-21,91.43000030517578,91.44000244140624,91.41999816894533,91.41999816894533,77.2478256225586,2372300
2021-12-22,91.43000030517578,91.44000244140624,91.41999816894533,91.41999816894533,77.2478256225586,1001900
2021-12-23,91.41999816894533,91.43000030517578,91.41999816894533,91.41999816894533,77.2478256225586,571400
2021-12-27,91.41999816894533,91.43000030517578,91.41999816894533,91.43000030517578,77.25627136230469,730400
2021-12-28,91.43000030517578,91.43000030517578,91.41999816894533,91.41999816894533,77.2478256225586,1933000
2021-12-29,91.41999816894533,91.43000030517578,91.41999816894533,91.41999816894533,77.2478256225586,1246300
2021-12-30,91.41999816894533,91.43000030517578,91.41999816894533,91.43000030517578,77.25627136230469,837000
2021-12-31,91.41999816894533,91.43000030517578,91.41999816894533,91.43000030517578,77.25627136230469,871400
2022-01-03,91.43000030517578,91.43000030517578,91.41999816894533,91.41999816894533,77.2478256225586,1764000
2022-01-04,91.41999816894533,91.43000030517578,91.41999816894533,91.43000030517578,77.25627136230469,2511800
2022-01-05,91.43000030517578,91.43000030517578,91.41999816894533,91.43000030517578,77.25627136230469,1637300
2022-01-06,91.43000030517578,91.43000030517578,91.41999816894533,91.43000030517578,77.25627136230469,1077900
2022-01-07,91.43000030517578,91.43000030517578,91.41999816894533,91.43000030517578,77.25627136230469,766900
2022-01-10,91.41999816894533,91.43000030517578,91.41999816894533,91.41999816894533,77.2478256225586,1846800
2022-01-11,91.41999816894533,91.41999816894533,91.41000366210938,91.41000366210938,77.23936462402344,1847500
2022-01-12,91.41999816894533,91.43000030517578,91.41999816894533,91.41999816894533,77.2478256225586,959700
2022-01-13,91.41999816894533,91.43000030517578,91.41999816894533,91.43000030517578,77.25627136230469,1056500
2022-01-14,91.41999816894533,91.43000030517578,91.41999816894533,91.43000030517578,77.25627136230469,564000
2022-01-18,91.43000030517578,91.43000030517578,91.41000366210938,91.41000366210938,77.23936462402344,3068100
2022-01-19,91.43000030517578,91.43000030517578,91.41999816894533,91.43000030517578,77.25627136230469,2074900
2022-01-20,91.43000030517578,91.43000030517578,91.41999816894533,91.43000030517578,77.25627136230469,1628700
2022-01-21,91.41999816894533,91.43000030517578,91.41000366210938,91.41999816894533,77.2478256225586,2937600
2022-01-24,91.41000366210938,91.43000030517578,91.41000366210938,91.43000030517578,77.25627136230469,4854900
2022-01-25,91.41999816894533,91.43000030517578,91.41000366210938,91.41000366210938,77.23936462402344,4776800
2022-01-26,91.41000366210938,91.43000030517578,91.41000366210938,91.41999816894533,77.2478256225586,3694400
2022-01-27,91.41000366210938,91.43000030517578,91.41000366210938,91.43000030517578,77.25627136230469,6218700
2022-01-28,91.41999816894533,91.43000030517578,91.41000366210938,91.41000366210938,77.23936462402344,4811100
2022-01-31,91.41999816894533,91.43000030517578,91.41000366210938,91.43000030517578,77.25627136230469,26333300
2022-02-01,91.41000366210938,91.43000030517578,91.41000366210938,91.41999816894533,77.2478256225586,6452700
2022-02-02,91.41999816894533,91.43000030517578,91.41999816894533,91.43000030517578,77.25627136230469,2119800
2022-02-03,91.41999816894533,91.43000030517578,91.41000366210938,91.43000030517578,77.25627136230469,2323000
2022-02-04,91.41999816894533,91.41999816894533,91.41000366210938,91.41000366210938,77.23936462402344,6726000
2022-02-07,91.41999816894533,91.41999816894533,91.41000366210938,91.41000366210938,77.23936462402344,1667500
2022-02-08,91.41999816894533,91.41999816894533,91.41000366210938,91.41999816894533,77.2478256225586,24173900
2022-02-09,91.41000366210938,91.41999816894533,91.41000366210938,91.41000366210938,77.23936462402344,4386800
2022-02-10,91.41000366210938,91.41999816894533,91.4000015258789,91.41000366210938,77.23936462402344,6107100
2022-02-11,91.41000366210938,91.41999816894533,91.4000015258789,91.41000366210938,77.23936462402344,3164600
2022-02-14,91.41000366210938,91.41999816894533,91.4000015258789,91.4000015258789,77.23090362548828,1876400
2022-02-15,91.41000366210938,91.41999816894533,91.41000366210938,91.41999816894533,77.2478256225586,923100
2022-02-16,91.41999816894533,91.41999816894533,91.41000366210938,91.41999816894533,77.2478256225586,1057500
2022-02-17,91.41999816894533,91.41999816894533,91.41000366210938,91.41000366210938,77.23936462402344,2324900
2022-02-18,91.41999816894533,91.41999816894533,91.41000366210938,91.41999816894533,77.2478256225586,1485300
2022-02-22,91.41000366210938,91.41999816894533,91.41000366210938,91.41999816894533,77.2478256225586,2188500
2022-02-23,91.41000366210938,91.41999816894533,91.41000366210938,91.41000366210938,77.23936462402344,11535000
2022-02-24,91.41999816894533,91.43000030517578,91.41000366210938,91.41000366210938,77.23936462402344,8393400
2022-02-25,91.41999816894533,91.41999816894533,91.41000366210938,91.41000366210938,77.23936462402344,1846500
2022-02-28,91.41999816894533,91.41999816894533,91.41000366210938,91.41000366210938,77.23936462402344,1769300
2022-03-01,91.41999816894533,91.41999816894533,91.41000366210938,91.41000366210938,77.25796508789062,4195900
2022-03-02,91.41999816894533,91.41999816894533,91.41000366210938,91.41000366210938,77.25796508789062,2298700
2022-03-03,91.41999816894533,91.41999816894533,91.41000366210938,91.41999816894533,77.26641082763672,2265500
2022-03-04,91.41000366210938,91.41999816894533,91.41000366210938,91.41999816894533,77.26641082763672,1231700
2022-03-07,91.4000015258789,91.41999816894533,91.4000015258789,91.41999816894533,77.26641082763672,15932100
2022-03-08,91.41999816894533,91.41999816894533,91.41000366210938,91.41999816894533,77.26641082763672,7738700
2022-03-09,91.41999816894533,91.41999816894533,91.41000366210938,91.41999816894533,77.26641082763672,2580700
2022-03-10,91.41999816894533,91.41999816894533,91.41000366210938,91.41999816894533,77.26641082763672,2353100
2022-03-11,91.41999816894533,91.41999816894533,91.41000366210938,91.41000366210938,77.25796508789062,805100
2022-03-14,91.41000366210938,91.41999816894533,91.41000366210938,91.41999816894533,77.26641082763672,3886800
2022-03-15,91.41999816894533,91.41999816894533,91.4000015258789,91.4000015258789,77.2494888305664,6259700
2022-03-16,91.41000366210938,91.41999816894533,91.4000015258789,91.41999816894533,77.26641082763672,1773200
2022-03-17,91.41000366210938,91.41999816894533,91.41000366210938,91.41999816894533,77.26641082763672,5463400
2022-03-18,91.41999816894533,91.41999816894533,91.41000366210938,91.41000366210938,77.25796508789062,3115300
2022-03-21,91.41000366210938,91.41999816894533,91.41000366210938,91.41000366210938,77.25796508789062,3961400
2022-03-22,91.41999816894533,91.41999816894533,91.41000366210938,91.41000366210938,77.25796508789062,3440100
2022-03-23,91.41000366210938,91.43000030517578,91.41000366210938,91.43000030517578,77.27485656738281,2205600
2022-03-24,91.41999816894533,91.43000030517578,91.41999816894533,91.43000030517578,77.27485656738281,1749600
2022-03-25,91.43000030517578,91.43000030517578,91.41000366210938,91.41000366210938,77.25796508789062,2840100
2022-03-28,91.41999816894533,91.41999816894533,91.41000366210938,91.41000366210938,77.25796508789062,2839400
2022-03-29,91.41999816894533,91.43000030517578,91.41000366210938,91.41000366210938,77.25796508789062,4356400
2022-03-30,91.41000366210938,91.43000030517578,91.41000366210938,91.43000030517578,77.27485656738281,5278400
2022-03-31,91.43000030517578,91.43000030517578,91.41999816894533,91.43000030517578,77.27485656738281,4311600
2022-04-01,91.41999816894533,91.43000030517578,91.41000366210938,91.43000030517578,77.27485656738281,2302500
2022-04-04,91.41000366210938,91.41999816894533,91.41000366210938,91.41999816894533,77.26641082763672,2478600
2022-04-05,91.41000366210938,91.41999816894533,91.41000366210938,91.41000366210938,77.25796508789062,2060900
2022-04-06,91.41999816894533,91.41999816894533,91.41000366210938,91.41999816894533,77.26641082763672,2698700
2022-04-07,91.41000366210938,91.41999816894533,91.41000366210938,91.41999816894533,77.26641082763672,2615000
2022-04-08,91.41000366210938,91.41999816894533,91.41000366210938,91.41000366210938,77.25796508789062,4726200
2022-04-11,91.41999816894533,91.41999816894533,91.41000366210938,91.41999816894533,77.26641082763672,3597100
2022-04-12,91.41000366210938,91.41999816894533,91.41000366210938,91.41999816894533,77.26641082763672,5780400
2022-04-13,91.41000366210938,91.41999816894533,91.41000366210938,91.41999816894533,77.26641082763672,3719200
2022-04-14,91.41000366210938,91.41999816894533,91.41000366210938,91.41000366210938,77.25796508789062,1612700
2022-04-18,91.41000366210938,91.41999816894533,91.41000366210938,91.41999816894533,77.26641082763672,2689000
2022-04-19,91.41000366210938,91.41999816894533,91.41000366210938,91.41000366210938,77.25796508789062,3194900
2022-04-20,91.41000366210938,91.43000030517578,91.41000366210938,91.43000030517578,77.27485656738281,1901700
2022-04-21,91.43000030517578,91.43000030517578,91.41999816894533,91.43000030517578,77.27485656738281,3573700
2022-04-22,91.41000366210938,91.43000030517578,91.41000366210938,91.41999816894533,77.26641082763672,2183300
2022-04-25,91.41000366210938,91.43000030517578,91.41000366210938,91.43000030517578,77.27485656738281,10561900
2022-04-26,91.41999816894533,91.43000030517578,91.41999816894533,91.41999816894533,77.26641082763672,4266900
2022-04-27,91.41999816894533,91.43000030517578,91.41999816894533,91.41999816894533,77.26641082763672,7534800
2022-04-28,91.41999816894533,91.44000244140624,91.41999816894533,91.44000244140624,77.2833023071289,5876900
2022-04-29,91.43000030517578,91.43000030517578,91.41999816894533,91.41999816894533,77.26641082763672,2678700
2022-05-02,91.44000244140624,91.44000244140624,91.41999816894533,91.43000030517578,77.27485656738281,7420800
2022-05-03,91.44000244140624,91.44000244140624,91.41999816894533,91.41999816894533,77.26641082763672,5964300
2022-05-04,91.41999816894533,91.44000244140624,91.41999816894533,91.44000244140624,77.2833023071289,3019400
2022-05-05,91.44000244140624,91.44000244140624,91.43000030517578,91.44000244140624,77.2833023071289,4886800
2022-05-06,91.43000030517578,91.44000244140624,91.43000030517578,91.44000244140624,77.2833023071289,4785800
2022-05-09,91.4499969482422,91.4499969482422,91.43000030517578,91.43000030517578,77.27485656738281,8826900
2022-05-10,91.44000244140624,91.4499969482422,91.43000030517578,91.43000030517578,77.27485656738281,8261200
2022-05-11,91.43000030517578,91.4499969482422,91.43000030517578,91.43000030517578,77.27485656738281,6387100
2022-05-12,91.44000244140624,91.4499969482422,91.43000030517578,91.44000244140624,77.2833023071289,9010900
2022-05-13,91.43000030517578,91.4499969482422,91.43000030517578,91.4499969482422,77.29174041748047,14920600
2022-05-16,91.44000244140624,91.44000244140624,91.43000030517578,91.44000244140624,77.2833023071289,2700400
2022-05-17,91.43000030517578,91.4499969482422,91.43000030517578,91.44000244140624,77.2833023071289,2456600
2022-05-18,91.44000244140624,91.4499969482422,91.43000030517578,91.44000244140624,77.2833023071289,4456300
2022-05-19,91.4499969482422,91.45999908447266,91.44000244140624,91.45999908447266,77.30022430419922,4009000
2022-05-20,91.4499969482422,91.45999908447266,91.44000244140624,91.45999908447266,77.30022430419922,3051600
2022-05-23,91.4499969482422,91.45999908447266,91.4499969482422,91.45999908447266,77.30022430419922,2073200
2022-05-24,91.45999908447266,91.45999908447266,91.4499969482422,91.4499969482422,77.29174041748047,3355300
2022-05-25,91.4499969482422,91.45999908447266,91.4499969482422,91.45999908447266,77.30022430419922,1700700
2022-05-26,91.4499969482422,91.4800033569336,91.4499969482422,91.4800033569336,77.3171157836914,3220500
2022-05-27,91.47000122070312,91.47000122070312,91.4499969482422,91.45999908447266,77.30022430419922,2958500
2022-05-31,91.47000122070312,91.47000122070312,91.44000244140624,91.4499969482422,77.29174041748047,19779300
2022-06-01,91.44000244140624,91.44000244140624,91.41999816894533,91.41999816894533,77.29261779785156,18526200
2022-06-02,91.43000030517578,91.44000244140624,91.41999816894533,91.44000244140624,77.30950927734375,1281900
2022-06-03,91.43000030517578,91.44000244140624,91.41999816894533,91.41999816894533,77.29261779785156,3104000
2022-06-06,91.43000030517578,91.43000030517578,91.41999816894533,91.43000030517578,77.3010482788086,1593400
2022-06-07,91.43000030517578,91.44000244140624,91.41999816894533,91.41999816894533,77.29261779785156,1682100
2022-06-08,91.44000244140624,91.44000244140624,91.43000030517578,91.43000030517578,77.3010482788086,2004600
2022-06-09,91.44000244140624,91.44000244140624,91.43000030517578,91.44000244140624,77.30950927734375,1762500
2022-06-10,91.44000244140624,91.44000244140624,91.41999816894533,91.41999816894533,77.29261779785156,7140300
2022-06-13,91.43000030517578,91.43000030517578,91.41999816894533,91.43000030517578,77.3010482788086,37231500
2022-06-14,91.41999816894533,91.41999816894533,91.41000366210938,91.41999816894533,77.29261779785156,8434200
2022-06-15,91.41999816894533,91.43000030517578,91.41000366210938,91.43000030517578,77.3010482788086,2895100
2022-06-16,91.43000030517578,91.4499969482422,91.41999816894533,91.4499969482422,77.31795501708984,5284100
2022-06-17,91.44000244140624,91.4499969482422,91.44000244140624,91.44000244140624,77.30950927734375,3422300
2022-06-21,91.4499969482422,91.45999908447266,91.44000244140624,91.45999908447266,77.32642364501953,5266300
2022-06-22,91.45999908447266,91.47000122070312,91.4499969482422,91.47000122070312,77.33489227294922,2871200
2022-06-23,91.47000122070312,91.47000122070312,91.45999908447266,91.47000122070312,77.33489227294922,4669500
2022-06-24,91.47000122070312,91.47000122070312,91.4499969482422,91.4499969482422,77.31795501708984,3544200
2022-06-27,91.45999908447266,91.45999908447266,91.4499969482422,91.4499969482422,77.31795501708984,7641900
2022-06-28,91.45999908447266,91.47000122070312,91.45999908447266,91.47000122070312,77.33489227294922,2885300
2022-06-29,91.4499969482422,91.4800033569336,91.4499969482422,91.4800033569336,77.34333038330078,1893500
2022-06-30,91.4800033569336,91.48999786376952,91.47000122070312,91.48999786376952,77.35179138183594,4423500
2022-07-01,91.43000030517578,91.44000244140624,91.41000366210938,91.43000030517578,77.34584045410156,35879400
2022-07-05,91.43000030517578,91.43000030517578,91.41999816894533,91.43000030517578,77.34584045410156,9036600
2022-07-06,91.43000030517578,91.43000030517578,91.41999816894533,91.43000030517578,77.34584045410156,3783200
2022-07-07,91.44000244140624,91.44000244140624,91.41999816894533,91.43000030517578,77.34584045410156,1840500
2022-07-08,91.43000030517578,91.43000030517578,91.41999816894533,91.41999816894533,77.33741760253906,1363900
2022-07-11,91.41999816894533,91.43000030517578,91.41999816894533,91.43000030517578,77.34584045410156,2316900
2022-07-12,91.43000030517578,91.43000030517578,91.41999816894533,91.41999816894533,77.33741760253906,15559600
2022-07-13,91.41999816894533,91.43000030517578,91.4000015258789,91.41999816894533,77.33741760253906,12606500
2022-07-14,91.41000366210938,91.43000030517578,91.41000366210938,91.43000030517578,77.34584045410156,5037600
2022-07-15,91.43000030517578,91.43000030517578,91.41999816894533,91.41999816894533,77.33741760253906,6939500
2022-07-18,91.41999816894533,91.43000030517578,91.41000366210938,91.41999816894533,77.33741760253906,3639500
2022-07-19,91.43000030517578,91.43000030517578,91.41999816894533,91.41999816894533,77.33741760253906,6771200
2022-07-20,91.43000030517578,91.44000244140624,91.41999816894533,91.41999816894533,77.33741760253906,4695800
2022-07-21,91.43000030517578,91.4499969482422,91.41999816894533,91.4499969482422,77.3627700805664,3627900
2022-07-22,91.4499969482422,91.45999908447266,91.44000244140624,91.45999908447266,77.37126159667969,3511300
2022-07-25,91.4499969482422,91.4499969482422,91.44000244140624,91.4499969482422,77.3627700805664,3172000
2022-07-26,91.4499969482422,91.4499969482422,91.44000244140624,91.4499969482422,77.3627700805664,1477200
2022-07-27,91.4499969482422,91.45999908447266,91.44000244140624,91.4499969482422,77.3627700805664,2611200
2022-07-28,91.45999908447266,91.47000122070312,91.45999908447266,91.45999908447266,77.37126159667969,7732500
2022-07-29,91.45999908447266,91.4800033569336,91.45999908447266,91.47000122070312,77.37972259521484,6626600
2022-08-01,91.37000274658205,91.38999938964844,91.37000274658205,91.37999725341795,77.3856430053711,10760700
2022-08-02,91.37999725341795,91.38999938964844,91.37999725341795,91.38999938964844,77.39410400390625,3115600
2022-08-03,91.4000015258789,91.4000015258789,91.37999725341795,91.37999725341795,77.3856430053711,4216500
2022-08-04,91.41000366210938,91.41999816894533,91.4000015258789,91.4000015258789,77.40258026123047,6491000
2022-08-05,91.41999816894533,91.41999816894533,91.41000366210938,91.41999816894533,77.41952514648438,1852700
2022-08-08,91.41000366210938,91.43000030517578,91.41000366210938,91.43000030517578,77.42797088623047,2745500
2022-08-09,91.41000366210938,91.43000030517578,91.41000366210938,91.41999816894533,77.41952514648438,3834300
2022-08-10,91.41999816894533,91.44000244140624,91.41999816894533,91.43000030517578,77.42797088623047,3782000
2022-08-11,91.44000244140624,91.4499969482422,91.43000030517578,91.43000030517578,77.42797088623047,6543700
2022-08-12,91.44000244140624,91.4499969482422,91.44000244140624,91.4499969482422,77.4449234008789,2110900
2022-08-15,91.44000244140624,91.4499969482422,91.44000244140624,91.44000244140624,77.43645477294922,5605700
2022-08-16,91.45999908447266,91.45999908447266,91.4499969482422,91.4499969482422,77.4449234008789,4336300
2022-08-17,91.45999908447266,91.47000122070312,91.4499969482422,91.4499969482422,77.4449234008789,3673500
2022-08-18,91.4800033569336,91.48999786376952,91.47000122070312,91.48999786376952,77.4787826538086,2227900
2022-08-19,91.4800033569336,91.48999786376952,91.47000122070312,91.48999786376952,77.4787826538086,4136800
2022-08-22,91.4800033569336,91.5,91.4800033569336,91.5,77.4872817993164,5597500
2022-08-23,91.5,91.5,91.4800033569336,91.4800033569336,77.47032928466797,6860300
2022-08-24,91.5,91.51000213623048,91.48999786376952,91.51000213623048,77.4957275390625,2585800
2022-08-25,91.51000213623048,91.5199966430664,91.51000213623048,91.5199966430664,77.50418853759766,3997700
2022-08-26,91.51000213623048,91.52999877929688,91.51000213623048,91.5199966430664,77.50418853759766,5442900
2022-08-29,91.5199966430664,91.52999877929688,91.5199966430664,91.5199966430664,77.50418853759766,7337600
2022-08-30,91.52999877929688,91.54000091552734,91.5199966430664,91.52999877929688,77.51263427734375,32133200
2022-08-31,91.54000091552734,91.5500030517578,91.52999877929688,91.5500030517578,77.52960205078125,9405200
2022-09-01,91.43000030517578,91.43000030517578,91.41999816894533,91.43000030517578,77.54572296142578,8174900
2022-09-02,91.43000030517578,91.44000244140624,91.41999816894533,91.44000244140624,77.5542221069336,5871700
2022-09-06,91.43000030517578,91.44000244140624,91.43000030517578,91.44000244140624,77.5542221069336,7990900
2022-09-07,91.43000030517578,91.4499969482422,91.43000030517578,91.4499969482422,77.56268310546875,5180700
2022-09-08,91.47000122070312,91.47000122070312,91.4499969482422,91.47000122070312,77.57965087890625,4564500
2022-09-09,91.45999908447266,91.47000122070312,91.45999908447266,91.47000122070312,77.57965087890625,1905300
2022-09-12,91.47000122070312,91.4800033569336,91.45999908447266,91.45999908447266,77.57119750976562,5377000
2022-09-13,91.45999908447266,91.4800033569336,91.45999908447266,91.4800033569336,77.5881118774414,6223300
2022-09-14,91.4800033569336,91.4800033569336,91.47000122070312,91.4800033569336,77.5881118774414,4226700
2022-09-15,91.48999786376952,91.51000213623048,91.48999786376952,91.51000213623048,77.61356353759766,5787100
2022-09-16,91.51000213623048,91.51000213623048,91.5,91.51000213623048,77.61356353759766,3512300
2022-09-19,91.51000213623048,91.5199966430664,91.5,91.51000213623048,77.61356353759766,5158100
2022-09-20,91.5199966430664,91.5199966430664,91.5,91.5,77.60509490966797,3792700
2022-09-21,91.51000213623048,91.52999877929688,91.51000213623048,91.5199966430664,77.6220474243164,3739800
2022-09-22,91.54000091552734,91.55999755859376,91.52999877929688,91.55999755859376,77.65596771240234,10975000
2022-09-23,91.5500030517578,91.55999755859376,91.54000091552734,91.55999755859376,77.65596771240234,15103200
2022-09-26,91.55999755859376,91.55999755859376,91.54000091552734,91.54000091552734,77.63900756835938,7695700
2022-09-27,91.55999755859376,91.56999969482422,91.55999755859376,91.56999969482422,77.6644515991211,5871100
2022-09-28,91.56999969482422,91.58000183105467,91.55999755859376,91.58000183105467,77.67294311523438,6709900
2022-09-29,91.5999984741211,91.5999984741211,91.58999633789062,91.5999984741211,77.68993377685547,5973300
2022-09-30,91.5999984741211,91.5999984741211,91.58000183105467,91.5999984741211,77.68993377685547,9858400
2022-10-03,91.4499969482422,91.4499969482422,91.41999816894533,91.41999816894533,77.66866302490234,7300900
2022-10-04,91.4499969482422,91.4499969482422,91.43000030517578,91.4499969482422,77.69414520263672,6583100
2022-10-05,91.4499969482422,91.45999908447266,91.44000244140624,91.4499969482422,77.69414520263672,6425800
2022-10-06,91.4800033569336,91.4800033569336,91.47000122070312,91.47000122070312,77.71112060546875,3415600
2022-10-07,91.47000122070312,91.4800033569336,91.47000122070312,91.47000122070312,77.71112060546875,5033700
2022-10-10,91.48999786376952,91.48999786376952,91.4800033569336,91.4800033569336,77.71963500976562,5591100
2022-10-11,91.4800033569336,91.48999786376952,91.4800033569336,91.4800033569336,77.71963500976562,7847100
2022-10-12,91.48999786376952,91.48999786376952,91.4800033569336,91.4800033569336,77.71963500976562,4389200
2022-10-13,91.5,91.51000213623048,91.5,91.51000213623048,77.74512481689453,5012800
2022-10-14,91.51000213623048,91.51000213623048,91.5,91.51000213623048,77.74512481689453,3121700
2022-10-17,91.5199966430664,91.5199966430664,91.51000213623048,91.51000213623048,77.74512481689453,6373200
2022-10-18,91.51000213623048,91.5199966430664,91.51000213623048,91.51000213623048,77.74512481689453,4985900
2022-10-19,91.5199966430664,91.5199966430664,91.51000213623048,91.51000213623048,77.74512481689453,4334600
2022-10-20,91.52999877929688,91.5500030517578,91.52999877929688,91.5500030517578,77.77910614013672,4561800
2022-10-21,91.5500030517578,91.55999755859376,91.54000091552734,91.55999755859376,77.78760528564453,4658600
2022-10-24,91.5500030517578,91.55999755859376,91.5500030517578,91.5500030517578,77.77910614013672,2286700
2022-10-25,91.5500030517578,91.56999969482422,91.5500030517578,91.5500030517578,77.77910614013672,7035300
2022-10-26,91.55999755859376,91.56999969482422,91.55999755859376,91.56999969482422,77.79611206054688,8136300
2022-10-27,91.58999633789062,91.5999984741211,91.58000183105467,91.5999984741211,77.82160949707031,4473800
2022-10-28,91.5999984741211,91.5999984741211,91.58999633789062,91.58999633789062,77.81307220458984,25494400
2022-10-31,91.5999984741211,91.61000061035156,91.58999633789062,91.58999633789062,77.81307220458984,6145800
2022-11-01,91.41000366210938,91.41000366210938,91.38999938964844,91.38999938964844,77.81988525390625,6054500
2022-11-02,91.41999816894533,91.41999816894533,91.41000366210938,91.41999816894533,77.84542846679688,3264900
2022-11-03,91.44000244140624,91.4499969482422,91.43000030517578,91.4499969482422,77.87097930908203,8957600
2022-11-04,91.45999908447266,91.47000122070312,91.4499969482422,91.47000122070312,77.88800811767578,9427700
2022-11-07,91.47000122070312,91.47000122070312,91.45999908447266,91.45999908447266,77.8795394897461,6503900
2022-11-08,91.47000122070312,91.4800033569336,91.47000122070312,91.47000122070312,77.88800811767578,5843000
2022-11-09,91.51000213623048,91.5199966430664,91.5,91.5199966430664,77.93059539794922,3602500
2022-11-10,91.5199966430664,91.52999877929688,91.5199966430664,91.52999877929688,77.93912506103516,5835600
2022-11-11,91.52999877929688,91.52999877929688,91.5199966430664,91.5199966430664,77.93059539794922,6645400
2022-11-14,91.54000091552734,91.54000091552734,91.5199966430664,91.5199966430664,77.93059539794922,10464400
2022-11-15,91.54000091552734,91.54000091552734,91.52999877929688,91.54000091552734,77.94761657714844,9800800
2022-11-16,91.54000091552734,91.5500030517578,91.54000091552734,91.5500030517578,77.9561538696289,7824100
2022-11-17,91.56999969482422,91.58000183105467,91.56999969482422,91.58000183105467,77.98168182373047,4772400
2022-11-18,91.56999969482422,91.58000183105467,91.56999969482422,91.58000183105467,77.98168182373047,7062900
2022-11-21,91.58999633789062,91.58999633789062,91.58000183105467,91.58999633789062,77.99018096923828,3437100
2022-11-22,91.58999633789062,91.61000061035156,91.58999633789062,91.61000061035156,78.00724029541016,5261000
2022-11-23,91.62000274658205,91.63999938964844,91.62000274658205,91.62999725341795,78.02424621582031,4144300
2022-11-25,91.63999938964844,91.63999938964844,91.62999725341795,91.62999725341795,78.02424621582031,2543100
2022-11-28,91.63999938964844,91.6500015258789,91.63999938964844,91.63999938964844,78.03278350830078,4455700
2022-11-29,91.66000366210938,91.66999816894533,91.6500015258789,91.66999816894533,78.0583267211914,3754700
2022-11-30,91.66000366210938,91.66999816894533,91.66000366210938,91.66999816894533,78.0583267211914,5418300
2022-12-01,91.43000030517578,91.44000244140624,91.43000030517578,91.43000030517578,78.07540130615234,10968000
2022-12-02,91.4499969482422,91.4499969482422,91.44000244140624,91.44000244140624,78.0839614868164,10316300
2022-12-05,91.4499969482422,91.45999908447266,91.4499969482422,91.4499969482422,78.09248352050781,8943700
2022-12-06,91.47000122070312,91.4800033569336,91.45999908447266,91.4800033569336,78.11809539794922,9646800
2022-12-07,91.48999786376952,91.5,91.4800033569336,91.4800033569336,78.11809539794922,9798600
2022-12-08,91.51000213623048,91.54000091552734,91.51000213623048,91.54000091552734,78.16932678222656,3855900
2022-12-09,91.52999877929688,91.54000091552734,91.52999877929688,91.52999877929688,78.16082000732422,7718900
2022-12-12,91.5500030517578,91.5500030517578,91.54000091552734,91.54000091552734,78.16932678222656,4383600
2022-12-13,91.5500030517578,91.55999755859376,91.54000091552734,91.54000091552734,78.16932678222656,6645800
2022-12-14,91.55999755859376,91.56999969482422,91.54000091552734,91.56999969482422,78.19497680664062,6898400
2022-12-15,91.58000183105467,91.58999633789062,91.58000183105467,91.58999633789062,78.21200561523438,7768100
2022-12-16,91.5999984741211,91.5999984741211,91.58999633789062,91.58999633789062,78.21200561523438,4121700
2022-12-19,91.33999633789062,91.33999633789062,91.33000183105467,91.33000183105467,78.22145080566406,8627100
2022-12-20,91.3499984741211,91.3499984741211,91.33999633789062,91.33999633789062,78.23003387451172,5204300
2022-12-21,91.36000061035156,91.36000061035156,91.3499984741211,91.3499984741211,78.23857879638672,6471800
2022-12-22,91.38999938964844,91.41000366210938,91.38999938964844,91.41000366210938,78.28999328613281,6592400
2022-12-23,91.4000015258789,91.41000366210938,91.4000015258789,91.41000366210938,78.28999328613281,3683100
2022-12-27,91.41000366210938,91.41999816894533,91.41000366210938,91.41000366210938,78.28999328613281,4267900
2022-12-28,91.44000244140624,91.44000244140624,91.41999816894533,91.44000244140624,78.31566619873047,4123200
2022-12-29,91.47000122070312,91.4800033569336,91.47000122070312,91.4800033569336,78.34992218017578,5637400
2022-12-30,91.47000122070312,91.47000122070312,91.45999908447266,91.47000122070312,78.34135437011719,6537000
2023-01-03,91.4800033569336,91.4800033569336,91.47000122070312,91.4800033569336,78.34992218017578,12503100
2023-01-04,91.4800033569336,91.48999786376952,91.47000122070312,91.47000122070312,78.34135437011719,9074500
2023-01-05,91.5,91.51000213623048,91.48999786376952,91.5,78.36708068847656,6454100
2023-01-06,91.5,91.51000213623048,91.48999786376952,91.48999786376952,78.35848236083984,4623500
2023-01-09,91.5,91.51000213623048,91.5,91.51000213623048,78.37560272216797,9734500
2023-01-10,91.51000213623048,91.5199966430664,91.5,91.5,78.36708068847656,5606700
2023-01-11,91.51000213623048,91.5199966430664,91.5,91.5,78.36708068847656,8601300
2023-01-12,91.55999755859376,91.56999969482422,91.55999755859376,91.56999969482422,78.42701721191406,8086900
2023-01-13,91.56999969482422,91.58000183105467,91.56999969482422,91.58000183105467,78.4355697631836,5501700
2023-01-17,91.58000183105467,91.58999633789062,91.58000183105467,91.58000183105467,78.4355697631836,9495400
2023-01-18,91.58999633789062,91.5999984741211,91.58999633789062,91.58999633789062,78.4441146850586,4944800
2023-01-19,91.62000274658205,91.62999725341795,91.62000274658205,91.62999725341795,78.47838592529297,6491300
2023-01-20,91.63999938964844,91.63999938964844,91.62999725341795,91.63999938964844,78.4869613647461,4532400
2023-01-23,91.6500015258789,91.6500015258789,91.63999938964844,91.63999938964844,78.4869613647461,9166400
2023-01-24,91.66000366210938,91.66000366210938,91.6500015258789,91.6500015258789,78.49556732177734,5073700
2023-01-25,91.66999816894533,91.68000030517578,91.66000366210938,91.66000366210938,78.50410461425781,7570300
2023-01-26,91.6999969482422,91.70999908447266,91.6999969482422,91.70999908447266,78.54690551757812,5116500
2023-01-27,91.72000122070312,91.72000122070312,91.70999908447266,91.72000122070312,78.55549621582031,5232100
2023-01-30,91.72000122070312,91.7300033569336,91.72000122070312,91.72000122070312,78.55549621582031,4281500
2023-01-31,91.7300033569336,91.73999786376952,91.7300033569336,91.7300033569336,78.56405639648438,7362600
2023-02-01,91.41999816894533,91.41999816894533,91.4000015258789,91.4000015258789,78.56920623779297,9424000
2023-02-02,91.44000244140624,91.4499969482422,91.44000244140624,91.44000244140624,78.60358428955078,11984500
2023-02-03,91.45999908447266,91.45999908447266,91.4499969482422,91.45999908447266,78.62079620361328,8934700
2023-02-06,91.47000122070312,91.47000122070312,91.45999908447266,91.47000122070312,78.62936401367188,5928200
2023-02-07,91.4800033569336,91.4800033569336,91.47000122070312,91.4800033569336,78.63797760009766,4283200
2023-02-08,91.48999786376952,91.48999786376952,91.4800033569336,91.4800033569336,78.63797760009766,4101500
2023-02-09,91.51000213623048,91.5199966430664,91.51000213623048,91.51000213623048,78.66374969482422,4909400
2023-02-10,91.5199966430664,91.52999877929688,91.5199966430664,91.5199966430664,78.67234802246094,4580800
2023-02-13,91.54000091552734,91.54000091552734,91.52999877929688,91.54000091552734,78.68953704833984,8904000
2023-02-14,91.54000091552734,91.5500030517578,91.54000091552734,91.54000091552734,78.68953704833984,4056600
2023-02-15,91.55999755859376,91.55999755859376,91.5500030517578,91.55999755859376,78.70674133300781,4895700
2023-02-16,91.61000061035156,91.61000061035156,91.5999984741211,91.61000061035156,78.7497329711914,5556400
2023-02-17,91.62000274658205,91.62000274658205,91.61000061035156,91.62000274658205,78.75834655761719,4398600
2023-02-21,91.62999725341795,91.63999938964844,91.62000274658205,91.62000274658205,78.75834655761719,17021300
2023-02-22,91.62999725341795,91.6500015258789,91.62999725341795,91.6500015258789,78.78413391113281,18697200
2023-02-23,91.68000030517578,91.68000030517578,91.66999816894533,91.68000030517578,78.80989074707031,4863200
2023-02-24,91.69000244140624,91.69000244140624,91.68000030517578,91.69000244140624,78.81849670410156,7735500
2023-02-27,91.69000244140624,91.6999969482422,91.69000244140624,91.6999969482422,78.82709503173828,7477400
2023-02-28,91.70999908447266,91.70999908447266,91.6999969482422,91.70999908447266,78.83567810058594,8086900
2023-03-01,91.47000122070312,91.47000122070312,91.45999908447266,91.45999908447266,78.84002685546875,11005600
2023-03-02,91.5,91.5,91.48999786376952,91.48999786376952,78.86585235595703,9631700
2023-03-03,91.5,91.51000213623048,91.5,91.51000213623048,78.88310241699219,7068300
2023-03-06,91.5199966430664,91.5199966430664,91.51000213623048,91.5199966430664,78.89170837402344,6131200
2023-03-07,91.52999877929688,91.54000091552734,91.5199966430664,91.5199966430664,78.89170837402344,4330700
2023-03-08,91.54000091552734,91.54000091552734,91.52999877929688,91.54000091552734,78.9089584350586,8207000
2023-03-09,91.55999755859376,91.56999969482422,91.55999755859376,91.55999755859376,78.92620849609375,6450500
2023-03-10,91.58000183105467,91.58999633789062,91.58000183105467,91.58000183105467,78.94344329833984,13475700
2023-03-13,91.62999725341795,91.62999725341795,91.5999984741211,91.5999984741211,78.96068572998047,21685200
2023-03-14,91.62000274658205,91.62999725341795,91.61000061035156,91.61000061035156,78.96932220458984,35715200
2023-03-15,91.6500015258789,91.66000366210938,91.63999938964844,91.66000366210938,79.0124282836914,11411700
2023-03-16,91.69000244140624,91.6999969482422,91.69000244140624,91.6999969482422,79.046875,9320200
2023-03-17,91.69000244140624,91.72000122070312,91.69000244140624,91.72000122070312,79.06414794921875,8580300
2023-03-20,91.72000122070312,91.7300033569336,91.70999908447266,91.7300033569336,79.07276153564453,8169600
2023-03-21,91.72000122070312,91.73999786376952,91.72000122070312,91.7300033569336,79.07276153564453,7888500
2023-03-22,91.73999786376952,91.75,91.73999786376952,91.75,79.08999633789062,8202600
2023-03-23,91.7699966430664,91.79000091552734,91.7699966430664,91.79000091552734,79.12448120117188,5769500
2023-03-24,91.8000030517578,91.80999755859376,91.79000091552734,91.80999755859376,79.14173889160156,7374800
2023-03-27,91.8000030517578,91.80999755859376,91.8000030517578,91.8000030517578,79.13309478759766,6188600
2023-03-28,91.81999969482422,91.83000183105467,91.81999969482422,91.81999969482422,79.15029907226562,6215000
2023-03-29,91.81999969482422,91.83999633789062,91.81999969482422,91.81999969482422,79.15029907226562,4705700
2023-03-30,91.83999633789062,91.8499984741211,91.81999969482422,91.83999633789062,79.16756439208984,9284700
2023-03-31,91.83999633789062,91.83999633789062,91.81999969482422,91.81999969482422,79.15029907226562,11615500
2023-04-03,91.4800033569336,91.4800033569336,91.47000122070312,91.47000122070312,79.16934967041016,12494900
2023-04-04,91.4800033569336,91.48999786376952,91.4800033569336,91.4800033569336,79.17803192138672,10265800
2023-04-05,91.52999877929688,91.54000091552734,91.52999877929688,91.52999877929688,79.22129821777344,6913900
2023-04-06,91.5500030517578,91.5500030517578,91.54000091552734,91.54000091552734,79.22996520996094,4941400
2023-04-10,91.55999755859376,91.55999755859376,91.5500030517578,91.5500030517578,79.23860168457031,5741900
2023-04-11,91.55999755859376,91.56999969482422,91.55999755859376,91.55999755859376,79.24726867675781,7722600
2023-04-12,91.58000183105467,91.58999633789062,91.56999969482422,91.58000183105467,79.26458740234375,8786200
2023-04-13,91.62000274658205,91.62999725341795,91.62000274658205,91.62999725341795,79.307861328125,8673900
2023-04-14,91.62999725341795,91.63999938964844,91.62000274658205,91.62999725341795,79.307861328125,9391100
2023-04-17,91.63999938964844,91.6500015258789,91.63999938964844,91.6500015258789,79.32514190673828,5173800
2023-04-18,91.6500015258789,91.66999816894533,91.6500015258789,91.66000366210938,79.33382415771484,4540700
2023-04-19,91.68000030517578,91.68000030517578,91.66999816894533,91.66999816894533,79.34246826171875,5901900
2023-04-20,91.72000122070312,91.73999786376952,91.70999908447266,91.73999786376952,79.4030532836914,6034400
2023-04-21,91.7300033569336,91.7300033569336,91.72000122070312,91.7300033569336,79.39439392089844,5880900
2023-04-24,91.75,91.75,91.7300033569336,91.73999786376952,79.4030532836914,8195900
2023-04-25,91.73999786376952,91.75,91.7300033569336,91.7300033569336,79.39439392089844,4222500
2023-04-26,91.73999786376952,91.75,91.73999786376952,91.75,79.4117202758789,7365200
2023-04-27,91.77999877929688,91.79000091552734,91.7699966430664,91.77999877929688,79.43766021728516,5585400
2023-04-28,91.7699966430664,91.77999877929688,91.7699966430664,91.77999877929688,79.43766021728516,6539100
2023-05-01,91.44000244140624,91.4499969482422,91.43000030517578,91.43000030517578,79.44029235839844,11273300
2023-05-02,91.44000244140624,91.44000244140624,91.41000366210938,91.41000366210938,79.42290496826172,5495900
2023-05-03,91.43000030517578,91.43000030517578,91.41999816894533,91.41999816894533,79.43159484863281,5533100
2023-05-04,91.45999908447266,91.45999908447266,91.44000244140624,91.4499969482422,79.45764923095703,8052700
2023-05-05,91.47000122070312,91.48999786376952,91.45999908447266,91.47000122070312,79.47502899169922,7170200
2023-05-08,91.4800033569336,91.48999786376952,91.4800033569336,91.4800033569336,79.48372650146484,5508600
2023-05-09,91.5,91.5,91.48999786376952,91.48999786376952,79.49239349365234,6850300
2023-05-10,91.51000213623048,91.5199966430664,91.5,91.5,79.50111389160156,4831800
2023-05-11,91.55999755859376,91.56999969482422,91.5500030517578,91.55999755859376,79.5532455444336,6159800
2023-05-12,91.58000183105467,91.58000183105467,91.56999969482422,91.58000183105467,79.57061767578125,4328600
2023-05-15,91.58000183105467,91.58999633789062,91.58000183105467,91.58999633789062,79.57931518554688,4056100
2023-05-16,91.58999633789062,91.5999984741211,91.58000183105467,91.58000183105467,79.57061767578125,8530400
2023-05-17,91.5999984741211,91.61000061035156,91.5999984741211,91.5999984741211,79.58798217773438,5415400
2023-05-18,91.63999938964844,91.6500015258789,91.62999725341795,91.6500015258789,79.63143157958984,6434000
2023-05-19,91.66000366210938,91.66000366210938,91.63999938964844,91.6500015258789,79.63143157958984,6447400
2023-05-22,91.66000366210938,91.66000366210938,91.6500015258789,91.66000366210938,79.64012908935547,8404900
2023-05-23,91.66000366210938,91.66999816894533,91.66000366210938,91.66000366210938,79.64012908935547,5050500
2023-05-24,91.66999816894533,91.68000030517578,91.66000366210938,91.66000366210938,79.64012908935547,4762100
2023-05-25,91.7300033569336,91.7300033569336,91.72000122070312,91.72000122070312,79.69227600097656,5264000
2023-05-26,91.75,91.76000213623048,91.73999786376952,91.73999786376952,79.70963287353516,5923200
2023-05-30,91.76000213623048,91.7699966430664,91.75,91.75,79.71833801269531,11529300
2023-05-31,91.7699966430664,91.77999877929688,91.7699966430664,91.7699966430664,79.7357177734375,9807400
2023-06-01,91.4499969482422,91.4499969482422,91.44000244140624,91.4499969482422,79.78018951416016,10700500
2023-06-02,91.45999908447266,91.45999908447266,91.44000244140624,91.45999908447266,79.78894805908203,10257500
2023-06-05,91.47000122070312,91.47000122070312,91.4499969482422,91.45999908447266,79.78894805908203,9596600
2023-06-06,91.4800033569336,91.48999786376952,91.47000122070312,91.4800033569336,79.80636596679688,6120900
2023-06-07,91.48999786376952,91.51000213623048,91.48999786376952,91.48999786376952,79.81510162353516,6483100
2023-06-08,91.52999877929688,91.54000091552734,91.52999877929688,91.54000091552734,79.85871124267578,8802000
2023-06-09,91.54000091552734,91.5500030517578,91.54000091552734,91.5500030517578,79.86746215820312,6452300
2023-06-12,91.55999755859376,91.56999969482422,91.55999755859376,91.55999755859376,79.87614440917969,3776900
2023-06-13,91.56999969482422,91.58000183105467,91.56999969482422,91.58000183105467,79.89360809326172,6784200
2023-06-14,91.58999633789062,91.5999984741211,91.58000183105467,91.5999984741211,79.91106414794922,5756300
2023-06-15,91.63999938964844,91.6500015258789,91.63999938964844,91.63999938964844,79.94595336914062,9827300
2023-06-16,91.66000366210938,91.66000366210938,91.6500015258789,91.6500015258789,79.95466613769531,4765300
2023-06-20,91.66000366210938,91.66999816894533,91.66000366210938,91.66999816894533,79.97209930419922,6174300
2023-06-21,91.68000030517578,91.69000244140624,91.66999816894533,91.66999816894533,79.97209930419922,4945300
2023-06-22,91.70999908447266,91.72000122070312,91.70999908447266,91.70999908447266,80.00701904296875,4698400
2023-06-23,91.72000122070312,91.7300033569336,91.72000122070312,91.72000122070312,80.0157241821289,3851500
2023-06-26,91.73999786376952,91.75,91.7300033569336,91.7300033569336,80.02450561523438,7241300
2023-06-27,91.75,91.76000213623048,91.75,91.75,80.04193878173828,5476300
2023-06-28,91.7699966430664,91.7699966430664,91.76000213623048,91.76000213623048,80.05064392089844,4486800
2023-06-29,91.8000030517578,91.80999755859376,91.79000091552734,91.79000091552734,80.07681274414062,5728000
2023-06-30,91.81999969482422,91.83000183105467,91.81999969482422,91.81999969482422,80.10297393798828,8054800
2023-07-03,91.45999908447266,91.47000122070312,91.45999908447266,91.47000122070312,80.12312316894531,7158200
2023-07-05,91.4800033569336,91.48999786376952,91.47000122070312,91.4800033569336,80.13188171386719,7981500
2023-07-06,91.51000213623048,91.5199966430664,91.51000213623048,91.51000213623048,80.1581802368164,7570000
2023-07-07,91.5199966430664,91.52999877929688,91.5199966430664,91.5199966430664,80.16691589355469,6491000
2023-07-10,91.52999877929688,91.54000091552734,91.52999877929688,91.54000091552734,80.18444061279297,4186000
2023-07-11,91.5500030517578,91.55999755859376,91.5500030517578,91.5500030517578,80.19319915771484,5567400
2023-07-12,91.55999755859376,91.56999969482422,91.55999755859376,91.56999969482422,80.2107162475586,7188100
2023-07-13,91.5999984741211,91.61000061035156,91.5999984741211,91.61000061035156,80.24573516845703,5902600
2023-07-14,91.61000061035156,91.62000274658205,91.61000061035156,91.62000274658205,80.25452423095703,6505800
2023-07-17,91.62999725341795,91.62999725341795,91.62000274658205,91.62999725341795,80.2632827758789,3932600
2023-07-18,91.63999938964844,91.63999938964844,91.62999725341795,91.62999725341795,80.2632827758789,4775800
2023-07-19,91.6500015258789,91.66000366210938,91.6500015258789,91.6500015258789,80.28081512451172,5132100
2023-07-20,91.69000244140624,91.6999969482422,91.68000030517578,91.6999969482422,80.32460021972656,5047600
2023-07-21,91.6999969482422,91.70999908447266,91.6999969482422,91.6999969482422,80.32460021972656,4087100
2023-07-24,91.70999908447266,91.72000122070312,91.70999908447266,91.70999908447266,80.33336639404297,3752400
2023-07-25,91.7300033569336,91.7300033569336,91.72000122070312,91.72000122070312,80.34209442138672,4170500
2023-07-26,91.73999786376952,91.73999786376952,91.7300033569336,91.7300033569336,80.35088348388672,4700000
2023-07-27,91.7699966430664,91.77999877929688,91.7699966430664,91.77999877929688,80.39466857910156,4727800
2023-07-28,91.79000091552734,91.8000030517578,91.79000091552734,91.79000091552734,80.40343475341797,3709200
2023-07-31,91.8000030517578,91.80999755859376,91.8000030517578,91.8000030517578,80.41218566894531,6716600
2023-08-01,91.43000030517578,91.43000030517578,91.41999816894533,91.43000030517578,80.43331146240234,13360200
2023-08-02,91.44000244140624,91.44000244140624,91.43000030517578,91.44000244140624,80.44208526611328,8208300
2023-08-03,91.4800033569336,91.4800033569336,91.47000122070312,91.4800033569336,80.47730255126953,5681100
2023-08-04,91.48999786376952,91.5,91.48999786376952,91.5,80.49486541748047,6200000
2023-08-07,91.51000213623048,91.51000213623048,91.5,91.5,80.49486541748047,5978000
2023-08-08,91.5199966430664,91.5199966430664,91.51000213623048,91.5199966430664,80.51246643066406,6517900
2023-08-09,91.52999877929688,91.54000091552734,91.52999877929688,91.52999877929688,80.52128601074219,4293000
2023-08-10,91.55999755859376,91.58000183105467,91.55999755859376,91.58000183105467,80.56526947021484,5120600
2023-08-11,91.58000183105467,91.58999633789062,91.58000183105467,91.58999633789062,80.57405090332031,3669100
2023-08-14,91.58999633789062,91.5999984741211,91.58999633789062,91.5999984741211,80.5828628540039,6596100
2023-08-15,91.5999984741211,91.61000061035156,91.5999984741211,91.61000061035156,80.59164428710938,4853100
2023-08-16,91.62000274658205,91.62999725341795,91.62000274658205,91.62999725341795,80.60923767089844,7890300
2023-08-17,91.66000366210938,91.66999816894533,91.66000366210938,91.66999816894533,80.64443969726562,5621700
2023-08-18,91.68000030517578,91.68000030517578,91.66999816894533,91.68000030517578,80.65323638916016,6774400
2023-08-21,91.69000244140624,91.69000244140624,91.68000030517578,91.69000244140624,80.66203308105469,5959700
2023-08-22,91.70999908447266,91.70999908447266,91.6999969482422,91.6999969482422,80.67082977294922,5775600
2023-08-23,91.70999908447266,91.72000122070312,91.70999908447266,91.72000122070312,80.68840789794922,9529300
2023-08-24,91.75,91.76000213623048,91.75,91.75,80.71484375,6746700
2023-08-25,91.76000213623048,91.7699966430664,91.76000213623048,91.7699966430664,80.73242950439453,4883000
2023-08-28,91.77999877929688,91.79000091552734,91.77999877929688,91.79000091552734,80.7500228881836,4264100
2023-08-29,91.8000030517578,91.8000030517578,91.77999877929688,91.77999877929688,80.7411880493164,9168200
2023-08-30,91.8000030517578,91.80999755859376,91.79000091552734,91.8000030517578,80.75878143310547,6427000
2023-08-31,91.8499984741211,91.86000061035156,91.8499984741211,91.86000061035156,80.81156921386719,7771500
2023-09-01,91.47000122070312,91.47000122070312,91.45999908447266,91.47000122070312,80.8248519897461,21540500
2023-09-05,91.48999786376952,91.48999786376952,91.4800033569336,91.48999786376952,80.84249877929688,8316300
2023-09-06,91.5,91.5,91.48999786376952,91.48999786376952,80.84249877929688,6524800
2023-09-07,91.52999877929688,91.54000091552734,91.52999877929688,91.54000091552734,80.8866958618164,6808100
2023-09-08,91.54000091552734,91.5500030517578,91.54000091552734,91.5500030517578,80.89554595947266,6393300
2023-09-11,91.56999969482422,91.56999969482422,91.5500030517578,91.5500030517578,80.89554595947266,8027100
2023-09-12,91.56999969482422,91.58000183105467,91.56999969482422,91.58000183105467,80.92205047607422,9948400
2023-09-13,91.58000183105467,91.58999633789062,91.58000183105467,91.58999633789062,80.9308853149414,4696200
2023-09-14,91.62000274658205,91.62999725341795,91.62000274658205,91.62000274658205,80.95736694335938,4214800
2023-09-15,91.63999938964844,91.63999938964844,91.62999725341795,91.63999938964844,80.97504425048828,4688800
2023-09-18,91.66000366210938,91.66000366210938,91.6500015258789,91.6500015258789,80.98388671875,7376200
2023-09-19,91.66000366210938,91.66999816894533,91.66000366210938,91.66000366210938,80.99274444580078,4357400
2023-09-20,91.66999816894533,91.68000030517578,91.66999816894533,91.66999816894533,81.00157928466797,5946200
2023-09-21,91.70999908447266,91.72000122070312,91.70999908447266,91.72000122070312,81.0457534790039,7522700
2023-09-22,91.7300033569336,91.73999786376952,91.7300033569336,91.7300033569336,81.0545654296875,15684400
2023-09-25,91.75,91.75,91.73999786376952,91.73999786376952,81.06340026855469,7492000
2023-09-26,91.75,91.76000213623048,91.75,91.75,81.07227325439453,7130600
2023-09-27,91.77999877929688,91.77999877929688,91.76000213623048,91.77999877929688,81.09876251220703,7669700
2023-09-28,91.8000030517578,91.81999969482422,91.8000030517578,91.80999755859376,81.12527465820312,8426400
2023-09-29,91.81999969482422,91.83000183105467,91.81999969482422,91.81999969482422,81.13411712646484,9081500
2023-10-02,91.4499969482422,91.4499969482422,91.44000244140624,91.44000244140624,81.14654541015625,22550400
2023-10-03,91.45999908447266,91.45999908447266,91.4499969482422,91.45999908447266,81.16427612304688,10648800
2023-10-04,91.45999908447266,91.47000122070312,91.45999908447266,91.47000122070312,81.17315673828125,26575700
2023-10-05,91.5199966430664,91.52999877929688,91.5199966430664,91.52999877929688,81.22640228271484,8295300
2023-10-06,91.54000091552734,91.54000091552734,91.52999877929688,91.52999877929688,81.22640228271484,9856100
2023-10-09,91.54000091552734,91.5500030517578,91.52999877929688,91.54000091552734,81.23527526855469,5972300
2023-10-10,91.5500030517578,91.55999755859376,91.54000091552734,91.54000091552734,81.23527526855469,8463700
2023-10-11,91.5500030517578,91.55999755859376,91.5500030517578,91.55999755859376,81.25300598144531,6839400
2023-10-12,91.5999984741211,91.5999984741211,91.58999633789062,91.5999984741211,81.28848266601562,7528700
2023-10-13,91.61000061035156,91.62000274658205,91.61000061035156,91.62000274658205,81.30625915527344,15013900
2023-10-16,91.63999938964844,91.63999938964844,91.62000274658205,91.62999725341795,81.31513214111328,8181800
2023-10-17,91.63999938964844,91.6500015258789,91.63999938964844,91.63999938964844,81.32400512695312,5363200
2023-10-18,91.6500015258789,91.66000366210938,91.6500015258789,91.6500015258789,81.33289337158203,6069500
2023-10-19,91.69000244140624,91.6999969482422,91.69000244140624,91.69000244140624,81.3683853149414,4551500
2023-10-20,91.70999908447266,91.70999908447266,91.6999969482422,91.70999908447266,81.3861312866211,4887100
2023-10-23,91.7300033569336,91.7300033569336,91.72000122070312,91.72000122070312,81.39501953125,14352700
2023-10-24,91.73999786376952,91.73999786376952,91.7300033569336,91.7300033569336,81.40387725830078,12544200
2023-10-25,91.75,91.75,91.73999786376952,91.73999786376952,81.41273498535156,12376000
2023-10-26,91.79000091552734,91.79000091552734,91.77999877929688,91.77999877929688,81.44824981689453,9920000
2023-10-27,91.8000030517578,91.81999969482422,91.8000030517578,91.80999755859376,81.4748764038086,28351200
2023-10-30,91.80999755859376,91.81999969482422,91.80999755859376,91.81999969482422,81.48377227783203,25136900
2023-10-31,91.81999969482422,91.83000183105467,91.81999969482422,91.81999969482422,81.48377227783203,16748400
2023-11-01,91.44000244140624,91.44000244140624,91.43000030517578,91.44000244140624,81.50870513916016,25791900
2023-11-02,91.47000122070312,91.4800033569336,91.47000122070312,91.47000122070312,81.53545379638672,11970800
2023-11-03,91.4800033569336,91.48999786376952,91.4800033569336,91.4800033569336,81.54436492919922,13721100
2023-11-06,91.5,91.5,91.48999786376952,91.48999786376952,81.55329895019531,28039200
2023-11-07,91.51000213623048,91.5199966430664,91.51000213623048,91.51000213623048,81.57111358642578,6951000
2023-11-08,91.52999877929688,91.52999877929688,91.5199966430664,91.5199966430664,81.58000946044922,9180800
2023-11-09,91.55999755859376,91.56999969482422,91.55999755859376,91.56999969482422,81.62460327148438,11886800
2023-11-10,91.58000183105467,91.58999633789062,91.58000183105467,91.58000183105467,81.63351440429688,5556400
2023-11-13,91.58999633789062,91.5999984741211,91.58999633789062,91.58999633789062,81.64241027832031,6166700
2023-11-14,91.5999984741211,91.61000061035156,91.5999984741211,91.5999984741211,81.65132904052734,11126500
2023-11-15,91.62999725341795,91.62999725341795,91.62000274658205,91.62000274658205,81.6691665649414,10552700
2023-11-16,91.66000366210938,91.66999816894533,91.66000366210938,91.66000366210938,81.70482635498047,7802900
2023-11-17,91.66999816894533,91.68000030517578,91.66999816894533,91.68000030517578,81.72261810302734,6783200
2023-11-20,91.69000244140624,91.69000244140624,91.68000030517578,91.68000030517578,81.72261810302734,8494100
2023-11-21,91.72000122070312,91.72000122070312,91.70999908447266,91.70999908447266,81.74938201904297,13067100
2023-11-22,91.76000213623048,91.76000213623048,91.75,91.75,81.78502655029297,7626700
2023-11-24,91.76000213623048,91.7699966430664,91.76000213623048,91.76000213623048,81.7939682006836,2839000
2023-11-27,91.7699966430664,91.77999877929688,91.7699966430664,91.7699966430664,81.80287170410156,9166000
2023-11-28,91.79000091552734,91.8000030517578,91.79000091552734,91.79000091552734,81.82068634033203,7244700
2023-11-29,91.8000030517578,91.80999755859376,91.8000030517578,91.8000030517578,81.82960510253906,6942200
2023-11-30,91.83999633789062,91.8499984741211,91.83999633789062,91.83999633789062,81.86526489257812,18629900
2023-12-01,91.4499969482422,91.4499969482422,91.44000244140624,91.44000244140624,81.88228607177734,21247800
2023-12-04,91.4499969482422,91.45999908447266,91.44000244140624,91.44000244140624,81.88228607177734,15503000
2023-12-05,91.47000122070312,91.47000122070312,91.45999908447266,91.45999908447266,81.90019989013672,6463400
2023-12-06,91.47000122070312,91.4800033569336,91.47000122070312,91.47000122070312,81.90913391113281,6941700
2023-12-07,91.51000213623048,91.5199966430664,91.51000213623048,91.51000213623048,81.9449691772461,7369300
2023-12-08,91.52999877929688,91.54000091552734,91.52999877929688,91.52999877929688,81.96288299560547,5730100
2023-12-11,91.5500030517578,91.5500030517578,91.54000091552734,91.5500030517578,81.98077392578125,5613500
2023-12-12,91.55999755859376,91.55999755859376,91.5500030517578,91.5500030517578,81.98077392578125,7885900
2023-12-13,91.55999755859376,91.56999969482422,91.55999755859376,91.55999755859376,81.98973083496094,6781800
2023-12-14,91.5999984741211,91.61000061035156,91.5999984741211,91.5999984741211,82.02557373046875,13475400
2023-12-15,91.62000274658205,91.62999725341795,91.62000274658205,91.62999725341795,82.05240631103516,6917600
2023-12-18,91.22000122070312,91.22000122070312,91.20999908447266,91.22000122070312,82.06230926513672,8910900
2023-12-19,91.2300033569336,91.23999786376952,91.22000122070312,91.22000122070312,82.06230926513672,6977300
2023-12-20,91.23999786376952,91.25,91.23999786376952,91.23999786376952,82.08032989501953,8098700
2023-12-21,91.29000091552734,91.3000030517578,91.29000091552734,91.3000030517578,82.13428497314453,5055200
2023-12-22,91.3000030517578,91.30999755859376,91.3000030517578,91.30999755859376,82.14328002929688,7471600
2023-12-26,91.33000183105467,91.33000183105467,91.31999969482422,91.33000183105467,82.16124725341797,4638800
2023-12-27,91.33000183105467,91.33999633789062,91.33000183105467,91.33000183105467,82.16124725341797,4717700
2023-12-28,91.37999725341795,91.38999938964844,91.37999725341795,91.38999938964844,82.2152328491211,5605100
2023-12-29,91.4000015258789,91.4000015258789,91.38999938964844,91.38999938964844,82.2152328491211,5588600
2024-01-02,91.4000015258789,91.41000366210938,91.4000015258789,91.4000015258789,82.22425079345703,9445500
2024-01-03,91.41000366210938,91.43000030517578,91.41000366210938,91.43000030517578,82.251220703125,6793500
2024-01-04,91.45999908447266,91.47000122070312,91.45999908447266,91.45999908447266,82.2782211303711,5840200
2024-01-05,91.4800033569336,91.4800033569336,91.47000122070312,91.47000122070312,82.28719329833984,4991800
2024-01-08,91.4800033569336,91.48999786376952,91.4800033569336,91.4800033569336,82.29621887207031,4889900
2024-01-09,91.5,91.5,91.48999786376952,91.48999786376952,82.30522155761719,5080800
2024-01-10,91.51000213623048,91.5199966430664,91.51000213623048,91.51000213623048,82.32320404052734,8798600
2024-01-11,91.55999755859376,91.56999969482422,91.55999755859376,91.55999755859376,82.36817932128906,5947100
2024-01-12,91.56999969482422,91.58000183105467,91.56999969482422,91.58000183105467,82.38618469238281,5049200
2024-01-16,91.58999633789062,91.5999984741211,91.58999633789062,91.58999633789062,82.3951644897461,6485200
2024-01-17,91.5999984741211,91.61000061035156,91.5999984741211,91.61000061035156,82.41315460205078,5915700
2024-01-18,91.63999938964844,91.6500015258789,91.63999938964844,91.6500015258789,82.44914245605469,5270500
2024-01-19,91.66000366210938,91.66000366210938,91.6500015258789,91.66000366210938,82.45816040039062,5444600
2024-01-22,91.66999816894533,91.68000030517578,91.66999816894533,91.66999816894533,82.46713256835938,6114000
2024-01-23,91.68000030517578,91.69000244140624,91.68000030517578,91.68000030517578,82.47612762451172,4961800
2024-01-24,91.69000244140624,91.6999969482422,91.69000244140624,91.69000244140624,82.48513793945312,6486100
2024-01-25,91.73999786376952,91.73999786376952,91.7300033569336,91.73999786376952,82.53009796142578,6059500
2024-01-26,91.75,91.75,91.73999786376952,91.75,82.53910064697266,5612900
2024-01-29,91.76000213623048,91.7699966430664,91.76000213623048,91.76000213623048,82.5481185913086,5646100
2024-01-30,91.7699966430664,91.77999877929688,91.7699966430664,91.7699966430664,82.55709838867188,30704200
2024-01-31,91.79000091552734,91.79000091552734,91.77999877929688,91.77999877929688,82.56607818603516,10964400
2024-02-01,91.41999816894533,91.43000030517578,91.41999816894533,91.41999816894533,82.607666015625,14759200
2024-02-02,91.44000244140624,91.44000244140624,91.43000030517578,91.44000244140624,82.62574768066406,8157700
2024-02-05,91.4499969482422,91.4499969482422,91.44000244140624,91.44000244140624,82.62574768066406,6923400
2024-02-06,91.45999908447266,91.45999908447266,91.4499969482422,91.45999908447266,82.64380645751953,5037900
2024-02-07,91.4800033569336,91.4800033569336,91.47000122070312,91.47000122070312,82.65283203125,8475400
2024-02-08,91.5199966430664,91.5199966430664,91.51000213623048,91.51000213623048,82.68899536132812,5406300
2024-02-09,91.5199966430664,91.52999877929688,91.5199966430664,91.5199966430664,82.69803619384766,5087000
2024-02-12,91.54000091552734,91.54000091552734,91.52999877929688,91.54000091552734,82.71610260009766,7216800
2024-02-13,91.54000091552734,91.5500030517578,91.54000091552734,91.54000091552734,82.71610260009766,7655100
2024-02-14,91.55999755859376,91.56999969482422,91.55999755859376,91.55999755859376,82.73416900634766,6028000
2024-02-15,91.62000274658205,91.62000274658205,91.61000061035156,91.61000061035156,82.77935028076172,4800600
2024-02-16,91.62000274658205,91.62999725341795,91.62000274658205,91.62999725341795,82.79741668701172,6052600
2024-02-20,91.6500015258789,91.6500015258789,91.63999938964844,91.63999938964844,82.80644989013672,4841100
2024-02-21,91.6500015258789,91.66000366210938,91.6500015258789,91.6500015258789,82.81549835205078,5127600
2024-02-22,91.69000244140624,91.6999969482422,91.69000244140624,91.6999969482422,82.86067199707031,7474000
2024-02-23,91.6999969482422,91.70999908447266,91.6999969482422,91.70999908447266,82.86972045898438,5608600
2024-02-26,91.72000122070312,91.72000122070312,91.70999908447266,91.70999908447266,82.86972045898438,4644800
2024-02-27,91.7300033569336,91.73999786376952,91.7300033569336,91.7300033569336,82.88778686523438,6027500
2024-02-28,91.73999786376952,91.75,91.73999786376952,91.73999786376952,82.89682006835938,3917600
2024-02-29,91.77999877929688,91.79000091552734,91.77999877929688,91.77999877929688,82.93294525146484,13028900
2024-03-01,91.44000244140624,91.4499969482422,91.44000244140624,91.4499969482422,82.95564270019531,13095400
2024-03-04,91.45999908447266,91.45999908447266,91.4499969482422,91.45999908447266,82.96470642089844,8628300
2024-03-05,91.47000122070312,91.47000122070312,91.45999908447266,91.45999908447266,82.96470642089844,10329500
2024-03-06,91.48999786376952,91.48999786376952,91.4800033569336,91.4800033569336,82.98285675048828,6752000
2024-03-07,91.52999877929688,91.52999877929688,91.5199966430664,91.5199966430664,83.0191421508789,4388600
2024-03-08,91.52999877929688,91.54000091552734,91.52999877929688,91.52999877929688,83.02820587158203,4298900
2024-03-11,91.5500030517578,91.5500030517578,91.54000091552734,91.54000091552734,83.03727722167969,5117900
2024-03-12,91.55999755859376,91.56999969482422,91.55999755859376,91.56999969482422,83.06450653076172,4136600
2024-03-13,91.58000183105467,91.58000183105467,91.56999969482422,91.56999969482422,83.06450653076172,4478400
2024-03-14,91.61000061035156,91.62000274658205,91.61000061035156,91.61000061035156,83.10076904296875,4603000
2024-03-15,91.62999725341795,91.62999725341795,91.62000274658205,91.62999725341795,83.11890411376953,4445600
2024-03-18,91.63999938964844,91.63999938964844,91.62999725341795,91.63999938964844,83.12799072265625,5594400
2024-03-19,91.6500015258789,91.66000366210938,91.6500015258789,91.66000366210938,83.14612579345703,5681900
2024-03-20,91.66000366210938,91.66999816894533,91.66000366210938,91.66999816894533,83.15520477294922,4398200
2024-03-21,91.6999969482422,91.70999908447266,91.6999969482422,91.6999969482422,83.18240356445312,7534900
2024-03-22,91.70999908447266,91.72000122070312,91.70999908447266,91.70999908447266,83.19149780273438,4686400
2024-03-25,91.73999786376952,91.73999786376952,91.7300033569336,91.7300033569336,83.20964813232422,4050000
2024-03-26,91.73999786376952,91.75,91.73999786376952,91.73999786376952,83.21868896484375,4276000
2024-03-27,91.79000091552734,91.8000030517578,91.79000091552734,91.8000030517578,83.27312469482422,5350700
2024-03-28,91.8000030517578,91.80999755859376,91.8000030517578,91.8000030517578,83.27312469482422,10199200
2024-04-01,91.41999816894533,91.43000030517578,91.41999816894533,91.41999816894533,83.2958984375,14208200
2024-04-02,91.44000244140624,91.44000244140624,91.43000030517578,91.44000244140624,83.31413269042969,8902500
2024-04-03,91.4499969482422,91.4499969482422,91.44000244140624,91.44000244140624,83.31413269042969,8433900
2024-04-04,91.4800033569336,91.48999786376952,91.4800033569336,91.4800033569336,83.3505859375,6620400
2024-04-05,91.5,91.5,91.48999786376952,91.5,83.3687744140625,5463200
2024-04-08,91.5199966430664,91.5199966430664,91.51000213623048,91.51000213623048,83.3779296875,4983800
2024-04-09,91.5199966430664,91.52999877929688,91.5199966430664,91.5199966430664,83.38700866699219,5562500
2024-04-10,91.52999877929688,91.54000091552734,91.52999877929688,91.54000091552734,83.40523529052734,4799700
2024-04-11,91.56999969482422,91.58000183105467,91.56999969482422,91.56999969482422,83.43258666992188,5081500
2024-04-12,91.58000183105467,91.58999633789062,91.58000183105467,91.58000183105467,83.44169616699219,7030200
2024-04-15,91.58999633789062,91.5999984741211,91.58999633789062,91.5999984741211,83.45991516113281,7376700
2024-04-16,91.62000274658205,91.62000274658205,91.61000061035156,91.61000061035156,83.46902465820312,8427000
2024-04-17,91.62999725341795,91.62999725341795,91.62000274658205,91.62000274658205,83.47813415527344,10975300
2024-04-18,91.66000366210938,91.66999816894533,91.66000366210938,91.66999816894533,83.52369689941406,7379200
2024-04-19,91.68000030517578,91.68000030517578,91.66999816894533,91.68000030517578,83.53279876708984,6855100
2024-04-22,91.6999969482422,91.6999969482422,91.69000244140624,91.6999969482422,83.55101013183594,6628400
2024-04-23,91.70999908447266,91.70999908447266,91.6999969482422,91.70999908447266,83.56014251708984,5991900
2024-04-24,91.70999908447266,91.72000122070312,91.70999908447266,91.70999908447266,83.56014251708984,7103500
2024-04-25,91.76000213623048,91.76000213623048,91.75,91.76000213623048,83.60569763183594,5351100
2024-04-26,91.7699966430664,91.7699966430664,91.76000213623048,91.76000213623048,83.60569763183594,6842800
2024-04-29,91.77999877929688,91.79000091552734,91.77999877929688,91.77999877929688,83.6239013671875,7880000
2024-04-30,91.79000091552734,91.8000030517578,91.79000091552734,91.79000091552734,83.6330337524414,13723600
2024-05-01,91.43000030517578,91.43000030517578,91.41999816894533,91.41999816894533,83.64949035644531,13814700
2024-05-02,91.47000122070312,91.47000122070312,91.45999908447266,91.47000122070312,83.69523620605469,8928200
2024-05-03,91.4800033569336,91.4800033569336,91.47000122070312,91.4800033569336,83.70441436767578,7417900
2024-05-06,91.48999786376952,91.48999786376952,91.4800033569336,91.4800033569336,83.70441436767578,8051000
2024-05-07,91.5,91.5,91.48999786376952,91.48999786376952,83.71353912353516,5471700
2024-05-08,91.51000213623048,91.5199966430664,91.51000213623048,91.51000213623048,83.73186492919922,4992500
2024-05-09,91.5500030517578,91.55999755859376,91.5500030517578,91.55999755859376,83.7776107788086,5300400
2024-05-10,91.55999755859376,91.56999969482422,91.55999755859376,91.55999755859376,83.7776107788086,4157600
2024-05-13,91.56999969482422,91.58000183105467,91.56999969482422,91.58000183105467,83.79591369628906,4583700
2024-05-14,91.5999984741211,91.5999984741211,91.58999633789062,91.58999633789062,83.80504608154297,6834400
2024-05-15,91.61000061035156,91.61000061035156,91.5999984741211,91.5999984741211,83.81419372558594,6416100
2024-05-16,91.6500015258789,91.6500015258789,91.63999938964844,91.63999938964844,83.85079193115234,8627400
2024-05-17,91.66000366210938,91.66000366210938,91.6500015258789,91.6500015258789,83.85993957519531,4260500
2024-05-20,91.66999816894533,91.68000030517578,91.66999816894533,91.66999816894533,83.87825775146484,4460500
2024-05-21,91.69000244140624,91.69000244140624,91.68000030517578,91.68000030517578,83.88739776611328,3358400
2024-05-22,91.6999969482422,91.70999908447266,91.69000244140624,91.6999969482422,83.90567779541016,5629600
2024-05-23,91.75,91.76000213623048,91.75,91.76000213623048,83.96060943603516,5210000
2024-05-24,91.76000213623048,91.7699966430664,91.76000213623048,91.7699966430664,83.96974182128906,4187400
2024-05-28,91.76000213623048,91.7699966430664,91.76000213623048,91.76000213623048,83.96060943603516,4940900
2024-05-29,91.7699966430664,91.77999877929688,91.7699966430664,91.77999877929688,83.97889709472656,4961200
2024-05-30,91.79000091552734,91.8000030517578,91.79000091552734,91.8000030517578,83.9972152709961,5711700
2024-05-31,91.81999969482422,91.83000183105467,91.81999969482422,91.81999969482422,84.01549530029297,12454800
2024-06-03,91.4499969482422,91.4499969482422,91.43000030517578,91.43000030517578,84.029296875,15275200
2024-06-04,91.4499969482422,91.45999908447266,91.44000244140624,91.4499969482422,84.04766845703125,8302300
2024-06-05,91.47000122070312,91.47000122070312,91.45999908447266,91.45999908447266,84.05684661865234,8099300
2024-06-06,91.4800033569336,91.4800033569336,91.47000122070312,91.47000122070312,84.06602478027344,4720800
2024-06-07,91.51000213623048,91.5199966430664,91.51000213623048,91.51000213623048,84.1028060913086,5032600
2024-06-10,91.5199966430664,91.52999877929688,91.5199966430664,91.52999877929688,84.1211929321289,4087500
2024-06-11,91.5500030517578,91.5500030517578,91.54000091552734,91.54000091552734,84.13037872314453,4831700
2024-06-12,91.55999755859376,91.55999755859376,91.5500030517578,91.55999755859376,84.14875793457031,6373600
2024-06-13,91.58000183105467,91.58000183105467,91.56999969482422,91.56999969482422,84.157958984375,5132600
2024-06-14,91.5999984741211,91.62000274658205,91.5999984741211,91.62000274658205,84.20391082763672,5226500
2024-06-17,91.62999725341795,91.62999725341795,91.62000274658205,91.62999725341795,84.21308898925781,5347500
2024-06-18,91.63999938964844,91.6500015258789,91.63999938964844,91.6500015258789,84.23148345947266,6273200
2024-06-20,91.66000366210938,91.66999816894533,91.66000366210938,91.66999816894533,84.24986267089844,5238800
2024-06-21,91.6999969482422,91.70999908447266,91.6999969482422,91.6999969482422,84.27742004394531,5343800
2024-06-24,91.72000122070312,91.72000122070312,91.70999908447266,91.72000122070312,84.29582214355469,5280400
2024-06-25,91.7300033569336,91.73999786376952,91.72000122070312,91.72000122070312,84.29582214355469,3518000
2024-06-26,91.7300033569336,91.73999786376952,91.7300033569336,91.7300033569336,84.30500030517578,4098100
2024-06-27,91.75,91.76000213623048,91.75,91.75,84.32337951660156,4487200
2024-06-28,91.77999877929688,91.79000091552734,91.77999877929688,91.77999877929688,84.35094451904297,10410800
2024-07-01,91.41999816894533,91.41999816894533,91.41000366210938,91.41999816894533,84.38047790527344,11882700
2024-07-02,91.43000030517578,91.43000030517578,91.41999816894533,91.43000030517578,84.38971710205078,8228100
2024-07-03,91.45999908447266,91.45999908447266,91.4499969482422,91.45999908447266,84.41740417480469,4240100
2024-07-05,91.5,91.5,91.48999786376952,91.48999786376952,84.44510650634766,4316500
2024-07-08,91.5,91.5199966430664,91.5,91.51000213623048,84.46353912353516,4748100
2024-07-09,91.5199966430664,91.52999877929688,91.51000213623048,91.51000213623048,84.46353912353516,4311500
2024-07-10,91.54000091552734,91.54000091552734,91.5199966430664,91.52999877929688,84.48200988769531,4653500
2024-07-11,91.54000091552734,91.5500030517578,91.54000091552734,91.54000091552734,84.49124145507812,5960300
2024-07-12,91.58000183105467,91.58999633789062,91.58000183105467,91.58000183105467,84.52816772460938,5872000
2024-07-15,91.58999633789062,91.5999984741211,91.58999633789062,91.5999984741211,84.546630859375,6130500
2024-07-16,91.61000061035156,91.61000061035156,91.5999984741211,91.5999984741211,84.546630859375,5457000
2024-07-17,91.62000274658205,91.62999725341795,91.61000061035156,91.62999725341795,84.57433319091797,7883400
2024-07-18,91.62999725341795,91.63999938964844,91.62000274658205,91.63999938964844,84.58354187011719,5746000
2024-07-19,91.68000030517578,91.68000030517578,91.66999816894533,91.66999816894533,84.61122131347656,4604900
2024-07-22,91.68000030517578,91.69000244140624,91.68000030517578,91.69000244140624,84.62969207763672,6777700
2024-07-23,91.69000244140624,91.70999908447266,91.69000244140624,91.69000244140624,84.62969207763672,8687900
2024-07-24,91.72000122070312,91.72000122070312,91.70999908447266,91.72000122070312,84.65738677978516,5548000
2024-07-25,91.72000122070312,91.7300033569336,91.72000122070312,91.72000122070312,84.65738677978516,5926500
2024-07-26,91.7699966430664,91.7699966430664,91.75,91.7699966430664,84.70353698730469,4299300
2024-07-29,91.77999877929688,91.77999877929688,91.7699966430664,91.7699966430664,84.70353698730469,4097400
2024-07-30,91.79000091552734,91.79000091552734,91.77999877929688,91.77999877929688,84.71276092529297,6748000
2024-07-31,91.79000091552734,91.8000030517578,91.79000091552734,91.8000030517578,84.73123931884766,12395000
2024-08-01,91.41000366210938,91.41999816894533,91.41000366210938,91.41999816894533,84.75161743164062,18244900
2024-08-02,91.45999908447266,91.47000122070312,91.4499969482422,91.47000122070312,84.79796600341797,14492000
2024-08-05,91.47000122070312,91.4800033569336,91.47000122070312,91.47000122070312,84.79796600341797,21054200
2024-08-06,91.4800033569336,91.48999786376952,91.4800033569336,91.48999786376952,84.81651306152344,9774300
2024-08-07,91.5,91.51000213623048,91.48999786376952,91.51000213623048,84.83503723144531,14277100
2024-08-08,91.51000213623048,91.5199966430664,91.51000213623048,91.5199966430664,84.84434509277344,6946000
2024-08-09,91.54000091552734,91.5500030517578,91.54000091552734,91.54000091552734,84.86286163330078,7714500
2024-08-12,91.5500030517578,91.56999969482422,91.5500030517578,91.56999969482422,84.89069366455078,6167100
2024-08-13,91.56999969482422,91.58000183105467,91.56999969482422,91.58000183105467,84.89995574951172,7486700
2024-08-14,91.58000183105467,91.5999984741211,91.58000183105467,91.58999633789062,84.90921783447266,5103800
2024-08-15,91.5999984741211,91.61000061035156,91.58999633789062,91.5999984741211,84.91850280761719,6865000
2024-08-16,91.62999725341795,91.6500015258789,91.62999725341795,91.6500015258789,84.96485137939453,8828900
2024-08-19,91.66000366210938,91.66000366210938,91.6500015258789,91.6500015258789,84.96485137939453,5960000
2024-08-20,91.66000366210938,91.66999816894533,91.66000366210938,91.66999816894533,84.98338317871094,5868900
2024-08-21,91.69000244140624,91.69000244140624,91.68000030517578,91.69000244140624,85.00192260742188,4315700
2024-08-22,91.69000244140624,91.6999969482422,91.69000244140624,91.69000244140624,85.00192260742188,5644000
2024-08-23,91.7300033569336,91.73999786376952,91.7300033569336,91.7300033569336,85.03902435302734,6458000
2024-08-26,91.73999786376952,91.75,91.73999786376952,91.73999786376952,85.04827880859375,6712300
2024-08-27,91.76000213623048,91.76000213623048,91.75,91.76000213623048,85.06682586669922,6549600
2024-08-28,91.7699966430664,91.7699966430664,91.76000213623048,91.7699966430664,85.07609558105469,6373600
2024-08-29,91.77999877929688,91.79000091552734,91.7699966430664,91.7699966430664,85.07609558105469,4766800
2024-08-30,91.83000183105467,91.83000183105467,91.81999969482422,91.81999969482422,85.12245178222656,12422200
2024-09-03,91.4499969482422,91.45999908447266,91.44000244140624,91.45999908447266,85.15596008300781,18003300
2024-09-04,91.47000122070312,91.47000122070312,91.45999908447266,91.47000122070312,85.16526794433594,6427400
2024-09-05,91.4800033569336,91.48999786376952,91.47000122070312,91.4800033569336,85.17459869384766,7293000
2024-09-06,91.52999877929688,91.52999877929688,91.5199966430664,91.52999877929688,85.22114562988281,7105200
2024-09-09,91.54000091552734,91.54000091552734,91.52999877929688,91.52999877929688,85.22114562988281,5391800
2024-09-10,91.54000091552734,91.55999755859376,91.54000091552734,91.55999755859376,85.24905395507812,4815300
2024-09-11,91.55999755859376,91.56999969482422,91.55999755859376,91.55999755859376,85.24905395507812,7429500
2024-09-12,91.56999969482422,91.58000183105467,91.56999969482422,91.56999969482422,85.25838470458984,5170200
2024-09-13,91.61000061035156,91.62000274658205,91.61000061035156,91.62000274658205,85.30494689941406,8183500
2024-09-16,91.62999725341795,91.63999938964844,91.62999725341795,91.63999938964844,85.32355499267578,6037400
2024-09-17,91.66000366210938,91.66000366210938,91.6500015258789,91.6500015258789,85.33287811279297,9658200
2024-09-18,91.66000366210938,91.68000030517578,91.66000366210938,91.66999816894533,85.35149383544922,7621200
2024-09-19,91.68000030517578,91.69000244140624,91.68000030517578,91.69000244140624,85.37010955810547,8001100
2024-09-20,91.72000122070312,91.7300033569336,91.72000122070312,91.7300033569336,85.40736389160156,6438700
2024-09-23,91.73999786376952,91.73999786376952,91.7300033569336,91.73999786376952,85.41665649414062,6998800
2024-09-24,91.75,91.76000213623048,91.75,91.75,85.42599487304688,11580200
2024-09-25,91.76000213623048,91.7699966430664,91.76000213623048,91.7699966430664,85.44459533691406,5875800
2024-09-26,91.7699966430664,91.77999877929688,91.7699966430664,91.7699966430664,85.44459533691406,4937700
2024-09-27,91.8000030517578,91.80999755859376,91.8000030517578,91.8000030517578,85.47252655029297,8616700
2024-09-30,91.80999755859376,91.81999969482422,91.80999755859376,91.80999755859376,85.4818344116211,11327400
2024-10-01,91.45999908447266,91.45999908447266,91.4499969482422,91.45999908447266,85.50146484375,13695700
2024-10-02,91.47000122070312,91.47000122070312,91.45999908447266,91.47000122070312,85.51081085205078,7391800
2024-10-03,91.4800033569336,91.48999786376952,91.4800033569336,91.48999786376952,85.5295181274414,5394900
2024-10-04,91.5199966430664,91.5199966430664,91.51000213623048,91.51000213623048,85.54823303222656,6208000
2024-10-07,91.5199966430664,91.52999877929688,91.5199966430664,91.52999877929688,85.5669174194336,6735500
2024-10-08,91.54000091552734,91.54000091552734,91.52999877929688,91.52999877929688,85.5669174194336,5266500
2024-10-09,91.54000091552734,91.5500030517578,91.54000091552734,91.54000091552734,85.57626342773438,6200800
2024-10-10,91.55999755859376,91.55999755859376,91.5500030517578,91.5500030517578,85.58562469482422,4717800
2024-10-11,91.5999984741211,91.5999984741211,91.58999633789062,91.5999984741211,85.63236236572266,6011000
2024-10-14,91.5999984741211,91.61000061035156,91.58999633789062,91.58999633789062,85.62298583984375,4174900
2024-10-15,91.61000061035156,91.62000274658205,91.5999984741211,91.62000274658205,85.65106201171875,5906400
2024-10-16,91.62999725341795,91.62999725341795,91.62000274658205,91.62000274658205,85.65106201171875,5757300
2024-10-17,91.63999938964844,91.63999938964844,91.62999725341795,91.63999938964844,85.66974639892578,4395800
2024-10-18,91.68000030517578,91.68000030517578,91.66000366210938,91.66999816894533,85.69779205322266,5286800
2024-10-21,91.68000030517578,91.69000244140624,91.66999816894533,91.69000244140624,85.71648406982422,5874700
2024-10-22,91.6999969482422,91.6999969482422,91.69000244140624,91.6999969482422,85.725830078125,4191500
2024-10-23,91.70999908447266,91.70999908447266,91.6999969482422,91.6999969482422,85.725830078125,5462300
2024-10-24,91.72000122070312,91.72000122070312,91.70999908447266,91.70999908447266,85.73519134521484,4689000
2024-10-25,91.73999786376952,91.75,91.73999786376952,91.75,85.77259826660156,6048400
2024-10-28,91.76000213623048,91.76000213623048,91.75,91.75,85.77259826660156,5718600
2024-10-29,91.7699966430664,91.77999877929688,91.76000213623048,91.7699966430664,85.79127502441406,4704800
2024-10-30,91.77999877929688,91.79000091552734,91.77999877929688,91.77999877929688,85.80062866210938,4965800
2024-10-31,91.79000091552734,91.8000030517578,91.79000091552734,91.8000030517578,85.81932067871094,12141700
2024-11-01,91.4800033569336,91.4800033569336,91.47000122070312,91.4800033569336,85.85592651367188,15201500
2024-11-04,91.5,91.5,91.48999786376952,91.5,85.87467193603516,9477100
2024-11-05,91.5,91.51000213623048,91.5,91.5,85.87467193603516,4689500
2024-11-06,91.51000213623048,91.5199966430664,91.51000213623048,91.5199966430664,85.89347076416016,9978200
2024-11-07,91.5199966430664,91.52999877929688,91.5199966430664,91.52999877929688,85.90286254882812,7827900
2024-11-08,91.56999969482422,91.58000183105467,91.55999755859376,91.58000183105467,85.94976806640625,8280900
2024-11-11,91.56999969482422,91.58000183105467,91.56999969482422,91.56999969482422,85.9404067993164,8165700
2024-11-12,91.58000183105467,91.58999633789062,91.58000183105467,91.58000183105467,85.94976806640625,5526300
2024-11-13,91.58999633789062,91.5999984741211,91.58999633789062,91.5999984741211,85.96854400634766,4860500
2024-11-14,91.61000061035156,91.61000061035156,91.5999984741211,91.5999984741211,85.96854400634766,6138400
2024-11-15,91.63999938964844,91.63999938964844,91.62999725341795,91.62999725341795,85.9967041015625,9715700
2024-11-18,91.6500015258789,91.66000366210938,91.63999938964844,91.63999938964844,86.00608825683594,7387900
2024-11-19,91.66000366210938,91.66999816894533,91.6500015258789,91.66999816894533,86.03423309326172,7470700
2024-11-20,91.66999816894533,91.68000030517578,91.66999816894533,91.68000030517578,86.04363250732422,5538200
2024-11-21,91.69000244140624,91.69000244140624,91.68000030517578,91.69000244140624,86.0530014038086,5889700
2024-11-22,91.70999908447266,91.72000122070312,91.70999908447266,91.72000122070312,86.08116912841797,6694300
2024-11-25,91.72000122070312,91.7300033569336,91.72000122070312,91.7300033569336,86.09056854248047,5107700
2024-11-26,91.7300033569336,91.73999786376952,91.7300033569336,91.7300033569336,86.09056854248047,6692000
2024-11-27,91.75,91.76000213623048,91.75,91.76000213623048,86.11871337890625,6120700
2024-11-29,91.77999877929688,91.8000030517578,91.77999877929688,91.77999877929688,86.13745880126953,9410500
2024-12-02,91.47000122070312,91.47000122070312,91.45999908447266,91.47000122070312,86.1610336303711,12973900
2024-12-03,91.4800033569336,91.48999786376952,91.4800033569336,91.48999786376952,86.17987060546875,5673500
2024-12-04,91.51000213623048,91.51000213623048,91.5,91.5,86.18927764892578,5963400
2024-12-05,91.5199966430664,91.5199966430664,91.51000213623048,91.51000213623048,86.1987075805664,5880200
2024-12-06,91.5500030517578,91.5500030517578,91.54000091552734,91.5500030517578,86.23637390136719,5706600
2024-12-09,91.55999755859376,91.56999969482422,91.55999755859376,91.55999755859376,86.24581146240234,8793100
2024-12-10,91.56999969482422,91.58000183105467,91.56999969482422,91.58000183105467,86.26463317871094,5400300
2024-12-11,91.58000183105467,91.58999633789062,91.58000183105467,91.58999633789062,86.27407836914062,5845900
2024-12-12,91.5999984741211,91.61000061035156,91.5999984741211,91.61000061035156,86.29290008544922,4770200
2024-12-13,91.63999938964844,91.63999938964844,91.62999725341795,91.63999938964844,86.3211441040039,6271900
2024-12-16,91.6500015258789,91.6500015258789,91.63999938964844,91.6500015258789,86.33058166503906,6761700
2024-12-17,91.66000366210938,91.66000366210938,91.6500015258789,91.66000366210938,86.34000396728516,5827400
2024-12-18,91.66000366210938,91.66999816894533,91.66000366210938,91.66000366210938,86.34000396728516,9268200
2024-12-19,91.3000030517578,91.3000030517578,91.29000091552734,91.29000091552734,86.352294921875,13876400
2024-12-20,91.31999969482422,91.33000183105467,91.31999969482422,91.33000183105467,86.39013671875,12690000
2024-12-23,91.33000183105467,91.33999633789062,91.33000183105467,91.33000183105467,86.39013671875,6572800
2024-12-24,91.3499984741211,91.36000061035156,91.3499984741211,91.3499984741211,86.40904998779297,4145600
2024-12-26,91.37000274658205,91.37000274658205,91.36000061035156,91.37000274658205,86.42796325683594,6192000
2024-12-27,91.41000366210938,91.41000366210938,91.4000015258789,91.41000366210938,86.46580505371094,6143500
2024-12-30,91.41000366210938,91.41999816894533,91.41000366210938,91.41000366210938,86.46580505371094,8990100
2024-12-31,91.44000244140624,91.44000244140624,91.43000030517578,91.43000030517578,86.4847183227539,7301500
2025-01-02,91.4499969482422,91.4499969482422,91.44000244140624,91.4499969482422,86.5036392211914,10756900
2025-01-03,91.4800033569336,91.4800033569336,91.45999908447266,91.45999908447266,86.51309204101562,7837900
2025-01-06,91.47000122070312,91.4800033569336,91.47000122070312,91.47000122070312,86.5225601196289,7827100
2025-01-07,91.48999786376952,91.5,91.4800033569336,91.48999786376952,86.5414810180664,6956800
2025-01-08,91.51000213623048,91.51000213623048,91.5,91.51000213623048,86.5604019165039,6673100
2025-01-10,91.5500030517578,91.5500030517578,91.54000091552734,91.54000091552734,86.58877563476562,10112200
2025-01-13,91.5500030517578,91.55999755859376,91.5500030517578,91.5500030517578,86.59823608398438,7854400
2025-01-14,91.55999755859376,91.56999969482422,91.55999755859376,91.56999969482422,86.6171646118164,6078300
2025-01-15,91.58000183105467,91.58000183105467,91.56999969482422,91.58000183105467,86.62660217285156,7253800
2025-01-16,91.58999633789062,91.58999633789062,91.58000183105467,91.58000183105467,86.62660217285156,6997800
2025-01-17,91.62000274658205,91.62999725341795,91.62000274658205,91.62999725341795,86.67390441894531,7745500
2025-01-21,91.62999725341795,91.63999938964844,91.62999725341795,91.62999725341795,86.67390441894531,10266200
2025-01-22,91.63999938964844,91.6500015258789,91.63999938964844,91.6500015258789,86.69284057617188,6019200
2025-01-23,91.66000366210938,91.66000366210938,91.6500015258789,91.6500015258789,86.69284057617188,6561500
2025-01-24,91.69000244140624,91.69000244140624,91.68000030517578,91.69000244140624,86.73066711425781,7242200
2025-01-27,91.69000244140624,91.6999969482422,91.69000244140624,91.6999969482422,86.7401123046875,7909600
2025-01-28,91.70999908447266,91.70999908447266,91.6999969482422,91.6999969482422,86.7401123046875,6485500
2025-01-29,91.72000122070312,91.72000122070312,91.70999908447266,91.70999908447266,86.74958801269531,5688800
2025-01-30,91.7300033569336,91.7300033569336,91.72000122070312,91.72000122070312,86.75904846191406,7369900
2025-01-31,91.75,91.76000213623048,91.75,91.75,86.78740692138672,13634400
2025-02-03,91.4499969482422,91.4499969482422,91.44000244140624,91.4499969482422,86.81208038330078,17508900
2025-02-04,91.45999908447266,91.45999908447266,91.4499969482422,91.4499969482422,86.81208038330078,9295900
2025-02-05,91.45999908447266,91.47000122070312,91.45999908447266,91.45999908447266,86.82160186767578,6249600
2025-02-06,91.4800033569336,91.4800033569336,91.47000122070312,91.4800033569336,86.84058380126953,8308300
2025-02-07,91.51000213623048,91.51000213623048,91.5,91.5,86.85955810546875,6391100
2025-02-10,91.5199966430664,91.5199966430664,91.51000213623048,91.51000213623048,86.86904907226562,5466500
2025-02-11,91.5199966430664,91.52999877929688,91.5199966430664,91.5199966430664,86.87855529785156,6959400
2025-02-12,91.52999877929688,91.54000091552734,91.52999877929688,91.52999877929688,86.88803100585938,6275700
2025-02-13,91.5500030517578,91.5500030517578,91.54000091552734,91.5500030517578,86.90703582763672,6340500
2025-02-14,91.58000183105467,91.58999633789062,91.58000183105467,91.58000183105467,86.93550109863281,6058900
2025-02-18,91.58999633789062,91.5999984741211,91.58999633789062,91.5999984741211,86.95448303222656,8777200
2025-02-19,91.61000061035156,91.61000061035156,91.5999984741211,91.61000061035156,86.9639892578125,5685800
2025-02-20,91.62000274658205,91.62999725341795,91.62000274658205,91.62999725341795,86.98297119140625,5454900
2025-02-21,91.6500015258789,91.66000366210938,91.6500015258789,91.66000366210938,87.01144409179688,7185900
2025-02-24,91.66999816894533,91.66999816894533,91.66000366210938,91.66999816894533,87.02093505859375,9061400
2025-02-25,91.68000030517578,91.68000030517578,91.66999816894533,91.66999816894533,87.02093505859375,8348300
2025-02-26,91.69000244140624,91.69000244140624,91.68000030517578,91.69000244140624,87.0399398803711,8610600
2025-02-27,91.6999969482422,91.6999969482422,91.69000244140624,91.6999969482422,87.0494155883789,6620600
2025-02-28,91.72000122070312,91.7300033569336,91.72000122070312,91.72000122070312,87.06842041015625,13721500
2025-03-03,91.4499969482422,91.4499969482422,91.44000244140624,91.4499969482422,87.08647918701172,17874400
2025-03-04,91.45999908447266,91.45999908447266,91.4499969482422,91.4499969482422,87.08647918701172,12187400
2025-03-05,91.45999908447266,91.47000122070312,91.45999908447266,91.45999908447266,87.09603118896484,11850800
2025-03-06,91.4800033569336,91.4800033569336,91.47000122070312,91.47000122070312,87.10554504394531,10301700
2025-03-07,91.5,91.51000213623048,91.5,91.51000213623048,87.14363098144531,10375700
2025-03-10,91.51000213623048,91.5199966430664,91.51000213623048,91.5199966430664,87.15316772460938,29759000
2025-03-11,91.5199966430664,91.52999877929688,91.5199966430664,91.52999877929688,87.16267395019531,19163000
2025-03-12,91.54000091552734,91.54000091552734,91.52999877929688,91.54000091552734,87.17221069335938,20095800
2025-03-13,91.54000091552734,91.55999755859376,91.54000091552734,91.55999755859376,87.19123840332031,14549100
2025-03-14,91.58000183105467,91.58999633789062,91.58000183105467,91.58000183105467,87.21028900146484,15909000
2025-03-17,91.5999984741211,91.5999984741211,91.58999633789062,91.5999984741211,87.22933197021484,9386400
2025-03-18,91.5999984741211,91.61000061035156,91.5999984741211,91.5999984741211,87.22933197021484,8773100
2025-03-19,91.61000061035156,91.62000274658205,91.61000061035156,91.61000061035156,87.2388687133789,8833200
2025-03-20,91.62000274658205,91.62999725341795,91.62000274658205,91.62999725341795,87.2579116821289,8491000
2025-03-21,91.66000366210938,91.66000366210938,91.6500015258789,91.66000366210938,87.2864761352539,6544300
2025-03-24,91.66999816894533,91.66999816894533,91.66000366210938,91.66000366210938,87.2864761352539,8056300
2025-03-25,91.66999816894533,91.68000030517578,91.66999816894533,91.66999816894533,87.2959976196289,18837100
2025-03-26,91.69000244140624,91.69000244140624,91.68000030517578,91.68000030517578,87.30553436279297,7171300
2025-03-27,91.69000244140624,91.6999969482422,91.69000244140624,91.6999969482422,87.3245620727539,8399300
2025-03-28,91.72000122070312,91.7300033569336,91.72000122070312,91.7300033569336,87.35313415527344,10052200
2025-03-31,91.7300033569336,91.73999786376952,91.7300033569336,91.7300033569336,87.35313415527344,22045800
2025-04-01,91.43000030517578,91.43000030517578,91.41999816894533,91.43000030517578,87.37320709228516,19110200
2025-04-02,91.43000030517578,91.44000244140624,91.43000030517578,91.44000244140624,87.38278198242188,9035500
2025-04-03,91.4499969482422,91.4499969482422,91.44000244140624,91.4499969482422,87.39230346679688,24029500
2025-04-04,91.4800033569336,91.48999786376952,91.47000122070312,91.4800033569336,87.42098236083984,33920200
2025-04-07,91.5,91.5,91.4800033569336,91.48999786376952,87.4305419921875,37206000
2025-04-08,91.48999786376952,91.5199966430664,91.48999786376952,91.51000213623048,87.44966125488281,21800900
2025-04-09,91.5,91.51000213623048,91.5,91.51000213623048,87.44966125488281,22907000
2025-04-10,91.51000213623048,91.5199966430664,91.51000213623048,91.5199966430664,87.459228515625,23678100
2025-04-11,91.5500030517578,91.55999755859376,91.54000091552734,91.55999755859376,87.4974365234375,34807600
2025-04-14,91.55999755859376,91.55999755859376,91.5500030517578,91.55999755859376,87.4974365234375,18027100
2025-04-15,91.56999969482422,91.58000183105467,91.55999755859376,91.58000183105467,87.51654815673828,10082100
2025-04-16,91.58000183105467,91.58999633789062,91.58000183105467,91.58999633789062,87.5261001586914,12016200
2025-04-17,91.62999725341795,91.63999938964844,91.62000274658205,91.62999725341795,87.56433868408203,8243800
2025-04-21,91.62999725341795,91.63999938964844,91.62999725341795,91.63999938964844,87.5738754272461,10032200
2025-04-22,91.63999938964844,91.6500015258789,91.63999938964844,91.63999938964844,87.5738754272461,9201200
2025-04-23,91.66000366210938,91.66000366210938,91.6500015258789,91.66000366210938,87.59300231933594,8478500
2025-04-24,91.66000366210938,91.66999816894533,91.66000366210938,91.66000366210938,87.59300231933594,20381700
2025-04-25,91.69000244140624,91.6999969482422,91.69000244140624,91.6999969482422,87.6312255859375,11894100
2025-04-28,91.6999969482422,91.70999908447266,91.6999969482422,91.70999908447266,87.64077758789062,9934400
2025-04-29,91.70999908447266,91.72000122070312,91.70999908447266,91.70999908447266,87.64077758789062,19478900
2025-04-30,91.72000122070312,91.7300033569336,91.72000122070312,91.72000122070312,87.65033721923828,17498400
2025-05-01,91.43000030517578,91.43000030517578,91.41999816894533,91.43000030517578,87.67142486572266,15747600
2025-05-02,91.4499969482422,91.45999908447266,91.4499969482422,91.45999908447266,87.70020294189453,14267400
2025-05-05,91.47000122070312,91.47000122070312,91.45999908447266,91.45999908447266,87.70020294189453,26580800
2025-05-06,91.47000122070312,91.4800033569336,91.47000122070312,91.4800033569336,87.71939086914062,8429300
2025-05-07,91.4800033569336,91.48999786376952,91.4800033569336,91.4800033569336,87.71939086914062,6212900
2025-05-08,91.48999786376952,91.5,91.48999786376952,91.5,87.73855590820312,9354600
2025-05-09,91.52999877929688,91.52999877929688,91.5199966430664,91.52999877929688,87.76732635498047,9062400
2025-05-12,91.52999877929688,91.54000091552734,91.52999877929688,91.52999877929688,87.76732635498047,14492000
2025-05-13,91.5500030517578,91.5500030517578,91.54000091552734,91.5500030517578,87.7864990234375,23455700
2025-05-14,91.5500030517578,91.55999755859376,91.5500030517578,91.5500030517578,87.7864990234375,9141900
2025-05-15,91.56999969482422,91.56999969482422,91.55999755859376,91.55999755859376,87.79608917236328,6657100
2025-05-16,91.5999984741211,91.5999984741211,91.58999633789062,91.5999984741211,87.8344497680664,8756000
2025-05-19,91.5999984741211,91.61000061035156,91.5999984741211,91.5999984741211,87.8344497680664,7618200
2025-05-20,91.61000061035156,91.62000274658205,91.61000061035156,91.62000274658205,87.85363006591797,7925400
2025-05-21,91.62999725341795,91.63999938964844,91.62999725341795,91.62999725341795,87.86321258544922,12007400
2025-05-22,91.63999938964844,91.6500015258789,91.63999938964844,91.6500015258789,87.88238525390625,7876500
2025-05-23,91.68000030517578,91.69000244140624,91.68000030517578,91.69000244140624,87.9207534790039,14805900
2025-05-27,91.69000244140624,91.6999969482422,91.69000244140624,91.69000244140624,87.9207534790039,8996500
2025-05-28,91.6999969482422,91.70999908447266,91.6999969482422,91.6999969482422,87.9303207397461,9887600
2025-05-29,91.70999908447266,91.72000122070312,91.70999908447266,91.70999908447266,87.9399185180664,7477700
2025-05-30,91.73999786376952,91.75,91.73999786376952,91.73999786376952,87.96868133544922,19202100
2025-06-02,91.4499969482422,91.4499969482422,91.44000244140624,91.44000244140624,87.98408508300781,17013900
2025-06-03,91.4499969482422,91.45999908447266,91.4499969482422,91.45999908447266,88.00333404541016,8454700
2025-06-04,91.45999908447266,91.47000122070312,91.45999908447266,91.45999908447266,88.00333404541016,14872200
2025-06-05,91.47000122070312,91.4800033569336,91.47000122070312,91.47000122070312,88.01294708251953,7780200
2025-06-06,91.5,91.51000213623048,91.5,91.5,88.04181671142578,7582100
2025-06-09,91.51000213623048,91.5199966430664,91.51000213623048,91.5199966430664,88.0610580444336,8128000
2025-06-10,91.5199966430664,91.52999877929688,91.5199966430664,91.52999877929688,88.07068634033203,9514600
2025-06-11,91.52999877929688,91.54000091552734,91.52999877929688,91.52999877929688,88.07068634033203,7435700
2025-06-12,91.54000091552734,91.5500030517578,91.54000091552734,91.54000091552734,88.08030700683594,5315900
2025-06-13,91.58000183105467,91.58000183105467,91.56999969482422,91.58000183105467,88.11878204345703,6221300
2025-06-16,91.58999633789062,91.58999633789062,91.58000183105467,91.58000183105467,88.11878204345703,8456900
2025-06-17,91.58999633789062,91.5999984741211,91.58999633789062,91.5999984741211,88.1380386352539,5518300
2025-06-18,91.61000061035156,91.62000274658205,91.61000061035156,91.62000274658205,88.15728759765625,5063800
2025-06-20,91.6500015258789,91.6500015258789,91.63999938964844,91.63999938964844,88.17652130126953,6516900
2025-06-23,91.6500015258789,91.66000366210938,91.6500015258789,91.66000366210938,88.19577026367188,6474200
2025-06-24,91.66000366210938,91.66999816894533,91.66000366210938,91.66000366210938,88.19577026367188,16266600
2025-06-25,91.68000030517578,91.68000030517578,91.66999816894533,91.66999816894533,88.20538330078125,7119500
2025-06-26,91.68000030517578,91.69000244140624,91.68000030517578,91.68000030517578,88.21501159667969,7976100
2025-06-27,91.72000122070312,91.7300033569336,91.72000122070312,91.72000122070312,88.25349426269531,6878900
2025-06-30,91.73999786376952,91.73999786376952,91.7300033569336,91.7300033569336,88.26311492919922,16763400
2025-07-01,91.44000244140624,91.44000244140624,91.43000030517578,91.44000244140624,88.27857971191406,18374200
2025-07-02,91.4499969482422,91.4499969482422,91.44000244140624,91.4499969482422,88.28822326660156,6569200
2025-07-03,91.48999786376952,91.51000213623048,91.48999786376952,91.5,88.33647918701172,4860800
2025-07-07,91.5,91.51000213623048,91.5,91.51000213623048,88.34613800048828,11518400
2025-07-08,91.51000213623048,91.5199966430664,91.51000213623048,91.51000213623048,88.34613800048828,10532400
2025-07-09,91.5199966430664,91.52999877929688,91.5199966430664,91.5199966430664,88.3558120727539,10322900
2025-07-10,91.52999877929688,91.54000091552734,91.52999877929688,91.54000091552734,88.37511444091797,9514400
2025-07-11,91.55999755859376,91.56999969482422,91.55999755859376,91.55999755859376,88.39442443847656,5713900
2025-07-14,91.58000183105467,91.58000183105467,91.56999969482422,91.56999969482422,88.4040756225586,6587100
2025-07-15,91.58000183105467,91.58999633789062,91.58000183105467,91.58000183105467,88.41373443603516,6166500
2025-07-16,91.58999633789062,91.5999984741211,91.58999633789062,91.5999984741211,88.43303680419922,6745200
2025-07-17,91.61000061035156,91.61000061035156,91.5999984741211,91.5999984741211,88.43303680419922,6559900
2025-07-18,91.62999725341795,91.6500015258789,91.62999725341795,91.63999938964844,88.47164154052734,6681400
2025-07-21,91.66000366210938,91.66000366210938,91.6500015258789,91.66000366210938,88.49097442626953,6678700
2025-07-22,91.66999816894533,91.66999816894533,91.66000366210938,91.66999816894533,88.50061798095703,4792100
2025-07-23,91.66999816894533,91.68000030517578,91.66999816894533,91.68000030517578,88.51026153564453,6437300
2025-07-24,91.68000030517578,91.69000244140624,91.68000030517578,91.68000030517578,88.51026153564453,4807700
2025-07-25,91.70999908447266,91.72000122070312,91.70999908447266,91.70999908447266,88.53923034667969,5153900
2025-07-28,91.7300033569336,91.7300033569336,91.72000122070312,91.72000122070312,88.54888916015625,6305300
2025-07-29,91.7300033569336,91.73999786376952,91.7300033569336,91.7300033569336,88.55853271484375,7664300
2025-07-30,91.73999786376952,91.75,91.73999786376952,91.73999786376952,88.56820678710938,6895100
2025-07-31,91.75,91.76000213623048,91.75,91.75,88.57785034179688,11795100
2025-08-01,91.47000122070312,91.47000122070312,91.45999908447266,91.47000122070312,88.61563110351562,20144800
2025-08-04,91.4800033569336,91.4800033569336,91.47000122070312,91.4800033569336,88.62532806396484,20328000
2025-08-05,91.48999786376952,91.48999786376952,91.4800033569336,91.4800033569336,88.62532806396484,8588400
2025-08-06,91.5,91.51000213623048,91.48999786376952,91.51000213623048,88.65438079833984,7208800
2025-08-07,91.51000213623048,91.5199966430664,91.51000213623048,91.51000213623048,88.65438079833984,7157900
2025-08-08,91.5500030517578,91.5500030517578,91.54000091552734,91.54000091552734,88.6834487915039,6243500
2025-08-11,91.5500030517578,91.55999755859376,91.5500030517578,91.5500030517578,88.6931381225586,8361400
2025-08-12,91.55999755859376,91.56999969482422,91.55999755859376,91.55999755859376,88.70282745361328,6571900
2025-08-13,91.56999969482422,91.58000183105467,91.56999969482422,91.56999969482422,88.71251678466797,6791500
2025-08-14,91.58999633789062,91.58999633789062,91.58000183105467,91.58000183105467,88.72221374511719,6475800
2025-08-15,91.62000274658205,91.62000274658205,91.61000061035156,91.62000274658205,88.76095581054688,5354600
2025-08-18,91.62000274658205,91.62999725341795,91.62000274658205,91.62000274658205,88.76095581054688,15606200
2025-08-19,91.63999938964844,91.63999938964844,91.62999725341795,91.63999938964844,88.78032684326172,11862700
2025-08-20,91.6500015258789,91.66000366210938,91.6500015258789,91.66000366210938,88.79971313476562,6916000
2025-08-21,91.66000366210938,91.66999816894533,91.66000366210938,91.66000366210938,88.79971313476562,4656000
2025-08-22,91.6999969482422,91.6999969482422,91.69000244140624,91.69000244140624,88.82876586914062,7468100
2025-08-25,91.6999969482422,91.70999908447266,91.6999969482422,91.6999969482422,88.83846282958984,7319800
2025-08-26,91.72000122070312,91.72000122070312,91.70999908447266,91.70999908447266,88.84813690185547,8729600
2025-08-27,91.72000122070312,91.7300033569336,91.72000122070312,91.72000122070312,88.85783386230469,4919400
2025-08-28,91.7300033569336,91.73999786376952,91.7300033569336,91.7300033569336,88.86752319335938,5490300
2025-08-29,91.7699966430664,91.77999877929688,91.7699966430664,91.7699966430664,88.90626525878906,11546500
2025-09-02,91.47000122070312,91.47000122070312,91.45999908447266,91.47000122070312,88.92766571044922,13477100
2025-09-03,91.4800033569336,91.4800033569336,91.47000122070312,91.4800033569336,88.93739318847656,7040700
2025-09-04,91.48999786376952,91.5,91.4800033569336,91.5,88.95681762695312,9180600
2025-09-05,91.5199966430664,91.52999877929688,91.5199966430664,91.52999877929688,88.98599243164062,10223000
2025-09-08,91.54000091552734,91.5500030517578,91.54000091552734,91.54000091552734,88.99571990966797,9201200
2025-09-09,91.5500030517578,91.5500030517578,91.54000091552734,91.5500030517578,89.00543212890625,8740800
2025-09-10,91.5500030517578,91.55999755859376,91.5500030517578,91.55999755859376,89.0151596069336,9027200
2025-09-11,91.56999969482422,91.56999969482422,91.55999755859376,91.56999969482422,89.02488708496094,9714300
2025-09-12,91.58999633789062,91.5999984741211,91.58999633789062,91.5999984741211,89.05403900146484,7154200
2025-09-15,91.5999984741211,91.61000061035156,91.5999984741211,91.61000061035156,89.06378173828125,8876200
2025-09-16,91.62000274658205,91.62999725341795,91.62000274658205,91.62000274658205,89.07349395751953,7036400
2025-09-17,91.62999725341795,91.63999938964844,91.62999725341795,91.62999725341795,89.08321380615234,5395900
2025-09-18,91.6500015258789,91.6500015258789,91.63999938964844,91.63999938964844,89.09292602539062,6032900
2025-09-19,91.68000030517578,91.68000030517578,91.66999816894533,91.68000030517578,89.13182830810547,6689800
2025-09-22,91.68000030517578,91.69000244140624,91.68000030517578,91.69000244140624,89.14154815673828,6255200
2025-09-23,91.69000244140624,91.6999969482422,91.69000244140624,91.69000244140624,89.14154815673828,7854700
2025-09-24,91.6999969482422,91.70999908447266,91.6999969482422,91.70999908447266,89.16098022460938,6711500
2025-09-25,91.70999908447266,91.72000122070312,91.70999908447266,91.70999908447266,89.16098022460938,11455100
2025-09-26,91.73999786376952,91.73999786376952,91.7300033569336,91.73999786376952,89.19014739990234,7888800
2025-09-29,91.73999786376952,91.75,91.73999786376952,91.75,89.19988250732422,6928500
2025-09-30,91.75,91.76000213623048,91.75,91.75,89.19988250732422,14165800
2025-10-01,91.45999908447266,91.45999908447266,91.4499969482422,91.45999908447266,89.22036743164062,15501400
2025-10-02,91.47000122070312,91.47000122070312,91.45999908447266,91.47000122070312,89.23011779785156,7225200
2025-10-03,91.5,91.5,91.48999786376952,91.48999786376952,89.2496337890625,6177600
2025-10-06,91.51000213623048,91.51000213623048,91.5,91.51000213623048,89.26913452148438,7041200
2025-10-07,91.51000213623048,91.5199966430664,91.51000213623048,91.51000213623048,89.26913452148438,7071900
2025-10-08,91.52999877929688,91.52999877929688,91.5199966430664,91.52999877929688,89.28865814208984,7236300
2025-10-09,91.52999877929688,91.54000091552734,91.52999877929688,91.52999877929688,89.28865814208984,9389800
2025-10-10,91.55999755859376,91.56999969482422,91.55999755859376,91.56999969482422,89.32768249511719,14648000
2025-10-13,91.56999969482422,91.58000183105467,91.55999755859376,91.58000183105467,89.3374252319336,13286000
2025-10-14,91.58999633789062,91.58999633789062,91.58000183105467,91.58000183105467,89.3374252319336,8281800
2025-10-15,91.5999984741211,91.5999984741211,91.58999633789062,91.58999633789062,89.34717559814453,11747900
2025-10-16,91.5999984741211,91.5999984741211,91.58999633789062,91.5999984741211,89.35692596435547,7811800
2025-10-17,91.62999725341795,91.62999725341795,91.62000274658205,91.62000274658205,89.37644958496094,10183500
2025-10-20,91.63999938964844,91.63999938964844,91.62999725341795,91.63999938964844,89.39595031738281,8215400
2025-10-21,91.6500015258789,91.6500015258789,91.63999938964844,91.63999938964844,89.39595031738281,6989600
2025-10-22,91.66000366210938,91.66000366210938,91.6500015258789,91.66000366210938,89.41547393798828,13191400
2025-10-23,91.66000366210938,91.66999816894533,91.66000366210938,91.66999816894533,89.42521667480469,7399500
2025-10-24,91.6999969482422,91.6999969482422,91.69000244140624,91.6999969482422,89.45448303222656,8743100
2025-10-27,91.6999969482422,91.70999908447266,91.6999969482422,91.6999969482422,89.45448303222656,11472400
2025-10-28,91.72000122070312,91.72000122070312,91.70999908447266,91.70999908447266,89.46424102783203,13039400
2025-10-29,91.72000122070312,91.73999786376952,91.72000122070312,91.73999786376952,89.4935073852539,13416300
2025-10-30,91.73999786376952,91.75,91.73999786376952,91.73999786376952,89.4935073852539,7897200
2025-10-31,91.76000213623048,91.7699966430664,91.76000213623048,91.76000213623048,89.51302337646484,14371000
2025-11-03,91.47000122070312,91.47000122070312,91.47000122070312,91.47000122070312,89.52574157714844,17922800
2025-11-04,91.4800033569336,91.4800033569336,91.47000122070312,91.4800033569336,89.5355453491211,12162100
2025-11-05,91.5,91.5,91.48999786376952,91.48999786376952,89.54531860351562,7973200
2025-11-06,91.5,91.51000213623048,91.5,91.5,89.55509948730469,15915800
2025-11-07,91.52999877929688,91.54000091552734,91.52999877929688,91.52999877929688,89.58447265625,11525000
2025-11-10,91.5500030517578,91.5500030517578,91.54000091552734,91.5500030517578,89.60404205322266,13043700
2025-11-11,91.5500030517578,91.5500030517578,91.54000091552734,91.54000091552734,89.5942611694336,6181200
2025-11-12,91.5500030517578,91.55999755859376,91.5500030517578,91.5500030517578,89.60404205322266,6371200
2025-11-13,91.55999755859376,91.56999969482422,91.55999755859376,91.55999755859376,89.61383056640625,6625900
2025-11-14,91.5999984741211,91.5999984741211,91.58999633789062,91.5999984741211,89.65296936035156,10192200
2025-11-17,91.5999984741211,91.61000061035156,91.5999984741211,91.5999984741211,89.65296936035156,9767000
2025-11-18,91.62000274658205,91.62000274658205,91.61000061035156,91.62000274658205,89.67256164550781,9642600
2025-11-19,91.62999725341795,91.62999725341795,91.62000274658205,91.62000274658205,89.67256164550781,6206200
2025-11-20,91.62999725341795,91.63999938964844,91.62000274658205,91.63999938964844,89.69212341308594,10933900
2025-11-21,91.66000366210938,91.66000366210938,91.66000366210938,91.66000366210938,89.71171569824219,9431800
2025-11-24,91.66000366210938,91.66999816894533,91.66000366210938,91.66000366210938,89.71171569824219,7347100
2025-11-25,91.68000030517578,91.68000030517578,91.66999816894533,91.68000030517578,89.73127746582031,8992400
2025-11-26,91.6999969482422,91.6999969482422,91.69000244140624,91.69000244140624,89.7410659790039,6749500
2025-11-28,91.72000122070312,91.7300033569336,91.72000122070312,91.72000122070312,89.77042388916016,10775200
2025-12-01,91.45999908447266,91.45999908447266,91.4499969482422,91.4499969482422,89.78123474121094,16856800
2025-12-02,91.47000122070312,91.4800033569336,91.45999908447266,91.4800033569336,89.81068420410156,7403400
2025-12-03,91.4800033569336,91.48999786376952,91.4800033569336,91.48999786376952,89.82050323486328,6530900
2025-12-04,91.5,91.51000213623048,91.5,91.5,89.83030700683594,7236700
2025-12-05,91.52999877929688,91.52999877929688,91.5199966430664,91.5199966430664,89.84994506835938,7308400
2025-12-08,91.52999877929688,91.54000091552734,91.52999877929688,91.52999877929688,89.8597640991211,7579000
2025-12-09,91.5500030517578,91.5500030517578,91.54000091552734,91.5500030517578,89.87940216064453,9285600
2025-12-10,91.5500030517578,91.55999755859376,91.5500030517578,91.5500030517578,89.87940216064453,6974200
2025-12-11,91.55999755859376,91.56999969482422,91.55999755859376,91.55999755859376,89.88922882080078,7144500
2025-12-12,91.5999984741211,91.5999984741211,91.58999633789062,91.5999984741211,89.92848205566406,6040700
2025-12-15,91.5999984741211,91.61000061035156,91.5999984741211,91.5999984741211,89.92848205566406,6058100
2025-12-16,91.61000061035156,91.62000274658205,91.61000061035156,91.61000061035156,89.93830108642578,7212200
2025-12-17,91.62000274658205,91.62999725341795,91.62000274658205,91.62000274658205,89.94812774658203,9641200
2025-12-18,91.2699966430664,91.2699966430664,91.26000213623048,91.2699966430664,89.9629135131836,10277300
2025-12-19,91.29000091552734,91.3000030517578,91.29000091552734,91.3000030517578,89.99247741699219,7581800
2025-12-22,91.3000030517578,91.30999755859376,91.3000030517578,91.3000030517578,89.99247741699219,11026900
2025-12-23,91.30999755859376,91.30999755859376,91.3000030517578,91.3000030517578,89.99247741699219,7111200
2025-12-24,91.33000183105467,91.33000183105467,91.31999969482422,91.33000183105467,90.02205657958984,5073500
2025-12-26,91.3499984741211,91.36000061035156,91.3499984741211,91.36000061035156,90.05162048339844,5588900
2025-12-29,91.36000061035156,91.37000274658205,91.36000061035156,91.36000061035156,90.05162048339844,7988900
2025-12-30,91.37000274658205,91.37999725341795,91.37000274658205,91.37000274658205,90.06148529052734,7852900
2025-12-31,91.38999938964844,91.38999938964844,91.37999725341795,91.37999725341795,90.07133483886719,11225900
2026-01-02,91.41999816894533,91.41999816894533,91.41000366210938,91.41999816894533,90.11075592041016,8517900
2026-01-05,91.41999816894533,91.43000030517578,91.41999816894533,91.41999816894533,90.11075592041016,11770200
2026-01-06,91.43000030517578,91.44000244140624,91.43000030517578,91.43000030517578,90.12063598632812,9135800
2026-01-07,91.44000244140624,91.4499969482422,91.44000244140624,91.4499969482422,90.1403350830078,8767200
2026-01-08,91.4499969482422,91.4499969482422,91.4499969482422,91.4499969482422,90.1403350830078,7116500
2026-01-09,91.47000122070312,91.4800033569336,91.47000122070312,91.47000122070312,90.16004943847656,7776600
2026-01-12,91.4800033569336,91.48999786376952,91.4800033569336,91.4800033569336,90.16991424560548,6189700
2026-01-13,91.48999786376952,91.5,91.48999786376952,91.48999786376952,90.17976379394533,7777400
2026-01-14,91.5,91.5,91.48999786376952,91.5,90.18961334228516,8005900
2026-01-15,91.51000213623048,91.51000213623048,91.5,91.5,90.18961334228516,8938400
2026-01-16,91.54000091552734,91.54000091552734,91.54000091552734,91.54000091552734,90.22905731201172,7648200
2026-01-20,91.5500030517578,91.55999755859376,91.54000091552734,91.54000091552734,90.22905731201172,9335100
2026-01-21,91.55999755859376,91.55999755859376,91.5500030517578,91.5500030517578,90.23890686035156,8153800
2026-01-22,91.56999969482422,91.56999969482422,91.55999755859376,91.55999755859376,90.24876403808594,7679200
2026-01-23,91.58999633789062,91.5999984741211,91.58999633789062,91.58999633789062,90.2783203125,8147700
2026-01-26,91.5999984741211,91.61000061035156,91.58999633789062,91.58999633789062,90.2783203125,10052800
2026-01-27,91.5999984741211,91.61000061035156,91.5999984741211,91.5999984741211,90.2881851196289,8178400
2026-01-28,91.61000061035156,91.62000274658205,91.61000061035156,91.61000061035156,90.29804229736328,6265500
2026-01-29,91.62000274658205,91.62999725341795,91.62000274658205,91.62999725341795,90.3177490234375,10237300
2026-01-30,91.63999938964844,91.6500015258789,91.63999938964844,91.6500015258789,90.33747100830078,14545800
2026-02-02,91.38999938964844,91.38999938964844,91.37999725341795,91.38999938964844,90.351318359375,21391700
2026-02-03,91.38999938964844,91.4000015258789,91.38999938964844,91.38999938964844,90.351318359375,11836100
2026-02-04,91.4000015258789,91.41000366210938,91.4000015258789,91.41000366210938,90.37108612060548,9216600
2026-02-05,91.41000366210938,91.41999816894533,91.41000366210938,91.41000366210938,90.37108612060548,9393900
2026-02-06,91.44000244140624,91.44000244140624,91.44000244140624,91.44000244140624,90.40074920654295,12369800
2026-02-09,91.44000244140624,91.4499969482422,91.44000244140624,91.44000244140624,90.40074920654295,9180300
2026-02-10,91.45999908447266,91.45999908447266,91.4499969482422,91.4499969482422,90.41062927246094,7085300
2026-02-11,91.45999908447266,91.47000122070312,91.45999908447266,91.47000122070312,90.4303970336914,5732300
2026-02-12,91.4800033569336,91.4800033569336,91.47000122070312,91.47000122070312,90.4303970336914,6366300
2026-02-13,91.5,91.51000213623048,91.5,91.51000213623048,90.4699478149414,9832500
2026-02-17,91.5199966430664,91.5199966430664,91.51000213623048,91.5199966430664,90.4798355102539,6710000
2026-02-18,91.5199966430664,91.52999877929688,91.5199966430664,91.52999877929688,90.48971557617188,8752800
2026-02-19,91.52999877929688,91.54000091552734,91.52999877929688,91.52999877929688,90.48971557617188,4941800
2026-02-20,91.56999969482422,91.56999969482422,91.55999755859376,91.55999755859376,90.5193862915039,6518200
2026-02-23,91.56999969482422,91.56999969482422,91.55999755859376,91.55999755859376,90.5193862915039,7714900
2026-02-24,91.58000183105467,91.58000183105467,91.56999969482422,91.58000183105467,90.53915405273438,5476100
2026-02-25,91.58999633789062,91.58999633789062,91.58000183105467,91.58999633789062,90.54903411865234,6009100
2026-02-26,91.58999633789062,91.5999984741211,91.58999633789062,91.5999984741211,90.55892181396484,6447700
2026-02-27,91.62000274658205,91.62999725341795,91.62000274658205,91.62000274658205,90.57870483398438,11530600
2026-03-02,91.38999938964844,91.38999938964844,91.37999725341795,91.38999938964844,90.59159088134766,15489300
2026-03-03,91.4000015258789,91.4000015258789,91.38999938964844,91.4000015258789,90.60150146484376,11602900
2026-03-04,91.41000366210938,91.41000366210938,91.4000015258789,91.41000366210938,90.61141204833984,9932500
2026-03-05,91.41999816894533,91.41999816894533,91.41000366210938,91.41999816894533,90.62132263183594,9249000
2026-03-06,91.4499969482422,91.4499969482422,91.44000244140624,91.44000244140624,90.64115142822266,8733200
2026-03-09,91.45999908447266,91.45999908447266,91.4499969482422,91.4499969482422,90.65106201171876,13422900
2026-03-10,91.45999908447266,91.45999908447266,91.4499969482422,91.45999908447266,90.66097259521484,9226800
2026-03-11,91.45999908447266,91.47000122070312,91.45999908447266,91.45999908447266,90.66097259521484,6613400
2026-03-12,91.47000122070312,91.4800033569336,91.47000122070312,91.4800033569336,90.6808090209961,10138900
2026-03-13,91.51000213623048,91.51000213623048,91.5,91.51000213623048,90.71054077148438,11182000
2026-03-16,91.5199966430664,91.5199966430664,91.51000213623048,91.51000213623048,90.71054077148438,8509100
2026-03-17,91.52999877929688,91.52999877929688,91.5199966430664,91.5199966430664,90.72045135498048,7548300
2026-03-18,91.52999877929688,91.54000091552734,91.52999877929688,91.54000091552734,90.7402801513672,15874000
2026-03-19,91.54000091552734,91.54000091552734,91.52999877929688,91.54000091552734,90.7402801513672,14921000
2026-03-20,91.56999969482422,91.56999969482422,91.55999755859376,91.56999969482422,90.77001190185548,14839100
2026-03-23,91.58000183105467,91.58000183105467,91.56999969482422,91.58000183105467,90.7799301147461,30253900
2026-03-24,91.58000183105467,91.58999633789062,91.58000183105467,91.58999633789062,90.7898406982422,17380200
2026-03-25,91.58999633789062,91.5999984741211,91.58000183105467,91.58000183105467,90.7799301147461,16949500
2026-03-26,91.5999984741211,91.5999984741211,91.58999633789062,91.5999984741211,90.79975128173828,13198900
2026-03-27,91.62000274658205,91.62999725341795,91.62000274658205,91.62999725341795,90.82948303222656,11244000
2026-03-30,91.62999725341795,91.63999938964844,91.62999725341795,91.63999938964844,90.83939361572266,12480000
2026-03-31,91.63999938964844,91.6500015258789,91.63999938964844,91.63999938964844,90.83939361572266,20279800
2026-04-01,91.4000015258789,91.4000015258789,91.38999938964844,91.4000015258789,90.8632583618164,22095200
2026-04-02,91.43000030517578,91.44000244140624,91.41999816894533,91.41999816894533,90.88314056396484,11510300
2026-04-06,91.43000030517578,91.44000244140624,91.43000030517578,91.44000244140624,90.9030303955078,17291500
2026-04-07,91.4499969482422,91.4499969482422,91.44000244140624,91.4499969482422,90.9129638671875,9231600
2026-04-08,91.45999908447266,91.45999908447266,91.4499969482422,91.4499969482422,90.9129638671875,13839400
2026-04-09,91.45999908447266,91.47000122070312,91.45999908447266,91.45999908447266,90.92290496826172,15586500
2026-04-10,91.48999786376952,91.5,91.48999786376952,91.48999786376952,90.95272827148438,10595200
2026-04-13,91.5,91.51000213623048,91.48999786376952,91.48999786376952,90.95272827148438,9906200
2026-04-14,91.5,91.51000213623048,91.5,91.5,90.96267700195312,21667600
2026-04-15,91.51000213623048,91.5199966430664,91.51000213623048,91.51000213623048,90.97261810302734,18583600
2026-04-16,91.5199966430664,91.52999877929688,91.5199966430664,91.5199966430664,90.98255157470705,17779800
2026-04-17,91.5500030517578,91.55999755859376,91.54000091552734,91.5500030517578,91.01238250732422,13604100
2026-04-20,91.55999755859376,91.55999755859376,91.5500030517578,91.55999755859376,91.0223159790039,7961400
2026-04-21,91.56999969482422,91.56999969482422,91.55999755859376,91.56999969482422,91.03226470947266,8177600
2026-04-22,91.56999969482422,91.58000183105467,91.56999969482422,91.56999969482422,91.03226470947266,9669300
2026-04-23,91.58000183105467,91.58999633789062,91.58000183105467,91.58999633789062,91.05213928222656,6741000
2026-04-24,91.62000274658205,91.62000274658205,91.61000061035156,91.61000061035156,91.07202911376952,7270200
2026-04-27,91.62000274658205,91.62999725341795,91.62000274658205,91.62000274658205,91.08197021484376,8616000
2026-04-28,91.62999725341795,91.63999938964844,91.62999725341795,91.62999725341795,91.09190368652344,6500500
2026-04-29,91.63999938964844,91.63999938964844,91.62999725341795,91.62999725341795,91.09190368652344,9227100
2026-04-30,91.63999938964844,91.6500015258789,91.63999938964844,91.63999938964844,91.10184478759766,14975100
2026-05-01,91.41000366210938,91.41000366210938,91.4000015258789,91.4000015258789,91.13176727294922,14126100
2026-05-04,91.41000366210938,91.41999816894533,91.41000366210938,91.41999816894533,91.15170288085938,10297700
2026-05-05,91.43000030517578,91.43000030517578,91.41999816894533,91.43000030517578,91.16167449951172,9783300
2026-05-06,91.41999816894533,91.43000030517578,91.41999816894533,91.41999816894533,91.15170288085938,8293500
2026-05-07,91.44000244140624,91.44000244140624,91.43000030517578,91.44000244140624,91.17164611816406,8040800
2026-05-08,91.45999908447266,91.47000122070312,91.45999908447266,91.45999908447266,91.19158935546876,8043400
2026-05-11,91.4800033569336,91.4800033569336,91.47000122070312,91.4800033569336,91.21153259277344,6150400
2026-05-12,91.48999786376952,91.48999786376952,91.4800033569336,91.48999786376952,91.22149658203124,7332100
2026-05-13,91.48999786376952,91.5,91.48999786376952,91.48999786376952,91.22149658203124,7467300
2026-05-14,91.5,91.51000213623048,91.5,91.51000213623048,91.24143981933594,6764000
2026-05-15,91.52999877929688,91.54000091552734,91.52999877929688,91.52999877929688,91.26138305664062,9441200
2026-05-18,91.54000091552734,91.5500030517578,91.52999877929688,91.52999877929688,91.26138305664062,7274100
2026-05-19,91.5500030517578,91.55999755859376,91.54000091552734,91.5500030517578,91.28132629394533,9718100
2026-05-20,91.55999755859376,91.56999969482422,91.55999755859376,91.56999969482422,91.30126190185548,8725700
2026-05-21,91.58000183105467,91.58000183105467,91.55999755859376,91.56999969482422,91.30126190185548,7791400
2026-05-22,91.5999984741211,91.5999984741211,91.58999633789062,91.58999633789062,91.32120513916016,10871600
2026-05-26,91.5999984741211,91.61000061035156,91.5999984741211,91.61000061035156,91.34114837646484,9903700
2026-05-27,91.62000274658205,91.62000274658205,91.61000061035156,91.62000274658205,91.3511199951172,6672200
2026-05-28,91.62000274658205,91.62999725341795,91.62000274658205,91.62999725341795,91.361083984375,10206000
2026-05-29,91.6500015258789,91.66000366210938,91.63999938964844,91.66000366210938,91.39100646972656,16056500
2026-06-01,91.4000015258789,91.4000015258789,91.38999938964844,91.4000015258789,91.4000015258789,17997300
2026-06-02,91.4000015258789,91.4000015258789,91.38999938964844,91.38999938964844,91.38999938964844,9532600
2026-06-03,91.41000366210938,91.41000366210938,91.4000015258789,91.41000366210938,91.41000366210938,14556600
2026-06-04,91.41999816894533,91.41999816894533,91.41000366210938,91.41000366210938,91.41000366210938,7054600
2026-06-05,91.4499969482422,91.4499969482422,91.44000244140624,91.4499969482422,91.4499969482422,12908000
2026-06-08,91.45999908447266,91.45999908447266,91.4499969482422,91.45999908447266,91.45999908447266,11085900
2026-06-09,91.45999908447266,91.47000122070312,91.45999908447266,91.45999908447266,91.45999908447266,10442600
2026-06-10,91.4800033569336,91.4800033569336,91.47000122070312,91.47000122070312,91.47000122070312,8003200
2026-06-11,91.4800033569336,91.4800033569336,91.47000122070312,91.4800033569336,91.4800033569336,8700900
2026-06-12,91.51000213623048,91.51000213623048,91.5,91.51000213623048,91.51000213623048,18192103
2026-06-15,91.5199966430664,91.5199966430664,91.51000213623048,91.51000213623048,91.51000213623048,11683590
2026-06-16,91.52999877929688,91.52999877929688,91.5199966430664,91.5199966430664,91.5199966430664,10158003
2026-06-17,91.54000091552734,91.54000091552734,91.52999877929688,91.52999877929688,91.52999877929688,8043197
2026-06-18,91.55999755859375,91.56999969482422,91.55999755859375,91.56999969482422,91.56999969482422,7583598
