Date,Open,High,Low,Close,Adj Close,Volume
2007-04-10,75.06999969482422,75.26000213623047,75.0,75.23999786376953,41.08456802368164,35000
2007-04-11,75.16000366210938,75.29000091552734,75.02999877929688,75.04000091552734,40.97537612915039,87700
2007-04-12,75.05999755859375,75.08000183105469,74.95999908447266,75.02999877929688,40.96989440917969,78100
2007-04-13,75.04000091552734,75.06999969482422,74.8499984741211,74.91000366210938,40.90436935424805,18000
2007-04-16,74.98999786376953,74.98999786376953,74.94000244140625,74.9800033569336,40.94261932373047,52700
2007-04-17,75.16000366210938,75.16999816894531,75.0999984741211,75.16999816894531,41.046356201171875,25600
2007-04-18,75.25,75.33000183105469,75.25,75.30999755859375,41.122806549072266,30400
2007-04-19,75.36000061035156,75.36000061035156,75.25,75.27999877929688,41.10643768310547,59700
2007-04-20,75.30000305175781,75.31999969482422,75.20999908447266,75.26000213623047,41.09553909301758,32200
2007-04-23,75.27999877929688,75.43000030517578,75.22000122070312,75.36000061035156,41.150123596191406,43200
2007-04-24,75.38999938964844,75.5,75.13999938964844,75.4800033569336,41.215641021728516,77500
2007-04-25,75.43000030517578,75.55000305175781,75.38999938964844,75.41999816894531,41.18290328979492,264200
2007-04-26,75.37999725341797,75.37999725341797,75.25,75.26000213623047,41.09553909301758,68400
2007-04-27,75.27999877929688,75.29000091552734,75.20999908447266,75.23999786376953,41.08456802368164,44800
2007-04-30,75.41999816894531,75.48999786376953,75.38999938964844,75.48999786376953,41.221092224121094,35900
2007-05-01,75.37000274658203,75.38999938964844,75.20999908447266,75.31999969482422,41.197593688964844,54800
2007-05-02,75.37000274658203,75.41000366210938,75.29000091552734,75.33000183105469,41.20301055908203,28900
2007-05-03,75.33000183105469,75.33000183105469,75.05999755859375,75.27999877929688,41.175724029541016,33800
2007-05-04,75.37999725341797,75.41999816894531,75.30000305175781,75.33999633789062,41.20851135253906,19200
2007-05-07,75.36000061035156,75.5199966430664,75.33999633789062,75.38999938964844,41.23584747314453,135500
2007-05-08,75.4800033569336,75.48999786376953,75.33000183105469,75.4000015258789,41.2413444519043,34000
2007-05-09,75.47000122070312,75.47000122070312,75.29000091552734,75.30999755859375,41.192108154296875,50200
2007-05-10,75.30999755859375,75.37999725341797,75.30999755859375,75.37999725341797,41.23040771484375,42000
2007-05-11,75.47000122070312,75.47000122070312,75.26000213623047,75.27999877929688,41.175724029541016,38200
2007-05-14,75.30000305175781,75.30000305175781,75.18000030517578,75.2300033569336,41.14836120605469,71200
2007-05-15,75.29000091552734,75.30000305175781,75.18000030517578,75.19999694824219,41.131935119628906,31600
2007-05-16,75.19999694824219,75.2699966430664,75.16999816894531,75.2300033569336,41.14836120605469,56600
2007-05-17,75.16000366210938,75.18000030517578,75.08999633789062,75.12000274658203,41.088199615478516,42700
2007-05-18,75.08000183105469,75.08000183105469,74.93000030517578,74.94000244140625,40.9897346496582,62200
2007-05-21,74.94999694824219,75.05000305175781,74.87999725341797,75.04000091552734,41.0444450378418,49400
2007-05-22,75.04000091552734,75.05000305175781,74.88999938964844,74.91999816894531,40.978790283203125,49800
2007-05-23,74.94000244140625,74.95999908447266,74.77999877929688,74.86000061035156,40.94596481323242,47200
2007-05-24,74.83000183105469,74.87000274658203,74.69000244140625,74.8499984741211,40.94049835205078,38600
2007-05-25,74.80999755859375,74.87000274658203,74.80000305175781,74.86000061035156,40.94596481323242,21100
2007-05-29,74.7699966430664,74.80000305175781,74.69000244140625,74.76000213623047,40.891258239746094,27900
2007-05-30,74.87999725341797,74.9000015258789,74.79000091552734,74.83000183105469,40.92955780029297,35200
2007-05-31,74.83000183105469,74.83000183105469,74.66999816894531,74.7699966430664,40.89674377441406,52200
2007-06-01,74.43000030517578,74.43000030517578,74.31999969482422,74.33999633789062,40.80231857299805,84900
2007-06-04,74.38999938964844,74.43000030517578,74.33000183105469,74.41999816894531,40.846256256103516,28500
2007-06-05,74.37000274658203,74.41000366210938,74.25,74.30000305175781,40.7803955078125,37400
2007-06-06,74.2699966430664,74.38999938964844,74.26000213623047,74.37000274658203,40.81877899169922,185900
2007-06-07,74.0999984741211,74.0999984741211,73.73999786376953,73.8499984741211,40.533409118652344,75500
2007-06-08,73.75,73.86000061035156,73.63999938964844,73.83999633789062,40.527931213378906,62700
2007-06-11,73.76000213623047,73.8499984741211,73.70999908447266,73.76000213623047,40.483985900878906,77100
2007-06-12,73.61000061035156,73.61000061035156,73.36000061035156,73.4000015258789,40.28640365600586,405400
2007-06-13,73.41999816894531,73.5999984741211,73.33999633789062,73.56999969482422,40.37972640991211,93800
2007-06-14,73.55000305175781,73.63999938964844,73.47000122070312,73.47000122070312,40.324832916259766,109800
2007-06-15,73.68000030517578,73.83999633789062,73.6500015258789,73.83999633789062,40.527931213378906,108600
2007-06-18,73.83000183105469,73.94000244140625,73.7300033569336,73.76000213623047,40.483985900878906,60300
2007-06-19,74.0199966430664,74.19999694824219,73.94000244140625,74.11000061035156,40.676109313964844,73400
2007-06-20,74.02999877929688,74.04000091552734,73.75,73.75,40.47852325439453,70300
2007-06-21,73.93000030517578,73.94000244140625,73.7300033569336,73.79000091552734,40.50046920776367,38500
2007-06-22,73.7300033569336,74.0,73.69000244140625,73.9000015258789,40.56083297729492,55800
2007-06-25,74.0999984741211,74.18000030517578,73.97000122070312,74.0999984741211,40.670623779296875,85500
2007-06-26,74.13999938964844,74.18000030517578,74.02999877929688,74.06999969482422,40.65415954589844,163100
2007-06-27,74.2699966430664,74.2699966430664,74.0999984741211,74.12999725341797,40.687076568603516,212000
2007-06-28,74.16000366210938,74.16000366210938,73.94000244140625,74.02999877929688,40.63218688964844,74300
2007-06-29,74.16000366210938,74.27999877929688,74.12999725341797,74.27999877929688,40.76937484741211,389200
2007-07-02,74.0999984741211,74.25,73.9800033569336,74.2300033569336,40.87017059326172,74900
2007-07-03,74.2699966430664,74.33000183105469,74.05999755859375,74.08000183105469,40.78757095336914,21900
2007-07-05,73.93000030517578,73.93000030517578,73.75,73.77999877929688,40.622371673583984,43100
2007-07-06,73.68000030517578,73.69000244140625,73.58999633789062,73.62999725341797,40.53981399536133,55400
2007-07-09,73.72000122070312,73.73999786376953,73.6500015258789,73.70999908447266,40.58384704589844,34900
2007-07-10,73.95999908447266,74.08999633789062,73.88999938964844,74.08999633789062,40.793052673339844,110400
2007-07-11,74.05000305175781,74.08999633789062,73.81999969482422,73.91000366210938,40.69401168823242,37300
2007-07-12,74.02999877929688,74.02999877929688,73.70999908447266,73.80999755859375,40.638946533203125,28100
2007-07-13,73.9000015258789,73.9800033569336,73.7300033569336,73.93000030517578,40.704986572265625,86400
2007-07-16,73.91000366210938,74.13999938964844,73.91000366210938,74.12999725341797,40.815101623535156,66700
2007-07-17,74.05999755859375,74.08999633789062,73.88999938964844,74.04000091552734,40.76552963256836,37500
2007-07-18,74.08999633789062,74.25,74.0199966430664,74.16000366210938,40.83162307739258,51500
2007-07-19,74.0199966430664,74.12999725341797,73.9800033569336,74.12999725341797,40.815101623535156,23500
2007-07-20,74.22000122070312,74.41999816894531,74.22000122070312,74.33999633789062,40.93073272705078,46300
2007-07-23,74.29000091552734,74.33000183105469,74.16999816894531,74.31999969482422,40.91969299316406,36700
2007-07-24,74.37999725341797,74.38999938964844,74.25,74.3499984741211,40.93623733520508,31400
2007-07-25,74.4000015258789,74.45999908447266,74.37000274658203,74.41999816894531,40.97477722167969,24900
2007-07-26,74.6500015258789,74.70999908447266,74.48999786376953,74.70999908447266,41.134437561035156,51500
2007-07-27,74.5999984741211,74.69999694824219,74.51000213623047,74.6500015258789,41.10141372680664,45700
2007-07-30,74.58000183105469,74.70999908447266,74.5199966430664,74.58000183105469,41.06288528442383,33600
2007-07-31,74.5,74.7300033569336,74.33999633789062,74.7300033569336,41.14546203613281,24300
2007-08-01,74.45999908447266,74.48999786376953,74.26000213623047,74.38999938964844,41.12554931640625,32600
2007-08-02,74.41000366210938,74.54000091552734,74.2300033569336,74.5199966430664,41.197410583496094,40600
2007-08-03,74.61000061035156,74.80000305175781,74.58000183105469,74.7699966430664,41.33559799194336,118800
2007-08-06,74.80000305175781,74.80000305175781,74.48999786376953,74.55999755859375,41.219539642333984,34100
2007-08-07,74.62999725341797,74.70999908447266,74.4000015258789,74.5999984741211,41.24163818359375,41700
2007-08-08,74.43000030517578,74.47000122070312,74.2300033569336,74.36000061035156,41.108970642089844,40900
2007-08-09,74.62000274658203,74.69999694824219,74.33000183105469,74.52999877929688,41.20291519165039,44900
2007-08-10,74.69000244140625,74.69000244140625,74.30999755859375,74.38999938964844,41.12554931640625,33900
2007-08-13,74.26000213623047,74.5199966430664,74.25,74.45999908447266,41.16421890258789,354100
2007-08-14,74.41000366210938,74.6500015258789,74.37000274658203,74.63999938964844,41.26377487182617,38900
2007-08-15,74.72000122070312,74.72000122070312,74.30999755859375,74.6500015258789,41.26930618286133,33600
2007-08-16,74.68000030517578,74.94999694824219,74.5199966430664,74.63999938964844,41.26377487182617,43100
2007-08-17,74.75,74.88999938964844,74.69000244140625,74.87000274658203,41.39091873168945,37300
2007-08-20,74.97000122070312,75.06999969482422,74.69999694824219,74.70999908447266,41.30243682861328,66500
2007-08-21,75.13999938964844,75.16000366210938,74.97000122070312,74.97000122070312,41.446205139160156,24900
2007-08-22,74.9000015258789,75.05000305175781,74.86000061035156,74.97000122070312,41.446205139160156,38900
2007-08-23,74.91999816894531,75.06999969482422,74.88999938964844,74.97000122070312,41.446205139160156,46600
2007-08-24,75.02999877929688,75.06999969482422,74.88999938964844,75.04000091552734,41.48490524291992,54300
2007-08-27,74.93000030517578,75.30999755859375,74.93000030517578,75.30999755859375,41.63414764404297,82200
2007-08-28,75.36000061035156,75.55000305175781,75.33999633789062,75.5199966430664,41.7502555847168,55400
2007-08-29,75.44000244140625,75.5199966430664,75.27999877929688,75.3499984741211,41.656272888183594,92200
2007-08-30,75.47000122070312,75.5199966430664,75.41000366210938,75.4800033569336,41.72814178466797,44500
2007-08-31,75.29000091552734,90.91000366210938,75.29000091552734,75.52999877929688,41.75579071044922,23600
2007-09-04,75.29000091552734,75.31999969482422,75.05000305175781,75.19000244140625,41.73025894165039,85500
2007-09-05,75.33999633789062,75.48999786376953,75.2300033569336,75.4800033569336,41.8912239074707,56800
2007-09-06,75.44000244140625,75.47000122070312,75.2699966430664,75.33999633789062,41.813514709472656,46500
2007-09-07,75.77999877929688,75.87000274658203,75.56999969482422,75.80999755859375,42.074363708496094,45700
2007-09-10,75.94999694824219,76.13999938964844,75.9000015258789,76.02999877929688,42.196468353271484,94800
2007-09-11,75.97000122070312,76.0199966430664,75.8499984741211,75.8499984741211,42.09656524658203,36400
2007-09-12,75.83000183105469,75.83000183105469,75.69999694824219,75.7300033569336,42.02995681762695,73900
2007-09-13,75.5999984741211,75.62999725341797,75.47000122070312,75.54000091552734,41.92451095581055,77800
2007-09-14,75.83999633789062,75.83999633789062,75.44000244140625,75.55000305175781,41.93006134033203,45800
2007-09-17,75.58000183105469,75.61000061035156,75.44999694824219,75.61000061035156,41.963356018066406,39300
2007-09-18,75.58000183105469,75.91999816894531,75.44999694824219,75.81999969482422,42.07989501953125,74700
2007-09-19,75.80000305175781,75.80000305175781,75.58999633789062,75.69999694824219,42.01331329345703,93600
2007-09-20,75.55000305175781,75.58000183105469,75.13999938964844,75.16000366210938,41.713623046875,112700
2007-09-21,75.37000274658203,75.4800033569336,75.22000122070312,75.4800033569336,41.8912239074707,233800
2007-09-24,75.4000015258789,75.45999908447266,75.3499984741211,75.43000030517578,41.86346435546875,121500
2007-09-25,75.68000030517578,75.70999908447266,75.45999908447266,75.4800033569336,41.8912239074707,77500
2007-09-26,75.37999725341797,75.56999969482422,75.33999633789062,75.5,41.90232849121094,173600
2007-09-27,75.5,75.69000244140625,75.48999786376953,75.66000366210938,41.99112319946289,36300
2007-09-28,75.87000274658203,75.87000274658203,75.55999755859375,75.69000244140625,42.00775146484375,129200
2007-10-01,75.27999877929688,75.47000122070312,75.27999877929688,75.36000061035156,41.98158645629883,246000
2007-10-02,75.47000122070312,75.62999725341797,75.38999938964844,75.62999725341797,42.13200378417969,214300
2007-10-03,75.68000030517578,75.69000244140625,75.44999694824219,75.58999633789062,42.109676361083984,99300
2007-10-04,75.56999969482422,75.66999816894531,75.5,75.66999816894531,42.15425491333008,70200
2007-10-05,75.4000015258789,75.43000030517578,75.25,75.3499984741211,41.97603225708008,80500
2007-10-08,75.54000091552734,75.5999984741211,75.37999725341797,75.56999969482422,42.09856033325195,43600
2007-10-09,75.4000015258789,75.44999694824219,75.2699966430664,75.31999969482422,41.959312438964844,67200
2007-10-10,75.33000183105469,75.45999908447266,75.29000091552734,75.4000015258789,42.00388717651367,69900
2007-10-11,75.25,75.4800033569336,75.20999908447266,75.47000122070312,42.042877197265625,125100
2007-10-12,75.31999969482422,75.4800033569336,75.29000091552734,75.3499984741211,41.97603225708008,61200
2007-10-15,75.26000213623047,75.5,75.23999786376953,75.29000091552734,41.942569732666016,394500
2007-10-16,75.43000030517578,75.45999908447266,75.37000274658203,75.44999694824219,42.03173828125,107100
2007-10-17,75.52999877929688,75.83000183105469,75.44999694824219,75.83000183105469,42.24341583251953,90200
2007-10-18,75.88999938964844,75.94999694824219,75.8499984741211,75.93000030517578,42.29911804199219,92000
2007-10-19,76.05999755859375,76.29000091552734,76.04000091552734,76.29000091552734,42.49968719482422,117300
2007-10-22,76.19999694824219,76.2699966430664,76.12999725341797,76.23999786376953,42.47180938720703,90200
2007-10-23,76.16000366210938,76.30000305175781,76.13999938964844,76.22000122070312,42.46065139770508,84800
2007-10-24,76.43000030517578,76.61000061035156,76.37999725341797,76.5199966430664,42.62776565551758,207300
2007-10-25,76.5,76.55000305175781,76.4000015258789,76.45999908447266,42.594329833984375,88600
2007-10-26,76.31999969482422,76.47000122070312,76.22000122070312,76.3499984741211,42.533084869384766,154300
2007-10-29,76.29000091552734,76.4000015258789,76.25,76.36000061035156,42.53861999511719,54500
2007-10-30,76.33000183105469,76.37999725341797,76.27999877929688,76.37999725341797,42.549800872802734,86800
2007-10-31,76.2699966430664,76.3499984741211,76.0,76.0999984741211,42.39382553100586,116100
2007-11-01,75.94000244140625,76.26000213623047,75.94000244140625,76.25,42.63705825805664,141200
2007-11-02,76.08999633789062,76.41000366210938,76.08999633789062,76.33999633789062,42.68736267089844,105800
2007-11-05,76.43000030517578,76.43000030517578,76.05000305175781,76.12000274658203,42.5643424987793,63500
2007-11-06,76.19999694824219,76.19999694824219,75.94999694824219,76.0,42.49728012084961,55800
2007-11-07,76.22000122070312,76.22000122070312,75.94000244140625,76.11000061035156,42.55876541137695,88700
2007-11-08,76.33999633789062,76.33999633789062,76.11000061035156,76.19999694824219,42.60906982421875,552500
2007-11-09,76.51000213623047,76.51000213623047,76.1500015258789,76.30000305175781,42.66501998901367,36000
2007-11-12,76.0,76.47000122070312,76.0,76.47000122070312,42.76006317138672,47700
2007-11-13,76.31999969482422,76.3499984741211,76.19000244140625,76.23999786376953,42.6314582824707,66900
2007-11-14,76.16999816894531,76.23999786376953,76.08000183105469,76.23999786376953,42.6314582824707,66100
2007-11-15,76.36000061035156,76.5199966430664,76.2699966430664,76.51000213623047,42.782447814941406,94400
2007-11-16,76.5,76.58000183105469,76.44000244140625,76.4800033569336,42.765663146972656,99500
2007-11-19,76.44999694824219,76.86000061035156,76.44999694824219,76.69999694824219,42.88869094848633,144100
2007-11-20,76.80000305175781,76.80000305175781,76.4800033569336,76.52999877929688,42.79365539550781,89500
2007-11-21,76.83999633789062,77.01000213623047,76.7300033569336,77.0,43.056427001953125,49300
2007-11-23,76.9000015258789,76.9000015258789,76.68000030517578,76.8499984741211,42.972572326660156,15000
2007-11-26,77.54000091552734,77.54000091552734,76.69000244140625,77.44999694824219,43.30806350708008,171100
2007-11-27,77.19999694824219,77.5,76.80999755859375,77.04000091552734,43.07878494262695,60000
2007-11-28,77.04000091552734,77.05000305175781,76.81999969482422,76.95999908447266,43.03404998779297,73100
2007-11-29,77.31999969482422,77.38999938964844,71.36000061035156,77.30000305175781,43.22419738769531,119500
2007-11-30,76.9800033569336,77.3499984741211,76.9800033569336,77.30000305175781,43.22419738769531,107300
2007-12-03,77.25,77.37000274658203,77.16000366210938,77.37000274658203,43.43584442138672,78700
2007-12-04,77.43000030517578,77.43000030517578,77.11000061035156,77.33000183105469,43.41340255737305,89300
2007-12-05,77.1500015258789,77.30999755859375,77.08999633789062,77.16000366210938,43.31793212890625,74500
2007-12-06,76.88999938964844,77.06999969482422,76.73999786376953,76.76000213623047,43.0933723449707,75500
2007-12-07,76.5,76.76000213623047,76.33000183105469,76.51000213623047,42.95302963256836,135500
2007-12-10,76.55000305175781,76.58000183105469,76.2300033569336,76.37000274658203,42.874427795410156,84600
2007-12-11,76.63999938964844,76.94999694824219,76.37000274658203,76.87999725341797,43.16073226928711,97200
2007-12-12,76.43000030517578,76.83000183105469,76.37000274658203,76.7300033569336,43.0765380859375,133600
2007-12-13,76.44999694824219,76.55000305175781,76.26000213623047,76.33999633789062,42.857582092285156,62300
2007-12-14,76.1500015258789,76.30999755859375,76.08999633789062,76.16999816894531,42.76216506958008,265300
2007-12-17,76.30000305175781,76.48999786376953,76.2699966430664,76.48999786376953,42.94178771972656,144700
2007-12-18,76.33000183105469,76.7300033569336,76.33000183105469,76.66999816894531,43.042850494384766,72000
2007-12-19,76.83000183105469,77.06999969482422,76.5,76.98999786376953,43.22248840332031,105900
2007-12-20,77.12999725341797,77.16000366210938,76.9000015258789,77.0,43.22809982299805,54800
2007-12-21,77.04000091552734,77.04000091552734,76.44000244140625,76.48999786376953,42.94178771972656,3511900
2007-12-24,76.33999633789062,76.36000061035156,76.19000244140625,76.2699966430664,42.964908599853516,91000
2007-12-26,76.23999786376953,76.33000183105469,76.0,76.04000091552734,42.835350036621094,130800
2007-12-27,76.36000061035156,76.66000366210938,76.08000183105469,76.33999633789062,43.004329681396484,100700
2007-12-28,76.6500015258789,76.75,76.4000015258789,76.72000122070312,43.218387603759766,99000
2007-12-31,76.91999816894531,77.37999725341797,76.80000305175781,77.37999725341797,43.59012985229492,140500
2008-01-02,78.26000213623047,78.26000213623047,76.91000366210938,77.36000061035156,43.578948974609375,2723300
2008-01-03,78.05000305175781,78.05000305175781,77.12999725341797,77.45999908447266,43.635276794433594,281400
2008-01-04,77.73999786376953,77.73999786376953,77.4800033569336,77.55000305175781,43.68598556518555,231100
2008-01-07,77.69999694824219,77.69999694824219,77.37000274658203,77.56999969482422,43.69723892211914,186300
2008-01-08,77.88999938964844,77.88999938964844,77.36000061035156,77.6500015258789,43.74227523803711,144000
2008-01-09,77.4000015258789,77.81999969482422,77.4000015258789,77.55999755859375,43.69158172607422,195500
2008-01-10,77.80000305175781,77.80000305175781,77.36000061035156,77.52999877929688,43.67470169067383,77400
2008-01-11,78.26000213623047,78.26000213623047,77.56999969482422,77.7699966430664,43.80989074707031,139200
2008-01-14,77.95999908447266,77.95999908447266,77.70999908447266,77.87000274658203,43.86623001098633,171500
2008-01-15,78.18000030517578,78.18000030517578,77.70999908447266,78.1500015258789,44.02392578125,204800
2008-01-16,77.91999816894531,78.20999908447266,77.9000015258789,78.0,43.939456939697266,173700
2008-01-17,77.94000244140625,78.31999969482422,77.94000244140625,78.31999969482422,44.11970901489258,131700
2008-01-18,78.01000213623047,78.41000366210938,78.01000213623047,78.27999877929688,44.09716796875,100500
2008-01-22,78.61000061035156,78.7699966430664,78.25,78.7699966430664,44.37322998046875,205700
2008-01-23,79.26000213623047,79.3499984741211,78.43000030517578,78.63999938964844,44.299949645996094,263500
2008-01-24,78.37999725341797,78.52999877929688,78.0,78.12999725341797,44.01268768310547,136200
2008-01-25,77.70999908447266,78.6500015258789,77.58999633789062,78.6500015258789,44.30561065673828,168800
2008-01-28,78.51000213623047,78.51000213623047,78.22000122070312,78.37000274658203,44.14786911010742,172100
2008-01-29,78.05000305175781,78.31999969482422,78.04000091552734,78.26000213623047,44.08591079711914,107600
2008-01-30,78.01000213623047,78.41999816894531,78.0,78.29000091552734,44.102813720703125,121500
2008-01-31,78.61000061035156,78.62999725341797,78.29000091552734,78.3499984741211,44.13662338256836,120800
2008-02-01,78.44000244140625,78.5,78.1500015258789,78.30999755859375,44.28362274169922,126500
2008-02-04,78.19999694824219,78.19999694824219,77.86000061035156,78.02999877929688,44.12534713745117,181700
2008-02-05,78.19999694824219,78.37999725341797,78.05000305175781,78.23999786376953,44.24404525756836,143400
2008-02-06,78.01000213623047,78.25,78.01000213623047,78.08000183105469,44.15361022949219,149000
2008-02-07,78.1500015258789,78.16000366210938,77.45999908447266,77.5999984741211,43.88214111328125,135100
2008-02-08,77.80000305175781,77.91000366210938,77.66000366210938,77.83000183105469,44.01219177246094,88000
2008-02-11,77.94999694824219,78.08000183105469,77.83999633789062,78.0,44.10834884643555,93500
2008-02-12,77.83000183105469,77.91000366210938,77.52999877929688,77.87000274658203,44.03486633300781,113000
2008-02-13,77.69999694824219,77.81999969482422,77.44999694824219,77.44999694824219,43.79732131958008,123500
2008-02-14,77.30000305175781,77.37000274658203,76.98999786376953,77.08999633789062,43.59373474121094,144900
2008-02-15,77.43000030517578,77.43000030517578,77.05000305175781,77.20999908447266,43.66162109375,161000
2008-02-19,77.33000183105469,77.33000183105469,76.5,76.5,43.26010513305664,602700
2008-02-20,76.38999938964844,76.7699966430664,76.38999938964844,76.55999755859375,43.294044494628906,197000
2008-02-21,76.9800033569336,77.33000183105469,76.79000091552734,77.19999694824219,43.655948638916016,205100
2008-02-22,77.18000030517578,77.41999816894531,76.9800033569336,77.01000213623047,43.54848861694336,175400
2008-02-25,76.80000305175781,76.94999694824219,76.52999877929688,76.62999725341797,43.333614349365234,180900
2008-02-26,76.70999908447266,77.02999877929688,76.6500015258789,76.91999816894531,43.49757385253906,271500
2008-02-27,77.20999908447266,77.20999908447266,76.91000366210938,77.05999755859375,43.576759338378906,221900
2008-02-28,77.33999633789062,77.69000244140625,77.33999633789062,77.62999725341797,43.899112701416016,146900
2008-02-29,77.7699966430664,78.27999877929688,77.7699966430664,78.12000274658203,44.176204681396484,163100
2008-03-03,77.5999984741211,77.86000061035156,77.45999908447266,77.63999938964844,44.06892776489258,117300
2008-03-04,77.61000061035156,77.62999725341797,77.12999725341797,77.2699966430664,43.85889434814453,229800
2008-03-05,77.29000091552734,77.33000183105469,76.75,76.7699966430664,43.575111389160156,158900
2008-03-06,76.94999694824219,76.95999908447266,76.66999816894531,76.70999908447266,43.54104995727539,187600
2008-03-07,76.94000244140625,77.12999725341797,76.5,76.91999816894531,43.660247802734375,142800
2008-03-10,77.0999984741211,77.23999786376953,76.87999725341797,77.1500015258789,43.79079818725586,71100
2008-03-11,76.91999816894531,76.93000030517578,76.51000213623047,76.70999908447266,43.54104995727539,85900
2008-03-12,76.72000122070312,77.43000030517578,76.72000122070312,77.41999816894531,43.94407272338867,66200
2008-03-13,77.18000030517578,77.43000030517578,76.83999633789062,77.08000183105469,43.751068115234375,207000
2008-03-14,77.36000061035156,77.9000015258789,77.23999786376953,77.41000366210938,43.938358306884766,119900
2008-03-17,77.62999725341797,78.05999755859375,77.0,77.66999816894531,44.08596420288086,83700
2008-03-18,79.83000183105469,79.83000183105469,77.58999633789062,77.73999786376953,44.125694274902344,86200
2008-03-19,77.91000366210938,78.1500015258789,77.7300033569336,77.80000305175781,44.15974044799805,144700
2008-03-20,78.33999633789062,78.33999633789062,77.66999816894531,78.01000213623047,44.278926849365234,77400
2008-03-24,79.01000213623047,79.01000213623047,77.43000030517578,77.58000183105469,44.034881591796875,300600
2008-03-25,78.3499984741211,78.3499984741211,77.5,77.7300033569336,44.120025634765625,134900
2008-03-26,78.2699966430664,78.2699966430664,77.63999938964844,77.80000305175781,44.15974044799805,117400
2008-03-27,77.55000305175781,77.93000030517578,77.55000305175781,77.80999755859375,44.16544723510742,86600
2008-03-28,78.6500015258789,78.6500015258789,77.69999694824219,77.87000274658203,44.199485778808594,78900
2008-03-31,78.37999725341797,78.37999725341797,77.66000366210938,78.13999938964844,44.352745056152344,101600
2008-04-01,77.76000213623047,78.23999786376953,76.69999694824219,77.02999877929688,43.891761779785156,1952300
2008-04-02,77.01000213623047,77.25,76.77999877929688,76.93000030517578,43.834747314453125,170100
2008-04-03,77.16000366210938,77.30000305175781,76.83999633789062,76.9000015258789,43.81767654418945,279000
2008-04-04,77.69999694824219,77.69999694824219,77.2699966430664,77.61000061035156,44.222251892089844,294600
2008-04-07,77.52999877929688,77.52999877929688,77.05000305175781,77.30999755859375,44.051307678222656,105600
2008-04-08,77.5,77.5,77.18000030517578,77.3499984741211,44.07405090332031,97200
2008-04-09,77.5199966430664,77.72000122070312,77.33999633789062,77.6500015258789,44.245033264160156,78500
2008-04-10,77.66999816894531,77.72000122070312,77.30000305175781,77.41999816894531,44.1140022277832,118100
2008-04-11,77.45999908447266,77.87000274658203,77.45999908447266,77.87000274658203,44.37039566040039,174500
2008-04-14,78.13999938964844,78.13999938964844,77.52999877929688,77.61000061035156,44.222251892089844,116900
2008-04-15,77.55000305175781,77.55000305175781,77.22000122070312,77.3499984741211,44.07405090332031,154000
2008-04-16,77.69999694824219,77.69999694824219,76.80999755859375,76.94000244140625,43.840476989746094,284500
2008-04-17,77.0999984741211,77.0999984741211,76.5999984741211,76.87000274658203,43.800575256347656,396200
2008-04-18,76.7699966430664,77.05999755859375,76.44999694824219,76.93000030517578,43.834747314453125,253000
2008-04-21,76.97000122070312,77.16000366210938,76.80000305175781,77.05999755859375,43.90885543823242,106100
2008-04-22,77.0999984741211,77.2699966430664,77.05999755859375,77.2300033569336,44.005699157714844,111400
2008-04-23,77.1500015258789,77.20999908447266,76.91999816894531,77.16000366210938,43.96583938598633,118600
2008-04-24,76.80000305175781,76.94999694824219,76.54000091552734,76.83000183105469,43.777809143066406,126000
2008-04-25,76.66999816894531,76.7699966430664,76.54000091552734,76.7300033569336,43.720802307128906,134300
2008-04-28,76.76000213623047,77.0,76.6500015258789,77.0,43.874656677246094,129600
2008-04-29,77.16999816894531,77.20999908447266,76.94999694824219,76.94999694824219,43.8461799621582,212900
2008-04-30,77.19000244140625,77.56999969482422,76.95999908447266,77.56999969482422,44.199459075927734,193000
2008-05-01,77.37000274658203,77.4000015258789,76.94000244140625,77.27999877929688,44.20634078979492,341900
2008-05-02,77.01000213623047,77.30000305175781,76.7699966430664,77.08999633789062,44.097625732421875,280500
2008-05-05,77.31999969482422,77.31999969482422,77.04000091552734,77.23999786376953,44.18344497680664,154400
2008-05-06,77.37999725341797,77.38999938964844,76.83999633789062,76.95999908447266,44.02326202392578,132800
2008-05-07,76.94999694824219,77.20999908447266,76.8499984741211,77.06999969482422,44.0861930847168,265900
2008-05-08,77.30000305175781,77.5,77.19999694824219,77.44999694824219,44.3035774230957,97900
2008-05-09,77.58000183105469,77.62000274658203,77.27999877929688,77.4000015258789,44.274967193603516,106300
2008-05-12,77.38999938964844,77.51000213623047,77.16999816894531,77.31999969482422,44.22920608520508,101000
2008-05-13,77.52999877929688,77.52999877929688,76.87999725341797,76.91999816894531,44.00042724609375,156900
2008-05-14,77.18000030517578,77.18000030517578,76.63999938964844,76.97000122070312,44.02899169921875,130900
2008-05-15,77.04000091552734,77.37999725341797,76.94999694824219,77.37999725341797,44.26353454589844,99300
2008-05-16,77.31999969482422,77.5199966430664,77.0,77.2300033569336,44.177734375,111000
2008-05-19,77.4000015258789,77.44999694824219,77.12999725341797,77.44000244140625,44.29783630371094,548600
2008-05-20,77.62999725341797,77.6500015258789,77.4000015258789,77.41000366210938,44.28068542480469,155100
2008-05-21,77.36000061035156,77.47000122070312,77.25,77.38999938964844,44.26924133300781,111400
2008-05-22,77.0199966430664,77.22000122070312,76.77999877929688,77.08000183105469,44.0919075012207,487800
2008-05-23,77.0,77.48999786376953,77.0,77.41000366210938,44.28068542480469,591200
2008-05-27,77.1500015258789,77.16000366210938,76.9000015258789,76.9800033569336,44.03471374511719,146100
2008-05-28,76.88999938964844,76.88999938964844,76.5,76.58000183105469,43.805912017822266,168900
2008-05-29,76.41999816894531,76.44999694824219,76.16000366210938,76.44999694824219,43.73151779174805,234400
2008-05-30,76.23999786376953,76.6500015258789,76.23999786376953,76.5,43.76015090942383,188500
2008-06-02,76.0199966430664,76.75,75.75,76.58999633789062,43.973716735839844,369000
2008-06-03,76.0999984741211,76.88999938964844,75.98999786376953,76.88999938964844,44.145965576171875,126300
2008-06-04,76.61000061035156,76.75,76.33999633789062,76.5199966430664,43.93352127075195,181200
2008-06-05,76.20999908447266,76.36000061035156,76.0,76.16999816894531,43.73256301879883,108200
2008-06-06,76.19999694824219,76.58999633789062,76.19999694824219,76.55999755859375,43.95649337768555,187100
2008-06-09,76.04000091552734,76.31999969482422,75.88999938964844,75.93000030517578,43.59479904174805,127400
2008-06-10,75.87999725341797,75.98999786376953,75.5,75.5,43.347923278808594,129200
2008-06-11,75.72000122070312,76.05999755859375,75.6500015258789,75.94000244140625,43.60049057006836,114000
2008-06-12,75.55000305175781,75.5999984741211,75.11000061035156,75.11000061035156,43.12398147583008,146700
2008-06-13,75.37999725341797,75.54000091552734,75.0199966430664,75.18000030517578,43.16419219970703,132500
2008-06-16,75.19999694824219,75.44999694824219,75.1500015258789,75.25,43.20438766479492,168500
2008-06-17,75.29000091552734,75.58999633789062,75.0999984741211,75.5,43.347923278808594,199400
2008-06-18,75.4800033569336,75.83999633789062,75.4800033569336,75.75,43.4914436340332,110100
2008-06-19,75.70999908447266,75.79000091552734,75.5,75.55999755859375,43.38235855102539,130100
2008-06-20,75.83999633789062,75.83999633789062,75.58000183105469,75.70999908447266,43.468441009521484,145900
2008-06-23,75.80999755859375,75.80999755859375,75.44999694824219,75.44999694824219,43.3192024230957,99200
2008-06-24,75.69999694824219,75.83000183105469,75.55000305175781,75.7699966430664,43.5029296875,194100
2008-06-25,75.87000274658203,75.87000274658203,75.4000015258789,75.80000305175781,43.520145416259766,108900
2008-06-26,75.55999755859375,76.05000305175781,75.55999755859375,75.80000305175781,43.520145416259766,100500
2008-06-27,76.54000091552734,76.54000091552734,75.77999877929688,76.0,43.63496780395508,123300
2008-06-30,76.29000091552734,76.29000091552734,75.9800033569336,76.25,43.77848815917969,180900
2008-07-01,75.83999633789062,76.18000030517578,75.54000091552734,75.9000015258789,43.74739074707031,255700
2008-07-02,75.8499984741211,75.8499984741211,75.5,75.63999938964844,43.59752655029297,118400
2008-07-03,75.75,75.83000183105469,75.41000366210938,75.69999694824219,43.63212203979492,303000
2008-07-07,75.69999694824219,75.94999694824219,75.26000213623047,75.73999786376953,43.6551513671875,216700
2008-07-08,75.87000274658203,76.23999786376953,75.79000091552734,76.16999816894531,43.903011322021484,92400
2008-07-09,76.27999877929688,76.3499984741211,75.98999786376953,76.18000030517578,43.90877914428711,812300
2008-07-10,76.22000122070312,76.41000366210938,76.0999984741211,76.38999938964844,44.02981185913086,255500
2008-07-11,76.63999938964844,76.63999938964844,75.9000015258789,75.91000366210938,43.75316619873047,206100
2008-07-14,76.04000091552734,76.45999908447266,76.02999877929688,76.31999969482422,43.98948287963867,193800
2008-07-15,76.22000122070312,76.45999908447266,76.22000122070312,76.38999938964844,44.02981185913086,237100
2008-07-16,76.05999755859375,76.0999984741211,75.63999938964844,75.76000213623047,43.666690826416016,152000
2008-07-17,75.7300033569336,75.81999969482422,75.29000091552734,75.41000366210938,43.46495056152344,101400
2008-07-18,75.51000213623047,75.6500015258789,75.1500015258789,75.29000091552734,43.395782470703125,110400
2008-07-21,75.30000305175781,75.44999694824219,75.1500015258789,75.44999694824219,43.488014221191406,84300
2008-07-22,75.37000274658203,75.43000030517578,75.08000183105469,75.22000122070312,43.35544967651367,118000
2008-07-23,75.16999816894531,75.31999969482422,75.02999877929688,75.25,43.37273025512695,163400
2008-07-24,75.48999786376953,75.86000061035156,75.44000244140625,75.79000091552734,43.6839599609375,132400
2008-07-25,75.62000274658203,75.69000244140625,75.26000213623047,75.30999755859375,43.40734100341797,127300
2008-07-28,75.79000091552734,75.88999938964844,75.56999969482422,75.80999755859375,43.69550323486328,111700
2008-07-29,75.7699966430664,75.7699966430664,75.51000213623047,75.69000244140625,43.6263427734375,90100
2008-07-30,75.58999633789062,75.80000305175781,75.3499984741211,75.70999908447266,43.637847900390625,77400
2008-07-31,75.98999786376953,76.0,75.8499984741211,75.97000122070312,43.78771209716797,120300
2008-08-01,76.12000274658203,76.12000274658203,75.5999984741211,75.80000305175781,43.86529541015625,393000
2008-08-04,75.61000061035156,75.83000183105469,75.5199966430664,75.66000366210938,43.78425598144531,190900
2008-08-05,75.54000091552734,75.5999984741211,75.30999755859375,75.3499984741211,43.604862213134766,158000
2008-08-06,75.19999694824219,75.30000305175781,75.0,75.25,43.5469856262207,233300
2008-08-07,75.30999755859375,75.76000213623047,75.23999786376953,75.7300033569336,43.82473373413086,245000
2008-08-08,75.55999755859375,75.72000122070312,75.45999908447266,75.69999694824219,43.80741882324219,231000
2008-08-11,75.7300033569336,75.7300033569336,75.19999694824219,75.37999725341797,43.622215270996094,201200
2008-08-12,75.45999908447266,75.76000213623047,75.45999908447266,75.72000122070312,43.819007873535156,196300
2008-08-13,75.66000366210938,75.7699966430664,75.41999816894531,75.5199966430664,43.7032470703125,135100
2008-08-14,75.69000244140625,75.75,75.5199966430664,75.70999908447266,43.813175201416016,151600
2008-08-15,75.93000030517578,76.0,75.80000305175781,75.94999694824219,43.95207595825195,94500
2008-08-18,75.95999908447266,76.1500015258789,75.9000015258789,76.1500015258789,44.06783676147461,77600
2008-08-19,76.05999755859375,76.05999755859375,75.86000061035156,76.01000213623047,43.98678207397461,109600
2008-08-20,75.91999816894531,76.25,75.91999816894531,76.18000030517578,44.08517837524414,120800
2008-08-21,76.05999755859375,76.2300033569336,75.91000366210938,76.16000366210938,44.073646545410156,105400
2008-08-22,75.9800033569336,76.0,75.75,76.0,43.980995178222656,146100
2008-08-25,76.0,76.22000122070312,76.0,76.20999908447266,44.102561950683594,93000
2008-08-26,76.22000122070312,76.37000274658203,76.05999755859375,76.30999755859375,44.160404205322266,585500
2008-08-27,76.06999969482422,76.36000061035156,76.0199966430664,76.33000183105469,44.17197799682617,391900
2008-08-28,76.30000305175781,76.62000274658203,76.19000244140625,76.4000015258789,44.21250915527344,341400
2008-08-29,76.80999755859375,76.80999755859375,76.19000244140625,76.30000305175781,44.1546516418457,110900
2008-09-02,76.33999633789062,76.33999633789062,75.76000213623047,76.26000213623047,44.29866027832031,149000
2008-09-03,76.2699966430664,76.41999816894531,76.1500015258789,76.36000061035156,44.35676574707031,171600
2008-09-04,76.48999786376953,76.68000030517578,76.36000061035156,76.4000015258789,44.38002014160156,184500
2008-09-05,76.6500015258789,76.77999877929688,76.4000015258789,76.45999908447266,44.41487121582031,174100
2008-09-08,76.83000183105469,77.0,76.37999725341797,77.0,44.72856903076172,148900
2008-09-09,76.97000122070312,77.23999786376953,76.88999938964844,77.13999938964844,44.809879302978516,225100
2008-09-10,76.8499984741211,77.16999816894531,76.80999755859375,77.13999938964844,44.809879302978516,134900
2008-09-11,77.2699966430664,77.30999755859375,76.9800033569336,77.08999633789062,44.78081130981445,183500
2008-09-12,77.12999725341797,77.2300033569336,76.66000366210938,76.83999633789062,44.635589599609375,133700
2008-09-15,78.05000305175781,78.05000305175781,76.91999816894531,77.41999816894531,44.97254180908203,118600
2008-09-16,77.83000183105469,78.0199966430664,76.66999816894531,76.66999816894531,44.536865234375,166400
2008-09-17,76.62000274658203,77.06999969482422,76.5,76.7699966430664,44.594913482666016,294400
2008-09-18,76.7699966430664,76.95999908447266,75.55999755859375,75.68000030517578,43.96174240112305,359200
2008-09-19,77.52999877929688,77.52999877929688,75.5199966430664,76.61000061035156,44.50196075439453,222800
2008-09-22,75.75,76.44999694824219,75.5,76.41000366210938,44.38582992553711,171800
2008-09-23,76.18000030517578,76.80000305175781,76.05000305175781,76.6500015258789,44.52524948120117,195100
2008-09-24,76.81999969482422,77.0999984741211,76.08000183105469,76.63999938964844,44.51942443847656,3408100
2008-09-25,77.0,77.45999908447266,76.11000061035156,76.88999938964844,44.664649963378906,200100
2008-09-26,76.5999984741211,76.62000274658203,76.11000061035156,76.12000274658203,44.21734619140625,319500
2008-09-29,76.98999786376953,76.98999786376953,75.72000122070312,76.48999786376953,44.43230056762695,461600
2008-09-30,77.0,77.0,75.37999725341797,75.62000274658203,43.926883697509766,240500
2008-10-01,75.26000213623047,76.08000183105469,74.70999908447266,74.94999694824219,43.693172454833984,344400
2008-10-02,75.66000366210938,76.73999786376953,75.05999755859375,76.41000366210938,44.544288635253906,300800
2008-10-03,76.19000244140625,76.19000244140625,75.20999908447266,75.98999786376953,44.2994270324707,209600
2008-10-06,76.01000213623047,76.25,75.0,75.37999725341797,43.94382858276367,326900
2008-10-07,75.48999786376953,76.0,75.0,75.5999984741211,44.072059631347656,252000
2008-10-08,75.6500015258789,75.93000030517578,74.41999816894531,74.4800033569336,43.41915512084961,321800
2008-10-09,74.41999816894531,75.0,71.7300033569336,72.16000366210938,42.06666564941406,366000
2008-10-10,70.25,71.58999633789062,67.0,69.95999908447266,40.78412628173828,648000
2008-10-13,71.51000213623047,73.08999633789062,70.0,72.87000274658203,42.48058319091797,127000
2008-10-14,74.16999816894531,74.47000122070312,72.62000274658203,73.80000305175781,43.02275085449219,368600
2008-10-15,73.05999755859375,73.41999816894531,72.19000244140625,73.3499984741211,42.76041030883789,229700
2008-10-16,73.41000366210938,73.44000244140625,72.48999786376953,73.33999633789062,42.754573822021484,203200
2008-10-17,73.13999938964844,73.81999969482422,72.51000213623047,73.73999786376953,42.98773956298828,304700
2008-10-20,73.23999786376953,74.19000244140625,73.19999694824219,73.70999908447266,42.97022247314453,219900
2008-10-21,74.58999633789062,75.05000305175781,73.9000015258789,74.97000122070312,43.70480728149414,582600
2008-10-22,74.77999877929688,75.43000030517578,74.55999755859375,75.30999755859375,43.90302658081055,416900
2008-10-23,75.4000015258789,75.4000015258789,74.47000122070312,74.95999908447266,43.69898223876953,172500
2008-10-24,75.12000274658203,75.12000274658203,73.19000244140625,74.0999984741211,43.19761657714844,283800
2008-10-27,74.04000091552734,74.33999633789062,73.23999786376953,73.69999694824219,42.96444320678711,242800
2008-10-28,73.94999694824219,73.94999694824219,73.0,73.12999725341797,42.63216018676758,185900
2008-10-29,73.41999816894531,74.4000015258789,73.16999816894531,73.66000366210938,42.94113540649414,732300
2008-10-30,73.73999786376953,73.73999786376953,72.7300033569336,73.16999816894531,42.655479431152344,181100
2008-10-31,73.18000030517578,73.68000030517578,72.6500015258789,73.12999725341797,42.63216018676758,282300
2008-11-03,73.16000366210938,73.41000366210938,73.0,73.4000015258789,42.965816497802734,308800
2008-11-04,73.30000305175781,74.1500015258789,73.0,74.13999938964844,43.398956298828125,1260600
2008-11-05,74.23999786376953,74.93000030517578,74.0999984741211,74.69999694824219,43.72677993774414,332200
2008-11-06,74.4000015258789,74.83000183105469,74.16000366210938,74.76000213623047,43.76189422607422,238400
2008-11-07,74.5999984741211,74.73999786376953,74.29000091552734,74.5999984741211,43.668235778808594,223000
2008-11-10,74.55000305175781,74.88999938964844,74.12000274658203,74.5999984741211,43.668235778808594,132800
2008-11-11,74.0999984741211,75.0,74.0,74.79000091552734,43.779457092285156,167200
2008-11-12,74.94999694824219,74.94999694824219,73.91999816894531,74.55000305175781,43.63899230957031,160600
2008-11-13,74.11000061035156,74.91999816894531,74.05999755859375,74.55000305175781,43.63899230957031,222600
2008-11-14,74.68000030517578,74.9000015258789,74.30999755859375,74.80999755859375,43.79115676879883,297400
2008-11-17,74.55000305175781,74.77999877929688,74.33000183105469,74.62000274658203,43.67996597290039,157000
2008-11-18,74.44999694824219,74.80000305175781,74.44999694824219,74.66999816894531,43.70922088623047,205300
2008-11-19,74.37000274658203,74.98999786376953,74.37000274658203,74.93000030517578,43.86143493652344,154900
2008-11-20,74.58000183105469,75.37000274658203,74.58000183105469,74.87000274658203,43.82627868652344,225200
2008-11-21,74.33000183105469,75.05000305175781,74.16999816894531,74.5,43.60967254638672,269000
2008-11-24,74.0,74.9000015258789,73.76000213623047,74.18000030517578,43.42240905761719,410200
2008-11-25,74.3499984741211,75.72000122070312,74.30000305175781,75.45999908447266,44.17165756225586,340200
2008-11-26,75.0999984741211,75.94000244140625,75.08999633789062,75.93000030517578,44.44679260253906,211500
2008-11-28,75.52999877929688,75.69000244140625,75.08999633789062,75.69000244140625,44.30630874633789,97200
2008-12-01,75.72000122070312,76.26000213623047,75.5,75.83999633789062,44.568363189697266,236200
2008-12-02,75.83000183105469,76.41000366210938,75.52999877929688,76.30000305175781,44.83873748779297,259600
2008-12-03,76.0,76.4000015258789,75.61000061035156,75.94000244140625,44.62715148925781,223200
2008-12-04,76.0,76.4000015258789,75.66999816894531,76.2699966430664,44.82109069824219,261300
2008-12-05,75.86000061035156,76.29000091552734,75.51000213623047,75.70999908447266,44.49197769165039,376700
2008-12-08,75.7699966430664,76.02999877929688,75.30000305175781,75.37999725341797,44.298091888427734,180600
2008-12-09,75.48999786376953,76.3499984741211,75.48999786376953,75.77999877929688,44.53313446044922,347300
2008-12-10,75.95999908447266,75.95999908447266,75.55000305175781,75.6500015258789,44.456748962402344,299300
2008-12-11,76.0,76.52999877929688,75.66000366210938,76.45999908447266,44.93275833129883,293400
2008-12-12,76.19000244140625,76.72000122070312,75.76000213623047,76.05999755859375,44.69764709472656,542800
2008-12-15,76.26000213623047,76.86000061035156,76.26000213623047,76.86000061035156,45.16780471801758,319800
2008-12-16,76.73999786376953,77.5,76.30000305175781,77.5,45.54390335083008,304200
2008-12-17,77.94999694824219,78.0,77.37000274658203,77.5199966430664,45.55565643310547,234900
2008-12-18,77.75,78.16999816894531,77.72000122070312,78.06999969482422,45.8788948059082,201100
2008-12-19,77.77999877929688,78.0,77.56999969482422,77.56999969482422,45.5850944519043,258500
2008-12-22,77.87999725341797,78.2699966430664,77.75,78.23999786376953,45.978782653808594,261200
2008-12-23,77.62000274658203,78.58999633789062,77.62000274658203,78.52999877929688,46.149192810058594,338900
2008-12-24,77.73999786376953,78.44999694824219,77.66999816894531,78.16999816894531,46.11029052734375,187200
2008-12-26,77.8499984741211,78.41000366210938,77.76000213623047,78.2300033569336,46.14568328857422,138700
2008-12-29,77.95999908447266,78.87999725341797,77.8499984741211,78.72000122070312,46.43472671508789,278100
2008-12-30,78.25,78.9000015258789,78.16999816894531,78.87000274658203,46.52317428588867,292500
2008-12-31,78.44999694824219,79.22000122070312,78.44999694824219,78.97000122070312,46.58216094970703,381800
2009-01-02,78.41999816894531,79.16000366210938,78.37000274658203,78.68000030517578,46.411109924316406,269800
2009-01-05,78.47000122070312,78.8499984741211,77.9000015258789,78.3499984741211,46.216453552246094,648200
2009-01-06,78.2300033569336,78.2300033569336,77.48999786376953,77.8499984741211,45.9215202331543,449700
2009-01-07,78.22000122070312,78.22000122070312,77.61000061035156,78.08999633789062,46.063079833984375,500400
2009-01-08,78.08999633789062,78.08999633789062,77.30000305175781,77.95999908447266,45.9864387512207,305700
2009-01-09,78.08000183105469,78.37000274658203,77.9800033569336,78.23999786376953,46.15156555175781,203700
2009-01-12,78.05000305175781,78.38999938964844,77.76000213623047,77.93000030517578,45.968727111816406,402000
2009-01-13,77.95999908447266,78.37000274658203,77.81999969482422,78.3499984741211,46.216453552246094,235600
2009-01-14,78.41999816894531,78.63999938964844,77.98999786376953,78.63999938964844,46.38750076293945,230600
2009-01-15,78.83999633789062,78.83999633789062,78.16000366210938,78.30000305175781,46.186973571777344,317500
2009-01-16,78.08999633789062,78.45999908447266,77.75,78.41999816894531,46.257720947265625,256200
2009-01-20,78.0,78.11000061035156,77.2300033569336,78.08000183105469,46.05719757080078,374800
2009-01-21,78.0,78.12999725341797,77.41000366210938,77.54000091552734,45.7386474609375,350500
2009-01-22,77.62000274658203,77.83000183105469,77.16999816894531,77.70999908447266,45.83894348144531,373600
2009-01-23,77.62000274658203,77.62000274658203,77.23999786376953,77.55999755859375,45.750431060791016,260100
2009-01-26,77.52999877929688,77.79000091552734,77.1500015258789,77.30000305175781,45.59709548950195,265600
2009-01-27,77.30999755859375,77.97000122070312,77.27999877929688,77.7699966430664,45.874366760253906,382400
2009-01-28,77.80000305175781,77.9000015258789,77.51000213623047,77.80999755859375,45.89792251586914,283700
2009-01-29,77.55000305175781,77.69000244140625,77.01000213623047,77.29000091552734,45.59120178222656,403700
2009-01-30,77.04000091552734,77.45999908447266,77.02999877929688,77.33000183105469,45.61476135253906,337400
2009-02-02,77.05999755859375,77.69000244140625,77.0199966430664,77.30000305175781,45.76814270019531,407600
2009-02-03,77.33000183105469,77.33000183105469,76.31999969482422,76.5,45.29444885253906,391300
2009-02-04,76.3499984741211,76.80000305175781,76.19999694824219,76.63999938964844,45.377357482910156,337800
2009-02-05,76.80999755859375,76.9800033569336,76.47000122070312,76.80999755859375,45.477996826171875,367500
2009-02-06,76.8499984741211,76.8499984741211,76.44999694824219,76.80000305175781,45.47208786010742,344000
2009-02-09,77.12999725341797,77.12999725341797,76.62999725341797,76.81999969482422,45.483917236328125,263800
2009-02-10,77.12000274658203,77.30000305175781,76.75,77.23999786376953,45.732601165771484,291900
2009-02-11,76.91999816894531,77.55000305175781,76.87999725341797,77.5199966430664,45.898372650146484,250000
2009-02-12,77.4800033569336,77.5999984741211,77.22000122070312,77.31999969482422,45.77997970581055,238100
2009-02-13,77.0999984741211,77.23999786376953,76.95999908447266,76.95999908447266,45.56682586669922,300700
2009-02-17,77.18000030517578,77.55999755859375,77.16999816894531,77.45999908447266,45.862850189208984,303100
2009-02-18,77.41999816894531,77.55000305175781,77.05000305175781,77.16000366210938,45.68525314331055,387400
2009-02-19,76.97000122070312,77.06999969482422,76.5999984741211,76.83000183105469,45.48986053466797,351200
2009-02-20,77.13999938964844,77.18000030517578,76.94000244140625,76.97000122070312,45.57273864746094,419300
2009-02-23,76.9800033569336,77.0999984741211,76.7300033569336,77.0999984741211,45.64973068237305,418400
2009-02-24,76.97000122070312,77.22000122070312,76.75,77.04000091552734,45.61419677734375,564800
2009-02-25,76.91000366210938,76.94999694824219,76.55000305175781,76.6500015258789,45.38328552246094,553300
2009-02-26,76.51000213623047,76.58999633789062,76.33000183105469,76.51000213623047,45.300376892089844,612000
2009-02-27,76.51000213623047,76.61000061035156,76.29000091552734,76.58999633789062,45.347747802734375,548700
2009-03-02,76.29000091552734,76.58999633789062,76.19999694824219,76.44000244140625,45.4219970703125,759200
2009-03-03,76.26000213623047,76.4800033569336,76.04000091552734,76.18000030517578,45.26751708984375,893600
2009-03-04,75.97000122070312,76.20999908447266,75.94999694824219,76.16999816894531,45.26158142089844,536700
2009-03-05,76.13999938964844,76.58000183105469,76.06999969482422,76.5199966430664,45.469566345214844,679700
2009-03-06,76.41999816894531,76.58999633789062,76.19999694824219,76.19999694824219,45.279388427734375,690800
2009-03-09,76.33000183105469,76.3499984741211,75.81999969482422,75.91999816894531,45.113040924072266,754100
2009-03-10,75.83000183105469,76.19000244140625,75.72000122070312,76.0,45.16059875488281,635400
2009-03-11,76.13999938964844,76.29000091552734,75.94999694824219,76.16000366210938,45.25566482543945,545900
2009-03-12,76.30000305175781,76.5,76.02999877929688,76.33000183105469,45.356666564941406,438300
2009-03-13,76.36000061035156,76.48999786376953,76.08000183105469,76.2699966430664,45.32100296020508,407000
2009-03-16,76.1500015258789,76.37999725341797,76.04000091552734,76.22000122070312,45.29130935668945,422700
2009-03-17,76.36000061035156,76.36000061035156,75.94000244140625,76.05000305175781,45.19028091430664,600000
2009-03-18,76.26000213623047,78.0,76.12999725341797,77.4000015258789,45.99247741699219,401300
2009-03-19,77.38999938964844,77.8499984741211,77.16000366210938,77.3499984741211,45.96278762817383,375800
2009-03-20,77.16000366210938,77.38999938964844,76.86000061035156,77.0,45.75478744506836,495800
2009-03-23,77.0999984741211,77.16999816894531,76.81999969482422,76.81999969482422,45.6478157043457,335100
2009-03-24,76.62000274658203,77.02999877929688,76.5199966430664,76.77999877929688,45.624088287353516,475500
2009-03-25,76.86000061035156,76.86000061035156,76.5,76.5199966430664,45.469566345214844,573300
2009-03-26,76.62000274658203,76.91999816894531,76.55000305175781,76.77999877929688,45.624088287353516,302200
2009-03-27,77.0,77.08999633789062,76.81999969482422,76.97000122070312,45.73695755004883,411900
2009-03-30,77.08000183105469,77.22000122070312,76.77999877929688,77.12000274658203,45.826087951660156,358200
2009-03-31,77.12000274658203,77.30000305175781,77.02999877929688,77.1500015258789,45.843929290771484,398700
2009-04-01,77.08000183105469,77.1500015258789,76.86000061035156,77.02999877929688,45.93815612792969,521700
2009-04-02,77.05999755859375,77.11000061035156,76.66000366210938,76.87999725341797,45.848670959472656,567900
2009-04-03,76.8499984741211,76.95999908447266,76.45999908447266,76.47000122070312,45.60416793823242,546800
2009-04-06,76.70999908447266,76.79000091552734,76.5199966430664,76.55000305175781,45.65191650390625,541000
2009-04-07,76.75,76.8499984741211,76.56999969482422,76.69999694824219,45.74134063720703,274100
2009-04-08,76.83999633789062,77.05999755859375,76.75,77.05999755859375,45.95603561401367,260600
2009-04-09,76.83000183105469,77.08000183105469,76.69000244140625,76.97000122070312,45.90237045288086,495100
2009-04-13,77.02999877929688,77.16999816894531,76.70999908447266,77.08999633789062,45.97391891479492,376700
2009-04-14,77.22000122070312,77.33999633789062,77.05999755859375,77.29000091552734,46.09321594238281,316000
2009-04-15,77.30999755859375,77.44999694824219,77.0999984741211,77.4000015258789,46.158809661865234,639000
2009-04-16,77.08999633789062,77.30000305175781,77.08999633789062,77.25,46.069339752197266,436800
2009-04-17,77.16999816894531,77.26000213623047,76.69000244140625,76.83999633789062,45.824798583984375,609300
2009-04-20,76.95999908447266,77.30000305175781,76.95999908447266,77.22000122070312,46.05144500732422,247700
2009-04-21,77.27999877929688,77.27999877929688,76.91999816894531,77.06999969482422,45.9620361328125,408000
2009-04-22,77.18000030517578,77.22000122070312,76.94000244140625,77.20999908447266,46.045509338378906,379400
2009-04-23,77.2699966430664,77.30000305175781,76.94999694824219,77.2699966430664,46.08124542236328,374200
2009-04-24,77.12999725341797,77.2699966430664,76.98999786376953,77.2300033569336,46.05746078491211,273100
2009-04-27,77.12000274658203,77.4000015258789,77.11000061035156,77.4000015258789,46.158809661865234,405700
2009-04-28,77.43000030517578,77.43000030517578,76.97000122070312,77.12000274658203,45.991844177246094,431400
2009-04-29,77.23999786376953,77.33000183105469,76.9000015258789,77.01000213623047,45.92623519897461,374800
2009-04-30,77.05000305175781,77.25,77.0199966430664,77.2300033569336,46.05746078491211,487600
2009-05-01,76.77999877929688,76.86000061035156,76.66000366210938,76.83000183105469,45.97842788696289,413600
2009-05-04,76.83000183105469,77.02999877929688,76.80000305175781,76.88999938964844,46.01435470581055,449600
2009-05-05,77.0199966430664,77.08999633789062,76.87999725341797,76.87999725341797,46.00831985473633,341000
2009-05-06,76.93000030517578,77.29000091552734,76.93000030517578,77.20999908447266,46.20586013793945,550900
2009-05-07,77.06999969482422,77.19000244140625,76.81999969482422,76.94000244140625,46.044273376464844,517100
2009-05-08,77.12999725341797,77.19000244140625,76.9000015258789,77.12999725341797,46.15795135498047,429100
2009-05-11,77.12000274658203,77.48999786376953,77.05999755859375,77.44999694824219,46.34944534301758,336100
2009-05-12,77.4000015258789,77.54000091552734,77.33000183105469,77.41999816894531,46.33153533935547,356500
2009-05-13,77.5,77.69999694824219,77.44000244140625,77.6500015258789,46.469154357910156,299000
2009-05-14,77.63999938964844,77.7699966430664,77.5199966430664,77.62000274658203,46.45117950439453,396300
2009-05-15,77.58000183105469,77.69000244140625,77.51000213623047,77.5999984741211,46.439239501953125,535900
2009-05-18,77.69000244140625,77.73999786376953,77.26000213623047,77.37000274658203,46.30158233642578,507000
2009-05-19,77.41999816894531,77.55999755859375,77.26000213623047,77.54000091552734,46.40332794189453,362400
2009-05-20,77.6500015258789,77.86000061035156,77.4800033569336,77.7699966430664,46.54099655151367,710600
2009-05-21,77.81999969482422,77.87999725341797,77.25,77.37000274658203,46.30158233642578,292700
2009-05-22,77.3499984741211,77.4800033569336,77.20999908447266,77.3499984741211,46.28963851928711,515000
2009-05-26,77.47000122070312,77.47000122070312,77.19000244140625,77.19000244140625,46.193870544433594,298900
2009-05-27,77.18000030517578,77.22000122070312,76.62000274658203,76.7300033569336,45.9185905456543,473700
2009-05-28,76.7699966430664,76.97000122070312,76.52999877929688,76.93000030517578,46.03830337524414,328800
2009-05-29,76.88999938964844,77.55999755859375,76.8499984741211,77.4800033569336,46.367408752441406,360300
2009-06-01,77.12999725341797,77.30999755859375,76.62000274658203,76.69000244140625,46.053951263427734,510500
2009-06-02,76.88999938964844,76.9800033569336,76.66999816894531,76.9800033569336,46.228111267089844,417500
2009-06-03,77.12999725341797,77.29000091552734,76.94000244140625,77.23999786376953,46.38421630859375,420100
2009-06-04,77.19000244140625,77.19000244140625,76.69999694824219,76.76000213623047,46.095977783203125,457300
2009-06-05,76.5199966430664,76.56999969482422,76.16999816894531,76.23999786376953,45.783721923828125,546400
2009-06-08,76.33999633789062,76.47000122070312,76.01000213623047,76.08000183105469,45.68764114379883,334100
2009-06-09,76.0,76.43000030517578,76.0,76.29000091552734,45.8137321472168,458900
2009-06-10,76.27999877929688,76.38999938964844,76.0,76.0999984741211,45.69963073730469,379800
2009-06-11,75.95999908447266,76.54000091552734,75.95999908447266,76.47000122070312,45.92180252075195,379200
2009-06-12,76.5999984741211,76.76000213623047,76.3499984741211,76.66999816894531,46.04195785522461,289200
2009-06-15,76.58000183105469,76.91000366210938,76.58000183105469,76.81999969482422,46.132022857666016,348500
2009-06-16,76.87000274658203,77.19000244140625,76.81999969482422,77.18000030517578,46.34821319580078,381900
2009-06-17,77.23999786376953,77.5,77.12000274658203,77.13999938964844,46.32416915893555,374700
2009-06-18,77.0,77.0199966430664,76.51000213623047,76.56999969482422,45.98190689086914,502600
2009-06-19,76.61000061035156,76.76000213623047,76.5199966430664,76.75,46.08999252319336,514800
2009-06-22,77.12999725341797,77.1500015258789,76.93000030517578,76.93000030517578,46.19808578491211,336200
2009-06-23,77.0,77.29000091552734,76.94999694824219,77.27999877929688,46.40824508666992,333000
2009-06-24,77.25,77.48999786376953,77.02999877929688,77.11000061035156,46.30616760253906,364400
2009-06-25,77.29000091552734,77.63999938964844,77.05000305175781,77.63999938964844,46.624454498291016,449600
2009-06-26,77.73999786376953,77.75,77.5999984741211,77.68000030517578,46.648468017578125,383500
2009-06-29,77.83000183105469,77.83999633789062,77.58000183105469,77.81999969482422,46.73250961303711,392500
2009-06-30,77.68000030517578,77.80999755859375,77.5,77.69000244140625,46.654476165771484,439600
2009-07-01,77.22000122070312,77.51000213623047,77.13999938964844,77.37999725341797,46.62678527832031,430400
2009-07-02,77.30000305175781,77.54000091552734,77.2699966430664,77.41000366210938,46.64482116699219,373000
2009-07-06,77.43000030517578,77.4800033569336,77.26000213623047,77.3499984741211,46.60870361328125,240300
2009-07-07,77.5,77.68000030517578,77.41999816894531,77.51000213623047,46.705055236816406,281200
2009-07-08,77.69000244140625,78.08000183105469,77.55000305175781,78.04000091552734,47.024436950683594,337200
2009-07-09,77.9000015258789,77.94000244140625,77.62000274658203,77.80999755859375,46.8858528137207,462400
2009-07-10,77.79000091552734,78.08999633789062,77.79000091552734,78.08999633789062,47.054561614990234,440100
2009-07-13,78.11000061035156,78.19000244140625,77.9000015258789,77.95999908447266,46.976280212402344,789000
2009-07-14,77.83999633789062,77.86000061035156,77.52999877929688,77.7300033569336,46.837642669677734,374300
2009-07-15,77.5199966430664,77.58999633789062,77.30000305175781,77.33999633789062,46.60260772705078,1087100
2009-07-16,77.75,77.75,77.45999908447266,77.68000030517578,46.8075065612793,529400
2009-07-17,77.58000183105469,77.61000061035156,77.38999938964844,77.4800033569336,46.68701934814453,575800
2009-07-20,77.58000183105469,77.7699966430664,77.4800033569336,77.7300033569336,46.837642669677734,473200
2009-07-21,77.66000366210938,78.23999786376953,77.55000305175781,78.19999694824219,47.12085723876953,438600
2009-07-22,78.23999786376953,78.23999786376953,77.94999694824219,78.02999877929688,47.01844024658203,608300
2009-07-23,78.06999969482422,78.12000274658203,77.56999969482422,77.7699966430664,46.86177444458008,498100
2009-07-24,77.79000091552734,77.87999725341797,77.5999984741211,77.80000305175781,46.87982940673828,417900
2009-07-27,77.5999984741211,77.69999694824219,77.5,77.69999694824219,46.81956481933594,597100
2009-07-28,77.75,77.9800033569336,77.51000213623047,77.77999877929688,46.86777877807617,686600
2009-07-29,77.9800033569336,77.98999786376953,77.5999984741211,77.75,46.849674224853516,420200
2009-07-30,77.69000244140625,78.0999984741211,77.6500015258789,78.0999984741211,47.06059265136719,415200
2009-07-31,78.2699966430664,78.4800033569336,78.0999984741211,78.44000244140625,47.26544952392578,481200
2009-08-03,78.13999938964844,78.18000030517578,77.80999755859375,77.93000030517578,47.11435317993164,596900
2009-08-04,78.19999694824219,78.30000305175781,77.69999694824219,77.86000061035156,47.0720100402832,485900
2009-08-05,77.73999786376953,77.8499984741211,77.5999984741211,77.68000030517578,46.96319580078125,485200
2009-08-06,77.73999786376953,77.80999755859375,77.62000274658203,77.7300033569336,46.99342346191406,331800
2009-08-07,77.26000213623047,77.5,77.08999633789062,77.19000244140625,46.66694259643555,986100
2009-08-10,77.45999908447266,77.83999633789062,77.33000183105469,77.81999969482422,47.04781723022461,482000
2009-08-11,77.97000122070312,78.0199966430664,77.7699966430664,77.97000122070312,47.138519287109375,444600
2009-08-12,77.94999694824219,78.0,77.55999755859375,77.91999816894531,47.10830307006836,419500
2009-08-13,77.94000244140625,78.27999877929688,77.79000091552734,78.12000274658203,47.229217529296875,562200
2009-08-14,78.37000274658203,78.5,78.16999816894531,78.36000061035156,47.374298095703125,640800
2009-08-17,78.62000274658203,78.62000274658203,78.25,78.58000183105469,47.50728988647461,483900
2009-08-18,78.58000183105469,78.61000061035156,78.26000213623047,78.47000122070312,47.44078063964844,466600
2009-08-19,78.7300033569336,78.7300033569336,78.33999633789062,78.55999755859375,47.49519348144531,384500
2009-08-20,78.33000183105469,78.66999816894531,78.33000183105469,78.66999816894531,47.561710357666016,487700
2009-08-21,78.5999984741211,78.7300033569336,78.29000091552734,78.41999816894531,47.41053771972656,705500
2009-08-24,78.4000015258789,78.75,78.25,78.56999969482422,47.50126647949219,760500
2009-08-25,78.5999984741211,78.70999908447266,78.37999725341797,78.69999694824219,47.57986068725586,554900
2009-08-26,78.73999786376953,78.8499984741211,78.62000274658203,78.75,47.61007308959961,512000
2009-08-27,78.66000366210938,78.7300033569336,78.5,78.66000366210938,47.555686950683594,402300
2009-08-28,78.56999969482422,78.81999969482422,78.4800033569336,78.81999969482422,47.65239715576172,633000
2009-08-31,78.8499984741211,78.9800033569336,78.62999725341797,78.97000122070312,47.74306869506836,421700
2009-09-01,78.66000366210938,78.86000061035156,78.52999877929688,78.80000305175781,47.798316955566406,653800
2009-09-02,78.77999877929688,79.05999755859375,78.69000244140625,78.97000122070312,47.90139389038086,390700
2009-09-03,78.9800033569336,78.98999786376953,78.77999877929688,78.83000183105469,47.816490173339844,443300
2009-09-04,78.97000122070312,78.9800033569336,78.6500015258789,78.75,47.7679443359375,423200
2009-09-08,78.79000091552734,78.83999633789062,78.63999938964844,78.70999908447266,47.74372100830078,494800
2009-09-09,78.72000122070312,78.83999633789062,78.51000213623047,78.83999633789062,47.82255935668945,523900
2009-09-10,78.94000244140625,79.2300033569336,78.83999633789062,79.13999938964844,48.00453186035156,490200
2009-09-11,79.20999908447266,79.33000183105469,79.02999877929688,79.18000030517578,48.028831481933594,370000
2009-09-14,79.12999725341797,79.12999725341797,78.83000183105469,78.87999725341797,47.84681701660156,429800
2009-09-15,78.91999816894531,78.98999786376953,78.80999755859375,78.94000244140625,47.88322830200195,378100
2009-09-16,78.9000015258789,79.01000213623047,78.75,78.95999908447266,47.895355224609375,535500
2009-09-17,78.98999786376953,79.19000244140625,78.87000274658203,79.19000244140625,48.03486251831055,879600
2009-09-18,79.18000030517578,79.19000244140625,78.94999694824219,79.0999984741211,47.98027038574219,432800
2009-09-21,79.0999984741211,79.12000274658203,78.93000030517578,79.04000091552734,47.94384002685547,414600
2009-09-22,79.04000091552734,79.08999633789062,78.91000366210938,78.94000244140625,47.88322830200195,641400
2009-09-23,79.05000305175781,79.18000030517578,78.91999816894531,79.16999816894531,48.02271270751953,540700
2009-09-24,79.23999786376953,79.29000091552734,79.12000274658203,79.20999908447266,48.04698181152344,781200
2009-09-25,79.27999877929688,79.5,79.20999908447266,79.45999908447266,48.198631286621094,440400
2009-09-28,79.41000366210938,79.51000213623047,79.26000213623047,79.5,48.22286605834961,463800
2009-09-29,79.36000061035156,79.5199966430664,79.30999755859375,79.5,48.22286605834961,752400
2009-09-30,79.44000244140625,79.55000305175781,79.4000015258789,79.5,48.22286605834961,575600
2009-10-01,79.4000015258789,79.61000061035156,79.27999877929688,79.61000061035156,48.44075393676758,2491800
2009-10-02,79.80999755859375,79.80999755859375,79.33000183105469,79.37000274658203,48.29468536376953,787100
2009-10-05,79.61000061035156,79.61000061035156,79.41999816894531,79.48999786376953,48.36772918701172,465500
2009-10-06,79.52999877929688,79.61000061035156,79.4000015258789,79.58000183105469,48.4224853515625,769800
2009-10-07,79.63999938964844,79.66000366210938,79.52999877929688,79.62000274658203,48.44680404663086,802700
2009-10-08,79.70999908447266,79.70999908447266,79.3499984741211,79.58999633789062,48.42854309082031,1109400
2009-10-09,79.43000030517578,79.43000030517578,79.0,79.01000213623047,48.07563018798828,1349300
2009-10-12,79.04000091552734,79.30000305175781,78.91999816894531,79.27999877929688,48.23991012573242,350700
2009-10-13,79.43000030517578,79.43000030517578,79.13999938964844,79.33999633789062,48.27647018432617,745700
2009-10-14,79.12999725341797,79.23999786376953,78.94999694824219,79.0,48.06955337524414,1088300
2009-10-15,78.95999908447266,79.08999633789062,78.80999755859375,79.0199966430664,48.081722259521484,736700
2009-10-16,79.06999969482422,79.0999984741211,78.9000015258789,79.05000305175781,48.10000228881836,858500
2009-10-19,79.16000366210938,79.18000030517578,78.91000366210938,79.16000366210938,48.16691589355469,973400
2009-10-20,79.30000305175781,79.33999633789062,79.19999694824219,79.31999969482422,48.264286041259766,533100
2009-10-21,79.26000213623047,79.31999969482422,79.06999969482422,79.30999755859375,48.25815963745117,453700
2009-10-22,79.16000366210938,79.30999755859375,79.11000061035156,79.23999786376953,48.215614318847656,349200
2009-10-23,79.12999725341797,79.18000030517578,78.94000244140625,79.0,48.06955337524414,552700
2009-10-26,79.0,79.06999969482422,78.83000183105469,78.9000015258789,48.00868225097656,390700
2009-10-27,79.04000091552734,79.23999786376953,78.83999633789062,79.18000030517578,48.1790771484375,315300
2009-10-28,79.16999816894531,79.29000091552734,78.88999938964844,79.0999984741211,48.13042449951172,766700
2009-10-29,79.06999969482422,79.22000122070312,78.95999908447266,79.13999938964844,48.154720306396484,357900
2009-10-30,79.30000305175781,79.47000122070312,79.13999938964844,79.47000122070312,48.35551834106445,428700
2009-11-02,79.29000091552734,79.31999969482422,79.05000305175781,79.1500015258789,48.31462860107422,525700
2009-11-03,79.16999816894531,79.16999816894531,78.94999694824219,79.01000213623047,48.22917556762695,609900
2009-11-04,79.01000213623047,79.11000061035156,78.8499984741211,78.98999786376953,48.216957092285156,446700
2009-11-05,78.98999786376953,79.11000061035156,78.88999938964844,79.05999755859375,48.25967788696289,454300
2009-11-06,79.13999938964844,79.19000244140625,78.9800033569336,79.08000183105469,48.271907806396484,413500
2009-11-09,79.19000244140625,79.25,79.12999725341797,79.23999786376953,48.36956024169922,335200
2009-11-10,79.36000061035156,79.37999725341797,79.16000366210938,79.2699966430664,48.38789749145508,432700
2009-11-11,79.31999969482422,79.54000091552734,79.30000305175781,79.47000122070312,48.509979248046875,681700
2009-11-12,79.33999633789062,79.58000183105469,79.2699966430664,79.55999755859375,48.56491470336914,480300
2009-11-13,79.48999786376953,79.51000213623047,79.3499984741211,79.51000213623047,48.534393310546875,398000
2009-11-16,79.62999725341797,79.7699966430664,79.55999755859375,79.70999908447266,48.656471252441406,488700
2009-11-17,79.7300033569336,79.7699966430664,79.5999984741211,79.69000244140625,48.644256591796875,729200
2009-11-18,79.77999877929688,79.77999877929688,79.62000274658203,79.70999908447266,48.656471252441406,660800
2009-11-19,79.83999633789062,79.87999725341797,79.70999908447266,79.7699966430664,48.6931037902832,699900
2009-11-20,79.7699966430664,79.81999969482422,79.69000244140625,79.7300033569336,48.66870880126953,476900
2009-11-23,79.7699966430664,79.83999633789062,79.62000274658203,79.79000091552734,48.70529556274414,517500
2009-11-24,79.86000061035156,80.0,79.80000305175781,79.98999786376953,48.82737731933594,586900
2009-11-25,79.93000030517578,80.1500015258789,79.9000015258789,80.1500015258789,48.92505645751953,579800
2009-11-27,80.29000091552734,80.29000091552734,80.11000061035156,80.29000091552734,49.010498046875,117700
2009-11-30,80.33000183105469,80.33000183105469,80.22000122070312,80.25,48.98611068725586,373600
2009-12-01,80.05999755859375,80.0999984741211,79.88999938964844,79.88999938964844,48.91566467285156,535900
2009-12-02,79.94999694824219,79.94999694824219,79.72000122070312,79.77999877929688,48.84833908081055,463400
2009-12-03,79.69999694824219,79.70999908447266,79.5999984741211,79.69999694824219,48.79933547973633,454800
2009-12-04,79.36000061035156,79.45999908447266,79.26000213623047,79.37000274658203,48.59728240966797,618000
2009-12-07,79.45999908447266,79.62000274658203,79.38999938964844,79.58000183105469,48.72585678100586,482200
2009-12-08,79.73999786376953,79.83000183105469,79.70999908447266,79.70999908447266,48.80546951293945,387300
2009-12-09,79.81999969482422,79.81999969482422,79.56999969482422,79.62999725341797,48.756507873535156,580600
2009-12-10,79.61000061035156,79.61000061035156,79.38999938964844,79.5199966430664,48.68912124633789,624500
2009-12-11,79.36000061035156,79.45999908447266,79.23999786376953,79.43000030517578,48.6340217590332,280200
2009-12-14,79.44999694824219,79.4800033569336,79.2699966430664,79.36000061035156,48.5911979675293,393800
2009-12-15,79.1500015258789,79.36000061035156,79.1500015258789,79.29000091552734,48.548316955566406,517200
2009-12-16,79.33999633789062,79.44999694824219,79.30999755859375,79.33000183105469,48.57280349731445,709400
2009-12-17,79.47000122070312,79.58999633789062,79.44000244140625,79.55000305175781,48.70752716064453,514100
2009-12-18,79.55000305175781,79.5999984741211,79.44999694824219,79.52999877929688,48.69526672363281,349000
2009-12-21,79.37999725341797,79.41000366210938,79.16000366210938,79.16000366210938,48.468711853027344,654800
2009-12-22,79.08999633789062,79.0999984741211,78.9000015258789,78.98999786376953,48.36460876464844,603200
2009-12-23,79.0,79.08000183105469,78.93000030517578,78.9800033569336,48.358497619628906,680000
2009-12-24,78.72000122070312,78.75,78.61000061035156,78.66000366210938,48.16257095336914,567900
2009-12-28,78.43000030517578,78.61000061035156,78.36000061035156,78.48999786376953,48.21477508544922,2665700
2009-12-29,78.37999725341797,78.54000091552734,78.3499984741211,78.54000091552734,48.24551010131836,741700
2009-12-30,78.61000061035156,78.70999908447266,78.51000213623047,78.6500015258789,48.313072204589844,599000
2009-12-31,78.54000091552734,78.63999938964844,78.33000183105469,78.58999633789062,48.27622604370117,404300
2010-01-04,78.5999984741211,78.7300033569336,78.54000091552734,78.68000030517578,48.33148193359375,1098100
2010-01-05,78.88999938964844,79.0,78.79000091552734,78.91000366210938,48.4727783203125,814600
2010-01-06,78.97000122070312,78.9800033569336,78.69999694824219,78.87999725341797,48.4543342590332,981300
2010-01-07,78.72000122070312,78.87000274658203,78.72000122070312,78.81999969482422,48.417503356933594,661700
2010-01-08,78.87999725341797,78.95999908447266,78.76000213623047,78.9000015258789,48.46662139892578,1270000
2010-01-11,78.91999816894531,78.95999908447266,78.83000183105469,78.93000030517578,48.485076904296875,2237100
2010-01-12,79.11000061035156,79.2300033569336,79.08000183105469,79.2300033569336,48.66933822631836,702100
2010-01-13,79.1500015258789,79.23999786376953,78.9800033569336,79.05000305175781,48.558773040771484,460500
2010-01-14,79.18000030517578,79.27999877929688,79.12999725341797,79.23999786376953,48.67549133300781,777700
2010-01-15,79.3499984741211,79.43000030517578,79.2699966430664,79.29000091552734,48.706199645996094,745300
2010-01-19,79.33999633789062,79.38999938964844,79.2300033569336,79.25,48.681644439697266,782000
2010-01-20,79.43000030517578,79.47000122070312,79.37000274658203,79.44000244140625,48.7983512878418,417300
2010-01-21,79.48999786376953,79.62000274658203,79.43000030517578,79.52999877929688,48.853633880615234,647300
2010-01-22,79.5999984741211,79.66000366210938,79.5,79.5,48.8351936340332,403200
2010-01-25,79.58000183105469,79.58000183105469,79.3499984741211,79.38999938964844,48.76764678955078,692900
2010-01-26,79.58999633789062,79.62999725341797,79.45999908447266,79.58000183105469,48.88434982299805,494400
2010-01-27,79.62999725341797,79.66000366210938,79.43000030517578,79.47000122070312,48.816795349121094,597800
2010-01-28,79.30999755859375,79.55000305175781,79.30999755859375,79.5,48.8351936340332,696100
2010-01-29,79.44000244140625,79.63999938964844,79.4000015258789,79.5999984741211,48.89662170410156,469400
2010-02-01,79.4000015258789,79.41000366210938,79.23999786376953,79.30000305175781,48.864627838134766,437300
2010-02-02,79.27999877929688,79.37999725341797,79.19000244140625,79.3499984741211,48.8953971862793,573000
2010-02-03,79.23999786376953,79.31999969482422,79.16999816894531,79.30000305175781,48.864627838134766,444700
2010-02-04,79.37000274658203,79.5199966430664,79.37000274658203,79.44999694824219,48.95701217651367,428800
2010-02-05,79.58000183105469,79.70999908447266,79.44000244140625,79.58000183105469,49.03713607788086,903800
2010-02-08,79.62999725341797,79.62999725341797,79.45999908447266,79.58999633789062,49.04329299926758,411100
2010-02-09,79.54000091552734,79.58999633789062,79.37000274658203,79.43000030517578,48.94472122192383,691600
2010-02-10,79.44999694824219,79.45999908447266,79.18000030517578,79.25,48.83379364013672,453700
2010-02-11,79.19000244140625,79.20999908447266,78.97000122070312,79.12000274658203,48.7536735534668,505300
2010-02-12,79.29000091552734,79.38999938964844,79.19999694824219,79.2300033569336,48.82145690917969,387900
2010-02-16,79.19999694824219,79.37999725341797,79.16000366210938,79.33000183105469,48.88311004638672,1246100
2010-02-17,79.30000305175781,79.31999969482422,79.04000091552734,79.1500015258789,48.772151947021484,660100
2010-02-18,79.23999786376953,79.23999786376953,78.94000244140625,79.04000091552734,48.704383850097656,510600
2010-02-19,79.01000213623047,79.04000091552734,78.87999725341797,79.04000091552734,48.704383850097656,509300
2010-02-22,79.08999633789062,79.08999633789062,78.94000244140625,79.01000213623047,48.685882568359375,484700
2010-02-23,79.12999725341797,79.31999969482422,79.0999984741211,79.30999755859375,48.87075424194336,516000
2010-02-24,79.38999938964844,79.47000122070312,79.30999755859375,79.41000366210938,48.932334899902344,378600
2010-02-25,79.5199966430664,79.5199966430664,79.37999725341797,79.5199966430664,49.000160217285156,858200
2010-02-26,79.51000213623047,79.72000122070312,79.51000213623047,79.61000061035156,49.05561065673828,936200
2010-03-01,79.52999877929688,79.52999877929688,79.36000061035156,79.45999908447266,49.10750961303711,565000
2010-03-02,79.44999694824219,79.54000091552734,79.4000015258789,79.5199966430664,49.14461135864258,709800
2010-03-03,79.5,79.54000091552734,79.41000366210938,79.52999877929688,49.150779724121094,731900
2010-03-04,79.51000213623047,79.61000061035156,79.44000244140625,79.58999633789062,49.187870025634766,461200
2010-03-05,79.47000122070312,79.48999786376953,79.31999969482422,79.47000122070312,49.11371612548828,900200
2010-03-08,79.33999633789062,79.37000274658203,79.30000305175781,79.33999633789062,49.03337097167969,720200
2010-03-09,79.38999938964844,79.41999816894531,79.30000305175781,79.38999938964844,49.06428909301758,577300
2010-03-10,79.29000091552734,79.33000183105469,79.19999694824219,79.33000183105469,49.02721405029297,1147900
2010-03-11,79.29000091552734,79.3499984741211,79.2300033569336,79.31999969482422,49.021018981933594,337600
2010-03-12,79.23999786376953,79.43000030517578,79.20999908447266,79.3499984741211,49.03953552246094,554900
2010-03-15,79.44000244140625,79.47000122070312,79.36000061035156,79.45999908447266,49.10750961303711,459600
2010-03-16,79.41999816894531,79.5999984741211,79.38999938964844,79.5999984741211,49.194026947021484,523800
2010-03-17,79.58999633789062,79.62000274658203,79.55000305175781,79.62000274658203,49.206390380859375,380500
2010-03-18,79.63999938964844,79.66000366210938,79.44000244140625,79.4800033569336,49.119911193847656,594000
2010-03-19,79.54000091552734,79.61000061035156,79.47000122070312,79.54000091552734,49.156917572021484,341300
2010-03-22,79.56999969482422,79.62999725341797,79.55000305175781,79.62000274658203,49.206390380859375,484000
2010-03-23,79.6500015258789,79.69999694824219,79.58000183105469,79.62000274658203,49.206390380859375,538700
2010-03-24,79.37000274658203,79.47000122070312,79.13999938964844,79.22000122070312,48.95919418334961,654000
2010-03-25,79.19000244140625,79.20999908447266,78.83999633789062,78.97000122070312,48.804691314697266,998900
2010-03-26,79.02999877929688,79.18000030517578,78.94999694824219,79.13999938964844,48.90980529785156,863200
2010-03-29,79.12000274658203,79.18000030517578,78.97000122070312,78.97000122070312,48.804691314697266,853200
2010-03-30,79.08999633789062,79.13999938964844,78.9800033569336,79.12999725341797,48.903587341308594,465600
2010-03-31,79.2300033569336,79.27999877929688,79.12999725341797,79.19999694824219,48.946842193603516,463000
2010-04-01,78.9800033569336,78.9800033569336,78.83999633789062,78.93000030517578,48.93132400512695,605200
2010-04-05,78.68000030517578,78.69000244140625,78.4000015258789,78.47000122070312,48.64619445800781,817000
2010-04-06,78.52999877929688,78.58999633789062,78.5,78.52999877929688,48.68337631225586,487900
2010-04-07,78.5999984741211,78.87999725341797,78.5999984741211,78.83000183105469,48.86935806274414,526900
2010-04-08,78.97000122070312,78.9800033569336,78.7699966430664,78.79000091552734,48.844573974609375,669600
2010-04-09,78.86000061035156,78.9800033569336,78.79000091552734,78.94000244140625,48.93755340576172,338100
2010-04-12,78.94000244140625,79.08999633789062,78.93000030517578,79.0199966430664,48.98714828491211,606500
2010-04-13,79.18000030517578,79.19999694824219,79.06999969482422,79.18000030517578,49.08631896972656,464600
2010-04-14,79.19000244140625,79.25,79.06999969482422,79.12000274658203,49.04912185668945,605000
2010-04-15,79.08999633789062,79.2699966430664,78.97000122070312,79.23999786376953,49.123504638671875,712200
2010-04-16,79.30999755859375,79.41999816894531,79.25,79.41000366210938,49.22888946533203,481900
2010-04-19,79.45999908447266,79.45999908447266,79.26000213623047,79.30999755859375,49.16692352294922,436600
2010-04-20,79.37999725341797,79.38999938964844,79.27999877929688,79.38999938964844,49.21652603149414,391100
2010-04-21,79.4000015258789,79.5,79.36000061035156,79.44999694824219,49.253684997558594,704900
2010-04-22,79.5,79.58999633789062,79.36000061035156,79.4000015258789,49.22272491455078,476400
2010-04-23,79.33999633789062,79.37000274658203,79.22000122070312,79.33999633789062,49.18552017211914,533300
2010-04-26,79.44999694824219,79.44999694824219,79.27999877929688,79.30000305175781,49.16074752807617,447200
2010-04-27,79.44999694824219,79.6500015258789,79.4000015258789,79.58999633789062,49.34050369262695,598500
2010-04-28,79.55999755859375,79.58999633789062,79.41999816894531,79.54000091552734,49.3094596862793,733100
2010-04-29,79.58000183105469,79.66000366210938,79.48999786376953,79.56999969482422,49.328102111816406,689300
2010-04-30,79.68000030517578,79.8499984741211,79.5999984741211,79.80000305175781,49.4707145690918,516100
2010-05-03,79.44999694824219,79.52999877929688,79.37000274658203,79.5199966430664,49.443965911865234,533800
2010-05-04,79.70999908447266,79.79000091552734,79.62000274658203,79.75,49.58695983886719,468400
2010-05-05,79.87000274658203,79.98999786376953,79.75,79.79000091552734,49.61184310913086,504900
2010-05-06,79.80999755859375,81.33999633789062,78.87000274658203,80.0999984741211,49.804595947265625,1561600
2010-05-07,80.13999938964844,80.51000213623047,79.9000015258789,79.9000015258789,49.680198669433594,767500
2010-05-10,79.72000122070312,79.98999786376953,79.70999908447266,79.80999755859375,49.62427520751953,517000
2010-05-11,79.91000366210938,79.93000030517578,79.7300033569336,79.91999816894531,49.69267654418945,568700
2010-05-12,79.91000366210938,79.94000244140625,79.69000244140625,79.69999694824219,49.55585479736328,2226900
2010-05-13,79.94999694824219,79.94999694824219,79.70999908447266,79.8499984741211,49.649147033691406,413300
2010-05-14,80.04000091552734,80.26000213623047,79.97000122070312,80.12000274658203,49.81705093383789,698500
2010-05-17,80.22000122070312,80.37999725341797,80.06999969482422,80.12999725341797,49.82323455810547,380900
2010-05-18,80.2300033569336,80.4800033569336,80.05000305175781,80.43000030517578,50.009769439697266,753200
2010-05-19,80.33999633789062,80.54000091552734,80.31999969482422,80.44999694824219,50.0222053527832,459400
2010-05-20,80.6500015258789,80.69999694824219,80.4000015258789,80.58999633789062,50.10924530029297,801300
2010-05-21,80.91000366210938,80.9800033569336,80.5999984741211,80.69999694824219,50.1776237487793,997400
2010-05-24,80.69999694824219,80.7699966430664,80.63999938964844,80.69000244140625,50.17142105102539,836400
2010-05-25,80.81999969482422,80.94000244140625,80.5,80.70999908447266,50.18386459350586,1072100
2010-05-26,80.58000183105469,80.62000274658203,80.37000274658203,80.61000061035156,50.1217155456543,700200
2010-05-27,80.41000366210938,80.41000366210938,80.18000030517578,80.30000305175781,49.92894744873047,870700
2010-05-28,80.3499984741211,80.5,80.30000305175781,80.45999908447266,50.028404235839844,511900
2010-06-01,80.25,80.37000274658203,80.13999938964844,80.27999877929688,50.06834030151367,595400
2010-06-02,80.25,80.31999969482422,80.13999938964844,80.20999908447266,50.024681091308594,2665400
2010-06-03,80.0,80.19000244140625,80.0,80.12000274658203,49.968544006347656,1188600
2010-06-04,80.31999969482422,80.47000122070312,80.23999786376953,80.33999633789062,50.105735778808594,2046300
2010-06-07,80.30999755859375,80.61000061035156,80.30999755859375,80.58999633789062,50.26164245605469,472900
2010-06-08,80.5,80.63999938964844,80.5,80.55999755859375,50.24299621582031,538700
2010-06-09,80.45999908447266,80.58999633789062,80.36000061035156,80.55999755859375,50.24299621582031,446300
2010-06-10,80.36000061035156,80.44999694824219,80.19999694824219,80.2300033569336,50.03718566894531,845800
2010-06-11,80.33999633789062,80.47000122070312,80.23999786376953,80.36000061035156,50.11822509765625,621300
2010-06-14,80.30000305175781,80.4000015258789,80.19999694824219,80.37999725341797,50.130699157714844,539600
2010-06-15,80.44000244140625,80.47000122070312,80.19999694824219,80.23999786376953,50.043392181396484,808100
2010-06-16,80.36000061035156,80.44000244140625,80.29000091552734,80.43000030517578,50.1618766784668,662000
2010-06-17,80.47000122070312,80.72000122070312,80.45999908447266,80.6500015258789,50.299095153808594,785200
2010-06-18,80.66999816894531,80.69999694824219,80.58000183105469,80.62000274658203,50.280372619628906,902100
2010-06-21,80.45999908447266,80.68000030517578,80.45999908447266,80.63999938964844,50.29283142089844,624500
2010-06-22,80.69999694824219,80.87000274658203,80.63999938964844,80.83000183105469,50.411346435546875,496900
2010-06-23,80.9000015258789,81.0999984741211,80.81999969482422,81.02999877929688,50.53607940673828,583500
2010-06-24,81.11000061035156,81.12000274658203,80.83999633789062,80.91999816894531,50.46748352050781,451400
2010-06-25,80.91999816894531,81.08999633789062,80.9000015258789,81.0199966430664,50.52986145019531,449400
2010-06-28,81.11000061035156,81.2300033569336,81.05999755859375,81.16999816894531,50.6234016418457,1230200
2010-06-29,81.19000244140625,81.37000274658203,81.19000244140625,81.36000061035156,50.74185562133789,1188300
2010-06-30,81.4000015258789,81.44999694824219,81.2300033569336,81.37999725341797,50.75437545776367,1286700
2010-07-01,81.26000213623047,81.33000183105469,81.11000061035156,81.19000244140625,50.77873611450195,1631400
2010-07-02,81.16000366210938,81.2300033569336,81.02999877929688,81.13999938964844,50.747501373291016,640400
2010-07-06,81.13999938964844,81.36000061035156,81.12000274658203,81.33999633789062,50.87258529663086,787900
2010-07-07,81.37000274658203,81.37999725341797,81.20999908447266,81.23999786376953,50.81003952026367,588100
2010-07-08,81.11000061035156,81.25,81.02999877929688,81.18000030517578,50.772483825683594,619500
2010-07-09,81.11000061035156,81.12000274658203,81.0,81.08999633789062,50.71623992919922,582400
2010-07-12,81.13999938964844,81.20999908447266,81.05999755859375,81.12000274658203,50.734962463378906,425700
2010-07-13,81.06999969482422,81.06999969482422,80.91999816894531,80.9800033569336,50.647422790527344,514100
2010-07-14,81.08999633789062,81.2300033569336,81.01000213623047,81.19000244140625,50.77873611450195,795800
2010-07-15,81.23999786376953,81.4000015258789,81.16999816894531,81.2699966430664,50.828800201416016,2924400
2010-07-16,81.37999725341797,81.58000183105469,81.29000091552734,81.54000091552734,50.99766540527344,350800
2010-07-19,81.58000183105469,81.61000061035156,81.44000244140625,81.44999694824219,50.94137191772461,455600
2010-07-20,81.58999633789062,81.62999725341797,81.44000244140625,81.44000244140625,50.935089111328125,2581000
2010-07-21,81.48999786376953,81.79000091552734,81.48999786376953,81.7300033569336,51.116485595703125,791100
2010-07-22,81.72000122070312,81.72000122070312,81.58999633789062,81.63999938964844,51.06018829345703,473900
2010-07-23,81.63999938964844,81.6500015258789,81.44999694824219,81.5,50.97266387939453,713500
2010-07-26,81.5199966430664,81.55999755859375,81.4000015258789,81.54000091552734,50.99766540527344,570400
2010-07-27,81.38999938964844,81.55999755859375,81.38999938964844,81.5,50.97266387939453,815500
2010-07-28,81.44999694824219,81.66999816894531,81.44999694824219,81.63999938964844,51.06018829345703,513600
2010-07-29,81.63999938964844,81.75,81.54000091552734,81.7300033569336,51.116485595703125,507100
2010-07-30,81.93000030517578,81.95999908447266,81.80000305175781,81.8499984741211,51.19154739379883,1510600
2010-08-02,81.61000061035156,81.62999725341797,81.51000213623047,81.5999984741211,51.18024444580078,2218700
2010-08-03,81.75,81.83000183105469,81.5999984741211,81.81999969482422,51.31822204589844,1232500
2010-08-04,81.7699966430664,81.79000091552734,81.62000274658203,81.66000366210938,51.217864990234375,1559400
2010-08-05,81.75,81.80000305175781,81.68000030517578,81.79000091552734,51.29945755004883,753400
2010-08-06,81.91999816894531,82.02999877929688,81.83000183105469,82.02999877929688,51.44993591308594,2527100
2010-08-09,81.9800033569336,82.0,81.86000061035156,81.93000030517578,51.38723373413086,427000
2010-08-10,81.91999816894531,82.11000061035156,81.8499984741211,82.0999984741211,51.49387741088867,1123200
2010-08-11,82.13999938964844,82.19999694824219,82.08000183105469,82.16000366210938,51.5314826965332,865000
2010-08-12,82.06999969482422,82.18000030517578,81.9800033569336,82.01000213623047,51.437400817871094,482900
2010-08-13,82.11000061035156,82.25,82.01000213623047,82.23999786376953,51.58167266845703,670400
2010-08-16,82.5199966430664,82.5999984741211,82.44000244140625,82.55000305175781,51.7761116027832,585500
2010-08-17,82.4800033569336,82.48999786376953,82.3499984741211,82.43000030517578,51.70085144042969,823700
2010-08-18,82.48999786376953,82.52999877929688,82.3499984741211,82.37999725341797,51.66950225830078,500300
2010-08-19,82.27999877929688,82.5999984741211,82.27999877929688,82.56999969482422,51.78866195678711,490300
2010-08-20,82.58999633789062,82.5999984741211,82.44000244140625,82.45999908447266,51.71966552734375,626400
2010-08-23,82.37000274658203,82.55000305175781,82.37000274658203,82.51000213623047,51.75102615356445,399200
2010-08-24,82.69999694824219,82.83000183105469,82.63999938964844,82.80000305175781,51.93290710449219,543000
2010-08-25,82.87000274658203,82.9800033569336,82.61000061035156,82.69000244140625,51.863922119140625,1040100
2010-08-26,82.70999908447266,82.80000305175781,82.63999938964844,82.76000213623047,51.90782165527344,459400
2010-08-27,82.68000030517578,82.83000183105469,82.36000061035156,82.37999725341797,51.66950225830078,736600
2010-08-30,82.56999969482422,82.75,82.5,82.75,51.901573181152344,499700
2010-08-31,82.80999755859375,82.91999816894531,82.80000305175781,82.88999938964844,51.98936080932617,553800
2010-09-01,82.58000183105469,82.5999984741211,82.23999786376953,82.4000015258789,51.823307037353516,547900
2010-09-02,82.30999755859375,82.3499984741211,82.19000244140625,82.23999786376953,51.72269058227539,636800
2010-09-03,82.02999877929688,82.12999725341797,81.87999725341797,82.08999633789062,51.62834548950195,814100
2010-09-07,82.29000091552734,82.45999908447266,82.18000030517578,82.44000244140625,51.8484992980957,751900
2010-09-08,82.29000091552734,82.31999969482422,82.19000244140625,82.20999908447266,51.70381164550781,499800
2010-09-09,82.08000183105469,82.12000274658203,81.87000274658203,81.9000015258789,51.50887680053711,586000
2010-09-10,81.83000183105469,81.87999725341797,81.72000122070312,81.80000305175781,51.44598388671875,417400
2010-09-13,81.77999877929688,82.06999969482422,81.76000213623047,82.01000213623047,51.57802963256836,732400
2010-09-14,82.0,82.19999694824219,82.0,82.12999725341797,51.65354537963867,678800
2010-09-15,82.08000183105469,82.18000030517578,82.01000213623047,82.05000305175781,51.603187561035156,469300
2010-09-16,81.94999694824219,82.0,81.80999755859375,81.91999816894531,51.521427154541016,490600
2010-09-17,81.98999786376953,82.12999725341797,81.97000122070312,82.0,51.57173156738281,553400
2010-09-20,81.9800033569336,82.08999633789062,81.94999694824219,82.05999755859375,51.60948944091797,510300
2010-09-21,82.06999969482422,82.41999816894531,82.06999969482422,82.36000061035156,51.79819869995117,577700
2010-09-22,82.44999694824219,82.56999969482422,82.38999938964844,82.43000030517578,51.842201232910156,497700
2010-09-23,82.58000183105469,82.58999633789062,82.4000015258789,82.44999694824219,51.854774475097656,684300
2010-09-24,82.41000366210938,82.41000366210938,82.23999786376953,82.26000213623047,51.73527145385742,563500
2010-09-27,82.44999694824219,82.63999938964844,82.37999725341797,82.61000061035156,51.955421447753906,785900
2010-09-28,82.61000061035156,82.83000183105469,82.61000061035156,82.79000091552734,52.068603515625,818200
2010-09-29,82.77999877929688,82.79000091552734,82.66000366210938,82.69999694824219,52.011993408203125,430600
2010-09-30,82.63999938964844,82.69999694824219,82.38999938964844,82.66000366210938,51.986839294433594,770400
2010-10-01,82.38999938964844,82.43000030517578,82.22000122070312,82.37000274658203,51.94454574584961,1249200
2010-10-04,82.45999908447266,82.58999633789062,82.38999938964844,82.58000183105469,52.077030181884766,571700
2010-10-05,82.55000305175781,82.63999938964844,82.51000213623047,82.5999984741211,52.089630126953125,758800
2010-10-06,82.8499984741211,82.88999938964844,82.76000213623047,82.79000091552734,52.20945358276367,454000
2010-10-07,82.88999938964844,82.94999694824219,82.83000183105469,82.93000030517578,52.29774856567383,559800
2010-10-08,83.0,83.05999755859375,82.83000183105469,82.83000183105469,52.23469924926758,1220000
2010-10-11,82.94999694824219,82.95999908447266,82.79000091552734,82.80000305175781,52.21573257446289,442300
2010-10-12,82.91000366210938,82.93000030517578,82.72000122070312,82.72000122070312,52.165313720703125,431400
2010-10-13,82.75,82.86000061035156,82.66000366210938,82.8499984741211,52.2473030090332,612500
2010-10-14,82.73999786376953,82.83999633789062,82.5199966430664,82.52999877929688,52.04551315307617,926900
2010-10-15,82.41000366210938,82.54000091552734,82.33999633789062,82.33999633789062,51.92569351196289,829400
2010-10-18,82.5199966430664,82.68000030517578,82.45999908447266,82.6500015258789,52.12117385864258,486900
2010-10-19,82.5,82.80000305175781,82.5,82.7699966430664,52.19683837890625,470800
2010-10-20,82.73999786376953,82.87999725341797,82.66999816894531,82.73999786376953,52.17790985107422,602700
2010-10-21,82.75,82.79000091552734,82.6500015258789,82.66999816894531,52.133758544921875,673900
2010-10-22,82.63999938964844,82.7300033569336,82.61000061035156,82.62000274658203,52.102272033691406,524400
2010-10-25,82.79000091552734,82.83000183105469,82.62000274658203,82.66999816894531,52.133758544921875,1413900
2010-10-26,82.5,82.58000183105469,82.41000366210938,82.44000244140625,51.98877716064453,386600
2010-10-27,82.33999633789062,82.41000366210938,82.23999786376953,82.2699966430664,51.88150405883789,1980200
2010-10-28,82.41999816894531,82.55000305175781,82.37000274658203,82.55000305175781,52.05813217163086,700500
2010-10-29,82.61000061035156,82.70999908447266,82.56999969482422,82.69999694824219,52.15269088745117,442900
2010-11-01,82.63999938964844,82.68000030517578,82.38999938964844,82.47000122070312,52.151432037353516,648700
2010-11-02,82.62999725341797,82.62999725341797,82.55000305175781,82.61000061035156,52.23997497558594,870300
2010-11-03,82.77999877929688,82.91999816894531,82.5199966430664,82.69999694824219,52.29688262939453,1443800
2010-11-04,82.87000274658203,83.0,82.83999633789062,82.95999908447266,52.461273193359375,838100
2010-11-05,82.76000213623047,82.86000061035156,82.61000061035156,82.61000061035156,52.23997497558594,1200000
2010-11-08,82.66999816894531,82.72000122070312,82.61000061035156,82.62999725341797,52.25264358520508,556900
2010-11-09,82.62999725341797,82.6500015258789,82.19000244140625,82.20999908447266,51.98699951171875,502300
2010-11-10,82.19999694824219,82.2699966430664,81.86000061035156,82.18000030517578,51.968082427978516,884000
2010-11-11,82.25,82.26000213623047,82.05999755859375,82.20999908447266,51.98699951171875,252900
2010-11-12,82.08999633789062,82.19000244140625,81.80999755859375,81.83999633789062,51.75307083129883,779900
2010-11-15,81.68000030517578,81.77999877929688,81.38999938964844,81.44999694824219,51.50640106201172,1803700
2010-11-16,81.52999877929688,81.72000122070312,81.26000213623047,81.72000122070312,51.677146911621094,1044200
2010-11-17,81.76000213623047,81.9000015258789,81.66000366210938,81.73999786376953,51.68979263305664,507300
2010-11-18,81.68000030517578,81.73999786376953,81.52999877929688,81.73999786376953,51.68979263305664,558600
2010-11-19,81.7300033569336,81.83999633789062,81.66999816894531,81.76000213623047,51.70245361328125,1286400
2010-11-22,81.88999938964844,82.0,81.88999938964844,82.0,51.854217529296875,650500
2010-11-23,82.08999633789062,82.20999908447266,82.0199966430664,82.0199966430664,51.86684799194336,728000
2010-11-24,81.86000061035156,81.9000015258789,81.5999984741211,81.62999725341797,51.6202507019043,539400
2010-11-26,81.80999755859375,81.81999969482422,81.61000061035156,81.81999969482422,51.74040603637695,341200
2010-11-29,81.95999908447266,81.95999908447266,81.7699966430664,81.87999725341797,51.77833938598633,373100
2010-11-30,82.12000274658203,82.13999938964844,81.87000274658203,81.91000366210938,51.79730224609375,517500
2010-12-01,81.36000061035156,81.47000122070312,81.16000366210938,81.19000244140625,51.48026657104492,1170600
2010-12-02,81.1500015258789,81.31999969482422,81.0999984741211,81.12000274658203,51.43588638305664,720300
2010-12-03,81.37000274658203,81.44999694824219,81.18000030517578,81.25,51.518333435058594,569200
2010-12-06,81.37000274658203,81.5199966430664,81.33000183105469,81.5199966430664,51.68952941894531,1060300
2010-12-07,81.23999786376953,81.2699966430664,80.77999877929688,80.93000030517578,51.315391540527344,990300
2010-12-08,80.62999725341797,80.66000366210938,80.25,80.51000213623047,51.049137115478516,966500
2010-12-09,80.63999938964844,80.72000122070312,80.44999694824219,80.58000183105469,51.09349060058594,791900
2010-12-10,80.5199966430664,80.55000305175781,80.31999969482422,80.31999969482422,50.92867660522461,934600
2010-12-13,80.23999786376953,80.58999633789062,80.18000030517578,80.52999877929688,51.06177520751953,1026300
2010-12-14,80.33000183105469,80.43000030517578,79.91000366210938,80.0199966430664,50.738407135009766,1305100
2010-12-15,80.08999633789062,80.16999816894531,79.70999908447266,79.7699966430664,50.57987594604492,926500
2010-12-16,79.72000122070312,79.98999786376953,79.58999633789062,79.94999694824219,50.694007873535156,1117000
2010-12-17,80.0,80.4800033569336,80.0,80.44000244140625,51.00468826293945,868800
2010-12-20,80.5199966430664,80.69999694824219,80.37999725341797,80.48999786376953,51.03644943237305,639600
2010-12-21,80.55000305175781,80.5999984741211,80.37999725341797,80.58000183105469,51.09349060058594,1499700
2010-12-22,80.58000183105469,80.62000274658203,80.43000030517578,80.48999786376953,51.03644943237305,546700
2010-12-23,80.43000030517578,80.43000030517578,80.31999969482422,80.4000015258789,50.97936248779297,477000
2010-12-27,79.79000091552734,80.04000091552734,79.69999694824219,80.04000091552734,51.12179183959961,514800
2010-12-28,79.94000244140625,79.97000122070312,79.5199966430664,79.5199966430664,50.78962707519531,688600
2010-12-29,79.55999755859375,80.08000183105469,79.54000091552734,79.98999786376953,51.08982467651367,642100
2010-12-30,79.97000122070312,80.0199966430664,79.77999877929688,80.0,51.09624099731445,670800
2010-12-31,80.0,80.30999755859375,80.0,80.2699966430664,51.2686882019043,534500
2011-01-03,80.02999877929688,80.2300033569336,79.95999908447266,80.16999816894531,51.20480728149414,936500
2011-01-04,80.22000122070312,80.33000183105469,80.08000183105469,80.18000030517578,51.21120834350586,1784100
2011-01-05,79.93000030517578,79.9800033569336,79.68000030517578,79.83000183105469,50.987667083740234,837300
2011-01-06,79.9000015258789,79.95999908447266,79.7699966430664,79.9000015258789,51.03241729736328,591000
2011-01-07,80.0,80.30000305175781,79.94000244140625,80.19999694824219,51.22400665283203,847000
2011-01-10,80.29000091552734,80.38999938964844,80.20999908447266,80.38999938964844,51.345306396484375,509800
2011-01-11,80.37999725341797,80.38999938964844,80.13999938964844,80.2300033569336,51.24314498901367,980700
2011-01-12,80.0999984741211,80.25,80.0,80.18000030517578,51.21120834350586,517500
2011-01-13,80.11000061035156,80.43000030517578,80.11000061035156,80.43000030517578,51.37089920043945,1025900
2011-01-14,80.4800033569336,80.54000091552734,80.30000305175781,80.31999969482422,51.300662994384766,1107000
2011-01-18,80.25,80.30000305175781,80.0999984741211,80.23999786376953,51.24952697753906,766200
2011-01-19,80.26000213623047,80.37000274658203,80.19999694824219,80.33999633789062,51.31338882446289,722200
2011-01-20,80.19000244140625,80.22000122070312,79.93000030517578,80.04000091552734,51.12179183959961,1012000
2011-01-21,80.0199966430664,80.19999694824219,79.9800033569336,80.19999694824219,51.22400665283203,573300
2011-01-24,80.18000030517578,80.30999755859375,80.16999816894531,80.19000244140625,51.21759033203125,582000
2011-01-25,80.2699966430664,80.4800033569336,80.1500015258789,80.4000015258789,51.351715087890625,1380800
2011-01-26,80.27999877929688,80.33999633789062,80.12000274658203,80.12000274658203,51.17288589477539,1104100
2011-01-27,80.19000244140625,80.3499984741211,80.12000274658203,80.27999877929688,51.27506637573242,441100
2011-01-28,80.1500015258789,80.5,80.12999725341797,80.44999694824219,51.383644104003906,1006300
2011-01-31,80.41999816894531,80.45999908447266,80.26000213623047,80.33999633789062,51.31338882446289,1061200
2011-02-01,79.98999786376953,80.05000305175781,79.83999633789062,79.95999908447266,51.21416473388672,1186900
2011-02-02,80.02999877929688,80.05999755859375,79.79000091552734,79.87000274658203,51.156490325927734,810400
2011-02-03,79.69999694824219,79.80999755859375,79.5999984741211,79.5999984741211,50.98355484008789,851500
2011-02-04,79.5199966430664,79.58000183105469,79.27999877929688,79.33000183105469,50.81061935424805,988600
2011-02-07,79.25,79.4000015258789,79.20999908447266,79.33999633789062,50.81698989868164,1222300
2011-02-08,79.33999633789062,79.37999725341797,79.06999969482422,79.08999633789062,50.65689468383789,994100
2011-02-09,79.12000274658203,79.4000015258789,79.0199966430664,79.27999877929688,50.77859878540039,1252300
2011-02-10,79.16999816894531,79.27999877929688,79.0199966430664,79.02999877929688,50.618465423583984,519000
2011-02-11,79.30000305175781,79.41000366210938,79.19999694824219,79.30000305175781,50.7913703918457,769000
2011-02-14,79.27999877929688,79.55000305175781,79.23999786376953,79.38999938964844,50.84904861450195,559300
2011-02-15,79.37000274658203,79.52999877929688,79.33999633789062,79.5,50.91948699951172,473400
2011-02-16,79.5,79.63999938964844,79.41999816894531,79.52999877929688,50.938716888427734,635400
2011-02-17,79.66999816894531,79.7300033569336,79.62999725341797,79.6500015258789,51.01557540893555,561800
2011-02-18,79.55999755859375,79.68000030517578,79.5,79.6500015258789,51.01557540893555,555800
2011-02-22,79.7300033569336,79.9800033569336,79.72000122070312,79.94999694824219,51.20769119262695,1618800
2011-02-23,80.0199966430664,80.11000061035156,79.91000366210938,79.94000244140625,51.20132827758789,638700
2011-02-24,80.01000213623047,80.13999938964844,79.9800033569336,80.0199966430664,51.252532958984375,939000
2011-02-25,80.0999984741211,80.23999786376953,80.05999755859375,80.23999786376953,51.393455505371094,998100
2011-02-28,80.23999786376953,80.3499984741211,80.19999694824219,80.3499984741211,51.463951110839844,1833400
2011-03-01,79.91999816894531,80.12999725341797,79.87000274658203,80.0999984741211,51.43951416015625,558500
2011-03-02,80.06999969482422,80.18000030517578,79.91999816894531,79.94000244140625,51.336753845214844,595200
2011-03-03,79.7699966430664,79.79000091552734,79.58000183105469,79.62000274658203,51.1312370300293,840700
2011-03-04,79.73999786376953,79.91999816894531,79.72000122070312,79.88999938964844,51.304649353027344,960000
2011-03-07,79.80999755859375,80.0199966430664,79.77999877929688,79.87999725341797,51.298221588134766,443900
2011-03-08,79.8499984741211,79.88999938964844,79.76000213623047,79.80999755859375,51.25326156616211,499600
2011-03-09,79.87999725341797,80.06999969482422,79.79000091552734,79.94999694824219,51.343170166015625,712800
2011-03-10,80.1500015258789,80.33999633789062,80.02999877929688,80.31999969482422,51.580814361572266,553100
2011-03-11,80.3499984741211,80.38999938964844,80.2699966430664,80.33000183105469,51.58720397949219,724200
2011-03-14,80.43000030517578,80.54000091552734,80.4000015258789,80.41000366210938,51.63856506347656,568800
2011-03-15,80.66999816894531,80.69000244140625,80.44999694824219,80.45999908447266,51.67070770263672,601100
2011-03-16,80.66999816894531,81.16000366210938,80.58999633789062,80.83999633789062,51.91473388671875,875800
2011-03-17,80.69000244140625,80.79000091552734,80.55000305175781,80.72000122070312,51.837677001953125,540100
2011-03-18,80.58000183105469,80.72000122070312,80.54000091552734,80.70999908447266,51.83128356933594,533600
2011-03-21,80.6500015258789,80.6500015258789,80.4000015258789,80.4800033569336,51.683536529541016,813800
2011-03-22,80.41000366210938,80.4800033569336,80.37000274658203,80.44999694824219,51.66427993774414,999300
2011-03-23,80.58999633789062,80.62000274658203,80.38999938964844,80.41999816894531,51.644989013671875,1049500
2011-03-24,80.38999938964844,80.41999816894531,80.2699966430664,80.29000091552734,51.5615348815918,650000
2011-03-25,80.36000061035156,80.38999938964844,80.12000274658203,80.18000030517578,51.490875244140625,727400
2011-03-28,80.05999755859375,80.18000030517578,80.04000091552734,80.11000061035156,51.44596481323242,810700
2011-03-29,80.08000183105469,80.19000244140625,79.93000030517578,79.97000122070312,51.355995178222656,649500
2011-03-30,80.05000305175781,80.13999938964844,79.9800033569336,80.11000061035156,51.44596481323242,746900
2011-03-31,80.20999908447266,80.23999786376953,80.0,80.0199966430664,51.38813781738281,717300
2011-04-01,79.69000244140625,79.93000030517578,79.66000366210938,79.88999938964844,51.45124816894531,953300
2011-04-04,79.9800033569336,80.08999633789062,79.93000030517578,79.98999786376953,51.51566696166992,605000
2011-04-05,79.93000030517578,79.97000122070312,79.79000091552734,79.80999755859375,51.39973068237305,990900
2011-04-06,79.7699966430664,79.79000091552734,79.69000244140625,79.69000244140625,51.32246780395508,476600
2011-04-07,79.7300033569336,79.77999877929688,79.5999984741211,79.66999816894531,51.309593200683594,679700
2011-04-08,79.55999755859375,79.66999816894531,79.54000091552734,79.62000274658203,51.27734375,687500
2011-04-11,79.62000274658203,79.70999908447266,79.56999969482422,79.62999725341797,51.28382873535156,444000
2011-04-12,79.7699966430664,79.94999694824219,79.7699966430664,79.91000366210938,51.464202880859375,778200
2011-04-13,79.86000061035156,80.08999633789062,79.83999633789062,80.05999755859375,51.56074142456055,514500
2011-04-14,80.08999633789062,80.1500015258789,80.0,80.0199966430664,51.53498458862305,562100
2011-04-15,80.19000244140625,80.27999877929688,80.16000366210938,80.2699966430664,51.69596481323242,1045900
2011-04-18,80.25,80.44999694824219,80.19000244140625,80.36000061035156,51.753944396972656,795500
2011-04-19,80.45999908447266,80.54000091552734,80.41999816894531,80.48999786376953,51.837669372558594,531200
2011-04-20,80.43000030517578,80.5,80.36000061035156,80.37999725341797,51.7668342590332,631200
2011-04-21,80.38999938964844,80.4800033569336,80.37999725341797,80.44000244140625,51.80542755126953,568100
2011-04-25,80.45999908447266,80.54000091552734,80.41000366210938,80.48999786376953,51.837669372558594,719400
2011-04-26,80.58000183105469,80.75,80.55999755859375,80.73999786376953,51.9986686706543,538200
2011-04-27,80.58999633789062,80.7300033569336,80.55000305175781,80.69999694824219,51.97288513183594,760700
2011-04-28,80.79000091552734,80.87000274658203,80.73999786376953,80.8499984741211,52.069496154785156,1046600
2011-04-29,80.80999755859375,80.98999786376953,80.80999755859375,80.95999908447266,52.14040756225586,526000
2011-05-02,80.86000061035156,80.86000061035156,80.69000244140625,80.76000213623047,52.15523910522461,820700
2011-05-03,80.83999633789062,80.87999725341797,80.75,80.8499984741211,52.21335983276367,693400
2011-05-04,80.86000061035156,81.0,80.83000183105469,80.94999694824219,52.27792739868164,821600
2011-05-05,81.01000213623047,81.16999816894531,80.98999786376953,81.12999725341797,52.39417266845703,581500
2011-05-06,81.05000305175781,81.29000091552734,80.98999786376953,81.19000244140625,52.43292999267578,602600
2011-05-09,81.23999786376953,81.30000305175781,81.19000244140625,81.26000213623047,52.47812271118164,544300
2011-05-10,81.19000244140625,81.20999908447266,81.02999877929688,81.05000305175781,52.34247970581055,643600
2011-05-11,81.0199966430664,81.20999908447266,80.9800033569336,81.1500015258789,52.407066345214844,570800
2011-05-12,81.11000061035156,81.19999694824219,81.0,81.06999969482422,52.355411529541016,994000
2011-05-13,81.18000030517578,81.36000061035156,81.16000366210938,81.19000244140625,52.43292999267578,696200
2011-05-16,81.26000213623047,81.38999938964844,81.19000244140625,81.37999725341797,52.55561828613281,1271500
2011-05-17,81.48999786376953,81.54000091552734,81.44000244140625,81.51000213623047,52.63957595825195,713200
2011-05-18,81.47000122070312,81.48999786376953,81.2699966430664,81.27999877929688,52.49102783203125,705300
2011-05-19,81.04000091552734,81.29000091552734,81.04000091552734,81.25,52.47162628173828,759900
2011-05-20,81.26000213623047,81.38999938964844,81.26000213623047,81.31999969482422,52.51683044433594,752700
2011-05-23,81.52999877929688,81.52999877929688,81.37000274658203,81.37000274658203,52.54914474487305,540400
2011-05-24,81.37000274658203,81.44999694824219,81.30999755859375,81.41999816894531,52.58141326904297,1002500
2011-05-25,81.48999786376953,81.5199966430664,81.37999725341797,81.44999694824219,52.600799560546875,486300
2011-05-26,81.48999786376953,81.6500015258789,81.44999694824219,81.55999755859375,52.67182922363281,1436000
2011-05-27,81.58999633789062,81.62000274658203,81.54000091552734,81.58999633789062,52.69125747680664,774700
2011-05-31,81.55000305175781,81.75,81.45999908447266,81.69000244140625,52.75580596923828,1267900
2011-06-01,81.62999725341797,81.86000061035156,81.5999984741211,81.86000061035156,53.01095962524414,1058300
2011-06-02,81.68000030517578,81.73999786376953,81.52999877929688,81.52999877929688,52.79727554321289,892100
2011-06-03,81.83000183105469,81.83000183105469,81.54000091552734,81.66999816894531,52.88791275024414,747300
2011-06-06,81.55999755859375,81.69000244140625,81.55000305175781,81.62000274658203,52.855525970458984,841900
2011-06-07,81.55999755859375,81.7300033569336,81.48999786376953,81.72000122070312,52.92031478881836,917800
2011-06-08,81.7699966430664,81.97000122070312,81.75,81.87999725341797,53.023956298828125,825100
2011-06-09,81.87000274658203,81.88999938964844,81.62999725341797,81.69000244140625,52.900856018066406,1069900
2011-06-10,81.77999877929688,81.87000274658203,81.69000244140625,81.79000091552734,52.96564483642578,975900
2011-06-13,81.66999816894531,81.83999633789062,81.6500015258789,81.70999908447266,52.91381072998047,844200
2011-06-14,81.51000213623047,81.51000213623047,81.37000274658203,81.37000274658203,52.693641662597656,860100
2011-06-15,81.44999694824219,81.77999877929688,81.41000366210938,81.69999694824219,52.90736770629883,1002500
2011-06-16,81.80000305175781,81.87999725341797,81.69999694824219,81.75,52.93971252441406,885200
2011-06-17,81.70999908447266,81.8499984741211,81.69000244140625,81.83000183105469,52.991519927978516,1254100
2011-06-20,81.8499984741211,81.87000274658203,81.66999816894531,81.7300033569336,52.9267463684082,804700
2011-06-21,81.63999938964844,81.83000183105469,81.63999938964844,81.75,52.93971252441406,700300
2011-06-22,81.81999969482422,81.91000366210938,81.68000030517578,81.7699966430664,52.95265579223633,681100
2011-06-23,81.91000366210938,82.04000091552734,81.9000015258789,81.97000122070312,53.08223342895508,925200
2011-06-24,81.93000030517578,82.13999938964844,81.91999816894531,82.05000305175781,53.13399124145508,725000
2011-06-27,82.04000091552734,82.04000091552734,81.7699966430664,81.80999755859375,52.978572845458984,704000
2011-06-28,81.70999908447266,81.72000122070312,81.38999938964844,81.51000213623047,52.7843017578125,2249600
2011-06-29,81.44999694824219,81.5,81.2699966430664,81.33000183105469,52.6677131652832,1438900
2011-06-30,81.41000366210938,81.44000244140625,81.01000213623047,81.16000366210938,52.55763626098633,1808400
2011-07-01,81.04000091552734,81.12000274658203,80.87999725341797,80.9800033569336,52.58171844482422,922700
2011-07-05,81.0999984741211,81.2699966430664,81.0999984741211,81.25,52.756988525390625,739900
2011-07-06,81.26000213623047,81.37000274658203,81.20999908447266,81.30000305175781,52.78947830200195,1144400
2011-07-07,81.11000061035156,81.1500015258789,80.9800033569336,81.12999725341797,52.679073333740234,915900
2011-07-08,81.44000244140625,81.62999725341797,81.41999816894531,81.55000305175781,52.9517822265625,1066800
2011-07-11,81.70999908447266,81.86000061035156,81.68000030517578,81.79000091552734,53.10762023925781,592200
2011-07-12,81.88999938964844,81.91999816894531,81.69999694824219,81.87000274658203,53.159549713134766,882600
2011-07-13,81.79000091552734,81.9800033569336,81.75,81.9800033569336,53.230960845947266,1043600
2011-07-14,81.81999969482422,81.93000030517578,81.66999816894531,81.66999816894531,53.02970504760742,998500
2011-07-15,81.58000183105469,81.87000274658203,81.56999969482422,81.81999969482422,53.12712097167969,574100
2011-07-18,81.83999633789062,81.86000061035156,81.70999908447266,81.70999908447266,53.0556640625,799100
2011-07-19,81.63999938964844,81.94000244140625,81.62999725341797,81.93000030517578,53.19852066040039,799000
2011-07-20,81.87999725341797,81.91999816894531,81.76000213623047,81.80000305175781,53.11412048339844,822100
2011-07-21,81.70999908447266,81.75,81.51000213623047,81.62000274658203,52.99724197387695,656800
2011-07-22,81.70999908447266,81.83999633789062,81.69000244140625,81.83999633789062,53.14011001586914,926000
2011-07-25,81.61000061035156,81.80000305175781,81.52999877929688,81.56999969482422,52.96477508544922,797600
2011-07-26,81.68000030517578,81.86000061035156,81.62999725341797,81.7699966430664,53.09461975097656,605900
2011-07-27,81.66000366210938,81.79000091552734,81.56999969482422,81.5999984741211,52.984283447265625,846300
2011-07-28,81.73999786376953,81.87999725341797,81.69999694824219,81.83999633789062,53.14011001586914,1649000
2011-07-29,81.95999908447266,82.29000091552734,81.86000061035156,82.26000213623047,53.41278076171875,1959000
2011-08-01,82.05000305175781,82.37000274658203,82.0199966430664,82.30000305175781,53.582767486572266,1305200
2011-08-02,82.37000274658203,82.75,82.29000091552734,82.6500015258789,53.81061553955078,1295500
2011-08-03,82.73999786376953,82.94999694824219,82.69000244140625,82.70999908447266,53.84966278076172,1389200
2011-08-04,82.83000183105469,83.22000122070312,82.7699966430664,83.20999908447266,54.17521286010742,1100600
2011-08-05,82.94000244140625,83.16999816894531,82.55999755859375,82.66999816894531,53.82364273071289,1354000
2011-08-08,82.62000274658203,83.18000030517578,82.62000274658203,83.05999755859375,54.07759094238281,4990000
2011-08-09,83.05000305175781,83.9800033569336,82.72000122070312,83.3499984741211,54.26634979248047,2320800
2011-08-10,83.76000213623047,84.04000091552734,83.58000183105469,84.01000213623047,54.69606399536133,2467300
2011-08-11,83.5199966430664,83.72000122070312,83.13999938964844,83.19999694824219,54.168704986572266,1863900
2011-08-12,83.33999633789062,83.6500015258789,83.29000091552734,83.47000122070312,54.3444938659668,1140700
2011-08-15,83.4800033569336,83.58000183105469,83.30999755859375,83.33000183105469,54.25334167480469,1549600
2011-08-16,83.30000305175781,83.63999938964844,83.25,83.58000183105469,54.41608810424805,1283500
2011-08-17,83.5999984741211,83.79000091552734,83.45999908447266,83.7300033569336,54.513763427734375,958800
2011-08-18,84.02999877929688,84.25,83.88999938964844,83.91000366210938,54.630950927734375,2431000
2011-08-19,83.91999816894531,84.02999877929688,83.81999969482422,83.98999786376953,54.683006286621094,1547900
2011-08-22,83.83000183105469,83.9000015258789,83.69999694824219,83.80000305175781,54.55931854248047,1035400
2011-08-23,83.68000030517578,83.80000305175781,83.51000213623047,83.55000305175781,54.39656448364258,1660600
2011-08-24,83.5,83.5,83.05999755859375,83.06999969482422,54.084041595458984,1464900
2011-08-25,83.20999908447266,83.33999633789062,83.12000274658203,83.30000305175781,54.233829498291016,2174800
2011-08-26,83.47000122070312,83.54000091552734,83.22000122070312,83.4000015258789,54.29889678955078,971100
2011-08-29,83.20999908447266,83.2300033569336,83.04000091552734,83.19999694824219,54.168704986572266,1632100
2011-08-30,83.43000030517578,83.56999969482422,83.2300033569336,83.51000213623047,54.37053298950195,830500
2011-08-31,83.62999725341797,83.63999938964844,83.33999633789062,83.4000015258789,54.29889678955078,2267600
2011-09-01,83.31999969482422,83.54000091552734,83.05000305175781,83.54000091552734,54.529335021972656,1902400
2011-09-02,83.75,83.88999938964844,83.62999725341797,83.7699966430664,54.679466247558594,1355800
2011-09-06,83.93000030517578,83.95999908447266,83.77999877929688,83.88999938964844,54.757747650146484,1240900
2011-09-07,83.77999877929688,83.80000305175781,83.62000274658203,83.69999694824219,54.63372802734375,1235500
2011-09-08,83.87000274658203,83.87000274658203,83.63999938964844,83.80999755859375,54.70557403564453,973600
2011-09-09,83.7699966430664,84.0,83.75,83.87999725341797,54.75123977661133,909700
2011-09-12,83.83000183105469,83.8499984741211,83.54000091552734,83.62999725341797,54.58806228637695,2441200
2011-09-13,83.68000030517578,83.68000030517578,83.44000244140625,83.54000091552734,54.529335021972656,995300
2011-09-14,83.5,83.72000122070312,83.5,83.72000122070312,54.64683151245117,1044900
2011-09-15,83.55999755859375,83.62999725341797,83.4800033569336,83.55999755859375,54.542388916015625,1146400
2011-09-16,83.36000061035156,83.5999984741211,83.33999633789062,83.52999877929688,54.52275085449219,1211300
2011-09-19,83.86000061035156,83.97000122070312,83.77999877929688,83.79000091552734,54.692527770996094,1104100
2011-09-20,83.88999938964844,83.94000244140625,83.80000305175781,83.9000015258789,54.7642822265625,705500
2011-09-21,83.91999816894531,84.16999816894531,83.86000061035156,84.12999725341797,54.91444778442383,1434000
2011-09-22,84.38999938964844,84.58000183105469,84.30000305175781,84.33000183105469,55.044960021972656,1033100
2011-09-23,84.38999938964844,84.38999938964844,83.98999786376953,84.05000305175781,54.862213134765625,803000
2011-09-26,83.95999908447266,84.06999969482422,83.75,83.79000091552734,54.692527770996094,986600
2011-09-27,83.62000274658203,83.66999816894531,83.45999908447266,83.62000274658203,54.581546783447266,1943800
2011-09-28,83.5999984741211,83.62999725341797,83.4000015258789,83.44000244140625,54.46403503417969,2090900
2011-09-29,83.36000061035156,83.55000305175781,83.33999633789062,83.43000030517578,54.45749282836914,1204300
2011-09-30,83.63999938964844,83.80000305175781,83.55000305175781,83.73999786376953,54.65987014770508,1283000
2011-10-03,83.69999694824219,84.01000213623047,83.61000061035156,84.0,54.97005081176758,2078800
2011-10-04,84.0,84.05000305175781,83.6500015258789,83.66999816894531,54.754066467285156,1500000
2011-10-05,83.58000183105469,83.5999984741211,83.2699966430664,83.30999755859375,54.51850891113281,3989600
2011-10-06,83.3499984741211,83.38999938964844,83.20999908447266,83.26000213623047,54.48577880859375,1159300
2011-10-07,83.08000183105469,83.25,82.97000122070312,83.08000183105469,54.36799240112305,4949900
2011-10-10,83.05000305175781,83.12999725341797,82.72000122070312,82.95999908447266,54.28946304321289,1072500
2011-10-11,83.01000213623047,83.0199966430664,82.9000015258789,82.91999816894531,54.2632942199707,976200
2011-10-12,82.73999786376953,82.95999908447266,82.72000122070312,82.9000015258789,54.25023651123047,2032400
2011-10-13,83.0199966430664,83.12000274658203,82.9000015258789,83.0,54.315608978271484,1690600
2011-10-14,82.77999877929688,82.94999694824219,82.75,82.8499984741211,54.21745300292969,861400
2011-10-17,82.8499984741211,83.1500015258789,82.8499984741211,83.13999938964844,54.407283782958984,1680700
2011-10-18,83.18000030517578,83.2699966430664,83.01000213623047,83.05000305175781,54.34832763671875,844700
2011-10-19,83.08000183105469,83.36000061035156,83.0199966430664,83.2699966430664,54.49238586425781,1940700
2011-10-20,83.2300033569336,83.41000366210938,83.12000274658203,83.2300033569336,54.466163635253906,1844200
2011-10-21,83.25,83.31999969482422,83.0999984741211,83.0999984741211,54.38105392456055,1885800
2011-10-24,83.12999725341797,83.22000122070312,83.08000183105469,83.16000366210938,54.420372009277344,1261000
2011-10-25,83.1500015258789,83.61000061035156,83.1500015258789,83.58999633789062,54.701744079589844,1615800
2011-10-26,83.45999908447266,83.63999938964844,83.36000061035156,83.37999725341797,54.564292907714844,887900
2011-10-27,83.29000091552734,83.30999755859375,82.9000015258789,82.94999694824219,54.28291702270508,1586200
2011-10-28,83.08999633789062,83.30999755859375,83.01000213623047,83.25,54.47927474975586,654900
2011-10-31,83.55000305175781,83.6500015258789,83.4000015258789,83.62000274658203,54.72138595581055,1457400
2011-11-01,83.80000305175781,84.04000091552734,83.62000274658203,84.02999877929688,55.128135681152344,2003400
2011-11-02,83.77999877929688,84.02999877929688,83.77999877929688,83.9800033569336,55.09538650512695,1038100
2011-11-03,83.80000305175781,83.97000122070312,83.76000213623047,83.7699966430664,54.95759963989258,1275300
2011-11-04,83.75,83.91999816894531,83.7300033569336,83.88999938964844,55.036258697509766,2324000
2011-11-07,83.80999755859375,84.11000061035156,83.7699966430664,83.91000366210938,55.049407958984375,2067200
2011-11-08,83.87999725341797,83.94999694824219,83.62999725341797,83.6500015258789,54.87882614135742,1891400
2011-11-09,83.93000030517578,83.93000030517578,83.66999816894531,83.75,54.94443130493164,1346800
2011-11-10,83.61000061035156,83.7699966430664,83.44999694824219,83.6500015258789,54.87882614135742,2487500
2011-11-11,83.62000274658203,83.63999938964844,83.51000213623047,83.58999633789062,54.83946990966797,698100
2011-11-14,83.66000366210938,83.68000030517578,83.47000122070312,83.5999984741211,54.84604263305664,1279600
2011-11-15,83.63999938964844,83.72000122070312,83.5,83.55000305175781,54.8132209777832,1323200
2011-11-16,83.70999908447266,83.70999908447266,83.58999633789062,83.70999908447266,54.91820526123047,1705400
2011-11-17,83.5999984741211,83.75,83.5199966430664,83.66999816894531,54.891929626464844,1147800
2011-11-18,83.69000244140625,83.69999694824219,83.37999725341797,83.62000274658203,54.859161376953125,1032700
2011-11-21,83.66999816894531,83.7300033569336,83.58000183105469,83.5999984741211,54.84604263305664,2076200
2011-11-22,83.62999725341797,83.7300033569336,83.51000213623047,83.69000244140625,54.90509033203125,1217400
2011-11-23,83.5999984741211,83.83000183105469,83.56999969482422,83.77999877929688,54.9641227722168,1525400
2011-11-25,83.62000274658203,83.79000091552734,83.62000274658203,83.66000366210938,54.885398864746094,1453300
2011-11-28,83.3499984741211,83.7300033569336,83.27999877929688,83.66000366210938,54.885398864746094,1550300
2011-11-29,83.55000305175781,83.69999694824219,83.38999938964844,83.54000091552734,54.80668258666992,744300
2011-11-30,83.48999786376953,83.5,83.1500015258789,83.36000061035156,54.68855285644531,1965300
2011-12-01,83.0999984741211,83.20999908447266,82.83000183105469,83.12999725341797,54.67082595825195,1570600
2011-12-02,83.08000183105469,83.41999816894531,83.02999877929688,83.4000015258789,54.84839630126953,2347000
2011-12-05,83.22000122070312,83.43000030517578,83.0999984741211,83.41000366210938,54.854942321777344,2386300
2011-12-06,83.26000213623047,83.38999938964844,83.18000030517578,83.30000305175781,54.782630920410156,858400
2011-12-07,83.3499984741211,83.5199966430664,83.26000213623047,83.41000366210938,54.854942321777344,1397000
2011-12-08,83.4000015258789,83.66000366210938,83.4000015258789,83.5999984741211,54.97992706298828,1075900
2011-12-09,83.56999969482422,83.68000030517578,83.37000274658203,83.4000015258789,54.84839630126953,1187600
2011-12-12,83.5199966430664,83.58999633789062,83.47000122070312,83.48999786376953,54.907596588134766,841400
2011-12-13,83.41000366210938,83.7699966430664,83.41000366210938,83.69999694824219,55.04568099975586,2088000
2011-12-14,83.73999786376953,83.9000015258789,83.66999816894531,83.86000061035156,55.15088653564453,1996800
2011-12-15,83.77999877929688,83.87000274658203,83.75,83.81999969482422,55.12459945678711,2590900
2011-12-16,83.91999816894531,84.05999755859375,83.91999816894531,84.05000305175781,55.27588653564453,1355900
2011-12-19,84.06999969482422,84.19999694824219,84.0,84.0199966430664,55.256126403808594,1316300
2011-12-20,84.11000061035156,84.11000061035156,83.8499984741211,83.8499984741211,55.14431381225586,1285400
2011-12-21,83.88999938964844,83.9000015258789,83.62000274658203,83.62000274658203,54.99307632446289,1065100
2011-12-22,83.76000213623047,83.83000183105469,83.72000122070312,83.77999877929688,55.09832763671875,859700
2011-12-23,83.04000091552734,83.37999725341797,83.01000213623047,83.29000091552734,55.16849136352539,990300
2011-12-27,83.1500015258789,83.25,82.87999725341797,83.08999633789062,55.0360107421875,1686800
2011-12-28,83.12000274658203,83.43000030517578,83.0199966430664,83.41000366210938,55.24799346923828,1416800
2011-12-29,83.41000366210938,83.55000305175781,83.31999969482422,83.4800033569336,55.29433059692383,1062300
2011-12-30,83.5999984741211,83.6500015258789,83.45999908447266,83.54000091552734,55.33414840698242,1535100
2012-01-03,83.43000030517578,83.43000030517578,83.18000030517578,83.27999877929688,55.16189193725586,2282600
2012-01-04,83.31999969482422,83.36000061035156,83.20999908447266,83.31999969482422,55.1883430480957,2227400
2012-01-05,83.30000305175781,83.41000366210938,83.22000122070312,83.29000091552734,55.16849136352539,1194800
2012-01-06,83.30999755859375,83.44999694824219,83.29000091552734,83.33999633789062,55.20163345336914,1053000
2012-01-09,83.33999633789062,83.55000305175781,83.33999633789062,83.41000366210938,55.24799346923828,833800
2012-01-10,83.41999816894531,83.5,83.33999633789062,83.37000274658203,55.221492767333984,964100
2012-01-11,83.51000213623047,83.58999633789062,83.44999694824219,83.56999969482422,55.35396957397461,853400
2012-01-12,83.6500015258789,83.6500015258789,83.37000274658203,83.44999694824219,55.274471282958984,2047900
2012-01-13,83.69999694824219,83.77999877929688,83.58999633789062,83.69999694824219,55.440040588378906,889100
2012-01-17,83.7699966430664,83.81999969482422,83.62000274658203,83.62999725341797,55.39370346069336,878100
2012-01-18,83.80000305175781,83.80999755859375,83.61000061035156,83.61000061035156,55.380470275878906,1904100
2012-01-19,83.61000061035156,83.68000030517578,83.47000122070312,83.52999877929688,55.32746124267578,1783800
2012-01-20,83.55000305175781,83.55999755859375,83.23999786376953,83.37000274658203,55.221492767333984,1139400
2012-01-23,83.30000305175781,83.38999938964844,83.22000122070312,83.2699966430664,55.155250549316406,885500
2012-01-24,83.37999725341797,83.37999725341797,83.25,83.29000091552734,55.16849136352539,1057600
2012-01-25,83.3499984741211,83.7699966430664,83.30999755859375,83.52999877929688,55.32746124267578,1101200
2012-01-26,83.66999816894531,83.7699966430664,83.58999633789062,83.75,55.47319793701172,2096700
2012-01-27,83.81999969482422,83.91000366210938,83.72000122070312,83.9000015258789,55.57251739501953,1708100
2012-01-30,84.05999755859375,84.13999938964844,83.91000366210938,84.0,55.638824462890625,1646400
2012-01-31,84.02999877929688,84.06999969482422,83.9000015258789,84.06999969482422,55.685142517089844,3801200
2012-02-01,83.8499984741211,83.91000366210938,83.73999786376953,83.77999877929688,55.62807083129883,2908500
2012-02-02,83.8499984741211,84.02999877929688,83.79000091552734,83.91000366210938,55.714385986328125,2303800
2012-02-03,83.7699966430664,83.80999755859375,83.69000244140625,83.80000305175781,55.64130401611328,1326000
2012-02-06,83.79000091552734,83.88999938964844,83.7300033569336,83.83999633789062,55.66789245605469,2564400
2012-02-07,83.77999877929688,83.80000305175781,83.61000061035156,83.7300033569336,55.5948486328125,1496300
2012-02-08,83.72000122070312,83.75,83.5999984741211,83.62999725341797,55.52845001220703,1088200
2012-02-09,83.6500015258789,83.6500015258789,83.52999877929688,83.63999938964844,55.53508377075195,937500
2012-02-10,83.72000122070312,83.79000091552734,83.6500015258789,83.69999694824219,55.57490158081055,1003600
2012-02-13,83.7300033569336,83.76000213623047,83.62999725341797,83.69000244140625,55.56829833984375,933300
2012-02-14,83.7699966430664,83.93000030517578,83.75,83.80000305175781,55.64130401611328,953400
2012-02-15,83.83999633789062,83.87999725341797,83.69000244140625,83.69000244140625,55.56829833984375,1290200
2012-02-16,83.70999908447266,83.77999877929688,83.61000061035156,83.69999694824219,55.57490158081055,976100
2012-02-17,83.55000305175781,83.58000183105469,83.41999816894531,83.51000213623047,55.448795318603516,1172700
2012-02-21,83.52999877929688,83.54000091552734,83.44000244140625,83.45999908447266,55.41558074951172,900400
2012-02-22,83.58999633789062,83.76000213623047,83.5199966430664,83.73999786376953,55.601497650146484,1847600
2012-02-23,83.70999908447266,83.81999969482422,83.62999725341797,83.77999877929688,55.62807083129883,991600
2012-02-24,83.83000183105469,83.87000274658203,83.77999877929688,83.83999633789062,55.66789245605469,1276200
2012-02-27,84.0199966430664,84.0199966430664,83.94000244140625,83.98999786376953,55.76750564575195,970300
2012-02-28,84.06999969482422,84.08999633789062,83.94999694824219,83.9800033569336,55.7608528137207,1615700
2012-02-29,84.04000091552734,84.05000305175781,83.83000183105469,83.9000015258789,55.707706451416016,1128100
2012-03-01,83.48999786376953,83.63999938964844,83.45999908447266,83.56999969482422,55.617889404296875,1559000
2012-03-02,83.58999633789062,83.79000091552734,83.58000183105469,83.73999786376953,55.731040954589844,1074400
2012-03-05,83.7300033569336,83.7699966430664,83.54000091552734,83.56999969482422,55.617889404296875,1208500
2012-03-06,83.75,83.80000305175781,83.69000244140625,83.70999908447266,55.71109390258789,704800
2012-03-07,83.73999786376953,83.77999877929688,83.66999816894531,83.7300033569336,55.7243766784668,809900
2012-03-08,83.70999908447266,83.7300033569336,83.55999755859375,83.5999984741211,55.63786315917969,847000
2012-03-09,83.55999755859375,83.55999755859375,83.43000030517578,83.5199966430664,55.584632873535156,1251700
2012-03-12,83.66000366210938,83.68000030517578,83.56999969482422,83.58000183105469,55.624542236328125,1095300
2012-03-13,83.45999908447266,83.54000091552734,83.33000183105469,83.33000183105469,55.458187103271484,1346400
2012-03-14,83.26000213623047,83.26000213623047,82.81999969482422,82.83999633789062,55.13203811645508,1069500
2012-03-15,82.8499984741211,82.97000122070312,82.80000305175781,82.86000061035156,55.14537048339844,747300
2012-03-16,82.69999694824219,82.91000366210938,82.6500015258789,82.8499984741211,55.138736724853516,1452700
2012-03-19,82.83999633789062,82.87000274658203,82.58999633789062,82.62999725341797,54.992305755615234,945800
2012-03-20,82.69999694824219,82.7300033569336,82.58999633789062,82.6500015258789,55.00560760498047,971200
2012-03-21,82.83999633789062,82.97000122070312,82.76000213623047,82.88999938964844,55.16533279418945,1520500
2012-03-22,82.97000122070312,83.05000305175781,82.94999694824219,83.01000213623047,55.24519729614258,1169100
2012-03-23,83.05999755859375,83.18000030517578,83.01000213623047,83.16000366210938,55.34501647949219,1151600
2012-03-26,83.08000183105469,83.19000244140625,83.02999877929688,83.1500015258789,55.33836364746094,1137700
2012-03-27,83.16999816894531,83.3499984741211,83.16999816894531,83.29000091552734,55.4315299987793,1095500
2012-03-28,83.29000091552734,83.37000274658203,83.20999908447266,83.2699966430664,55.41822814941406,639000
2012-03-29,83.38999938964844,83.45999908447266,83.30999755859375,83.44999694824219,55.53801345825195,1040900
2012-03-30,83.47000122070312,83.5,83.20999908447266,83.27999877929688,55.42489242553711,1454300
2012-04-02,83.05000305175781,83.19999694824219,82.93000030517578,83.0,55.42222213745117,1856700
2012-04-03,83.12000274658203,83.13999938964844,82.6500015258789,82.69000244140625,55.21520233154297,962700
2012-04-04,82.94999694824219,82.94999694824219,82.69000244140625,82.91999816894531,55.368797302246094,1045100
2012-04-05,83.0999984741211,83.0999984741211,82.95999908447266,83.08000183105469,55.47563934326172,857200
2012-04-09,83.44999694824219,83.52999877929688,83.36000061035156,83.37000274658203,55.66927719116211,1167600
2012-04-10,83.5199966430664,83.69000244140625,83.4800033569336,83.61000061035156,55.82951736450195,1209700
2012-04-11,83.5,83.51000213623047,83.4000015258789,83.48999786376953,55.749412536621094,1017900
2012-04-12,83.5199966430664,83.55999755859375,83.44000244140625,83.5,55.75605010986328,876200
2012-04-13,83.62000274658203,83.73999786376953,83.58000183105469,83.70999908447266,55.89634323120117,2484000
2012-04-16,83.7300033569336,83.80000305175781,83.66999816894531,83.70999908447266,55.89634323120117,1235900
2012-04-17,83.72000122070312,83.72000122070312,83.61000061035156,83.69999694824219,55.88961410522461,838200
2012-04-18,83.7699966430664,83.77999877929688,83.68000030517578,83.76000213623047,55.9296760559082,726200
2012-04-19,83.83000183105469,83.83000183105469,83.7300033569336,83.73999786376953,55.916351318359375,664200
2012-04-20,83.73999786376953,83.76000213623047,83.62999725341797,83.7300033569336,55.90968704223633,592900
2012-04-23,83.88999938964844,83.88999938964844,83.7699966430664,83.83000183105469,55.976436614990234,843700
2012-04-24,83.79000091552734,83.83000183105469,83.69999694824219,83.7300033569336,55.90968704223633,1104600
2012-04-25,83.69999694824219,83.76000213623047,83.56999969482422,83.70999908447266,55.89634323120117,905200
2012-04-26,83.8499984741211,83.87999725341797,83.77999877929688,83.81999969482422,55.969757080078125,751400
2012-04-27,83.83000183105469,83.88999938964844,83.7699966430664,83.87000274658203,56.00312042236328,890600
2012-04-30,83.91999816894531,83.94000244140625,83.87999725341797,83.91999816894531,56.036521911621094,912700
2012-05-01,83.81999969482422,83.81999969482422,83.58000183105469,83.61000061035156,55.95619583129883,1993800
2012-05-02,83.69000244140625,83.77999877929688,83.68000030517578,83.73999786376953,56.04324722290039,768300
2012-05-03,83.6500015258789,83.8499984741211,83.6500015258789,83.8499984741211,56.116844177246094,1258600
2012-05-04,83.9000015258789,83.95999908447266,83.8499984741211,83.94000244140625,56.17707824707031,633500
2012-05-07,83.97000122070312,83.97000122070312,83.91000366210938,83.91000366210938,56.15700149536133,1049200
2012-05-08,83.95999908447266,84.0999984741211,83.95999908447266,83.98999786376953,56.21056365966797,761300
2012-05-09,83.98999786376953,84.04000091552734,83.9000015258789,83.94000244140625,56.17707824707031,1595100
2012-05-10,83.8499984741211,83.94000244140625,83.76000213623047,83.88999938964844,56.143619537353516,1650600
2012-05-11,84.0199966430664,84.02999877929688,83.91999816894531,83.94999694824219,56.183780670166016,1734700
2012-05-14,84.08000183105469,84.13999938964844,84.02999877929688,84.0999984741211,56.284156799316406,759400
2012-05-15,84.12000274658203,84.13999938964844,84.01000213623047,84.12000274658203,56.29753875732422,1469000
2012-05-16,84.0,84.12000274658203,83.94999694824219,84.06999969482422,56.26407241821289,1371000
2012-05-17,84.08000183105469,84.20999908447266,83.94999694824219,84.13999938964844,56.31089782714844,1500200
2012-05-18,84.05000305175781,84.19000244140625,84.01000213623047,84.08999633789062,56.277435302734375,1041300
2012-05-21,84.12999725341797,84.13999938964844,84.06999969482422,84.0999984741211,56.284156799316406,2278400
2012-05-22,84.02999877929688,84.02999877929688,83.87000274658203,83.95999908447266,56.19044876098633,1593200
2012-05-23,84.05999755859375,84.12000274658203,84.0199966430664,84.0199966430664,56.23061752319336,1218300
2012-05-24,84.01000213623047,84.04000091552734,83.93000030517578,83.93000030517578,56.170345306396484,860300
2012-05-25,83.98999786376953,84.05999755859375,83.9800033569336,84.02999877929688,56.237308502197266,738700
2012-05-29,84.08000183105469,84.12000274658203,84.01000213623047,84.02999877929688,56.237308502197266,1351600
2012-05-30,84.2300033569336,84.37000274658203,84.20999908447266,84.3499984741211,56.45143127441406,693800
2012-05-31,84.48999786376953,84.63999938964844,84.41999816894531,84.51000213623047,56.55854034423828,1459100
2012-06-01,84.5999984741211,84.66999816894531,84.47000122070312,84.62000274658203,56.7570915222168,1657000
2012-06-04,84.44000244140625,84.5,84.3499984741211,84.41000366210938,56.616233825683594,1700800
2012-06-05,84.33999633789062,84.37000274658203,84.22000122070312,84.23999786376953,56.50221252441406,2069200
2012-06-06,84.31999969482422,84.31999969482422,84.02999877929688,84.08000183105469,56.39487838745117,3526600
2012-06-07,84.08999633789062,84.16999816894531,84.01000213623047,84.11000061035156,56.41499710083008,2325800
2012-06-08,84.25,84.30000305175781,84.06999969482422,84.16000366210938,56.44854736328125,1572200
2012-06-11,84.13999938964844,84.30000305175781,84.12000274658203,84.2300033569336,56.49551773071289,1175500
2012-06-12,84.19000244140625,84.20999908447266,84.06999969482422,84.0999984741211,56.408321380615234,1194400
2012-06-13,84.1500015258789,84.30000305175781,84.06999969482422,84.27999877929688,56.52901077270508,1212900
2012-06-14,84.29000091552734,84.29000091552734,84.1500015258789,84.2300033569336,56.49551773071289,718800
2012-06-15,84.33999633789062,84.43000030517578,84.31999969482422,84.41999816894531,56.622955322265625,793200
2012-06-18,84.44000244140625,84.45999908447266,84.31999969482422,84.43000030517578,56.62968063354492,845900
2012-06-19,84.36000061035156,84.37000274658203,84.26000213623047,84.31999969482422,56.55583953857422,908900
2012-06-20,84.19000244140625,84.30000305175781,84.05999755859375,84.16000366210938,56.44854736328125,1274100
2012-06-21,84.2699966430664,84.38999938964844,84.2300033569336,84.30000305175781,56.542442321777344,972700
2012-06-22,84.27999877929688,84.29000091552734,84.11000061035156,84.12999725341797,56.428443908691406,2219900
2012-06-25,84.33000183105469,84.36000061035156,84.26000213623047,84.3499984741211,56.5759391784668,1189200
2012-06-26,84.27999877929688,84.37000274658203,84.25,84.26000213623047,56.51564025878906,1166300
2012-06-27,84.37000274658203,84.37999725341797,84.2699966430664,84.3499984741211,56.5759391784668,669200
2012-06-28,84.44999694824219,84.5,84.41000366210938,84.44000244140625,56.63633346557617,916300
2012-06-29,84.27999877929688,84.38999938964844,84.2300033569336,84.37999725341797,56.59614562988281,2044900
2012-07-02,84.26000213623047,84.44999694824219,84.2300033569336,84.37000274658203,56.715091705322266,1244100
2012-07-03,84.41999816894531,84.41999816894531,84.2300033569336,84.25,56.634437561035156,1731700
2012-07-05,84.33000183105469,84.48999786376953,84.29000091552734,84.48999786376953,56.79576110839844,1283700
2012-07-06,84.52999877929688,84.62999725341797,84.51000213623047,84.56999969482422,56.849544525146484,861200
2012-07-09,84.62999725341797,84.73999786376953,84.5999984741211,84.7300033569336,56.957096099853516,800000
2012-07-10,84.75,84.83000183105469,84.69999694824219,84.80999755859375,57.01087188720703,791600
2012-07-11,84.75,84.87999725341797,84.68000030517578,84.69000244140625,56.93019104003906,1357600
2012-07-12,84.83000183105469,84.8499984741211,84.76000213623047,84.8499984741211,57.03775405883789,2024300
2012-07-13,84.80999755859375,84.86000061035156,84.75,84.86000061035156,57.044471740722656,703600
2012-07-16,85.0,85.06999969482422,84.9000015258789,84.91000366210938,57.07809829711914,1885600
2012-07-17,84.93000030517578,84.94999694824219,84.86000061035156,84.87999725341797,57.057918548583984,1046800
2012-07-18,84.98999786376953,85.08000183105469,84.9800033569336,85.0199966430664,57.15203857421875,630600
2012-07-19,85.0,85.11000061035156,84.98999786376953,85.0,57.13856887817383,864100
2012-07-20,85.13999938964844,85.19999694824219,85.11000061035156,85.16000366210938,57.24616241455078,881700
2012-07-23,85.27999877929688,85.27999877929688,85.16000366210938,85.19999694824219,57.273033142089844,912200
2012-07-24,85.16999816894531,85.3499984741211,85.12999725341797,85.30000305175781,57.34024429321289,743200
2012-07-25,85.31999969482422,85.36000061035156,85.2699966430664,85.36000061035156,57.380592346191406,483400
2012-07-26,85.33000183105469,85.3499984741211,85.27999877929688,85.30000305175781,57.34024429321289,702700
2012-07-27,85.0999984741211,85.13999938964844,84.86000061035156,84.9800033569336,57.12514114379883,957400
2012-07-30,85.04000091552734,85.18000030517578,84.94999694824219,85.13999938964844,57.232696533203125,1772900
2012-07-31,85.25,85.27999877929688,85.12000274658203,85.2300033569336,57.29322052001953,754800
2012-08-01,85.01000213623047,85.06999969482422,84.91000366210938,84.94000244140625,57.22383117675781,1587100
2012-08-02,85.12000274658203,85.20999908447266,85.05999755859375,85.0999984741211,57.331565856933594,899500
2012-08-03,84.94000244140625,84.94999694824219,84.77999877929688,84.79000091552734,57.12275695800781,1918100
2012-08-06,84.93000030517578,84.94000244140625,84.81999969482422,84.87000274658203,57.1766357421875,1236000
2012-08-07,84.69000244140625,84.69000244140625,84.55999755859375,84.6500015258789,57.028438568115234,1753600
2012-08-08,84.69000244140625,84.73999786376953,84.5999984741211,84.62999725341797,57.01496887207031,948500
2012-08-09,84.54000091552734,84.63999938964844,84.44000244140625,84.58000183105469,56.98124313354492,1676600
2012-08-10,84.77999877929688,84.77999877929688,84.62000274658203,84.68000030517578,57.04867172241211,898300
2012-08-13,84.69999694824219,84.7699966430664,84.68000030517578,84.69000244140625,57.05537033081055,911800
2012-08-14,84.5199966430664,84.54000091552734,84.43000030517578,84.4800033569336,56.913909912109375,1119600
2012-08-15,84.36000061035156,84.36000061035156,84.16999816894531,84.18000030517578,56.711788177490234,780400
2012-08-16,84.23999786376953,84.25,84.0,84.08999633789062,56.65111541748047,723800
2012-08-17,84.16000366210938,84.29000091552734,84.16000366210938,84.2300033569336,56.74551010131836,799100
2012-08-20,84.20999908447266,84.29000091552734,84.16999816894531,84.19000244140625,56.718528747558594,741100
2012-08-21,84.23999786376953,84.33999633789062,84.12000274658203,84.33999633789062,56.81956100463867,661500
2012-08-22,84.47000122070312,84.70999908447266,84.45999908447266,84.68000030517578,57.04867172241211,1242900
2012-08-23,84.7699966430664,84.80000305175781,84.72000122070312,84.72000122070312,57.07562255859375,1125400
2012-08-24,84.86000061035156,84.86000061035156,84.69000244140625,84.72000122070312,57.07562255859375,3865000
2012-08-27,84.80000305175781,84.86000061035156,84.77999877929688,84.8499984741211,57.16318893432617,715600
2012-08-28,84.8499984741211,84.91999816894531,84.81999969482422,84.87999725341797,57.18338394165039,1081700
2012-08-29,84.8499984741211,84.86000061035156,84.75,84.80999755859375,57.13624954223633,853600
2012-08-30,84.9000015258789,84.94000244140625,84.8499984741211,84.87999725341797,57.18338394165039,573200
2012-08-31,84.93000030517578,85.18000030517578,84.88999938964844,85.18000030517578,57.38547897338867,1176500
2012-09-04,84.94999694824219,84.98999786376953,84.87999725341797,84.94000244140625,57.347694396972656,2076400
2012-09-05,84.93000030517578,85.0,84.9000015258789,84.94000244140625,57.347694396972656,1049300
2012-09-06,84.80000305175781,84.80000305175781,84.63999938964844,84.73999786376953,57.212677001953125,2350400
2012-09-07,84.93000030517578,84.97000122070312,84.73999786376953,84.73999786376953,57.212677001953125,928300
2012-09-10,84.73999786376953,84.7699966430664,84.6500015258789,84.76000213623047,57.22615051269531,990500
2012-09-11,84.76000213623047,84.76000213623047,84.6500015258789,84.6500015258789,57.151893615722656,912300
2012-09-12,84.55000305175781,84.56999969482422,84.4800033569336,84.52999877929688,57.070858001708984,808600
2012-09-13,84.61000061035156,84.70999908447266,84.30000305175781,84.69999694824219,57.18562698364258,1350200
2012-09-14,84.5199966430664,84.5199966430664,84.26000213623047,84.27999877929688,56.90207290649414,2127500
2012-09-17,84.33999633789062,84.48999786376953,84.33999633789062,84.4000015258789,56.98310470581055,852900
2012-09-18,84.56999969482422,84.63999938964844,84.47000122070312,84.5,57.05062484741211,3447100
2012-09-19,84.63999938964844,84.70999908447266,84.5999984741211,84.61000061035156,57.124881744384766,1133600
2012-09-20,84.75,84.76000213623047,84.58000183105469,84.62999725341797,57.13838577270508,948600
2012-09-21,84.62999725341797,84.76000213623047,84.58000183105469,84.72000122070312,57.19916915893555,1264700
2012-09-24,84.77999877929688,84.83999633789062,84.75,84.80999755859375,57.25993347167969,1697300
2012-09-25,84.86000061035156,84.98999786376953,84.80000305175781,84.9800033569336,57.374691009521484,1235500
2012-09-26,85.0999984741211,85.16999816894531,85.0199966430664,85.12000274658203,57.469207763671875,1245800
2012-09-27,85.06999969482422,85.13999938964844,85.05000305175781,85.06999969482422,57.435455322265625,963400
2012-09-28,85.1500015258789,85.19000244140625,85.04000091552734,85.1500015258789,57.48947525024414,1426400
2012-10-01,84.94999694824219,85.05000305175781,84.93000030517578,85.04000091552734,57.532718658447266,994800
2012-10-02,84.98999786376953,85.05000305175781,84.97000122070312,85.04000091552734,57.532718658447266,771000
2012-10-03,84.97000122070312,85.08000183105469,84.94999694824219,85.01000213623047,57.51247024536133,1630200
2012-10-04,84.9800033569336,85.0199966430664,84.87000274658203,84.87000274658203,57.417762756347656,666500
2012-10-05,84.81999969482422,84.81999969482422,84.7300033569336,84.77999877929688,57.35687255859375,665100
2012-10-08,84.83999633789062,84.93000030517578,84.75,84.88999938964844,57.431297302246094,588800
2012-10-09,84.75,84.83999633789062,84.73999786376953,84.73999786376953,57.329803466796875,1113600
2012-10-10,84.76000213623047,84.88999938964844,84.69000244140625,84.87000274658203,57.417762756347656,633000
2012-10-11,84.80000305175781,84.94000244140625,84.76000213623047,84.94000244140625,57.4650993347168,821900
2012-10-12,85.0,85.02999877929688,84.95999908447266,85.0,57.505672454833984,2403700
2012-10-15,84.9800033569336,85.01000213623047,84.94000244140625,84.97000122070312,57.48539352416992,803000
2012-10-16,84.94000244140625,84.94000244140625,84.80000305175781,84.80000305175781,57.370384216308594,1308000
2012-10-17,84.75,84.76000213623047,84.5,84.58999633789062,57.22831344604492,5638300
2012-10-18,84.6500015258789,84.6500015258789,84.4800033569336,84.55000305175781,57.20127487182617,1367200
2012-10-19,84.5199966430664,84.73999786376953,84.5199966430664,84.68000030517578,57.28923797607422,1120200
2012-10-22,84.66999816894531,84.68000030517578,84.52999877929688,84.55999755859375,57.208011627197266,588400
2012-10-23,84.69000244140625,84.76000213623047,84.62999725341797,84.75,57.336570739746094,949800
2012-10-24,84.69000244140625,84.75,84.68000030517578,84.70999908447266,57.30954360961914,648000
2012-10-25,84.52999877929688,84.63999938964844,84.5,84.56999969482422,57.21479415893555,650900
2012-10-26,84.63999938964844,84.77999877929688,84.61000061035156,84.75,57.336570739746094,583800
2012-10-31,84.88999938964844,84.95999908447266,84.80000305175781,84.88999938964844,57.431297302246094,1030900
2012-11-01,84.7300033569336,84.77999877929688,84.6500015258789,84.76000213623047,57.34333801269531,1039100
2012-11-02,84.69000244140625,84.80000305175781,84.58000183105469,84.79000091552734,57.363651275634766,1107500
2012-11-05,84.83000183105469,84.94000244140625,84.81999969482422,84.91999816894531,57.45159149169922,1520800
2012-11-06,84.79000091552734,84.86000061035156,84.61000061035156,84.6500015258789,57.26887893676758,1074400
2012-11-07,85.0,85.0199966430664,84.83000183105469,84.8499984741211,57.40424346923828,1036900
2012-11-08,84.8499984741211,85.05000305175781,84.81999969482422,84.9800033569336,57.49217224121094,667800
2012-11-09,84.87999725341797,84.9800033569336,84.81999969482422,84.9000015258789,57.43803024291992,1533200
2012-11-12,84.9800033569336,85.04000091552734,84.91000366210938,85.02999877929688,57.52602005004883,842200
2012-11-13,85.0,85.0999984741211,84.95999908447266,85.0199966430664,57.519229888916016,3720600
2012-11-14,84.91999816894531,85.0199966430664,84.87000274658203,85.0,57.505672454833984,810800
2012-11-15,84.91000366210938,85.02999877929688,84.87999725341797,84.98999786376953,57.498905181884766,1045400
2012-11-16,84.9800033569336,85.05000305175781,84.91999816894531,84.94999694824219,57.471866607666016,1151500
2012-11-19,84.9000015258789,84.95999908447266,84.8499984741211,84.94999694824219,57.471866607666016,1094200
2012-11-20,84.91999816894531,84.94000244140625,84.79000091552734,84.81999969482422,57.383888244628906,770400
2012-11-21,84.75,84.7699966430664,84.69999694824219,84.7300033569336,57.32305908203125,643200
2012-11-23,84.69000244140625,84.77999877929688,84.66000366210938,84.75,57.336570739746094,664200
2012-11-26,84.86000061035156,84.87000274658203,84.7300033569336,84.7300033569336,57.32305908203125,951100
2012-11-27,84.80999755859375,84.91999816894531,84.80000305175781,84.9000015258789,57.43803024291992,873200
2012-11-28,84.93000030517578,85.0,84.9000015258789,84.94999694824219,57.471866607666016,803400
2012-11-29,84.91999816894531,85.0199966430664,84.91000366210938,85.0,57.505672454833984,921600
2012-11-30,85.05999755859375,85.06999969482422,84.94000244140625,84.94000244140625,57.4650993347168,976300
2012-12-03,84.69999694824219,84.86000061035156,84.6500015258789,84.83999633789062,57.51053237915039,2669300
2012-12-04,84.88999938964844,84.91999816894531,84.8499984741211,84.91000366210938,57.557987213134766,918000
2012-12-05,84.86000061035156,84.98999786376953,84.86000061035156,84.97000122070312,57.5986328125,1058300
2012-12-06,85.0,85.04000091552734,84.94000244140625,84.97000122070312,57.5986328125,771800
2012-12-07,84.81999969482422,84.9000015258789,84.77999877929688,84.80999755859375,57.49020767211914,1239200
2012-12-10,84.86000061035156,84.88999938964844,84.80999755859375,84.86000061035156,57.52406311035156,1378600
2012-12-11,84.7300033569336,84.83000183105469,84.7300033569336,84.79000091552734,57.47661590576172,2083600
2012-12-12,84.80000305175781,84.81999969482422,84.61000061035156,84.66000366210938,57.38850784301758,1105800
2012-12-13,84.55999755859375,84.62999725341797,84.48999786376953,84.48999786376953,57.27324676513672,1208700
2012-12-14,84.54000091552734,84.62000274658203,84.51000213623047,84.54000091552734,57.307167053222656,2883600
2012-12-17,84.58999633789062,84.58999633789062,84.38999938964844,84.38999938964844,57.20549011230469,1348100
2012-12-18,84.31999969482422,84.37999725341797,84.19000244140625,84.19999694824219,57.07672882080078,1772600
2012-12-19,84.26000213623047,84.44000244140625,84.26000213623047,84.37999725341797,57.19871139526367,2254500
2012-12-20,84.47000122070312,84.5199966430664,84.4000015258789,84.4000015258789,57.212303161621094,1117200
2012-12-21,84.5199966430664,84.56999969482422,84.48999786376953,84.5199966430664,57.293601989746094,1312800
2012-12-24,83.91000366210938,83.97000122070312,83.88999938964844,83.94999694824219,56.9072380065918,830100
2012-12-26,83.94999694824219,84.05000305175781,83.94999694824219,84.0199966430664,56.95469665527344,1009700
2012-12-27,84.0,84.16999816894531,83.91999816894531,84.08999633789062,57.00208282470703,965200
2012-12-28,84.1500015258789,84.16000366210938,84.04000091552734,84.11000061035156,57.015689849853516,1627500
2012-12-31,84.12999725341797,84.16000366210938,83.95999908447266,84.02999877929688,56.96146011352539,2099100
2013-01-02,83.77999877929688,83.94000244140625,83.77999877929688,83.9000015258789,56.87328338623047,1857300
2013-01-03,83.91000366210938,83.93000030517578,83.6500015258789,83.6500015258789,56.70386505126953,1908500
2013-01-04,83.61000061035156,83.77999877929688,83.58000183105469,83.77999877929688,56.7919921875,1822700
2013-01-07,83.70999908447266,83.76000213623047,83.66000366210938,83.72000122070312,56.751319885253906,1866600
2013-01-08,83.75,83.8499984741211,83.7300033569336,83.80000305175781,56.80554962158203,1189000
2013-01-09,83.7699966430664,83.80000305175781,83.68000030517578,83.7699966430664,56.78520965576172,1439600
2013-01-10,83.75,83.80000305175781,83.66999816894531,83.7699966430664,56.78520965576172,1198700
2013-01-11,83.66999816894531,83.8499984741211,83.66999816894531,83.83000183105469,56.825889587402344,1385000
2013-01-14,83.86000061035156,83.93000030517578,83.83000183105469,83.83000183105469,56.825889587402344,893900
2013-01-15,83.93000030517578,84.0,83.91000366210938,83.94000244140625,56.90044403076172,1283200
2013-01-16,83.98999786376953,84.0199966430664,83.87999725341797,83.93000030517578,56.89365768432617,1136500
2013-01-17,83.83999633789062,83.86000061035156,83.73999786376953,83.79000091552734,56.79876708984375,1043700
2013-01-18,83.79000091552734,83.91999816894531,83.79000091552734,83.91999816894531,56.88688659667969,920000
2013-01-22,83.79000091552734,83.91000366210938,83.77999877929688,83.83999633789062,56.83263397216797,2053700
2013-01-23,83.91000366210938,83.9800033569336,83.91000366210938,83.97000122070312,56.920772552490234,1278200
2013-01-24,83.88999938964844,83.91999816894531,83.83000183105469,83.8499984741211,56.83942794799805,1061700
2013-01-25,83.66999816894531,83.70999908447266,83.55999755859375,83.58000183105469,56.65642547607422,1473000
2013-01-28,83.4000015258789,83.5199966430664,83.37000274658203,83.4800033569336,56.588661193847656,1427100
2013-01-29,83.47000122070312,83.55000305175781,83.36000061035156,83.38999938964844,56.52763748168945,1082600
2013-01-30,83.33999633789062,83.37000274658203,83.25,83.30000305175781,56.46662139892578,1626700
2013-01-31,83.43000030517578,83.44999694824219,83.33000183105469,83.44999694824219,56.56828689575195,1630700
2013-02-01,83.44000244140625,83.44000244140625,83.05000305175781,83.05000305175781,56.409358978271484,1840500
2013-02-04,83.22000122070312,83.36000061035156,83.19000244140625,83.33999633789062,56.60633850097656,1742600
2013-02-05,83.26000213623047,83.29000091552734,83.16999816894531,83.19999694824219,56.51123809814453,2385600
2013-02-06,83.30000305175781,83.43000030517578,83.2699966430664,83.4000015258789,56.6470947265625,2416200
2013-02-07,83.4000015258789,83.4800033569336,83.36000061035156,83.41000366210938,56.65387725830078,1047200
2013-02-08,83.38999938964844,83.41999816894531,83.25,83.38999938964844,56.640289306640625,892100
2013-02-11,83.30999755859375,83.37000274658203,83.27999877929688,83.29000091552734,56.572349548339844,2254800
2013-02-12,83.30999755859375,83.33000183105469,83.23999786376953,83.30999755859375,56.58591842651367,1120300
2013-02-13,83.20999908447266,83.26000213623047,83.16000366210938,83.19999694824219,56.51123809814453,1154500
2013-02-14,83.19999694824219,83.33000183105469,83.19999694824219,83.31999969482422,56.59275436401367,945500
2013-02-15,83.2699966430664,83.31999969482422,83.19000244140625,83.25,56.54518508911133,2579400
2013-02-19,83.30000305175781,83.31999969482422,83.19000244140625,83.22000122070312,56.52481460571289,1055800
2013-02-20,83.16999816894531,83.31999969482422,83.16999816894531,83.27999877929688,56.5655517578125,944600
2013-02-21,83.37999725341797,83.4000015258789,83.30999755859375,83.36000061035156,56.619911193847656,803000
2013-02-22,83.4000015258789,83.41999816894531,83.36000061035156,83.4000015258789,56.6470947265625,829500
2013-02-25,83.36000061035156,83.70999908447266,83.30999755859375,83.66999816894531,56.830448150634766,1017700
2013-02-26,83.62000274658203,83.80000305175781,83.62000274658203,83.70999908447266,56.8576774597168,1070500
2013-02-27,83.80000305175781,83.80000305175781,83.61000061035156,83.69000244140625,56.844078063964844,691400
2013-02-28,83.7300033569336,83.75,83.66000366210938,83.7300033569336,56.8712043762207,628400
2013-03-01,83.62000274658203,83.66999816894531,83.54000091552734,83.62000274658203,56.90251922607422,839700
2013-03-04,83.66000366210938,83.66999816894531,83.5999984741211,83.5999984741211,56.88894271850586,914700
2013-03-05,83.5999984741211,83.61000061035156,83.52999877929688,83.55000305175781,56.85487747192383,1009500
2013-03-06,83.48999786376953,83.5199966430664,83.41000366210938,83.41000366210938,56.75962448120117,919600
2013-03-07,83.36000061035156,83.37999725341797,83.26000213623047,83.29000091552734,56.67797088623047,764800
2013-03-08,83.12000274658203,83.1500015258789,82.9000015258789,83.05999755859375,56.52146530151367,6339500
2013-03-11,83.04000091552734,83.13999938964844,83.0199966430664,83.0199966430664,56.49425506591797,1668900
2013-03-12,83.06999969482422,83.18000030517578,83.06999969482422,83.18000030517578,56.60313034057617,1214000
2013-03-13,83.11000061035156,83.18000030517578,83.05999755859375,83.08000183105469,56.53505325317383,1287700
2013-03-14,83.06999969482422,83.16999816894531,83.04000091552734,83.11000061035156,56.55546951293945,1735500
2013-03-15,83.11000061035156,83.25,83.11000061035156,83.20999908447266,56.62352752685547,894000
2013-03-18,83.31999969482422,83.38999938964844,83.30000305175781,83.37000274658203,56.73242950439453,1176100
2013-03-19,83.41999816894531,83.55000305175781,83.4000015258789,83.41999816894531,56.76647186279297,2258800
2013-03-20,83.4000015258789,83.44000244140625,83.33999633789062,83.33999633789062,56.71199035644531,819100
2013-03-21,83.44999694824219,83.44999694824219,83.33999633789062,83.36000061035156,56.72557067871094,1017000
2013-03-22,83.4000015258789,83.45999908447266,83.3499984741211,83.44000244140625,56.78004837036133,722900
2013-03-25,83.37999725341797,83.4800033569336,83.36000061035156,83.43000030517578,56.77322006225586,1071500
2013-03-26,83.4000015258789,83.4800033569336,83.3499984741211,83.45999908447266,56.79364776611328,655500
2013-03-27,83.5,83.62999725341797,83.48999786376953,83.62999725341797,56.90934753417969,1096500
2013-03-28,83.5999984741211,83.66000366210938,83.55000305175781,83.63999938964844,56.91609191894531,906400
2013-04-01,83.27999877929688,83.44000244140625,83.27999877929688,83.41000366210938,56.96803665161133,1056100
2013-04-02,83.37000274658203,83.41999816894531,83.31999969482422,83.41999816894531,56.97492218017578,2004900
2013-04-03,83.43000030517578,83.58000183105469,83.41999816894531,83.47000122070312,57.009010314941406,1293900
2013-04-04,83.58000183105469,83.73999786376953,83.58000183105469,83.70999908447266,57.172950744628906,784400
2013-04-05,83.97000122070312,83.98999786376953,83.91000366210938,83.94000244140625,57.33006286621094,1041600
2013-04-08,83.94000244140625,84.0,83.86000061035156,83.9000015258789,57.30270004272461,1088700
2013-04-09,83.8499984741211,83.91999816894531,83.77999877929688,83.80999755859375,57.241233825683594,1455400
2013-04-10,83.76000213623047,83.76000213623047,83.62999725341797,83.6500015258789,57.131980895996094,864100
2013-04-11,83.66000366210938,83.69999694824219,83.63999938964844,83.69000244140625,57.15925979614258,1152300
2013-04-12,83.72000122070312,83.88999938964844,83.72000122070312,83.88999938964844,57.295860290527344,1110300
2013-04-15,83.8499984741211,83.98999786376953,83.8499984741211,83.9800033569336,57.35734558105469,1435800
2013-04-16,83.91999816894531,83.98999786376953,83.88999938964844,83.95999908447266,57.34368896484375,893700
2013-04-17,83.93000030517578,84.08000183105469,83.93000030517578,84.0,57.3709831237793,916300
2013-04-18,84.01000213623047,84.06999969482422,83.9800033569336,84.05000305175781,57.4051513671875,744700
2013-04-19,84.05999755859375,84.05999755859375,83.97000122070312,83.9800033569336,57.35734558105469,1219800
2013-04-22,84.05999755859375,84.08999633789062,84.02999877929688,84.08999633789062,57.432491302490234,872500
2013-04-23,84.08999633789062,84.16999816894531,83.98999786376953,84.06999969482422,57.4188232421875,899100
2013-04-24,84.01000213623047,84.0999984741211,84.0,84.05000305175781,57.4051513671875,851500
2013-04-25,84.05000305175781,84.05000305175781,83.9800033569336,84.0,57.3709831237793,875200
2013-04-26,84.08000183105469,84.16000366210938,84.05999755859375,84.11000061035156,57.446144104003906,732500
2013-04-29,84.19000244140625,84.23999786376953,84.16000366210938,84.18000030517578,57.49393081665039,697900
2013-04-30,84.08999633789062,84.25,84.08999633789062,84.18000030517578,57.49393081665039,792600
2013-05-01,84.0999984741211,84.16000366210938,84.08000183105469,84.16000366210938,57.59114074707031,872300
2013-05-02,84.1500015258789,84.19000244140625,84.11000061035156,84.18000030517578,57.60475158691406,801900
2013-05-03,83.98999786376953,83.98999786376953,83.77999877929688,83.77999877929688,57.33106994628906,894100
2013-05-06,83.80000305175781,83.80999755859375,83.69000244140625,83.7699966430664,57.324256896972656,1101900
2013-05-07,83.69000244140625,83.73999786376953,83.66000366210938,83.69000244140625,57.26949691772461,1174000
2013-05-08,83.70999908447266,83.79000091552734,83.69000244140625,83.7699966430664,57.324256896972656,792000
2013-05-09,83.73999786376953,83.80000305175781,83.62999725341797,83.63999938964844,57.235252380371094,830200
2013-05-10,83.62000274658203,83.62000274658203,83.3499984741211,83.43000030517578,57.0915641784668,804900
2013-05-13,83.31999969482422,83.37000274658203,83.30000305175781,83.33999633789062,57.029972076416016,962500
2013-05-14,83.33000183105469,83.37999725341797,83.1500015258789,83.18000030517578,56.9205207824707,1085600
2013-05-15,83.22000122070312,83.30000305175781,83.13999938964844,83.27999877929688,56.9889030456543,1295000
2013-05-16,83.33000183105469,83.4800033569336,83.33000183105469,83.4000015258789,57.07101821899414,1367000
2013-05-17,83.37000274658203,83.37999725341797,83.19999694824219,83.22000122070312,56.94786071777344,920800
2013-05-20,83.29000091552734,83.33999633789062,83.12000274658203,83.19999694824219,56.93415832519531,1911900
2013-05-21,83.1500015258789,83.31999969482422,83.0999984741211,83.27999877929688,56.9889030456543,757500
2013-05-22,83.30000305175781,83.41000366210938,82.97000122070312,83.0,56.79734420776367,1320000
2013-05-23,83.08000183105469,83.12000274658203,82.93000030517578,82.98999786376953,56.79050064086914,1309000
2013-05-24,83.01000213623047,83.12000274658203,82.95999908447266,83.0,56.79734420776367,941100
2013-05-28,82.94000244140625,82.94999694824219,82.5,82.54000091552734,56.48255920410156,943200
2013-05-29,82.5,82.62000274658203,82.44000244140625,82.61000061035156,56.530460357666016,1453200
2013-05-30,82.55999755859375,82.66999816894531,82.52999877929688,82.54000091552734,56.48255920410156,1593200
2013-05-31,82.62000274658203,82.6500015258789,82.19000244140625,82.4000015258789,56.38671112060547,1391000
2013-06-03,82.0999984741211,82.29000091552734,82.04000091552734,82.16000366210938,56.33531188964844,2786500
2013-06-04,82.16999816894531,82.20999908447266,82.06999969482422,82.12999725341797,56.31474685668945,1378500
2013-06-05,82.11000061035156,82.2300033569336,82.08999633789062,82.0999984741211,56.29418182373047,1224100
2013-06-06,82.16000366210938,82.4000015258789,82.06999969482422,82.20999908447266,56.36957550048828,1101400
2013-06-07,82.0999984741211,82.26000213623047,81.95999908447266,82.0,56.22559356689453,1194600
2013-06-10,81.8499984741211,81.91999816894531,81.77999877929688,81.79000091552734,56.08162307739258,996500
2013-06-11,81.56999969482422,81.83000183105469,81.5,81.83000183105469,56.10903549194336,2045800
2013-06-12,81.73999786376953,81.83000183105469,81.61000061035156,81.66999816894531,55.99934387207031,1255800
2013-06-13,81.77999877929688,82.05999755859375,81.73999786376953,82.02999877929688,56.246185302734375,1600400
2013-06-14,82.0999984741211,82.19000244140625,82.05999755859375,82.12000274658203,56.307884216308594,1128700
2013-06-17,82.13999938964844,82.18000030517578,82.01000213623047,82.05999755859375,56.266719818115234,1028600
2013-06-18,81.87999725341797,82.02999877929688,81.87000274658203,81.98999786376953,56.21872329711914,1328400
2013-06-19,82.01000213623047,82.05999755859375,81.33000183105469,81.51000213623047,55.889591217041016,1557800
2013-06-20,80.91000366210938,81.08000183105469,80.76000213623047,80.7699966430664,55.382240295410156,1505200
2013-06-21,80.8499984741211,80.9000015258789,80.41999816894531,80.44000244140625,55.155967712402344,1687300
2013-06-24,79.94000244140625,80.33999633789062,79.79000091552734,80.05000305175781,54.88856506347656,3496300
2013-06-25,80.29000091552734,80.33000183105469,80.08999633789062,80.23999786376953,55.0188102722168,6285500
2013-06-26,80.69000244140625,80.69000244140625,80.33999633789062,80.5199966430664,55.210792541503906,2360500
2013-06-27,80.68000030517578,80.83999633789062,80.6500015258789,80.83999633789062,55.43021774291992,895100
2013-06-28,80.70999908447266,80.97000122070312,80.5999984741211,80.87999725341797,55.457618713378906,1066100
2013-07-01,80.66000366210938,80.87999725341797,80.6500015258789,80.8499984741211,55.55176544189453,1415900
2013-07-02,80.87999725341797,80.94999694824219,80.83000183105469,80.87000274658203,55.56553268432617,874000
2013-07-03,80.87999725341797,80.95999908447266,80.80000305175781,80.80999755859375,55.524288177490234,562300
2013-07-05,80.13999938964844,80.19999694824219,79.87999725341797,79.91000366210938,54.90589904785156,1563000
2013-07-08,80.05999755859375,80.33000183105469,80.05999755859375,80.2699966430664,55.15325164794922,1975500
2013-07-09,80.36000061035156,80.41999816894531,80.31999969482422,80.36000061035156,55.215087890625,1352500
2013-07-10,80.37999725341797,80.41000366210938,80.16000366210938,80.16000366210938,55.07768630981445,3070900
2013-07-11,80.54000091552734,80.69999694824219,80.45999908447266,80.69999694824219,55.44870376586914,1029600
2013-07-12,80.73999786376953,80.80999755859375,80.5,80.58999633789062,55.37312316894531,1393700
2013-07-15,80.66000366210938,80.81999969482422,80.63999938964844,80.80999755859375,55.524288177490234,2293200
2013-07-16,80.87000274658203,80.94000244140625,80.83999633789062,80.93000030517578,55.60670852661133,1929100
2013-07-17,81.12999725341797,81.19999694824219,81.04000091552734,81.11000061035156,55.730369567871094,1612200
2013-07-18,81.12999725341797,81.13999938964844,80.91999816894531,80.9800033569336,55.64113998413086,1372000
2013-07-19,81.0,81.19000244140625,81.0,81.19000244140625,55.785423278808594,1412000
2013-07-22,81.1500015258789,81.29000091552734,81.1500015258789,81.23999786376953,55.819759368896484,1041200
2013-07-23,81.13999938964844,81.25,81.0999984741211,81.22000122070312,55.80601501464844,1570700
2013-07-24,81.0199966430664,81.04000091552734,80.83000183105469,80.95999908447266,55.62733459472656,1171100
2013-07-25,80.79000091552734,80.98999786376953,80.77999877929688,80.93000030517578,55.60670852661133,777300
2013-07-26,81.0,81.04000091552734,80.91999816894531,80.98999786376953,55.6479606628418,1013900
2013-07-29,80.97000122070312,80.98999786376953,80.87000274658203,80.9800033569336,55.64113998413086,1536900
2013-07-30,80.94000244140625,81.0,80.83000183105469,80.93000030517578,55.60670852661133,1289700
2013-07-31,80.5999984741211,81.0199966430664,80.5999984741211,81.0199966430664,55.66856002807617,1400500
2013-08-01,80.5999984741211,80.68000030517578,80.37000274658203,80.45999908447266,55.397315979003906,1449800
2013-08-02,80.61000061035156,80.7699966430664,80.61000061035156,80.72000122070312,55.57631301879883,1042700
2013-08-05,80.72000122070312,80.7699966430664,80.61000061035156,80.75,55.59700393676758,1503100
2013-08-06,80.66000366210938,80.70999908447266,80.61000061035156,80.69999694824219,55.562530517578125,824900
2013-08-07,80.72000122070312,80.83000183105469,80.70999908447266,80.81999969482422,55.64517593383789,925100
2013-08-08,80.86000061035156,80.95999908447266,80.83999633789062,80.86000061035156,55.67271041870117,731600
2013-08-09,80.79000091552734,80.97000122070312,80.7699966430664,80.95999908447266,55.7415657043457,746900
2013-08-12,80.94999694824219,81.0,80.77999877929688,80.80999755859375,55.63828659057617,1036200
2013-08-13,80.62999725341797,80.62999725341797,80.45999908447266,80.52999877929688,55.445491790771484,900800
2013-08-14,80.51000213623047,80.55999755859375,80.45999908447266,80.48999786376953,55.41795349121094,809100
2013-08-15,80.25,80.3499984741211,80.13999938964844,80.19999694824219,55.21829605102539,913900
2013-08-16,80.20999908447266,80.23999786376953,79.87999725341797,79.98999786376953,55.07368850708008,813800
2013-08-19,79.88999938964844,79.93000030517578,79.7300033569336,79.76000213623047,54.915321350097656,766500
2013-08-20,79.87000274658203,79.98999786376953,79.83999633789062,79.98999786376953,55.07368850708008,982500
2013-08-21,79.88999938964844,79.95999908447266,79.68000030517578,79.68000030517578,54.8602409362793,737300
2013-08-22,79.69000244140625,79.79000091552734,79.5999984741211,79.76000213623047,54.915321350097656,751500
2013-08-23,79.69999694824219,80.02999877929688,79.66000366210938,79.98999786376953,55.07368850708008,1628700
2013-08-26,80.12000274658203,80.1500015258789,80.04000091552734,80.12999725341797,55.170101165771484,683400
2013-08-27,80.20999908447266,80.37000274658203,80.16000366210938,80.33000183105469,55.30780792236328,731300
2013-08-28,80.23999786376953,80.25,80.12000274658203,80.19000244140625,55.21143341064453,768800
2013-08-29,80.0199966430664,80.30999755859375,80.0199966430664,80.2699966430664,55.26648712158203,855000
2013-08-30,80.26000213623047,80.33999633789062,80.1500015258789,80.16000366210938,55.19076919555664,1216800
2013-09-03,79.88999938964844,79.91000366210938,79.62999725341797,79.80999755859375,55.06722640991211,1608800
2013-09-04,79.87000274658203,79.9000015258789,79.6500015258789,79.70999908447266,54.998268127441406,810100
2013-09-05,79.47000122070312,79.5199966430664,79.13999938964844,79.16000366210938,54.618736267089844,1637700
2013-09-06,79.5,79.62000274658203,79.43000030517578,79.45999908447266,54.8257942199707,954100
2013-09-09,79.68000030517578,79.69999694824219,79.61000061035156,79.66000366210938,54.96375274658203,989800
2013-09-10,79.58999633789062,79.63999938964844,79.44000244140625,79.48999786376953,54.84646987915039,1120800
2013-09-11,79.5999984741211,79.70999908447266,79.5,79.70999908447266,54.998268127441406,1474000
2013-09-12,79.79000091552734,79.8499984741211,79.66000366210938,79.69000244140625,54.984432220458984,757000
2013-09-13,79.72000122070312,79.83000183105469,79.69999694824219,79.81999969482422,55.07414627075195,1067000
2013-09-16,80.20999908447266,80.22000122070312,79.87000274658203,79.91999816894531,55.14315414428711,816700
2013-09-17,80.0,80.01000213623047,79.9000015258789,79.98999786376953,55.19143295288086,952700
2013-09-18,79.98999786376953,80.70999908447266,79.83999633789062,80.62999725341797,55.63304901123047,1103800
2013-09-19,80.7699966430664,80.7699966430664,80.48999786376953,80.54000091552734,55.5709114074707,1050200
2013-09-20,80.5199966430664,80.56999969482422,80.44000244140625,80.52999877929688,55.56403350830078,560900
2013-09-23,80.48999786376953,80.62999725341797,80.48999786376953,80.58999633789062,55.60539245605469,833000
2013-09-24,80.69999694824219,80.81999969482422,80.6500015258789,80.76000213623047,55.72269058227539,1052900
2013-09-25,80.80000305175781,80.94999694824219,80.7699966430664,80.93000030517578,55.840049743652344,788300
2013-09-26,80.80000305175781,80.8499984741211,80.7699966430664,80.80999755859375,55.757240295410156,679000
2013-09-27,80.80000305175781,80.91000366210938,80.77999877929688,80.83000183105469,55.77101516723633,488200
2013-09-30,80.83000183105469,80.88999938964844,80.73999786376953,80.87999725341797,55.80552673339844,1218500
2013-10-01,80.6500015258789,80.69000244140625,80.55000305175781,80.61000061035156,55.737754821777344,1146300
2013-10-02,80.66000366210938,80.77999877929688,80.6500015258789,80.69999694824219,55.79998016357422,984500
2013-10-03,80.62999725341797,80.76000213623047,80.62000274658203,80.73999786376953,55.82765579223633,6070900
2013-10-04,80.62000274658203,80.68000030517578,80.5999984741211,80.6500015258789,55.76541519165039,749000
2013-10-07,80.83000183105469,80.83999633789062,80.69000244140625,80.70999908447266,55.80692672729492,840000
2013-10-08,80.66000366210938,80.76000213623047,80.63999938964844,80.68000030517578,55.78618240356445,841700
2013-10-09,80.69999694824219,80.72000122070312,80.58000183105469,80.62999725341797,55.75162887573242,1117400
2013-10-10,80.5199966430664,80.68000030517578,80.48999786376953,80.6500015258789,55.76541519165039,899700
2013-10-11,80.75,80.81999969482422,80.66000366210938,80.68000030517578,55.78618240356445,762600
2013-10-14,80.68000030517578,80.69999694824219,80.47000122070312,80.5199966430664,55.67548751831055,486600
2013-10-15,80.62999725341797,80.6500015258789,80.5,80.5,55.66171646118164,939600
2013-10-16,80.5199966430664,80.83999633789062,80.4800033569336,80.83999633789062,55.89680099487305,936300
2013-10-17,80.9800033569336,81.13999938964844,80.94999694824219,81.12000274658203,56.09041976928711,717600
2013-10-18,81.18000030517578,81.25,81.13999938964844,81.20999908447266,56.152671813964844,805700
2013-10-21,81.19999694824219,81.19999694824219,81.0999984741211,81.11000061035156,56.08351516723633,952900
2013-10-22,81.31999969482422,81.43000030517578,81.31999969482422,81.37000274658203,56.263309478759766,763900
2013-10-23,81.44999694824219,81.52999877929688,81.4000015258789,81.41000366210938,56.29097366333008,741100
2013-10-24,81.5199966430664,81.52999877929688,81.37999725341797,81.41000366210938,56.29097366333008,706500
2013-10-25,81.45999908447266,81.51000213623047,81.41999816894531,81.5,56.35316848754883,703100
2013-10-28,81.44000244140625,81.5199966430664,81.41999816894531,81.43000030517578,56.30476379394531,943100
2013-10-29,81.4000015258789,81.48999786376953,81.37999725341797,81.48999786376953,56.346282958984375,683700
2013-10-30,81.54000091552734,81.58999633789062,81.31999969482422,81.4000015258789,56.28404235839844,907100
2013-10-31,81.47000122070312,81.52999877929688,81.30999755859375,81.4000015258789,56.28404235839844,1615500
2013-11-01,81.16000366210938,81.19000244140625,81.0,81.0,56.13225173950195,1010100
2013-11-04,81.05999755859375,81.11000061035156,81.0199966430664,81.05000305175781,56.16692352294922,701100
2013-11-05,81.0,81.0,80.80999755859375,80.80999755859375,56.00059127807617,2158400
2013-11-06,80.94000244140625,80.98999786376953,80.9000015258789,80.94999694824219,56.09758377075195,1300300
2013-11-07,81.04000091552734,81.12000274658203,80.98999786376953,81.11000061035156,56.208492279052734,839300
2013-11-08,80.69000244140625,80.69999694824219,80.55999755859375,80.58000183105469,55.841209411621094,2391600
2013-11-11,80.58999633789062,80.58999633789062,80.5,80.51000213623047,55.79269027709961,1695300
2013-11-12,80.44999694824219,80.54000091552734,80.43000030517578,80.47000122070312,55.764957427978516,1787400
2013-11-13,80.6500015258789,80.72000122070312,80.5999984741211,80.69000244140625,55.91740036010742,1375900
2013-11-14,80.80000305175781,80.94000244140625,80.76000213623047,80.91999816894531,56.076820373535156,1175300
2013-11-15,80.93000030517578,80.95999908447266,80.87000274658203,80.94999694824219,56.09758377075195,818600
2013-11-18,80.97000122070312,81.12000274658203,80.97000122070312,81.0999984741211,56.20153045654297,875500
2013-11-19,81.02999877929688,81.05999755859375,80.87999725341797,80.94000244140625,56.090660095214844,820200
2013-11-20,80.9000015258789,81.04000091552734,80.68000030517578,80.72000122070312,55.93822479248047,1025000
2013-11-21,80.66999816894531,80.7699966430664,80.56999969482422,80.72000122070312,55.93822479248047,3170500
2013-11-22,80.77999877929688,80.9000015258789,80.7699966430664,80.9000015258789,56.06294631958008,1977800
2013-11-25,80.9000015258789,80.98999786376953,80.88999938964844,80.95999908447266,56.104522705078125,1588700
2013-11-26,80.9800033569336,81.05999755859375,80.97000122070312,80.97000122070312,56.1114501953125,1177800
2013-11-27,81.0199966430664,81.02999877929688,80.83999633789062,80.94000244140625,56.090660095214844,1571100
2013-11-29,80.80999755859375,81.0,80.80999755859375,80.9800033569336,56.11839294433594,1058600
2013-12-02,80.66000366210938,80.70999908447266,80.5,80.5,55.906585693359375,1297500
2013-12-03,80.58999633789062,80.66999816894531,80.55000305175781,80.58000183105469,55.9621467590332,1043700
2013-12-04,80.38999938964844,80.4800033569336,80.33999633789062,80.45999908447266,55.878787994384766,1816600
2013-12-05,80.4000015258789,80.44999694824219,80.30999755859375,80.31999969482422,55.78157043457031,2193800
2013-12-06,80.36000061035156,80.47000122070312,80.30999755859375,80.44000244140625,55.864898681640625,1622700
2013-12-09,80.5199966430664,80.55999755859375,80.47000122070312,80.5199966430664,55.92041015625,957100
2013-12-10,80.68000030517578,80.72000122070312,80.5999984741211,80.69000244140625,56.03850173950195,957400
2013-12-11,80.6500015258789,80.66999816894531,80.5199966430664,80.55000305175781,55.9412956237793,1326200
2013-12-12,80.41999816894531,80.47000122070312,80.33000183105469,80.33999633789062,55.795448303222656,1917600
2013-12-13,80.43000030517578,80.47000122070312,80.37999725341797,80.43000030517578,55.85795593261719,1117500
2013-12-16,80.5,80.55000305175781,80.41999816894531,80.45999908447266,55.878787994384766,1865100
2013-12-17,80.48999786376953,80.62000274658203,80.45999908447266,80.61000061035156,55.98293685913086,2186000
2013-12-18,80.52999877929688,80.73999786376953,80.41999816894531,80.58000183105469,55.9621467590332,1787000
2013-12-19,80.36000061035156,80.47000122070312,80.30999755859375,80.43000030517578,55.85795593261719,1591400
2013-12-20,80.48999786376953,80.58999633789062,80.44000244140625,80.58000183105469,55.9621467590332,1135800
2013-12-23,80.55999755859375,80.61000061035156,80.44000244140625,80.4800033569336,55.89270782470703,3419000
2013-12-24,80.16000366210938,80.16000366210938,80.06999969482422,80.06999969482422,55.77495193481445,575000
2013-12-26,80.04000091552734,80.06999969482422,79.94999694824219,79.94999694824219,55.691375732421875,2086900
2013-12-27,79.93000030517578,80.01000213623047,79.9000015258789,79.94999694824219,55.691375732421875,1983400
2013-12-30,80.04000091552734,80.0999984741211,80.01000213623047,80.08000183105469,55.781959533691406,2818200
2013-12-31,80.05999755859375,80.12999725341797,79.9800033569336,80.05000305175781,55.76103973388672,1633600
2014-01-02,80.0999984741211,80.18000030517578,80.05000305175781,80.12000274658203,55.80979537963867,1413300
2014-01-03,80.08000183105469,80.20999908447266,80.05999755859375,80.12999725341797,55.81674575805664,1577300
2014-01-06,80.19999694824219,80.26000213623047,80.1500015258789,80.19999694824219,55.865501403808594,1287400
2014-01-07,80.2699966430664,80.30000305175781,80.22000122070312,80.30000305175781,55.93516540527344,2719600
2014-01-08,80.13999938964844,80.16000366210938,80.04000091552734,80.04000091552734,55.75405502319336,3472700
2014-01-09,80.1500015258789,80.22000122070312,80.08000183105469,80.19000244140625,55.858558654785156,1043900
2014-01-10,80.45999908447266,80.58000183105469,80.43000030517578,80.58000183105469,56.13022232055664,1374900
2014-01-13,80.62999725341797,80.76000213623047,80.5999984741211,80.69000244140625,56.206825256347656,784400
2014-01-14,80.69000244140625,80.70999908447266,80.55999755859375,80.56999969482422,56.12324142456055,798700
2014-01-15,80.48999786376953,80.56999969482422,80.44999694824219,80.5199966430664,56.08839416503906,780600
2014-01-16,80.6500015258789,80.69999694824219,80.62999725341797,80.69999694824219,56.21378707885742,988200
2014-01-17,80.69000244140625,80.79000091552734,80.63999938964844,80.79000091552734,56.276493072509766,668600
2014-01-21,80.73999786376953,80.8499984741211,80.7300033569336,80.79000091552734,56.276493072509766,2570400
2014-01-22,80.69999694824219,80.73999786376953,80.63999938964844,80.6500015258789,56.17894744873047,1637900
2014-01-23,80.77999877929688,80.98999786376953,80.77999877929688,80.87000274658203,56.332210540771484,1552800
2014-01-24,81.0,81.11000061035156,80.98999786376953,81.08000183105469,56.47846984863281,1174900
2014-01-27,81.06999969482422,81.12000274658203,80.91000366210938,80.93000030517578,56.37400436401367,8599900
2014-01-28,81.01000213623047,81.04000091552734,80.91999816894531,81.0,56.42275619506836,4081300
2014-01-29,81.11000061035156,81.23999786376953,81.05000305175781,81.18000030517578,56.54814147949219,3245200
2014-01-30,81.12000274658203,81.18000030517578,81.05000305175781,81.18000030517578,56.54814147949219,2204000
2014-01-31,81.22000122070312,81.33000183105469,81.22000122070312,81.29000091552734,56.62478256225586,3366900
2014-02-03,81.12000274658203,81.37999725341797,81.05999755859375,81.37999725341797,56.80697250366211,4118600
2014-02-04,81.30000305175781,81.31999969482422,81.20999908447266,81.25,56.71619415283203,1923700
2014-02-05,81.23999786376953,81.26000213623047,81.08000183105469,81.08000183105469,56.5975227355957,1353800
2014-02-06,81.05000305175781,81.08000183105469,80.9800033569336,81.05000305175781,56.57663345336914,2321400
2014-02-07,81.08000183105469,81.19999694824219,81.05000305175781,81.1500015258789,56.64642333984375,921100
2014-02-10,81.1500015258789,81.20999908447266,81.11000061035156,81.19999694824219,56.68131637573242,1302200
2014-02-11,81.02999877929688,81.06999969482422,80.97000122070312,81.02999877929688,56.56264877319336,5401900
2014-02-12,80.94999694824219,80.94999694824219,80.80000305175781,80.88999938964844,56.464927673339844,3057200
2014-02-13,81.0199966430664,81.0999984741211,81.01000213623047,81.08999633789062,56.604515075683594,3466300
2014-02-14,81.11000061035156,81.12000274658203,81.04000091552734,81.05999755859375,56.58359146118164,4205900
2014-02-18,81.0999984741211,81.22000122070312,81.08000183105469,81.16999816894531,56.660400390625,2767900
2014-02-19,81.26000213623047,81.3499984741211,81.08000183105469,81.0999984741211,56.611507415771484,1985600
2014-02-20,81.05000305175781,81.0999984741211,80.95999908447266,81.08999633789062,56.604515075683594,1079500
2014-02-21,81.0,81.1500015258789,80.9800033569336,81.1500015258789,56.64642333984375,592600
2014-02-24,81.13999938964844,81.1500015258789,81.08000183105469,81.12999725341797,56.63243865966797,3138000
2014-02-25,81.2300033569336,81.31999969482422,81.19000244140625,81.29000091552734,56.74415588378906,1424300
2014-02-26,81.2699966430664,81.47000122070312,81.2699966430664,81.45999908447266,56.862823486328125,987100
2014-02-27,81.55999755859375,81.55999755859375,81.47000122070312,81.55999755859375,56.932621002197266,670700
2014-02-28,81.48999786376953,81.5,81.38999938964844,81.5,56.89075469970703,2445800
2014-03-03,81.44000244140625,81.52999877929688,81.36000061035156,81.5,57.01107406616211,1398800
2014-03-04,81.37000274658203,81.37999725341797,81.20999908447266,81.22000122070312,56.81516647338867,1083400
2014-03-05,81.19999694824219,81.33000183105469,81.13999938964844,81.33000183105469,56.89213180541992,1623500
2014-03-06,81.13999938964844,81.18000030517578,81.08000183105469,81.12999725341797,56.75222396850586,1739100
2014-03-07,80.9000015258789,80.94999694824219,80.86000061035156,80.88999938964844,56.58434295654297,1926100
2014-03-10,80.9000015258789,80.94999694824219,80.87999725341797,80.94000244140625,56.61930847167969,2006400
2014-03-11,80.94000244140625,80.97000122070312,80.87999725341797,80.93000030517578,56.61234664916992,2263600
2014-03-12,81.05999755859375,81.12000274658203,81.01000213623047,81.0999984741211,56.73125076293945,2303700
2014-03-13,81.01000213623047,81.36000061035156,81.01000213623047,81.33999633789062,56.89912033081055,2204100
2014-03-14,81.41000366210938,81.43000030517578,81.27999877929688,81.29000091552734,56.86411666870117,1835300
2014-03-17,81.26000213623047,81.29000091552734,81.16000366210938,81.18000030517578,56.7872200012207,2693700
2014-03-18,81.19999694824219,81.29000091552734,81.18000030517578,81.2699966430664,56.85015106201172,1487900
2014-03-19,81.25,81.26000213623047,80.8499984741211,80.88999938964844,56.58434295654297,2357300
2014-03-20,80.9000015258789,80.91000366210938,80.80999755859375,80.81999969482422,56.535377502441406,826700
2014-03-21,80.88999938964844,81.05999755859375,80.86000061035156,81.05000305175781,56.6962890625,1149700
2014-03-24,80.94999694824219,81.11000061035156,80.91999816894531,81.05999755859375,56.70325469970703,4480700
2014-03-25,81.02999877929688,81.13999938964844,81.0,81.04000091552734,56.689273834228516,1477200
2014-03-26,81.12999725341797,81.29000091552734,81.0999984741211,81.26000213623047,56.84315872192383,3725100
2014-03-27,81.2300033569336,81.37000274658203,81.19999694824219,81.33999633789062,56.89912033081055,2935700
2014-03-28,81.37000274658203,81.37000274658203,81.13999938964844,81.19000244140625,56.7942008972168,1387200
2014-03-31,81.0999984741211,81.22000122070312,81.05999755859375,81.19000244140625,56.7942008972168,2791900
2014-04-01,80.94000244140625,80.97000122070312,80.87999725341797,80.91000366210938,56.731082916259766,2824000
2014-04-02,80.8499984741211,80.87999725341797,80.70999908447266,80.75,56.618927001953125,3058800
2014-04-03,80.79000091552734,80.87000274658203,80.75,80.81999969482422,56.667991638183594,1978900
2014-04-04,80.94000244140625,81.11000061035156,80.94000244140625,81.05999755859375,56.836265563964844,936500
2014-04-07,81.08999633789062,81.25,81.08999633789062,81.20999908447266,56.941471099853516,1099400
2014-04-08,81.2300033569336,81.30000305175781,81.16000366210938,81.2699966430664,56.98350524902344,674200
2014-04-09,81.19000244140625,81.31999969482422,81.12999725341797,81.25,56.969486236572266,3904300
2014-04-10,81.36000061035156,81.56999969482422,81.31999969482422,81.5,57.14480209350586,1101400
2014-04-11,81.5999984741211,81.62000274658203,81.48999786376953,81.55000305175781,57.1798095703125,1570700
2014-04-14,81.54000091552734,81.58999633789062,81.48999786376953,81.54000091552734,57.1728401184082,2437000
2014-04-15,81.4800033569336,81.66999816894531,81.45999908447266,81.58000183105469,57.20085144042969,2219600
2014-04-16,81.47000122070312,81.55999755859375,81.44999694824219,81.52999877929688,57.16579055786133,2892500
2014-04-17,81.56999969482422,81.56999969482422,81.25,81.31999969482422,57.018558502197266,1054500
2014-04-21,81.33000183105469,81.41999816894531,81.30000305175781,81.33999633789062,57.03258514404297,3440000
2014-04-22,81.26000213623047,81.3499984741211,81.23999786376953,81.33999633789062,57.03258514404297,1573300
2014-04-23,81.41000366210938,81.51000213623047,81.4000015258789,81.47000122070312,57.123741149902344,1792600
2014-04-24,81.38999938964844,81.48999786376953,81.3499984741211,81.48999786376953,57.13777160644531,814300
2014-04-25,81.54000091552734,81.62999725341797,81.51000213623047,81.5199966430664,57.15882873535156,1456300
2014-04-28,81.48999786376953,81.54000091552734,81.4000015258789,81.43000030517578,57.095672607421875,851800
2014-04-29,81.33999633789062,81.4800033569336,81.33999633789062,81.47000122070312,57.123741149902344,840500
2014-04-30,81.54000091552734,81.6500015258789,81.4800033569336,81.6500015258789,57.24996566772461,1861000
2014-05-01,81.5,81.69000244140625,81.4800033569336,81.66999816894531,57.38911056518555,1774100
2014-05-02,81.52999877929688,81.80000305175781,81.47000122070312,81.76000213623047,57.45233154296875,1517900
2014-05-05,81.77999877929688,81.79000091552734,81.62999725341797,81.66999816894531,57.38911056518555,1813300
2014-05-06,81.69999694824219,81.7699966430664,81.68000030517578,81.75,57.4453125,1304000
2014-05-07,81.75,81.86000061035156,81.69999694824219,81.79000091552734,57.473392486572266,1070900
2014-05-08,81.86000061035156,81.94999694824219,81.7699966430664,81.83000183105469,57.50152587890625,1937800
2014-05-09,81.77999877929688,81.80999755859375,81.72000122070312,81.7300033569336,57.431243896484375,1523700
2014-05-12,81.69000244140625,81.69999694824219,81.58999633789062,81.6500015258789,57.37504196166992,996800
2014-05-13,81.72000122070312,81.80999755859375,81.72000122070312,81.80000305175781,57.48046112060547,1551700
2014-05-14,81.91000366210938,82.08000183105469,81.91000366210938,82.01000213623047,57.627986907958984,1266000
2014-05-15,82.0999984741211,82.27999877929688,82.0999984741211,82.16000366210938,57.733428955078125,1113300
2014-05-16,82.1500015258789,82.20999908447266,82.11000061035156,82.16000366210938,57.733428955078125,754200
2014-05-19,82.23999786376953,82.2699966430664,82.0999984741211,82.12999725341797,57.71234130859375,1171300
2014-05-20,82.05999755859375,82.2300033569336,82.05999755859375,82.16999816894531,57.74043655395508,1292900
2014-05-21,82.04000091552734,82.11000061035156,82.01000213623047,82.0999984741211,57.69124984741211,1189300
2014-05-22,82.08000183105469,82.0999984741211,82.0,82.05000305175781,57.65608215332031,493300
2014-05-23,82.0999984741211,82.13999938964844,82.05999755859375,82.12999725341797,57.71234130859375,841900
2014-05-27,82.13999938964844,82.22000122070312,82.05999755859375,82.20999908447266,57.76852798461914,884200
2014-05-28,82.31999969482422,82.51000213623047,82.31999969482422,82.4800033569336,57.958282470703125,708300
2014-05-29,82.5,82.5999984741211,82.4000015258789,82.41000366210938,57.90909957885742,1413700
2014-05-30,82.33999633789062,82.4000015258789,82.30000305175781,82.33000183105469,57.85287857055664,1462600
2014-06-02,82.05999755859375,82.12999725341797,81.93000030517578,81.94999694824219,57.711307525634766,1071100
2014-06-03,81.87999725341797,81.9000015258789,81.73999786376953,81.75,57.57047653198242,652700
2014-06-04,81.80000305175781,81.80999755859375,81.68000030517578,81.76000213623047,57.57749557495117,1466400
2014-06-05,81.73999786376953,81.87999725341797,81.7300033569336,81.8499984741211,57.640865325927734,611600
2014-06-06,82.0,82.0199966430664,81.81999969482422,81.83999633789062,57.63383102416992,1039800
2014-06-09,81.81999969482422,81.81999969482422,81.70999908447266,81.7699966430664,57.58457946777344,1205400
2014-06-10,81.66999816894531,81.69999694824219,81.5999984741211,81.61000061035156,57.471920013427734,1505400
2014-06-11,81.70999908447266,81.7300033569336,81.62000274658203,81.63999938964844,57.49302291870117,1646000
2014-06-12,81.69999694824219,81.88999938964844,81.6500015258789,81.8499984741211,57.640865325927734,1693500
2014-06-13,81.68000030517578,81.86000061035156,81.66999816894531,81.83000183105469,57.6268196105957,835600
2014-06-16,81.80000305175781,81.87000274658203,81.76000213623047,81.80999755859375,57.61273956298828,3534000
2014-06-17,81.72000122070312,81.73999786376953,81.62000274658203,81.62000274658203,57.47890090942383,612900
2014-06-18,81.70999908447266,81.8499984741211,81.66000366210938,81.83000183105469,57.6268196105957,1495900
2014-06-19,81.95999908447266,81.97000122070312,81.69000244140625,81.76000213623047,57.57749557495117,3345400
2014-06-20,81.69999694824219,81.81999969482422,81.69999694824219,81.80999755859375,57.61273956298828,2863700
2014-06-23,81.9000015258789,81.91000366210938,81.76000213623047,81.77999877929688,57.591617584228516,1136900
2014-06-24,81.88999938964844,81.94999694824219,81.80000305175781,81.93000030517578,57.69725799560547,1305800
2014-06-25,82.11000061035156,82.12999725341797,81.98999786376953,82.04000091552734,57.77469253540039,1928000
2014-06-26,82.11000061035156,82.19999694824219,82.06999969482422,82.1500015258789,57.852169036865234,533200
2014-06-27,82.19999694824219,82.23999786376953,82.12999725341797,82.1500015258789,57.852169036865234,633900
2014-06-30,82.19999694824219,82.2300033569336,82.12999725341797,82.22000122070312,57.901466369628906,904900
2014-07-01,81.91999816894531,81.9800033569336,81.87000274658203,81.88999938964844,57.78997802734375,1288100
2014-07-02,81.80000305175781,81.80000305175781,81.66000366210938,81.66999816894531,57.63472366333008,981800
2014-07-03,81.55000305175781,81.63999938964844,81.5,81.56999969482422,57.564125061035156,667100
2014-07-07,81.63999938964844,81.69000244140625,81.62999725341797,81.66999816894531,57.63472366333008,1656900
2014-07-08,81.80999755859375,81.87999725341797,81.77999877929688,81.81999969482422,57.7405891418457,1397600
2014-07-09,81.80999755859375,81.93000030517578,81.75,81.9000015258789,57.797027587890625,1275800
2014-07-10,82.01000213623047,82.05000305175781,81.9000015258789,81.91999816894531,57.811161041259766,665400
2014-07-11,82.02999877929688,82.0999984741211,81.98999786376953,82.04000091552734,57.895816802978516,958600
2014-07-14,82.0,82.0,81.88999938964844,81.91999816894531,57.811161041259766,994700
2014-07-15,81.87000274658203,81.9800033569336,81.79000091552734,81.86000061035156,57.768802642822266,3125400
2014-07-16,81.88999938964844,81.91999816894531,81.83999633789062,81.88999938964844,57.78997802734375,767200
2014-07-17,82.05000305175781,82.16999816894531,81.9800033569336,82.11000061035156,57.945228576660156,841700
2014-07-18,82.1500015258789,82.1500015258789,82.0199966430664,82.11000061035156,57.945228576660156,1146600
2014-07-21,82.12999725341797,82.22000122070312,82.11000061035156,82.11000061035156,57.945228576660156,2327800
2014-07-22,82.16999816894531,82.22000122070312,82.08999633789062,82.22000122070312,58.022850036621094,776700
2014-07-23,82.26000213623047,82.29000091552734,82.16999816894531,82.18000030517578,57.99460220336914,1361700
2014-07-24,82.0999984741211,82.0999984741211,81.9800033569336,82.0199966430664,57.881690979003906,800900
2014-07-25,82.12999725341797,82.18000030517578,82.08999633789062,82.16999816894531,57.98755645751953,1414500
2014-07-28,82.19999694824219,82.22000122070312,82.08999633789062,82.1500015258789,57.97345733642578,1249900
2014-07-29,82.2300033569336,82.2699966430664,82.12000274658203,82.22000122070312,58.022850036621094,1271300
2014-07-30,82.06999969482422,82.06999969482422,81.8499984741211,81.91000366210938,57.804080963134766,1913600
2014-07-31,81.7699966430664,81.91999816894531,81.75,81.81999969482422,57.7405891418457,3113700
2014-08-01,81.77999877929688,81.95999908447266,81.66000366210938,81.91999816894531,57.93294906616211,3550300
2014-08-04,81.97000122070312,82.08999633789062,81.93000030517578,82.02999877929688,58.01072692871094,4089900
2014-08-05,81.97000122070312,82.0199966430664,81.87000274658203,81.91999816894531,57.93294906616211,3960800
2014-08-06,82.04000091552734,82.08000183105469,81.9800033569336,82.01000213623047,57.996578216552734,2925900
2014-08-07,82.05000305175781,82.19999694824219,81.98999786376953,82.19000244140625,58.123817443847656,2207500
2014-08-08,82.2300033569336,82.33000183105469,82.12000274658203,82.12999725341797,58.08141326904297,1608500
2014-08-11,82.18000030517578,82.2300033569336,82.11000061035156,82.16999816894531,58.109703063964844,928800
2014-08-12,82.18000030517578,82.18000030517578,82.08000183105469,82.0999984741211,58.06021499633789,2365300
2014-08-13,82.16999816894531,82.27999877929688,82.12000274658203,82.25,58.166290283203125,944100
2014-08-14,82.37000274658203,82.37999725341797,82.20999908447266,82.33000183105469,58.222869873046875,2623800
2014-08-15,82.38999938964844,82.63999938964844,82.3499984741211,82.4800033569336,58.32895278930664,6875700
2014-08-18,82.41000366210938,82.43000030517578,82.30000305175781,82.30999755859375,58.20869445800781,4011900
2014-08-19,82.4000015258789,82.41000366210938,82.23999786376953,82.30000305175781,58.20167922973633,1674900
2014-08-20,82.26000213623047,82.29000091552734,82.12999725341797,82.18000030517578,58.11676025390625,5183000
2014-08-21,82.22000122070312,82.30999755859375,82.20999908447266,82.2699966430664,58.180419921875,3563500
2014-08-22,82.2699966430664,82.33000183105469,82.12999725341797,82.2699966430664,58.180419921875,1193000
2014-08-25,82.31999969482422,82.33999633789062,82.26000213623047,82.30000305175781,58.20167922973633,1897400
2014-08-26,82.37999725341797,82.38999938964844,82.30000305175781,82.33999633789062,58.22993850708008,1317100
2014-08-27,82.41000366210938,82.48999786376953,82.36000061035156,82.47000122070312,58.32188415527344,1062900
2014-08-28,82.5999984741211,82.62000274658203,82.5199966430664,82.58000183105469,58.399681091308594,685500
2014-08-29,82.54000091552734,82.62999725341797,82.52999877929688,82.58000183105469,58.399681091308594,1081300
2014-09-02,82.25,82.25,82.11000061035156,82.12000274658203,58.20051193237305,1211100
2014-09-03,82.08999633789062,82.26000213623047,82.05999755859375,82.26000213623047,58.299747467041016,972800
2014-09-04,82.19000244140625,82.2300033569336,82.08000183105469,82.12000274658203,58.20051193237305,1882600
2014-09-05,82.16000366210938,82.20999908447266,82.04000091552734,82.08999633789062,58.17921829223633,1872800
2014-09-08,82.19000244140625,82.22000122070312,82.01000213623047,82.02999877929688,58.13671875,2740700
2014-09-09,81.91999816894531,81.97000122070312,81.87000274658203,81.88999938964844,58.03753662109375,1288600
2014-09-10,81.80000305175781,81.80000305175781,81.73999786376953,81.73999786376953,57.93117141723633,2719000
2014-09-11,81.8499984741211,81.86000061035156,81.68000030517578,81.68000030517578,57.888641357421875,2529000
2014-09-12,81.5999984741211,81.62999725341797,81.51000213623047,81.55000305175781,57.79649353027344,1921700
2014-09-15,81.5999984741211,81.62999725341797,81.55000305175781,81.58999633789062,57.82490158081055,2550500
2014-09-16,81.5999984741211,81.68000030517578,81.55000305175781,81.55999755859375,57.80362319946289,1077700
2014-09-17,81.6500015258789,81.69000244140625,81.45999908447266,81.45999908447266,57.73278045654297,2606500
2014-09-18,81.47000122070312,81.4800033569336,81.41000366210938,81.47000122070312,57.739845275878906,1802900
2014-09-19,81.51000213623047,81.63999938964844,81.45999908447266,81.63999938964844,57.86029815673828,1238900
2014-09-22,81.69999694824219,81.7699966430664,81.66999816894531,81.73999786376953,57.93117141723633,638400
2014-09-23,81.77999877929688,81.80000305175781,81.72000122070312,81.77999877929688,57.95954132080078,986900
2014-09-24,81.79000091552734,81.83000183105469,81.69999694824219,81.7300033569336,57.92411804199219,3552500
2014-09-25,81.81999969482422,81.94000244140625,81.80999755859375,81.93000030517578,58.06584930419922,3152500
2014-09-26,81.8499984741211,81.91000366210938,81.7699966430664,81.8499984741211,58.009151458740234,3500300
2014-09-29,81.95999908447266,81.9800033569336,81.91000366210938,81.94999694824219,58.080020904541016,9772600
2014-09-30,81.93000030517578,82.0199966430664,81.9000015258789,81.93000030517578,58.06584930419922,8536000
2014-10-01,81.97000122070312,82.12999725341797,81.97000122070312,82.12000274658203,58.31512451171875,5094500
2014-10-02,82.18000030517578,82.2300033569336,82.04000091552734,82.05999755859375,58.27250671386719,2731500
2014-10-03,81.97000122070312,82.06999969482422,81.91999816894531,82.01000213623047,58.23699188232422,3526900
2014-10-06,82.0999984741211,82.25,82.05000305175781,82.19999694824219,58.37194061279297,3645800
2014-10-07,82.31999969482422,82.44999694824219,82.26000213623047,82.41000366210938,58.52104949951172,3012400
2014-10-08,82.45999908447266,82.62999725341797,82.29000091552734,82.62999725341797,58.67727279663086,1586800
2014-10-09,82.58999633789062,82.61000061035156,82.45999908447266,82.5,58.58494186401367,2160900
2014-10-10,82.5,82.58999633789062,82.4800033569336,82.56999969482422,58.63465118408203,1538200
2014-10-13,82.69000244140625,82.83999633789062,82.66999816894531,82.80999755859375,58.805110931396484,1178400
2014-10-14,82.9000015258789,82.91999816894531,82.79000091552734,82.91999816894531,58.88318634033203,5402700
2014-10-15,83.58000183105469,84.06999969482422,83.01000213623047,83.11000061035156,59.01814270019531,5461400
2014-10-16,83.3499984741211,83.37000274658203,82.91000366210938,82.97000122070312,58.918704986572266,3699800
2014-10-17,82.91999816894531,83.0,82.80999755859375,82.91000366210938,58.876102447509766,2143400
2014-10-20,83.0199966430664,83.05000305175781,82.91999816894531,82.9800033569336,58.925819396972656,1379300
2014-10-21,82.91000366210938,82.97000122070312,82.83999633789062,82.86000061035156,58.840599060058594,1647700
2014-10-22,82.75,82.87999725341797,82.73999786376953,82.83999633789062,58.82637023925781,2292400
2014-10-23,82.7699966430664,82.7699966430664,82.54000091552734,82.58999633789062,58.64887237548828,6617200
2014-10-24,82.6500015258789,82.75,82.5999984741211,82.66000366210938,58.69857406616211,2202100
2014-10-27,82.66000366210938,82.70999908447266,82.5999984741211,82.62999725341797,58.67727279663086,2454200
2014-10-28,82.63999938964844,82.66999816894531,82.56999969482422,82.58000183105469,58.64176940917969,2201200
2014-10-29,82.55000305175781,82.55999755859375,82.33999633789062,82.44000244140625,58.542381286621094,2219900
2014-10-30,82.55000305175781,82.58999633789062,82.47000122070312,82.5,58.58494186401367,4741900
2014-10-31,82.44000244140625,82.47000122070312,82.33999633789062,82.36000061035156,58.48554611206055,4598600
2014-11-03,82.19999694824219,82.23999786376953,82.04000091552734,82.1500015258789,58.45920181274414,3063600
2014-11-04,82.19999694824219,82.27999877929688,82.12999725341797,82.12999725341797,58.44500732421875,3231100
2014-11-05,82.16000366210938,82.23999786376953,82.11000061035156,82.2300033569336,58.516151428222656,2566600
2014-11-06,82.0999984741211,82.16999816894531,82.01000213623047,82.04000091552734,58.380958557128906,2183500
2014-11-07,82.16000366210938,82.33000183105469,82.12000274658203,82.31999969482422,58.58017349243164,1772400
2014-11-10,82.3499984741211,82.36000061035156,82.13999938964844,82.1500015258789,58.45920181274414,2490600
2014-11-11,82.0999984741211,82.23999786376953,82.08999633789062,82.19000244140625,58.487648010253906,1102500
2014-11-12,82.27999877929688,82.31999969482422,82.16000366210938,82.18000030517578,58.48054885864258,809800
2014-11-13,82.22000122070312,82.29000091552734,82.18000030517578,82.23999786376953,58.52328109741211,1665300
2014-11-14,82.19000244140625,82.31999969482422,82.1500015258789,82.26000213623047,58.537479400634766,1519100
2014-11-17,82.38999938964844,82.38999938964844,82.2300033569336,82.26000213623047,58.537479400634766,1787000
2014-11-18,82.33999633789062,82.37999725341797,82.30000305175781,82.37999725341797,58.622840881347656,1607500
2014-11-19,82.19999694824219,82.33999633789062,82.1500015258789,82.16999816894531,58.47342300415039,1368600
2014-11-20,82.37000274658203,82.4000015258789,82.20999908447266,82.2699966430664,58.54460144042969,914900
2014-11-21,82.30999755859375,82.45999908447266,82.30999755859375,82.44999694824219,58.672672271728516,3286200
2014-11-24,82.37999725341797,82.48999786376953,82.3499984741211,82.45999908447266,58.6798210144043,1118300
2014-11-25,82.41999816894531,82.6500015258789,82.4000015258789,82.61000061035156,58.786556243896484,1010800
2014-11-26,82.72000122070312,82.77999877929688,82.69999694824219,82.7300033569336,58.8719482421875,1149600
2014-11-28,82.81999969482422,82.9000015258789,82.80999755859375,82.87000274658203,58.9715461730957,726300
2014-12-01,82.80999755859375,82.83000183105469,82.56999969482422,82.58000183105469,58.88315200805664,3682100
2014-12-02,82.5,82.5,82.38999938964844,82.4000015258789,58.75482940673828,5205900
2014-12-03,82.37000274658203,82.41999816894531,82.33000183105469,82.37999725341797,58.74050521850586,3877200
2014-12-04,82.41000366210938,82.56999969482422,82.38999938964844,82.5199966430664,58.84035873413086,1558300
2014-12-05,82.4000015258789,82.4000015258789,82.18000030517578,82.27999877929688,58.66923904418945,3695700
2014-12-08,82.30000305175781,82.5,82.25,82.44999694824219,58.790443420410156,2838200
2014-12-09,82.52999877929688,82.62000274658203,82.44000244140625,82.4800033569336,58.811859130859375,3727800
2014-12-10,82.5199966430664,82.7300033569336,82.5,82.69999694824219,58.968692779541016,4081900
2014-12-11,82.5999984741211,82.66000366210938,82.51000213623047,82.62000274658203,58.91167449951172,3280600
2014-12-12,82.80999755859375,82.9800033569336,82.69999694824219,82.9000015258789,59.111324310302734,6232900
2014-12-15,82.83999633789062,82.88999938964844,82.70999908447266,82.75,59.0043830871582,5511400
2014-12-16,82.9800033569336,82.9800033569336,82.79000091552734,82.94000244140625,59.13983917236328,6532800
2014-12-17,82.91000366210938,82.95999908447266,82.68000030517578,82.73999786376953,58.99723434448242,3942400
2014-12-18,82.61000061035156,82.66000366210938,82.54000091552734,82.61000061035156,58.90454864501953,1625500
2014-12-19,82.5999984741211,82.79000091552734,82.58000183105469,82.79000091552734,59.03288269042969,2204800
2014-12-22,82.69999694824219,82.79000091552734,82.68000030517578,82.75,59.0043830871582,2157100
2014-12-23,82.29000091552734,82.31999969482422,82.0,82.01000213623047,58.747230529785156,6121200
2014-12-24,81.98999786376953,82.04000091552734,81.8499984741211,82.04000091552734,58.768707275390625,2280200
2014-12-26,82.11000061035156,82.19000244140625,82.05000305175781,82.11000061035156,58.81886291503906,1300800
2014-12-29,82.23999786376953,82.3499984741211,82.16000366210938,82.25,58.91913604736328,2730600
2014-12-30,82.44000244140625,82.4800033569336,82.29000091552734,82.30999755859375,58.96211624145508,5854700
2014-12-31,82.4000015258789,82.44999694824219,82.3499984741211,82.37000274658203,59.00508117675781,1708900
2015-01-02,82.43000030517578,82.69000244140625,82.41999816894531,82.6500015258789,59.20566940307617,2218800
2015-01-05,82.73999786376953,82.91999816894531,82.69999694824219,82.88999938964844,59.37758255004883,5820100
2015-01-06,83.02999877929688,83.37999725341797,83.02999877929688,83.12999725341797,59.549522399902344,3887600
2015-01-07,83.13999938964844,83.27999877929688,83.05000305175781,83.18000030517578,59.585323333740234,2433400
2015-01-08,83.11000061035156,83.11000061035156,82.97000122070312,83.05000305175781,59.49219512939453,1873400
2015-01-09,83.01000213623047,83.29000091552734,83.0,83.19000244140625,59.592491149902344,1646100
2015-01-12,83.25,83.33000183105469,83.19999694824219,83.30000305175781,59.671295166015625,4397900
2015-01-13,83.30999755859375,83.47000122070312,83.2300033569336,83.37999725341797,59.72859573364258,2223400
2015-01-14,83.63999938964844,83.72000122070312,83.55000305175781,83.56999969482422,59.86469268798828,2481200
2015-01-15,83.55000305175781,83.95999908447266,83.55000305175781,83.94000244140625,60.12969970703125,4214500
2015-01-16,83.80999755859375,83.8499984741211,83.58000183105469,83.69000244140625,59.95066452026367,3631300
2015-01-20,83.69999694824219,83.83000183105469,83.56999969482422,83.5999984741211,59.88617706298828,3029500
2015-01-21,83.79000091552734,83.80000305175781,83.43000030517578,83.44000244140625,59.77155685424805,2473900
2015-01-22,83.62999725341797,83.62999725341797,83.37000274658203,83.45999908447266,59.785892486572266,2157400
2015-01-23,83.63999938964844,83.7699966430664,83.61000061035156,83.7300033569336,59.97928237915039,6255000
2015-01-26,83.7300033569336,83.75,83.58000183105469,83.62999725341797,59.90764236450195,7810500
2015-01-27,83.86000061035156,83.88999938964844,83.62999725341797,83.68000030517578,59.9434928894043,1154100
2015-01-28,83.63999938964844,84.08999633789062,83.62000274658203,83.9800033569336,60.15843963623047,1394600
2015-01-29,83.94000244140625,83.97000122070312,83.76000213623047,83.88999938964844,60.09394836425781,1551300
2015-01-30,84.19999694824219,84.3499984741211,84.11000061035156,84.3499984741211,60.42344665527344,10474400
2015-02-02,83.94999694824219,84.18000030517578,83.91000366210938,84.08000183105469,60.35166931152344,6070500
2015-02-03,83.93000030517578,83.98999786376953,83.7699966430664,83.81999969482422,60.165035247802734,1237200
2015-02-04,83.6500015258789,83.86000061035156,83.55999755859375,83.8499984741211,60.18656539916992,2945700
2015-02-05,83.69000244140625,83.76000213623047,83.61000061035156,83.66999816894531,60.057342529296875,2128200
2015-02-06,83.37999725341797,83.41999816894531,83.11000061035156,83.12999725341797,59.66975402832031,2907700
2015-02-09,83.2699966430664,83.29000091552734,83.05999755859375,83.0999984741211,59.64822006225586,1384600
2015-02-10,83.0,83.04000091552734,82.9000015258789,82.94999694824219,59.54055404663086,1447900
2015-02-11,83.0,83.05000305175781,82.88999938964844,82.94999694824219,59.54055404663086,1904000
2015-02-12,82.98999786376953,83.0999984741211,82.95999908447266,82.98999786376953,59.56929397583008,4662900
2015-02-13,83.02999877929688,83.02999877929688,82.80000305175781,82.80000305175781,59.43291091918945,1883000
2015-02-17,82.77999877929688,82.80000305175781,82.44000244140625,82.47000122070312,59.19599914550781,5281500
2015-02-18,82.58999633789062,82.81999969482422,82.48999786376953,82.69999694824219,59.361122131347656,3813000
2015-02-19,82.73999786376953,82.80999755859375,82.5999984741211,82.62999725341797,59.31087875366211,1322700
2015-02-20,82.75,82.87999725341797,82.52999877929688,82.6500015258789,59.32520294189453,3145800
2015-02-23,82.80000305175781,82.88999938964844,82.75,82.81999969482422,59.44721221923828,3952700
2015-02-24,82.81999969482422,83.22000122070312,82.68000030517578,83.16000366210938,59.691322326660156,2542200
2015-02-25,83.1500015258789,83.26000213623047,83.08000183105469,83.23999786376953,59.74871826171875,4934600
2015-02-26,83.13999938964844,83.23999786376953,83.0,83.01000213623047,59.583648681640625,2187500
2015-02-27,83.02999877929688,83.11000061035156,82.93000030517578,83.08000183105469,59.63389205932617,4094400
2015-03-02,82.95999908447266,83.0,82.62999725341797,82.6500015258789,59.44110870361328,2476100
2015-03-03,82.62999725341797,82.70999908447266,82.52999877929688,82.55000305175781,59.36922073364258,2648100
2015-03-04,82.5999984741211,82.66000366210938,82.51000213623047,82.55000305175781,59.36922073364258,1425400
2015-03-05,82.56999969482422,82.68000030517578,82.5,82.5999984741211,59.40518569946289,1340800
2015-03-06,82.30999755859375,82.30999755859375,82.02999877929688,82.12000274658203,59.059959411621094,1580000
2015-03-09,82.27999877929688,82.30000305175781,82.18000030517578,82.22000122070312,59.13190460205078,1982300
2015-03-10,82.44999694824219,82.55000305175781,82.43000030517578,82.54000091552734,59.36198806762695,3766100
2015-03-11,82.54000091552734,82.69000244140625,82.51000213623047,82.62999725341797,59.426727294921875,4829700
2015-03-12,82.87000274658203,82.88999938964844,82.6500015258789,82.69000244140625,59.469871520996094,8421500
2015-03-13,82.61000061035156,82.7699966430664,82.58000183105469,82.61000061035156,59.412384033203125,2114500
2015-03-16,82.81999969482422,82.87000274658203,82.66999816894531,82.7699966430664,59.527462005615234,1203700
2015-03-17,82.77999877929688,82.83999633789062,82.73999786376953,82.83999633789062,59.57777786254883,1471300
2015-03-18,82.93000030517578,83.3499984741211,82.7699966430664,83.3499984741211,59.944580078125,5534300
2015-03-19,83.30000305175781,83.31999969482422,83.05000305175781,83.0999984741211,59.76478958129883,1208100
2015-03-20,83.1500015258789,83.33000183105469,83.1500015258789,83.31999969482422,59.9229621887207,1011200
2015-03-23,83.36000061035156,83.37000274658203,83.22000122070312,83.36000061035156,59.9517822265625,1572700
2015-03-24,83.41000366210938,83.55000305175781,83.33000183105469,83.5,60.05240249633789,2300500
2015-03-25,83.5999984741211,83.5999984741211,83.3499984741211,83.37000274658203,59.958980560302734,1559900
2015-03-26,83.25,83.26000213623047,83.0199966430664,83.0999984741211,59.76478958129883,2342500
2015-03-27,83.18000030517578,83.29000091552734,83.12999725341797,83.18000030517578,59.822296142578125,6542300
2015-03-30,83.30000305175781,83.31999969482422,83.20999908447266,83.27999877929688,59.894168853759766,1634800
2015-03-31,83.30000305175781,83.44000244140625,83.23999786376953,83.37000274658203,59.958980560302734,1996000
2015-04-01,83.37000274658203,83.55000305175781,83.3499984741211,83.51000213623047,60.1974983215332,3132700
2015-04-02,83.54000091552734,83.55000305175781,83.37000274658203,83.4000015258789,60.11823272705078,791200
2015-04-06,83.5999984741211,83.61000061035156,83.38999938964844,83.47000122070312,60.16870880126953,1768800
2015-04-07,83.4000015258789,83.54000091552734,83.33000183105469,83.5199966430664,60.20475387573242,977400
2015-04-08,83.5199966430664,83.54000091552734,83.33999633789062,83.45999908447266,60.161537170410156,3470700
2015-04-09,83.4800033569336,83.4800033569336,83.19999694824219,83.27999877929688,60.03172302246094,1025400
2015-04-10,83.3499984741211,83.37999725341797,83.19999694824219,83.23999786376953,60.00289535522461,4290100
2015-04-13,83.30000305175781,83.3499984741211,83.19999694824219,83.26000213623047,60.017337799072266,6046400
2015-04-14,83.52999877929688,83.58999633789062,83.4000015258789,83.41000366210938,60.12547302246094,1398100
2015-04-15,83.55000305175781,83.58000183105469,83.45999908447266,83.48999786376953,60.18313980102539,1022400
2015-04-16,83.51000213623047,83.55999755859375,83.37999725341797,83.47000122070312,60.16870880126953,1289900
2015-04-17,83.44999694824219,83.66000366210938,83.4000015258789,83.61000061035156,60.26962661743164,1693900
2015-04-20,83.55000305175781,83.58999633789062,83.41999816894531,83.5199966430664,60.20475387573242,2463600
2015-04-21,83.4800033569336,83.5199966430664,83.36000061035156,83.41999816894531,60.132625579833984,1788000
2015-04-22,83.38999938964844,83.4000015258789,83.11000061035156,83.11000061035156,59.909175872802734,1501300
2015-04-23,83.19000244140625,83.37000274658203,83.13999938964844,83.2699966430664,60.02458190917969,5518000
2015-04-24,83.37999725341797,83.4800033569336,83.33000183105469,83.4000015258789,60.11823272705078,1597900
2015-04-27,83.44000244140625,83.44000244140625,83.27999877929688,83.33999633789062,60.07501983642578,1591400
2015-04-28,83.2699966430664,83.29000091552734,83.05999755859375,83.08000183105469,59.8875846862793,1217700
2015-04-29,82.83000183105469,82.91999816894531,82.72000122070312,82.81999969482422,59.700138092041016,1905200
2015-04-30,82.69000244140625,82.91000366210938,82.56999969482422,82.91000366210938,59.76505661010742,4229900
2015-05-01,82.55999755859375,82.62999725341797,82.41999816894531,82.5,59.58377456665039,7173200
2015-05-04,82.56999969482422,82.5999984741211,82.36000061035156,82.37999725341797,59.497093200683594,1190000
2015-05-05,82.41999816894531,82.41999816894531,82.13999938964844,82.25,59.40321350097656,4175700
2015-05-06,82.19999694824219,82.19999694824219,81.94999694824219,82.0199966430664,59.2370719909668,3938900
2015-05-07,82.0999984741211,82.25,82.08000183105469,82.19000244140625,59.35981750488281,3602900
2015-05-08,82.4800033569336,82.55000305175781,82.3499984741211,82.41000366210938,59.51874923706055,1735900
2015-05-11,82.25,82.31999969482422,81.91999816894531,81.9800033569336,59.208221435546875,929200
2015-05-12,81.8499984741211,82.02999877929688,81.75,81.87999725341797,59.135963439941406,2139600
2015-05-13,82.11000061035156,82.16000366210938,81.80000305175781,81.83999633789062,59.107120513916016,2372000
2015-05-14,81.94999694824219,82.05999755859375,81.9000015258789,82.0,59.2226448059082,1485300
2015-05-15,82.16000366210938,82.37000274658203,82.13999938964844,82.33000183105469,59.460994720458984,1402700
2015-05-18,82.26000213623047,82.26000213623047,82.0199966430664,82.02999877929688,59.24433135986328,3747700
2015-05-19,81.80000305175781,81.97000122070312,81.76000213623047,81.8499984741211,59.11431884765625,4856500
2015-05-20,81.87999725341797,81.95999908447266,81.77999877929688,81.8499984741211,59.11431884765625,4097400
2015-05-21,82.0,82.16000366210938,81.94999694824219,82.11000061035156,59.30210494995117,2314100
2015-05-22,82.05999755859375,82.08999633789062,81.91000366210938,82.05999755859375,59.265995025634766,816600
2015-05-26,82.05999755859375,82.30999755859375,82.02999877929688,82.26000213623047,59.410400390625,1178300
2015-05-27,82.27999877929688,82.33999633789062,82.13999938964844,82.30000305175781,59.43930435180664,2564500
2015-05-28,82.33000183105469,82.37999725341797,82.25,82.30999755859375,59.446533203125,1073300
2015-05-29,82.41999816894531,82.45999908447266,82.29000091552734,82.33999633789062,59.46820831298828,2494300
2015-06-01,82.19000244140625,82.19000244140625,81.86000061035156,81.9000015258789,59.26993179321289,1362800
2015-06-02,81.80000305175781,81.83000183105469,81.5999984741211,81.66999816894531,59.103458404541016,1510000
2015-06-03,81.5199966430664,81.52999877929688,81.22000122070312,81.30999755859375,58.842918395996094,1390000
2015-06-04,81.41999816894531,81.61000061035156,81.4000015258789,81.51000213623047,58.9876823425293,1111300
2015-06-05,81.2699966430664,81.3499984741211,81.0999984741211,81.19000244140625,58.75607681274414,4115300
2015-06-08,81.2699966430664,81.33999633789062,81.2300033569336,81.29000091552734,58.82845687866211,4954500
2015-06-09,81.19999694824219,81.19999694824219,81.01000213623047,81.05000305175781,58.6547737121582,2883300
2015-06-10,80.91999816894531,81.0,80.83000183105469,80.87999725341797,58.53174591064453,1222800
2015-06-11,81.0,81.2699966430664,80.94000244140625,81.26000213623047,58.80674362182617,1815900
2015-06-12,81.16999816894531,81.41999816894531,81.12000274658203,81.19999694824219,58.7633171081543,1785100
2015-06-15,81.37999725341797,81.43000030517578,81.19000244140625,81.20999908447266,58.770572662353516,2082900
2015-06-16,81.33999633789062,81.41999816894531,81.2300033569336,81.41999816894531,58.922523498535156,2250700
2015-06-17,81.37999725341797,81.47000122070312,81.0999984741211,81.44999694824219,58.94426727294922,865700
2015-06-18,81.37000274658203,81.44000244140625,81.19999694824219,81.38999938964844,58.90085983276367,1210300
2015-06-19,81.55000305175781,81.6500015258789,81.51000213623047,81.62000274658203,59.06729507446289,1176700
2015-06-22,81.41999816894531,81.48999786376953,81.20999908447266,81.2300033569336,58.78506088256836,1020000
2015-06-23,81.04000091552734,81.2300033569336,81.0,81.04000091552734,58.64753341674805,1096000
2015-06-24,81.1500015258789,81.2300033569336,81.08000183105469,81.19000244140625,58.75607681274414,6836900
2015-06-25,81.16000366210938,81.19999694824219,81.04000091552734,81.08000183105469,58.676429748535156,2894500
2015-06-26,80.94000244140625,80.9800033569336,80.8499984741211,80.93000030517578,58.567909240722656,963000
2015-06-29,81.19000244140625,81.4000015258789,81.08000183105469,81.33999633789062,58.86470413208008,2168400
2015-06-30,81.26000213623047,81.4800033569336,81.23999786376953,81.26000213623047,58.80674362182617,1547800
2015-07-01,80.87000274658203,81.02999877929688,80.83000183105469,80.9000015258789,58.66389083862305,5399300
2015-07-02,81.05999755859375,81.18000030517578,81.05999755859375,81.0999984741211,58.808929443359375,1060100
2015-07-06,81.44000244140625,81.44000244140625,81.22000122070312,81.37999725341797,59.01198196411133,2210700
2015-07-07,81.69000244140625,81.7699966430664,81.45999908447266,81.45999908447266,59.069969177246094,4183200
2015-07-08,81.63999938964844,81.76000213623047,81.55999755859375,81.69000244140625,59.23674011230469,1967800
2015-07-09,81.55999755859375,81.58000183105469,81.37999725341797,81.41999816894531,59.04097366333008,1670900
2015-07-10,81.0199966430664,81.16000366210938,80.94999694824219,81.04000091552734,58.765445709228516,2038300
2015-07-13,80.86000061035156,81.01000213623047,80.83999633789062,80.8499984741211,58.62766647338867,2846500
2015-07-14,81.0,81.06999969482422,80.95999908447266,81.0,58.73640823364258,1567700
2015-07-15,81.01000213623047,81.26000213623047,80.9800033569336,81.2300033569336,58.9031982421875,2631000
2015-07-16,81.06999969482422,81.27999877929688,81.05000305175781,81.2300033569336,58.9031982421875,1063100
2015-07-17,81.25,81.31999969482422,81.19999694824219,81.23999786376953,58.910430908203125,807900
2015-07-20,81.19000244140625,81.22000122070312,81.08000183105469,81.12999725341797,58.830665588378906,1026900
2015-07-21,81.12000274658203,81.33000183105469,81.0999984741211,81.27999877929688,58.939449310302734,1422900
2015-07-22,81.31999969482422,81.43000030517578,81.30000305175781,81.30999755859375,58.96121597290039,1624100
2015-07-23,81.3499984741211,81.54000091552734,81.29000091552734,81.5,59.09899139404297,1178400
2015-07-24,81.58999633789062,81.61000061035156,81.5,81.55000305175781,59.13524627685547,804300
2015-07-27,81.69000244140625,81.72000122070312,81.61000061035156,81.70999908447266,59.251285552978516,2022800
2015-07-28,81.61000061035156,81.6500015258789,81.55999755859375,81.56999969482422,59.14973831176758,1434700
2015-07-29,81.56999969482422,81.58000183105469,81.44000244140625,81.5,59.09899139404297,1020500
2015-07-30,81.4800033569336,81.58000183105469,81.44000244140625,81.52999877929688,59.12074661254883,788000
2015-07-31,81.77999877929688,81.83000183105469,81.72000122070312,81.80999755859375,59.32378387451172,1589100
2015-08-03,81.69999694824219,81.8499984741211,81.63999938964844,81.83000183105469,59.461124420166016,2085800
2015-08-04,81.76000213623047,81.77999877929688,81.52999877929688,81.55000305175781,59.257659912109375,1007300
2015-08-05,81.44999694824219,81.47000122070312,81.30999755859375,81.41999816894531,59.163185119628906,2097000
2015-08-06,81.44000244140625,81.55000305175781,81.41999816894531,81.47000122070312,59.199493408203125,1173000
2015-08-07,81.5999984741211,81.70999908447266,81.55000305175781,81.63999938964844,59.32307434082031,1773800
2015-08-10,81.58000183105469,81.61000061035156,81.41999816894531,81.47000122070312,59.199493408203125,1173300
2015-08-11,81.73999786376953,81.88999938964844,81.70999908447266,81.77999877929688,59.42477798461914,1424200
2015-08-12,81.91999816894531,82.02999877929688,81.7300033569336,81.75,59.40299606323242,1029700
2015-08-13,81.66999816894531,81.75,81.55000305175781,81.58000183105469,59.27946853637695,845500
2015-08-14,81.55000305175781,81.66999816894531,81.51000213623047,81.55000305175781,59.257659912109375,2279800
2015-08-17,81.73999786376953,81.77999877929688,81.66000366210938,81.69999694824219,59.36664581298828,821900
2015-08-18,81.5999984741211,81.66000366210938,81.5199966430664,81.55000305175781,59.257659912109375,1083900
2015-08-19,81.47000122070312,81.87000274658203,81.41999816894531,81.83999633789062,59.46837615966797,1356600
2015-08-20,81.87000274658203,81.97000122070312,81.83999633789062,81.91000366210938,59.51921844482422,1536900
2015-08-21,81.97000122070312,82.08999633789062,81.87000274658203,82.04000091552734,59.61373519897461,3459200
2015-08-24,82.30000305175781,82.43000030517578,81.93000030517578,82.0199966430664,59.59917068481445,4751800
2015-08-25,81.91999816894531,81.91999816894531,81.5999984741211,81.75,59.40299606323242,5325500
2015-08-26,81.54000091552734,81.73999786376953,81.3499984741211,81.4000015258789,59.148643493652344,2742500
2015-08-27,81.37000274658203,81.62000274658203,81.3499984741211,81.51000213623047,59.22860336303711,2671000
2015-08-28,81.69000244140625,81.73999786376953,81.51000213623047,81.55000305175781,59.257659912109375,2723900
2015-08-31,81.68000030517578,81.69999694824219,81.43000030517578,81.44000244140625,59.1777458190918,3103700
2015-09-01,81.38999938964844,81.54000091552734,81.33999633789062,81.47000122070312,59.321876525878906,2577700
2015-09-02,81.38999938964844,81.5,81.33000183105469,81.41000366210938,59.278221130371094,1934700
2015-09-03,81.5199966430664,81.56999969482422,81.4000015258789,81.47000122070312,59.321876525878906,2503000
2015-09-04,81.61000061035156,81.69999694824219,81.4800033569336,81.66999816894531,59.467498779296875,1213800
2015-09-08,81.5199966430664,81.5199966430664,81.41000366210938,81.47000122070312,59.321876525878906,1194600
2015-09-09,81.22000122070312,81.56999969482422,81.19999694824219,81.44999694824219,59.30733871459961,4265400
2015-09-10,81.43000030517578,81.43000030517578,81.27999877929688,81.27999877929688,59.18353271484375,1889000
2015-09-11,81.48999786376953,81.52999877929688,81.41999816894531,81.44999694824219,59.30733871459961,1411500
2015-09-14,81.55000305175781,81.55999755859375,81.44000244140625,81.47000122070312,59.321876525878906,905900
2015-09-15,81.38999938964844,81.4000015258789,81.05999755859375,81.12999725341797,59.0743293762207,1697300
2015-09-16,81.06999969482422,81.13999938964844,81.0,81.08000183105469,59.03788375854492,1579000
2015-09-17,81.04000091552734,81.54000091552734,81.0199966430664,81.54000091552734,59.37284851074219,1833200
2015-09-18,81.62999725341797,81.77999877929688,81.58999633789062,81.7699966430664,59.54034423828125,1639800
2015-09-21,81.62000274658203,81.66999816894531,81.41000366210938,81.47000122070312,59.321876525878906,933800
2015-09-22,81.5999984741211,81.77999877929688,81.58000183105469,81.62000274658203,59.431129455566406,1444000
2015-09-23,81.66000366210938,81.69999694824219,81.55000305175781,81.62000274658203,59.431129455566406,709000
2015-09-24,81.83999633789062,81.86000061035156,81.62999725341797,81.6500015258789,59.45298767089844,1454400
2015-09-25,81.5999984741211,81.62999725341797,81.5,81.5,59.34373474121094,1134000
2015-09-28,81.62999725341797,81.7699966430664,81.54000091552734,81.70999908447266,59.49664306640625,1305000
2015-09-29,81.72000122070312,81.87999725341797,81.69999694824219,81.7699966430664,59.54034423828125,1256600
2015-09-30,81.79000091552734,81.94000244140625,81.75,81.93000030517578,59.656829833984375,4432000
2015-10-01,81.88999938964844,81.95999908447266,81.80000305175781,81.80999755859375,59.68894577026367,2023700
2015-10-02,82.16999816894531,82.33999633789062,82.0,82.12000274658203,59.91512680053711,1770400
2015-10-05,82.0199966430664,82.0199966430664,81.80000305175781,81.80000305175781,59.681671142578125,4199900
2015-10-06,81.9000015258789,81.98999786376953,81.80000305175781,81.91000366210938,59.76190948486328,1925300
2015-10-07,81.87000274658203,81.97000122070312,81.80000305175781,81.91000366210938,59.76190948486328,1871000
2015-10-08,81.91999816894531,81.97000122070312,81.73999786376953,81.77999877929688,59.66703414916992,1118100
2015-10-09,81.68000030517578,81.83999633789062,81.68000030517578,81.7699966430664,59.65977096557617,1197400
2015-10-12,81.83999633789062,81.97000122070312,81.80000305175781,81.91000366210938,59.76190948486328,864100
2015-10-13,81.94000244140625,82.0,81.86000061035156,81.95999908447266,59.79839324951172,971700
2015-10-14,82.08000183105469,82.26000213623047,82.04000091552734,82.26000213623047,60.01725769042969,786300
2015-10-15,82.1500015258789,82.22000122070312,82.05999755859375,82.0999984741211,59.90055847167969,2264300
2015-10-16,82.05999755859375,82.1500015258789,82.04000091552734,82.06999969482422,59.878631591796875,1241200
2015-10-19,82.08000183105469,82.12000274658203,81.9800033569336,82.06999969482422,59.878631591796875,840100
2015-10-20,81.94000244140625,81.9800033569336,81.9000015258789,81.94000244140625,59.783817291259766,1348200
2015-10-21,82.08999633789062,82.18000030517578,82.02999877929688,82.08999633789062,59.893211364746094,943500
2015-10-22,82.08999633789062,82.29000091552734,82.08999633789062,82.2300033569336,59.995399475097656,1101300
2015-10-23,82.08000183105469,82.08000183105469,82.0,82.0199966430664,59.842166900634766,1367100
2015-10-26,82.13999938964844,82.19999694824219,82.11000061035156,82.11000061035156,59.907833099365234,1512200
2015-10-27,82.26000213623047,82.27999877929688,82.12999725341797,82.12999725341797,59.92239761352539,929400
2015-10-28,82.18000030517578,82.18000030517578,81.88999938964844,81.9000015258789,59.75462341308594,2617300
2015-10-29,81.80000305175781,81.80000305175781,81.56999969482422,81.61000061035156,59.543025970458984,943200
2015-10-30,81.61000061035156,81.79000091552734,81.58999633789062,81.79000091552734,59.674354553222656,1474100
2015-11-02,81.44000244140625,81.54000091552734,81.41000366210938,81.45999908447266,59.556636810302734,2939200
2015-11-03,81.4000015258789,81.44000244140625,81.26000213623047,81.31999969482422,59.45429229736328,3997100
2015-11-04,81.38999938964844,81.44000244140625,81.2300033569336,81.37000274658203,59.490821838378906,3594400
2015-11-05,81.3499984741211,81.37000274658203,81.11000061035156,81.22000122070312,59.38117599487305,1715400
2015-11-06,80.9800033569336,81.0199966430664,80.83000183105469,80.9000015258789,59.147216796875,1198700
2015-11-09,80.7699966430664,80.93000030517578,80.75,80.83000183105469,59.096046447753906,2358300
2015-11-10,80.93000030517578,81.04000091552734,80.83999633789062,80.91999816894531,59.161800384521484,1421000
2015-11-11,80.93000030517578,80.97000122070312,80.87000274658203,80.93000030517578,59.16917037963867,1303500
2015-11-12,81.04000091552734,81.05999755859375,80.94000244140625,80.94000244140625,59.17645263671875,1263900
2015-11-13,81.01000213623047,81.12000274658203,81.01000213623047,81.08999633789062,59.286155700683594,1583300
2015-11-16,81.12000274658203,81.19999694824219,81.05000305175781,81.08999633789062,59.286155700683594,949100
2015-11-17,81.02999877929688,81.23999786376953,80.95999908447266,81.18000030517578,59.3519287109375,1155900
2015-11-18,81.12999725341797,81.19000244140625,81.06999969482422,81.13999938964844,59.32266616821289,944100
2015-11-19,81.27999877929688,81.30000305175781,81.2300033569336,81.25,59.403106689453125,1085500
2015-11-20,81.31999969482422,81.31999969482422,81.19999694824219,81.2300033569336,59.38851547241211,1273800
2015-11-23,81.20999908447266,81.30999755859375,81.1500015258789,81.26000213623047,59.41044998168945,1647300
2015-11-24,81.29000091552734,81.3499984741211,81.25,81.29000091552734,59.43233871459961,1361900
2015-11-25,81.33000183105469,81.36000061035156,81.2699966430664,81.30000305175781,59.43962478637695,904600
2015-11-27,81.37000274658203,81.38999938964844,81.30999755859375,81.33999633789062,59.468902587890625,516000
2015-11-30,81.33000183105469,81.37999725341797,81.26000213623047,81.30000305175781,59.43962478637695,6285200
2015-12-01,81.16999816894531,81.44999694824219,81.13999938964844,81.44000244140625,59.66455841064453,1780200
2015-12-02,81.4000015258789,81.41000366210938,81.27999877929688,81.33999633789062,59.591339111328125,1413700
2015-12-03,81.1500015258789,81.1500015258789,80.68000030517578,80.70999908447266,59.12977600097656,2510600
2015-12-04,80.87000274658203,81.04000091552734,80.79000091552734,81.02999877929688,59.36418151855469,3815200
2015-12-07,81.05999755859375,81.29000091552734,81.04000091552734,81.16999816894531,59.46676254272461,1543300
2015-12-08,81.25,81.2699966430664,81.11000061035156,81.19000244140625,59.48142623901367,1687300
2015-12-09,81.11000061035156,81.26000213623047,80.97000122070312,81.16000366210938,59.45942687988281,2076900
2015-12-10,81.22000122070312,81.22000122070312,81.12999725341797,81.1500015258789,59.45213317871094,2004100
2015-12-11,81.37000274658203,81.41999816894531,81.2699966430664,81.37000274658203,59.61328125,1994400
2015-12-14,81.19999694824219,81.26000213623047,80.9800033569336,80.98999786376953,59.33491134643555,2974600
2015-12-15,80.87999725341797,80.95999908447266,80.81999969482422,80.9000015258789,59.26901626586914,1806300
2015-12-16,80.87000274658203,81.0,80.69000244140625,80.80999755859375,59.2030029296875,2332700
2015-12-17,80.91999816894531,81.0199966430664,80.88999938964844,80.9800033569336,59.327579498291016,2290500
2015-12-18,81.08999633789062,81.16999816894531,81.0199966430664,81.16000366210938,59.45942687988281,3211500
2015-12-21,81.19000244140625,81.2300033569336,81.04000091552734,81.06999969482422,59.39352035522461,3158300
2015-12-22,81.02999877929688,81.04000091552734,80.94000244140625,80.95999908447266,59.31296157836914,2348600
2015-12-23,80.62000274658203,80.73999786376953,80.58999633789062,80.73999786376953,59.32025909423828,2538600
2015-12-24,80.75,80.83000183105469,80.69999694824219,80.80000305175781,59.364356994628906,1361700
2015-12-28,80.70999908447266,80.87999725341797,80.70999908447266,80.80000305175781,59.364356994628906,1580600
2015-12-29,80.7300033569336,80.7300033569336,80.51000213623047,80.55000305175781,59.180694580078125,2586600
2015-12-30,80.52999877929688,80.6500015258789,80.47000122070312,80.5999984741211,59.21742630004883,2367200
2015-12-31,80.7300033569336,80.80999755859375,80.63999938964844,80.76000213623047,59.33495330810547,2419700
2016-01-04,80.79000091552734,80.93000030517578,80.69999694824219,80.72000122070312,59.305625915527344,2750500
2016-01-05,80.76000213623047,80.9000015258789,80.69999694824219,80.81999969482422,59.379066467285156,1513600
2016-01-06,81.02999877929688,81.18000030517578,80.9800033569336,81.18000030517578,59.6435432434082,2391100
2016-01-07,81.12000274658203,81.19999694824219,80.97000122070312,81.19000244140625,59.65089416503906,2792900
2016-01-08,81.13999938964844,81.31999969482422,81.0999984741211,81.29000091552734,59.72434616088867,1405100
2016-01-11,81.11000061035156,81.16000366210938,80.94999694824219,80.94999694824219,59.474571228027344,2146900
2016-01-12,81.08000183105469,81.33000183105469,81.0,81.16000366210938,59.62882614135742,1645300
2016-01-13,81.19999694824219,81.44999694824219,81.16000366210938,81.36000061035156,59.77581024169922,2887800
2016-01-14,81.33999633789062,81.47000122070312,81.22000122070312,81.26000213623047,59.70230484008789,4545800
2016-01-15,81.5,81.5199966430664,81.36000061035156,81.4000015258789,59.805179595947266,1773900
2016-01-19,81.4000015258789,81.4000015258789,81.2300033569336,81.30000305175781,59.7316780090332,3856700
2016-01-20,81.52999877929688,81.61000061035156,81.30000305175781,81.38999938964844,59.797828674316406,7796900
2016-01-21,81.52999877929688,81.55999755859375,81.33000183105469,81.33999633789062,59.7611198425293,3062600
2016-01-22,81.31999969482422,81.33000183105469,81.19999694824219,81.30999755859375,59.73904037475586,3004100
2016-01-25,81.4000015258789,81.43000030517578,81.30000305175781,81.30999755859375,59.73904037475586,2164700
2016-01-26,81.41000366210938,81.47000122070312,81.31999969482422,81.43000030517578,59.827205657958984,2659100
2016-01-27,81.3499984741211,81.5,81.25,81.43000030517578,59.827205657958984,1734400
2016-01-28,81.41000366210938,81.52999877929688,81.37000274658203,81.48999786376953,59.87129211425781,1487600
2016-01-29,81.76000213623047,81.80000305175781,81.6500015258789,81.7300033569336,60.04765319824219,3634300
2016-02-01,81.5199966430664,81.62999725341797,81.33000183105469,81.38999938964844,59.9254035949707,2255300
2016-02-02,81.66999816894531,81.72000122070312,81.58000183105469,81.66999816894531,60.13157272338867,2554600
2016-02-03,81.66000366210938,81.93000030517578,81.55999755859375,81.7300033569336,60.17573547363281,3238200
2016-02-04,81.73999786376953,81.86000061035156,81.69000244140625,81.79000091552734,60.21993637084961,1179000
2016-02-05,81.69999694824219,81.80000305175781,81.5999984741211,81.70999908447266,60.16103744506836,2360200
2016-02-08,81.91999816894531,82.13999938964844,81.8499984741211,82.05999755859375,60.418724060058594,2519500
2016-02-09,82.20999908447266,82.22000122070312,81.97000122070312,82.05000305175781,60.41136169433594,2354500
2016-02-10,82.0999984741211,82.2300033569336,81.91999816894531,82.22000122070312,60.536521911621094,2553900
2016-02-11,82.5,82.58000183105469,82.22000122070312,82.2699966430664,60.573341369628906,1887700
2016-02-12,82.16000366210938,82.19999694824219,81.88999938964844,82.0,60.37451171875,1474600
2016-02-16,81.88999938964844,81.93000030517578,81.80000305175781,81.87999725341797,60.28617477416992,1488800
2016-02-17,81.80999755859375,81.87999725341797,81.66000366210938,81.86000061035156,60.27143096923828,2158200
2016-02-18,81.86000061035156,82.1500015258789,81.86000061035156,82.13999938964844,60.477603912353516,1819100
2016-02-19,82.05999755859375,82.1500015258789,82.0,82.02999877929688,60.39665603637695,1862600
2016-02-22,82.05000305175781,82.08999633789062,81.97000122070312,82.05000305175781,60.41136169433594,1596900
2016-02-23,81.94000244140625,82.2300033569336,81.9000015258789,82.0999984741211,60.44816207885742,2243700
2016-02-24,82.23999786376953,82.48999786376953,82.11000061035156,82.16000366210938,60.49237060546875,2434300
2016-02-25,82.23999786376953,82.38999938964844,82.2300033569336,82.27999877929688,60.580692291259766,2407600
2016-02-26,82.12000274658203,82.20999908447266,82.02999877929688,82.19999694824219,60.52180480957031,1628400
2016-02-29,82.12999725341797,82.31999969482422,82.12999725341797,82.25,60.55861282348633,1827800
2016-03-01,82.16999816894531,82.16999816894531,81.7300033569336,81.80999755859375,60.35572052001953,2546300
2016-03-02,81.75,81.80999755859375,81.6500015258789,81.76000213623047,60.318817138671875,2137300
2016-03-03,81.77999877929688,81.94000244140625,81.73999786376953,81.80000305175781,60.34836196899414,2750500
2016-03-04,81.8499984741211,81.87000274658203,81.6500015258789,81.76000213623047,60.318817138671875,1147700
2016-03-07,81.70999908447266,81.77999877929688,81.66999816894531,81.73999786376953,60.304080963134766,1303200
2016-03-08,82.06999969482422,82.12999725341797,82.0,82.01000213623047,60.50328826904297,1713100
2016-03-09,81.88999938964844,82.0,81.83999633789062,81.87000274658203,60.39999008178711,2010000
2016-03-10,81.95999908447266,82.0199966430664,81.76000213623047,81.83000183105469,60.370445251464844,1785600
2016-03-11,81.9000015258789,81.9000015258789,81.72000122070312,81.72000122070312,60.2893180847168,1422300
2016-03-14,81.83000183105469,81.97000122070312,81.80000305175781,81.9000015258789,60.42210388183594,1534200
2016-03-15,81.9800033569336,82.01000213623047,81.79000091552734,81.81999969482422,60.36311721801758,1870200
2016-03-16,81.76000213623047,82.13999938964844,81.70999908447266,82.13999938964844,60.59918975830078,1402900
2016-03-17,82.20999908447266,82.33999633789062,82.18000030517578,82.31999969482422,60.73199462890625,1571000
2016-03-18,82.38999938964844,82.45999908447266,82.31999969482422,82.38999938964844,60.78362274169922,1219400
2016-03-21,82.30000305175781,82.30000305175781,82.20999908447266,82.23999786376953,60.67289352416992,1613600
2016-03-22,82.38999938964844,82.41999816894531,82.19000244140625,82.22000122070312,60.658241271972656,2150200
2016-03-23,82.2699966430664,82.41000366210938,82.2300033569336,82.4000015258789,60.79098892211914,1234500
2016-03-24,82.5199966430664,82.5199966430664,82.20999908447266,82.30000305175781,60.71721649169922,1752300
2016-03-28,82.29000091552734,82.44000244140625,82.27999877929688,82.33999633789062,60.74672317504883,2369600
2016-03-29,82.44999694824219,82.73999786376953,82.41999816894531,82.68000030517578,60.99759292602539,1841800
2016-03-30,82.62999725341797,82.73999786376953,82.54000091552734,82.6500015258789,60.97541809082031,1624300
2016-03-31,82.72000122070312,82.91999816894531,82.69000244140625,82.80999755859375,61.093441009521484,3037600
2016-04-01,82.6500015258789,82.79000091552734,82.52999877929688,82.7300033569336,61.162208557128906,3027400
2016-04-04,82.7699966430664,82.86000061035156,82.69999694824219,82.7300033569336,61.162208557128906,1452400
2016-04-05,82.95999908447266,82.98999786376953,82.87999725341797,82.87999725341797,61.27311706542969,2149200
2016-04-06,82.9000015258789,82.91999816894531,82.80000305175781,82.83999633789062,61.24356460571289,1833100
2016-04-07,83.08000183105469,83.1500015258789,83.0,83.11000061035156,61.44316864013672,1533400
2016-04-08,83.05999755859375,83.06999969482422,82.97000122070312,83.04000091552734,61.39141845703125,1402100
2016-04-11,82.98999786376953,83.06999969482422,82.93000030517578,83.02999877929688,61.38402557373047,1214400
2016-04-12,82.91999816894531,82.9800033569336,82.81999969482422,82.9000015258789,61.28789520263672,2388000
2016-04-13,82.87000274658203,83.0,82.80000305175781,82.94999694824219,61.32487869262695,1749400
2016-04-14,82.94999694824219,82.9800033569336,82.8499984741211,82.87999725341797,61.27311706542969,1617200
2016-04-15,82.98999786376953,83.13999938964844,82.95999908447266,83.06999969482422,61.41360092163086,1181000
2016-04-18,83.0199966430664,83.04000091552734,82.95999908447266,83.04000091552734,61.39141845703125,1395400
2016-04-19,83.04000091552734,83.08999633789062,82.94000244140625,83.08999633789062,61.42835998535156,1163600
2016-04-20,83.11000061035156,83.1500015258789,82.86000061035156,82.86000061035156,61.25834274291992,2388600
2016-04-21,82.80000305175781,82.86000061035156,82.68000030517578,82.76000213623047,61.18441390991211,1683900
2016-04-22,82.81999969482422,82.87999725341797,82.70999908447266,82.7300033569336,61.162208557128906,5115300
2016-04-25,82.72000122070312,82.7699966430664,82.62000274658203,82.62999725341797,61.088287353515625,2483300
2016-04-26,82.66999816894531,82.66999816894531,82.44000244140625,82.51000213623047,60.99958419799805,1689600
2016-04-27,82.61000061035156,82.80999755859375,82.55000305175781,82.76000213623047,61.18441390991211,1456400
2016-04-28,82.77999877929688,82.97000122070312,82.73999786376953,82.91000366210938,61.29529571533203,1625800
2016-04-29,82.87000274658203,82.9800033569336,82.81999969482422,82.97000122070312,61.33965301513672,2856900
2016-05-02,82.77999877929688,82.77999877929688,82.62999725341797,82.66000366210938,61.23150634765625,2443700
2016-05-03,82.94999694824219,82.95999908447266,82.83999633789062,82.88999938964844,61.40187454223633,1765500
2016-05-04,82.94000244140625,83.01000213623047,82.83000183105469,82.91999816894531,61.42411422729492,2868300
2016-05-05,82.95999908447266,83.0999984741211,82.87000274658203,83.06999969482422,61.535213470458984,1270700
2016-05-06,83.06999969482422,83.0999984741211,82.97000122070312,83.02999877929688,61.50559616088867,1520600
2016-05-09,83.11000061035156,83.13999938964844,83.02999877929688,83.08999633789062,61.550045013427734,1373200
2016-05-10,83.08999633789062,83.16000366210938,83.02999877929688,83.08999633789062,61.550045013427734,1889300
2016-05-11,83.13999938964844,83.26000213623047,83.06999969482422,83.11000061035156,61.56486129760742,2381000
2016-05-12,83.0999984741211,83.18000030517578,83.05999755859375,83.12000274658203,61.572265625,1653300
2016-05-13,83.16000366210938,83.23999786376953,83.08999633789062,83.20999908447266,61.638919830322266,1397400
2016-05-16,83.1500015258789,83.1500015258789,83.0199966430664,83.02999877929688,61.50559616088867,3132000
2016-05-17,83.12999725341797,83.12999725341797,82.94000244140625,82.97000122070312,61.46114730834961,1735900
2016-05-18,82.91999816894531,82.91999816894531,82.5199966430664,82.58000183105469,61.172245025634766,1685900
2016-05-19,82.62999725341797,82.69000244140625,82.58999633789062,82.66999816894531,61.238922119140625,1464000
2016-05-20,82.66000366210938,82.7699966430664,82.62000274658203,82.66999816894531,61.238922119140625,2044000
2016-05-23,82.7300033569336,82.7699966430664,82.62999725341797,82.69000244140625,61.253761291503906,1310700
2016-05-24,82.69000244140625,82.69999694824219,82.55999755859375,82.6500015258789,61.22412872314453,2656800
2016-05-25,82.66999816894531,82.69999694824219,82.58999633789062,82.62000274658203,61.201881408691406,1474800
2016-05-26,82.72000122070312,82.81999969482422,82.66999816894531,82.76000213623047,61.30557632446289,1571700
2016-05-27,82.80000305175781,82.80999755859375,82.6500015258789,82.7300033569336,61.28334045410156,2045600
2016-05-31,82.66000366210938,82.88999938964844,82.5999984741211,82.80000305175781,61.33521270751953,1361400
2016-06-01,82.73999786376953,82.77999877929688,82.5999984741211,82.66000366210938,61.35674285888672,1625600
2016-06-02,82.75,82.88999938964844,82.7300033569336,82.81999969482422,61.47551727294922,1503200
2016-06-03,83.22000122070312,83.37000274658203,83.16999816894531,83.33999633789062,61.861480712890625,1964500
2016-06-06,83.2300033569336,83.25,83.12999725341797,83.20999908447266,61.76498794555664,1603100
2016-06-07,83.27999877929688,83.30000305175781,83.19999694824219,83.22000122070312,61.77244186401367,1283100
2016-06-08,83.30000305175781,83.33000183105469,83.25,83.31999969482422,61.84667205810547,1374500
2016-06-09,83.47000122070312,83.47000122070312,83.37000274658203,83.4000015258789,61.906044006347656,1611200
2016-06-10,83.48999786376953,83.58000183105469,83.43000030517578,83.4800033569336,61.96540069580078,1575300
2016-06-13,83.55999755859375,83.58000183105469,83.4800033569336,83.5,61.98027038574219,1681500
2016-06-14,83.62000274658203,83.62000274658203,83.47000122070312,83.48999786376953,61.97282028198242,1524200
2016-06-15,83.55999755859375,83.75,83.54000091552734,83.68000030517578,62.1138801574707,1345100
2016-06-16,83.81999969482422,83.91000366210938,83.69000244140625,83.7699966430664,62.18070602416992,1111400
2016-06-17,83.70999908447266,83.73999786376953,83.58999633789062,83.6500015258789,62.091636657714844,1860800
2016-06-20,83.4800033569336,83.52999877929688,83.44000244140625,83.45999908447266,61.9505729675293,2347500
2016-06-21,83.4800033569336,83.5,83.33000183105469,83.3499984741211,61.86891555786133,1785100
2016-06-22,83.37999725341797,83.41999816894531,83.31999969482422,83.37999725341797,61.891197204589844,1337700
2016-06-23,83.2699966430664,83.37000274658203,83.22000122070312,83.2300033569336,61.779850006103516,1152800
2016-06-24,83.83999633789062,83.91999816894531,83.66999816894531,83.69999694824219,62.12869644165039,2030400
2016-06-27,84.16000366210938,84.16999816894531,84.01000213623047,84.12000274658203,62.440494537353516,2465500
2016-06-28,84.25,84.25,84.12000274658203,84.22000122070312,62.51472091674805,2971800
2016-06-29,84.31999969482422,84.33000183105469,84.12999725341797,84.19000244140625,62.4924430847168,2425700
2016-06-30,84.20999908447266,84.41000366210938,84.19000244140625,84.30000305175781,62.574092864990234,3362300
2016-07-01,84.44000244140625,84.4800033569336,84.23999786376953,84.37000274658203,62.748130798339844,2531600
2016-07-05,84.5999984741211,84.70999908447266,84.48999786376953,84.66000366210938,62.96377944946289,3193800
2016-07-06,84.73999786376953,84.80999755859375,84.62999725341797,84.80999755859375,63.075294494628906,1936800
2016-07-07,84.66999816894531,84.7699966430664,84.58000183105469,84.66999816894531,62.97122573852539,2032500
2016-07-08,84.80000305175781,84.91999816894531,84.68000030517578,84.88999938964844,63.134822845458984,1748000
2016-07-11,84.80999755859375,84.83999633789062,84.61000061035156,84.63999938964844,62.948936462402344,2617100
2016-07-12,84.52999877929688,84.52999877929688,84.2300033569336,84.30000305175781,62.696067810058594,1775400
2016-07-13,84.51000213623047,84.52999877929688,84.43000030517578,84.44999694824219,62.80759048461914,1352500
2016-07-14,84.30000305175781,84.38999938964844,84.23999786376953,84.31999969482422,62.7109375,1621500
2016-07-15,84.26000213623047,84.26000213623047,84.0,84.05000305175781,62.51012420654297,2233900
2016-07-18,84.19999694824219,84.20999908447266,84.0,84.08000183105469,62.53244400024414,2155800
2016-07-19,84.16999816894531,84.2300033569336,84.11000061035156,84.20999908447266,62.62908935546875,1559600
2016-07-20,84.16000366210938,84.16000366210938,84.05000305175781,84.12000274658203,62.56220626831055,1688100
2016-07-21,84.05000305175781,84.2300033569336,83.94999694824219,84.22000122070312,62.636573791503906,2076000
2016-07-22,84.13999938964844,84.27999877929688,84.08999633789062,84.2300033569336,62.64398956298828,1612000
2016-07-25,84.2300033569336,84.27999877929688,84.13999938964844,84.18000030517578,62.606788635253906,1204600
2016-07-26,84.2699966430664,84.2699966430664,84.11000061035156,84.16999816894531,62.59939956665039,2385100
2016-07-27,84.22000122070312,84.41999816894531,84.19999694824219,84.41999816894531,62.785301208496094,1575400
2016-07-28,84.36000061035156,84.44999694824219,84.2699966430664,84.37000274658203,62.748130798339844,1418900
2016-07-29,84.48999786376953,84.63999938964844,84.44000244140625,84.63999938964844,62.948936462402344,2757900
2016-08-01,84.25,84.44000244140625,84.19999694824219,84.20999908447266,62.75141906738281,3705700
2016-08-02,84.18000030517578,84.25,84.05000305175781,84.12999725341797,62.691856384277344,4575700
2016-08-03,84.12999725341797,84.18000030517578,83.9800033569336,84.12999725341797,62.691856384277344,3472400
2016-08-04,84.2699966430664,84.37999725341797,84.23999786376953,84.27999877929688,62.803585052490234,1202000
2016-08-05,84.25,84.25,83.9800033569336,84.0,62.59498977661133,2018700
2016-08-08,83.95999908447266,84.06999969482422,83.87999725341797,84.01000213623047,62.60240936279297,1843100
2016-08-09,84.05999755859375,84.25,84.05000305175781,84.25,62.781227111816406,2262700
2016-08-10,84.30999755859375,84.38999938964844,84.25,84.36000061035156,62.86323547363281,1672200
2016-08-11,84.38999938964844,84.38999938964844,84.08000183105469,84.13999938964844,62.699283599853516,1760100
2016-08-12,84.41000366210938,84.47000122070312,84.30999755859375,84.33000183105469,62.84088134765625,1606000
2016-08-15,84.22000122070312,84.31999969482422,84.18000030517578,84.19000244140625,62.73656463623047,1942500
2016-08-16,84.22000122070312,84.2300033569336,84.11000061035156,84.1500015258789,62.706722259521484,2163100
2016-08-17,84.19000244140625,84.33999633789062,84.1500015258789,84.27999877929688,62.803585052490234,2024600
2016-08-18,84.31999969482422,84.41000366210938,84.23999786376953,84.37000274658203,62.870697021484375,1750900
2016-08-19,84.22000122070312,84.26000213623047,84.08000183105469,84.19999694824219,62.743988037109375,1995100
2016-08-22,84.29000091552734,84.3499984741211,84.2300033569336,84.31999969482422,62.83340072631836,1388100
2016-08-23,84.44000244140625,84.44999694824219,84.31999969482422,84.36000061035156,62.86323547363281,1668300
2016-08-24,84.43000030517578,84.44999694824219,84.31999969482422,84.3499984741211,62.85578536987305,2083300
2016-08-25,84.31999969482422,84.37999725341797,84.25,84.26000213623047,62.788719177246094,1737800
2016-08-26,84.37999725341797,84.48999786376953,84.05000305175781,84.05000305175781,62.632205963134766,2874500
2016-08-29,84.2300033569336,84.33999633789062,84.18000030517578,84.33999633789062,62.848304748535156,1446800
2016-08-30,84.36000061035156,84.36000061035156,84.2300033569336,84.2699966430664,62.796165466308594,4750700
2016-08-31,84.30000305175781,84.3499984741211,84.20999908447266,84.20999908447266,62.75141906738281,1911900
2016-09-01,83.9000015258789,84.19000244140625,83.9000015258789,84.16000366210938,62.838043212890625,3108600
2016-09-02,84.12999725341797,84.12999725341797,83.94000244140625,84.04000091552734,62.74845504760742,1797500
2016-09-06,84.0999984741211,84.3499984741211,84.0199966430664,84.29000091552734,62.93513107299805,4316100
2016-09-07,84.4000015258789,84.4000015258789,84.27999877929688,84.30000305175781,62.942588806152344,1849500
2016-09-08,84.16999816894531,84.20999908447266,83.87000274658203,83.9800033569336,62.70363998413086,3475600
2016-09-09,83.70999908447266,83.80999755859375,83.56999969482422,83.61000061035156,62.4273567199707,2888900
2016-09-12,83.55000305175781,83.68000030517578,83.51000213623047,83.63999938964844,62.44978713989258,3191000
2016-09-13,83.7699966430664,83.7699966430664,83.29000091552734,83.4000015258789,62.27061080932617,2669800
2016-09-14,83.41999816894531,83.5999984741211,83.4000015258789,83.51000213623047,62.352718353271484,2124500
2016-09-15,83.47000122070312,83.61000061035156,83.4000015258789,83.58000183105469,62.40501403808594,1817200
2016-09-16,83.6500015258789,83.69000244140625,83.55000305175781,83.6500015258789,62.45731735229492,1307800
2016-09-19,83.63999938964844,83.66999816894531,83.55999755859375,83.58999633789062,62.4124755859375,1558100
2016-09-20,83.66000366210938,83.76000213623047,83.61000061035156,83.61000061035156,62.4273567199707,1260900
2016-09-21,83.55000305175781,83.8499984741211,83.52999877929688,83.8499984741211,62.606597900390625,1979800
2016-09-22,83.94000244140625,84.0999984741211,83.91000366210938,84.0199966430664,62.7335205078125,1473900
2016-09-23,84.02999877929688,84.08000183105469,83.9800033569336,84.0,62.71858596801758,1441500
2016-09-26,84.08000183105469,84.16999816894531,84.05000305175781,84.13999938964844,62.82310104370117,1709200
2016-09-27,84.26000213623047,84.2699966430664,84.12999725341797,84.23999786376953,62.897789001464844,2458100
2016-09-28,84.23999786376953,84.30000305175781,84.18000030517578,84.23999786376953,62.897789001464844,2284600
2016-09-29,84.13999938964844,84.30999755859375,84.11000061035156,84.25,62.905242919921875,2886200
2016-09-30,84.25,84.27999877929688,84.0199966430664,84.13999938964844,62.82310104370117,1663600
2016-10-03,83.94999694824219,84.01000213623047,83.83999633789062,83.88999938964844,62.75654602050781,1509200
2016-10-04,83.83999633789062,83.8499984741211,83.5999984741211,83.61000061035156,62.547035217285156,1815500
2016-10-05,83.66000366210938,83.66999816894531,83.44000244140625,83.47000122070312,62.442352294921875,2666100
2016-10-06,83.45999908447266,83.55999755859375,83.37999725341797,83.44000244140625,62.4199104309082,1148500
2016-10-07,83.5199966430664,83.52999877929688,83.30999755859375,83.51000213623047,62.472259521484375,1783300
2016-10-10,83.37999725341797,83.43000030517578,83.30999755859375,83.41999816894531,62.404945373535156,1425500
2016-10-11,83.37999725341797,83.43000030517578,83.27999877929688,83.29000091552734,62.30769348144531,1476700
2016-10-12,83.30000305175781,83.36000061035156,83.2300033569336,83.33999633789062,62.34505844116211,1286400
2016-10-13,83.5199966430664,83.54000091552734,83.43000030517578,83.44000244140625,62.4199104309082,1625500
2016-10-14,83.33999633789062,83.45999908447266,83.26000213623047,83.2699966430664,62.29269027709961,1379900
2016-10-17,83.33000183105469,83.47000122070312,83.27999877929688,83.44999694824219,62.42741394042969,1008900
2016-10-18,83.37999725341797,83.56999969482422,83.37000274658203,83.55999755859375,62.509666442871094,1167300
2016-10-19,83.51000213623047,83.62000274658203,83.5,83.62000274658203,62.5545539855957,1546400
2016-10-20,83.62999725341797,83.68000030517578,83.52999877929688,83.56999969482422,62.517147064208984,1283200
2016-10-21,83.5999984741211,83.6500015258789,83.52999877929688,83.63999938964844,62.56951904296875,1018800
2016-10-24,83.6500015258789,83.6500015258789,83.44999694824219,83.5199966430664,62.4797248840332,1453900
2016-10-25,83.4800033569336,83.5999984741211,83.45999908447266,83.5199966430664,62.4797248840332,1462100
2016-10-26,83.38999938964844,83.44999694824219,83.33999633789062,83.37000274658203,62.36756134033203,1144500
2016-10-27,83.16999816894531,83.19999694824219,83.0199966430664,83.13999938964844,62.19548416137695,1848200
2016-10-28,83.08999633789062,83.18000030517578,83.06999969482422,83.0999984741211,62.16557693481445,1574400
2016-10-31,83.20999908447266,83.25,83.13999938964844,83.19000244140625,62.2329216003418,1664700
2016-11-01,82.88999938964844,83.06999969482422,82.83000183105469,83.0,62.2126579284668,1623500
2016-11-02,83.05999755859375,83.19999694824219,83.0,83.08000183105469,62.27260208129883,3138400
2016-11-03,83.05999755859375,83.12999725341797,83.01000213623047,83.02999877929688,62.23514175415039,2335700
2016-11-04,83.08000183105469,83.23999786376953,83.08000183105469,83.18000030517578,62.34754180908203,1047000
2016-11-07,83.16000366210938,83.16000366210938,83.05999755859375,83.06999969482422,62.26514434814453,1290000
2016-11-08,83.12000274658203,83.12999725341797,82.9000015258789,82.91999816894531,62.152713775634766,2509100
2016-11-09,82.5,82.61000061035156,82.0199966430664,82.0999984741211,61.53806686401367,3448800
2016-11-10,81.98999786376953,82.0999984741211,81.73999786376953,81.75,61.275733947753906,2836000
2016-11-11,81.72000122070312,81.83000183105469,81.56999969482422,81.5999984741211,61.163299560546875,1580900
2016-11-14,81.44000244140625,81.5,81.20999908447266,81.29000091552734,60.930931091308594,2079400
2016-11-15,81.43000030517578,81.52999877929688,81.37000274658203,81.4000015258789,61.01335144042969,2098100
2016-11-16,81.47000122070312,81.58000183105469,81.41999816894531,81.56999969482422,61.14079666137695,1629100
2016-11-17,81.44000244140625,81.4800033569336,81.22000122070312,81.23999786376953,60.89341354370117,1762200
2016-11-18,81.27999877929688,81.3499984741211,81.0,81.04000091552734,60.7435302734375,1561600
2016-11-21,81.0999984741211,81.1500015258789,81.0,81.02999877929688,60.73606491088867,2074000
2016-11-22,81.19000244140625,81.22000122070312,81.06999969482422,81.0999984741211,60.788516998291016,1866900
2016-11-23,80.88999938964844,81.0,80.69999694824219,80.88999938964844,60.6310920715332,1642900
2016-11-25,80.91000366210938,80.98999786376953,80.81999969482422,80.91999816894531,60.65358352661133,942700
2016-11-28,81.01000213623047,81.13999938964844,81.0,81.11000061035156,60.79596710205078,1352600
2016-11-29,81.01000213623047,81.23999786376953,81.0,81.16999816894531,60.84099578857422,1583600
2016-11-30,80.93000030517578,81.04000091552734,80.80000305175781,80.88999938964844,60.6310920715332,2372200
2016-12-01,80.4800033569336,80.5199966430664,80.2699966430664,80.43000030517578,60.40578842163086,2998200
2016-12-02,80.62000274658203,80.87000274658203,80.61000061035156,80.72000122070312,60.62359619140625,1951400
2016-12-05,80.5999984741211,80.91000366210938,80.54000091552734,80.81999969482422,60.69865798950195,2479500
2016-12-06,80.8499984741211,80.87999725341797,80.7699966430664,80.80999755859375,60.69116973876953,2337800
2016-12-07,80.93000030517578,81.05999755859375,80.9000015258789,81.0,60.83388137817383,4273100
2016-12-08,80.88999938964844,80.9000015258789,80.77999877929688,80.83999633789062,60.71371078491211,2323000
2016-12-09,80.80000305175781,80.8499984741211,80.52999877929688,80.5999984741211,60.53346252441406,2697000
2016-12-12,80.5,80.58999633789062,80.43000030517578,80.51000213623047,60.465885162353516,3464800
2016-12-13,80.6500015258789,80.69999694824219,80.4800033569336,80.5999984741211,60.53346252441406,4372500
2016-12-14,80.76000213623047,80.77999877929688,80.18000030517578,80.19000244140625,60.22557067871094,2971300
2016-12-15,80.19999694824219,80.26000213623047,80.05999755859375,80.06999969482422,60.135398864746094,2651200
2016-12-16,80.1500015258789,80.2699966430664,80.02999877929688,80.13999938964844,60.18798828125,3080100
2016-12-19,80.33999633789062,80.4000015258789,80.23999786376953,80.3499984741211,60.345699310302734,2936800
2016-12-20,80.2300033569336,80.37000274658203,80.19999694824219,80.36000061035156,60.35319900512695,5853400
2016-12-21,80.44000244140625,80.5,80.38999938964844,80.4800033569336,60.443363189697266,2752300
2016-12-22,80.16999816894531,80.27999877929688,80.16999816894531,80.22000122070312,60.401893615722656,2851500
2016-12-23,80.36000061035156,80.36000061035156,80.26000213623047,80.26000213623047,60.43202590942383,2096800
2016-12-27,80.12999725341797,80.19999694824219,80.12000274658203,80.19999694824219,60.386871337890625,2178300
2016-12-28,80.23999786376953,80.47000122070312,80.18000030517578,80.4000015258789,60.53744125366211,4097100
2016-12-29,80.54000091552734,80.6500015258789,80.4800033569336,80.62000274658203,60.703086853027344,3115800
2016-12-30,80.62999725341797,80.83000183105469,80.62000274658203,80.79000091552734,60.83113098144531,2338200
2017-01-03,80.55000305175781,80.83999633789062,80.5,80.80000305175781,60.838619232177734,3312600
2017-01-04,80.83999633789062,80.87999725341797,80.75,80.86000061035156,60.88384246826172,3095000
2017-01-05,80.9800033569336,81.27999877929688,80.9000015258789,81.2699966430664,61.19254684448242,3890400
2017-01-06,81.0999984741211,81.12999725341797,80.94999694824219,80.94999694824219,60.951595306396484,2287900
2017-01-09,81.16999816894531,81.18000030517578,81.08999633789062,81.1500015258789,61.10215759277344,1785900
2017-01-10,81.13999938964844,81.18000030517578,81.05999755859375,81.12999725341797,61.08707046508789,2250700
2017-01-11,81.13999938964844,81.43000030517578,81.05999755859375,81.16999816894531,61.11725997924805,2327600
2017-01-12,81.37000274658203,81.41999816894531,81.1500015258789,81.19000244140625,61.1323127746582,2981200
2017-01-13,81.12000274658203,81.1500015258789,80.91000366210938,81.05999755859375,61.034400939941406,2425000
2017-01-17,81.33999633789062,81.4000015258789,81.20999908447266,81.30999755859375,61.22262954711914,2188600
2017-01-18,81.20999908447266,81.20999908447266,80.87999725341797,80.88999938964844,60.90639114379883,1981700
2017-01-19,80.77999877929688,80.83999633789062,80.63999938964844,80.75,60.80097579956055,2121300
2017-01-20,80.66999816894531,80.8499984741211,80.62000274658203,80.80999755859375,60.8461799621582,1836300
2017-01-23,80.81999969482422,81.19000244140625,80.81999969482422,81.02999877929688,61.01181411743164,1490200
2017-01-24,80.97000122070312,81.05000305175781,80.81999969482422,80.91000366210938,60.92144775390625,2136000
2017-01-25,80.73999786376953,80.79000091552734,80.62000274658203,80.66999816894531,60.74076461791992,1897400
2017-01-26,80.62000274658203,80.7300033569336,80.5199966430664,80.69999694824219,60.76333236694336,2381600
2017-01-27,80.73999786376953,80.83999633789062,80.73999786376953,80.79000091552734,60.83113098144531,1768700
2017-01-30,80.77999877929688,80.88999938964844,80.75,80.7699966430664,60.816070556640625,2699500
2017-01-31,80.80000305175781,81.0199966430664,80.80000305175781,80.94000244140625,60.944053649902344,2857600
2017-02-01,80.55999755859375,80.75,80.5,80.62999725341797,60.83690643310547,2313400
2017-02-02,80.79000091552734,80.8499984741211,80.66999816894531,80.68000030517578,60.87461853027344,1745400
2017-02-03,80.86000061035156,80.94000244140625,80.61000061035156,80.69999694824219,60.88972473144531,2398900
2017-02-06,80.95999908447266,81.01000213623047,80.80000305175781,80.94999694824219,61.07835388183594,3238100
2017-02-07,80.95999908447266,81.1500015258789,80.9000015258789,81.08000183105469,61.17646789550781,5239300
2017-02-08,81.08000183105469,81.3499984741211,81.08000183105469,81.30000305175781,61.34242248535156,2172700
2017-02-09,81.13999938964844,81.22000122070312,81.02999877929688,81.08000183105469,61.17646789550781,3410400
2017-02-10,80.94999694824219,81.08999633789062,80.94000244140625,81.05999755859375,61.16132736206055,2011900
2017-02-13,80.9800033569336,81.01000213623047,80.87999725341797,80.97000122070312,61.09343338012695,1863000
2017-02-14,80.94000244140625,80.97000122070312,80.66000366210938,80.80000305175781,60.96517562866211,2178300
2017-02-15,80.61000061035156,80.72000122070312,80.5999984741211,80.66999816894531,60.867088317871094,1503700
2017-02-16,80.73999786376953,80.94000244140625,80.7300033569336,80.81999969482422,60.98026657104492,3290700
2017-02-17,81.0,81.05000305175781,80.95999908447266,81.01000213623047,61.12363815307617,1520000
2017-02-21,80.94000244140625,81.08000183105469,80.9000015258789,81.0,61.11609649658203,1811300
2017-02-22,81.16999816894531,81.16999816894531,80.87999725341797,81.05000305175781,61.15378952026367,1965800
2017-02-23,81.16999816894531,81.19999694824219,81.12999725341797,81.19999694824219,61.266971588134766,1590500
2017-02-24,81.36000061035156,81.5199966430664,81.31999969482422,81.5,61.49335861206055,1703800
2017-02-27,81.45999908447266,81.47000122070312,81.29000091552734,81.33000183105469,61.365081787109375,2005600
2017-02-28,81.33000183105469,81.41000366210938,81.26000213623047,81.2699966430664,61.31980895996094,1975700
2017-03-01,80.77999877929688,80.80999755859375,80.70999908447266,80.77999877929688,61.06884002685547,2954300
2017-03-02,80.70999908447266,80.72000122070312,80.54000091552734,80.62999725341797,60.9554328918457,2077300
2017-03-03,80.63999938964844,80.69000244140625,80.52999877929688,80.69000244140625,61.00080108642578,2242600
2017-03-06,80.72000122070312,80.72000122070312,80.56999969482422,80.63999938964844,60.96295928955078,1880900
2017-03-07,80.5999984741211,80.62999725341797,80.48999786376953,80.48999786376953,60.849571228027344,1644800
2017-03-08,80.23999786376953,80.3499984741211,80.20999908447266,80.30000305175781,60.7059440612793,2172700
2017-03-09,80.16000366210938,80.18000030517578,80.0199966430664,80.05000305175781,60.5169563293457,2761300
2017-03-10,80.13999938964844,80.2300033569336,80.0999984741211,80.20999908447266,60.63792419433594,3430900
2017-03-13,80.12000274658203,80.20999908447266,80.02999877929688,80.05000305175781,60.5169563293457,2164600
2017-03-14,80.02999877929688,80.13999938964844,80.0199966430664,80.04000091552734,60.509368896484375,3620700
2017-03-15,80.16000366210938,80.55000305175781,80.12999725341797,80.54000091552734,60.88737487792969,2281200
2017-03-16,80.4800033569336,80.52999877929688,80.41000366210938,80.41999816894531,60.79667282104492,2617800
2017-03-17,80.47000122070312,80.61000061035156,80.47000122070312,80.58000183105469,60.91763687133789,1293000
2017-03-20,80.58999633789062,80.75,80.56999969482422,80.73999786376953,61.038578033447266,1510900
2017-03-21,80.69999694824219,80.93000030517578,80.66000366210938,80.93000030517578,61.18220901489258,2079000
2017-03-22,81.0,81.11000061035156,80.94999694824219,81.04000091552734,61.26536560058594,1339600
2017-03-23,81.06999969482422,81.0999984741211,80.88999938964844,81.0,61.23514175415039,1790300
2017-03-24,80.94000244140625,81.06999969482422,80.93000030517578,80.9800033569336,61.22002029418945,3736700
2017-03-27,81.19999694824219,81.22000122070312,81.08999633789062,81.1500015258789,61.34855270385742,1870300
2017-03-28,81.2300033569336,81.2300033569336,80.95999908447266,81.0,61.23514175415039,1990800
2017-03-29,81.05000305175781,81.16000366210938,81.02999877929688,81.16000366210938,61.356082916259766,1356800
2017-03-30,81.0999984741211,81.11000061035156,80.97000122070312,81.02999877929688,61.257808685302734,1403500
2017-03-31,81.01000213623047,81.0999984741211,81.01000213623047,81.08000183105469,61.29561233520508,2399400
2017-04-03,80.97000122070312,81.19999694824219,80.91000366210938,81.19999694824219,61.51837158203125,2142600
2017-04-04,81.18000030517578,81.18000030517578,81.08000183105469,81.11000061035156,61.45016860961914,1983200
2017-04-05,81.06999969482422,81.23999786376953,81.0199966430664,81.18000030517578,61.503196716308594,2050500
2017-04-06,81.18000030517578,81.2300033569336,81.05999755859375,81.20999908447266,61.52595520019531,1855300
2017-04-07,81.30000305175781,81.36000061035156,81.01000213623047,81.02999877929688,61.38957595825195,1608200
2017-04-10,81.12000274658203,81.19000244140625,81.06999969482422,81.11000061035156,61.45016860961914,1481700
2017-04-11,81.23999786376953,81.41000366210938,81.2300033569336,81.37000274658203,61.647132873535156,1340500
2017-04-12,81.36000061035156,81.55999755859375,81.33000183105469,81.55999755859375,61.79106140136719,1801600
2017-04-13,81.61000061035156,81.7300033569336,81.5199966430664,81.68000030517578,61.88202667236328,1393500
2017-04-17,81.69000244140625,81.7300033569336,81.54000091552734,81.62999725341797,61.8441047668457,1494600
2017-04-18,81.72000122070312,81.97000122070312,81.72000122070312,81.91999816894531,62.063812255859375,1782800
2017-04-19,81.83000183105469,81.83000183105469,81.72000122070312,81.7699966430664,61.950199127197266,1437000
2017-04-20,81.73999786376953,81.73999786376953,81.58000183105469,81.66000366210938,61.86683654785156,1425700
2017-04-21,81.7300033569336,81.79000091552734,81.66000366210938,81.68000030517578,61.88202667236328,1241700
2017-04-24,81.4800033569336,81.58999633789062,81.43000030517578,81.56999969482422,61.798667907714844,2665700
2017-04-25,81.41000366210938,81.45999908447266,81.2699966430664,81.31999969482422,61.60922622680664,1670900
2017-04-26,81.29000091552734,81.41999816894531,81.26000213623047,81.4000015258789,61.669857025146484,1876200
2017-04-27,81.41999816894531,81.52999877929688,81.37000274658203,81.45999908447266,61.71531677246094,1543100
2017-04-28,81.4000015258789,81.58999633789062,81.36000061035156,81.55000305175781,61.783504486083984,2100000
2017-05-01,81.33999633789062,81.41000366210938,81.13999938964844,81.2300033569336,61.668121337890625,1478100
2017-05-02,81.23999786376953,81.37999725341797,81.19999694824219,81.37000274658203,61.774383544921875,1664300
2017-05-03,81.4000015258789,81.44999694824219,81.22000122070312,81.27999877929688,61.70610046386719,2948400
2017-05-04,81.13999938964844,81.19999694824219,81.08999633789062,81.19000244140625,61.63777542114258,1216100
2017-05-05,81.19999694824219,81.23999786376953,81.0999984741211,81.23999786376953,61.67571258544922,1658900
2017-05-08,81.19000244140625,81.20999908447266,81.05999755859375,81.0999984741211,61.56943893432617,1832300
2017-05-09,81.05000305175781,81.0999984741211,81.0,81.05999755859375,61.539058685302734,2532200
2017-05-10,81.13999938964844,81.19999694824219,81.01000213623047,81.05000305175781,61.53144454956055,1845500
2017-05-11,81.0,81.11000061035156,80.93000030517578,81.11000061035156,61.5770263671875,1421500
2017-05-12,81.29000091552734,81.37999725341797,81.25,81.3499984741211,61.75920867919922,1510300
2017-05-15,81.30000305175781,81.38999938964844,81.30000305175781,81.33000183105469,61.744049072265625,1823500
2017-05-16,81.36000061035156,81.51000213623047,81.36000061035156,81.41000366210938,61.804786682128906,1760600
2017-05-17,81.62999725341797,81.87000274658203,81.62999725341797,81.8499984741211,62.138816833496094,1987100
2017-05-18,81.87000274658203,81.88999938964844,81.73999786376953,81.77999877929688,62.085693359375,1881800
2017-05-19,81.80999755859375,81.83000183105469,81.69999694824219,81.83000183105469,62.12360382080078,1394700
2017-05-22,81.80000305175781,81.80000305175781,81.73999786376953,81.76000213623047,62.07048797607422,1570700
2017-05-23,81.83999633789062,81.83999633789062,81.58000183105469,81.58999633789062,61.94141387939453,1679500
2017-05-24,81.62999725341797,81.7699966430664,81.58000183105469,81.76000213623047,62.07048797607422,1568700
2017-05-25,81.7699966430664,81.79000091552734,81.69000244140625,81.76000213623047,62.07048797607422,1108400
2017-05-26,81.7699966430664,81.80999755859375,81.7300033569336,81.80000305175781,62.10084915161133,952700
2017-05-30,81.87000274658203,81.91999816894531,81.81999969482422,81.91999816894531,62.191925048828125,1283300
2017-05-31,81.91999816894531,82.01000213623047,81.9000015258789,81.95999908447266,62.22230529785156,2290100
2017-06-01,81.70999908447266,81.81999969482422,81.69000244140625,81.80999755859375,62.23899459838867,1710900
2017-06-02,81.98999786376953,82.11000061035156,81.97000122070312,82.08000183105469,62.4444465637207,1795200
2017-06-05,81.9800033569336,82.01000213623047,81.93000030517578,81.94999694824219,62.34556198120117,1916200
2017-06-06,82.11000061035156,82.1500015258789,82.05000305175781,82.0999984741211,62.45968246459961,3262500
2017-06-07,82.08000183105469,82.0999984741211,81.97000122070312,81.98999786376953,62.37600326538086,1743500
2017-06-08,81.97000122070312,81.97000122070312,81.80999755859375,81.93000030517578,62.33034896850586,1827800
2017-06-09,81.80000305175781,81.91000366210938,81.7699966430664,81.86000061035156,62.277095794677734,1404500
2017-06-12,81.79000091552734,81.94999694824219,81.7699966430664,81.83999633789062,62.2618408203125,2053900
2017-06-13,81.80999755859375,81.88999938964844,81.79000091552734,81.86000061035156,62.277095794677734,1515100
2017-06-14,82.20999908447266,82.33000183105469,82.08000183105469,82.16000366210938,62.50534439086914,2472800
2017-06-15,82.12999725341797,82.12999725341797,82.02999877929688,82.06999969482422,62.43683624267578,2063400
2017-06-16,82.08000183105469,82.16999816894531,82.06999969482422,82.16000366210938,62.50534439086914,1376200
2017-06-19,82.0999984741211,82.13999938964844,82.01000213623047,82.04000091552734,62.41404342651367,1776500
2017-06-20,82.11000061035156,82.20999908447266,82.08000183105469,82.16000366210938,62.50534439086914,1864100
2017-06-21,82.1500015258789,82.2300033569336,82.0999984741211,82.19999694824219,62.53573989868164,1249600
2017-06-22,82.23999786376953,82.2699966430664,82.16000366210938,82.2300033569336,62.55859375,1195100
2017-06-23,82.2300033569336,82.27999877929688,82.19000244140625,82.25,62.57381057739258,1356000
2017-06-26,82.3499984741211,82.38999938964844,82.30999755859375,82.33999633789062,62.64229202270508,4665500
2017-06-27,82.19000244140625,82.19000244140625,82.04000091552734,82.05999755859375,62.42927932739258,2374200
2017-06-28,82.08000183105469,82.0999984741211,81.94999694824219,82.05999755859375,62.42927932739258,1604300
2017-06-29,81.83999633789062,81.97000122070312,81.79000091552734,81.88999938964844,62.29994583129883,1548100
2017-06-30,81.87000274658203,81.9000015258789,81.76000213623047,81.83000183105469,62.2542839050293,1978100
2017-07-03,81.66000366210938,81.66999816894531,81.43000030517578,81.5,62.26118469238281,1092500
2017-07-05,81.48999786376953,81.58000183105469,81.44999694824219,81.55000305175781,62.299354553222656,1917100
2017-07-06,81.41000366210938,81.43000030517578,81.30000305175781,81.36000061035156,62.1541862487793,1827500
2017-07-07,81.36000061035156,81.38999938964844,81.30999755859375,81.33999633789062,62.13893127441406,2441500
2017-07-10,81.41000366210938,81.44999694824219,81.36000061035156,81.37999725341797,62.16948699951172,2228800
2017-07-11,81.41999816894531,81.5,81.37000274658203,81.45999908447266,62.23057174682617,1931500
2017-07-12,81.69999694824219,81.72000122070312,81.61000061035156,81.6500015258789,62.375732421875,1378800
2017-07-13,81.63999938964844,81.6500015258789,81.5,81.62000274658203,62.35282516479492,1321400
2017-07-14,81.77999877929688,81.8499984741211,81.62999725341797,81.6500015258789,62.375732421875,1201700
2017-07-17,81.72000122070312,81.79000091552734,81.66000366210938,81.76000213623047,62.45978927612305,1432500
2017-07-18,81.9000015258789,81.97000122070312,81.87000274658203,81.94999694824219,62.60491943359375,1607300
2017-07-19,81.97000122070312,82.0,81.93000030517578,81.95999908447266,62.61257553100586,1589100
2017-07-20,82.0199966430664,82.08999633789062,81.97000122070312,82.01000213623047,62.65076446533203,1646800
2017-07-21,82.05999755859375,82.16000366210938,82.05999755859375,82.0999984741211,62.719512939453125,1942000
2017-07-24,82.08999633789062,82.0999984741211,82.0,82.05999755859375,62.68898391723633,1417400
2017-07-25,81.9000015258789,81.91000366210938,81.73999786376953,81.75,62.452125549316406,1385000
2017-07-26,81.76000213623047,82.0,81.7300033569336,81.94999694824219,62.60491943359375,1583000
2017-07-27,81.8499984741211,81.9000015258789,81.79000091552734,81.8499984741211,62.52848815917969,1224000
2017-07-28,81.83999633789062,82.0,81.83999633789062,82.0,62.64314651489258,1867100
2017-07-31,81.95999908447266,82.0,81.91000366210938,81.98999786376953,62.63549041748047,2561600
2017-08-01,81.76000213623047,81.98999786376953,81.75,81.9800033569336,62.89019012451172,1783600
2017-08-02,81.97000122070312,82.02999877929688,81.93000030517578,81.93000030517578,62.85184097290039,1336600
2017-08-03,82.04000091552734,82.16000366210938,82.0,82.0999984741211,62.98225021362305,1904800
2017-08-04,82.01000213623047,82.01000213623047,81.8499984741211,81.97000122070312,62.88246536254883,1046700
2017-08-07,81.95999908447266,82.01000213623047,81.91000366210938,82.0,62.905513763427734,1257900
2017-08-08,81.98999786376953,81.98999786376953,81.83999633789062,81.88999938964844,62.82111740112305,1929000
2017-08-09,82.08999633789062,82.0999984741211,81.94999694824219,81.94999694824219,62.86712646484375,1808600
2017-08-10,81.9800033569336,82.08000183105469,81.94000244140625,82.06999969482422,62.95920181274414,1376700
2017-08-11,81.97000122070312,82.1500015258789,81.94999694824219,82.13999938964844,63.01288986206055,1153400
2017-08-14,82.08999633789062,82.13999938964844,82.02999877929688,82.08000183105469,62.966861724853516,2082000
2017-08-15,81.9000015258789,81.98999786376953,81.87999725341797,81.94000244140625,62.85946273803711,1419600
2017-08-16,81.91999816894531,82.12999725341797,81.88999938964844,82.05999755859375,62.95155715942383,1594800
2017-08-17,82.05000305175781,82.20999908447266,82.01000213623047,82.20999908447266,63.0666389465332,1723600
2017-08-18,82.26000213623047,82.30000305175781,82.0999984741211,82.16999816894531,63.03592300415039,1663100
2017-08-21,82.22000122070312,82.26000213623047,82.16999816894531,82.20999908447266,63.0666389465332,1258400
2017-08-22,82.19000244140625,82.19999694824219,82.0999984741211,82.11000061035156,62.989898681640625,1157400
2017-08-23,82.2300033569336,82.3499984741211,82.19999694824219,82.3499984741211,63.174007415771484,1237800
2017-08-24,82.2300033569336,82.31999969482422,82.20999908447266,82.2300033569336,63.08191680908203,1540200
2017-08-25,82.23999786376953,82.3499984741211,82.20999908447266,82.33000183105469,63.15868377685547,1453100
2017-08-28,82.33000183105469,82.38999938964844,82.27999877929688,82.37000274658203,63.18936538696289,1408700
2017-08-29,82.5199966430664,82.58000183105469,82.38999938964844,82.45999908447266,63.25837326049805,2054300
2017-08-30,82.44000244140625,82.45999908447266,82.38999938964844,82.44999694824219,63.25074005126953,1150700
2017-08-31,82.4800033569336,82.55999755859375,82.44999694824219,82.5199966430664,63.30446243286133,1696700
2017-09-01,82.30999755859375,82.33000183105469,82.1500015258789,82.20999908447266,63.199913024902344,1471200
2017-09-05,82.44999694824219,82.58999633789062,82.37999725341797,82.55000305175781,63.46128845214844,2008400
2017-09-06,82.58000183105469,82.62000274658203,82.4000015258789,82.41000366210938,63.35362243652344,1586500
2017-09-07,82.52999877929688,82.70999908447266,82.51000213623047,82.66999816894531,63.55352020263672,1899100
2017-09-08,82.66999816894531,82.66999816894531,82.55000305175781,82.58000183105469,63.48434829711914,2702200
2017-09-11,82.41999816894531,82.47000122070312,82.30000305175781,82.33000183105469,63.292137145996094,1423100
2017-09-12,82.26000213623047,82.31999969482422,82.1500015258789,82.20999908447266,63.199913024902344,1604300
2017-09-13,82.19000244140625,82.20999908447266,82.0999984741211,82.11000061035156,63.122982025146484,1594000
2017-09-14,82.08000183105469,82.18000030517578,82.08000183105469,82.16000366210938,63.16142272949219,1325200
2017-09-15,82.19999694824219,82.25,82.11000061035156,82.16999816894531,63.16911315917969,1536200
2017-09-18,82.12000274658203,82.13999938964844,82.04000091552734,82.11000061035156,63.122982025146484,1756300
2017-09-19,82.11000061035156,82.13999938964844,82.05000305175781,82.05000305175781,63.076873779296875,1220000
2017-09-20,82.12999725341797,82.13999938964844,81.88999938964844,81.9800033569336,63.023048400878906,1672500
2017-09-21,82.01000213623047,82.08999633789062,81.94000244140625,81.95999908447266,63.0077018737793,1168200
2017-09-22,82.11000061035156,82.12000274658203,82.01000213623047,82.04000091552734,63.069190979003906,1394100
2017-09-25,82.06999969482422,82.2300033569336,82.05000305175781,82.22000122070312,63.207584381103516,2626100
2017-09-26,82.16999816894531,82.18000030517578,82.08999633789062,82.18000030517578,63.17680740356445,1446500
2017-09-27,81.91999816894531,81.9800033569336,81.86000061035156,81.93000030517578,62.984622955322266,1511900
2017-09-28,81.8499984741211,81.94999694824219,81.80000305175781,81.94999694824219,62.99996566772461,1198400
2017-09-29,81.94999694824219,81.97000122070312,81.83000183105469,81.95999908447266,63.0077018737793,3001200
2017-10-02,81.75,81.80000305175781,81.69000244140625,81.76000213623047,62.98300552368164,3642600
2017-10-03,81.72000122070312,81.81999969482422,81.70999908447266,81.80000305175781,63.01387405395508,2752100
2017-10-04,81.87000274658203,81.87999725341797,81.73999786376953,81.80000305175781,63.01387405395508,2616700
2017-10-05,81.81999969482422,81.81999969482422,81.68000030517578,81.73999786376953,62.96760177612305,2859800
2017-10-06,81.58999633789062,81.72000122070312,81.5199966430664,81.6500015258789,62.89832305908203,1860000
2017-10-09,81.66000366210938,81.73999786376953,81.6500015258789,81.7300033569336,62.95995330810547,987800
2017-10-10,81.75,81.88999938964844,81.72000122070312,81.7699966430664,62.990753173828125,4719400
2017-10-11,81.77999877929688,81.83000183105469,81.76000213623047,81.80999755859375,63.021514892578125,1249500
2017-10-12,81.86000061035156,81.88999938964844,81.7699966430664,81.87999725341797,63.07545852661133,1723400
2017-10-13,82.01000213623047,82.05999755859375,81.93000030517578,82.05000305175781,63.2064094543457,1772800
2017-10-16,82.0,82.0199966430664,81.91000366210938,81.97000122070312,63.144840240478516,1471500
2017-10-17,81.9000015258789,82.0,81.88999938964844,81.9800033569336,63.15250778198242,1381100
2017-10-18,81.81999969482422,81.86000061035156,81.79000091552734,81.8499984741211,63.05232238769531,1522900
2017-10-19,81.91000366210938,82.01000213623047,81.8499984741211,81.88999938964844,63.08319091796875,1515800
2017-10-20,81.73999786376953,81.75,81.63999938964844,81.69000244140625,62.92909240722656,1935600
2017-10-23,81.7300033569336,81.81999969482422,81.7300033569336,81.76000213623047,62.98300552368164,2649700
2017-10-24,81.62999725341797,81.68000030517578,81.58999633789062,81.62000274658203,62.87519454956055,2287200
2017-10-25,81.51000213623047,81.55999755859375,81.45999908447266,81.55000305175781,62.82124710083008,1576700
2017-10-26,81.58999633789062,81.5999984741211,81.43000030517578,81.44999694824219,62.74423599243164,1915600
2017-10-27,81.5199966430664,81.62999725341797,81.4800033569336,81.62999725341797,62.88287353515625,1734400
2017-10-30,81.75,81.83999633789062,81.70999908447266,81.81999969482422,63.02926254272461,1542600
2017-10-31,81.83999633789062,81.8499984741211,81.7699966430664,81.7699966430664,62.990753173828125,1977100
2017-11-01,81.58999633789062,81.72000122070312,81.5199966430664,81.6500015258789,63.03164291381836,1596000
2017-11-02,81.7300033569336,81.80000305175781,81.69000244140625,81.7300033569336,63.093421936035156,2373200
2017-11-03,81.7699966430664,81.80000305175781,81.6500015258789,81.80000305175781,63.147438049316406,1370500
2017-11-06,81.86000061035156,81.88999938964844,81.80000305175781,81.86000061035156,63.19376754760742,1336700
2017-11-07,81.80999755859375,81.88999938964844,81.80000305175781,81.88999938964844,63.21690368652344,2450800
2017-11-08,81.86000061035156,81.9000015258789,81.80000305175781,81.83000183105469,63.170631408691406,2312700
2017-11-09,81.75,81.79000091552734,81.66999816894531,81.75,63.108856201171875,2115800
2017-11-10,81.52999877929688,81.55000305175781,81.41999816894531,81.41999816894531,62.85409927368164,1724400
2017-11-13,81.54000091552734,81.55000305175781,81.41999816894531,81.43000030517578,62.861812591552734,1698500
2017-11-14,81.47000122070312,81.52999877929688,81.44000244140625,81.52999877929688,62.93900680541992,1659300
2017-11-15,81.63999938964844,81.7300033569336,81.55000305175781,81.72000122070312,63.08568572998047,2859400
2017-11-16,81.62999725341797,81.69000244140625,81.56999969482422,81.61000061035156,63.00078582763672,1637000
2017-11-17,81.69000244140625,81.73999786376953,81.6500015258789,81.69000244140625,63.062530517578125,2257700
2017-11-20,81.6500015258789,81.69999694824219,81.5999984741211,81.63999938964844,63.023929595947266,1528300
2017-11-21,81.7300033569336,81.79000091552734,81.61000061035156,81.70999908447266,63.07796859741211,1925700
2017-11-22,81.7300033569336,81.88999938964844,81.72000122070312,81.87999725341797,63.209171295166016,1631900
2017-11-24,81.83999633789062,81.87999725341797,81.80999755859375,81.86000061035156,63.19376754760742,837000
2017-11-27,81.87000274658203,81.88999938964844,81.79000091552734,81.83000183105469,63.170631408691406,1516900
2017-11-28,81.9000015258789,81.94999694824219,81.83000183105469,81.83000183105469,63.170631408691406,1846700
2017-11-29,81.6500015258789,81.69000244140625,81.5999984741211,81.62999725341797,63.01620864868164,1837400
2017-11-30,81.66000366210938,81.68000030517578,81.45999908447266,81.51000213623047,62.923587799072266,3044100
2017-12-01,81.5,81.80999755859375,81.3499984741211,81.55999755859375,63.09217834472656,2384800
2017-12-04,81.51000213623047,81.58000183105469,81.45999908447266,81.56999969482422,63.099937438964844,1834000
2017-12-05,81.58999633789062,81.68000030517578,81.51000213623047,81.66999816894531,63.17729949951172,1763900
2017-12-06,81.75,81.8499984741211,81.73999786376953,81.76000213623047,63.24690246582031,1509300
2017-12-07,81.6500015258789,81.80000305175781,81.56999969482422,81.6500015258789,63.16183853149414,1641000
2017-12-08,81.61000061035156,81.68000030517578,81.56999969482422,81.62000274658203,63.13861846923828,1368300
2017-12-11,81.66000366210938,81.69999694824219,81.54000091552734,81.55999755859375,63.09217834472656,1780800
2017-12-12,81.54000091552734,81.55000305175781,81.45999908447266,81.55000305175781,63.084442138671875,2962800
2017-12-13,81.62000274658203,81.8499984741211,81.55999755859375,81.77999877929688,63.26242446899414,2095400
2017-12-14,81.66999816894531,81.81999969482422,81.62000274658203,81.80999755859375,63.28558349609375,1998800
2017-12-15,81.76000213623047,81.83000183105469,81.66999816894531,81.81999969482422,63.29334259033203,2781800
2017-12-18,81.79000091552734,81.79000091552734,81.6500015258789,81.69000244140625,63.19280242919922,1946900
2017-12-19,81.56999969482422,81.56999969482422,81.36000061035156,81.44000244140625,62.999359130859375,3307700
2017-12-20,81.27999877929688,81.37000274658203,81.25,81.27999877929688,62.87562561035156,2325500
2017-12-21,81.30999755859375,81.37999725341797,81.2699966430664,81.33000183105469,62.91426467895508,3103400
2017-12-22,81.33999633789062,81.4000015258789,81.31999969482422,81.37000274658203,62.94524002075195,2566700
2017-12-26,81.2300033569336,81.27999877929688,81.16999816894531,81.23999786376953,63.00802230834961,1696400
2017-12-27,81.33000183105469,81.5199966430664,81.23999786376953,81.48999786376953,63.20196533203125,1708000
2017-12-28,81.45999908447266,81.47000122070312,81.37999725341797,81.44000244140625,63.163150787353516,2235000
2017-12-29,81.5,81.56999969482422,81.45999908447266,81.56999969482422,63.26398849487305,2531500
2018-01-02,81.44999694824219,81.5,81.22000122070312,81.33999633789062,63.08564758300781,3104500
2018-01-03,81.43000030517578,81.43000030517578,81.29000091552734,81.41000366210938,63.13988494873047,2216700
2018-01-04,81.33000183105469,81.37000274658203,81.25,81.37000274658203,63.10888671875,2152400
2018-01-05,81.3499984741211,81.36000061035156,81.19999694824219,81.26000213623047,63.023555755615234,4257400
2018-01-08,81.33000183105469,81.33000183105469,81.20999908447266,81.2699966430664,63.03132629394531,2587300
2018-01-09,81.19000244140625,81.2300033569336,81.01000213623047,81.02999877929688,62.84518051147461,2725200
2018-01-10,80.87999725341797,81.05000305175781,80.81999969482422,81.04000091552734,62.85293197631836,3411400
2018-01-11,81.01000213623047,81.12000274658203,80.95999908447266,81.04000091552734,62.85293197631836,3381600
2018-01-12,81.0,81.12000274658203,80.94000244140625,81.02999877929688,62.84518051147461,2829100
2018-01-16,81.1500015258789,81.19000244140625,81.02999877929688,81.08999633789062,62.89174270629883,4300500
2018-01-17,81.04000091552734,81.12000274658203,80.9800033569336,81.0,62.82191848754883,3674600
2018-01-18,80.81999969482422,80.9000015258789,80.80000305175781,80.83999633789062,62.69783020019531,2528400
2018-01-19,80.7699966430664,80.80000305175781,80.6500015258789,80.66999816894531,62.566001892089844,2148300
2018-01-22,80.7300033569336,80.76000213623047,80.61000061035156,80.61000061035156,62.51944351196289,5473200
2018-01-23,80.77999877929688,80.86000061035156,80.72000122070312,80.81999969482422,62.68232727050781,2442900
2018-01-24,80.72000122070312,80.75,80.62999725341797,80.7300033569336,62.61252212524414,1709700
2018-01-25,80.7300033569336,80.95999908447266,80.66000366210938,80.94999694824219,62.78314971923828,2537700
2018-01-26,80.86000061035156,80.87000274658203,80.72000122070312,80.80000305175781,62.66682052612305,1590200
2018-01-29,80.66000366210938,80.7300033569336,80.54000091552734,80.69000244140625,62.58148193359375,2219700
2018-01-30,80.56999969482422,80.62000274658203,80.48999786376953,80.54000091552734,62.465152740478516,2735100
2018-01-31,80.70999908447266,80.70999908447266,80.43000030517578,80.55999755859375,62.48069381713867,3082600
2018-02-01,80.37000274658203,80.41000366210938,80.13999938964844,80.16000366210938,62.30732345581055,2814300
2018-02-02,80.04000091552734,80.11000061035156,79.87000274658203,79.91999816894531,62.120792388916016,3137600
2018-02-05,79.87000274658203,80.43000030517578,79.80000305175781,80.2699966430664,62.39284133911133,4349200
2018-02-06,80.2300033569336,80.25,80.01000213623047,80.01000213623047,62.19072341918945,3891500
2018-02-07,80.11000061035156,80.11000061035156,79.80000305175781,79.83000183105469,62.05082702636719,3797200
2018-02-08,79.69999694824219,79.87999725341797,79.62000274658203,79.7699966430664,62.00419235229492,4639800
2018-02-09,79.61000061035156,79.81999969482422,79.55000305175781,79.56999969482422,61.84870529174805,3725500
2018-02-12,79.68000030517578,79.73999786376953,79.55000305175781,79.58999633789062,61.8642578125,5336200
2018-02-13,79.62000274658203,79.68000030517578,79.52999877929688,79.66000366210938,61.918678283691406,2669400
2018-02-14,79.5,79.54000091552734,79.3499984741211,79.4000015258789,61.716609954833984,3509700
2018-02-15,79.47000122070312,79.5999984741211,79.44999694824219,79.4800033569336,61.77876663208008,1981200
2018-02-16,79.68000030517578,79.72000122070312,79.58999633789062,79.6500015258789,61.91093063354492,1957800
2018-02-20,79.58999633789062,79.58999633789062,79.44000244140625,79.56999969482422,61.84870529174805,2294300
2018-02-21,79.55999755859375,79.58999633789062,79.2300033569336,79.2699966430664,61.615543365478516,2330100
2018-02-22,79.36000061035156,79.45999908447266,79.33000183105469,79.37000274658203,61.69328689575195,2156000
2018-02-23,79.48999786376953,79.62000274658203,79.4800033569336,79.58000183105469,61.85654067993164,1660600
2018-02-26,79.69999694824219,79.7699966430664,79.61000061035156,79.62000274658203,61.887596130371094,2715300
2018-02-27,79.62999725341797,79.66000366210938,79.33999633789062,79.44999694824219,61.755462646484375,3007200
2018-02-28,79.47000122070312,79.55999755859375,79.45999908447266,79.55000305175781,61.833213806152344,1947700
2018-03-01,79.41999816894531,79.58999633789062,79.33000183105469,79.5199966430664,61.93833541870117,2877400
2018-03-02,79.37999725341797,79.44999694824219,79.27999877929688,79.37000274658203,61.82150650024414,4448000
2018-03-05,79.45999908447266,79.5,79.26000213623047,79.31999969482422,61.78254318237305,2229100
2018-03-06,79.37999725341797,79.47000122070312,79.33999633789062,79.3499984741211,61.805965423583984,1905000
2018-03-07,79.44000244140625,79.5,79.30000305175781,79.33000183105469,61.790348052978516,2167700
2018-03-08,79.36000061035156,79.48999786376953,79.36000061035156,79.41999816894531,61.86041259765625,1479700
2018-03-09,79.27999877929688,79.36000061035156,79.2300033569336,79.31999969482422,61.78254318237305,2290800
2018-03-12,79.33000183105469,79.41000366210938,79.30000305175781,79.4000015258789,61.844886779785156,2253900
2018-03-13,79.44000244140625,79.4800033569336,79.37000274658203,79.41999816894531,61.86041259765625,2471700
2018-03-14,79.4000015258789,79.6500015258789,79.4000015258789,79.58999633789062,61.99284744262695,1733800
2018-03-15,79.54000091552734,79.62999725341797,79.5,79.5999984741211,62.00062561035156,1590100
2018-03-16,79.51000213623047,79.55999755859375,79.47000122070312,79.52999877929688,61.94613265991211,1492000
2018-03-19,79.44999694824219,79.55999755859375,79.41999816894531,79.47000122070312,61.89940643310547,1328100
2018-03-20,79.3499984741211,79.4000015258789,79.31999969482422,79.37000274658203,61.82150650024414,2234600
2018-03-21,79.29000091552734,79.41999816894531,79.13999938964844,79.37000274658203,61.82150650024414,1760300
2018-03-22,79.54000091552734,79.6500015258789,79.43000030517578,79.5,61.922760009765625,2871700
2018-03-23,79.5,79.55000305175781,79.43000030517578,79.5199966430664,61.93833541870117,2114500
2018-03-26,79.5,79.56999969482422,79.44999694824219,79.47000122070312,61.89940643310547,2303700
2018-03-27,79.51000213623047,79.77999877929688,79.51000213623047,79.73999786376953,62.10968017578125,1693500
2018-03-28,79.83000183105469,79.87000274658203,79.69000244140625,79.7300033569336,62.10192108154297,3251800
2018-03-29,79.76000213623047,79.94999694824219,79.76000213623047,79.93000030517578,62.2576904296875,2157300
2018-04-02,79.62999725341797,79.77999877929688,79.58999633789062,79.72000122070312,62.24989700317383,2336700
2018-04-03,79.68000030517578,79.69000244140625,79.55000305175781,79.62999725341797,62.179561614990234,2580800
2018-04-04,79.69999694824219,79.69999694824219,79.58000183105469,79.62999725341797,62.179561614990234,2226300
2018-04-05,79.55999755859375,79.55999755859375,79.45999908447266,79.5199966430664,62.093685150146484,1978300
2018-04-06,79.68000030517578,79.73999786376953,79.5999984741211,79.72000122070312,62.24989700317383,2155900
2018-04-09,79.66000366210938,79.80000305175781,79.58999633789062,79.80000305175781,62.31237030029297,2052000
2018-04-10,79.69999694824219,79.76000213623047,79.62999725341797,79.66000366210938,62.20302200317383,1854600
2018-04-11,79.75,79.80000305175781,79.66999816894531,79.72000122070312,62.24989700317383,1645200
2018-04-12,79.66000366210938,79.69999694824219,79.55000305175781,79.56999969482422,62.132720947265625,1397700
2018-04-13,79.54000091552734,79.63999938964844,79.5199966430664,79.62999725341797,62.179561614990234,1461800
2018-04-16,79.5,79.63999938964844,79.5,79.63999938964844,62.18742752075195,1939600
2018-04-17,79.63999938964844,79.68000030517578,79.58999633789062,79.66999816894531,62.210845947265625,1588500
2018-04-18,79.61000061035156,79.61000061035156,79.37999725341797,79.41000366210938,62.00780487060547,1721200
2018-04-19,79.30000305175781,79.30000305175781,79.16000366210938,79.22000122070312,61.859432220458984,1602300
2018-04-20,79.19999694824219,79.19999694824219,79.0199966430664,79.0199966430664,61.70326232910156,1576600
2018-04-23,78.98999786376953,79.0199966430664,78.93000030517578,78.9800033569336,61.67201614379883,2263300
2018-04-24,78.91999816894531,78.94000244140625,78.81999969482422,78.83999633789062,61.562744140625,2664000
2018-04-25,78.76000213623047,78.80000305175781,78.69000244140625,78.7300033569336,61.47685241699219,2201300
2018-04-26,78.8499984741211,78.93000030517578,78.83999633789062,78.88999938964844,61.60174560546875,3297100
2018-04-27,78.94000244140625,79.04000091552734,78.94000244140625,79.01000213623047,61.695457458496094,1407300
2018-04-30,79.02999877929688,79.0999984741211,79.01000213623047,79.05000305175781,61.726722717285156,1602900
2018-05-01,78.86000061035156,78.87000274658203,78.7300033569336,78.75,61.631263732910156,1410700
2018-05-02,78.81999969482422,78.86000061035156,78.7300033569336,78.76000213623047,61.639068603515625,1434000
2018-05-03,78.9000015258789,78.94999694824219,78.81999969482422,78.83000183105469,61.69386672973633,1477700
2018-05-04,78.91999816894531,78.94999694824219,78.77999877929688,78.87999725341797,61.73297882080078,1342100
2018-05-07,78.88999938964844,78.9000015258789,78.80999755859375,78.83999633789062,61.70165252685547,1634400
2018-05-08,78.76000213623047,78.83000183105469,78.69999694824219,78.77999877929688,61.654720306396484,1380900
2018-05-09,78.68000030517578,78.75,78.6500015258789,78.69000244140625,61.58428192138672,2260900
2018-05-10,78.83999633789062,78.87999725341797,78.77999877929688,78.8499984741211,61.7094612121582,1695500
2018-05-11,78.93000030517578,78.94000244140625,78.83000183105469,78.93000030517578,61.772090911865234,1457800
2018-05-14,78.8499984741211,78.88999938964844,78.81999969482422,78.83000183105469,61.69386672973633,1519500
2018-05-15,78.61000061035156,78.61000061035156,78.37000274658203,78.45999908447266,61.404273986816406,1602600
2018-05-16,78.48999786376953,78.52999877929688,78.38999938964844,78.4000015258789,61.3572998046875,2201300
2018-05-17,78.4000015258789,78.41999816894531,78.30000305175781,78.33000183105469,61.30253982543945,2036000
2018-05-18,78.41999816894531,78.54000091552734,78.41999816894531,78.54000091552734,61.46689987182617,1539700
2018-05-21,78.4800033569336,78.55999755859375,78.44999694824219,78.54000091552734,61.46689987182617,1254900
2018-05-22,78.58000183105469,78.5999984741211,78.5,78.55999755859375,61.4825325012207,2225800
2018-05-23,78.66999816894531,78.80999755859375,78.66000366210938,78.80000305175781,61.67034912109375,1177200
2018-05-24,78.88999938964844,79.0199966430664,78.88999938964844,78.95999908447266,61.795536041259766,1209400
2018-05-25,79.05999755859375,79.1500015258789,79.05000305175781,79.12999725341797,61.92860794067383,1039500
2018-05-29,79.27999877929688,79.77999877929688,79.26000213623047,79.68000030517578,62.35906982421875,2414400
2018-05-30,79.38999938964844,79.55000305175781,79.31999969482422,79.44000244140625,62.17127227783203,3549700
2018-05-31,79.41999816894531,79.52999877929688,79.31999969482422,79.41000366210938,62.14773941040039,4272100
2018-06-01,79.02999877929688,79.12999725341797,78.94999694824219,79.08999633789062,62.186241149902344,3442400
2018-06-04,79.05999755859375,79.05999755859375,78.91000366210938,78.91999816894531,62.0526123046875,2272100
2018-06-05,79.0,79.05000305175781,78.91999816894531,78.98999786376953,62.107662200927734,2760500
2018-06-06,78.8499984741211,78.8499984741211,78.69000244140625,78.7699966430664,61.93462371826172,2624600
2018-06-07,78.75,79.11000061035156,78.73999786376953,78.97000122070312,62.091949462890625,3290700
2018-06-08,78.91000366210938,78.94999694824219,78.8499984741211,78.87000274658203,62.01332092285156,1977000
2018-06-11,78.77999877929688,78.83000183105469,78.73999786376953,78.80000305175781,61.95825958251953,1725200
2018-06-12,78.70999908447266,78.81999969482422,78.70999908447266,78.79000091552734,61.950401306152344,1850400
2018-06-13,78.79000091552734,78.86000061035156,78.58000183105469,78.73999786376953,61.91107177734375,1542800
2018-06-14,78.87999725341797,78.91999816894531,78.81999969482422,78.91000366210938,62.04475784301758,3920100
2018-06-15,79.05000305175781,79.0999984741211,78.91999816894531,78.91999816894531,62.0526123046875,1827800
2018-06-18,78.95999908447266,78.95999908447266,78.86000061035156,78.91999816894531,62.0526123046875,3510300
2018-06-19,79.04000091552734,79.0999984741211,79.01000213623047,79.05000305175781,62.15483093261719,2767100
2018-06-20,79.05000305175781,79.05000305175781,78.86000061035156,78.87000274658203,62.01332092285156,2102200
2018-06-21,78.93000030517578,79.0,78.87999725341797,78.91000366210938,62.04475784301758,2695400
2018-06-22,78.91999816894531,78.9800033569336,78.88999938964844,78.95999908447266,62.08406066894531,1509900
2018-06-25,79.0,79.05999755859375,78.94000244140625,78.94999694824219,62.076175689697266,4554800
2018-06-26,79.0,79.08000183105469,78.98999786376953,79.08000183105469,62.17843246459961,1670800
2018-06-27,79.18000030517578,79.29000091552734,79.18000030517578,79.2699966430664,62.327823638916016,1762700
2018-06-28,79.23999786376953,79.2699966430664,79.18000030517578,79.20999908447266,62.280677795410156,1266500
2018-06-29,79.23999786376953,79.30000305175781,79.18000030517578,79.19000244140625,62.26486587524414,1419000
2018-07-02,79.02999877929688,79.06999969482422,78.91999816894531,78.95999908447266,62.22629928588867,1800600
2018-07-03,78.95999908447266,79.12999725341797,78.95999908447266,79.12000274658203,62.35242462158203,1121900
2018-07-05,79.12999725341797,79.23999786376953,79.0999984741211,79.2300033569336,62.43907165527344,1991900
2018-07-06,79.31999969482422,79.33999633789062,79.25,79.31999969482422,62.510013580322266,1331800
2018-07-09,79.22000122070312,79.2699966430664,79.19999694824219,79.25,62.454837799072266,1556600
2018-07-10,79.19000244140625,79.25,79.16000366210938,79.19999694824219,62.415435791015625,1661500
2018-07-11,79.2300033569336,79.25,79.16000366210938,79.23999786376953,62.446964263916016,3750100
2018-07-12,79.20999908447266,79.31999969482422,79.19999694824219,79.30000305175781,62.494224548339844,1807800
2018-07-13,79.33000183105469,79.37999725341797,79.31999969482422,79.37000274658203,62.54939651489258,4071900
2018-07-16,79.2699966430664,79.31999969482422,79.1500015258789,79.26000213623047,62.462684631347656,1688000
2018-07-17,79.2300033569336,79.30000305175781,79.22000122070312,79.2300033569336,62.43907165527344,2432200
2018-07-18,79.23999786376953,79.27999877929688,79.18000030517578,79.19000244140625,62.407501220703125,2182900
2018-07-19,79.18000030517578,79.37000274658203,79.12000274658203,79.33999633789062,62.52577590942383,1990100
2018-07-20,79.29000091552734,79.29000091552734,79.12000274658203,79.16000366210938,62.38389587402344,1607800
2018-07-23,79.11000061035156,79.12999725341797,78.87000274658203,78.91000366210938,62.186866760253906,1427200
2018-07-24,78.95999908447266,79.05000305175781,78.9000015258789,79.02999877929688,62.281436920166016,1811100
2018-07-25,79.05000305175781,79.12000274658203,78.95999908447266,79.02999877929688,62.281436920166016,2075200
2018-07-26,79.02999877929688,79.02999877929688,79.02999877929688,79.02999877929688,62.281436920166016,0
2018-07-27,79.05000305175781,79.08999633789062,79.0,79.01000213623047,62.265689849853516,1376600
2018-07-30,78.94000244140625,79.0,78.91999816894531,78.91999816894531,62.19479751586914,2115400
2018-07-31,79.0199966430664,79.08000183105469,78.91999816894531,78.9800033569336,62.24205017089844,3328200
2018-08-01,78.75,78.77999877929688,78.6500015258789,78.75,62.208099365234375,3168600
2018-08-02,78.80000305175781,78.80999755859375,78.72000122070312,78.79000091552734,62.23970413208008,2817700
2018-08-03,78.9000015258789,78.98999786376953,78.86000061035156,78.95999908447266,62.37397384643555,2711600
2018-08-06,79.06999969482422,79.12000274658203,79.01000213623047,79.02999877929688,62.42926788330078,2083800
2018-08-07,78.97000122070312,78.9800033569336,78.87000274658203,78.88999938964844,62.31869888305664,1886900
2018-08-08,78.88999938964844,78.91000366210938,78.83999633789062,78.87000274658203,62.30286407470703,2101300
2018-08-09,78.94000244140625,79.0199966430664,78.91999816894531,79.0199966430664,62.42138671875,2603800
2018-08-10,79.0199966430664,79.25,79.0199966430664,79.18000030517578,62.54778289794922,2414900
2018-08-13,79.16999816894531,79.20999908447266,79.0999984741211,79.19000244140625,62.55561828613281,3315700
2018-08-14,79.20999908447266,79.25,79.12999725341797,79.13999938964844,62.51615524291992,2692700
2018-08-15,79.20999908447266,79.30000305175781,79.19999694824219,79.2300033569336,62.58726119995117,3051300
2018-08-16,79.2699966430664,79.30000305175781,79.19000244140625,79.2699966430664,62.618873596191406,2226900
2018-08-17,79.33000183105469,79.41000366210938,79.30000305175781,79.36000061035156,62.68994140625,1018100
2018-08-20,79.43000030517578,79.5199966430664,79.43000030517578,79.45999908447266,62.768951416015625,2473200
2018-08-21,79.4000015258789,79.43000030517578,79.36000061035156,79.41999816894531,62.73735427856445,1883300
2018-08-22,79.5199966430664,79.5199966430664,79.41000366210938,79.47000122070312,62.77687072753906,2025500
2018-08-23,79.51000213623047,79.51000213623047,79.44000244140625,79.47000122070312,62.77687072753906,1447500
2018-08-24,79.38999938964844,79.5199966430664,79.3499984741211,79.51000213623047,62.808433532714844,1845300
2018-08-27,79.44000244140625,79.45999908447266,79.4000015258789,79.41000366210938,62.729461669921875,2340800
2018-08-28,79.33999633789062,79.3499984741211,79.26000213623047,79.29000091552734,62.6346435546875,2375800
2018-08-29,79.30999755859375,79.30999755859375,79.19000244140625,79.23999786376953,62.59519958496094,1560100
2018-08-30,79.31999969482422,79.36000061035156,79.26000213623047,79.30000305175781,62.64250946044922,1157400
2018-08-31,79.41999816894531,79.43000030517578,79.30999755859375,79.31999969482422,62.65835952758789,2888300
2018-09-04,79.0,79.06999969482422,78.97000122070312,79.01000213623047,62.56175994873047,2400700
2018-09-05,79.04000091552734,79.05999755859375,78.95999908447266,79.02999877929688,62.57757568359375,2558000
2018-09-06,79.08999633789062,79.18000030517578,79.05000305175781,79.1500015258789,62.672607421875,2133300
2018-09-07,78.97000122070312,78.97000122070312,78.86000061035156,78.9000015258789,62.47464370727539,2481100
2018-09-10,78.91000366210938,78.97000122070312,78.87999725341797,78.94999694824219,62.514225006103516,1464300
2018-09-11,78.81999969482422,78.87999725341797,78.75,78.77999877929688,62.37963104248047,1496800
2018-09-12,78.88999938964844,78.91999816894531,78.83000183105469,78.83999633789062,62.42715072631836,1088400
2018-09-13,78.94999694824219,78.9800033569336,78.87000274658203,78.88999938964844,62.46672058105469,1723800
2018-09-14,78.76000213623047,78.80999755859375,78.7300033569336,78.76000213623047,62.36379623413086,3196000
2018-09-17,78.69999694824219,78.80000305175781,78.68000030517578,78.75,62.35586929321289,2375200
2018-09-18,78.69999694824219,78.69999694824219,78.54000091552734,78.56999969482422,62.213382720947266,2504000
2018-09-19,78.52999877929688,78.55999755859375,78.38999938964844,78.44999694824219,62.11833190917969,1968700
2018-09-20,78.44000244140625,78.58999633789062,78.43000030517578,78.55000305175781,62.19752502441406,2297700
2018-09-21,78.51000213623047,78.5999984741211,78.51000213623047,78.5999984741211,62.23707580566406,1750600
2018-09-24,78.48999786376953,78.58000183105469,78.47000122070312,78.5,62.157901763916016,2915800
2018-09-25,78.44000244140625,78.45999908447266,78.37999725341797,78.44000244140625,62.110408782958984,1698200
2018-09-26,78.5,78.69000244140625,78.48999786376953,78.63999938964844,62.268775939941406,1831100
2018-09-27,78.66000366210938,78.69999694824219,78.62000274658203,78.69999694824219,62.316287994384766,1374700
2018-09-28,78.76000213623047,78.79000091552734,78.66000366210938,78.69999694824219,62.316287994384766,2577700
2018-10-01,78.41999816894531,78.4800033569336,78.36000061035156,78.37000274658203,62.19960403442383,2853300
2018-10-02,78.44999694824219,78.55000305175781,78.44999694824219,78.51000213623047,62.31073760986328,2597600
2018-10-03,78.4000015258789,78.4000015258789,78.0199966430664,78.11000061035156,61.993263244628906,2300300
2018-10-04,77.97000122070312,78.01000213623047,77.87000274658203,77.91000366210938,61.83454895019531,3221400
2018-10-05,77.83000183105469,77.87999725341797,77.66000366210938,77.7699966430664,61.723411560058594,2299100
2018-10-08,77.79000091552734,77.80000305175781,77.72000122070312,77.73999786376953,61.699607849121094,1885400
2018-10-09,77.73999786376953,77.88999938964844,77.73999786376953,77.88999938964844,61.81867980957031,4273200
2018-10-10,77.7699966430664,77.86000061035156,77.69999694824219,77.83000183105469,61.77104949951172,2813100
2018-10-11,77.91000366210938,78.12999725341797,77.9000015258789,78.05000305175781,61.94564437866211,3245600
2018-10-12,78.0199966430664,78.13999938964844,78.01000213623047,78.02999877929688,61.92978286743164,2365700
2018-10-15,78.11000061035156,78.11000061035156,78.0,78.01000213623047,61.91386795043945,2077800
2018-10-16,78.0,78.0999984741211,77.97000122070312,78.06999969482422,61.961517333984375,2367000
2018-10-17,78.05000305175781,78.0999984741211,77.91000366210938,77.93000030517578,61.85041427612305,1877300
2018-10-18,77.87999725341797,78.0,77.80999755859375,77.87999725341797,61.81074905395508,1681500
2018-10-19,77.88999938964844,77.91000366210938,77.79000091552734,77.83999633789062,61.778961181640625,1716700
2018-10-22,77.87999725341797,77.93000030517578,77.80000305175781,77.80999755859375,61.755149841308594,1520000
2018-10-23,78.0199966430664,78.08999633789062,77.9000015258789,77.91999816894531,61.84244918823242,1934300
2018-10-24,78.06999969482422,78.1500015258789,78.05000305175781,78.12999725341797,62.00911331176758,1615500
2018-10-25,78.05999755859375,78.12000274658203,78.0,78.04000091552734,61.93769454956055,1981000
2018-10-26,78.22000122070312,78.30000305175781,78.16000366210938,78.18000030517578,62.048824310302734,2224400
2018-10-29,78.1500015258789,78.19000244140625,78.05000305175781,78.11000061035156,61.993263244628906,1900700
2018-10-30,78.0199966430664,78.0999984741211,77.98999786376953,78.0,61.905967712402344,2546300
2018-10-31,77.9000015258789,77.98999786376953,77.83999633789062,77.83999633789062,61.778961181640625,6206300
2018-11-01,77.6500015258789,77.81999969482422,77.63999938964844,77.79000091552734,61.89352798461914,3784100
2018-11-02,77.69000244140625,77.70999908447266,77.45999908447266,77.5,61.66280746459961,2024600
2018-11-05,77.56999969482422,77.61000061035156,77.52999877929688,77.55999755859375,61.710540771484375,1858900
2018-11-06,77.56999969482422,77.58999633789062,77.5199966430664,77.55000305175781,61.702613830566406,2024700
2018-11-07,77.69999694824219,77.7699966430664,77.5999984741211,77.62000274658203,61.75830078125,2673700
2018-11-08,77.62000274658203,77.6500015258789,77.48999786376953,77.48999786376953,61.654842376708984,2233100
2018-11-09,77.56999969482422,77.72000122070312,77.56999969482422,77.68000030517578,61.8060302734375,1697200
2018-11-12,77.77999877929688,77.80999755859375,77.73999786376953,77.80000305175781,61.901527404785156,1067200
2018-11-13,77.70999908447266,77.7699966430664,77.66000366210938,77.76000213623047,61.869712829589844,2735900
2018-11-14,77.70999908447266,77.9000015258789,77.66000366210938,77.81999969482422,61.91740036010742,2905100
2018-11-15,77.87000274658203,77.88999938964844,77.69999694824219,77.83000183105469,61.92539596557617,2557800
2018-11-16,77.94000244140625,78.0199966430664,77.8499984741211,78.0,62.06065368652344,1811300
2018-11-19,77.94000244140625,78.02999877929688,77.94000244140625,78.0,62.06065368652344,2495900
2018-11-20,77.9800033569336,78.02999877929688,77.91999816894531,77.94999694824219,62.020851135253906,1891300
2018-11-21,77.98999786376953,78.02999877929688,77.93000030517578,78.02999877929688,62.084510803222656,3871300
2018-11-23,78.08999633789062,78.12000274658203,78.0,78.0199966430664,62.07655715942383,644500
2018-11-26,77.94000244140625,78.0,77.91999816894531,77.95999908447266,62.02880859375,1520500
2018-11-27,77.94999694824219,78.05000305175781,77.94999694824219,78.01000213623047,62.068580627441406,2563100
2018-11-28,78.01000213623047,78.0999984741211,77.93000030517578,78.05000305175781,62.100440979003906,2217500
2018-11-29,78.12000274658203,78.16999816894531,78.04000091552734,78.11000061035156,62.1481819152832,2395900
2018-11-30,78.0999984741211,78.13999938964844,78.05000305175781,78.13999938964844,62.17202377319336,2181200
2018-12-03,77.98999786376953,78.06999969482422,77.94999694824219,78.06999969482422,62.269371032714844,2187500
2018-12-04,78.1500015258789,78.37999725341797,78.1500015258789,78.26000213623047,62.42087173461914,3204700
2018-12-06,78.38999938964844,78.55999755859375,78.36000061035156,78.4000015258789,62.53253936767578,4447800
2018-12-07,78.4000015258789,78.58999633789062,78.37999725341797,78.55999755859375,62.66019821166992,3806000
2018-12-10,78.58000183105469,78.69999694824219,78.52999877929688,78.63999938964844,62.723960876464844,2712100
2018-12-11,78.66000366210938,78.7300033569336,78.58000183105469,78.6500015258789,62.73196792602539,4157200
2018-12-12,78.62000274658203,78.6500015258789,78.55999755859375,78.56999969482422,62.66815185546875,2662400
2018-12-13,78.58999633789062,78.68000030517578,78.58999633789062,78.62999725341797,62.715980529785156,2587600
2018-12-14,78.69000244140625,78.75,78.66000366210938,78.69999694824219,62.771846771240234,3490600
2018-12-17,78.7300033569336,78.86000061035156,78.72000122070312,78.8499984741211,62.891475677490234,2924300
2018-12-18,78.83999633789062,79.0,78.83999633789062,78.97000122070312,62.9871826171875,3210700
2018-12-19,79.08000183105469,79.26000213623047,79.0,79.11000061035156,63.09884262084961,3117500
2018-12-20,79.19000244140625,79.20999908447266,78.97000122070312,79.0,63.0111198425293,3451000
2018-12-21,79.02999877929688,79.05999755859375,78.94000244140625,79.0,63.0111198425293,4516100
2018-12-24,78.91999816894531,79.0,78.7300033569336,78.81999969482422,63.02554702758789,6031000
2018-12-26,78.87000274658203,78.9000015258789,78.6500015258789,78.6500015258789,62.889583587646484,5912400
2018-12-27,78.94000244140625,78.98999786376953,78.80999755859375,78.81999969482422,63.02554702758789,2751800
2018-12-28,78.86000061035156,79.0199966430664,78.81999969482422,79.01000213623047,63.177452087402344,3495100
2018-12-31,78.94999694824219,79.25,78.93000030517578,79.20999908447266,63.337371826171875,5651100
2019-01-02,79.27999877929688,79.37999725341797,79.25,79.37000274658203,63.46529769897461,4142500
2019-01-03,79.38999938964844,79.75,79.37000274658203,79.68000030517578,63.71316909790039,4908400
2019-01-04,79.47000122070312,79.4800033569336,79.33999633789062,79.44000244140625,63.521270751953125,4583600
2019-01-07,79.47000122070312,79.51000213623047,79.29000091552734,79.31999969482422,63.425315856933594,4121700
2019-01-08,79.25,79.31999969482422,79.19999694824219,79.22000122070312,63.34532928466797,1745400
2019-01-09,79.23999786376953,79.36000061035156,79.2300033569336,79.33000183105469,63.43332290649414,1989600
2019-01-10,79.2699966430664,79.3499984741211,79.13999938964844,79.16999816894531,63.305389404296875,2579900
2019-01-11,79.33999633789062,79.4000015258789,79.30000305175781,79.33000183105469,63.43332290649414,3097100
2019-01-14,79.3499984741211,79.37000274658203,79.25,79.26000213623047,63.37736129760742,2395700
2019-01-15,79.36000061035156,79.4000015258789,79.22000122070312,79.2699966430664,63.385311126708984,1742900
2019-01-16,79.2300033569336,79.31999969482422,79.19000244140625,79.30000305175781,63.40931701660156,1697700
2019-01-17,79.30000305175781,79.30999755859375,79.18000030517578,79.20999908447266,63.337371826171875,2394700
2019-01-18,79.20999908447266,79.29000091552734,79.13999938964844,79.1500015258789,63.289398193359375,3722400
2019-01-22,79.30000305175781,79.4000015258789,79.27999877929688,79.29000091552734,63.40134048461914,3917700
2019-01-23,79.25,79.43000030517578,79.25,79.37000274658203,63.46529769897461,2536100
2019-01-24,79.5199966430664,79.58999633789062,79.48999786376953,79.54000091552734,63.6011962890625,2700300
2019-01-25,79.45999908447266,79.51000213623047,79.41000366210938,79.44999694824219,63.52925109863281,2073100
2019-01-28,79.45999908447266,79.52999877929688,79.44999694824219,79.4800033569336,63.5532341003418,2938200
2019-01-29,79.54000091552734,79.63999938964844,79.54000091552734,79.63999938964844,63.68116760253906,1772300
2019-01-30,79.58000183105469,79.75,79.51000213623047,79.72000122070312,63.74516296386719,2961400
2019-01-31,79.9800033569336,80.08999633789062,79.94000244140625,80.08999633789062,64.04100799560547,3698100
2019-02-01,79.79000091552734,79.88999938964844,79.5999984741211,79.66999816894531,63.8630485534668,3335000
2019-02-04,79.61000061035156,79.61000061035156,79.52999877929688,79.5999984741211,63.80694580078125,4078600
2019-02-05,79.69999694824219,79.80000305175781,79.69000244140625,79.7699966430664,63.943241119384766,2400300
2019-02-06,79.79000091552734,79.80999755859375,79.69000244140625,79.73999786376953,63.919193267822266,2724700
2019-02-07,79.79000091552734,79.83999633789062,79.75,79.80000305175781,63.96728515625,2474700
2019-02-08,79.87000274658203,79.9800033569336,79.83999633789062,79.91999816894531,64.06346130371094,1538700
2019-02-11,79.8499984741211,79.91999816894531,79.80999755859375,79.88999938964844,64.0394058227539,2600900
2019-02-12,79.8499984741211,79.88999938964844,79.80999755859375,79.87999725341797,64.03135681152344,1541200
2019-02-13,79.80000305175781,79.80999755859375,79.70999908447266,79.76000213623047,63.93520736694336,1631600
2019-02-14,79.95999908447266,79.98999786376953,79.8499984741211,79.9000015258789,64.04747009277344,1895800
2019-02-15,79.88999938964844,79.93000030517578,79.87000274658203,79.93000030517578,64.07149505615234,1917900
2019-02-19,80.0,80.02999877929688,79.93000030517578,80.0,64.12755584716797,3792100
2019-02-20,79.9800033569336,80.01000213623047,79.91999816894531,79.97000122070312,64.10355377197266,1768400
2019-02-21,79.83000183105469,79.83000183105469,79.7699966430664,79.80999755859375,63.97527313232422,3411400
2019-02-22,79.91999816894531,80.08000183105469,79.87000274658203,79.98999786376953,64.11959838867188,1936600
2019-02-25,79.95999908447266,79.98999786376953,79.91000366210938,79.95999908447266,64.09552001953125,2244600
2019-02-26,80.05999755859375,80.12000274658203,80.0199966430664,80.06999969482422,64.18367004394531,1405200
2019-02-27,80.0199966430664,80.0199966430664,79.8499984741211,79.91000366210938,64.05545043945312,1323000
2019-02-28,79.91000366210938,79.91000366210938,79.73999786376953,79.81999969482422,63.98330307006836,4028500
2019-03-01,79.55000305175781,79.58000183105469,79.38999938964844,79.38999938964844,63.78563690185547,3035000
2019-03-04,79.52999877929688,79.58000183105469,79.47000122070312,79.52999877929688,63.898155212402344,2531300
2019-03-05,79.4800033569336,79.61000061035156,79.47000122070312,79.58999633789062,63.94635009765625,1924500
2019-03-06,79.66000366210938,79.76000213623047,79.62999725341797,79.69000244140625,64.02669525146484,1629000
2019-03-07,79.83999633789062,79.95999908447266,79.79000091552734,79.91999816894531,64.21147918701172,2322200
2019-03-08,79.95999908447266,80.05000305175781,79.87999725341797,80.0199966430664,64.29181671142578,4388500
2019-03-11,80.02999877929688,80.02999877929688,79.97000122070312,79.9800033569336,64.25967407226562,1891100
2019-03-12,80.05000305175781,80.19000244140625,80.0199966430664,80.16999816894531,64.41234588623047,1958500
2019-03-13,80.13999938964844,80.16000366210938,80.0999984741211,80.12999725341797,64.38020324707031,1318600
2019-03-14,80.13999938964844,80.13999938964844,80.01000213623047,80.05999755859375,64.3239517211914,4058400
2019-03-15,80.19000244140625,80.26000213623047,80.13999938964844,80.20999908447266,64.4444351196289,1639300
2019-03-18,80.16999816894531,80.19999694824219,80.08999633789062,80.16000366210938,64.40430450439453,5344200
2019-03-19,80.08000183105469,80.18000030517578,80.05999755859375,80.12000274658203,64.3721923828125,2702400
2019-03-20,80.19000244140625,80.48999786376953,80.16999816894531,80.47000122070312,64.65338897705078,2528700
2019-03-21,80.51000213623047,80.54000091552734,80.4800033569336,80.48999786376953,64.66947174072266,1980500
2019-03-22,80.81999969482422,80.9800033569336,80.75,80.93000030517578,65.0229721069336,2734000
2019-03-25,80.94999694824219,81.18000030517578,80.87999725341797,81.02999877929688,65.10325622558594,2034000
2019-03-26,80.9800033569336,81.12000274658203,80.94999694824219,81.05000305175781,65.119384765625,3527200
2019-03-27,81.18000030517578,81.30999755859375,81.16000366210938,81.19999694824219,65.23991394042969,2121900
2019-03-28,81.20999908447266,81.2699966430664,81.12999725341797,81.23999786376953,65.27204132080078,1818300
2019-03-29,81.08000183105469,81.19999694824219,81.06999969482422,81.18000030517578,65.22383880615234,1937000
2019-04-01,80.86000061035156,80.86000061035156,80.62000274658203,80.66000366210938,64.9660873413086,4106700
2019-04-02,80.69999694824219,80.77999877929688,80.66000366210938,80.69999694824219,64.99828338623047,6305600
2019-04-03,80.58000183105469,80.62999725341797,80.54000091552734,80.58999633789062,64.90970611572266,2177300
2019-04-04,80.62000274658203,80.68000030517578,80.58000183105469,80.66999816894531,64.97417449951172,1586000
2019-04-05,80.61000061035156,80.73999786376953,80.5999984741211,80.7300033569336,65.02249908447266,2131700
2019-04-08,80.73999786376953,80.73999786376953,80.61000061035156,80.6500015258789,64.95806121826172,3794200
2019-04-09,80.77999877929688,80.81999969482422,80.72000122070312,80.7699966430664,65.0546646118164,1919100
2019-04-10,80.80999755859375,80.9000015258789,80.80000305175781,80.87999725341797,65.14328002929688,3414300
2019-04-11,80.80999755859375,80.81999969482422,80.70999908447266,80.73999786376953,65.03054809570312,2641800
2019-04-12,80.66999816894531,80.69000244140625,80.58000183105469,80.58999633789062,64.90970611572266,1821800
2019-04-15,80.58000183105469,80.62999725341797,80.56999969482422,80.61000061035156,64.92582702636719,1671300
2019-04-16,80.52999877929688,80.55000305175781,80.44999694824219,80.47000122070312,64.81304931640625,2002000
2019-04-17,80.47000122070312,80.56999969482422,80.45999908447266,80.47000122070312,64.81304931640625,1797500
2019-04-18,80.5999984741211,80.63999938964844,80.52999877929688,80.58000183105469,64.90167236328125,1604600
2019-04-22,80.58000183105469,80.58000183105469,80.45999908447266,80.5,64.83724212646484,1840100
2019-04-23,80.5999984741211,80.6500015258789,80.56999969482422,80.63999938964844,64.949951171875,2643500
2019-04-24,80.80000305175781,80.86000061035156,80.76000213623047,80.8499984741211,65.11909484863281,1370500
2019-04-25,80.8499984741211,80.87999725341797,80.7699966430664,80.83000183105469,65.10301208496094,1238100
2019-04-26,81.01000213623047,81.05000305175781,80.9800033569336,81.01000213623047,65.24797821044922,1622500
2019-04-29,80.9000015258789,80.91999816894531,80.80000305175781,80.83999633789062,65.11103820800781,1737800
2019-04-30,80.80000305175781,80.95999908447266,80.80000305175781,80.95999908447266,65.20771026611328,2376200
2019-05-01,80.77999877929688,81.0199966430664,80.70999908447266,80.7699966430664,65.21174621582031,2035300
2019-05-02,80.70999908447266,80.7300033569336,80.52999877929688,80.58999633789062,65.06644439697266,2061100
2019-05-03,80.72000122070312,80.79000091552734,80.68000030517578,80.73999786376953,65.18753814697266,1877500
2019-05-06,80.86000061035156,80.91000366210938,80.81999969482422,80.83999633789062,65.26823425292969,2261500
2019-05-07,80.94999694824219,81.0,80.91000366210938,80.95999908447266,65.36516571044922,3223200
2019-05-08,81.0199966430664,81.05999755859375,80.9000015258789,80.9000015258789,65.31671142578125,4750500
2019-05-09,81.05000305175781,81.06999969482422,80.86000061035156,80.9800033569336,65.38131713867188,1926100
2019-05-10,80.98999786376953,81.06999969482422,80.94999694824219,80.97000122070312,65.37322998046875,4679900
2019-05-13,81.12000274658203,81.19999694824219,81.0999984741211,81.13999938964844,65.510498046875,3427000
2019-05-14,81.16000366210938,81.19999694824219,81.13999938964844,81.19000244140625,65.55084228515625,4478100
2019-05-15,81.33999633789062,81.36000061035156,81.22000122070312,81.30999755859375,65.64775085449219,1940900
2019-05-16,81.23999786376953,81.23999786376953,81.16999816894531,81.19000244140625,65.55084228515625,1862700
2019-05-17,81.30000305175781,81.30999755859375,81.16000366210938,81.20999908447266,65.56700897216797,1615200
2019-05-20,81.20999908447266,81.25,81.11000061035156,81.11000061035156,65.48627471923828,2188000
2019-05-21,81.11000061035156,81.12000274658203,81.05000305175781,81.06999969482422,65.45394897460938,1747000
2019-05-22,81.12000274658203,81.2699966430664,81.12000274658203,81.22000122070312,65.57508850097656,4000500
2019-05-23,81.30999755859375,81.58000183105469,81.30999755859375,81.51000213623047,65.80921936035156,5334000
2019-05-24,81.51000213623047,81.52999877929688,81.45999908447266,81.51000213623047,65.80921936035156,1770100
2019-05-28,81.63999938964844,81.69000244140625,81.58000183105469,81.68000030517578,65.94646453857422,1910600
2019-05-29,81.75,81.86000061035156,81.66000366210938,81.66000366210938,65.9303207397461,3142700
2019-05-30,81.73999786376953,81.91000366210938,81.66999816894531,81.87999725341797,66.10794067382812,2253600
2019-05-31,82.04000091552734,82.23999786376953,81.98999786376953,82.23999786376953,66.39857482910156,5898700
2019-06-03,82.13999938964844,82.31999969482422,82.04000091552734,82.27999877929688,66.58716583251953,3787000
2019-06-04,82.16000366210938,82.20999908447266,82.02999877929688,82.13999938964844,66.47384643554688,2906700
2019-06-05,82.18000030517578,82.27999877929688,82.06999969482422,82.13999938964844,66.47384643554688,7341700
2019-06-06,82.16999816894531,82.26000213623047,82.06999969482422,82.12000274658203,66.45767974853516,2995300
2019-06-07,82.36000061035156,82.44999694824219,82.27999877929688,82.33999633789062,66.6357421875,2490100
2019-06-10,82.26000213623047,82.26000213623047,82.13999938964844,82.16999816894531,66.49813079833984,2417400
2019-06-11,82.12000274658203,82.18000030517578,82.08000183105469,82.11000061035156,66.4496078491211,3362100
2019-06-12,82.1500015258789,82.25,82.12999725341797,82.25,66.5628890991211,1904400
2019-06-13,82.30000305175781,82.43000030517578,82.29000091552734,82.38999938964844,66.67618560791016,1946300
2019-06-14,82.30999755859375,82.41999816894531,82.30000305175781,82.4000015258789,66.68428039550781,2260700
2019-06-17,82.30000305175781,82.43000030517578,82.30000305175781,82.4000015258789,66.68428039550781,2792600
2019-06-18,82.66000366210938,82.72000122070312,82.52999877929688,82.58999633789062,66.83804321289062,3342000
2019-06-19,82.4800033569336,82.87000274658203,82.44999694824219,82.87000274658203,67.06463623046875,2496900
2019-06-20,83.0199966430664,83.12999725341797,82.9800033569336,83.0,67.16986083984375,2171600
2019-06-21,82.8499984741211,82.87000274658203,82.70999908447266,82.7699966430664,66.98365020751953,2398100
2019-06-24,82.87999725341797,82.97000122070312,82.8499984741211,82.91999816894531,67.10506439208984,2803800
2019-06-25,82.98999786376953,83.05000305175781,82.88999938964844,82.94999694824219,67.12933349609375,2699800
2019-06-26,82.93000030517578,82.94000244140625,82.75,82.76000213623047,66.97563171386719,2195800
2019-06-27,82.88999938964844,83.02999877929688,82.83000183105469,83.0,67.16986083984375,2021400
2019-06-28,82.95999908447266,83.08999633789062,82.94999694824219,83.06999969482422,67.22650909423828,2554600
2019-07-01,82.91000366210938,82.94999694824219,82.75,82.87000274658203,67.22166442871094,2354400
2019-07-02,82.91999816894531,83.05999755859375,82.86000061035156,83.02999877929688,67.35137176513672,3127100
2019-07-03,83.11000061035156,83.22000122070312,83.08000183105469,83.18000030517578,67.47311401367188,1720800
2019-07-05,82.83000183105469,82.8499984741211,82.62000274658203,82.79000091552734,67.15673828125,2356800
2019-07-08,82.87999725341797,82.91999816894531,82.76000213623047,82.77999877929688,67.14859771728516,1761500
2019-07-09,82.79000091552734,82.79000091552734,82.66000366210938,82.66999816894531,67.05941772460938,1839400
2019-07-10,82.7699966430664,82.80999755859375,82.68000030517578,82.73999786376953,67.11616516113281,2097200
2019-07-11,82.70999908447266,82.7699966430664,82.43000030517578,82.47000122070312,66.89716339111328,3024100
2019-07-12,82.47000122070312,82.56999969482422,82.44000244140625,82.54000091552734,66.95394897460938,2265000
2019-07-15,82.52999877929688,82.66000366210938,82.52999877929688,82.66000366210938,67.05127716064453,2245900
2019-07-16,82.5199966430664,82.58000183105469,82.45999908447266,82.55000305175781,66.9620590209961,2294100
2019-07-17,82.66999816894531,82.80999755859375,82.63999938964844,82.80000305175781,67.16482543945312,2062300
2019-07-18,82.7699966430664,82.9800033569336,82.7300033569336,82.94999694824219,67.28649139404297,3323200
2019-07-19,82.8499984741211,82.91999816894531,82.80999755859375,82.86000061035156,67.2135238647461,2167300
2019-07-22,83.0199966430664,83.02999877929688,82.91999816894531,82.94999694824219,67.28649139404297,1725500
2019-07-23,82.91000366210938,82.94999694824219,82.81999969482422,82.87999725341797,67.22974395751953,1799600
2019-07-24,82.94999694824219,83.02999877929688,82.93000030517578,82.95999908447266,67.2946548461914,2535800
2019-07-25,82.93000030517578,82.94999694824219,82.7300033569336,82.87000274658203,67.22166442871094,2199000
2019-07-26,82.91999816894531,82.91999816894531,82.83000183105469,82.87000274658203,67.22166442871094,2413500
2019-07-29,82.95999908447266,82.97000122070312,82.87999725341797,82.91999816894531,67.26222229003906,1771900
2019-07-30,82.94000244140625,82.94999694824219,82.83999633789062,82.9000015258789,67.24594116210938,1968800
2019-07-31,82.91999816894531,83.1500015258789,82.77999877929688,83.0,67.32710266113281,2628700
2019-08-01,82.97000122070312,83.44000244140625,82.94000244140625,83.4000015258789,67.80921173095703,3278400
2019-08-02,83.44000244140625,83.5199966430664,83.37000274658203,83.4800033569336,67.87420654296875,5392400
2019-08-05,83.76000213623047,83.9000015258789,83.69999694824219,83.83999633789062,68.16696166992188,4284300
2019-08-06,83.87000274658203,84.06999969482422,83.83000183105469,84.05000305175781,68.33771514892578,4939700
2019-08-07,84.44999694824219,84.5,84.02999877929688,84.05000305175781,68.33771514892578,5516400
2019-08-08,83.9000015258789,84.16999816894531,83.79000091552734,84.12000274658203,68.39460754394531,3244200
2019-08-09,84.16000366210938,84.23999786376953,83.94999694824219,83.97000122070312,68.27267456054688,2832800
2019-08-12,84.2300033569336,84.41000366210938,84.18000030517578,84.33999633789062,68.57349395751953,3008000
2019-08-13,84.37999725341797,84.41000366210938,84.12999725341797,84.20999908447266,68.46778869628906,3299800
2019-08-14,84.52999877929688,84.58000183105469,84.44999694824219,84.51000213623047,68.71171569824219,3395400
2019-08-15,84.66999816894531,85.0199966430664,84.5999984741211,84.91999816894531,69.04505920410156,4358100
2019-08-16,84.7699966430664,84.86000061035156,84.58999633789062,84.83000183105469,68.97190856933594,3913600
2019-08-19,84.54000091552734,84.63999938964844,84.5,84.55999755859375,68.75232696533203,3640100
2019-08-20,84.73999786376953,84.77999877929688,84.68000030517578,84.77999877929688,68.93123626708984,2568100
2019-08-21,84.69999694824219,84.88999938964844,84.6500015258789,84.73999786376953,68.89868927001953,2532300
2019-08-22,84.6500015258789,84.7699966430664,84.54000091552734,84.58000183105469,68.76863861083984,3232600
2019-08-23,84.55000305175781,84.9800033569336,84.5199966430664,84.88999938964844,69.02066802978516,3100100
2019-08-26,84.93000030517578,84.98999786376953,84.77999877929688,84.83999633789062,68.98002624511719,2358800
2019-08-27,84.97000122070312,85.13999938964844,84.94000244140625,85.12999725341797,69.2157974243164,2450800
2019-08-28,85.29000091552734,85.30000305175781,85.13999938964844,85.16000366210938,69.24017333984375,3352400
2019-08-29,85.12000274658203,85.12000274658203,84.94999694824219,85.11000061035156,69.19953918457031,2812400
2019-08-30,85.02999877929688,85.16999816894531,85.0,85.0999984741211,69.19141387939453,2861800
2019-09-03,84.9800033569336,85.18000030517578,84.83999633789062,84.98999786376953,69.25495910644531,3345800
2019-09-04,84.97000122070312,85.16000366210938,84.94999694824219,85.1500015258789,69.38536071777344,2864100
2019-09-05,84.8499984741211,84.9000015258789,84.58000183105469,84.70999908447266,69.02682495117188,3162800
2019-09-06,84.76000213623047,84.8499984741211,84.72000122070312,84.80999755859375,69.10831451416016,2764600
2019-09-09,84.47000122070312,84.55000305175781,84.4000015258789,84.41999816894531,68.79048156738281,2618400
2019-09-10,84.36000061035156,84.37999725341797,83.95999908447266,83.98999786376953,68.44009399414062,2425900
2019-09-11,83.91999816894531,84.04000091552734,83.91000366210938,83.94000244140625,68.39936828613281,2030200
2019-09-12,84.1500015258789,84.18000030517578,83.7300033569336,83.77999877929688,68.26897430419922,3025200
2019-09-13,83.62000274658203,83.66999816894531,83.29000091552734,83.30000305175781,67.87786102294922,3111300
2019-09-16,83.52999877929688,83.5999984741211,83.41000366210938,83.5199966430664,68.0571060180664,2971000
2019-09-17,83.58000183105469,83.77999877929688,83.51000213623047,83.70999908447266,68.21194458007812,2974900
2019-09-18,83.88999938964844,84.04000091552734,83.72000122070312,83.7699966430664,68.26084899902344,2557800
2019-09-19,83.98999786376953,84.01000213623047,83.86000061035156,83.88999938964844,68.358642578125,2631100
2019-09-20,83.98999786376953,84.19999694824219,83.94999694824219,84.19000244140625,68.60307312011719,2436700
2019-09-23,84.30000305175781,84.45999908447266,84.23999786376953,84.25,68.6519546508789,2365800
2019-09-24,84.3499984741211,84.55999755859375,84.31999969482422,84.54000091552734,68.8882827758789,3043500
2019-09-25,84.44000244140625,84.44999694824219,84.08000183105469,84.13999938964844,68.56232452392578,3009500
2019-09-26,84.30999755859375,84.37000274658203,84.23999786376953,84.27999877929688,68.67640686035156,2909900
2019-09-27,84.2699966430664,84.41000366210938,84.2699966430664,84.37000274658203,68.74974822998047,2778400
2019-09-30,84.26000213623047,84.47000122070312,84.2300033569336,84.43000030517578,68.79866790771484,5258400
2019-10-01,84.05000305175781,84.5199966430664,84.0199966430664,84.33000183105469,68.86558532714844,5383100
2019-10-02,84.5,84.5999984741211,84.41999816894531,84.5199966430664,69.02079772949219,3741400
2019-10-03,84.62000274658203,84.93000030517578,84.61000061035156,84.80000305175781,69.24945831298828,3149600
2019-10-04,84.86000061035156,84.9800033569336,84.81999969482422,84.94000244140625,69.36377716064453,3309600
2019-10-07,84.80000305175781,84.87999725341797,84.70999908447266,84.72000122070312,69.18408203125,4701400
2019-10-08,84.91000366210938,84.91999816894531,84.69999694824219,84.76000213623047,69.2167739868164,3876100
2019-10-09,84.77999877929688,84.77999877929688,84.58999633789062,84.66000366210938,69.13509368896484,3187900
2019-10-10,84.56999969482422,84.58999633789062,84.3499984741211,84.4000015258789,68.92279052734375,3683300
2019-10-11,84.1500015258789,84.16999816894531,83.95999908447266,84.08999633789062,68.66963958740234,3411200
2019-10-14,84.23999786376953,84.25,84.16999816894531,84.2300033569336,68.78397369384766,1600400
2019-10-15,84.18000030517578,84.2300033569336,83.97000122070312,84.01000213623047,68.60430145263672,2408500
2019-10-16,84.05000305175781,84.1500015258789,84.0199966430664,84.0999984741211,68.67778778076172,2549900
2019-10-17,84.08000183105469,84.20999908447266,84.0199966430664,84.0999984741211,68.67778778076172,2420600
2019-10-18,84.13999938964844,84.23999786376953,84.12999725341797,84.13999938964844,68.71043395996094,2467600
2019-10-21,84.05000305175781,84.08999633789062,83.94000244140625,83.94000244140625,68.54714965820312,2328000
2019-10-22,84.11000061035156,84.13999938964844,83.97000122070312,84.08999633789062,68.66963958740234,4545600
2019-10-23,84.22000122070312,84.25,84.12000274658203,84.12999725341797,68.70230865478516,4250400
2019-10-24,84.18000030517578,84.2699966430664,84.12000274658203,84.13999938964844,68.71043395996094,2353700
2019-10-25,84.19000244140625,84.19000244140625,83.94999694824219,84.0,68.59612274169922,2157500
2019-10-28,83.83999633789062,83.8499984741211,83.76000213623047,83.81999969482422,68.44917297363281,2861600
2019-10-29,83.93000030517578,83.93000030517578,83.81999969482422,83.83999633789062,68.46548461914062,2729800
2019-10-30,83.94000244140625,84.12000274658203,83.88999938964844,84.11000061035156,68.68595886230469,2831800
2019-10-31,84.33999633789062,84.5199966430664,84.30000305175781,84.51000213623047,69.01261138916016,3058400
2019-11-01,84.25,84.36000061035156,84.11000061035156,84.25,68.95122528076172,2771900
2019-11-04,84.05000305175781,84.05999755859375,83.95999908447266,84.01000213623047,68.75480651855469,2444500
2019-11-05,83.79000091552734,83.80000305175781,83.62000274658203,83.72000122070312,68.51747131347656,2890600
2019-11-06,83.75,83.94000244140625,83.7300033569336,83.9000015258789,68.6647720336914,3147000
2019-11-07,83.62000274658203,83.62000274658203,83.26000213623047,83.47000122070312,68.31287384033203,3767100
2019-11-08,83.44999694824219,83.58999633789062,83.37999725341797,83.38999938964844,68.24736022949219,2130600
2019-11-11,83.5,83.52999877929688,83.37999725341797,83.44000244140625,68.28829956054688,1926100
2019-11-12,83.47000122070312,83.55000305175781,83.37999725341797,83.48999786376953,68.3292236328125,3072600
2019-11-13,83.66000366210938,83.70999908447266,83.58999633789062,83.63999938964844,68.4520034790039,2690800
2019-11-14,83.93000030517578,83.95999908447266,83.87000274658203,83.87999725341797,68.64837646484375,2299700
2019-11-15,83.81999969482422,83.91999816894531,83.80000305175781,83.8499984741211,68.62384796142578,2342200
2019-11-18,83.98999786376953,84.04000091552734,83.94999694824219,83.97000122070312,68.72206115722656,3553000
2019-11-19,83.9800033569336,84.0999984741211,83.97000122070312,84.05999755859375,68.79571533203125,3712600
2019-11-20,84.20999908447266,84.30000305175781,84.1500015258789,84.29000091552734,68.98399353027344,4924100
2019-11-21,84.18000030517578,84.19000244140625,84.06999969482422,84.1500015258789,68.869384765625,2779600
2019-11-22,84.23999786376953,84.25,84.12999725341797,84.19999694824219,68.9103012084961,3119700
2019-11-25,84.26000213623047,84.30999755859375,84.2300033569336,84.27999877929688,68.97578430175781,3444700
2019-11-26,84.4000015258789,84.44000244140625,84.3499984741211,84.41999816894531,69.0903549194336,3207400
2019-11-27,84.30999755859375,84.3499984741211,84.2699966430664,84.29000091552734,68.98399353027344,2293000
2019-11-29,84.29000091552734,84.30999755859375,84.19000244140625,84.29000091552734,68.98399353027344,2535100
2019-12-02,83.83000183105469,83.88999938964844,83.76000213623047,83.88999938964844,68.80352783203125,3745800
2019-12-03,84.16999816894531,84.43000030517578,84.12999725341797,84.33999633789062,69.17261505126953,3393600
2019-12-04,84.26000213623047,84.27999877929688,84.05999755859375,84.16999816894531,69.03314971923828,3876800
2019-12-05,84.04000091552734,84.12999725341797,83.9800033569336,84.08000183105469,68.95934295654297,2850000
2019-12-06,83.91000366210938,84.0999984741211,83.87000274658203,83.97000122070312,68.86909484863281,4121700
2019-12-09,84.08000183105469,84.08999633789062,83.9800033569336,83.98999786376953,68.88558197021484,2795100
2019-12-10,84.04000091552734,84.05000305175781,83.9000015258789,83.93000030517578,68.8363265991211,2700500
2019-12-11,84.06999969482422,84.25,84.04000091552734,84.20999908447266,69.06597900390625,2581800
2019-12-12,84.1500015258789,84.16000366210938,83.70999908447266,83.80999755859375,68.73792266845703,4645900
2019-12-13,84.02999877929688,84.2300033569336,83.86000061035156,84.19000244140625,69.04961395263672,3877700
2019-12-16,84.05000305175781,84.06999969482422,83.94000244140625,83.95999908447266,68.86092376708984,2876500
2019-12-17,84.08000183105469,84.0999984741211,83.94000244140625,83.97000122070312,68.86909484863281,3282700
2019-12-18,83.98999786376953,83.98999786376953,83.80000305175781,83.86000061035156,68.77892303466797,3786100
2019-12-19,83.87999725341797,83.98999786376953,83.83000183105469,83.91999816894531,68.828125,3240600
2019-12-20,83.87000274658203,83.95999908447266,83.81999969482422,83.94000244140625,68.84455871582031,3646300
2019-12-23,83.79000091552734,83.80000305175781,83.62999725341797,83.69999694824219,68.80097961425781,4192500
2019-12-24,83.62999725341797,83.80000305175781,83.61000061035156,83.77999877929688,68.86671447753906,1682800
2019-12-26,83.81999969482422,83.86000061035156,83.72000122070312,83.86000061035156,68.9324951171875,2036400
2019-12-27,83.95999908447266,83.98999786376953,83.93000030517578,83.9800033569336,69.03113555908203,1940300
2019-12-30,83.76000213623047,83.94999694824219,83.7300033569336,83.94999694824219,69.00648498535156,2562000
2019-12-31,83.8499984741211,83.91999816894531,83.7699966430664,83.86000061035156,68.9324951171875,5931300
2020-01-02,83.9800033569336,84.11000061035156,83.93000030517578,83.97000122070312,69.02287292480469,5511000
2020-01-03,84.18000030517578,84.29000091552734,84.0999984741211,84.2699966430664,69.26952362060547,5368300
2020-01-06,84.30000305175781,84.30999755859375,84.11000061035156,84.16999816894531,69.18729400634766,3710400
2020-01-07,84.19999694824219,84.19999694824219,84.06999969482422,84.0999984741211,69.1297607421875,3029900
2020-01-08,84.12999725341797,84.19999694824219,83.9000015258789,83.97000122070312,69.02287292480469,3674400
2020-01-09,83.91000366210938,84.0999984741211,83.86000061035156,84.06999969482422,69.10509490966797,5886600
2020-01-10,84.16000366210938,84.23999786376953,84.0999984741211,84.20999908447266,69.22017669677734,4525700
2020-01-13,84.18000030517578,84.18000030517578,84.0999984741211,84.16000366210938,69.17910766601562,3735700
2020-01-14,84.19999694824219,84.29000091552734,84.18000030517578,84.27999877929688,69.27772521972656,3492300
2020-01-15,84.4000015258789,84.41000366210938,84.30999755859375,84.41000366210938,69.38460540771484,2594300
2020-01-16,84.37000274658203,84.43000030517578,84.30999755859375,84.36000061035156,69.34345245361328,4784100
2020-01-17,84.2699966430664,84.36000061035156,84.25,84.3499984741211,69.33526611328125,3090600
2020-01-21,84.48999786376953,84.58999633789062,84.41999816894531,84.55999755859375,69.50788116455078,2910600
2020-01-22,84.58999633789062,84.62999725341797,84.55999755859375,84.62999725341797,69.5654067993164,4192100
2020-01-23,84.77999877929688,84.83000183105469,84.72000122070312,84.77999877929688,69.68875122070312,3104800
2020-01-24,84.83000183105469,85.0,84.80000305175781,84.91000366210938,69.79557037353516,4548400
2020-01-27,85.16999816894531,85.19999694824219,85.0999984741211,85.19000244140625,70.0257339477539,3208600
2020-01-28,85.12999725341797,85.13999938964844,84.9800033569336,85.04000091552734,69.90241241455078,3993400
2020-01-29,85.16999816894531,85.33000183105469,85.13999938964844,85.27999877929688,70.09970092773438,4177500
2020-01-30,85.36000061035156,85.44999694824219,85.2300033569336,85.30000305175781,70.11617279052734,4795700
2020-01-31,85.4000015258789,85.58000183105469,85.37999725341797,85.5199966430664,70.2969970703125,6264000
2020-02-03,85.22000122070312,85.30000305175781,85.08999633789062,85.26000213623047,70.23360443115234,6030800
2020-02-04,85.02999877929688,85.04000091552734,84.91999816894531,85.0,70.01939392089844,4180900
2020-02-05,84.88999938964844,84.94000244140625,84.83000183105469,84.86000061035156,69.90409851074219,3537200
2020-02-06,84.91000366210938,84.95999908447266,84.8499984741211,84.94000244140625,69.97000122070312,3435700
2020-02-07,85.16999816894531,85.2300033569336,85.11000061035156,85.19999694824219,70.18414306640625,4169700
2020-02-10,85.3499984741211,85.38999938964844,85.2699966430664,85.33000183105469,70.29125213623047,2785500
2020-02-11,85.29000091552734,85.31999969482422,85.18000030517578,85.19000244140625,70.1759033203125,3799400
2020-02-12,85.0999984741211,85.12999725341797,85.05000305175781,85.08999633789062,70.09353637695312,4127500
2020-02-13,85.13999938964844,85.2300033569336,85.0999984741211,85.16999816894531,70.15947723388672,2852500
2020-02-14,85.31999969482422,85.33999633789062,85.25,85.26000213623047,70.23360443115234,3069000
2020-02-18,85.43000030517578,85.47000122070312,85.31999969482422,85.38999938964844,70.34065246582031,3645200
2020-02-19,85.36000061035156,85.43000030517578,85.31999969482422,85.37999725341797,70.3324203491211,3109600
2020-02-20,85.4800033569336,85.58999633789062,85.44999694824219,85.58999633789062,70.50540161132812,8404000
2020-02-21,85.76000213623047,85.93000030517578,85.7300033569336,85.80000305175781,70.67839813232422,6561500
2020-02-24,86.16999816894531,86.19000244140625,86.05999755859375,86.06999969482422,70.90082550048828,6314500
2020-02-25,86.08999633789062,86.25,86.06999969482422,86.13999938964844,70.9585189819336,7928900
2020-02-26,86.08000183105469,86.29000091552734,86.0,86.08999633789062,70.91726684570312,8015900
2020-02-27,86.26000213623047,86.37999725341797,86.12000274658203,86.19000244140625,70.9996566772461,9514600
2020-02-28,86.5199966430664,86.87000274658203,86.4000015258789,86.76000213623047,71.46922302246094,16377200
2020-03-02,86.81999969482422,86.91000366210938,86.5,86.52999877929688,71.42214965820312,10154400
2020-03-03,86.56999969482422,87.5199966430664,86.54000091552734,87.05000305175781,71.85137176513672,9323900
2020-03-04,87.26000213623047,87.4000015258789,87.0,87.02999877929688,71.83483123779297,7445600
2020-03-05,87.37999725341797,87.5,87.27999877929688,87.36000061035156,72.10723876953125,5385000
2020-03-06,88.20999908447266,88.26000213623047,87.66000366210938,87.95999908447266,72.60250091552734,10176200
2020-03-09,89.26000213623047,89.31999969482422,87.72000122070312,87.7699966430664,72.4456558227539,12445600
2020-03-10,87.44000244140625,87.69000244140625,86.58999633789062,86.58999633789062,71.47169494628906,14177600
2020-03-11,86.77999877929688,87.23999786376953,84.87000274658203,84.94999694824219,70.11802673339844,10511600
2020-03-12,83.4800033569336,84.88999938964844,76.48999786376953,80.33000183105469,66.3046875,16986900
2020-03-13,81.69000244140625,84.44999694824219,81.5,83.72000122070312,69.10279083251953,14137500
2020-03-16,81.31999969482422,84.6500015258789,79.51000213623047,84.5999984741211,69.82914733886719,8411000
2020-03-17,83.55000305175781,84.72000122070312,82.79000091552734,82.8499984741211,68.38467407226562,13629700
2020-03-18,81.44000244140625,82.66999816894531,80.30999755859375,80.8499984741211,66.73387145996094,10076800
2020-03-19,79.73999786376953,81.58000183105469,79.58000183105469,80.80000305175781,66.69258880615234,11007200
2020-03-20,80.69999694824219,82.55000305175781,80.69000244140625,82.16999816894531,67.82341003417969,8864500
2020-03-23,81.20999908447266,83.98999786376953,81.19999694824219,83.98999786376953,69.32566833496094,10973300
2020-03-24,82.94999694824219,84.23999786376953,82.73999786376953,84.08000183105469,69.39993286132812,9371200
2020-03-25,84.13999938964844,85.6500015258789,84.13999938964844,85.20999908447266,70.3326644897461,9655500
2020-03-26,85.05000305175781,85.69000244140625,85.04000091552734,85.5999984741211,70.654541015625,10803800
2020-03-27,85.37000274658203,86.13999938964844,85.20999908447266,86.05999755859375,71.03423309326172,4975200
2020-03-30,86.0199966430664,86.56999969482422,86.0199966430664,86.1500015258789,71.1085433959961,6030800
2020-03-31,86.25,86.41999816894531,85.3499984741211,85.3499984741211,70.44817352294922,8523900
2020-04-01,86.12000274658203,86.26000213623047,85.55000305175781,85.5999984741211,70.81218719482422,5995000
2020-04-02,86.12000274658203,86.18000030517578,85.88999938964844,86.0,71.14308166503906,6356100
2020-04-03,86.05000305175781,86.12999725341797,85.83000183105469,85.95999908447266,71.1099853515625,4151200
2020-04-06,86.30000305175781,86.30000305175781,86.0,86.2300033569336,71.33334350585938,4373100
2020-04-07,86.2300033569336,86.38999938964844,86.05999755859375,86.30999755859375,71.39950561523438,6009600
2020-04-08,86.30000305175781,86.52999877929688,86.19999694824219,86.52999877929688,71.58152770996094,4572300
2020-04-09,86.75,87.4800033569336,86.75,87.4800033569336,72.36741638183594,5070700
2020-04-13,87.38999938964844,87.38999938964844,86.94000244140625,87.19999694824219,72.1357650756836,7018100
2020-04-14,87.38999938964844,87.38999938964844,87.11000061035156,87.19999694824219,72.1357650756836,5818300
2020-04-15,87.23999786376953,87.6500015258789,87.19999694824219,87.62999725341797,72.49146270751953,3922500
2020-04-16,87.62999725341797,87.80000305175781,87.5,87.68000030517578,72.5328598022461,3459600
2020-04-17,87.70999908447266,87.86000061035156,87.41999816894531,87.55999755859375,72.43358612060547,3528300
2020-04-20,87.52999877929688,87.54000091552734,87.33999633789062,87.41999816894531,72.3177490234375,3705200
2020-04-21,87.69999694824219,87.70999908447266,87.44000244140625,87.52999877929688,72.40877532958984,4513000
2020-04-22,87.44999694824219,87.5199966430664,87.33000183105469,87.45999908447266,72.35088348388672,3240100
2020-04-23,87.56999969482422,87.66999816894531,87.5,87.5999984741211,72.46669006347656,2587200
2020-04-24,87.55999755859375,87.62000274658203,87.47000122070312,87.56999969482422,72.4418716430664,2272600
2020-04-27,87.52999877929688,87.55000305175781,87.23999786376953,87.26000213623047,72.18541717529297,3117300
2020-04-28,87.5,87.55000305175781,87.4000015258789,87.5199966430664,72.40046691894531,3118800
2020-04-29,87.63999938964844,87.70999908447266,87.4800033569336,87.58000183105469,72.45011138916016,4867500
2020-04-30,87.69000244140625,87.72000122070312,87.5,87.51000213623047,72.39220428466797,5390100
2020-05-01,87.37999725341797,87.44999694824219,87.16000366210938,87.30000305175781,72.36236572265625,4857100
2020-05-04,87.33999633789062,87.41999816894531,87.2699966430664,87.38999938964844,72.43695068359375,7276600
2020-05-05,87.30999755859375,87.37000274658203,87.27999877929688,87.30999755859375,72.37065887451172,3625600
2020-05-06,87.23999786376953,87.27999877929688,86.86000061035156,86.91999816894531,72.04739379882812,5006600
2020-05-07,87.18000030517578,87.23999786376953,86.97000122070312,87.19999694824219,72.27949523925781,3425600
2020-05-08,87.12999725341797,87.16999816894531,86.9000015258789,86.94999694824219,72.07223510742188,3078900
2020-05-11,86.93000030517578,86.97000122070312,86.62999725341797,86.68000030517578,71.84844207763672,4344300
2020-05-12,86.87000274658203,87.06999969482422,86.77999877929688,86.95999908447266,72.08053588867188,3942700
2020-05-13,87.13999938964844,87.19000244140625,87.01000213623047,87.05999755859375,72.16339874267578,2628900
2020-05-14,87.2300033569336,87.30000305175781,87.18000030517578,87.30000305175781,72.36236572265625,2844700
2020-05-15,87.51000213623047,87.51000213623047,87.27999877929688,87.3499984741211,72.40381622314453,2871300
2020-05-18,87.38999938964844,87.38999938964844,87.06999969482422,87.19000244140625,72.27120208740234,3573700
2020-05-19,87.2699966430664,87.30999755859375,87.16000366210938,87.30000305175781,72.36236572265625,3083000
2020-05-20,87.37000274658203,87.56999969482422,87.2699966430664,87.52999877929688,72.5530014038086,4388600
2020-05-21,87.5999984741211,87.69000244140625,87.55999755859375,87.62000274658203,72.62764739990234,5762200
2020-05-22,87.68000030517578,87.68000030517578,87.61000061035156,87.6500015258789,72.65247344970703,3710300
2020-05-26,87.66000366210938,87.66000366210938,87.52999877929688,87.5999984741211,72.6110610961914,5193900
2020-05-27,87.75,87.77999877929688,87.56999969482422,87.63999938964844,72.6441421508789,7606400
2020-05-28,87.55000305175781,87.66999816894531,87.5,87.66999816894531,72.66905212402344,7381900
2020-05-29,87.72000122070312,87.94000244140625,87.62999725341797,87.91999816894531,72.87626647949219,6196500
2020-06-01,87.58999633789062,87.68000030517578,87.55000305175781,87.68000030517578,72.81729888916016,4345600
2020-06-02,87.66999816894531,87.75,87.62999725341797,87.75,72.87547302246094,5445500
2020-06-03,87.62999725341797,87.68000030517578,87.45999908447266,87.55000305175781,72.70933532714844,5036400
2020-06-04,87.61000061035156,87.63999938964844,87.30000305175781,87.33999633789062,72.5349349975586,6341700
2020-06-05,87.19999694824219,87.33000183105469,87.02999877929688,87.33000183105469,72.52667236328125,6465600
2020-06-08,87.27999877929688,87.48999786376953,87.22000122070312,87.41999816894531,72.60140228271484,4491000
2020-06-09,87.58999633789062,87.62000274658203,87.4800033569336,87.4800033569336,72.65123748779297,5445200
2020-06-10,87.63999938964844,87.8499984741211,87.5,87.8499984741211,72.95853424072266,3951600
2020-06-11,87.94000244140625,87.94000244140625,87.68000030517578,87.69000244140625,72.82565307617188,5026500
2020-06-12,87.83000183105469,87.91000366210938,87.69000244140625,87.77999877929688,72.90039825439453,4087300
2020-06-15,87.86000061035156,88.05999755859375,87.79000091552734,87.95999908447266,73.0499038696289,4486100
2020-06-16,88.08999633789062,88.08999633789062,87.77999877929688,87.8499984741211,72.95853424072266,9338500
2020-06-17,87.93000030517578,87.94000244140625,87.70999908447266,87.87000274658203,72.9751205444336,3900300
2020-06-18,87.94000244140625,88.0,87.87999725341797,87.97000122070312,73.05815887451172,2988600
2020-06-19,87.94000244140625,88.0199966430664,87.94000244140625,88.0,73.08306121826172,2606400
2020-06-22,88.12000274658203,88.16000366210938,87.94999694824219,87.97000122070312,73.05815887451172,3048400
2020-06-23,88.01000213623047,88.0199966430664,87.91000366210938,87.93000030517578,73.02494812011719,3037100
2020-06-24,87.91000366210938,88.0,87.8499984741211,87.94000244140625,73.03324890136719,3256700
2020-06-25,88.12999725341797,88.13999938964844,88.0,88.02999877929688,73.10798645019531,4318400
2020-06-26,88.16999816894531,88.20999908447266,88.05000305175781,88.19000244140625,73.2408676147461,2911700
2020-06-29,88.22000122070312,88.26000213623047,88.12999725341797,88.25,73.29073333740234,3047300
2020-06-30,88.3499984741211,88.36000061035156,88.16999816894531,88.33999633789062,73.3654556274414,5405900
2020-07-01,88.13999938964844,88.19999694824219,88.0,88.19999694824219,73.38373565673828,3569200
2020-07-02,88.2300033569336,88.33999633789062,88.16999816894531,88.33999633789062,73.500244140625,4007000
2020-07-06,88.25,88.33000183105469,88.18000030517578,88.30999755859375,73.47528839111328,4026800
2020-07-07,88.37000274658203,88.44999694824219,88.29000091552734,88.44999694824219,73.59173583984375,3300800
2020-07-08,88.4800033569336,88.48999786376953,88.3499984741211,88.4000015258789,73.5501480102539,2908100
2020-07-09,88.44999694824219,88.69000244140625,88.43000030517578,88.63999938964844,73.74980163574219,3189700
2020-07-10,88.75,88.75,88.5199966430664,88.54000091552734,73.66666412353516,2960500
2020-07-13,88.52999877929688,88.5999984741211,88.48999786376953,88.58000183105469,73.69989776611328,3115800
2020-07-14,88.66999816894531,88.73999786376953,88.63999938964844,88.69000244140625,73.79144287109375,3067300
2020-07-15,88.72000122070312,88.7699966430664,88.62999725341797,88.69999694824219,73.79974365234375,3349900
2020-07-16,88.81999969482422,88.86000061035156,88.76000213623047,88.76000213623047,73.84968566894531,2856100
2020-07-17,88.91000366210938,88.93000030517578,88.7699966430664,88.8499984741211,73.92454528808594,2430300
2020-07-20,89.0,89.0,88.87999725341797,88.94000244140625,73.99942779541016,2771000
2020-07-21,89.01000213623047,89.04000091552734,88.97000122070312,88.98999786376953,74.04104614257812,3044700
2020-07-22,89.12000274658203,89.13999938964844,89.05000305175781,89.11000061035156,74.14088439941406,5609100
2020-07-23,89.23999786376953,89.23999786376953,89.1500015258789,89.19000244140625,74.20745849609375,4394900
2020-07-24,89.16000366210938,89.2300033569336,89.08999633789062,89.16999816894531,74.1908187866211,2980400
2020-07-27,89.2699966430664,89.27999877929688,89.0,89.11000061035156,74.14088439941406,5146900
2020-07-28,89.20999908447266,89.23999786376953,89.08000183105469,89.1500015258789,74.17415618896484,5547800
2020-07-29,89.19999694824219,89.29000091552734,89.16000366210938,89.29000091552734,74.29065704345703,3136200
2020-07-30,89.31999969482422,89.37000274658203,89.30000305175781,89.33999633789062,74.3322525024414,2621100
2020-07-31,89.3499984741211,89.47000122070312,89.2699966430664,89.45999908447266,74.43209075927734,5110000
2020-08-03,89.31999969482422,89.33000183105469,89.16999816894531,89.2699966430664,74.40625,6270000
2020-08-04,89.37000274658203,89.45999908447266,89.3499984741211,89.45999908447266,74.56461334228516,5325100
2020-08-05,89.37000274658203,89.38999938964844,89.27999877929688,89.33999633789062,74.46459197998047,4931500
2020-08-06,89.4800033569336,89.58000183105469,89.44000244140625,89.4800033569336,74.58128356933594,3933400
2020-08-07,89.55000305175781,89.58999633789062,89.3499984741211,89.37999725341797,74.49791717529297,3764400
2020-08-10,89.4800033569336,89.5,89.2699966430664,89.27999877929688,74.41459655761719,3708400
2020-08-11,89.0999984741211,89.0999984741211,88.87999725341797,88.97000122070312,74.15618896484375,8125700
2020-08-12,88.8499984741211,88.8499984741211,88.70999908447266,88.73999786376953,73.96448516845703,4530800
2020-08-13,88.7699966430664,88.7699966430664,88.36000061035156,88.44999694824219,73.7228012084961,3969800
2020-08-14,88.5,88.54000091552734,88.33000183105469,88.3499984741211,73.63944244384766,3454400
2020-08-17,88.44000244140625,88.55000305175781,88.38999938964844,88.45999908447266,73.73111724853516,3995400
2020-08-18,88.56999969482422,88.62999725341797,88.51000213623047,88.58000183105469,73.83113098144531,6371100
2020-08-19,88.69999694824219,88.69999694824219,88.4000015258789,88.43000030517578,73.70612335205078,4628100
2020-08-20,88.66000366210938,88.68000030517578,88.56999969482422,88.58000183105469,73.83113098144531,4623400
2020-08-21,88.68000030517578,88.7699966430664,88.58000183105469,88.7699966430664,73.989501953125,3642100
2020-08-24,88.75,88.79000091552734,88.63999938964844,88.66999816894531,73.9061508178711,2960400
2020-08-25,88.5199966430664,88.55999755859375,88.33999633789062,88.5,73.76445770263672,4830800
2020-08-26,88.47000122070312,88.51000213623047,88.3499984741211,88.44999694824219,73.7228012084961,4853800
2020-08-27,88.62000274658203,88.62000274658203,88.12000274658203,88.12999725341797,73.4560546875,5125700
2020-08-28,88.23999786376953,88.29000091552734,88.12000274658203,88.19999694824219,73.51441955566406,4281200
2020-08-31,88.30000305175781,88.54000091552734,88.26000213623047,88.45999908447266,73.73111724853516,16000300
2020-09-01,88.25,88.56999969482422,88.18000030517578,88.55000305175781,73.93400573730469,7201700
2020-09-02,88.54000091552734,88.7699966430664,88.52999877929688,88.73999786376953,74.09264373779297,5054900
2020-09-03,88.80999755859375,88.88999938964844,88.70999908447266,88.75,74.10101318359375,7543900
2020-09-04,88.62000274658203,88.63999938964844,88.2300033569336,88.2300033569336,73.66683197021484,6588300
2020-09-08,88.41999816894531,88.48999786376953,88.31999969482422,88.36000061035156,73.77537536621094,4440300
2020-09-09,88.4000015258789,88.44999694824219,88.23999786376953,88.30000305175781,73.72529602050781,6048200
2020-09-10,88.2300033569336,88.36000061035156,88.16999816894531,88.31999969482422,73.7419662475586,5331800
2020-09-11,88.43000030517578,88.45999908447266,88.3499984741211,88.41000366210938,73.81710815429688,5301400
2020-09-14,88.48999786376953,88.52999877929688,88.4000015258789,88.41000366210938,73.81710815429688,4256400
2020-09-15,88.45999908447266,88.48999786376953,88.4000015258789,88.45999908447266,73.85885620117188,3746900
2020-09-16,88.58000183105469,88.5999984741211,88.33999633789062,88.44000244140625,73.8421859741211,4851800
2020-09-17,88.5999984741211,88.61000061035156,88.41999816894531,88.44000244140625,73.8421859741211,2815400
2020-09-18,88.5199966430664,88.5199966430664,88.33000183105469,88.33999633789062,73.75868225097656,2938800
2020-09-21,88.48999786376953,88.5,88.37999725341797,88.38999938964844,73.80042266845703,4981500
2020-09-22,88.4000015258789,88.47000122070312,88.3499984741211,88.41999816894531,73.82546997070312,4442200
2020-09-23,88.41000366210938,88.44000244140625,88.22000122070312,88.22000122070312,73.658447265625,4659600
2020-09-24,88.31999969482422,88.33000183105469,88.19000244140625,88.2300033569336,73.66683197021484,4225900
2020-09-25,88.30000305175781,88.30000305175781,88.19000244140625,88.22000122070312,73.658447265625,5602600
2020-09-28,88.2699966430664,88.30999755859375,88.2300033569336,88.30000305175781,73.72529602050781,4215100
2020-09-29,88.38999938964844,88.44000244140625,88.33000183105469,88.36000061035156,73.77537536621094,7929700
2020-09-30,88.27999877929688,88.30000305175781,88.12999725341797,88.22000122070312,73.658447265625,6113600
2020-10-01,87.98999786376953,88.19000244140625,87.97000122070312,88.16000366210938,73.73375701904297,4485900
2020-10-02,88.20999908447266,88.20999908447266,87.9800033569336,88.0999984741211,73.68352508544922,5557100
2020-10-05,87.9800033569336,87.9800033569336,87.7699966430664,87.7699966430664,73.40756225585938,6298400
2020-10-06,87.86000061035156,88.04000091552734,87.73999786376953,87.88999938964844,73.50792694091797,5705900
2020-10-07,87.81999969482422,87.9000015258789,87.72000122070312,87.7699966430664,73.40756225585938,3494600
2020-10-08,87.88999938964844,87.94999694824219,87.8499984741211,87.91999816894531,73.53300476074219,5661600
2020-10-09,87.83000183105469,87.94000244140625,87.76000213623047,87.94000244140625,73.54977416992188,4105000
2020-10-12,87.98999786376953,88.0999984741211,87.95999908447266,88.06999969482422,73.65846252441406,3383500
2020-10-13,88.12000274658203,88.19999694824219,88.08999633789062,88.13999938964844,73.71699523925781,4121100
2020-10-14,88.16999816894531,88.2300033569336,88.12000274658203,88.19000244140625,73.75884246826172,6966400
2020-10-15,88.19000244140625,88.23999786376953,88.0999984741211,88.13999938964844,73.71699523925781,3877900
2020-10-16,88.16000366210938,88.20999908447266,88.04000091552734,88.06999969482422,73.65846252441406,3424500
2020-10-19,88.01000213623047,88.02999877929688,87.91999816894531,87.98999786376953,73.5915756225586,5206600
2020-10-20,87.93000030517578,87.93000030517578,87.80999755859375,87.83999633789062,73.46614074707031,4652700
2020-10-21,87.80000305175781,87.83999633789062,87.72000122070312,87.73999786376953,73.38247680664062,4115700
2020-10-22,87.7300033569336,87.73999786376953,87.56999969482422,87.58999633789062,73.25700378417969,5036700
2020-10-23,87.58000183105469,87.75,87.56999969482422,87.69999694824219,73.34900665283203,3237300
2020-10-26,87.80999755859375,87.91000366210938,87.80000305175781,87.83000183105469,73.45775604248047,4177000
2020-10-27,87.97000122070312,88.05999755859375,87.9000015258789,88.04000091552734,73.63338470458984,3293100
2020-10-28,88.08999633789062,88.08999633789062,87.88999938964844,87.91999816894531,73.53300476074219,4766400
2020-10-29,87.91999816894531,87.94000244140625,87.63999938964844,87.7300033569336,73.37411499023438,4200700
2020-10-30,87.68000030517578,87.76000213623047,87.5,87.58000183105469,73.24864959716797,9731400
2020-11-02,87.55999755859375,87.62999725341797,87.5199966430664,87.55000305175781,73.35002899169922,4021200
2020-11-03,87.5199966430664,87.54000091552734,87.41999816894531,87.52999877929688,73.33328247070312,3985400
2020-11-04,88.06999969482422,88.19000244140625,88.0,88.12999725341797,73.83594512939453,5667400
2020-11-05,88.27999877929688,88.29000091552734,88.11000061035156,88.22000122070312,73.9113540649414,4128700
2020-11-06,88.01000213623047,88.06999969482422,87.91999816894531,88.0199966430664,73.74382781982422,3844500
2020-11-09,87.73999786376953,87.76000213623047,87.44000244140625,87.61000061035156,73.40031433105469,5712700
2020-11-10,87.43000030517578,87.55000305175781,87.38999938964844,87.44000244140625,73.25789642333984,5169600
2020-11-11,87.44000244140625,87.51000213623047,87.37999725341797,87.5,73.30813598632812,3365700
2020-11-12,87.6500015258789,87.79000091552734,87.5999984741211,87.79000091552734,73.55110931396484,4178500
2020-11-13,87.83000183105469,87.87999725341797,87.79000091552734,87.81999969482422,73.57621765136719,3199500
2020-11-16,87.81999969482422,87.87999725341797,87.79000091552734,87.87000274658203,73.61813354492188,4059400
2020-11-17,87.95999908447266,88.05000305175781,87.91999816894531,88.0199966430664,73.74382781982422,5537500
2020-11-18,88.12000274658203,88.12999725341797,88.05000305175781,88.12000274658203,73.82758331298828,6089500
2020-11-19,88.20999908447266,88.33999633789062,88.16999816894531,88.30000305175781,73.97840118408203,6207000
2020-11-20,88.31999969482422,88.41000366210938,88.25,88.37999725341797,74.0454330444336,6611300
2020-11-23,88.36000061035156,88.37000274658203,88.2699966430664,88.30999755859375,73.98676300048828,3506600
2020-11-24,88.30000305175781,88.31999969482422,88.19999694824219,88.22000122070312,73.9113540649414,4678800
2020-11-25,88.2699966430664,88.30999755859375,88.16999816894531,88.18000030517578,73.87786102294922,5282000
2020-11-27,88.29000091552734,88.37999725341797,88.27999877929688,88.37000274658203,74.03704833984375,2226300
2020-11-30,88.37000274658203,88.5,88.3499984741211,88.48999786376953,74.13761138916016,4729900
2020-12-01,88.26000213623047,88.2699966430664,88.0,88.08000183105469,73.91352081298828,7331400
2020-12-02,88.0199966430664,88.19000244140625,87.81999969482422,87.93000030517578,73.7876205444336,4631300
2020-12-03,88.12999725341797,88.19000244140625,88.0,88.0999984741211,73.9302749633789,3685300
2020-12-04,88.0,88.0199966430664,87.80999755859375,87.87000274658203,73.73729705810547,4880200
2020-12-07,87.9800033569336,88.06999969482422,87.95999908447266,87.98999786376953,73.83799743652344,4734800
2020-12-08,88.1500015258789,88.16000366210938,88.01000213623047,88.0199966430664,73.8631591796875,3737300
2020-12-09,87.88999938964844,87.91999816894531,87.80999755859375,87.87000274658203,73.73729705810547,5163900
2020-12-10,87.95999908447266,88.0999984741211,87.91999816894531,88.05000305175781,73.88835906982422,4731400
2020-12-11,88.16000366210938,88.2300033569336,88.12000274658203,88.19000244140625,74.00582885742188,5317100
2020-12-14,88.11000061035156,88.19000244140625,88.01000213623047,88.16000366210938,73.98065948486328,5176800
2020-12-15,88.11000061035156,88.20999908447266,88.0999984741211,88.19999694824219,74.01419830322266,6539900
2020-12-16,88.08999633789062,88.19000244140625,87.98999786376953,88.11000061035156,73.93865966796875,4186700
2020-12-17,88.2300033569336,88.30000305175781,88.04000091552734,88.12999725341797,73.95547485351562,4963600
2020-12-18,88.19000244140625,88.23999786376953,88.05999755859375,88.0999984741211,73.9302749633789,3472700
2020-12-21,88.19000244140625,88.22000122070312,88.05999755859375,88.11000061035156,73.93865966796875,5364200
2020-12-22,88.1500015258789,88.26000213623047,88.08999633789062,88.25,74.05616760253906,4697300
2020-12-23,87.86000061035156,87.87000274658203,87.69999694824219,87.86000061035156,73.97282409667969,5643700
2020-12-24,87.98999786376953,88.02999877929688,87.93000030517578,88.01000213623047,74.09909057617188,1980900
2020-12-28,87.94000244140625,88.02999877929688,87.87000274658203,87.9800033569336,74.07386779785156,4706500
2020-12-29,87.94999694824219,88.05000305175781,87.91000366210938,88.01000213623047,74.09909057617188,4884800
2020-12-30,88.02999877929688,88.08000183105469,87.9800033569336,88.06999969482422,74.14962005615234,3609800
2020-12-31,88.11000061035156,88.20999908447266,88.08999633789062,88.19000244140625,74.25067901611328,6134900
2021-01-04,88.04000091552734,88.0999984741211,87.9800033569336,88.06999969482422,74.14962005615234,7568400
2021-01-05,88.0199966430664,88.04000091552734,87.81999969482422,87.91999816894531,74.02332305908203,6452700
2021-01-06,87.61000061035156,87.61000061035156,87.33999633789062,87.52999877929688,73.69497680664062,5933700
2021-01-07,87.36000061035156,87.41999816894531,87.33000183105469,87.3499984741211,73.54341125488281,6196100
2021-01-08,87.38999938964844,87.38999938964844,87.16999816894531,87.2699966430664,73.47606658935547,7688800
2021-01-11,87.25,87.25,87.0999984741211,87.18000030517578,73.40029907226562,5404300
2021-01-12,87.08999633789062,87.16000366210938,86.94000244140625,87.16000366210938,73.38346862792969,6078800
2021-01-13,87.2699966430664,87.51000213623047,87.22000122070312,87.38999938964844,73.57713317871094,7357100
2021-01-14,87.4000015258789,87.5,87.20999908447266,87.27999877929688,73.4844741821289,7191900
2021-01-15,87.33999633789062,87.43000030517578,87.27999877929688,87.3499984741211,73.54341125488281,4083600
2021-01-19,87.37000274658203,87.4800033569336,87.30000305175781,87.47000122070312,73.64444732666016,7636500
2021-01-20,87.41999816894531,87.5,87.4000015258789,87.45999908447266,73.63604736328125,5889500
2021-01-21,87.33000183105469,87.4000015258789,87.2699966430664,87.33999633789062,73.53501892089844,7890800
2021-01-22,87.41000366210938,87.41999816894531,87.30999755859375,87.37999725341797,73.56866455078125,4439800
2021-01-25,87.48999786376953,87.58999633789062,87.44999694824219,87.58000183105469,73.73707580566406,5126900
2021-01-26,87.54000091552734,87.62000274658203,87.5,87.56999969482422,73.72865295410156,4608700
2021-01-27,87.62999725341797,87.69999694824219,87.55999755859375,87.56999969482422,73.72865295410156,4248500
2021-01-28,87.55999755859375,87.56999969482422,87.41000366210938,87.5,73.66972351074219,4359300
2021-01-29,87.29000091552734,87.4800033569336,87.29000091552734,87.43000030517578,73.61079406738281,6088400
2021-02-01,87.23999786376953,87.37000274658203,87.2300033569336,87.31999969482422,73.63521575927734,5774700
2021-02-02,87.20999908447266,87.23999786376953,87.16999816894531,87.20999908447266,73.54251098632812,4554500
2021-02-03,87.1500015258789,87.16999816894531,87.05999755859375,87.05999755859375,73.41600036621094,4271700
2021-02-04,87.05000305175781,87.11000061035156,86.94000244140625,87.08000183105469,73.4328384399414,4652200
2021-02-05,87.08000183105469,87.12999725341797,86.94999694824219,86.95999908447266,73.33161926269531,4401300
2021-02-08,86.97000122070312,87.12000274658203,86.94000244140625,87.05999755859375,73.41600036621094,5571500
2021-02-09,87.05999755859375,87.13999938964844,87.01000213623047,87.0199966430664,73.38227081298828,4474000
2021-02-10,87.12000274658203,87.16000366210938,87.06999969482422,87.16000366210938,73.50032806396484,3735500
2021-02-11,87.16000366210938,87.19000244140625,87.0199966430664,87.06999969482422,73.42440032958984,4578200
2021-02-12,86.93000030517578,86.97000122070312,86.80999755859375,86.83999633789062,73.23043823242188,4825400
2021-02-16,86.56999969482422,86.58999633789062,86.41000366210938,86.43000030517578,72.88471221923828,6702200
2021-02-17,86.58000183105469,86.62000274658203,86.48999786376953,86.61000061035156,73.03651428222656,5217000
2021-02-18,86.4800033569336,86.5999984741211,86.41999816894531,86.55999755859375,72.99433898925781,4607000
2021-02-19,86.43000030517578,86.44999694824219,86.19999694824219,86.26000213623047,72.74136352539062,4011100
2021-02-22,86.19000244140625,86.29000091552734,86.0,86.0199966430664,72.53895568847656,4809400
2021-02-23,85.87000274658203,86.05000305175781,85.81999969482422,86.0,72.52212524414062,6475900
2021-02-24,85.68000030517578,85.98999786376953,85.62000274658203,85.94999694824219,72.47994995117188,5164600
2021-02-25,85.5999984741211,85.66000366210938,84.91999816894531,85.19999694824219,71.84748077392578,9956100
2021-02-26,85.56999969482422,85.94000244140625,85.30000305175781,85.94000244140625,72.47154235839844,8580200
2021-03-01,85.61000061035156,85.75,85.52999877929688,85.69999694824219,72.37774658203125,7152000
2021-03-02,85.6500015258789,85.70999908447266,85.5999984741211,85.69000244140625,72.36930084228516,5338800
2021-03-03,85.47000122070312,85.5199966430664,85.33000183105469,85.41999816894531,72.14129638671875,6022500
2021-03-04,85.44999694824219,85.4800033569336,85.05000305175781,85.1500015258789,71.91327667236328,9701800
2021-03-05,85.0,85.12999725341797,84.91999816894531,85.0999984741211,71.87105560302734,6871000
2021-03-08,84.95999908447266,85.0,84.70999908447266,84.70999908447266,71.54166412353516,5806700
2021-03-09,84.93000030517578,85.06999969482422,84.93000030517578,84.98999786376953,71.7780990600586,7671800
2021-03-10,85.06999969482422,85.20999908447266,85.04000091552734,85.1500015258789,71.91327667236328,5286700
2021-03-11,85.13999938964844,85.2300033569336,85.04000091552734,85.16000366210938,71.9217300415039,5510000
2021-03-12,84.73999786376953,84.75,84.58000183105469,84.6500015258789,71.4909896850586,5717100
2021-03-15,84.66000366210938,84.80000305175781,84.66000366210938,84.75,71.57542419433594,5012200
2021-03-16,84.80000305175781,84.8499984741211,84.66000366210938,84.73999786376953,71.5669937133789,6159100
2021-03-17,84.5999984741211,84.80000305175781,84.44000244140625,84.70999908447266,71.54166412353516,7370600
2021-03-18,84.30000305175781,84.47000122070312,84.22000122070312,84.36000061035156,71.24604797363281,4905200
2021-03-19,84.80000305175781,84.87000274658203,84.30000305175781,84.43000030517578,71.30519104003906,4969200
2021-03-22,84.62999725341797,84.70999908447266,84.55000305175781,84.66999816894531,71.50788879394531,4748300
2021-03-23,84.87000274658203,84.87999725341797,84.68000030517578,84.86000061035156,71.66831970214844,5148600
2021-03-24,84.76000213623047,85.0,84.73999786376953,84.98999786376953,71.7780990600586,5148200
2021-03-25,85.02999877929688,85.05999755859375,84.83000183105469,84.93000030517578,71.7275390625,3876300
2021-03-26,84.76000213623047,84.91999816894531,84.7300033569336,84.77999877929688,71.60077667236328,3376200
2021-03-29,84.80000305175781,84.83000183105469,84.58000183105469,84.66999816894531,71.50788879394531,3775500
2021-03-30,84.56999969482422,84.7699966430664,84.51000213623047,84.76000213623047,71.5838623046875,4769200
2021-03-31,84.76000213623047,84.8499984741211,84.62999725341797,84.72000122070312,71.55010223388672,6949300
2021-04-01,84.77999877929688,84.83999633789062,84.66999816894531,84.80000305175781,71.78034973144531,4780200
2021-04-05,84.62000274658203,84.70999908447266,84.55000305175781,84.66999816894531,71.6703109741211,8200600
2021-04-06,84.77999877929688,84.98999786376953,84.76000213623047,84.97000122070312,71.92424011230469,5400600
2021-04-07,84.9000015258789,85.0199966430664,84.8499984741211,84.87000274658203,71.83958435058594,5480200
2021-04-08,84.97000122070312,85.06999969482422,84.94999694824219,85.05999755859375,72.00042724609375,3872300
2021-04-09,84.97000122070312,85.06999969482422,84.8499984741211,84.94999694824219,71.90731048583984,9748500
2021-04-12,84.93000030517578,84.93000030517578,84.8499984741211,84.93000030517578,71.89043426513672,3995700
2021-04-13,84.88999938964844,85.1500015258789,84.88999938964844,85.1500015258789,72.0766372680664,4097500
2021-04-14,85.05999755859375,85.12999725341797,85.01000213623047,85.08999633789062,72.02583312988281,4592300
2021-04-15,85.33000183105469,85.55999755859375,85.2699966430664,85.44999694824219,72.33055114746094,5395000
2021-04-16,85.22000122070312,85.30999755859375,85.05999755859375,85.22000122070312,72.1358642578125,6199700
2021-04-19,85.11000061035156,85.19000244140625,85.05999755859375,85.16999816894531,72.09356689453125,6165300
2021-04-20,85.1500015258789,85.36000061035156,85.13999938964844,85.30999755859375,72.2120361328125,6383700
2021-04-21,85.27999877929688,85.4000015258789,85.23999786376953,85.4000015258789,72.2882308959961,4508300
2021-04-22,85.41000366210938,85.45999908447266,85.29000091552734,85.44000244140625,72.32206726074219,4007800
2021-04-23,85.4800033569336,85.5,85.3499984741211,85.44999694824219,72.33055114746094,6435700
2021-04-26,85.45999908447266,85.48999786376953,85.37000274658203,85.38999938964844,72.2797622680664,3797400
2021-04-27,85.37000274658203,85.37000274658203,85.1500015258789,85.16999816894531,72.09356689453125,4450300
2021-04-28,85.19999694824219,85.2300033569336,85.02999877929688,85.20999908447266,72.1274185180664,5479200
2021-04-29,85.05999755859375,85.13999938964844,84.94999694824219,85.13999938964844,72.06815338134766,6247600
2021-04-30,85.22000122070312,85.26000213623047,85.11000061035156,85.26000213623047,72.16970825195312,6867600
2021-05-03,85.12000274658203,85.30999755859375,85.11000061035156,85.1500015258789,72.18751525878906,4601200
2021-05-04,85.23999786376953,85.38999938964844,85.20999908447266,85.26000213623047,72.28077697753906,5520300
2021-05-05,85.20999908447266,85.33999633789062,85.16999816894531,85.30999755859375,72.32317352294922,5950300
2021-05-06,85.25,85.4000015258789,85.23999786376953,85.3499984741211,72.3570556640625,4143600
2021-05-07,85.4800033569336,85.5999984741211,85.30000305175781,85.36000061035156,72.36558532714844,4886300
2021-05-10,85.37000274658203,85.38999938964844,85.13999938964844,85.16000366210938,72.19602966308594,6211800
2021-05-11,85.0199966430664,85.04000091552734,84.94000244140625,84.98999786376953,72.0518569946289,6630800
2021-05-12,84.8499984741211,84.8499984741211,84.66000366210938,84.69000244140625,71.79755401611328,7011700
2021-05-13,84.68000030517578,84.9000015258789,84.68000030517578,84.86000061035156,71.94165802001953,6991000
2021-05-14,84.9800033569336,85.05999755859375,84.91999816894531,85.05999755859375,72.11125183105469,6262100
2021-05-17,85.04000091552734,85.04000091552734,84.94999694824219,84.9800033569336,72.04340362548828,4753000
2021-05-18,84.91000366210938,84.93000030517578,84.8499984741211,84.88999938964844,71.96708679199219,4631000
2021-05-19,84.91000366210938,85.0,84.69999694824219,84.80000305175781,71.89083099365234,6511300
2021-05-20,84.88999938964844,85.08999633789062,84.88999938964844,85.08000183105469,72.12818145751953,5283900
2021-05-21,85.12000274658203,85.1500015258789,85.02999877929688,85.0999984741211,72.14512634277344,5050800
2021-05-24,85.1500015258789,85.23999786376953,85.13999938964844,85.19999694824219,72.22991180419922,6954500
2021-05-25,85.25,85.41999816894531,85.23999786376953,85.41999816894531,72.41644287109375,5235500
2021-05-26,85.37000274658203,85.45999908447266,85.31999969482422,85.38999938964844,72.39099884033203,4834400
2021-05-27,85.31999969482422,85.33999633789062,85.19999694824219,85.2699966430664,72.28927612304688,5215200
2021-05-28,85.2699966430664,85.38999938964844,85.25,85.26000213623047,72.28077697753906,5258500
2021-06-01,85.06999969482422,85.13999938964844,84.9800033569336,85.12000274658203,72.27568054199219,5398000
2021-06-02,85.11000061035156,85.2300033569336,85.08999633789062,85.20999908447266,72.35213470458984,5479900
2021-06-03,85.12999725341797,85.12999725341797,85.02999877929688,85.05000305175781,72.21623992919922,4829000
2021-06-04,85.16000366210938,85.38999938964844,85.13999938964844,85.38999938964844,72.50492858886719,19321400
2021-06-07,85.33000183105469,85.36000061035156,85.29000091552734,85.33000183105469,72.45399475097656,10706500
2021-06-08,85.48999786376953,85.51000213623047,85.44000244140625,85.48999786376953,72.58985900878906,5099600
2021-06-09,85.69000244140625,85.73999786376953,85.5999984741211,85.66000366210938,72.73420715332031,4810300
2021-06-10,85.54000091552734,85.86000061035156,85.51000213623047,85.83999633789062,72.8870620727539,7400300
2021-06-11,85.81999969482422,85.8499984741211,85.73999786376953,85.81999969482422,72.87007904052734,4194500
2021-06-14,85.76000213623047,85.76000213623047,85.58000183105469,85.5999984741211,72.68323516845703,4438400
2021-06-15,85.55999755859375,85.62999725341797,85.5199966430664,85.5999984741211,72.68323516845703,6173600
2021-06-16,85.68000030517578,85.7300033569336,85.26000213623047,85.36000061035156,72.47948455810547,7302400
2021-06-17,85.5,85.87000274658203,85.4800033569336,85.6500015258789,72.72567749023438,6467500
2021-06-18,85.72000122070312,85.98999786376953,85.62999725341797,85.91999816894531,72.95494842529297,5842800
2021-06-21,85.72000122070312,85.75,85.5999984741211,85.62000274658203,72.70023345947266,7907000
2021-06-22,85.5199966430664,85.75,85.51000213623047,85.73999786376953,72.80211639404297,4082900
2021-06-23,85.69000244140625,85.76000213623047,85.62999725341797,85.68000030517578,72.751220703125,5739900
2021-06-24,85.7300033569336,85.77999877929688,85.69000244140625,85.72000122070312,72.78514862060547,4852100
2021-06-25,85.73999786376953,85.75,85.44999694824219,85.55999755859375,72.64927673339844,6018500
2021-06-28,85.69000244140625,85.83999633789062,85.66999816894531,85.79000091552734,72.8445816040039,5664100
2021-06-29,85.66000366210938,85.83000183105469,85.66000366210938,85.83000183105469,72.87853240966797,10672700
2021-06-30,85.9000015258789,85.9800033569336,85.87000274658203,85.88999938964844,72.92950439453125,4846600
2021-07-01,85.7300033569336,85.77999877929688,85.62999725341797,85.75,72.92269134521484,5768000
2021-07-02,85.76000213623047,85.9000015258789,85.73999786376953,85.9000015258789,73.05025482177734,4315700
2021-07-06,86.0,86.2699966430664,86.0,86.20999908447266,73.31389617919922,5711600
2021-07-07,86.30000305175781,86.44000244140625,86.2300033569336,86.38999938964844,73.46696472167969,5933900
2021-07-08,86.44000244140625,86.56999969482422,86.37999725341797,86.47000122070312,73.53499603271484,6991200
2021-07-09,86.2699966430664,86.2699966430664,86.19999694824219,86.19999694824219,73.30537414550781,10304900
2021-07-12,86.26000213623047,86.29000091552734,86.12000274658203,86.16999816894531,73.27991485595703,9073900
2021-07-13,86.16000366210938,86.2300033569336,85.87000274658203,85.9000015258789,73.05025482177734,8583600
2021-07-14,86.08000183105469,86.20999908447266,86.05999755859375,86.19000244140625,73.29690551757812,5036200
2021-07-15,86.33999633789062,86.41000366210938,86.18000030517578,86.4000015258789,73.47545623779297,3423000
2021-07-16,86.19999694824219,86.37000274658203,86.19000244140625,86.31999969482422,73.40743255615234,5725100
2021-07-19,86.70999908447266,86.88999938964844,86.68000030517578,86.80999755859375,73.82413482666016,6493300
2021-07-20,87.05000305175781,87.08000183105469,86.66999816894531,86.72000122070312,73.74759674072266,6762200
2021-07-21,86.48999786376953,86.54000091552734,86.36000061035156,86.44000244140625,73.50947570800781,6293000
2021-07-22,86.44999694824219,86.69999694824219,86.44999694824219,86.62999725341797,73.67106628417969,4894900
2021-07-23,86.41000366210938,86.55999755859375,86.4000015258789,86.52999877929688,73.58599853515625,8887500
2021-07-26,86.62999725341797,86.62999725341797,86.44999694824219,86.4800033569336,73.5434799194336,5427900
2021-07-27,86.68000030517578,86.72000122070312,86.5999984741211,86.69999694824219,73.73059844970703,4344100
2021-07-28,86.58999633789062,86.77999877929688,86.5,86.77999877929688,73.79862213134766,6636700
2021-07-29,86.5999984741211,86.69000244140625,86.58000183105469,86.62999725341797,73.67106628417969,5201000
2021-07-30,86.69999694824219,86.77999877929688,86.66999816894531,86.76000213623047,73.78162384033203,7557200
2021-08-02,86.68000030517578,86.94000244140625,86.62999725341797,86.83000183105469,73.95706176757812,4660800
2021-08-03,86.83999633789062,86.94000244140625,86.80999755859375,86.8499984741211,73.97411346435547,5297700
2021-08-04,87.01000213623047,87.05000305175781,86.63999938964844,86.8499984741211,73.97411346435547,3916900
2021-08-05,86.7699966430664,86.79000091552734,86.62000274658203,86.6500015258789,73.80374908447266,4613800
2021-08-06,86.31999969482422,86.4000015258789,86.22000122070312,86.23999786376953,73.45455932617188,4329800
2021-08-09,86.31999969482422,86.37000274658203,86.08000183105469,86.08000183105469,73.31827545166016,4541300
2021-08-10,86.12000274658203,86.12000274658203,85.94999694824219,85.94999694824219,73.20748901367188,4312300
2021-08-11,85.97000122070312,86.13999938964844,85.86000061035156,86.01000213623047,73.25862121582031,6494000
2021-08-12,85.9800033569336,86.05000305175781,85.9000015258789,86.0199966430664,73.26715087890625,4946500
2021-08-13,86.12999725341797,86.36000061035156,86.11000061035156,86.36000061035156,73.55679321289062,4329600
2021-08-16,86.47000122070312,86.5999984741211,86.41000366210938,86.44000244140625,73.62489318847656,3918900
2021-08-17,86.37000274658203,86.47000122070312,86.33000183105469,86.3499984741211,73.54823303222656,7168400
2021-08-18,86.33000183105469,86.43000030517578,86.23999786376953,86.33000183105469,73.53120422363281,4561900
2021-08-19,86.48999786376953,86.5199966430664,86.41000366210938,86.5199966430664,73.6930160522461,5345600
2021-08-20,86.54000091552734,86.56999969482422,86.47000122070312,86.5,73.6760025024414,3581200
2021-08-23,86.4800033569336,86.52999877929688,86.43000030517578,86.5199966430664,73.6930160522461,4005500
2021-08-24,86.44999694824219,86.4800033569336,86.3499984741211,86.3499984741211,73.54823303222656,5164800
2021-08-25,86.38999938964844,86.4000015258789,86.13999938964844,86.20999908447266,73.42900848388672,3904900
2021-08-26,86.23999786376953,86.25,86.11000061035156,86.22000122070312,73.43750762939453,4810900
2021-08-27,86.23999786376953,86.47000122070312,86.16999816894531,86.47000122070312,73.65044403076172,4780900
2021-08-30,86.41000366210938,86.56999969482422,86.38999938964844,86.56999969482422,73.73558807373047,4119000
2021-08-31,86.55999755859375,86.61000061035156,86.38999938964844,86.45999908447266,73.64192199707031,4974900
2021-09-01,86.41000366210938,86.41000366210938,86.25,86.33999633789062,73.65470123291016,4792400
2021-09-02,86.41000366210938,86.45999908447266,86.33999633789062,86.45999908447266,73.75709533691406,4885100
2021-09-03,86.26000213623047,86.30000305175781,86.20999908447266,86.27999877929688,73.60350799560547,4059700
2021-09-07,86.08000183105469,86.0999984741211,85.95999908447266,86.02999877929688,73.39026641845703,4839700
2021-09-08,86.12999725341797,86.25,86.08999633789062,86.16999816894531,73.50972747802734,4864600
2021-09-09,86.26000213623047,86.51000213623047,86.19000244140625,86.4800033569336,73.77413177490234,5504600
2021-09-10,86.33999633789062,86.37999725341797,86.11000061035156,86.2699966430664,73.59500122070312,3711400
2021-09-13,86.33999633789062,86.41999816894531,86.33000183105469,86.4000015258789,73.70590209960938,4047300
2021-09-14,86.47000122070312,86.68000030517578,86.44000244140625,86.61000061035156,73.88504028320312,4758300
2021-09-15,86.58999633789062,86.5999984741211,86.43000030517578,86.52999877929688,73.81678771972656,6204400
2021-09-16,86.3499984741211,86.45999908447266,86.30000305175781,86.37000274658203,73.6802978515625,4604000
2021-09-17,86.25,86.27999877929688,86.18000030517578,86.26000213623047,73.58645629882812,6217800
2021-09-20,86.38999938964844,86.52999877929688,86.37999725341797,86.5,73.79122161865234,6195100
2021-09-21,86.51000213623047,86.5199966430664,86.44000244140625,86.4800033569336,73.77413177490234,6962300
2021-09-22,86.4800033569336,86.5999984741211,86.4000015258789,86.56999969482422,73.85089874267578,6006200
2021-09-23,86.3499984741211,86.37000274658203,86.06999969482422,86.11000061035156,73.45850372314453,5222300
2021-09-24,86.01000213623047,86.02999877929688,85.87999725341797,85.93000030517578,73.30496215820312,4170600
2021-09-27,85.80000305175781,85.91999816894531,85.7699966430664,85.83000183105469,73.21963500976562,4858500
2021-09-28,85.56999969482422,85.62999725341797,85.38999938964844,85.45999908447266,72.90399932861328,6253700
2021-09-29,85.58000183105469,85.66999816894531,85.37999725341797,85.47000122070312,72.91255187988281,5123500
2021-09-30,85.44000244140625,85.5,85.37999725341797,85.44999694824219,72.89546203613281,5877700
2021-10-01,85.45999908447266,85.6500015258789,85.43000030517578,85.61000061035156,73.14324951171875,6029900
2021-10-04,85.51000213623047,85.62000274658203,85.44000244140625,85.55000305175781,73.09197998046875,7280000
2021-10-05,85.5,85.5199966430664,85.30999755859375,85.33999633789062,72.91255187988281,4395400
2021-10-06,85.36000061035156,85.41000366210938,85.30999755859375,85.37999725341797,72.94676208496094,7177800
2021-10-07,85.2300033569336,85.25,85.12000274658203,85.13999938964844,72.74169921875,5363500
2021-10-08,85.08000183105469,85.08000183105469,84.87999725341797,84.93000030517578,72.56226348876953,4547100
2021-10-11,84.83000183105469,84.87999725341797,84.77999877929688,84.80000305175781,72.45120239257812,3286600
2021-10-12,84.88999938964844,85.13999938964844,84.88999938964844,85.11000061035156,72.71605682373047,5529600
2021-10-13,85.19999694824219,85.36000061035156,85.19999694824219,85.33999633789062,72.91255187988281,5018100
2021-10-14,85.38999938964844,85.5,85.33000183105469,85.48999786376953,73.04070281982422,4336400
2021-10-15,85.33999633789062,85.33999633789062,85.23999786376953,85.27999877929688,72.86128234863281,5801200
2021-10-18,85.16000366210938,85.29000091552734,85.05999755859375,85.2300033569336,72.81855010986328,5863600
2021-10-19,85.13999938964844,85.13999938964844,84.9800033569336,84.98999786376953,72.61351776123047,3865900
2021-10-20,84.95999908447266,85.05999755859375,84.88999938964844,84.88999938964844,72.52809143066406,5332400
2021-10-21,84.87000274658203,84.88999938964844,84.73999786376953,84.7699966430664,72.42556762695312,6073300
2021-10-22,84.87000274658203,84.9800033569336,84.79000091552734,84.94999694824219,72.5793228149414,6076100
2021-10-25,84.91999816894531,85.05999755859375,84.91000366210938,84.98999786376953,72.61351776123047,4652500
2021-10-26,85.06999969482422,85.16000366210938,84.94000244140625,85.16000366210938,72.75880432128906,5752800
2021-10-27,85.30999755859375,85.58999633789062,85.19999694824219,85.47000122070312,73.02362060546875,7618400
2021-10-28,85.41999816894531,85.51000213623047,85.30000305175781,85.36000061035156,72.92963409423828,6225800
2021-10-29,85.16000366210938,85.44000244140625,85.12999725341797,85.37999725341797,72.94676208496094,8975200
2021-11-01,85.0199966430664,85.19000244140625,84.9800033569336,85.18000030517578,72.89026641845703,5201400
2021-11-02,85.22000122070312,85.38999938964844,85.20999908447266,85.33999633789062,73.02716827392578,4199400
2021-11-03,85.38999938964844,85.41000366210938,85.06999969482422,85.19000244140625,72.8987808227539,5058700
2021-11-04,85.25,85.58000183105469,85.23999786376953,85.58000183105469,73.23252868652344,5564100
2021-11-05,85.62999725341797,85.9000015258789,85.56999969482422,85.83999633789062,73.45500946044922,4595900
2021-11-08,85.72000122070312,85.7300033569336,85.5999984741211,85.6500015258789,73.2924575805664,6517200
2021-11-09,85.91999816894531,86.02999877929688,85.87000274658203,85.88999938964844,73.49784851074219,6027800
2021-11-10,85.75,85.7699966430664,85.19999694824219,85.30999755859375,73.00150299072266,6206400
2021-11-11,85.31999969482422,85.3499984741211,85.1500015258789,85.16999816894531,72.88172149658203,3847100
2021-11-12,85.29000091552734,85.36000061035156,85.11000061035156,85.18000030517578,72.89026641845703,4890900
2021-11-15,85.0999984741211,85.12000274658203,84.81999969482422,84.83000183105469,72.59075164794922,6239500
2021-11-16,84.83000183105469,84.94999694824219,84.73999786376953,84.7699966430664,72.53942108154297,5580700
2021-11-17,84.7300033569336,84.97000122070312,84.70999908447266,84.94999694824219,72.69345092773438,6589200
2021-11-18,84.91999816894531,85.08000183105469,84.9000015258789,85.05000305175781,72.77899932861328,5320700
2021-11-19,85.25,85.33000183105469,85.19000244140625,85.2300033569336,72.93303680419922,5498200
2021-11-22,85.01000213623047,85.05999755859375,84.75,84.80999755859375,72.5736312866211,7497100
2021-11-23,84.69000244140625,84.70999908447266,84.47000122070312,84.47000122070312,72.28268432617188,5779500
2021-11-24,84.4800033569336,84.69000244140625,84.43000030517578,84.66999816894531,72.4538345336914,4757400
2021-11-26,85.08999633789062,85.31999969482422,85.04000091552734,85.2699966430664,72.96726989746094,4402500
2021-11-29,84.98999786376953,85.29000091552734,84.97000122070312,85.26000213623047,72.95870971679688,6133000
2021-11-30,85.48999786376953,85.69999694824219,85.23999786376953,85.41999816894531,73.09564971923828,11234800
2021-12-01,85.16000366210938,85.36000061035156,85.05999755859375,85.33999633789062,73.14276123046875,7737300
2021-12-02,85.41999816894531,85.44999694824219,85.19000244140625,85.3499984741211,73.1513442993164,8831600
2021-12-03,85.26000213623047,85.83000183105469,85.25,85.68000030517578,73.43417358398438,7440900
2021-12-06,85.69000244140625,85.70999908447266,85.41000366210938,85.44999694824219,73.2370376586914,6865000
2021-12-07,85.31999969482422,85.44999694824219,85.25,85.26000213623047,73.07420349121094,5351200
2021-12-08,85.18000030517578,85.19999694824219,84.94999694824219,85.0,72.8513412475586,9064200
2021-12-09,85.08000183105469,85.18000030517578,84.97000122070312,85.04000091552734,72.88565826416016,8096700
2021-12-10,85.16000366210938,85.2699966430664,85.05000305175781,85.06999969482422,72.91136169433594,6869100
2021-12-13,85.25,85.43000030517578,85.2300033569336,85.36000061035156,73.1599349975586,4955300
2021-12-14,85.25,85.30000305175781,85.08000183105469,85.22000122070312,73.0399398803711,5165800
2021-12-15,85.04000091552734,85.20999908447266,84.97000122070312,85.11000061035156,72.94564056396484,6036000
2021-12-16,85.1500015258789,85.31999969482422,85.1500015258789,85.22000122070312,73.0399398803711,6067700
2021-12-17,85.33999633789062,85.4800033569336,85.31999969482422,85.37000274658203,73.16849517822266,4884200
2021-12-20,85.37999725341797,85.43000030517578,85.19999694824219,85.2300033569336,73.0484848022461,7129100
2021-12-21,85.19000244140625,85.19000244140625,84.94999694824219,85.13999938964844,72.97134399414062,6237800
2021-12-22,85.22000122070312,85.2300033569336,85.08999633789062,85.2300033569336,73.0484848022461,5110000
2021-12-23,84.93000030517578,84.93000030517578,84.73999786376953,84.83000183105469,72.93756866455078,4631200
2021-12-27,84.83999633789062,84.93000030517578,84.80999755859375,84.87000274658203,72.97197723388672,5311700
2021-12-28,85.01000213623047,85.0199966430664,84.80999755859375,84.86000061035156,72.96336364746094,5674800
2021-12-29,84.66999816894531,84.72000122070312,84.5199966430664,84.58000183105469,72.72259521484375,7757900
2021-12-30,84.69000244140625,84.79000091552734,84.55999755859375,84.7699966430664,72.88599395751953,6352100
2021-12-31,84.77999877929688,84.91000366210938,84.7300033569336,84.75,72.86878204345703,7162600
2022-01-03,84.44000244140625,84.44000244140625,84.16999816894531,84.18000030517578,72.37870788574219,7244300
2022-01-04,84.0999984741211,84.18000030517578,84.0,84.16999816894531,72.37012481689453,7384500
2022-01-05,84.20999908447266,84.20999908447266,83.86000061035156,83.87999725341797,72.12074279785156,7076500
2022-01-06,83.75,83.81999969482422,83.68000030517578,83.79000091552734,72.04337310791016,6011000
2022-01-07,83.70999908447266,83.72000122070312,83.44000244140625,83.55999755859375,71.84558868408203,6345100
2022-01-10,83.37999725341797,83.5199966430664,83.30999755859375,83.48999786376953,71.78540802001953,5912300
2022-01-11,83.47000122070312,83.68000030517578,83.41000366210938,83.66000366210938,71.9316177368164,6755600
2022-01-12,83.7300033569336,83.79000091552734,83.62000274658203,83.62999725341797,71.90580749511719,6672700
2022-01-13,83.6500015258789,83.79000091552734,83.56999969482422,83.7699966430664,72.02616119384766,5746300
2022-01-14,83.58999633789062,83.5999984741211,83.30000305175781,83.30999755859375,71.63066101074219,6843000
2022-01-18,83.02999877929688,83.08000183105469,82.79000091552734,82.79000091552734,71.18357849121094,7453100
2022-01-19,82.97000122070312,83.12000274658203,82.94000244140625,82.98999786376953,71.35551452636719,8644100
2022-01-20,83.11000061035156,83.13999938964844,83.02999877929688,83.08000183105469,71.43292999267578,4951300
2022-01-21,83.3499984741211,83.4800033569336,83.27999877929688,83.38999938964844,71.69943237304688,5204500
2022-01-24,83.44999694824219,83.5,83.25,83.26000213623047,71.58767700195312,10332200
2022-01-25,83.30000305175781,83.4000015258789,83.13999938964844,83.1500015258789,71.49311828613281,5872700
2022-01-26,83.22000122070312,83.26000213623047,82.69000244140625,82.69000244140625,71.09759521484375,7382500
2022-01-27,82.9000015258789,83.08999633789062,82.88999938964844,82.95999908447266,71.32971954345703,6295600
2022-01-28,82.77999877929688,83.08000183105469,82.7699966430664,83.05999755859375,71.41573333740234,5992500
2022-01-31,82.9000015258789,83.08000183105469,82.87000274658203,83.0,71.36412811279297,8033400
2022-02-01,82.88999938964844,82.91000366210938,82.69000244140625,82.83000183105469,71.33570098876953,5013300
2022-02-02,82.94999694824219,83.13999938964844,82.91000366210938,82.94999694824219,71.43902587890625,7248800
2022-02-03,82.61000061035156,82.68000030517578,82.51000213623047,82.5999984741211,71.13763427734375,6156500
2022-02-04,82.19999694824219,82.22000122070312,82.01000213623047,82.08999633789062,70.69839477539062,7746000
2022-02-07,82.08999633789062,82.22000122070312,82.0199966430664,82.16000366210938,70.7586898803711,6252200
2022-02-08,81.9800033569336,82.01000213623047,81.88999938964844,81.88999938964844,70.52616119384766,6727000
2022-02-09,82.02999877929688,82.13999938964844,81.94000244140625,81.94999694824219,70.57781982421875,5862000
2022-02-10,81.62999725341797,81.69000244140625,81.19999694824219,81.19999694824219,69.93192291259766,8869700
2022-02-11,81.44999694824219,81.79000091552734,81.1500015258789,81.7300033569336,70.38835144042969,11100900
2022-02-14,81.37999725341797,81.45999908447266,81.18000030517578,81.2699966430664,69.99219512939453,6301600
2022-02-15,81.16999816894531,81.27999877929688,81.08000183105469,81.0999984741211,69.84577178955078,6731200
2022-02-16,81.23999786376953,81.26000213623047,80.95999908447266,81.20999908447266,69.9405288696289,7142400
2022-02-17,81.30000305175781,81.48999786376953,81.25,81.38999938964844,70.09553527832031,6833600
2022-02-18,81.5,81.55000305175781,81.41000366210938,81.52999877929688,70.21607971191406,4744400
2022-02-22,81.38999938964844,81.4800033569336,81.30000305175781,81.4800033569336,70.17303466796875,7058800
2022-02-23,81.30000305175781,81.31999969482422,81.06999969482422,81.06999969482422,69.81995391845703,7938900
2022-02-24,81.38999938964844,81.4800033569336,81.1500015258789,81.25,69.9749984741211,8883500
2022-02-25,81.19999694824219,81.33000183105469,81.13999938964844,81.31999969482422,70.0352554321289,5923200
2022-02-28,81.66000366210938,81.94999694824219,81.63999938964844,81.91999816894531,70.5519790649414,6494400
2022-03-01,82.04000091552734,82.48999786376953,82.02999877929688,82.22000122070312,70.92202758789062,9319000
2022-03-02,81.86000061035156,81.91000366210938,81.20999908447266,81.20999908447266,70.05084228515625,6491500
2022-03-03,81.47000122070312,81.62999725341797,81.3499984741211,81.56999969482422,70.36135864257812,10349100
2022-03-04,81.88999938964844,82.0199966430664,81.7699966430664,81.86000061035156,70.61148071289062,8042600
2022-03-07,81.52999877929688,81.7300033569336,81.37999725341797,81.45999908447266,70.2664794921875,6425400
2022-03-08,81.05000305175781,81.12999725341797,80.97000122070312,81.08000183105469,69.9386978149414,8565900
2022-03-09,80.9000015258789,81.0,80.79000091552734,80.86000061035156,69.74891662597656,5761500
2022-03-10,80.58000183105469,80.61000061035156,80.29000091552734,80.43000030517578,69.37799072265625,8261200
2022-03-11,80.4000015258789,80.48999786376953,80.33000183105469,80.37000274658203,69.32624053955078,7883400
2022-03-14,79.93000030517578,79.94000244140625,79.61000061035156,79.62999725341797,68.68791961669922,15449700
2022-03-15,79.94000244140625,80.01000213623047,79.66000366210938,79.76000213623047,68.80005645751953,6265000
2022-03-16,79.7699966430664,79.87999725341797,79.36000061035156,79.87999725341797,68.903564453125,8156400
2022-03-17,80.0199966430664,80.16000366210938,79.88999938964844,79.94999694824219,68.9639663696289,6774600
2022-03-18,80.06999969482422,80.2300033569336,80.04000091552734,80.18000030517578,69.16236114501953,8895700
2022-03-21,79.80000305175781,79.83000183105469,79.31999969482422,79.36000061035156,68.45502471923828,6831300
2022-03-22,79.1500015258789,79.25,79.05000305175781,79.16000366210938,68.28252410888672,6488400
2022-03-23,79.33000183105469,79.5199966430664,79.13999938964844,79.5199966430664,68.59305572509766,8919400
2022-03-24,79.12999725341797,79.44000244140625,79.11000061035156,79.41999816894531,68.50680541992188,18907400
2022-03-25,79.0999984741211,79.0999984741211,78.61000061035156,78.72000122070312,67.90296173095703,21372500
2022-03-28,78.80999755859375,79.04000091552734,78.76000213623047,78.94999694824219,68.10137939453125,7494000
2022-03-29,79.08000183105469,79.33000183105469,78.98999786376953,79.30000305175781,68.40326690673828,7308100
2022-03-30,79.08999633789062,79.51000213623047,79.08000183105469,79.4800033569336,68.55857849121094,7071800
2022-03-31,79.5199966430664,79.66999816894531,79.44000244140625,79.54000091552734,68.61030578613281,8244200
2022-04-01,78.83000183105469,79.30000305175781,78.7699966430664,79.16999816894531,68.46158599853516,6326900
2022-04-04,79.20999908447266,79.23999786376953,78.95999908447266,79.2300033569336,68.51346588134766,9091700
2022-04-05,79.0,79.0199966430664,78.37999725341797,78.43000030517578,67.82168579101562,6956300
2022-04-06,78.01000213623047,78.4000015258789,77.9000015258789,78.19000244140625,67.61412811279297,8649400
2022-04-07,78.0999984741211,78.19000244140625,77.91000366210938,78.02999877929688,67.47575378417969,9157600
2022-04-08,77.66000366210938,77.81999969482422,77.51000213623047,77.61000061035156,67.11256408691406,8989600
2022-04-11,77.4000015258789,77.44000244140625,77.18000030517578,77.25,66.80126190185547,7858300
2022-04-12,77.62000274658203,77.75,77.45999908447266,77.5,67.01744079589844,8168200
2022-04-13,77.58999633789062,77.8499984741211,77.56999969482422,77.58999633789062,67.09527587890625,7790300
2022-04-14,77.55999755859375,77.5999984741211,77.01000213623047,77.05999755859375,66.636962890625,7046100
2022-04-18,77.06999969482422,77.08000183105469,76.77999877929688,76.80999755859375,66.42076873779297,7187800
2022-04-19,76.52999877929688,76.6500015258789,76.30000305175781,76.33000183105469,66.00569915771484,11568000
2022-04-20,76.61000061035156,76.91000366210938,76.55999755859375,76.80999755859375,66.42076873779297,7366100
2022-04-21,76.68000030517578,76.69000244140625,76.16999816894531,76.4000015258789,66.06624603271484,7869900
2022-04-22,76.18000030517578,76.47000122070312,76.0999984741211,76.30000305175781,65.97976684570312,8625100
2022-04-25,76.66999816894531,77.0199966430664,76.66999816894531,76.77999877929688,66.39481353759766,6091600
2022-04-26,77.12000274658203,77.16000366210938,76.9000015258789,76.9800033569336,66.56779479980469,8837100
2022-04-27,76.98999786376953,77.06999969482422,76.66000366210938,76.73999786376953,66.36026000976562,10802000
2022-04-28,76.54000091552734,76.70999908447266,76.44000244140625,76.70999908447266,66.33430480957031,7644000
2022-04-29,76.27999877929688,76.5199966430664,76.16000366210938,76.19000244140625,65.88465881347656,7120400
2022-05-02,75.81999969482422,75.83999633789062,75.58000183105469,75.66000366210938,65.54762268066406,10166700
2022-05-03,76.08000183105469,76.1500015258789,75.77999877929688,75.83999633789062,65.70355224609375,7769000
2022-05-04,75.77999877929688,76.33000183105469,75.63999938964844,76.33000183105469,66.12808227539062,12238000
2022-05-05,75.87000274658203,75.87000274658203,75.26000213623047,75.56999969482422,65.46966552734375,10540000
2022-05-06,75.26000213623047,75.5199966430664,75.16999816894531,75.25,65.19242858886719,8803000
2022-05-09,75.18000030517578,75.62000274658203,75.13999938964844,75.58999633789062,65.48697662353516,7420300
2022-05-10,75.88999938964844,76.02999877929688,75.73999786376953,75.80999755859375,65.67757415771484,24792700
2022-05-11,75.5199966430664,76.08999633789062,75.47000122070312,76.06999969482422,65.90282440185547,9843600
2022-05-12,76.2300033569336,76.38999938964844,76.16000366210938,76.22000122070312,66.03278350830078,6079800
2022-05-13,76.05999755859375,76.0999984741211,75.88999938964844,75.94000244140625,65.79021453857422,5024800
2022-05-16,76.04000091552734,76.23999786376953,76.02999877929688,76.05999755859375,65.89415740966797,6104400
2022-05-17,75.68000030517578,75.83000183105469,75.58999633789062,75.61000061035156,65.50432586669922,5881200
2022-05-18,75.54000091552734,75.97000122070312,75.54000091552734,75.93000030517578,65.78152465820312,4963300
2022-05-19,76.33999633789062,76.37000274658203,76.04000091552734,76.08999633789062,65.920166015625,5461400
2022-05-20,76.12000274658203,76.37000274658203,76.12000274658203,76.31999969482422,66.11942291259766,6960100
2022-05-23,76.29000091552734,76.37000274658203,76.0,76.05000305175781,65.88550567626953,7332900
2022-05-24,76.31999969482422,76.77999877929688,76.31999969482422,76.66999816894531,66.42264556884766,6587100
2022-05-25,76.91999816894531,77.0,76.79000091552734,76.9800033569336,66.69120025634766,5737200
2022-05-26,77.0,77.0999984741211,76.80999755859375,76.9000015258789,66.62191772460938,5328400
2022-05-27,77.11000061035156,77.22000122070312,77.0,77.12000274658203,66.81251525878906,6355300
2022-05-31,76.66999816894531,76.73999786376953,76.45999908447266,76.68000030517578,66.43131256103516,9067000
2022-06-01,76.55999755859375,76.63999938964844,76.05999755859375,76.19000244140625,66.13443756103516,7294600
2022-06-02,76.30000305175781,76.33000183105469,76.05000305175781,76.26000213623047,66.1951904296875,5276600
2022-06-03,75.98999786376953,76.19000244140625,75.98999786376953,76.1500015258789,66.09973907470703,5549600
2022-06-06,76.02999877929688,76.08999633789062,75.66999816894531,75.69999694824219,65.7091064453125,6698000
2022-06-07,75.8499984741211,76.11000061035156,75.81999969482422,75.95999908447266,65.93477630615234,6989800
2022-06-08,75.80000305175781,75.93000030517578,75.6500015258789,75.6500015258789,65.66571044921875,3778300
2022-06-09,75.5999984741211,75.69999694824219,75.51000213623047,75.55000305175781,65.57894134521484,4828500
2022-06-10,75.26000213623047,75.41999816894531,74.76000213623047,74.91000366210938,65.02340698242188,14690800
2022-06-13,74.20999908447266,74.25,73.37000274658203,73.69999694824219,63.97306442260742,11255300
2022-06-14,73.91000366210938,74.01000213623047,73.19999694824219,73.30000305175781,63.62584686279297,9530100
2022-06-15,73.8499984741211,74.19000244140625,73.5,74.13999938964844,64.35498809814453,9098600
2022-06-16,73.48999786376953,74.31999969482422,73.41000366210938,74.30000305175781,64.493896484375,8477600
2022-06-17,74.38999938964844,74.48999786376953,74.04000091552734,74.33999633789062,64.52859497070312,4913600
2022-06-21,74.11000061035156,74.27999877929688,73.94000244140625,74.0,64.23348999023438,7069900
2022-06-22,74.63999938964844,74.75,74.54000091552734,74.61000061035156,64.76296997070312,8407600
2022-06-23,74.9000015258789,75.33000183105469,74.87999725341797,74.97000122070312,65.0754623413086,8542600
2022-06-24,74.86000061035156,75.12999725341797,74.77999877929688,74.83000183105469,64.9539566040039,6979000
2022-06-27,74.54000091552734,74.7300033569336,74.38999938964844,74.47000122070312,64.64144897460938,6238900
2022-06-28,74.43000030517578,74.51000213623047,74.30999755859375,74.51000213623047,64.67616271972656,5578800
2022-06-29,74.51000213623047,74.94000244140625,74.51000213623047,74.94000244140625,65.0494155883789,3896400
2022-06-30,75.16999816894531,75.44999694824219,75.16999816894531,75.26000213623047,65.32720184326172,4387100
2022-07-01,75.61000061035156,76.05000305175781,75.52999877929688,75.70999908447266,65.84817504882812,5801800
2022-07-05,75.8499984741211,75.97000122070312,75.69999694824219,75.83999633789062,65.96123504638672,6253900
2022-07-06,76.02999877929688,76.05000305175781,75.36000061035156,75.37999725341797,65.5611572265625,5312000
2022-07-07,75.44999694824219,75.45999908447266,75.0999984741211,75.16999816894531,65.37846374511719,7536700
2022-07-08,75.01000213623047,75.04000091552734,74.83999633789062,74.91999816894531,65.16107940673828,4187100
2022-07-11,75.19000244140625,75.38999938964844,75.1500015258789,75.19999694824219,65.40459442138672,4128600
2022-07-12,75.4800033569336,75.62000274658203,75.33000183105469,75.33000183105469,65.51765441894531,6013700
2022-07-13,74.87000274658203,75.62999725341797,74.8499984741211,75.56999969482422,65.72640991210938,6382700
2022-07-14,75.0999984741211,75.43000030517578,74.94999694824219,75.33000183105469,65.51765441894531,5598000
2022-07-15,75.36000061035156,75.69999694824219,75.36000061035156,75.5999984741211,65.75249481201172,5276400
2022-07-18,75.44999694824219,75.47000122070312,75.22000122070312,75.37000274658203,65.55242919921875,3438000
2022-07-19,75.37999725341797,75.43000030517578,75.18000030517578,75.30999755859375,65.500244140625,3493400
2022-07-20,75.55000305175781,75.55999755859375,75.19999694824219,75.23999786376953,65.43938446044922,3966900
2022-07-21,75.43000030517578,75.9000015258789,75.43000030517578,75.86000061035156,65.97862243652344,6832900
2022-07-22,76.37000274658203,76.6500015258789,76.27999877929688,76.4800033569336,66.51788330078125,6617000
2022-07-25,76.13999938964844,76.2699966430664,76.08999633789062,76.19999694824219,66.27433013916016,4256200
2022-07-26,76.51000213623047,76.56999969482422,76.19000244140625,76.22000122070312,66.2917251586914,6964100
2022-07-27,76.3499984741211,76.69000244140625,76.33999633789062,76.43000030517578,66.47437286376953,5919600
2022-07-28,76.95999908447266,77.06999969482422,76.80999755859375,76.95999908447266,66.93534088134766,5140200
2022-07-29,76.80000305175781,77.16999816894531,76.75,76.9000015258789,66.88316345214844,6601700
2022-08-01,76.9000015258789,77.13999938964844,76.81999969482422,77.08000183105469,67.17335510253906,5370800
2022-08-02,77.08999633789062,77.18000030517578,76.23999786376953,76.30000305175781,66.49360656738281,10808300
2022-08-03,76.2300033569336,76.69000244140625,75.97000122070312,76.68000030517578,66.82476806640625,5747700
2022-08-04,76.72000122070312,76.87999725341797,76.63999938964844,76.87000274658203,66.99036407470703,9869900
2022-08-05,76.05000305175781,76.0999984741211,75.86000061035156,76.0,66.23213958740234,8946400
2022-08-08,76.30000305175781,76.44999694824219,76.26000213623047,76.33999633789062,66.52845764160156,8534700
2022-08-09,76.16000366210938,76.26000213623047,76.08999633789062,76.16999816894531,66.38032531738281,6888800
2022-08-10,76.5,76.7300033569336,76.30999755859375,76.37999725341797,66.56330871582031,4305000
2022-08-11,76.56999969482422,76.66999816894531,75.91999816894531,75.94999694824219,66.18856811523438,5179500
2022-08-12,76.20999908447266,76.30000305175781,76.01000213623047,76.30000305175781,66.49360656738281,4376800
2022-08-15,76.47000122070312,76.54000091552734,76.36000061035156,76.37999725341797,66.56330871582031,3922300
2022-08-16,76.2699966430664,76.29000091552734,76.02999877929688,76.27999877929688,66.47618865966797,4104000
2022-08-17,75.93000030517578,76.01000213623047,75.70999908447266,75.83000183105469,66.08399963378906,4131100
2022-08-18,76.04000091552734,76.16000366210938,75.94000244140625,75.97000122070312,66.20600891113281,4026800
2022-08-19,75.52999877929688,75.55999755859375,75.36000061035156,75.48999786376953,65.78770446777344,5115800
2022-08-22,75.33000183105469,75.36000061035156,75.08999633789062,75.1500015258789,65.49140930175781,4158600
2022-08-23,75.12000274658203,75.44999694824219,75.01000213623047,75.12000274658203,65.46526336669922,6294800
2022-08-24,74.97000122070312,75.01000213623047,74.83999633789062,74.93000030517578,65.29967498779297,3808600
2022-08-25,74.9800033569336,75.4000015258789,74.91999816894531,75.33999633789062,65.65697479248047,3688400
2022-08-26,75.2300033569336,75.37000274658203,75.05000305175781,75.19000244140625,65.52625274658203,4276600
2022-08-29,74.94999694824219,74.95999908447266,74.79000091552734,74.8499984741211,65.22994995117188,3263800
2022-08-30,74.93000030517578,75.08000183105469,74.69999694824219,74.91000366210938,65.28228759765625,6878700
2022-08-31,74.8499984741211,74.94000244140625,74.51000213623047,74.5999984741211,65.0120849609375,5155600
2022-09-01,74.0199966430664,74.11000061035156,73.75,74.04000091552734,64.65926361083984,6160700
2022-09-02,74.25,74.4800033569336,74.18000030517578,74.2300033569336,64.82520294189453,3600600
2022-09-06,73.94000244140625,73.94999694824219,73.54000091552734,73.55999755859375,64.2400894165039,6869800
2022-09-07,73.80000305175781,74.08999633789062,73.77999877929688,74.08999633789062,64.70293426513672,4208300
2022-09-08,73.95999908447266,74.12000274658203,73.83999633789062,73.86000061035156,64.50205993652344,3580300
2022-09-09,73.94999694824219,74.08999633789062,73.79000091552734,73.83000183105469,64.47587585449219,3831700
2022-09-12,74.0,74.06999969482422,73.6500015258789,73.73999786376953,64.39729309082031,4008200
2022-09-13,73.27999877929688,73.43000030517578,73.22000122070312,73.37000274658203,64.07418060302734,9481200
2022-09-14,73.30000305175781,73.55999755859375,73.27999877929688,73.45999908447266,64.15276336669922,4332200
2022-09-15,73.30999755859375,73.38999938964844,73.19000244140625,73.23999786376953,63.96061325073242,4967200
2022-09-16,73.08000183105469,73.30999755859375,73.0199966430664,73.16000366210938,63.89079284667969,5050000
2022-09-19,72.98999786376953,73.18000030517578,72.91000366210938,73.11000061035156,63.84710693359375,6374900
2022-09-20,72.70999908447266,72.87999725341797,72.62000274658203,72.75,63.53273391723633,4750500
2022-09-21,72.81999969482422,72.98999786376953,72.44000244140625,72.94999694824219,63.707374572753906,6360300
2022-09-22,72.4800033569336,72.48999786376953,72.11000061035156,72.19999694824219,63.052391052246094,5216100
2022-09-23,72.25,72.25,71.75,72.0,62.877750396728516,6885400
2022-09-26,71.7699966430664,71.80999755859375,71.05999755859375,71.08000183105469,62.07430648803711,8658900
2022-09-27,71.12000274658203,71.20999908447266,70.66999816894531,70.7699966430664,61.80356979370117,9946100
2022-09-28,71.43000030517578,71.9000015258789,71.29000091552734,71.87000274658203,62.76422882080078,11649700
2022-09-29,71.44000244140625,71.63999938964844,71.2699966430664,71.5,62.44108963012695,6100300
2022-09-30,71.69999694824219,71.87000274658203,71.25,71.33000183105469,62.292633056640625,8919100
2022-10-03,71.69999694824219,72.18000030517578,71.58000183105469,71.7699966430664,62.81426239013672,6762600
2022-10-04,72.02999877929688,72.23999786376953,71.87999725341797,71.94999694824219,62.97178268432617,6124400
2022-10-05,71.58000183105469,71.63999938964844,71.27999877929688,71.56999969482422,62.639217376708984,7252400
2022-10-06,71.52999877929688,71.5999984741211,71.23999786376953,71.30000305175781,62.402915954589844,7108400
2022-10-07,71.01000213623047,71.12000274658203,70.87000274658203,70.93000030517578,62.07909393310547,5023200
2022-10-10,70.93000030517578,70.93000030517578,70.45999908447266,70.61000061035156,61.79900360107422,4950700
2022-10-11,70.72000122070312,70.94999694824219,70.52999877929688,70.62999725341797,61.8165168762207,9225500
2022-10-12,70.55000305175781,70.81999969482422,70.51000213623047,70.70999908447266,61.88656234741211,5442000
2022-10-13,69.87000274658203,70.69999694824219,69.79000091552734,70.45999908447266,61.6677360534668,6668900
2022-10-14,70.81999969482422,70.83000183105469,70.08999633789062,70.12000274658203,61.37015914916992,6544400
2022-10-17,70.55000305175781,70.68000030517578,70.2699966430664,70.2699966430664,61.501441955566406,19605200
2022-10-18,70.45999908447266,70.54000091552734,70.13999938964844,70.43000030517578,61.6414794921875,7008000
2022-10-19,69.98999786376953,70.08999633789062,69.77999877929688,69.8499984741211,61.13380813598633,6483600
2022-10-20,69.70999908447266,69.8499984741211,69.33999633789062,69.37999725341797,60.72248458862305,6260900
2022-10-21,69.13999938964844,69.58000183105469,69.08999633789062,69.5,60.827518463134766,6984400
2022-10-24,69.4800033569336,69.69000244140625,69.2300033569336,69.4000015258789,60.739994049072266,7259400
2022-10-25,69.94000244140625,70.20999908447266,69.91000366210938,70.05999755859375,61.31763458251953,7780900
2022-10-26,70.22000122070312,70.47000122070312,70.16999816894531,70.33999633789062,61.562686920166016,7001000
2022-10-27,70.54000091552734,70.86000061035156,70.37999725341797,70.70999908447266,61.88656234741211,5493300
2022-10-28,70.4000015258789,70.70999908447266,70.37999725341797,70.56999969482422,61.764015197753906,4828800
2022-10-31,70.36000061035156,70.4000015258789,70.05999755859375,70.3499984741211,61.57146072387695,6785000
2022-11-01,70.58000183105469,70.61000061035156,70.0999984741211,70.26000213623047,61.63549041748047,7019000
2022-11-02,70.3499984741211,70.7300033569336,70.0,70.1500015258789,61.53902053833008,10223800
2022-11-03,69.61000061035156,69.9800033569336,69.56999969482422,69.87999725341797,61.30213928222656,6408200
2022-11-04,69.93000030517578,70.0999984741211,69.73999786376953,69.9000015258789,61.31968307495117,8780400
2022-11-07,69.91000366210938,69.93000030517578,69.62999725341797,69.62999725341797,61.08283996582031,6246100
2022-11-08,69.80000305175781,70.06999969482422,69.77999877929688,69.94000244140625,61.354793548583984,6358100
2022-11-09,69.86000061035156,70.13999938964844,69.79000091552734,70.04000091552734,61.4425048828125,7269400
2022-11-10,70.9000015258789,71.48999786376953,70.88999938964844,71.48999786376953,62.714515686035156,7014100
2022-11-11,71.33000183105469,71.52999877929688,71.25,71.48999786376953,62.714515686035156,4525300
2022-11-14,71.29000091552734,71.38999938964844,71.20999908447266,71.26000213623047,62.512760162353516,6914500
2022-11-15,71.66000366210938,71.7699966430664,71.54000091552734,71.76000213623047,62.951385498046875,11948800
2022-11-16,71.97000122070312,72.2300033569336,71.9000015258789,72.16999816894531,63.31103515625,8856700
2022-11-17,71.80000305175781,71.9000015258789,71.66000366210938,71.87000274658203,63.0478630065918,6260600
2022-11-18,71.93000030517578,72.04000091552734,71.7300033569336,71.75,62.942588806152344,8564600
2022-11-21,71.98999786376953,72.04000091552734,71.72000122070312,71.75,62.942588806152344,6834600
2022-11-22,71.94000244140625,72.19000244140625,71.93000030517578,72.12000274658203,63.26715850830078,9534200
2022-11-23,72.2300033569336,72.55999755859375,72.2300033569336,72.55999755859375,63.65315246582031,4855000
2022-11-25,72.4000015258789,72.55999755859375,72.4000015258789,72.55999755859375,63.65315246582031,2536400
2022-11-28,72.61000061035156,72.66999816894531,72.38999938964844,72.47000122070312,63.57421875,5852100
2022-11-29,72.19999694824219,72.37999725341797,72.16000366210938,72.19999694824219,63.33734893798828,5437600
2022-11-30,72.1500015258789,72.7699966430664,72.01000213623047,72.76000213623047,63.82861328125,5479900
2022-12-01,72.7300033569336,73.19999694824219,72.66000366210938,73.19999694824219,64.36056518554688,7462500
2022-12-02,72.94999694824219,73.51000213623047,72.79000091552734,73.5,64.62432098388672,6828300
2022-12-05,73.16000366210938,73.16999816894531,72.83000183105469,72.91999816894531,64.11437225341797,7552900
2022-12-06,73.08000183105469,73.23999786376953,73.0,73.16000366210938,64.32538604736328,7584100
2022-12-07,73.4800033569336,73.83000183105469,73.44000244140625,73.80000305175781,64.88807678222656,7472500
2022-12-08,73.58000183105469,73.73999786376953,73.47000122070312,73.58999633789062,64.70348358154297,5378100
2022-12-09,73.41999816894531,73.45999908447266,73.16000366210938,73.16000366210938,64.32538604736328,12079600
2022-12-12,73.45999908447266,73.51000213623047,73.05000305175781,73.16000366210938,64.32538604736328,7533500
2022-12-13,74.1500015258789,74.1500015258789,73.61000061035156,73.66000366210938,64.76500701904297,12563900
2022-12-14,73.70999908447266,73.9000015258789,73.43000030517578,73.83999633789062,64.92326354980469,9833900
2022-12-15,73.87999725341797,73.95999908447266,73.70999908447266,73.87999725341797,64.95843505859375,7800400
2022-12-16,73.45999908447266,73.83000183105469,73.41000366210938,73.69000244140625,64.7913818359375,6541900
2022-12-19,73.38999938964844,73.41000366210938,73.1500015258789,73.25,64.40448760986328,6300000
2022-12-20,72.80000305175781,72.9000015258789,72.69000244140625,72.7699966430664,63.98248291015625,6130500
2022-12-21,73.04000091552734,73.0999984741211,72.83000183105469,72.94000244140625,64.13194274902344,8169000
2022-12-22,72.94999694824219,73.06999969482422,72.86000061035156,72.93000030517578,64.12317657470703,6833800
2022-12-23,72.5,72.62000274658203,72.44999694824219,72.52999877929688,63.922237396240234,4693400
2022-12-27,72.12999725341797,72.2300033569336,71.95999908447266,71.97000122070312,63.4286994934082,6959600
2022-12-28,72.12000274658203,72.18000030517578,71.86000061035156,71.87000274658203,63.34056854248047,7868200
2022-12-29,71.97000122070312,72.16999816894531,71.94999694824219,72.13999938964844,63.57853317260742,7391000
2022-12-30,71.9800033569336,72.08000183105469,71.80000305175781,71.83999633789062,63.3140983581543,7051900
2023-01-03,72.44999694824219,72.4800033569336,72.06999969482422,72.22000122070312,63.649017333984375,8634800
2023-01-04,72.69999694824219,72.76000213623047,72.48999786376953,72.62999725341797,64.01033782958984,5257100
2023-01-05,72.33999633789062,72.58999633789062,72.22000122070312,72.55000305175781,63.93986129760742,5632400
2023-01-06,72.6500015258789,73.38999938964844,72.56999969482422,73.3499984741211,64.6449203491211,5627200
2023-01-09,73.30999755859375,73.6500015258789,73.2699966430664,73.55000305175781,64.82115936279297,7398200
2023-01-10,73.30999755859375,73.37999725341797,73.08999633789062,73.26000213623047,64.56561279296875,4827900
2023-01-11,73.47000122070312,73.69000244140625,73.44999694824219,73.6500015258789,64.9093017578125,8453200
2023-01-12,73.87999725341797,74.22000122070312,73.61000061035156,74.22000122070312,65.4116439819336,5927600
2023-01-13,74.05999755859375,74.22000122070312,73.9000015258789,73.97000122070312,65.19131469726562,6331600
2023-01-17,73.76000213623047,74.0,73.73999786376953,73.87000274658203,65.10319519042969,6815100
2023-01-18,74.5999984741211,74.66000366210938,74.27999877929688,74.55000305175781,65.70249938964844,5112800
2023-01-19,74.36000061035156,74.47000122070312,74.26000213623047,74.4000015258789,65.5702896118164,4765200
2023-01-20,74.12999725341797,74.19000244140625,73.93000030517578,74.06999969482422,65.27946472167969,4714300
2023-01-23,73.87999725341797,74.05999755859375,73.8499984741211,73.88999938964844,65.1208267211914,6116700
2023-01-24,73.94999694824219,74.25,73.77999877929688,74.22000122070312,65.4116439819336,3907700
2023-01-25,74.20999908447266,74.36000061035156,74.08000183105469,74.30999755859375,65.4909896850586,4414400
2023-01-26,74.26000213623047,74.3499984741211,74.05000305175781,74.16999816894531,65.36758422851562,3866800
2023-01-27,74.0,74.12999725341797,73.94999694824219,74.08999633789062,65.29708099365234,4474100
2023-01-30,73.95999908447266,74.08999633789062,73.86000061035156,73.87999725341797,65.11201477050781,6258700
2023-01-31,74.12000274658203,74.22000122070312,73.86000061035156,74.22000122070312,65.4116439819336,5502300
2023-02-01,74.16000366210938,74.58000183105469,73.91999816894531,74.5199966430664,65.83213806152344,7473900
2023-02-02,74.80000305175781,74.86000061035156,74.55000305175781,74.56999969482422,65.8763198852539,4273500
2023-02-03,74.0199966430664,74.0999984741211,73.79000091552734,73.91000366210938,65.29326629638672,5332900
2023-02-06,73.51000213623047,73.56999969482422,73.43000030517578,73.44999694824219,64.88690185546875,5282300
2023-02-07,73.38999938964844,73.69999694824219,73.31999969482422,73.3499984741211,64.7985610961914,4674500
2023-02-08,73.38999938964844,73.58999633789062,73.23999786376953,73.4800033569336,64.91341400146484,4308200
2023-02-09,73.68000030517578,73.69000244140625,73.13999938964844,73.18000030517578,64.64836883544922,4268100
2023-02-10,73.12000274658203,73.13999938964844,72.83000183105469,72.87000274658203,64.37454223632812,3606100
2023-02-13,72.88999938964844,73.06999969482422,72.87000274658203,73.06999969482422,64.55120849609375,3805800
2023-02-14,72.9800033569336,73.08000183105469,72.61000061035156,72.81999969482422,64.3303451538086,4328000
2023-02-15,72.72000122070312,72.79000091552734,72.54000091552734,72.66000366210938,64.18901824951172,4370800
2023-02-16,72.43000030517578,72.55999755859375,72.30000305175781,72.37999725341797,63.94165802001953,5912000
2023-02-17,72.19999694824219,72.55000305175781,72.19000244140625,72.54000091552734,64.08300018310547,5165700
2023-02-21,72.08000183105469,72.1500015258789,71.88999938964844,71.91000366210938,63.52645492553711,16093200
2023-02-22,72.0999984741211,72.25,72.04000091552734,72.06999969482422,63.66780471801758,4375600
2023-02-23,72.12999725341797,72.3499984741211,72.0999984741211,72.33000183105469,63.897491455078125,4789200
2023-02-24,71.95999908447266,72.02999877929688,71.80000305175781,71.93000030517578,63.544097900390625,4345900
2023-02-27,72.05000305175781,72.18000030517578,71.97000122070312,72.05000305175781,63.65013122558594,3340500
2023-02-28,71.80999755859375,72.08999633789062,71.76000213623047,72.06999969482422,63.66780471801758,5032400
2023-03-01,71.68000030517578,71.83000183105469,71.44000244140625,71.4800033569336,63.29058837890625,4427800
2023-03-02,71.20999908447266,71.3499984741211,71.16999816894531,71.33000183105469,63.157806396484375,4966600
2023-03-03,71.68000030517578,71.87999725341797,71.52999877929688,71.87999725341797,63.64476776123047,4008600
2023-03-06,72.02999877929688,72.02999877929688,71.69999694824219,71.70999908447266,63.494239807128906,4538700
2023-03-07,71.83000183105469,71.8499984741211,71.51000213623047,71.62999725341797,63.42341232299805,4253100
2023-03-08,71.77999877929688,71.9000015258789,71.44000244140625,71.56999969482422,63.37026596069336,4774500
2023-03-09,71.66000366210938,71.95999908447266,71.62000274658203,71.80999755859375,63.58280563354492,4597800
2023-03-10,72.51000213623047,72.83000183105469,72.41000366210938,72.66999816894531,64.34425354003906,4779500
2023-03-13,73.33000183105469,73.81999969482422,73.04000091552734,73.25,64.85780334472656,7270500
2023-03-14,73.0,73.19000244140625,72.66000366210938,72.79000091552734,64.45051574707031,5432500
2023-03-15,73.61000061035156,73.8499984741211,73.20999908447266,73.54000091552734,65.11455535888672,6677200
2023-03-16,73.83000183105469,73.87999725341797,73.08000183105469,73.19000244140625,64.80467224121094,6964800
2023-03-17,73.48999786376953,73.91999816894531,73.48999786376953,73.72000122070312,65.2739486694336,4352700
2023-03-20,73.77999877929688,73.83999633789062,73.36000061035156,73.4000015258789,64.9906234741211,6924500
2023-03-21,73.19999694824219,73.37000274658203,73.12999725341797,73.19999694824219,64.81356048583984,3997700
2023-03-22,73.19999694824219,73.91999816894531,73.06999969482422,73.8499984741211,65.3890609741211,5220500
2023-03-23,73.80000305175781,74.11000061035156,73.68000030517578,74.0199966430664,65.53959655761719,5392100
2023-03-24,74.23999786376953,74.41999816894531,74.02999877929688,74.16999816894531,65.6723861694336,4638000
2023-03-27,73.5999984741211,73.7300033569336,73.4000015258789,73.4000015258789,64.9906234741211,5769800
2023-03-28,73.26000213623047,73.37000274658203,73.19999694824219,73.2699966430664,64.87550354003906,3473300
2023-03-29,73.16000366210938,73.41999816894531,73.1500015258789,73.3499984741211,64.94634246826172,4231300
2023-03-30,73.31999969482422,73.5199966430664,73.31999969482422,73.44999694824219,65.03490447998047,3455300
2023-03-31,73.58999633789062,73.87000274658203,73.47000122070312,73.83000183105469,65.37135314941406,4549200
2023-04-03,73.58000183105469,73.98999786376953,73.5199966430664,73.95999908447266,65.64917755126953,5346200
2023-04-04,73.76000213623047,74.31999969482422,73.72000122070312,74.26000213623047,65.91546630859375,4126700
2023-04-05,74.44999694824219,74.9000015258789,74.37999725341797,74.45999908447266,66.093017578125,4345900
2023-04-06,74.51000213623047,74.5999984741211,74.41999816894531,74.44000244140625,66.07524108886719,4381700
2023-04-10,74.02999877929688,74.05000305175781,73.80999755859375,73.94000244140625,65.63141632080078,4224300
2023-04-11,74.0199966430664,74.02999877929688,73.80999755859375,73.97000122070312,65.65807342529297,4401600
2023-04-12,74.26000213623047,74.26000213623047,73.8499984741211,74.05000305175781,65.72907257080078,4134800
2023-04-13,74.20999908447266,74.29000091552734,73.94999694824219,74.01000213623047,65.69357299804688,5012700
2023-04-14,73.75,73.80000305175781,73.61000061035156,73.68000030517578,65.4006576538086,4349600
2023-04-17,73.44999694824219,73.4800033569336,73.26000213623047,73.27999877929688,65.04560852050781,5085500
2023-04-18,73.30999755859375,73.48999786376953,73.29000091552734,73.38999938964844,65.14324188232422,3728400
2023-04-19,73.29000091552734,73.31999969482422,73.1500015258789,73.29000091552734,65.05448913574219,4611000
2023-04-20,73.5,73.61000061035156,73.48999786376953,73.61000061035156,65.33851623535156,3605400
2023-04-21,73.7300033569336,73.7699966430664,73.43000030517578,73.4800033569336,65.22315979003906,3371600
2023-04-24,73.62000274658203,73.80000305175781,73.62000274658203,73.7699966430664,65.48052978515625,2993000
2023-04-25,74.05999755859375,74.29000091552734,74.05999755859375,74.25,65.90658569335938,3508100
2023-04-26,74.20999908447266,74.27999877929688,73.9000015258789,73.98999786376953,65.67584991455078,5819900
2023-04-27,73.80999755859375,73.83000183105469,73.62999725341797,73.66999816894531,65.39176940917969,3078100
2023-04-28,74.02999877929688,74.0999984741211,73.88999938964844,74.08000183105469,65.75570678710938,4469100
2023-05-01,73.5999984741211,73.66000366210938,73.05999755859375,73.13999938964844,65.07942199707031,4546500
2023-05-02,73.33000183105469,73.87000274658203,73.31999969482422,73.86000061035156,65.72012329101562,4825100
2023-05-03,74.0199966430664,74.18000030517578,73.86000061035156,74.16999816894531,65.9959487915039,4205600
2023-05-04,73.91999816894531,74.37999725341797,73.9000015258789,74.06999969482422,65.90697479248047,11535800
2023-05-05,73.80999755859375,73.86000061035156,73.68000030517578,73.80000305175781,65.66673278808594,3143200
2023-05-08,73.5,73.61000061035156,73.41999816894531,73.44999694824219,65.35528564453125,9895900
2023-05-09,73.43000030517578,73.5,73.36000061035156,73.37000274658203,65.28411865234375,3827700
2023-05-10,73.68000030517578,73.87999725341797,73.6500015258789,73.81999969482422,65.68451690673828,5291800
2023-05-11,74.18000030517578,74.23999786376953,74.0199966430664,74.05999755859375,65.89807891845703,4745900
2023-05-12,74.01000213623047,74.05999755859375,73.66999816894531,73.66999816894531,65.55103302001953,2970500
2023-05-15,73.5199966430664,73.52999877929688,73.43000030517578,73.4800033569336,65.38201904296875,3268600
2023-05-16,73.2699966430664,73.31999969482422,73.16000366210938,73.30000305175781,65.22183227539062,3818500
2023-05-17,73.37999725341797,73.38999938964844,73.12000274658203,73.16999816894531,65.10614776611328,4574400
2023-05-18,73.01000213623047,73.01000213623047,72.83000183105469,72.87000274658203,64.83921813964844,3530000
2023-05-19,72.72000122070312,72.94000244140625,72.61000061035156,72.66999816894531,64.66124725341797,4166800
2023-05-22,72.70999908447266,72.87999725341797,72.61000061035156,72.6500015258789,64.64347076416016,5294900
2023-05-23,72.55999755859375,72.77999877929688,72.4800033569336,72.69999694824219,64.6879653930664,4561100
2023-05-24,72.73999786376953,72.76000213623047,72.48999786376953,72.5,64.51000213623047,4245100
2023-05-25,72.45999908447266,72.48999786376953,72.19999694824219,72.2300033569336,64.26973724365234,4012300
2023-05-26,72.16000366210938,72.33000183105469,72.06999969482422,72.31999969482422,64.34982299804688,3783100
2023-05-30,72.55000305175781,72.80000305175781,72.5199966430664,72.80000305175781,64.77693176269531,3533000
2023-05-31,72.80999755859375,73.12999725341797,72.76000213623047,73.04000091552734,64.99049377441406,4898400
2023-06-01,73.05000305175781,73.19000244140625,72.97000122070312,73.05000305175781,65.166259765625,3984000
2023-06-02,73.01000213623047,73.0199966430664,72.63999938964844,72.63999938964844,64.80049133300781,4595500
2023-06-05,72.48999786376953,72.8499984741211,72.41999816894531,72.6500015258789,64.80940246582031,4674600
2023-06-06,72.69000244140625,72.76000213623047,72.52999877929688,72.75,64.89859008789062,5001900
2023-06-07,72.69999694824219,72.76000213623047,72.29000091552734,72.33999633789062,64.53285217285156,4326500
2023-06-08,72.43000030517578,72.73999786376953,72.41999816894531,72.69999694824219,64.85400390625,3567600
2023-06-09,72.54000091552734,72.6500015258789,72.44999694824219,72.55000305175781,64.72018432617188,12690400
2023-06-12,72.62999725341797,72.70999908447266,72.41000366210938,72.69999694824219,64.85400390625,4632800
2023-06-13,72.86000061035156,72.91999816894531,72.30999755859375,72.37999725341797,64.56853485107422,4302500
2023-06-14,72.5,72.61000061035156,72.19999694824219,72.44000244140625,64.62205505371094,5986200
2023-06-15,72.76000213623047,72.91000366210938,72.66999816894531,72.88999938964844,65.02347564697266,5061200
2023-06-16,72.68000030517578,72.83000183105469,72.54000091552734,72.7300033569336,64.8807601928711,3905300
2023-06-20,72.77999877929688,72.94999694824219,72.7699966430664,72.83000183105469,64.9699478149414,4921700
2023-06-21,72.69000244140625,72.98999786376953,72.58000183105469,72.94999694824219,65.07701873779297,3678700
2023-06-22,72.7300033569336,72.83999633789062,72.52999877929688,72.5999984741211,64.76478576660156,3975500
2023-06-23,72.9800033569336,72.98999786376953,72.69000244140625,72.80999755859375,64.9521255493164,4163100
2023-06-26,72.91000366210938,72.9800033569336,72.83000183105469,72.9000015258789,65.03241729736328,6287800
2023-06-27,72.91999816894531,73.02999877929688,72.66999816894531,72.76000213623047,64.90752410888672,4816100
2023-06-28,72.86000061035156,73.0,72.73999786376953,72.98999786376953,65.11268615722656,5517200
2023-06-29,72.4800033569336,72.51000213623047,72.31999969482422,72.44000244140625,64.62205505371094,5803000
2023-06-30,72.5,72.70999908447266,72.43000030517578,72.69000244140625,64.8450698852539,5612300
2023-07-03,72.48999786376953,72.6500015258789,72.27999877929688,72.30000305175781,64.66083526611328,3146500
2023-07-05,72.2699966430664,72.29000091552734,71.94000244140625,72.0,64.39254760742188,4415700
2023-07-06,71.58000183105469,71.62999725341797,71.3499984741211,71.54000091552734,63.98112869262695,5613400
2023-07-07,71.54000091552734,71.70999908447266,71.45999908447266,71.5,63.945369720458984,5726600
2023-07-10,71.55999755859375,71.83000183105469,71.55000305175781,71.75,64.1689453125,4450800
2023-07-11,71.83999633789062,71.95999908447266,71.7699966430664,71.9000015258789,64.30309295654297,5709100
2023-07-12,72.27999877929688,72.5199966430664,72.2300033569336,72.47000122070312,64.8128890991211,6397500
2023-07-13,72.75,72.94999694824219,72.69999694824219,72.91000366210938,65.2063980102539,5868400
2023-07-14,72.7699966430664,72.8499984741211,72.55999755859375,72.56999969482422,64.90230560302734,7410000
2023-07-17,72.58000183105469,72.69000244140625,72.51000213623047,72.6500015258789,64.97386932373047,5942700
2023-07-18,72.87999725341797,72.93000030517578,72.7300033569336,72.73999786376953,65.05431365966797,7748100
2023-07-19,72.87000274658203,72.9800033569336,72.7699966430664,72.91000366210938,65.2063980102539,11522100
2023-07-20,72.66999816894531,72.68000030517578,72.43000030517578,72.56999969482422,64.90230560302734,5262100
2023-07-21,72.69999694824219,72.75,72.58999633789062,72.62000274658203,64.9470443725586,5170600
2023-07-24,72.70999908447266,72.76000213623047,72.48999786376953,72.5,64.8396987915039,3553400
2023-07-25,72.3499984741211,72.48999786376953,72.31999969482422,72.41999816894531,64.7681655883789,4200800
2023-07-26,72.58999633789062,72.68000030517578,72.41999816894531,72.66000366210938,64.98280334472656,4478200
2023-07-27,72.5199966430664,72.56999969482422,71.97000122070312,72.04000091552734,64.42831420898438,5342600
2023-07-28,72.16999816894531,72.30999755859375,72.11000061035156,72.29000091552734,64.65189361572266,5273200
2023-07-31,72.30000305175781,72.48999786376953,72.30000305175781,72.41999816894531,64.7681655883789,4607900
2023-08-01,71.93000030517578,71.98999786376953,71.69999694824219,71.77999877929688,64.36731719970703,11078000
2023-08-02,71.55000305175781,71.58000183105469,71.33000183105469,71.55000305175781,64.16107177734375,6546700
2023-08-03,71.12999725341797,71.19999694824219,71.02999877929688,71.11000061035156,63.76649856567383,5395200
2023-08-04,71.37000274658203,71.7300033569336,71.3499984741211,71.69999694824219,64.29557037353516,6925000
2023-08-07,71.62999725341797,71.66999816894531,71.52999877929688,71.58999633789062,64.19693756103516,4987400
2023-08-08,71.87000274658203,71.9800033569336,71.79000091552734,71.8499984741211,64.43006134033203,4338200
2023-08-09,71.8499984741211,71.95999908447266,71.81999969482422,71.87000274658203,64.4480209350586,4937800
2023-08-10,71.93000030517578,72.0199966430664,71.45999908447266,71.47000122070312,64.08934020996094,5195800
2023-08-11,71.26000213623047,71.47000122070312,71.22000122070312,71.23999786376953,63.88307189941406,4577400
2023-08-14,71.16000366210938,71.31999969482422,71.04000091552734,71.1500015258789,63.802398681640625,7992400
2023-08-15,71.02999877929688,71.19999694824219,70.97000122070312,70.98999786376953,63.65888214111328,5028100
2023-08-16,70.98999786376953,71.12000274658203,70.76000213623047,70.79000091552734,63.47954177856445,5149700
2023-08-17,70.80000305175781,70.81999969482422,70.58000183105469,70.72000122070312,63.41679763793945,7357800
2023-08-18,70.76000213623047,70.97000122070312,70.7300033569336,70.87000274658203,63.551300048828125,5094400
2023-08-21,70.61000061035156,70.63999938964844,70.44999694824219,70.52999877929688,63.24639892578125,4280100
2023-08-22,70.55000305175781,70.69000244140625,70.4800033569336,70.62000274658203,63.327117919921875,4301900
2023-08-23,70.9800033569336,71.2699966430664,70.97000122070312,71.26000213623047,63.901023864746094,5205800
2023-08-24,71.1500015258789,71.25,71.06999969482422,71.08999633789062,63.74857711791992,4186400
2023-08-25,71.01000213623047,71.22000122070312,70.86000061035156,71.08999633789062,63.74857711791992,4853100
2023-08-28,71.25,71.25,71.11000061035156,71.22000122070312,63.865150451660156,3969000
2023-08-29,71.12999725341797,71.68000030517578,71.11000061035156,71.66000366210938,64.25972747802734,6214600
2023-08-30,71.7300033569336,71.7699966430664,71.62000274658203,71.62999725341797,64.23281860351562,4721500
2023-08-31,71.72000122070312,71.86000061035156,71.68000030517578,71.75,64.3404312133789,4747100
2023-09-01,71.55000305175781,71.56999969482422,71.12999725341797,71.20999908447266,64.0311050415039,3940700
2023-09-05,71.05000305175781,71.05999755859375,70.80999755859375,70.81999969482422,63.680416107177734,4634300
2023-09-06,70.9000015258789,70.91000366210938,70.66000366210938,70.73999786376953,63.608482360839844,7800400
2023-09-07,70.88999938964844,70.98999786376953,70.80999755859375,70.9800033569336,63.82429504394531,4742800
2023-09-08,71.08999633789062,71.16999816894531,70.9800033569336,71.0,63.84227752685547,4270600
2023-09-11,70.9000015258789,70.94999694824219,70.83000183105469,70.88999938964844,63.74332046508789,4215800
2023-09-12,70.93000030517578,70.95999908447266,70.8499984741211,70.94000244140625,63.78831481933594,4246300
2023-09-13,70.86000061035156,71.12000274658203,70.86000061035156,71.05000305175781,63.887229919433594,6142500
2023-09-14,71.0999984741211,71.13999938964844,70.91000366210938,70.93000030517578,63.779335021972656,5227300
2023-09-15,70.9000015258789,70.91999816894531,70.7699966430664,70.79000091552734,63.65343475341797,4946100
2023-09-18,70.66999816894531,70.87999725341797,70.66999816894531,70.86000061035156,63.71636962890625,5882500
2023-09-19,70.80999755859375,70.86000061035156,70.68000030517578,70.70999908447266,63.58150863647461,4200900
2023-09-20,70.83999633789062,70.91999816894531,70.62000274658203,70.62000274658203,63.50057601928711,5518400
2023-09-21,70.2699966430664,70.29000091552734,70.16999816894531,70.18000030517578,63.104942321777344,9127100
2023-09-22,70.27999877929688,70.51000213623047,70.2300033569336,70.47000122070312,63.36570358276367,8149800
2023-09-25,70.11000061035156,70.18000030517578,69.94000244140625,69.94999694824219,62.89812469482422,22744300
2023-09-26,70.08000183105469,70.08999633789062,69.8499984741211,69.87999725341797,62.835174560546875,7329100
2023-09-27,70.0999984741211,70.11000061035156,69.48999786376953,69.62999725341797,62.61036682128906,7701800
2023-09-28,69.51000213623047,69.83000183105469,69.37999725341797,69.80999755859375,62.77222442626953,9004600
2023-09-29,70.05999755859375,70.12999725341797,69.69000244140625,69.77999877929688,62.745277404785156,7650600
2023-10-02,69.31999969482422,69.37000274658203,69.06999969482422,69.11000061035156,62.31425857543945,6719800
2023-10-03,68.9800033569336,69.05999755859375,68.52999877929688,68.55000305175781,61.809322357177734,8099500
2023-10-04,68.83000183105469,69.02999877929688,68.66000366210938,69.0,62.215087890625,7915900
2023-10-05,69.12999725341797,69.1500015258789,68.97000122070312,69.05000305175781,62.2601432800293,6845000
2023-10-06,68.54000091552734,68.94000244140625,68.48999786376953,68.77999877929688,62.01670455932617,8385100
2023-10-09,69.13999938964844,69.4800033569336,69.05999755859375,69.4800033569336,62.64787673950195,3561600
2023-10-10,69.2300033569336,69.55999755859375,69.13999938964844,69.41000366210938,62.58477783203125,11555900
2023-10-11,69.62999725341797,69.73999786376953,69.5199966430664,69.7300033569336,62.873291015625,18074400
2023-10-12,69.58999633789062,69.61000061035156,69.06999969482422,69.12999725341797,62.332279205322266,6144000
2023-10-13,69.52999877929688,69.55999755859375,69.3499984741211,69.44999694824219,62.6208381652832,5570100
2023-10-16,69.26000213623047,69.26000213623047,69.05999755859375,69.08999633789062,62.29622268676758,4914800
2023-10-17,68.68000030517578,68.7699966430664,68.5199966430664,68.63999938964844,61.89047622680664,5851900
2023-10-18,68.5,68.55000305175781,68.2300033569336,68.33999633789062,61.619964599609375,5885900
2023-10-19,68.2699966430664,68.41000366210938,68.0,68.04000091552734,61.34946060180664,9433800
2023-10-20,68.22000122070312,68.37999725341797,68.19000244140625,68.29000091552734,61.57489776611328,5197700
2023-10-23,68.08000183105469,68.6500015258789,67.98999786376953,68.55000305175781,61.809322357177734,9587100
2023-10-24,68.58999633789062,68.79000091552734,68.4800033569336,68.77999877929688,62.01670455932617,9462100
2023-10-25,68.5,68.5199966430664,68.19999694824219,68.26000213623047,61.54784393310547,7392400
2023-10-26,68.3499984741211,68.7300033569336,68.33999633789062,68.72000122070312,61.9626350402832,11426600
2023-10-27,68.66999816894531,68.72000122070312,68.5199966430664,68.72000122070312,61.9626350402832,5325500
2023-10-30,68.5,68.63999938964844,68.38999938964844,68.55000305175781,61.809322357177734,5905300
2023-10-31,68.63999938964844,68.75,68.51000213623047,68.52999877929688,61.791297912597656,9248200
2023-11-01,68.4800033569336,69.0,68.44999694824219,68.98999786376953,62.39088439941406,9330800
2023-11-02,69.43000030517578,69.5,69.22000122070312,69.38999938964844,62.75261688232422,8409100
2023-11-03,70.02999877929688,70.16999816894531,69.79000091552734,69.80000305175781,63.123416900634766,7995700
2023-11-06,69.62999725341797,69.66999816894531,69.44000244140625,69.5,62.85209655761719,7822000
2023-11-07,69.68000030517578,69.98999786376953,69.6500015258789,69.8499984741211,63.16861343383789,7986100
2023-11-08,69.87999725341797,70.1500015258789,69.87000274658203,70.06999969482422,63.36757278442383,6543700
2023-11-09,70.0,70.04000091552734,69.5199966430664,69.55000305175781,62.8973274230957,6979700
2023-11-10,69.86000061035156,69.87000274658203,69.62000274658203,69.68000030517578,63.014888763427734,4381800
2023-11-13,69.41999816894531,69.68000030517578,69.36000061035156,69.66000366210938,62.99678421020508,6058600
2023-11-14,70.48999786376953,70.56999969482422,70.4000015258789,70.51000213623047,63.765480041503906,8237100
2023-11-15,70.22000122070312,70.23999786376953,70.02999877929688,70.12000274658203,63.41279983520508,6793500
2023-11-16,70.41000366210938,70.61000061035156,70.41000366210938,70.54000091552734,63.7926025390625,5623900
2023-11-17,70.61000061035156,70.69999694824219,70.4800033569336,70.63999938964844,63.88304901123047,5657300
2023-11-20,70.58000183105469,70.7699966430664,70.51000213623047,70.73999786376953,63.97348403930664,6959100
2023-11-21,70.80999755859375,70.87999725341797,70.66999816894531,70.83999633789062,64.06390380859375,5737800
2023-11-22,70.9800033569336,71.02999877929688,70.73999786376953,70.9000015258789,64.1181869506836,4949100
2023-11-24,70.6500015258789,70.69999694824219,70.55000305175781,70.55999755859375,63.810699462890625,3534800
2023-11-27,70.75,70.98999786376953,70.69999694824219,70.98999786376953,64.1995620727539,5257000
2023-11-28,70.94999694824219,71.30999755859375,70.9000015258789,71.29000091552734,64.47090148925781,7051400
2023-11-29,71.55000305175781,71.69999694824219,71.45999908447266,71.66000366210938,64.80551147460938,7615800
2023-11-30,71.51000213623047,71.5199966430664,71.30000305175781,71.43000030517578,64.59748077392578,9880000
2023-12-01,71.22000122070312,71.83999633789062,71.19999694824219,71.80999755859375,65.1244125366211,7643500
2023-12-04,71.56999969482422,71.66999816894531,71.41000366210938,71.5199966430664,64.86139678955078,11164600
2023-12-05,71.83000183105469,72.04000091552734,71.75,71.9800033569336,65.278564453125,8393500
2023-12-06,72.1500015258789,72.30999755859375,72.05000305175781,72.19000244140625,65.4690170288086,9365200
2023-12-07,72.11000061035156,72.36000061035156,72.0999984741211,72.16999816894531,65.45086669921875,9876000
2023-12-08,71.87000274658203,71.94999694824219,71.70999908447266,71.81999969482422,65.13346862792969,7349900
2023-12-11,71.79000091552734,71.87999725341797,71.61000061035156,71.83000183105469,65.14253234863281,12895800
2023-12-12,71.87000274658203,72.05999755859375,71.79000091552734,72.04000091552734,65.33299255371094,8052300
2023-12-13,72.20999908447266,73.01000213623047,72.16999816894531,72.95999908447266,66.16732788085938,7172600
2023-12-14,73.36000061035156,73.62999725341797,73.30000305175781,73.51000213623047,66.66612243652344,9105500
2023-12-15,73.4000015258789,73.52999877929688,73.30999755859375,73.4000015258789,66.56634521484375,7996700
2023-12-18,73.30000305175781,73.30999755859375,73.19999694824219,73.25,66.43033599853516,6144200
2023-12-19,73.36000061035156,73.47000122070312,73.33999633789062,73.38999938964844,66.55731201171875,6924100
2023-12-20,73.51000213623047,73.66999816894531,73.4000015258789,73.62999725341797,66.7749252319336,7496100
2023-12-21,73.77999877929688,73.81999969482422,73.51000213623047,73.62000274658203,66.76585388183594,6912600
2023-12-22,73.52999877929688,73.54000091552734,73.27999877929688,73.36000061035156,66.72130584716797,5890700
2023-12-26,73.3499984741211,73.4800033569336,73.31999969482422,73.43000030517578,66.78496551513672,6394600
2023-12-27,73.69999694824219,73.91999816894531,73.63999938964844,73.9000015258789,67.21245574951172,7467700
2023-12-28,73.80999755859375,73.88999938964844,73.63999938964844,73.72000122070312,67.0487289428711,8166600
2023-12-29,73.55000305175781,73.70999908447266,73.4800033569336,73.55000305175781,66.89411163330078,6939800
2024-01-02,73.26000213623047,73.36000061035156,73.19000244140625,73.23999786376953,66.6121826171875,8334200
2024-01-03,73.01000213623047,73.3499984741211,72.87999725341797,73.30000305175781,66.666748046875,6477200
2024-01-04,72.95999908447266,73.05000305175781,72.87999725341797,72.97000122070312,66.36663055419922,5056900
2024-01-05,72.76000213623047,73.16999816894531,72.69000244140625,72.75,66.16651916503906,6223400
2024-01-08,72.83000183105469,73.18000030517578,72.79000091552734,73.06999969482422,66.45755004882812,7937500
2024-01-09,72.9800033569336,73.13999938964844,72.94999694824219,73.05999755859375,66.44847106933594,5649400
2024-01-10,73.19000244140625,73.23999786376953,72.93000030517578,72.93000030517578,66.33021545410156,6578400
2024-01-11,73.04000091552734,73.36000061035156,72.94000244140625,73.30999755859375,66.67583465576172,7537300
2024-01-12,73.48999786376953,73.63999938964844,73.3499984741211,73.45999908447266,66.81227111816406,4461200
2024-01-16,73.20999908447266,73.2699966430664,72.8499984741211,72.94000244140625,66.33930969238281,5724700
2024-01-17,72.76000213623047,72.83999633789062,72.62999725341797,72.7699966430664,66.1847152709961,12370300
2024-01-18,72.80000305175781,72.83000183105469,72.58999633789062,72.66999816894531,66.09373474121094,6086200
2024-01-19,72.58000183105469,72.68000030517578,72.43000030517578,72.66999816894531,66.09373474121094,7883100
2024-01-22,72.88999938964844,72.94000244140625,72.76000213623047,72.79000091552734,66.20289611816406,10321400
2024-01-23,72.68000030517578,72.68000030517578,72.55000305175781,72.62000274658203,66.04828643798828,6840400
2024-01-24,72.93000030517578,72.93000030517578,72.44999694824219,72.47000122070312,65.91185760498047,7483800
2024-01-25,72.75,72.81999969482422,72.66000366210938,72.80999755859375,66.22108459472656,8361100
2024-01-26,72.81999969482422,72.81999969482422,72.6500015258789,72.69999694824219,66.12103271484375,9120500
2024-01-29,72.9000015258789,73.05999755859375,72.80999755859375,72.98999786376953,66.38479614257812,7677600
2024-01-30,73.16000366210938,73.18000030517578,72.87000274658203,73.12000274658203,66.50304412841797,6688100
2024-01-31,73.4000015258789,73.58999633789062,73.27999877929688,73.43000030517578,66.78496551513672,9916600
2024-02-01,73.51000213623047,73.83000183105469,73.4000015258789,73.66000366210938,67.18817138671875,12060800
2024-02-02,73.02999877929688,73.13999938964844,72.87000274658203,73.0,66.58610534667969,7820000
2024-02-05,72.58000183105469,72.61000061035156,72.3499984741211,72.41999816894531,66.05709075927734,7577100
2024-02-06,72.52999877929688,72.83000183105469,72.5,72.76000213623047,66.36721801757812,8310500
2024-02-07,72.6500015258789,72.86000061035156,72.61000061035156,72.62000274658203,66.23953247070312,9257500
2024-02-08,72.5,72.55999755859375,72.38999938964844,72.43000030517578,66.06622314453125,7987500
2024-02-09,72.33000183105469,72.4000015258789,72.29000091552734,72.37000274658203,66.0114974975586,5940700
2024-02-12,72.44999694824219,72.48999786376953,72.30999755859375,72.38999938964844,66.02972412109375,6063000
2024-02-13,71.9800033569336,72.0,71.73999786376953,71.76000213623047,65.45507049560547,12938800
2024-02-14,71.83000183105469,72.08999633789062,71.80999755859375,72.02999877929688,65.70137023925781,6915700
2024-02-15,72.30999755859375,72.33999633789062,72.11000061035156,72.2300033569336,65.88379669189453,6733900
2024-02-16,71.91000366210938,72.01000213623047,71.86000061035156,72.0,65.67401885986328,5029200
2024-02-20,72.12000274658203,72.20999908447266,72.05000305175781,72.08999633789062,65.75609588623047,7605000
2024-02-21,72.16999816894531,72.16999816894531,71.86000061035156,71.88999938964844,65.57366180419922,6625600
2024-02-22,71.93000030517578,72.0199966430664,71.83999633789062,71.91999816894531,65.60104370117188,11884200
2024-02-23,71.93000030517578,72.25,71.93000030517578,72.18000030517578,65.83819580078125,6147200
2024-02-26,72.19999694824219,72.19999694824219,71.93000030517578,72.05000305175781,65.71958923339844,5255800
2024-02-27,72.0199966430664,72.11000061035156,71.91000366210938,71.94000244140625,65.6192626953125,5534300
2024-02-28,72.0,72.12999725341797,71.95999908447266,72.0999984741211,65.76522827148438,5255300
2024-02-29,72.19999694824219,72.36000061035156,72.16999816894531,72.22000122070312,65.87467193603516,6002900
2024-03-01,71.94000244140625,72.37000274658203,71.80999755859375,72.31999969482422,66.1509017944336,6366800
2024-03-04,72.12999725341797,72.2300033569336,72.0999984741211,72.1500015258789,65.99539947509766,26404700
2024-03-05,72.44999694824219,72.62000274658203,72.38999938964844,72.54000091552734,66.35212707519531,6208600
2024-03-06,72.62000274658203,72.80999755859375,72.61000061035156,72.66999816894531,66.47103881835938,28955300
2024-03-07,72.83999633789062,72.8499984741211,72.66000366210938,72.79000091552734,66.58080291748047,7495500
2024-03-08,72.91000366210938,72.97000122070312,72.80999755859375,72.86000061035156,66.64484405517578,7187700
2024-03-11,72.9000015258789,72.91000366210938,72.76000213623047,72.83000183105469,66.6174087524414,5626200
2024-03-12,72.70999908447266,72.72000122070312,72.55000305175781,72.61000061035156,66.41616821289062,4699400
2024-03-13,72.54000091552734,72.62000274658203,72.47000122070312,72.48999786376953,66.30638122558594,6123200
2024-03-14,72.30000305175781,72.30000305175781,72.05000305175781,72.05999755859375,65.91307830810547,5214000
2024-03-15,72.02999877929688,72.11000061035156,71.97000122070312,72.0199966430664,65.87649536132812,4783900
2024-03-18,72.01000213623047,72.04000091552734,71.9000015258789,71.93000030517578,65.79417419433594,5284200
2024-03-19,72.05000305175781,72.19000244140625,72.0199966430664,72.12000274658203,65.96796417236328,4560100
2024-03-20,72.16999816894531,72.38999938964844,72.02999877929688,72.25,66.08688354492188,5287200
2024-03-21,72.4000015258789,72.44000244140625,72.23999786376953,72.30999755859375,66.14176940917969,5492900
2024-03-22,72.61000061035156,72.62000274658203,72.48999786376953,72.55000305175781,66.36128234863281,4169400
2024-03-25,72.5,72.5,72.36000061035156,72.41000366210938,66.23323059082031,7950500
2024-03-26,72.44000244140625,72.48999786376953,72.31999969482422,72.47000122070312,66.28811645507812,7603100
2024-03-27,72.56999969482422,72.75,72.5199966430664,72.72000122070312,66.51679229736328,7825200
2024-03-28,72.63999938964844,72.75,72.56999969482422,72.62999725341797,66.43446350097656,5326400
2024-04-01,72.1500015258789,72.19000244140625,71.86000061035156,71.91999816894531,65.98126983642578,6157500
2024-04-02,71.68000030517578,71.8499984741211,71.58000183105469,71.83999633789062,65.90785217285156,9043000
2024-04-03,71.6500015258789,71.9000015258789,71.55999755859375,71.88999938964844,65.95372772216797,5419200
2024-04-04,72.05999755859375,72.05999755859375,71.87000274658203,72.04000091552734,66.09135437011719,12412900
2024-04-05,71.7699966430664,71.93000030517578,71.68000030517578,71.68000030517578,65.76105499267578,11531700
2024-04-08,71.61000061035156,71.69999694824219,71.56999969482422,71.62000274658203,65.70602416992188,13873100
2024-04-09,71.81999969482422,71.93000030517578,71.80999755859375,71.87999725341797,65.94454956054688,8886200
2024-04-10,71.37999725341797,71.4000015258789,71.01000213623047,71.04000091552734,65.1739273071289,8196500
2024-04-11,71.19000244140625,71.2300033569336,70.91000366210938,71.04000091552734,65.1739273071289,16574100
2024-04-12,71.26000213623047,71.3499984741211,71.19000244140625,71.19999694824219,65.3206787109375,12479100
2024-04-15,70.8499984741211,70.86000061035156,70.62999725341797,70.7300033569336,64.88954162597656,8079200
2024-04-16,70.5199966430664,70.61000061035156,70.41999816894531,70.55000305175781,64.72435760498047,14378900
2024-04-17,70.7699966430664,70.94000244140625,70.66000366210938,70.88999938964844,65.03630828857422,6568500
2024-04-18,70.87999725341797,70.88999938964844,70.63999938964844,70.69999694824219,64.86199188232422,6349500
2024-04-19,70.8499984741211,70.87999725341797,70.7300033569336,70.79000091552734,64.9445571899414,8338300
2024-04-22,70.76000213623047,70.87999725341797,70.72000122070312,70.81999969482422,64.97208404541016,5938300
2024-04-23,70.77999877929688,71.11000061035156,70.70999908447266,70.94999694824219,65.09135437011719,6044400
2024-04-24,70.83999633789062,70.83999633789062,70.62999725341797,70.7699966430664,64.92620849609375,4616600
2024-04-25,70.44999694824219,70.58999633789062,70.37000274658203,70.56999969482422,64.74272155761719,5367500
2024-04-26,70.69999694824219,70.83000183105469,70.69999694824219,70.7300033569336,64.88954162597656,4256600
2024-04-29,70.8499984741211,70.9800033569336,70.81999969482422,70.94000244140625,65.08216094970703,4799500
2024-04-30,70.7300033569336,70.83999633789062,70.61000061035156,70.66999816894531,64.83445739746094,6605800
2024-05-01,70.5999984741211,70.93000030517578,70.5,70.70999908447266,65.0682144165039,8119200
2024-05-02,70.69000244140625,71.0199966430664,70.6500015258789,70.98999786376953,65.32584381103516,6014800
2024-05-03,71.44999694824219,71.55000305175781,71.18000030517578,71.3499984741211,65.65714263916016,7256900
2024-05-06,71.4000015258789,71.47000122070312,71.33999633789062,71.41999816894531,65.72154998779297,5584300
2024-05-07,71.63999938964844,71.7300033569336,71.51000213623047,71.55999755859375,65.85037994384766,4635400
2024-05-08,71.41999816894531,71.47000122070312,71.38999938964844,71.38999938964844,65.69395446777344,6774500
2024-05-09,71.4000015258789,71.62000274658203,71.36000061035156,71.58000183105469,65.86878967285156,4525200
2024-05-10,71.45999908447266,71.4800033569336,71.3499984741211,71.37999725341797,65.68474578857422,5562000
2024-05-13,71.5999984741211,71.5999984741211,71.43000030517578,71.44000244140625,65.73997497558594,5600500
2024-05-14,71.62999725341797,71.69999694824219,71.54000091552734,71.6500015258789,65.93321228027344,4272500
2024-05-15,72.0199966430664,72.16000366210938,71.94000244140625,72.11000061035156,66.35651397705078,4208200
2024-05-16,72.12999725341797,72.16000366210938,71.97000122070312,71.98999786376953,66.2460708618164,4359500
2024-05-17,71.93000030517578,71.98999786376953,71.80000305175781,71.80999755859375,66.08045196533203,4373500
2024-05-20,71.7699966430664,71.80000305175781,71.7300033569336,71.73999786376953,66.01602172851562,3699600
2024-05-21,71.93000030517578,71.93000030517578,71.8499984741211,71.88999938964844,66.154052734375,4612300
2024-05-22,71.73999786376953,71.87999725341797,71.72000122070312,71.80000305175781,66.07122802734375,4306200
2024-05-23,71.81999969482422,71.8499984741211,71.51000213623047,71.58999633789062,65.87799072265625,3589900
2024-05-24,71.56999969482422,71.69000244140625,71.52999877929688,71.66999816894531,65.95162200927734,4025200
2024-05-28,71.73999786376953,71.73999786376953,71.30999755859375,71.33000183105469,65.63871765136719,4743400
2024-05-29,71.19999694824219,71.20999908447266,70.97000122070312,71.06999969482422,65.39948272705078,4877500
2024-05-30,71.31999969482422,71.41999816894531,71.26000213623047,71.37999725341797,65.68474578857422,3723200
2024-05-31,71.55000305175781,71.68000030517578,71.54000091552734,71.63999938964844,65.92399597167969,4193000
2024-06-03,71.56999969482422,71.83000183105469,71.52999877929688,71.81999969482422,66.29230499267578,4798900
2024-06-04,71.95999908447266,72.13999938964844,71.91000366210938,72.08999633789062,66.54150390625,5298400
2024-06-05,72.18000030517578,72.30000305175781,72.0,72.29000091552734,66.72611236572266,5506400
2024-06-06,72.16999816894531,72.33000183105469,72.16999816894531,72.30000305175781,66.73534393310547,4119700
2024-06-07,71.83000183105469,71.83000183105469,71.70999908447266,71.72000122070312,66.19998168945312,3826500
2024-06-10,71.62000274658203,71.6500015258789,71.54000091552734,71.61000061035156,66.09844207763672,3925100
2024-06-11,71.68000030517578,71.93000030517578,71.66000366210938,71.9000015258789,66.36612701416016,4073200
2024-06-12,72.41999816894531,72.58000183105469,72.22000122070312,72.2300033569336,66.67074584960938,4495700
2024-06-13,72.45999908447266,72.63999938964844,72.38999938964844,72.55000305175781,66.96610260009766,4339600
2024-06-14,72.66000366210938,72.7300033569336,72.5999984741211,72.66000366210938,67.06767272949219,3527000
2024-06-17,72.37000274658203,72.41000366210938,72.29000091552734,72.38999938964844,66.81842041015625,4019000
2024-06-18,72.4800033569336,72.73999786376953,72.47000122070312,72.63999938964844,67.04917907714844,8491900
2024-06-20,72.4000015258789,72.52999877929688,72.3499984741211,72.5,66.91996002197266,4227800
2024-06-21,72.63999938964844,72.68000030517578,72.43000030517578,72.5199966430664,66.93840789794922,4115300
2024-06-24,72.54000091552734,72.58000183105469,72.45999908447266,72.55999755859375,66.9753189086914,31937200
2024-06-25,72.56999969482422,72.61000061035156,72.4800033569336,72.5999984741211,67.01225280761719,5958500
2024-06-26,72.30000305175781,72.31999969482422,72.2300033569336,72.26000213623047,66.69844818115234,5910600
2024-06-27,72.4000015258789,72.45999908447266,72.36000061035156,72.38999938964844,66.81842041015625,5514800
2024-06-28,72.55000305175781,72.55000305175781,72.05000305175781,72.05000305175781,66.50457763671875,4824500
2024-07-01,71.58000183105469,71.76000213623047,71.4000015258789,71.44999694824219,66.1536865234375,4960000
2024-07-02,71.69000244140625,71.73999786376953,71.56999969482422,71.66000366210938,66.34812927246094,6080100
2024-07-03,71.86000061035156,72.0999984741211,71.80999755859375,72.06999969482422,66.72770690917969,4438600
2024-07-05,72.26000213623047,72.44999694824219,72.22000122070312,72.4000015258789,67.03327178955078,4201700
2024-07-08,72.38999938964844,72.44999694824219,72.29000091552734,72.4000015258789,67.03327178955078,4742300
2024-07-09,72.37000274658203,72.41999816894531,72.20999908447266,72.37000274658203,67.0054931640625,8533200
2024-07-10,72.41999816894531,72.47000122070312,72.31999969482422,72.43000030517578,67.06105041503906,5591500
2024-07-11,72.83000183105469,72.94000244140625,72.7699966430664,72.79000091552734,67.39434814453125,4978100
2024-07-12,72.8499984741211,72.9800033569336,72.80000305175781,72.9800033569336,67.57027435302734,4656800
2024-07-15,72.80999755859375,72.91000366210938,72.7300033569336,72.75,67.3573226928711,4557200
2024-07-16,72.81999969482422,73.04000091552734,72.80999755859375,73.02999877929688,67.61656188964844,4636600
2024-07-17,72.94000244140625,73.13999938964844,72.88999938964844,73.0999984741211,67.6813735961914,8365100
2024-07-18,72.9800033569336,73.11000061035156,72.87000274658203,72.91000366210938,67.50545501708984,7673700
2024-07-19,72.98999786376953,72.98999786376953,72.69999694824219,72.72000122070312,67.32955932617188,5593100
2024-07-22,72.83000183105469,72.8499984741211,72.5999984741211,72.69000244140625,67.30177307128906,5055700
2024-07-23,72.7300033569336,72.83000183105469,72.69000244140625,72.69999694824219,67.3110122680664,6981700
2024-07-24,72.79000091552734,72.83999633789062,72.48999786376953,72.48999786376953,67.1165771484375,5080200
2024-07-25,72.56999969482422,72.80999755859375,72.56999969482422,72.6500015258789,67.26475524902344,4567700
2024-07-26,72.88999938964844,72.95999908447266,72.83999633789062,72.94000244140625,67.53323364257812,3692700
2024-07-29,73.05000305175781,73.13999938964844,72.95999908447266,73.02999877929688,67.61656188964844,5185000
2024-07-30,73.13999938964844,73.16999816894531,72.97000122070312,73.12000274658203,67.69990539550781,4282400
2024-07-31,73.37999725341797,73.5199966430664,73.19000244140625,73.5199966430664,68.07022857666016,6041400
2024-08-01,73.5,73.68000030517578,73.44000244140625,73.56999969482422,68.32471466064453,8733700
2024-08-02,74.12999725341797,74.44000244140625,74.0,74.41000366210938,69.10482788085938,6476300
2024-08-05,74.79000091552734,74.80000305175781,74.19000244140625,74.33999633789062,69.0398178100586,8354200
2024-08-06,74.26000213623047,74.27999877929688,73.87999725341797,73.87999725341797,68.61260223388672,6484400
2024-08-07,73.80999755859375,73.87999725341797,73.58999633789062,73.69999694824219,68.4454345703125,5907200
2024-08-08,73.5,73.62999725341797,73.47000122070312,73.58999633789062,68.34327697753906,4357500
2024-08-09,73.9000015258789,73.94000244140625,73.80999755859375,73.8499984741211,68.5847396850586,6093100
2024-08-12,73.80999755859375,74.0199966430664,73.73999786376953,73.9800033569336,68.70548248291016,4822900
2024-08-13,74.19000244140625,74.2699966430664,74.13999938964844,74.26000213623047,68.96550750732422,4049000
2024-08-14,74.30999755859375,74.4800033569336,74.26000213623047,74.4000015258789,69.09554290771484,6333600
2024-08-15,73.95999908447266,74.08999633789062,73.91000366210938,74.08999633789062,68.80763244628906,5108300
2024-08-16,74.22000122070312,74.25,74.05000305175781,74.25,68.95623016357422,4647700
2024-08-19,74.23999786376953,74.41999816894531,74.20999908447266,74.33999633789062,69.0398178100586,4964700
2024-08-20,74.48999786376953,74.58000183105469,74.41000366210938,74.55999755859375,69.24412536621094,4444000
2024-08-21,74.6500015258789,74.83999633789062,74.5,74.72000122070312,69.39271545410156,4541800
2024-08-22,74.55999755859375,74.58000183105469,74.33000183105469,74.41999816894531,69.11408233642578,3999700
2024-08-23,74.58000183105469,74.77999877929688,74.4800033569336,74.75,69.42058563232422,4292000
2024-08-26,74.8499984741211,74.8499984741211,74.66999816894531,74.66999816894531,69.34628295898438,4427200
2024-08-27,74.51000213623047,74.69999694824219,74.48999786376953,74.66999816894531,69.34628295898438,3715900
2024-08-28,74.66999816894531,74.7300033569336,74.5999984741211,74.62000274658203,69.29983520507812,5179900
2024-08-29,74.51000213623047,74.55999755859375,74.41999816894531,74.51000213623047,69.19769287109375,3840800
2024-08-30,74.55000305175781,74.63999938964844,74.31999969482422,74.36000061035156,69.05838775634766,5037400
2024-09-03,74.41000366210938,74.55999755859375,74.33000183105469,74.44999694824219,69.3527603149414,6220100
2024-09-04,74.48999786376953,74.80999755859375,74.47000122070312,74.77999877929688,69.66014862060547,7338600
2024-09-05,74.93000030517578,74.98999786376953,74.7300033569336,74.95999908447266,69.82784271240234,9994300
2024-09-06,75.0,75.36000061035156,74.87000274658203,75.05000305175781,69.91167449951172,22536000
2024-09-09,75.02999877929688,75.20999908447266,74.94000244140625,75.1500015258789,70.00482940673828,5040900
2024-09-10,75.18000030517578,75.41999816894531,75.13999938964844,75.4000015258789,70.23770141601562,5653900
2024-09-11,75.27999877929688,75.51000213623047,75.2300033569336,75.36000061035156,70.20045471191406,6471000
2024-09-12,75.33000183105469,75.38999938964844,75.19000244140625,75.27999877929688,70.12593078613281,5685400
2024-09-13,75.45999908447266,75.5199966430664,75.36000061035156,75.44000244140625,70.27499389648438,4786700
2024-09-16,75.5,75.66999816894531,75.44000244140625,75.63999938964844,70.46126556396484,4734900
2024-09-17,75.63999938964844,75.66000366210938,75.5,75.54000091552734,70.36811828613281,5398400
2024-09-18,75.41999816894531,75.66999816894531,75.30000305175781,75.30999755859375,70.15386199951172,5695700
2024-09-19,75.22000122070312,75.3499984741211,75.16999816894531,75.30999755859375,70.15386199951172,5135600
2024-09-20,75.22000122070312,75.38999938964844,75.13999938964844,75.30000305175781,70.14453887939453,4265000
2024-09-23,75.18000030517578,75.36000061035156,75.05000305175781,75.25,70.09797668457031,6632500
2024-09-24,75.12000274658203,75.37000274658203,75.06999969482422,75.33999633789062,70.18180847167969,5017900
2024-09-25,75.2300033569336,75.2300033569336,75.05999755859375,75.05999755859375,69.92098236083984,4793100
2024-09-26,75.13999938964844,75.16999816894531,74.91999816894531,75.05999755859375,69.92098236083984,4919700
2024-09-27,75.2300033569336,75.33000183105469,75.1500015258789,75.27999877929688,70.12593078613281,3927900
2024-09-30,75.25,75.26000213623047,75.02999877929688,75.11000061035156,69.9675521850586,5661900
2024-10-01,75.12999725341797,75.26000213623047,75.05000305175781,75.11000061035156,70.17403411865234,6267100
2024-10-02,74.8499984741211,75.0,74.7699966430664,74.97000122070312,70.04324340820312,6902500
2024-10-03,74.83000183105469,74.8499984741211,74.63999938964844,74.63999938964844,69.73493194580078,7733800
2024-10-04,74.16999816894531,74.30000305175781,74.11000061035156,74.1500015258789,69.27713775634766,5218300
2024-10-07,73.94000244140625,74.0199966430664,73.88999938964844,73.93000030517578,69.07157897949219,7044200
2024-10-08,73.87999725341797,74.04000091552734,73.81999969482422,74.04000091552734,69.17434692382812,8642400
2024-10-09,73.94000244140625,73.94000244140625,73.80000305175781,73.83999633789062,68.98748016357422,4997800
2024-10-10,73.79000091552734,73.8499984741211,73.62000274658203,73.80999755859375,68.95946502685547,4579000
2024-10-11,73.83000183105469,73.91999816894531,73.7300033569336,73.81999969482422,68.96881103515625,8508000
2024-10-14,73.5999984741211,73.7699966430664,73.58000183105469,73.7699966430664,68.92208862304688,3380100
2024-10-15,73.98999786376953,74.08999633789062,73.8499984741211,74.05999755859375,69.19304656982422,4456200
2024-10-16,74.13999938964844,74.23999786376953,74.11000061035156,74.16000366210938,69.28646087646484,7437800
2024-10-17,73.98999786376953,73.98999786376953,73.76000213623047,73.80000305175781,68.95011138916016,4250400
2024-10-18,73.9000015258789,73.9800033569336,73.83999633789062,73.83999633789062,68.98748016357422,3930300
2024-10-21,73.6500015258789,73.6500015258789,73.31999969482422,73.33999633789062,68.52035522460938,5259900
2024-10-22,73.44999694824219,73.48999786376953,73.27999877929688,73.37000274658203,68.5483627319336,4633000
2024-10-23,73.36000061035156,73.37000274658203,73.08000183105469,73.19000244140625,68.38021850585938,6429400
2024-10-24,73.27999877929688,73.44000244140625,73.16999816894531,73.30999755859375,68.49232482910156,6219500
2024-10-25,73.4800033569336,73.4800033569336,73.12999725341797,73.16000366210938,68.35218048095703,4641400
2024-10-28,73.23999786376953,73.27999877929688,72.94999694824219,73.06999969482422,68.2680892944336,4582800
2024-10-29,72.9000015258789,73.13999938964844,72.79000091552734,73.12999725341797,68.32415771484375,5543800
2024-10-30,73.2699966430664,73.43000030517578,73.0199966430664,73.05999755859375,68.25875091552734,4610300
2024-10-31,72.94999694824219,73.16000366210938,72.83000183105469,73.05000305175781,68.24942779541016,6115700
2024-11-01,73.04000091552734,73.08000183105469,72.51000213623047,72.54000091552734,67.985107421875,6409800
2024-11-04,72.81999969482422,73.01000213623047,72.69999694824219,72.83000183105469,68.25691223144531,6860100
2024-11-05,72.5999984741211,73.02999877929688,72.5999984741211,73.01000213623047,68.42558288574219,6236900
2024-11-06,72.26000213623047,72.58999633789062,72.2300033569336,72.41000366210938,67.86328125,6382500
2024-11-07,72.5,73.02999877929688,72.5,72.94999694824219,68.369384765625,6590200
2024-11-08,72.95999908447266,73.23999786376953,72.95999908447266,73.08999633789062,68.50057220458984,5398500
2024-11-11,73.0,73.0,72.8499984741211,72.94999694824219,68.369384765625,4372000
2024-11-12,72.73999786376953,72.81999969482422,72.45999908447266,72.51000213623047,67.95700073242188,7197800
2024-11-13,72.91999816894531,72.91999816894531,72.41000366210938,72.4800033569336,67.92890167236328,5458100
2024-11-14,72.5999984741211,72.72000122070312,72.41000366210938,72.45999908447266,67.9101333618164,6643300
2024-11-15,72.33999633789062,72.66000366210938,72.19999694824219,72.4800033569336,67.92890167236328,18467300
2024-11-18,72.4000015258789,72.61000061035156,72.33000183105469,72.55000305175781,67.99449157714844,4964800
2024-11-19,72.76000213623047,72.77999877929688,72.66000366210938,72.68000030517578,68.11632537841797,4900500
2024-11-20,72.51000213623047,72.69000244140625,72.5,72.5999984741211,68.04132843017578,6557800
2024-11-21,72.5999984741211,72.73999786376953,72.5,72.55999755859375,68.00385284423828,5115500
2024-11-22,72.62000274658203,72.66999816894531,72.5199966430664,72.58999633789062,68.03197479248047,10409500
2024-11-25,73.01000213623047,73.2699966430664,73.01000213623047,73.26000213623047,68.65989685058594,10207100
2024-11-26,73.18000030517578,73.18000030517578,72.94000244140625,73.12999725341797,68.53807067871094,5537900
2024-11-27,73.20999908447266,73.41999816894531,73.20999908447266,73.33000183105469,68.72550201416016,5366600
2024-11-29,73.5,73.62999725341797,73.5,73.5999984741211,68.97856140136719,3870800
2024-12-02,73.29000091552734,73.4800033569336,73.16999816894531,73.41999816894531,69.01899719238281,6212800
2024-12-03,73.52999877929688,73.55000305175781,73.19999694824219,73.25,68.8591537475586,6249200
2024-12-04,73.19999694824219,73.55000305175781,73.08999633789062,73.5,69.09420776367188,6769700
2024-12-05,73.37999725341797,73.55999755859375,73.3499984741211,73.51000213623047,69.10359191894531,6146200
2024-12-06,73.7300033569336,73.79000091552734,73.56999969482422,73.70999908447266,69.29161071777344,4880500
2024-12-09,73.6500015258789,73.6500015258789,73.47000122070312,73.48999786376953,69.08477783203125,5432900
2024-12-10,73.37999725341797,73.47000122070312,73.31999969482422,73.41000366210938,69.00959014892578,5751900
2024-12-11,73.58999633789062,73.58999633789062,73.22000122070312,73.25,68.8591537475586,4642900
2024-12-12,73.01000213623047,73.20999908447266,72.93000030517578,72.95999908447266,68.58655548095703,6880600
2024-12-13,72.91000366210938,72.91000366210938,72.63999938964844,72.66999816894531,68.31392669677734,5171400
2024-12-16,72.75,72.88999938964844,72.6500015258789,72.75,68.38914489746094,7871100
2024-12-17,72.73999786376953,72.83999633789062,72.70999908447266,72.76000213623047,68.39854431152344,6084800
2024-12-18,72.76000213623047,72.81999969482422,72.18000030517578,72.19000244140625,67.86270904541016,7962700
2024-12-19,72.04000091552734,72.12000274658203,71.87999725341797,71.98999786376953,67.67469787597656,7669100
2024-12-20,72.30000305175781,72.41000366210938,72.19000244140625,72.20999908447266,67.88150024414062,6696400
2024-12-23,72.12999725341797,72.20999908447266,71.94000244140625,71.9800033569336,67.66529846191406,7605400
2024-12-24,71.6500015258789,71.8499984741211,71.62000274658203,71.8499984741211,67.762451171875,4185300
2024-12-26,71.62999725341797,71.91999816894531,71.62999725341797,71.9000015258789,67.8095932006836,8714400
2024-12-27,71.88999938964844,71.93000030517578,71.73999786376953,71.75,67.66812133789062,9018700
2024-12-30,71.9000015258789,72.08000183105469,71.9000015258789,72.02999877929688,67.93221282958984,8054500
2024-12-31,72.08999633789062,72.16999816894531,71.87999725341797,71.91000366210938,67.81903839111328,8724200
2025-01-02,72.19000244140625,72.19000244140625,71.8499984741211,71.94000244140625,67.84732818603516,8053300
2025-01-03,71.97000122070312,72.05999755859375,71.83000183105469,71.8499984741211,67.762451171875,6857000
2025-01-06,71.77999877929688,71.87999725341797,71.69999694824219,71.77999877929688,67.6964340209961,5375700
2025-01-07,71.72000122070312,71.7699966430664,71.44000244140625,71.52999877929688,67.46065521240234,7875900
2025-01-08,71.4800033569336,71.66000366210938,71.44999694824219,71.61000061035156,67.53608703613281,5844300
2025-01-10,71.73999786376953,71.73999786376953,71.18000030517578,71.23999786376953,67.1871337890625,9602400
2025-01-13,71.23999786376953,71.25,71.0999984741211,71.16999816894531,67.12112426757812,11856300
2025-01-14,71.1500015258789,71.25,71.11000061035156,71.22000122070312,67.16828155517578,5166000
2025-01-15,71.5999984741211,71.87999725341797,71.5999984741211,71.79000091552734,67.70585632324219,5867900
2025-01-16,71.69999694824219,72.02999877929688,71.63999938964844,71.93000030517578,67.83789825439453,8494100
2025-01-17,72.0999984741211,72.0999984741211,71.91000366210938,71.94999694824219,67.85677337646484,5600200
2025-01-21,72.20999908447266,72.20999908447266,72.06999969482422,72.16000366210938,68.05479431152344,8491600
2025-01-22,72.1500015258789,72.19999694824219,71.97000122070312,72.01000213623047,67.91332244873047,6616600
2025-01-23,72.0,72.0,71.80000305175781,71.9000015258789,67.8095932006836,7529700
2025-01-24,72.0,72.08999633789062,71.87000274658203,72.04000091552734,67.94163513183594,5555700
2025-01-27,72.33999633789062,72.44000244140625,72.26000213623047,72.41999816894531,68.30000305175781,8621200
2025-01-28,72.38999938964844,72.38999938964844,72.20999908447266,72.37999725341797,68.26226043701172,4424300
2025-01-29,72.43000030517578,72.48999786376953,72.16999816894531,72.33999633789062,68.22455596923828,5780200
2025-01-30,72.45999908447266,72.52999877929688,72.37999725341797,72.44000244140625,68.31887817382812,5622300
2025-01-31,72.4800033569336,72.54000091552734,72.19999694824219,72.33999633789062,68.22455596923828,6738300
2025-02-03,72.2300033569336,72.43000030517578,72.05999755859375,72.16999816894531,68.28604888916016,7163800
2025-02-04,72.04000091552734,72.29000091552734,71.97000122070312,72.2699966430664,68.38067626953125,7296200
2025-02-05,72.5199966430664,72.76000213623047,72.5,72.63999938964844,68.73076629638672,8981700
2025-02-06,72.55999755859375,72.6500015258789,72.4800033569336,72.55999755859375,68.65506744384766,5722100
2025-02-07,72.38999938964844,72.44000244140625,72.2699966430664,72.33999633789062,68.44690704345703,6415300
2025-02-10,72.44999694824219,72.51000213623047,72.31999969482422,72.36000061035156,68.46585083007812,5439200
2025-02-11,72.30999755859375,72.30999755859375,72.18000030517578,72.23999786376953,68.352294921875,6870800
2025-02-12,71.93000030517578,71.98999786376953,71.75,71.87000274658203,68.00222778320312,5279600
2025-02-13,72.16000366210938,72.37000274658203,72.06999969482422,72.30000305175781,68.4090576171875,6452900
2025-02-14,72.45999908447266,72.68000030517578,72.45999908447266,72.52999877929688,68.62667846679688,6131500
2025-02-18,72.3499984741211,72.44999694824219,72.25,72.26000213623047,68.37123107910156,7151700
2025-02-19,72.29000091552734,72.38999938964844,72.20999908447266,72.36000061035156,68.46585083007812,4720700
2025-02-20,72.45999908447266,72.5,72.41999816894531,72.44999694824219,68.55099487304688,6199000
2025-02-21,72.54000091552734,72.86000061035156,72.52999877929688,72.7699966430664,68.8537826538086,4460600
2025-02-24,72.69999694824219,72.91999816894531,72.69000244140625,72.87000274658203,68.94839477539062,5580100
2025-02-25,73.11000061035156,73.33000183105469,73.05000305175781,73.33000183105469,69.38362121582031,4835300
2025-02-26,73.30999755859375,73.4800033569336,73.20999908447266,73.44000244140625,69.48772430419922,5825400
2025-02-27,73.30999755859375,73.41999816894531,73.22000122070312,73.3499984741211,69.4025650024414,14908500
2025-02-28,73.5199966430664,73.69000244140625,73.41000366210938,73.66000366210938,69.69588470458984,8363500
2025-03-03,73.25,73.62999725341797,73.22000122070312,73.61000061035156,69.85626220703125,7549300
2025-03-04,73.61000061035156,73.75,73.31999969482422,73.4000015258789,69.65697479248047,7693100
2025-03-05,73.30000305175781,73.5199966430664,73.12999725341797,73.13999938964844,69.41023254394531,7758400
2025-03-06,73.11000061035156,73.19999694824219,72.9000015258789,73.08000183105469,69.35328674316406,7196400
2025-03-07,73.33000183105469,73.37000274658203,72.94999694824219,73.0,69.27735900878906,5036100
2025-03-10,73.30000305175781,73.47000122070312,73.2699966430664,73.33999633789062,69.60001373291016,8167000
2025-03-11,73.19999694824219,73.43000030517578,73.04000091552734,73.05999755859375,69.33432006835938,8359200
2025-03-12,72.91000366210938,73.05999755859375,72.88999938964844,72.91000366210938,69.19196319580078,6193000
2025-03-13,72.91999816894531,73.1500015258789,72.7699966430664,73.12999725341797,69.4007339477539,4711400
2025-03-14,73.0199966430664,73.06999969482422,72.94000244140625,72.94999694824219,69.22991943359375,5094900
2025-03-17,73.12999725341797,73.23999786376953,73.01000213623047,73.05000305175781,69.32483673095703,4772900
2025-03-18,72.9800033569336,73.22000122070312,72.97000122070312,73.12999725341797,69.4007339477539,4196100
2025-03-19,73.06999969482422,73.37999725341797,73.0,73.3499984741211,69.60951232910156,4201600
2025-03-20,73.6500015258789,73.66999816894531,73.3499984741211,73.37999725341797,69.63798522949219,3760700
2025-03-21,73.44000244140625,73.5199966430664,73.30000305175781,73.31999969482422,69.58104705810547,7078500
2025-03-24,73.19000244140625,73.22000122070312,72.9800033569336,73.0,69.27735900878906,5637000
2025-03-25,73.0,73.16999816894531,72.98999786376953,73.08999633789062,69.36277770996094,6133700
2025-03-26,73.0199966430664,73.05999755859375,72.88999938964844,72.93000030517578,69.21092987060547,4856900
2025-03-27,72.87999725341797,72.91999816894531,72.81999969482422,72.9000015258789,69.18247985839844,5567900
2025-03-28,73.16000366210938,73.3499984741211,73.06999969482422,73.31999969482422,69.58104705810547,4850500
2025-03-31,73.5,73.55999755859375,73.2699966430664,73.44999694824219,69.70441436767578,7106000
2025-04-01,73.22000122070312,73.58000183105469,73.20999908447266,73.44000244140625,69.92342376708984,4667900
2025-04-02,73.61000061035156,73.62000274658203,73.18000030517578,73.37999725341797,69.86627960205078,5313100
2025-04-03,73.76000213623047,74.0,73.62000274658203,73.76000213623047,70.22810363769531,7426200
2025-04-04,74.19999694824219,74.33999633789062,73.70999908447266,73.81999969482422,70.28520965576172,12678000
2025-04-07,73.6500015258789,73.69000244140625,72.8499984741211,72.93000030517578,69.43781280517578,14283000
2025-04-08,72.91999816894531,73.05000305175781,72.45999908447266,72.51000213623047,69.03793334960938,12629200
2025-04-09,71.48999786376953,72.69999694824219,71.4800033569336,72.68000030517578,69.19979858398438,20862000
2025-04-10,72.41999816894531,72.61000061035156,72.05999755859375,72.0999984741211,68.64756774902344,8058500
2025-04-11,71.69000244140625,72.1500015258789,71.41000366210938,72.0199966430664,68.57139587402344,7260400
2025-04-14,72.22000122070312,72.52999877929688,72.19999694824219,72.43000030517578,68.9617691040039,5409300
2025-04-15,72.36000061035156,72.73999786376953,72.3499984741211,72.61000061035156,69.1331558227539,5667500
2025-04-16,72.66000366210938,72.8499984741211,72.51000213623047,72.80999755859375,69.32357025146484,33963000
2025-04-17,72.79000091552734,72.83000183105469,72.5999984741211,72.6500015258789,69.17123413085938,7613800
2025-04-21,72.48999786376953,72.63999938964844,72.25,72.25,68.79039001464844,6092900
2025-04-22,72.48999786376953,72.52999877929688,72.37000274658203,72.37999725341797,68.9141616821289,5408200
2025-04-23,72.81999969482422,73.12999725341797,72.5,72.52999877929688,69.05699157714844,5283000
2025-04-24,72.80000305175781,72.94999694824219,72.75,72.94000244140625,69.44734954833984,3751500
2025-04-25,73.08999633789062,73.19000244140625,73.01000213623047,73.18000030517578,69.67584991455078,4021800
2025-04-28,73.0999984741211,73.38999938964844,73.08999633789062,73.36000061035156,69.84724426269531,4685400
2025-04-29,73.29000091552734,73.55999755859375,73.27999877929688,73.55000305175781,70.02814483642578,3790700
2025-04-30,73.5,73.58000183105469,73.37000274658203,73.5,69.98053741455078,8020700
2025-05-01,73.33999633789062,73.37000274658203,72.94999694824219,73.05999755859375,69.78568267822266,6295400
2025-05-02,72.70999908447266,72.8499984741211,72.61000061035156,72.69999694824219,69.44182586669922,6960800
2025-05-05,72.62999725341797,72.69000244140625,72.4800033569336,72.5999984741211,69.34629821777344,7575000
2025-05-06,72.55999755859375,72.7699966430664,72.5,72.76000213623047,69.4991226196289,6994000
2025-05-07,72.80000305175781,72.97000122070312,72.79000091552734,72.9000015258789,69.63285827636719,4357400
2025-05-08,72.86000061035156,72.91999816894531,72.51000213623047,72.51000213623047,69.26031494140625,4283200
2025-05-09,72.61000061035156,72.73999786376953,72.55999755859375,72.56999969482422,69.31763458251953,3730700
2025-05-12,72.30000305175781,72.44999694824219,72.30000305175781,72.31999969482422,69.07884216308594,6982800
2025-05-13,72.30000305175781,72.43000030517578,72.19999694824219,72.29000091552734,69.0501937866211,5610300
2025-05-14,72.23999786376953,72.29000091552734,72.01000213623047,72.04000091552734,68.81140899658203,6426700
2025-05-15,72.25,72.44999694824219,72.16999816894531,72.43000030517578,69.18391418457031,5659000
2025-05-16,72.62000274658203,72.68000030517578,72.44999694824219,72.4800033569336,69.2316665649414,5310000
2025-05-19,72.16999816894531,72.4800033569336,72.05999755859375,72.45999908447266,69.21256256103516,5787700
2025-05-20,72.30000305175781,72.38999938964844,72.19999694824219,72.33000183105469,69.08838653564453,5810300
2025-05-21,72.1500015258789,72.19999694824219,71.80000305175781,71.87999725341797,68.6585464477539,10880400
2025-05-22,71.87000274658203,72.08999633789062,71.76000213623047,72.08000183105469,68.849609375,7067200
2025-05-23,72.2699966430664,72.29000091552734,72.08999633789062,72.19000244140625,68.95465850830078,4272600
2025-05-27,72.37000274658203,72.5999984741211,72.31999969482422,72.52999877929688,69.2794418334961,6148800
2025-05-28,72.41000366210938,72.45999908447266,72.29000091552734,72.37000274658203,69.12660217285156,5214700
2025-05-29,72.4800033569336,72.69999694824219,72.4800033569336,72.62999725341797,69.37495422363281,4685800
2025-05-30,72.62999725341797,72.77999877929688,72.54000091552734,72.7699966430664,69.50867462158203,5995600
2025-06-02,72.3499984741211,72.52999877929688,72.23999786376953,72.37000274658203,69.35533142089844,6888000
2025-06-03,72.44000244140625,72.5,72.26000213623047,72.29000091552734,69.27867889404297,7436800
2025-06-04,72.54000091552734,72.80999755859375,72.51000213623047,72.73999786376953,69.70992279052734,8343000
2025-06-05,72.76000213623047,72.83000183105469,72.58000183105469,72.5999984741211,69.57576751708984,6620600
2025-06-06,72.37000274658203,72.48999786376953,72.19000244140625,72.20999908447266,69.20199584960938,14677200
2025-06-09,72.19999694824219,72.38999938964844,72.19999694824219,72.31999969482422,69.30741119384766,10147300
2025-06-10,72.51000213623047,72.55999755859375,72.37999725341797,72.45999908447266,69.44158172607422,9257000
2025-06-11,72.58999633789062,72.72000122070312,72.5199966430664,72.69000244140625,69.66201782226562,8034900
2025-06-12,72.9000015258789,72.97000122070312,72.81999969482422,72.95999908447266,69.92076110839844,5950100
2025-06-13,72.80999755859375,72.8499984741211,72.55000305175781,72.69999694824219,69.6716079711914,5656200
2025-06-16,72.6500015258789,72.79000091552734,72.55000305175781,72.55999755859375,69.53742980957031,6415500
2025-06-17,72.69000244140625,72.81999969482422,72.5999984741211,72.79000091552734,69.7578353881836,5123400
2025-06-18,72.87000274658203,73.0199966430664,72.76000213623047,72.83000183105469,69.79617309570312,5176900
2025-06-20,72.70999908447266,72.95999908447266,72.66999816894531,72.87999725341797,69.84410858154297,5396600
2025-06-23,73.05000305175781,73.22000122070312,72.9800033569336,73.05999755859375,70.01659393310547,5391900
2025-06-24,72.98999786376953,73.31999969482422,72.98999786376953,73.27999877929688,70.22742462158203,8789700
2025-06-25,73.19000244140625,73.30999755859375,73.0999984741211,73.30000305175781,70.2466049194336,5346300
2025-06-26,73.37000274658203,73.5199966430664,73.30000305175781,73.51000213623047,70.44784545898438,5373300
2025-06-27,73.37999725341797,73.55000305175781,73.31999969482422,73.33999633789062,70.28491973876953,6928700
2025-06-30,73.51000213623047,73.66999816894531,73.44999694824219,73.62999725341797,70.56283569335938,6986700
2025-07-01,73.38999938964844,73.44999694824219,73.2300033569336,73.33999633789062,70.50996398925781,6286300
2025-07-02,73.16999816894531,73.26000213623047,73.13999938964844,73.26000213623047,70.43306732177734,6342300
2025-07-03,73.12999725341797,73.16999816894531,73.04000091552734,73.08000183105469,70.26001739501953,6428400
2025-07-07,72.95999908447266,73.0199966430664,72.79000091552734,72.83999633789062,70.0292739868164,8191000
2025-07-08,72.73999786376953,72.80000305175781,72.69999694824219,72.80000305175781,69.99081420898438,5934200
2025-07-09,72.88999938964844,73.0999984741211,72.88999938964844,73.08999633789062,70.26962280273438,6720200
2025-07-10,73.08000183105469,73.11000061035156,72.97000122070312,73.0999984741211,70.27922058105469,6650900
2025-07-11,72.88999938964844,72.9000015258789,72.7699966430664,72.80000305175781,69.99081420898438,4962400
2025-07-14,72.7699966430664,72.86000061035156,72.69999694824219,72.79000091552734,69.98119354248047,5624700
2025-07-15,72.87999725341797,72.87999725341797,72.55000305175781,72.56999969482422,69.76969146728516,5908400
2025-07-16,72.69999694824219,72.77999877929688,72.5199966430664,72.70999908447266,69.90428161621094,7874900
2025-07-17,72.72000122070312,72.81999969482422,72.68000030517578,72.7300033569336,69.92351531982422,6857300
2025-07-18,72.87999725341797,72.9000015258789,72.80999755859375,72.8499984741211,70.03889465332031,5206800
2025-07-21,73.0999984741211,73.18000030517578,73.04000091552734,73.05999755859375,70.24078369140625,5338500
2025-07-22,73.0999984741211,73.23999786376953,73.08000183105469,73.18000030517578,70.35614776611328,5507300
2025-07-23,73.08000183105469,73.12000274658203,73.0,73.02999877929688,70.21192169189453,5269400
2025-07-24,72.83999633789062,73.04000091552734,72.81999969482422,72.94000244140625,70.12541961669922,6139200
2025-07-25,72.94999694824219,73.12000274658203,72.93000030517578,73.12000274658203,70.29846954345703,4845900
2025-07-28,73.0199966430664,73.05000305175781,72.95999908447266,73.0,70.18309020996094,5806600
2025-07-29,73.08000183105469,73.38999938964844,73.08000183105469,73.37999725341797,70.54843139648438,7397900
2025-07-30,73.19000244140625,73.3499984741211,73.12999725341797,73.19000244140625,70.36576843261719,5554600
2025-07-31,73.3499984741211,73.36000061035156,73.18000030517578,73.19999694824219,70.37537384033203,6463200
2025-08-01,73.5,73.61000061035156,73.37999725341797,73.58999633789062,70.98500061035156,10782300
2025-08-04,73.62999725341797,73.6500015258789,73.5,73.63999938964844,71.03324890136719,6834400
2025-08-05,73.55999755859375,73.69999694824219,73.54000091552734,73.66999816894531,71.06217193603516,8145300
2025-08-06,73.56999969482422,73.6500015258789,73.33999633789062,73.61000061035156,71.0042953491211,8082200
2025-08-07,73.69999694824219,73.69999694824219,73.52999877929688,73.58000183105469,70.97537994384766,4193100
2025-08-08,73.5,73.51000213623047,73.4000015258789,73.41999816894531,70.82102966308594,5566300
2025-08-11,73.48999786376953,73.55000305175781,73.44000244140625,73.47000122070312,70.86925506591797,8668100
2025-08-12,73.38999938964844,73.4800033569336,73.33000183105469,73.4800033569336,70.87890625,5493400
2025-08-13,73.69000244140625,73.77999877929688,73.66999816894531,73.75,71.13934326171875,6208900
2025-08-14,73.75,73.75,73.48999786376953,73.54000091552734,70.93677520751953,6818100
2025-08-15,73.52999877929688,73.58999633789062,73.38999938964844,73.44000244140625,70.84033203125,4309100
2025-08-18,73.47000122070312,73.63999938964844,73.30999755859375,73.36000061035156,70.76315307617188,6941600
2025-08-19,73.44000244140625,73.51000213623047,73.44000244140625,73.5,70.89818572998047,5098500
2025-08-20,73.48999786376953,73.5999984741211,73.45999908447266,73.55000305175781,70.9464340209961,5512500
2025-08-21,73.44000244140625,73.47000122070312,73.29000091552734,73.37000274658203,70.77279663085938,5695500
2025-08-22,73.5,73.80999755859375,73.4800033569336,73.73999786376953,71.12971496582031,5828700
2025-08-25,73.62999725341797,73.72000122070312,73.58999633789062,73.63999938964844,71.03324890136719,5361700
2025-08-26,73.6500015258789,73.76000213623047,73.58999633789062,73.7300033569336,71.12005615234375,4648300
2025-08-27,73.66000366210938,73.80999755859375,73.58999633789062,73.80000305175781,71.18756866455078,6053900
2025-08-28,73.79000091552734,73.91999816894531,73.76000213623047,73.88999938964844,71.27439880371094,5857300
2025-08-29,73.81999969482422,73.87000274658203,73.76000213623047,73.80000305175781,71.18756866455078,7736300
2025-09-02,73.33999633789062,73.43000030517578,73.30999755859375,73.4000015258789,71.0356216430664,6222400
2025-09-03,73.44999694824219,73.72000122070312,73.44000244140625,73.63999938964844,71.26790618896484,6005100
2025-09-04,73.80000305175781,73.93000030517578,73.72000122070312,73.91999816894531,71.53889465332031,8842600
2025-09-05,74.29000091552734,74.37000274658203,74.25,74.2699966430664,71.87761688232422,6321800
2025-09-08,74.43000030517578,74.5199966430664,74.41000366210938,74.51000213623047,72.10987854003906,6414400
2025-09-09,74.47000122070312,74.5199966430664,74.30000305175781,74.37000274658203,71.9743881225586,6613200
2025-09-10,74.48999786376953,74.62000274658203,74.44000244140625,74.5,72.10021209716797,5680700
2025-09-11,74.56999969482422,74.76000213623047,74.56999969482422,74.66000366210938,72.25505828857422,6437200
2025-09-12,74.54000091552734,74.58000183105469,74.43000030517578,74.56999969482422,72.16793823242188,5493000
2025-09-15,74.66000366210938,74.7300033569336,74.6500015258789,74.70999908447266,72.30343627929688,7193600
2025-09-16,74.70999908447266,74.7699966430664,74.6500015258789,74.72000122070312,72.31311798095703,7012200
2025-09-17,74.80000305175781,74.91999816894531,74.52999877929688,74.58999633789062,72.18728637695312,8872000
2025-09-18,74.38999938964844,74.4800033569336,74.29000091552734,74.4000015258789,72.00342559814453,7641400
2025-09-19,74.41000366210938,74.44999694824219,74.33999633789062,74.43000030517578,72.0324478149414,5295700
2025-09-22,74.38999938964844,74.41000366210938,74.2699966430664,74.29000091552734,71.89695739746094,7813900
2025-09-23,74.37000274658203,74.44999694824219,74.30999755859375,74.44000244140625,72.04212951660156,6492000
2025-09-24,74.37000274658203,74.37999725341797,74.26000213623047,74.29000091552734,71.89695739746094,5158400
2025-09-25,74.19000244140625,74.22000122070312,74.06999969482422,74.20999908447266,71.81954193115234,7402700
2025-09-26,74.22000122070312,74.33000183105469,74.1500015258789,74.20999908447266,71.81954193115234,5531400
2025-09-29,74.30999755859375,74.44000244140625,74.29000091552734,74.4000015258789,72.00342559814453,5534500
2025-09-30,74.43000030517578,74.54000091552734,74.33999633789062,74.37000274658203,71.9743881225586,8840700
2025-10-01,74.31999969482422,74.36000061035156,74.20999908447266,74.31999969482422,72.15594482421875,8762900
2025-10-02,74.29000091552734,74.41999816894531,74.25,74.4000015258789,72.23361206054688,7155600
2025-10-03,74.41999816894531,74.44999694824219,74.29000091552734,74.30999755859375,72.14623260498047,8372400
2025-10-06,74.16999816894531,74.27999877929688,74.12999725341797,74.13999938964844,71.9811782836914,8688800
2025-10-07,74.22000122070312,74.3499984741211,74.19000244140625,74.27999877929688,72.11710357666016,7229500
2025-10-08,74.4000015258789,74.41000366210938,74.26000213623047,74.27999877929688,72.11710357666016,6298400
2025-10-09,74.23999786376953,74.26000213623047,74.18000030517578,74.2300033569336,72.06855773925781,9071000
2025-10-10,74.43000030517578,74.58000183105469,74.36000061035156,74.5199966430664,72.3501205444336,7202600
2025-10-13,74.54000091552734,74.63999938964844,74.44999694824219,74.63999938964844,72.46661376953125,4358400
2025-10-14,74.62999725341797,74.77999877929688,74.56999969482422,74.75,72.57343292236328,6550100
2025-10-15,74.7699966430664,74.87000274658203,74.66000366210938,74.69999694824219,72.52486419677734,6264800
2025-10-16,74.66999816894531,75.0,74.66999816894531,74.9800033569336,72.7967300415039,8485100
2025-10-17,74.91000366210938,74.91999816894531,74.80999755859375,74.87999725341797,72.69963073730469,20337500
2025-10-20,74.94999694824219,74.98999786376953,74.91000366210938,74.9800033569336,72.7967300415039,6287200
2025-10-21,75.0999984741211,75.1500015258789,75.05000305175781,75.06999969482422,72.88410949707031,6179900
2025-10-22,75.02999877929688,75.08000183105469,74.97000122070312,75.06999969482422,72.88410949707031,7164500
2025-10-23,74.98999786376953,75.0199966430664,74.9000015258789,74.91999816894531,72.73844909667969,6041700
2025-10-24,75.04000091552734,75.05000305175781,74.91000366210938,75.0199966430664,72.8355484008789,6912300
2025-10-27,74.95999908447266,75.05999755859375,74.88999938964844,75.05999755859375,72.8743896484375,7706600
2025-10-28,75.04000091552734,75.12000274658203,75.01000213623047,75.0999984741211,72.9132308959961,7399700
2025-10-29,75.06999969482422,75.08000183105469,74.70999908447266,74.7300033569336,72.55400085449219,8938700
2025-10-30,74.51000213623047,74.72000122070312,74.5,74.5999984741211,72.42778778076172,7109500
2025-10-31,74.66000366210938,74.68000030517578,74.54000091552734,74.58000183105469,72.40837097167969,7106700
2025-11-03,74.23999786376953,74.29000091552734,74.16999816894531,74.25,72.3245849609375,7085100
2025-11-04,74.26000213623047,74.37000274658203,74.23999786376953,74.29000091552734,72.36356353759766,11476200
2025-11-05,74.23999786376953,74.26000213623047,74.04000091552734,74.08000183105469,72.15901184082031,10862500
2025-11-06,74.30000305175781,74.4000015258789,74.27999877929688,74.37000274658203,72.44149017333984,6461200
2025-11-07,74.26000213623047,74.43000030517578,74.26000213623047,74.33000183105469,72.40252685546875,7073200
2025-11-10,74.31999969482422,74.37000274658203,74.27999877929688,74.30999755859375,72.38304138183594,7235100
2025-11-11,74.45999908447266,74.52999877929688,74.41999816894531,74.5199966430664,72.58760070800781,5229400
2025-11-12,74.4800033569336,74.54000091552734,74.44000244140625,74.48999786376953,72.5583724975586,7129700
2025-11-13,74.36000061035156,74.41000366210938,74.2699966430664,74.2699966430664,72.3440933227539,7105100
2025-11-14,74.4000015258789,74.41999816894531,74.16000366210938,74.16000366210938,72.2369384765625,6473000
2025-11-17,74.20999908447266,74.27999877929688,74.19000244140625,74.19999694824219,72.27589416503906,6908300
2025-11-18,74.33000183105469,74.37999725341797,74.18000030517578,74.26000213623047,72.33434295654297,8009200
2025-11-19,74.33999633789062,74.37000274658203,74.19999694824219,74.2300033569336,72.30512237548828,7527500
2025-11-20,74.30999755859375,74.4000015258789,74.29000091552734,74.33999633789062,72.41226196289062,8461100
2025-11-21,74.55000305175781,74.55000305175781,74.4000015258789,74.5199966430664,72.58760070800781,6818400
2025-11-24,74.62000274658203,74.68000030517578,74.55000305175781,74.6500015258789,72.71422576904297,5734400
2025-11-25,74.69999694824219,74.88999938964844,74.69999694824219,74.81999969482422,72.87982940673828,7446200
2025-11-26,74.77999877929688,74.9000015258789,74.68000030517578,74.9000015258789,72.95773315429688,7327100
2025-11-28,74.86000061035156,74.87999725341797,74.70999908447266,74.77999877929688,72.8408432006836,4812100
2025-12-01,74.2699966430664,74.30000305175781,74.20999908447266,74.25,72.55648803710938,6891500
2025-12-02,74.25,74.36000061035156,74.22000122070312,74.31999969482422,72.62488555908203,6756900
2025-12-03,74.41000366210938,74.47000122070312,74.33999633789062,74.43000030517578,72.7323989868164,9774000
2025-12-04,74.36000061035156,74.37000274658203,74.26000213623047,74.29000091552734,72.5955810546875,7337500
2025-12-05,74.30999755859375,74.33000183105469,74.1500015258789,74.19999694824219,72.50762939453125,7270500
2025-12-08,74.19999694824219,74.20999908447266,73.9800033569336,74.08999633789062,72.40013122558594,8585700
2025-12-09,74.20999908447266,74.20999908447266,74.01000213623047,74.04000091552734,72.35128784179688,6665200
2025-12-10,74.01000213623047,74.2699966430664,74.0,74.26000213623047,72.5662612915039,8771100
2025-12-11,74.41000366210938,74.43000030517578,74.23999786376953,74.26000213623047,72.5662612915039,8924600
2025-12-12,74.05000305175781,74.08999633789062,74.01000213623047,74.02999877929688,72.34151458740234,8117600
2025-12-15,74.16999816894531,74.23999786376953,74.08000183105469,74.12000274658203,72.42945861816406,10495500
2025-12-16,74.12000274658203,74.2699966430664,74.05999755859375,74.26000213623047,72.5662612915039,6999300
2025-12-17,74.18000030517578,74.2699966430664,74.16999816894531,74.23999786376953,72.54671478271484,10071300
2025-12-18,74.1500015258789,74.19999694824219,74.08999633789062,74.1500015258789,72.70065307617188,6940500
2025-12-19,74.06999969482422,74.12999725341797,74.0199966430664,74.04000091552734,72.59280395507812,7540400
2025-12-22,74.02999877929688,74.04000091552734,73.97000122070312,74.0199966430664,72.57319641113281,9855300
2025-12-23,73.86000061035156,74.0199966430664,73.8499984741211,74.01000213623047,72.56339263916016,10188700
2025-12-24,74.08000183105469,74.19999694824219,74.05000305175781,74.19000244140625,72.73987579345703,5341700
2025-12-26,74.25,74.27999877929688,74.13999938964844,74.19000244140625,72.73987579345703,6730500
2025-12-29,74.26000213623047,74.30000305175781,74.20999908447266,74.30000305175781,72.84771728515625,9105700
2025-12-30,74.2300033569336,74.29000091552734,74.18000030517578,74.2699966430664,72.81830596923828,7743200
2025-12-31,74.16999816894531,74.25,74.05999755859375,74.06999969482422,72.62222290039062,8846700
2026-01-02,74.12999725341797,74.16000366210938,74.0199966430664,74.04000091552734,72.59280395507812,7453500
2026-01-05,74.11000061035156,74.20999908447266,74.08000183105469,74.18000030517578,72.7300796508789,11059100
2026-01-06,74.12999725341797,74.19000244140625,74.02999877929688,74.18000030517578,72.7300796508789,9079000
2026-01-07,74.30000305175781,74.31999969482422,74.19999694824219,74.26000213623047,72.80850219726562,11576600
2026-01-08,74.12000274658203,74.18000030517578,74.0999984741211,74.12999725341797,72.68103790283203,9906800
2026-01-09,74.18000030517578,74.36000061035156,74.12999725341797,74.29000091552734,72.83792114257812,10536800
2026-01-12,74.20999908447266,74.30000305175781,74.16000366210938,74.22000122070312,72.76929473876953,9851000
2026-01-13,74.30999755859375,74.31999969482422,74.22000122070312,74.27999877929688,72.82811737060547,11835200
2026-01-14,74.31999969482422,74.45999908447266,74.31999969482422,74.43000030517578,72.97518157958984,8765900
2026-01-15,74.44999694824219,74.47000122070312,74.31999969482422,74.31999969482422,72.8673324584961,9959500
2026-01-16,74.31999969482422,74.33000183105469,74.18000030517578,74.19999694824219,72.74967193603516,16105100
2026-01-20,73.91000366210938,74.02999877929688,73.9000015258789,73.93000030517578,72.48494720458984,12982700
2026-01-21,74.01000213623047,74.16000366210938,73.94999694824219,74.13999938964844,72.69084167480469,11453200
2026-01-22,74.08999633789062,74.20999908447266,74.05000305175781,74.16999816894531,72.72026062011719,13512400
2026-01-23,74.19999694824219,74.26000213623047,74.12000274658203,74.25,72.79869842529297,8079700
2026-01-26,74.33999633789062,74.37999725341797,74.30999755859375,74.33999633789062,72.8869400024414,7137300
2026-01-27,74.30999755859375,74.37999725341797,74.25,74.27999877929688,72.82811737060547,9827900
2026-01-28,74.23999786376953,74.26000213623047,74.1500015258789,74.25,72.79869842529297,9328300
2026-01-29,74.1500015258789,74.31999969482422,74.13999938964844,74.26000213623047,72.80850219726562,16397300
2026-01-30,74.25,74.30000305175781,74.16999816894531,74.2300033569336,72.77908325195312,8977500
2026-02-02,74.02999877929688,74.04000091552734,73.88999938964844,73.91000366210938,72.705322265625,8636400
2026-02-03,73.86000061035156,73.94000244140625,73.83999633789062,73.93000030517578,72.72498321533203,11287100
2026-02-04,73.88999938964844,73.95999908447266,73.8499984741211,73.9000015258789,72.69547271728516,11709600
2026-02-05,74.05999755859375,74.23999786376953,74.01000213623047,74.22000122070312,73.01026153564453,12216700
2026-02-06,74.2300033569336,74.25,74.12999725341797,74.2300033569336,73.02009582519531,8257200
2026-02-09,74.16999816894531,74.2699966430664,74.13999938964844,74.25,73.03976440429688,9429800
2026-02-10,74.44999694824219,74.5199966430664,74.43000030517578,74.47000122070312,73.25618743896484,8288400
2026-02-11,74.30999755859375,74.4800033569336,74.29000091552734,74.31999969482422,73.10863494873047,7968800
2026-02-12,74.45999908447266,74.68000030517578,74.43000030517578,74.66000366210938,73.44309997558594,9884300
2026-02-13,74.83999633789062,74.9000015258789,74.80999755859375,74.87999725341797,73.65950012207031,8307900
2026-02-17,74.88999938964844,74.91000366210938,74.83000183105469,74.87000274658203,73.64966583251953,9689000
2026-02-18,74.79000091552734,74.86000061035156,74.7699966430664,74.79000091552734,73.57097625732422,6972500
2026-02-19,74.72000122070312,74.8499984741211,74.72000122070312,74.81999969482422,73.6004867553711,8147900
2026-02-20,74.83999633789062,74.83999633789062,74.69000244140625,74.80999755859375,73.59063720703125,9131300
2026-02-23,74.83999633789062,75.0199966430664,74.83999633789062,74.97000122070312,73.74803924560547,6286900
2026-02-24,74.94999694824219,74.97000122070312,74.88999938964844,74.93000030517578,73.70867919921875,9854400
2026-02-25,74.87999725341797,74.97000122070312,74.87000274658203,74.91000366210938,73.68901824951172,7002000
2026-02-26,74.93000030517578,75.02999877929688,74.93000030517578,75.0199966430664,73.7972183227539,14876200
2026-02-27,75.1500015258789,75.2300033569336,75.12999725341797,75.16999816894531,73.94477081298828,8500900
2026-03-02,74.72000122070312,74.73999786376953,74.55000305175781,74.63999938964844,73.64679718017578,8732600
2026-03-03,74.33000183105469,74.66000366210938,74.30999755859375,74.55999755859375,73.56785583496094,8939900
2026-03-04,74.56999969482422,74.5999984741211,74.5,74.51000213623047,73.51852416992188,11305400
2026-03-05,74.27999877929688,74.37000274658203,74.23999786376953,74.33999633789062,73.35077667236328,10025800
2026-03-06,74.12000274658203,74.41999816894531,74.06999969482422,74.23999786376953,73.25211334228516,10878000
2026-03-09,74.1500015258789,74.5,74.11000061035156,74.44999694824219,73.45931243896484,8201800
2026-03-10,74.38999938964844,74.44999694824219,74.20999908447266,74.22000122070312,73.23238372802734,8622900
2026-03-11,74.08999633789062,74.0999984741211,73.8499984741211,73.88999938964844,72.90677642822266,9003400
2026-03-12,73.77999877929688,73.83000183105469,73.55999755859375,73.62000274658203,72.64037322998047,12383500
2026-03-13,73.73999786376953,73.80000305175781,73.51000213623047,73.55000305175781,72.57129669189453,7060100
2026-03-16,73.83000183105469,73.87999725341797,73.73999786376953,73.83000183105469,72.84756469726562,7716600
2026-03-17,73.93000030517578,74.01000213623047,73.93000030517578,73.9800033569336,72.9955825805664,5948100
2026-03-18,73.9000015258789,73.94999694824219,73.66999816894531,73.68000030517578,72.6995620727539,9210900
2026-03-19,73.5199966430664,73.86000061035156,73.5,73.76000213623047,72.77851867675781,8861500
2026-03-20,73.51000213623047,73.52999877929688,73.16000366210938,73.16999816894531,72.19635009765625,12983200
2026-03-23,73.30000305175781,73.61000061035156,73.23999786376953,73.44999694824219,72.47262573242188,14898800
2026-03-24,73.18000030517578,73.41000366210938,73.12000274658203,73.26000213623047,72.28516387939453,11800800
2026-03-25,73.56999969482422,73.62000274658203,73.44999694824219,73.54000091552734,72.5614242553711,9313300
2026-03-26,73.33000183105469,73.43000030517578,73.0999984741211,73.11000061035156,72.13715362548828,8602900
2026-03-27,72.9800033569336,73.20999908447266,72.94000244140625,73.11000061035156,72.13715362548828,13021800
2026-03-30,73.4800033569336,73.5999984741211,73.41999816894531,73.4800033569336,72.50223541259766,10353800
2026-03-31,73.66999816894531,73.77999877929688,73.56999969482422,73.63999938964844,72.66009521484375,10948300
2026-04-01,73.43000030517578,73.55999755859375,73.38999938964844,73.41999816894531,72.6897964477539,9624800
2026-04-02,73.36000061035156,73.6500015258789,73.33999633789062,73.58000183105469,72.84821319580078,7975600
2026-04-06,73.44999694824219,73.55999755859375,73.41999816894531,73.47000122070312,72.73931121826172,9844300
2026-04-07,73.48999786376953,73.5999984741211,73.25,73.58000183105469,72.84821319580078,7270000
2026-04-08,73.94000244140625,73.94999694824219,73.66999816894531,73.72000122070312,72.98681640625,5760200
2026-04-09,73.68000030517578,73.88999938964844,73.58000183105469,73.75,73.01651763916016,5646600
2026-04-10,73.73999786376953,73.7699966430664,73.62999725341797,73.63999938964844,72.90760803222656,6334300
2026-04-13,73.63999938964844,73.81999969482422,73.5999984741211,73.80000305175781,73.0660171508789,6438100
2026-04-14,73.83999633789062,73.98999786376953,73.77999877929688,73.9800033569336,73.2442398071289,5600100
2026-04-15,73.9000015258789,73.93000030517578,73.81999969482422,73.87999725341797,73.14522552490234,6724300
2026-04-16,73.94999694824219,73.95999908447266,73.72000122070312,73.7699966430664,73.03631591796875,7582500
2026-04-17,74.05999755859375,74.1500015258789,74.01000213623047,74.05999755859375,73.32344055175781,5806900
2026-04-20,74.05000305175781,74.05999755859375,73.93000030517578,74.01000213623047,73.27393341064453,7609600
2026-04-21,73.94000244140625,73.9800033569336,73.7699966430664,73.77999877929688,73.04621887207031,5852600
2026-04-22,73.95999908447266,73.9800033569336,73.8499984741211,73.86000061035156,73.12541961669922,5936800
2026-04-23,73.86000061035156,73.93000030517578,73.62000274658203,73.7300033569336,72.99671936035156,6181500
2026-04-24,73.75,73.88999938964844,73.66000366210938,73.86000061035156,73.12541961669922,5118200
2026-04-27,73.80000305175781,73.8499984741211,73.69999694824219,73.73999786376953,73.0066146850586,6095200
2026-04-28,73.6500015258789,73.72000122070312,73.5999984741211,73.72000122070312,72.98681640625,7242000
2026-04-29,73.55000305175781,73.55000305175781,73.31999969482422,73.38999938964844,72.66009521484375,7207000
2026-04-30,73.52999877929688,73.58000183105469,73.44999694824219,73.5,72.76901245117188,7829100
2026-05-01,73.30000305175781,73.52999877929688,73.26000213623047,73.36000061035156,72.87032318115234,6933100
2026-05-04,73.26000213623047,73.27999877929688,72.9800033569336,73.11000061035156,72.62199401855469,7912200
2026-05-05,73.19000244140625,73.30999755859375,73.18000030517578,73.23999786376953,72.75112915039062,8336200
2026-05-06,73.5,73.56999969482422,73.47000122070312,73.55000305175781,73.05905151367188,7658300
2026-05-07,73.6500015258789,73.6500015258789,73.31999969482422,73.36000061035156,72.87032318115234,9777000
2026-05-08,73.55999755859375,73.61000061035156,73.5199966430664,73.55000305175781,73.05905151367188,7382800
2026-05-11,73.47000122070312,73.5,73.36000061035156,73.37000274658203,72.88026428222656,9494200
2026-05-12,73.20999908447266,73.2300033569336,73.12999725341797,73.1500015258789,72.66172790527344,7431700
2026-05-13,73.12999725341797,73.19000244140625,73.02999877929688,73.18000030517578,72.6915283203125,10761000
2026-05-14,73.22000122070312,73.37999725341797,73.1500015258789,73.16000366210938,72.67166137695312,6262500
2026-05-15,72.81999969482422,72.83999633789062,72.69999694824219,72.73999786376953,72.25445556640625,12189900
2026-05-18,72.77999877929688,72.86000061035156,72.58999633789062,72.69000244140625,72.20479583740234,8771700
2026-05-19,72.47000122070312,72.55000305175781,72.33999633789062,72.44999694824219,71.96640014648438,13221200
2026-05-20,72.4800033569336,72.9000015258789,72.45999908447266,72.8499984741211,72.36372375488281,11123000
2026-05-21,72.6500015258789,72.94000244140625,72.58000183105469,72.93000030517578,72.44319915771484,10364600
2026-05-22,73.04000091552734,73.05000305175781,72.81999969482422,73.0,72.51272583007812,6817600
2026-05-26,73.26000213623047,73.27999877929688,73.12999725341797,73.20999908447266,72.72132873535156,7374200
2026-05-27,73.29000091552734,73.33999633789062,73.23999786376953,73.27999877929688,72.79085540771484,7349100
2026-05-28,73.29000091552734,73.4800033569336,73.23999786376953,73.41999816894531,72.92992401123047,7239100
2026-05-29,73.47000122070312,73.55000305175781,73.37999725341797,73.45999908447266,72.96965789794922,9177400
2026-06-01,73.0,73.19000244140625,72.94000244140625,73.18000030517578,72.936767578125,7268300
2026-06-02,73.2699966430664,73.30000305175781,73.16000366210938,73.19999694824219,72.95669555664062,7682700
2026-06-03,73.04000091552734,73.12000274658203,72.9800033569336,73.05999755859375,72.8171615600586,9330700
2026-06-04,73.19000244140625,73.2300033569336,73.12999725341797,73.16000366210938,72.91683197021484,6815000
2026-06-05,72.94000244140625,72.94999694824219,72.81999969482422,72.83000183105469,72.58792877197266,8487200
2026-06-08,72.9800033569336,73.01000213623047,72.80000305175781,72.80999755859375,72.5679931640625,14019000
2026-06-09,72.91999816894531,73.0,72.83999633789062,72.97000122070312,72.72746276855469,8703500
2026-06-10,72.97000122070312,73.04000091552734,72.83999633789062,72.91000366210938,72.66766357421875,5252500
2026-06-11,72.9800033569336,73.36000061035156,72.93000030517578,73.33000183105469,73.08626556396484,9058700
2026-06-12,73.20999908447266,73.29000091552734,73.11000061035156,73.23999786376953,72.99656677246094,7379300
2026-06-15,73.37999725341797,73.43000030517578,73.29000091552734,73.30000305175781,73.05636596679688,7738300
2026-06-16,73.33999633789062,73.4800033569336,73.31999969482422,73.41000366210938,73.16600036621094,5902800
2026-06-17,73.41999816894531,73.47000122070312,73.12000274658203,73.13999938964844,72.89689636230469,8531600
2026-06-18,73.31999969482422,73.5,73.31999969482422,73.33999633789062,73.09622955322266,6312500
2026-06-22,73.16999816894531,73.22000122070312,73.11000061035156,73.13999938964844,72.89689636230469,7359400
2026-06-23,73.18000030517578,73.30000305175781,73.18000030517578,73.22000122070312,72.97663116455078,7081800
2026-06-24,73.4800033569336,73.5999984741211,73.45999908447266,73.55000305175781,73.30553436279297,7819400
2026-06-25,73.6500015258789,73.7300033569336,73.58999633789062,73.5999984741211,73.3553695678711,7638100
2026-06-26,73.56999969482422,73.72000122070312,73.55999755859375,73.66999816894531,73.42513275146484,5965100
2026-06-29,73.69000244140625,73.7300033569336,73.63999938964844,73.70999908447266,73.46500396728516,7224800
2026-06-30,73.62000274658203,73.62000274658203,73.4000015258789,73.41000366210938,73.16600036621094,11653200
2026-07-01,73.02999877929688,73.13999938964844,72.98999786376953,73.05999755859375,73.05999755859375,20719000
2026-07-02,73.05999755859375,73.16999816894531,73.04000091552734,73.11000061035156,73.11000061035156,7627600
2026-07-06,73.08999633789062,73.13999938964844,73.02999877929688,73.13999938964844,73.13999938964844,10191800
2026-07-07,73.01000213623047,73.04000091552734,72.80000305175781,72.8499984741211,72.8499984741211,8412400
2026-07-08,72.7300033569336,72.73999786376953,72.58999633789062,72.69999694824219,72.69999694824219,8944900
2026-07-09,72.75,72.91999816894531,72.75,72.83000183105469,72.83000183105469,8250700
2026-07-10,72.83000183105469,72.8499984741211,72.69999694824219,72.7699966430664,72.7699966430664,7170500
2026-07-13,72.6500015258789,72.75,72.48999786376953,72.5,72.5,7595500
2026-07-14,72.69000244140625,72.79000091552734,72.62999725341797,72.69999694824219,72.69999694824219,8081100
2026-07-15,72.75,72.88999938964844,72.72000122070312,72.81999969482422,72.81999969482422,6181200
2026-07-16,72.7300033569336,72.83000183105469,72.69000244140625,72.80999755859375,72.80999755859375,6108700
2026-07-17,72.88500213623047,73.0,72.83499908447266,72.86000061035156,72.86000061035156,5833439
