Date,Open,High,Low,Close,Adj Close,Volume
2012-03-01,100.0999984741211,100.0999984741211,99.93000030517578,99.95999908447266,59.5799560546875,550900
2012-03-02,100.44000244140625,100.44999694824219,100.18000030517578,100.30999755859375,59.788604736328125,331600
2012-03-05,100.52999877929688,100.52999877929688,100.27999877929688,100.30000305175781,59.78262710571289,237800
2012-03-06,100.75,100.83999633789062,100.51000213623047,100.75,60.05088424682617,176500
2012-03-07,100.9000015258789,100.9800033569336,100.88999938964844,100.88999938964844,60.13427734375,182600
2012-03-08,101.08999633789062,101.52999877929688,101.05999755859375,101.52999877929688,60.51578903198242,323000
2012-03-09,101.38999938964844,101.41000366210938,101.2300033569336,101.30000305175781,60.37867736816406,243700
2012-03-12,101.38999938964844,101.38999938964844,101.30000305175781,101.36000061035156,60.41440200805664,119300
2012-03-13,101.37000274658203,101.37999725341797,101.12999725341797,101.22000122070312,60.33089828491211,152000
2012-03-14,101.02999877929688,101.02999877929688,100.4800033569336,100.55000305175781,59.93159866333008,183900
2012-03-15,100.55000305175781,100.5999984741211,100.4000015258789,100.4800033569336,59.889896392822266,200800
2012-03-16,100.51000213623047,100.83999633789062,100.4000015258789,100.80999755859375,60.086585998535156,211400
2012-03-19,100.98999786376953,101.06999969482422,100.76000213623047,100.8499984741211,60.11043930053711,137200
2012-03-20,100.83000183105469,100.8499984741211,100.66999816894531,100.77999877929688,60.0687370300293,116500
2012-03-21,100.87999725341797,100.88999938964844,100.80000305175781,100.88999938964844,60.13427734375,212800
2012-03-22,100.9800033569336,101.02999877929688,100.91999816894531,100.93000030517578,60.158138275146484,101000
2012-03-23,101.23999786376953,101.31999969482422,101.20999908447266,101.2699966430664,60.36076354980469,36500
2012-03-26,101.30000305175781,101.36000061035156,101.1500015258789,101.33000183105469,60.396575927734375,74700
2012-03-27,101.55999755859375,101.58999633789062,101.36000061035156,101.58000183105469,60.54557800292969,117900
2012-03-28,101.69000244140625,101.69999694824219,101.58000183105469,101.5999984741211,60.55744552612305,193800
2012-03-29,101.87000274658203,101.87000274658203,101.69000244140625,101.76000213623047,60.65285110473633,186300
2012-03-30,101.9000015258789,101.9000015258789,101.55999755859375,101.62000274658203,60.640907287597656,241400
2012-04-02,101.75,101.9000015258789,101.69999694824219,101.69999694824219,60.68864822387695,186900
2012-04-03,101.88999938964844,101.97000122070312,101.37999725341797,101.41999816894531,60.52156448364258,249200
2012-04-04,101.4000015258789,101.69999694824219,101.4000015258789,101.63999938964844,60.65286636352539,174200
2012-04-05,101.75,101.80000305175781,101.66999816894531,101.75,60.718482971191406,207400
2012-04-09,102.0999984741211,102.3499984741211,102.0999984741211,102.26000213623047,61.022830963134766,224100
2012-04-10,102.56999969482422,102.7699966430664,102.51000213623047,102.69000244140625,61.279449462890625,291400
2012-04-11,102.47000122070312,102.5999984741211,102.37000274658203,102.55999755859375,61.201847076416016,200800
2012-04-12,102.62999725341797,102.62999725341797,102.45999908447266,102.45999908447266,61.14218521118164,208800
2012-04-13,102.63999938964844,102.7699966430664,102.62999725341797,102.75,61.315216064453125,96800
2012-04-16,102.7699966430664,102.98999786376953,102.7699966430664,102.87000274658203,61.386844635009766,388100
2012-04-17,102.93000030517578,102.95999908447266,102.81999969482422,102.94999694824219,61.43456268310547,183000
2012-04-18,102.91999816894531,102.94000244140625,102.88999938964844,102.94000244140625,61.428592681884766,246200
2012-04-19,102.95999908447266,103.08000183105469,102.94000244140625,102.98999786376953,61.458465576171875,221000
2012-04-20,103.0,103.02999877929688,102.93000030517578,103.0199966430664,61.47633743286133,144800
2012-04-23,103.19000244140625,103.20999908447266,103.13999938964844,103.18000030517578,61.57181930541992,212300
2012-04-24,103.19999694824219,103.22000122070312,103.08000183105469,103.12000274658203,61.53602981567383,500200
2012-04-25,103.11000061035156,103.2300033569336,102.9000015258789,103.18000030517578,61.57181930541992,207700
2012-04-26,103.44999694824219,103.4800033569336,103.37000274658203,103.4800033569336,61.75090026855469,341200
2012-04-27,103.47000122070312,103.56999969482422,103.47000122070312,103.54000091552734,61.78668975830078,401000
2012-04-30,103.4000015258789,103.45999908447266,103.2300033569336,103.36000061035156,61.786659240722656,360100
2012-05-01,103.54000091552734,103.56999969482422,103.30000305175781,103.43000030517578,61.8285026550293,232900
2012-05-02,103.48999786376953,103.5199966430664,103.43000030517578,103.48999786376953,61.8643798828125,232000
2012-05-03,103.5199966430664,103.62000274658203,103.44999694824219,103.58999633789062,61.92414474487305,191000
2012-05-04,103.66999816894531,103.7699966430664,103.6500015258789,103.76000213623047,62.025760650634766,339800
2012-05-07,103.95999908447266,103.9800033569336,103.80999755859375,103.94000244140625,62.133365631103516,270000
2012-05-08,104.01000213623047,104.08000183105469,103.94000244140625,104.02999877929688,62.187198638916016,384300
2012-05-09,104.08999633789062,104.1500015258789,103.91000366210938,103.94000244140625,62.133365631103516,306000
2012-05-10,103.91999816894531,104.01000213623047,103.87000274658203,103.9800033569336,62.15727615356445,305200
2012-05-11,104.04000091552734,104.11000061035156,103.9800033569336,104.08000183105469,62.21707534790039,388400
2012-05-14,104.16999816894531,104.30999755859375,104.16000366210938,104.29000091552734,62.34255599975586,357000
2012-05-15,104.36000061035156,104.41000366210938,104.27999877929688,104.37999725341797,62.396385192871094,602400
2012-05-16,104.3499984741211,104.5,104.26000213623047,104.47000122070312,62.45016098022461,646000
2012-05-17,104.5199966430664,104.69000244140625,104.41999816894531,104.62999725341797,62.545814514160156,585100
2012-05-18,104.76000213623047,104.81999969482422,104.55000305175781,104.72000122070312,62.59969711303711,579700
2012-05-21,104.83999633789062,104.83999633789062,104.6500015258789,104.77999877929688,62.63549041748047,871900
2012-05-22,104.72000122070312,104.72000122070312,104.44999694824219,104.48999786376953,62.46210861206055,430600
2012-05-23,104.55000305175781,104.76000213623047,104.5,104.66000366210938,62.563785552978516,528000
2012-05-24,104.80000305175781,104.80000305175781,104.5199966430664,104.58999633789062,62.52191925048828,1104100
2012-05-25,104.6500015258789,104.72000122070312,104.58000183105469,104.70999908447266,62.59366989135742,378100
2012-05-29,104.77999877929688,104.77999877929688,104.5999984741211,104.62000274658203,62.53989028930664,445100
2012-05-30,104.66000366210938,104.87999725341797,104.66000366210938,104.83999633789062,62.6713752746582,410900
2012-05-31,104.94999694824219,105.0999984741211,104.80000305175781,104.9800033569336,62.87498474121094,430400
2012-06-01,105.2699966430664,105.48999786376953,105.20999908447266,105.45999908447266,63.162471771240234,427700
2012-06-04,105.41999816894531,105.41999816894531,105.20999908447266,105.27999877929688,63.054691314697266,445200
2012-06-05,105.04000091552734,105.27999877929688,105.01000213623047,105.12999725341797,62.964813232421875,431200
2012-06-06,105.12000274658203,105.12999725341797,104.8499984741211,104.93000030517578,62.845035552978516,354000
2012-06-07,104.91999816894531,105.11000061035156,104.87000274658203,105.08000183105469,62.934906005859375,587100
2012-06-08,105.3499984741211,105.3499984741211,105.0999984741211,105.13999938964844,62.970848083496094,420900
2012-06-11,105.1500015258789,105.44000244140625,105.12999725341797,105.44000244140625,63.15052795410156,723700
2012-06-12,105.38999938964844,105.38999938964844,105.0999984741211,105.18000030517578,62.99479675292969,553200
2012-06-13,105.30999755859375,105.4000015258789,105.16000366210938,105.31999969482422,63.07864761352539,314200
2012-06-14,105.27999877929688,105.30000305175781,105.05000305175781,105.19000244140625,63.000770568847656,363400
2012-06-15,105.33999633789062,105.55000305175781,105.30000305175781,105.45999908447266,63.162471771240234,399400
2012-06-18,105.5999984741211,105.5999984741211,105.41000366210938,105.55000305175781,63.216346740722656,266700
2012-06-19,105.52999877929688,105.6500015258789,105.44999694824219,105.61000061035156,63.25232696533203,351900
2012-06-20,105.55000305175781,105.58000183105469,105.3499984741211,105.47000122070312,63.16851806640625,394200
2012-06-21,105.56999969482422,105.81999969482422,105.52999877929688,105.73999786376953,63.330196380615234,418800
2012-06-22,105.66999816894531,105.7300033569336,105.61000061035156,105.69999694824219,63.306209564208984,1598700
2012-06-25,105.87000274658203,105.9000015258789,105.80000305175781,105.87999725341797,63.41404724121094,785000
2012-06-26,105.70999908447266,105.80000305175781,105.6500015258789,105.70999908447266,63.31217575073242,459200
2012-06-27,105.75,105.79000091552734,105.63999938964844,105.79000091552734,63.36012268066406,394500
2012-06-28,105.94999694824219,106.01000213623047,105.9000015258789,105.97000122070312,63.46793746948242,404600
2012-06-29,105.45999908447266,105.62000274658203,105.33000183105469,105.48999786376953,63.305904388427734,776400
2012-07-02,105.63999938964844,105.94000244140625,105.58000183105469,105.76000213623047,63.46792984008789,560900
2012-07-03,105.95999908447266,105.95999908447266,105.80000305175781,105.83999633789062,63.51593017578125,197700
2012-07-05,105.9000015258789,106.08999633789062,105.9000015258789,106.04000091552734,63.63597106933594,392800
2012-07-06,106.26000213623047,106.30000305175781,106.0999984741211,106.27999877929688,63.77998733520508,549000
2012-07-09,106.52999877929688,106.52999877929688,106.30999755859375,106.44000244140625,63.875999450683594,550800
2012-07-10,106.4000015258789,106.5,106.37999725341797,106.45999908447266,63.887996673583984,380100
2012-07-11,106.5,106.58000183105469,106.4800033569336,106.4800033569336,63.90003967285156,616200
2012-07-12,106.55999755859375,106.6500015258789,106.55999755859375,106.62999725341797,63.990055084228516,653000
2012-07-13,106.77999877929688,106.77999877929688,106.66999816894531,106.7300033569336,64.05007934570312,509100
2012-07-16,106.94000244140625,106.98999786376953,106.8499984741211,106.94000244140625,64.17613220214844,545600
2012-07-17,106.93000030517578,106.98999786376953,106.8499984741211,106.91000366210938,64.15805053710938,434300
2012-07-18,107.02999877929688,107.04000091552734,106.88999938964844,106.97000122070312,64.1941146850586,630900
2012-07-19,106.98999786376953,107.0999984741211,106.94000244140625,107.05000305175781,64.24211883544922,831800
2012-07-20,107.26000213623047,107.41999816894531,107.20999908447266,107.4000015258789,64.4521484375,461300
2012-07-23,107.61000061035156,107.61000061035156,107.5,107.55000305175781,64.54216003417969,597400
2012-07-24,107.48999786376953,107.5999984741211,107.45999908447266,107.56999969482422,64.55411529541016,440600
2012-07-25,107.5,107.56999969482422,107.4000015258789,107.52999877929688,64.5301513671875,532600
2012-07-26,107.44999694824219,107.4800033569336,107.38999938964844,107.44999694824219,64.48212432861328,475000
2012-07-27,107.19999694824219,107.23999786376953,106.9000015258789,107.01000213623047,64.21810150146484,650600
2012-07-30,107.05000305175781,107.33000183105469,107.0,107.30999755859375,64.39813995361328,477400
2012-07-31,107.30000305175781,107.30000305175781,107.1500015258789,107.29000091552734,64.49427795410156,455500
2012-08-01,107.01000213623047,107.27999877929688,107.01000213623047,107.12999725341797,64.39812469482422,700900
2012-08-02,107.30000305175781,107.41000366210938,107.25,107.37999725341797,64.54840087890625,377900
2012-08-03,107.25,107.30000305175781,107.0,107.0999984741211,64.38009643554688,665900
2012-08-06,107.25,107.26000213623047,107.08000183105469,107.13999938964844,64.40412139892578,319600
2012-08-07,107.01000213623047,107.05999755859375,106.72000122070312,106.79000091552734,64.1937255859375,1031200
2012-08-08,106.80999755859375,107.04000091552734,106.77999877929688,106.88999938964844,64.25383758544922,401100
2012-08-09,106.87000274658203,106.87000274658203,106.72000122070312,106.83000183105469,64.21782684326172,356900
2012-08-10,106.98999786376953,107.1500015258789,106.93000030517578,107.11000061035156,64.3861083984375,249400
2012-08-13,107.05999755859375,107.22000122070312,107.05999755859375,107.1500015258789,64.41014862060547,433900
2012-08-14,107.05000305175781,107.05999755859375,106.8499984741211,106.94999694824219,64.28992462158203,381600
2012-08-15,106.9800033569336,107.02999877929688,106.66999816894531,106.68000030517578,64.12762451171875,449600
2012-08-16,106.5999984741211,106.72000122070312,106.30999755859375,106.41999816894531,63.9713134765625,778400
2012-08-17,106.51000213623047,106.61000061035156,106.47000122070312,106.52999877929688,64.03744506835938,170500
2012-08-20,106.58999633789062,106.72000122070312,106.5199966430664,106.69999694824219,64.13959503173828,288400
2012-08-21,106.69000244140625,106.73999786376953,106.5999984741211,106.73999786376953,64.1636734008789,456000
2012-08-22,106.9800033569336,107.18000030517578,106.9000015258789,107.16999816894531,64.4221420288086,357900
2012-08-23,107.30000305175781,107.37999725341797,107.26000213623047,107.3499984741211,64.5303726196289,322000
2012-08-24,107.47000122070312,107.52999877929688,107.3499984741211,107.36000061035156,64.53636932373047,287700
2012-08-27,107.4800033569336,107.56999969482422,107.4000015258789,107.55999755859375,64.6566390991211,218100
2012-08-28,107.55999755859375,107.68000030517578,107.47000122070312,107.62999725341797,64.69868469238281,285600
2012-08-29,107.69999694824219,107.79000091552734,107.44999694824219,107.55000305175781,64.6506118774414,252300
2012-08-30,107.62999725341797,107.68000030517578,107.5999984741211,107.62999725341797,64.69868469238281,374500
2012-08-31,107.41000366210938,107.72000122070312,107.36000061035156,107.68000030517578,64.84925842285156,457900
2012-09-04,107.5999984741211,107.69000244140625,107.51000213623047,107.55000305175781,64.77092742919922,306000
2012-09-05,107.58999633789062,107.72000122070312,107.55999755859375,107.58999633789062,64.79499816894531,279200
2012-09-06,107.47000122070312,107.4800033569336,107.38999938964844,107.41999816894531,64.69268035888672,392000
2012-09-07,107.62999725341797,107.7300033569336,107.4800033569336,107.58999633789062,64.79499816894531,396100
2012-09-10,107.66999816894531,107.80000305175781,107.66999816894531,107.75,64.89137268066406,405100
2012-09-11,107.7300033569336,107.73999786376953,107.66000366210938,107.69000244140625,64.85527038574219,390200
2012-09-12,107.69999694824219,107.69999694824219,107.5199966430664,107.58999633789062,64.79499816894531,450000
2012-09-13,107.70999908447266,108.08999633789062,107.5999984741211,108.02999877929688,65.0600357055664,623300
2012-09-14,108.12999725341797,108.16999816894531,107.69000244140625,107.73999786376953,64.88538360595703,1295100
2012-09-17,107.95999908447266,108.0,107.83000183105469,107.83000183105469,64.93958282470703,710800
2012-09-18,107.97000122070312,108.16999816894531,107.94000244140625,108.13999938964844,65.12628936767578,392000
2012-09-19,108.25,108.43000030517578,108.23999786376953,108.3499984741211,65.25273132324219,421800
2012-09-20,108.41999816894531,108.5,108.33999633789062,108.41000366210938,65.28888702392578,452500
2012-09-21,108.48999786376953,108.68000030517578,108.41999816894531,108.63999938964844,65.42741394042969,742400
2012-09-24,108.79000091552734,108.9000015258789,108.7699966430664,108.87000274658203,65.56590270996094,639700
2012-09-25,108.9800033569336,108.9800033569336,108.80000305175781,108.93000030517578,65.60204315185547,658900
2012-09-26,109.02999877929688,109.0999984741211,108.94000244140625,109.05000305175781,65.67432403564453,515400
2012-09-27,109.0199966430664,109.05000305175781,108.94000244140625,109.01000213623047,65.65022277832031,597900
2012-09-28,108.87000274658203,108.87999725341797,108.69999694824219,108.7699966430664,65.6230697631836,824600
2012-10-01,108.83000183105469,108.93000030517578,108.76000213623047,108.87999725341797,65.68942260742188,647700
2012-10-02,109.06999969482422,109.06999969482422,108.91000366210938,109.05000305175781,65.79202270507812,645200
2012-10-03,109.08000183105469,109.1500015258789,109.0,109.12000274658203,65.8342514038086,415100
2012-10-04,109.0999984741211,109.18000030517578,109.08000183105469,109.11000061035156,65.8282241821289,612100
2012-10-05,108.98999786376953,108.98999786376953,108.88999938964844,108.95999908447266,65.73768615722656,587800
2012-10-08,108.94000244140625,109.08999633789062,108.81999969482422,109.02999877929688,65.77992248535156,326600
2012-10-09,109.08000183105469,109.16999816894531,109.06999969482422,109.08999633789062,65.81611633300781,375700
2012-10-10,108.98999786376953,109.1500015258789,108.94999694824219,109.12999725341797,65.84027862548828,600300
2012-10-11,109.06999969482422,109.12999725341797,109.0,109.12999725341797,65.84027862548828,542300
2012-10-12,109.2300033569336,109.37000274658203,109.20999908447266,109.31999969482422,65.9548568725586,597200
2012-10-15,109.31999969482422,109.33999633789062,109.22000122070312,109.30999755859375,65.94886016845703,426100
2012-10-16,109.26000213623047,109.29000091552734,109.13999938964844,109.16000366210938,65.85834503173828,580800
2012-10-17,109.16999816894531,109.18000030517578,108.91999816894531,108.97000122070312,65.74371337890625,411900
2012-10-18,109.06999969482422,109.16000366210938,109.0,109.05000305175781,65.79202270507812,279600
2012-10-19,109.19000244140625,109.30999755859375,109.0999984741211,109.27999877929688,65.93074035644531,360100
2012-10-22,109.26000213623047,109.27999877929688,109.20999908447266,109.23999786376953,65.90660858154297,227800
2012-10-23,109.30999755859375,109.41000366210938,109.25,109.38999938964844,65.99712371826172,246300
2012-10-24,109.37000274658203,109.4000015258789,109.30000305175781,109.30999755859375,65.94886016845703,420600
2012-10-25,109.16000366210938,109.16000366210938,108.9800033569336,109.05999755859375,65.79803466796875,410800
2012-10-26,109.16000366210938,109.37999725341797,109.11000061035156,109.27999877929688,65.93074035644531,307800
2012-10-31,109.25,109.44000244140625,109.22000122070312,109.44000244140625,66.02729034423828,580600
2012-11-01,109.4000015258789,109.43000030517578,109.25,109.37999725341797,65.9911117553711,935700
2012-11-02,109.37000274658203,109.44000244140625,109.30000305175781,109.44000244140625,66.02729034423828,613100
2012-11-05,109.4800033569336,109.5,109.37000274658203,109.41000366210938,66.00914001464844,556700
2012-11-06,109.38999938964844,109.41000366210938,109.18000030517578,109.18000030517578,65.87042236328125,541400
2012-11-07,109.51000213623047,109.6500015258789,109.47000122070312,109.55000305175781,66.09371185302734,353500
2012-11-08,109.66999816894531,109.87999725341797,109.5999984741211,109.81999969482422,66.25656127929688,593400
2012-11-09,109.93000030517578,110.02999877929688,109.81999969482422,109.94999694824219,66.33497619628906,667200
2012-11-12,109.94999694824219,110.0199966430664,109.9000015258789,109.98999786376953,66.35911560058594,339300
2012-11-13,110.02999877929688,110.0999984741211,109.88999938964844,109.95999908447266,66.34102630615234,537000
2012-11-14,109.9000015258789,110.05999755859375,109.87000274658203,110.05000305175781,66.39529418945312,561500
2012-11-15,110.05000305175781,110.05000305175781,109.95999908447266,109.9800033569336,66.35304260253906,484200
2012-11-16,109.9800033569336,110.0999984741211,109.95999908447266,110.04000091552734,66.38928985595703,312900
2012-11-19,110.02999877929688,110.04000091552734,109.93000030517578,110.04000091552734,66.38928985595703,346200
2012-11-20,109.87000274658203,110.02999877929688,109.8499984741211,109.86000061035156,66.28068542480469,505800
2012-11-21,109.79000091552734,109.86000061035156,109.7699966430664,109.80999755859375,66.25053405761719,469600
2012-11-23,109.9000015258789,109.9000015258789,109.75,109.75,66.2143325805664,192700
2012-11-26,109.88999938964844,109.9800033569336,109.87999725341797,109.95999908447266,66.34102630615234,292700
2012-11-27,110.01000213623047,110.05999755859375,109.95999908447266,110.04000091552734,66.38928985595703,393700
2012-11-28,110.19999694824219,110.25,110.08000183105469,110.12999725341797,66.4435806274414,712700
2012-11-29,110.08999633789062,110.30999755859375,110.08999633789062,110.23999786376953,66.50996398925781,578200
2012-11-30,110.23999786376953,110.23999786376953,110.05999755859375,110.12999725341797,66.56433868408203,459600
2012-12-03,110.06999969482422,110.12000274658203,110.0,110.08000183105469,66.53409576416016,610700
2012-12-04,110.1500015258789,110.20999908447266,110.11000061035156,110.19999694824219,66.60668182373047,306300
2012-12-05,110.26000213623047,110.31999969482422,110.2300033569336,110.2699966430664,66.64897155761719,307300
2012-12-06,110.33999633789062,110.4000015258789,110.30000305175781,110.30000305175781,66.66709899902344,864500
2012-12-07,110.33000183105469,110.33999633789062,110.20999908447266,110.27999877929688,66.65501403808594,432100
2012-12-10,110.29000091552734,110.33999633789062,110.23999786376953,110.33000183105469,66.68523406982422,264000
2012-12-11,110.26000213623047,110.29000091552734,110.19999694824219,110.29000091552734,66.66104125976562,226700
2012-12-12,109.41000366210938,109.44000244140625,109.12999725341797,109.19999694824219,66.53427124023438,726800
2012-12-13,109.16999816894531,109.16999816894531,108.91000366210938,108.91999816894531,66.36369323730469,767900
2012-12-14,108.97000122070312,109.16999816894531,108.97000122070312,109.16000366210938,66.50993347167969,1204800
2012-12-17,109.12999725341797,109.20999908447266,108.91000366210938,108.91999816894531,66.36369323730469,1011600
2012-12-18,108.88999938964844,108.97000122070312,108.5,108.58000183105469,66.15656280517578,976700
2012-12-19,108.76000213623047,108.8499984741211,108.69999694824219,108.7699966430664,66.2723159790039,535300
2012-12-20,108.8499984741211,108.94999694824219,108.80000305175781,108.93000030517578,66.36981964111328,272400
2012-12-21,109.12000274658203,109.16999816894531,109.05999755859375,109.13999938964844,66.49774169921875,590000
2012-12-24,109.0999984741211,109.0999984741211,109.02999877929688,109.05000305175781,66.44295501708984,142500
2012-12-26,109.11000061035156,109.19000244140625,109.06999969482422,109.1500015258789,66.50382232666016,169300
2012-12-27,109.0,109.1500015258789,108.94999694824219,109.08999633789062,66.5771255493164,357900
2012-12-28,109.05999755859375,109.2300033569336,109.02999877929688,109.1500015258789,66.61370086669922,603000
2012-12-31,109.12000274658203,109.16999816894531,108.94000244140625,109.05000305175781,66.55270385742188,503400
2013-01-02,108.83999633789062,108.94999694824219,108.7300033569336,108.80000305175781,66.40010070800781,823300
2013-01-03,108.80000305175781,108.80000305175781,108.41999816894531,108.43000030517578,66.17430877685547,770800
2013-01-04,108.5,108.58999633789062,108.31999969482422,108.51000213623047,66.22310638427734,892200
2013-01-07,108.62999725341797,108.81999969482422,108.62999725341797,108.80999755859375,66.40621185302734,518800
2013-01-08,108.95999908447266,108.97000122070312,108.87000274658203,108.94000244140625,66.48554992675781,560800
2013-01-09,109.0,109.13999938964844,108.97000122070312,109.11000061035156,66.5893325805664,349600
2013-01-10,109.06999969482422,109.08999633789062,108.9800033569336,109.05999755859375,66.55878448486328,468100
2013-01-11,109.05999755859375,109.25,109.01000213623047,109.25,66.67477416992188,355700
2013-01-14,109.33000183105469,109.4800033569336,109.33000183105469,109.43000030517578,66.78457641601562,467000
2013-01-15,109.5,109.55999755859375,109.44000244140625,109.47000122070312,66.80905151367188,417100
2013-01-16,109.54000091552734,109.54000091552734,109.44000244140625,109.5199966430664,66.83952331542969,814000
2013-01-17,109.31999969482422,109.37999725341797,109.16999816894531,109.2699966430664,66.68692016601562,335700
2013-01-18,109.36000061035156,109.54000091552734,109.3499984741211,109.4800033569336,66.81510162353516,319200
2013-01-22,109.4800033569336,109.55999755859375,109.4000015258789,109.54000091552734,66.8516845703125,458200
2013-01-23,109.62999725341797,109.69999694824219,109.5999984741211,109.69000244140625,66.94325256347656,210200
2013-01-24,109.6500015258789,109.66000366210938,109.47000122070312,109.62999725341797,66.90667724609375,400900
2013-01-25,109.4000015258789,109.41999816894531,109.12000274658203,109.23999786376953,66.66862487792969,632100
2013-01-28,109.11000061035156,109.19000244140625,108.88999938964844,109.04000091552734,66.54657745361328,1095100
2013-01-29,109.18000030517578,109.22000122070312,109.0,109.05000305175781,66.55270385742188,1019200
2013-01-30,109.05999755859375,109.0999984741211,108.97000122070312,109.04000091552734,66.54657745361328,811600
2013-01-31,108.9000015258789,109.04000091552734,108.87000274658203,109.04000091552734,66.6529312133789,581000
2013-02-01,109.29000091552734,109.3499984741211,108.97000122070312,109.0,66.62850189208984,593400
2013-02-04,109.0,109.30000305175781,109.0,109.2699966430664,66.79359436035156,713600
2013-02-05,109.0999984741211,109.16999816894531,109.0199966430664,109.16999816894531,66.73238372802734,550800
2013-02-06,109.33000183105469,109.33000183105469,109.19999694824219,109.30000305175781,66.8118667602539,401900
2013-02-07,109.33999633789062,109.37999725341797,109.25,109.30999755859375,66.8179931640625,502700
2013-02-08,109.37000274658203,109.37000274658203,109.1500015258789,109.27999877929688,66.79961395263672,337600
2013-02-11,109.33000183105469,109.33000183105469,109.16999816894531,109.25,66.78129577636719,486800
2013-02-12,109.25,109.30000305175781,109.20999908447266,109.30000305175781,66.8118667602539,303700
2013-02-13,109.19999694824219,109.25,109.08999633789062,109.16999816894531,66.73238372802734,533600
2013-02-14,109.2699966430664,109.29000091552734,109.12000274658203,109.26000213623047,66.78742218017578,451100
2013-02-15,109.29000091552734,109.30000305175781,109.08000183105469,109.27999877929688,66.79961395263672,359200
2013-02-19,109.36000061035156,109.38999938964844,109.16000366210938,109.16000366210938,66.726318359375,501900
2013-02-20,109.19999694824219,109.36000061035156,109.19999694824219,109.33999633789062,66.83634948730469,492200
2013-02-21,109.33000183105469,109.4000015258789,109.30999755859375,109.3499984741211,66.84243774414062,510800
2013-02-22,109.38999938964844,109.44999694824219,109.36000061035156,109.44000244140625,66.89742279052734,460200
2013-02-25,109.43000030517578,109.83000183105469,109.38999938964844,109.81999969482422,67.12971496582031,616400
2013-02-26,109.73999786376953,109.83999633789062,109.61000061035156,109.77999877929688,67.10526275634766,430700
2013-02-27,109.72000122070312,109.83999633789062,109.55000305175781,109.55000305175781,66.96466827392578,550300
2013-02-28,109.44999694824219,109.54000091552734,109.43000030517578,109.51000213623047,67.04669952392578,323500
2013-03-01,109.58999633789062,109.66000366210938,109.5199966430664,109.66000366210938,67.13854217529297,560000
2013-03-04,109.7300033569336,109.75,109.66000366210938,109.66999816894531,67.14466857910156,403000
2013-03-05,109.6500015258789,109.6500015258789,109.54000091552734,109.61000061035156,67.10795593261719,482800
2013-03-06,109.58000183105469,109.58000183105469,109.44999694824219,109.52999877929688,67.05895233154297,400900
2013-03-07,109.43000030517578,109.43000030517578,109.2699966430664,109.30999755859375,66.92431640625,404300
2013-03-08,109.0999984741211,109.16999816894531,109.06999969482422,109.1500015258789,66.82630157470703,593900
2013-03-11,109.13999938964844,109.25,109.13999938964844,109.22000122070312,66.8691635131836,289100
2013-03-12,109.36000061035156,109.45999908447266,109.27999877929688,109.41999816894531,66.99165344238281,288100
2013-03-13,109.44999694824219,109.45999908447266,109.3499984741211,109.45999908447266,67.0160903930664,226000
2013-03-14,109.37999725341797,109.48999786376953,109.30000305175781,109.47000122070312,67.02220916748047,268700
2013-03-15,109.44000244140625,109.56999969482422,109.36000061035156,109.54000091552734,67.06507110595703,337900
2013-03-18,109.73999786376953,109.79000091552734,109.61000061035156,109.73999786376953,67.18754577636719,442500
2013-03-19,109.8499984741211,109.9000015258789,109.7300033569336,109.83999633789062,67.24877166748047,481900
2013-03-20,109.72000122070312,109.7699966430664,109.6500015258789,109.66000366210938,67.13854217529297,226200
2013-03-21,109.79000091552734,109.8499984741211,109.69000244140625,109.73999786376953,67.18754577636719,276900
2013-03-22,109.80999755859375,109.83999633789062,109.5999984741211,109.7699966430664,67.20590209960938,364400
2013-03-25,109.79000091552734,109.88999938964844,109.73999786376953,109.75,67.19366455078125,680500
2013-03-26,109.76000213623047,109.83999633789062,109.63999938964844,109.81999969482422,67.23652648925781,815500
2013-03-27,109.9000015258789,109.94999694824219,109.8499984741211,109.93000030517578,67.30388641357422,768800
2013-03-28,109.76000213623047,109.80000305175781,109.68000030517578,109.77999877929688,67.32225799560547,1026500
2013-04-01,109.7699966430664,109.87999725341797,109.69999694824219,109.87000274658203,67.37747192382812,358200
2013-04-02,109.7699966430664,109.79000091552734,109.69999694824219,109.70999908447266,67.27933502197266,321500
2013-04-03,109.8499984741211,109.98999786376953,109.80000305175781,109.9800033569336,67.44493865966797,463300
2013-04-04,110.0,110.19000244140625,109.98999786376953,110.19000244140625,67.5737075805664,734300
2013-04-05,110.48999786376953,110.51000213623047,110.3499984741211,110.45999908447266,67.7392807006836,624300
2013-04-08,110.51000213623047,110.5199966430664,110.30000305175781,110.3499984741211,67.67179107666016,934800
2013-04-09,110.38999938964844,110.47000122070312,110.3499984741211,110.37999725341797,67.6902084350586,562400
2013-04-10,110.29000091552734,110.29000091552734,110.18000030517578,110.20999908447266,67.58601379394531,848600
2013-04-11,110.27999877929688,110.30999755859375,110.23999786376953,110.29000091552734,67.63502502441406,411200
2013-04-12,110.4800033569336,110.55999755859375,110.37000274658203,110.51000213623047,67.76990509033203,605100
2013-04-15,110.58999633789062,110.5999984741211,110.48999786376953,110.5999984741211,67.82514953613281,704100
2013-04-16,110.47000122070312,110.5199966430664,110.4000015258789,110.4800033569336,67.75153350830078,354400
2013-04-17,110.52999877929688,110.56999969482422,110.44999694824219,110.5199966430664,67.77606964111328,674700
2013-04-18,110.62000274658203,110.62999725341797,110.51000213623047,110.51000213623047,67.76990509033203,910100
2013-04-19,110.43000030517578,110.55999755859375,110.43000030517578,110.54000091552734,67.78828430175781,502800
2013-04-22,110.5999984741211,110.66999816894531,110.56999969482422,110.63999938964844,67.84966278076172,378200
2013-04-23,110.7699966430664,110.7699966430664,110.58999633789062,110.63999938964844,67.84966278076172,612700
2013-04-24,110.66999816894531,110.70999908447266,110.61000061035156,110.69999694824219,67.88648223876953,307800
2013-04-25,110.80000305175781,110.83999633789062,110.76000213623047,110.80000305175781,67.94776153564453,373100
2013-04-26,110.98999786376953,110.98999786376953,110.87999725341797,110.97000122070312,68.0520248413086,531700
2013-04-29,111.0999984741211,111.0999984741211,110.98999786376953,111.01000213623047,68.0765380859375,396000
2013-04-30,110.9000015258789,110.91999816894531,110.7699966430664,110.80999755859375,68.08273315429688,625300
2013-05-01,110.83999633789062,111.04000091552734,110.83999633789062,110.94000244140625,68.1625747680664,469000
2013-05-02,110.94000244140625,111.0,110.87999725341797,110.9800033569336,68.18712615966797,516000
2013-05-03,110.83000183105469,110.83999633789062,110.55000305175781,110.62000274658203,67.96598815917969,838800
2013-05-06,110.6500015258789,110.6500015258789,110.37000274658203,110.41000366210938,67.83694458007812,794800
2013-05-07,110.44999694824219,110.51000213623047,110.37999725341797,110.45999908447266,67.86767578125,372700
2013-05-08,110.63999938964844,110.7300033569336,110.58999633789062,110.68000030517578,68.00285339355469,556500
2013-05-09,110.69999694824219,110.77999877929688,110.58000183105469,110.61000061035156,67.95980834960938,455500
2013-05-10,110.43000030517578,110.5,110.12000274658203,110.27999877929688,67.7570571899414,1019100
2013-05-13,110.06999969482422,110.16999816894531,109.9800033569336,109.98999786376953,67.57891845703125,784100
2013-05-14,110.0999984741211,110.13999938964844,109.63999938964844,109.66999816894531,67.38224029541016,1149700
2013-05-15,109.7699966430664,109.8499984741211,109.56999969482422,109.70999908447266,67.40685272216797,721000
2013-05-16,109.81999969482422,110.08000183105469,109.80000305175781,109.98999786376953,67.57891845703125,790500
2013-05-17,109.98999786376953,110.05999755859375,109.75,109.8499984741211,67.4928970336914,526500
2013-05-20,109.81999969482422,109.91000366210938,109.61000061035156,109.68000030517578,67.388427734375,616400
2013-05-21,109.6500015258789,109.94000244140625,109.58000183105469,109.9000015258789,67.52359771728516,465400
2013-05-22,110.04000091552734,110.11000061035156,109.38999938964844,109.41000366210938,67.22252655029297,1314600
2013-05-23,109.44999694824219,109.48999786376953,109.2300033569336,109.36000061035156,67.19185638427734,731600
2013-05-24,109.62999725341797,109.62999725341797,109.44000244140625,109.51000213623047,67.283935546875,435400
2013-05-28,109.29000091552734,109.30000305175781,108.47000122070312,108.47000122070312,66.64497375488281,1244100
2013-05-29,108.47000122070312,108.58999633789062,108.36000061035156,108.54000091552734,66.68797302246094,1193500
2013-05-30,108.68000030517578,108.73999786376953,108.58999633789062,108.73999786376953,66.81087493896484,585000
2013-05-31,108.3499984741211,108.4800033569336,107.83000183105469,108.18000030517578,66.60464477539062,1892000
2013-06-03,107.81999969482422,108.18000030517578,107.80999755859375,108.0,66.49378967285156,1111700
2013-06-04,107.9800033569336,108.08999633789062,107.83999633789062,108.0,66.49378967285156,746100
2013-06-05,108.0199966430664,108.16999816894531,108.01000213623047,108.12999725341797,66.57382202148438,743300
2013-06-06,108.06999969482422,108.4000015258789,107.91000366210938,108.2300033569336,66.63538360595703,405300
2013-06-07,108.0,108.0,107.58000183105469,107.5999984741211,66.24754333496094,614100
2013-06-10,107.41000366210938,107.41999816894531,107.11000061035156,107.12000274658203,65.95201110839844,1367600
2013-06-11,106.91999816894531,107.41000366210938,106.9000015258789,107.37999725341797,66.11206817626953,756500
2013-06-12,107.19000244140625,107.54000091552734,107.1500015258789,107.16999816894531,65.98281860351562,336900
2013-06-13,107.01000213623047,107.61000061035156,107.01000213623047,107.58000183105469,66.23522186279297,822000
2013-06-14,107.87000274658203,107.9000015258789,107.5199966430664,107.55999755859375,66.22290802001953,512700
2013-06-17,107.69000244140625,107.8499984741211,107.3499984741211,107.41000366210938,66.13050842285156,437500
2013-06-18,107.33999633789062,107.48999786376953,107.18000030517578,107.31999969482422,66.07514953613281,578200
2013-06-19,107.38999938964844,107.5,106.37000274658203,106.37000274658203,65.49028015136719,780700
2013-06-20,105.47000122070312,106.05000305175781,105.37999725341797,105.37999725341797,64.88075256347656,1592600
2013-06-21,105.77999877929688,105.98999786376953,105.20999908447266,105.41000366210938,64.89915466308594,832300
2013-06-24,104.4000015258789,105.06999969482422,104.0999984741211,105.01000213623047,64.65291595458984,1745000
2013-06-25,104.80000305175781,105.30000305175781,104.72000122070312,104.79000091552734,64.51747131347656,551100
2013-06-26,105.20999908447266,105.41999816894531,105.0999984741211,105.30999755859375,64.83760070800781,444700
2013-06-27,105.48999786376953,105.75,105.38999938964844,105.69999694824219,65.07772827148438,651400
2013-06-28,105.55000305175781,105.5999984741211,105.16999816894531,105.4800033569336,65.07774353027344,675700
2013-07-01,105.75,105.75,105.30000305175781,105.68000030517578,65.20113372802734,358200
2013-07-02,105.7300033569336,105.83999633789062,105.5999984741211,105.66000366210938,65.18875885009766,444500
2013-07-03,105.68000030517578,105.77999877929688,105.44000244140625,105.54000091552734,65.11476135253906,212700
2013-07-05,104.37999725341797,104.8499984741211,104.19999694824219,104.22000122070312,64.30034637451172,1045100
2013-07-08,104.54000091552734,104.7300033569336,104.30999755859375,104.56999969482422,64.51631927490234,918500
2013-07-09,104.73999786376953,105.0199966430664,104.7300033569336,104.86000061035156,64.69525146484375,366800
2013-07-10,104.69999694824219,104.87999725341797,104.51000213623047,104.55999755859375,64.51016998291016,485200
2013-07-11,105.05000305175781,105.18000030517578,104.9000015258789,105.13999938964844,64.86796569824219,388800
2013-07-12,105.5,105.52999877929688,105.02999877929688,105.0999984741211,64.8432846069336,380700
2013-07-15,105.20999908447266,105.54000091552734,105.16000366210938,105.54000091552734,65.11476135253906,460800
2013-07-16,105.4800033569336,105.58000183105469,105.41999816894531,105.45999908447266,65.06538391113281,208100
2013-07-17,105.81999969482422,106.0999984741211,105.77999877929688,106.04000091552734,65.42318725585938,454200
2013-07-18,106.05000305175781,106.08000183105469,105.73999786376953,105.75,65.24427032470703,321200
2013-07-19,105.83000183105469,106.0999984741211,105.83000183105469,106.0199966430664,65.4109115600586,316300
2013-07-22,106.01000213623047,106.23999786376953,106.01000213623047,106.23999786376953,65.54661560058594,173700
2013-07-23,106.05000305175781,106.0999984741211,105.9000015258789,105.94999694824219,65.36768341064453,257700
2013-07-24,105.52999877929688,105.76000213623047,105.36000061035156,105.52999877929688,65.10857391357422,428200
2013-07-25,105.30999755859375,105.52999877929688,105.2300033569336,105.5199966430664,65.10242462158203,321900
2013-07-26,105.87000274658203,105.87000274658203,105.56999969482422,105.66999816894531,65.1949462890625,147300
2013-07-29,105.5,105.6500015258789,105.5,105.54000091552734,65.11476135253906,306800
2013-07-30,105.62999725341797,105.73999786376953,105.41000366210938,105.47000122070312,65.07158660888672,404700
2013-07-31,104.83000183105469,105.5,104.73999786376953,105.37999725341797,65.17362976074219,743000
2013-08-01,105.19999694824219,105.30999755859375,104.66000366210938,104.69999694824219,64.7530517578125,419300
2013-08-02,105.01000213623047,105.48999786376953,104.87000274658203,105.38999938964844,65.17979431152344,709800
2013-08-05,105.25,105.52999877929688,105.2300033569336,105.52999877929688,65.26640319824219,264900
2013-08-06,105.56999969482422,105.87999725341797,105.29000091552734,105.33999633789062,65.14884185791016,393200
2013-08-07,105.25,105.69999694824219,105.20999908447266,105.52999877929688,65.26640319824219,148200
2013-08-08,105.7300033569336,105.81999969482422,105.55000305175781,105.76000213623047,65.40861511230469,505600
2013-08-09,105.5199966430664,105.8499984741211,105.5199966430664,105.7300033569336,65.39006042480469,194900
2013-08-12,105.88999938964844,105.93000030517578,105.66999816894531,105.66999816894531,65.35294342041016,217400
2013-08-13,105.36000061035156,105.36000061035156,105.0999984741211,105.13999938964844,65.02519226074219,304500
2013-08-14,105.12000274658203,105.27999877929688,105.05000305175781,105.0999984741211,65.00044250488281,161800
2013-08-15,104.87000274658203,104.95999908447266,104.5,104.76000213623047,64.79016876220703,691200
2013-08-16,104.9000015258789,104.93000030517578,104.38999938964844,104.48999786376953,64.6231460571289,427200
2013-08-19,104.4800033569336,104.55999755859375,104.04000091552734,104.11000061035156,64.38812255859375,553900
2013-08-20,104.04000091552734,104.4800033569336,104.04000091552734,104.43000030517578,64.58606719970703,302600
2013-08-21,104.43000030517578,104.55000305175781,104.05000305175781,104.08999633789062,64.37579345703125,499400
2013-08-22,104.0,104.05999755859375,103.68000030517578,103.98999786376953,64.31393432617188,581500
2013-08-23,103.91000366210938,104.41999816894531,103.88999938964844,104.3499984741211,64.53659057617188,439800
2013-08-26,104.52999877929688,104.7300033569336,104.52999877929688,104.68000030517578,64.74066925048828,262700
2013-08-27,104.81999969482422,105.12000274658203,104.81999969482422,105.01000213623047,64.94477081298828,603900
2013-08-28,105.0,105.02999877929688,104.66000366210938,104.9000015258789,64.87675476074219,380000
2013-08-29,104.61000061035156,104.94000244140625,104.51000213623047,104.91000366210938,64.88296508789062,259100
2013-08-30,104.55000305175781,104.61000061035156,104.33999633789062,104.36000061035156,64.72784423828125,337800
2013-09-03,104.08999633789062,104.2699966430664,103.88999938964844,104.0999984741211,64.56661224365234,445500
2013-09-04,104.04000091552734,104.20999908447266,103.7699966430664,103.83999633789062,64.40535736083984,278000
2013-09-05,103.52999877929688,103.58999633789062,103.13999938964844,103.1500015258789,63.977394104003906,429500
2013-09-06,103.62000274658203,103.80000305175781,103.58000183105469,103.58000183105469,64.24411010742188,517700
2013-09-09,103.93000030517578,104.0,103.70999908447266,103.72000122070312,64.33089447021484,419300
2013-09-10,103.5999984741211,103.87999725341797,103.5,103.69999694824219,64.31851959228516,307300
2013-09-11,103.79000091552734,104.05000305175781,103.7300033569336,103.97000122070312,64.48597717285156,525000
2013-09-12,104.12000274658203,104.26000213623047,103.9000015258789,103.91999816894531,64.4549331665039,305400
2013-09-13,104.05000305175781,104.30999755859375,104.05000305175781,104.19000244140625,64.62242126464844,268200
2013-09-16,104.86000061035156,104.97000122070312,104.44999694824219,104.54000091552734,64.8394546508789,876600
2013-09-17,104.6500015258789,104.75,104.5,104.62000274658203,64.88914489746094,232200
2013-09-18,104.55000305175781,105.9000015258789,104.37000274658203,105.66999816894531,65.54037475585938,607000
2013-09-19,105.91000366210938,105.91000366210938,105.38999938964844,105.58999633789062,65.49075317382812,460100
2013-09-20,105.37999725341797,105.58999633789062,105.30000305175781,105.38999938964844,65.36674499511719,308700
2013-09-23,105.5,105.79000091552734,105.47000122070312,105.68000030517578,65.54656982421875,274500
2013-09-24,105.87999725341797,106.08999633789062,105.79000091552734,105.97000122070312,65.72643280029297,347600
2013-09-25,106.0,106.29000091552734,105.87999725341797,106.20999908447266,65.87532806396484,555400
2013-09-26,105.9800033569336,106.2300033569336,105.9800033569336,106.13999938964844,65.8318862915039,179200
2013-09-27,106.04000091552734,106.19000244140625,106.0199966430664,106.16000366210938,65.84430694580078,431400
2013-09-30,105.76000213623047,106.0,105.73999786376953,105.87000274658203,65.8194351196289,391100
2013-10-01,105.8499984741211,105.98999786376953,105.73999786376953,105.86000061035156,65.81317901611328,162300
2013-10-02,105.91000366210938,106.18000030517578,105.88999938964844,106.05999755859375,65.93756103515625,218200
2013-10-03,106.08000183105469,106.2699966430664,105.94999694824219,106.01000213623047,65.90646362304688,383900
2013-10-04,106.08999633789062,106.12999725341797,105.9000015258789,106.0,65.90026092529297,197900
2013-10-07,106.05000305175781,106.19999694824219,105.94999694824219,106.04000091552734,65.9250717163086,142200
2013-10-08,105.83000183105469,106.08999633789062,105.80999755859375,105.91000366210938,65.8442611694336,403700
2013-10-09,105.87999725341797,106.04000091552734,105.79000091552734,105.87000274658203,65.8194351196289,330100
2013-10-10,105.7300033569336,105.91000366210938,105.66999816894531,105.91000366210938,65.8442611694336,313500
2013-10-11,105.97000122070312,106.08000183105469,105.83000183105469,105.88999938964844,65.83189392089844,890000
2013-10-14,105.79000091552734,106.0,105.68000030517578,105.75,65.74480438232422,210600
2013-10-15,105.83000183105469,105.8499984741211,105.5999984741211,105.61000061035156,65.65778350830078,479300
2013-10-16,105.5999984741211,106.05999755859375,105.56999969482422,106.01000213623047,65.90646362304688,384900
2013-10-17,106.26000213623047,106.58000183105469,106.26000213623047,106.58000183105469,66.26082611083984,414600
2013-10-18,106.5,106.62999725341797,106.43000030517578,106.5999984741211,66.27326202392578,225900
2013-10-21,106.56999969482422,106.56999969482422,106.4000015258789,106.45999908447266,66.18626403808594,197200
2013-10-22,106.75,107.0,106.75,106.93000030517578,66.47846984863281,237300
2013-10-23,107.0,107.16999816894531,106.97000122070312,106.97000122070312,66.50331115722656,851200
2013-10-24,107.1500015258789,107.16999816894531,106.88999938964844,106.9800033569336,66.50953674316406,323500
2013-10-25,106.94999694824219,107.1500015258789,106.87999725341797,107.06999969482422,66.56548309326172,126900
2013-10-28,107.12000274658203,107.1500015258789,107.01000213623047,107.0199966430664,66.53433990478516,179200
2013-10-29,106.93000030517578,107.02999877929688,106.86000061035156,106.97000122070312,66.50331115722656,288500
2013-10-30,107.06999969482422,107.20999908447266,106.8499984741211,106.94000244140625,66.48460388183594,132600
2013-10-31,106.91000366210938,106.94000244140625,106.4800033569336,106.68000030517578,66.44727325439453,457900
2013-11-01,106.44999694824219,106.5999984741211,106.25,106.2699966430664,66.19186401367188,528200
2013-11-04,106.30000305175781,106.41999816894531,106.29000091552734,106.33000183105469,66.22927856445312,138400
2013-11-05,106.22000122070312,106.30000305175781,106.01000213623047,106.02999877929688,66.04241180419922,270800
2013-11-06,106.13999938964844,106.38999938964844,106.11000061035156,106.2699966430664,66.19186401367188,181800
2013-11-07,106.43000030517578,106.54000091552734,106.33999633789062,106.5199966430664,66.34760284423828,337600
2013-11-08,106.0999984741211,106.11000061035156,105.79000091552734,105.91000366210938,65.9676513671875,561600
2013-11-11,105.66999816894531,105.88999938964844,105.5999984741211,105.69000244140625,65.83061981201172,173600
2013-11-12,105.77999877929688,105.80000305175781,105.56999969482422,105.66000366210938,65.81195068359375,328500
2013-11-13,105.80999755859375,105.98999786376953,105.77999877929688,105.91000366210938,65.9676513671875,310900
2013-11-14,106.19000244140625,106.37999725341797,106.08000183105469,106.30999755859375,66.21681213378906,168900
2013-11-15,106.33000183105469,106.44000244140625,106.33000183105469,106.38999938964844,66.26660919189453,187000
2013-11-18,106.48999786376953,106.69000244140625,106.41000366210938,106.66999816894531,66.4410400390625,254600
2013-11-19,106.69999694824219,106.73999786376953,106.44000244140625,106.47000122070312,66.31646728515625,293300
2013-11-20,106.56999969482422,106.6500015258789,106.12999725341797,106.20999908447266,66.1545639038086,484900
2013-11-21,106.0,106.23999786376953,105.8499984741211,106.22000122070312,66.1607894897461,371400
2013-11-22,106.23999786376953,106.37999725341797,106.19999694824219,106.25,66.1794662475586,365500
2013-11-25,106.30000305175781,106.43000030517578,106.25,106.33000183105469,66.22927856445312,522800
2013-11-26,106.3499984741211,106.52999877929688,106.3499984741211,106.36000061035156,66.24794006347656,404300
2013-11-27,106.45999908447266,106.4800033569336,106.0999984741211,106.27999877929688,66.1981430053711,404600
2013-11-29,106.0999984741211,106.20999908447266,105.94000244140625,106.05999755859375,66.17943572998047,226600
2013-12-02,105.94000244140625,106.0,105.7699966430664,105.80000305175781,66.01715850830078,323800
2013-12-03,105.9000015258789,106.08000183105469,105.81999969482422,105.83999633789062,66.04212951660156,390800
2013-12-04,105.76000213623047,105.76000213623047,105.44000244140625,105.5199966430664,65.8424301147461,721500
2013-12-05,105.41999816894531,105.55000305175781,105.2699966430664,105.33000183105469,65.72391510009766,743400
2013-12-06,105.33999633789062,105.56999969482422,105.33999633789062,105.54000091552734,65.85494995117188,378400
2013-12-09,105.56999969482422,105.69999694824219,105.51000213623047,105.62999725341797,65.91110229492188,393400
2013-12-10,105.97000122070312,105.9800033569336,105.7300033569336,105.8499984741211,66.04837036132812,427800
2013-12-11,105.52999877929688,105.52999877929688,105.16000366210938,105.16000366210938,65.88982391357422,305100
2013-12-12,105.16000366210938,105.16000366210938,104.93000030517578,104.94000244140625,65.75198364257812,428300
2013-12-13,105.0199966430664,105.08000183105469,104.93000030517578,104.97000122070312,65.77082061767578,386000
2013-12-16,105.2300033569336,105.41000366210938,105.06999969482422,105.08999633789062,65.8459701538086,617600
2013-12-17,104.93000030517578,105.30000305175781,104.93000030517578,105.26000213623047,65.95252990722656,227000
2013-12-18,105.08999633789062,105.44999694824219,105.08999633789062,105.1500015258789,65.88361358642578,360800
2013-12-19,104.7699966430664,104.94000244140625,104.66999816894531,104.79000091552734,65.65803527832031,284700
2013-12-20,104.93000030517578,105.04000091552734,104.75,104.91999816894531,65.73945617675781,393300
2013-12-23,104.8499984741211,105.0199966430664,104.80999755859375,104.83999633789062,65.68936157226562,402700
2013-12-24,104.62000274658203,104.69999694824219,104.54000091552734,104.58000183105469,65.52642822265625,182000
2013-12-26,104.52999877929688,104.5999984741211,104.4800033569336,104.51000213623047,65.4825668334961,528600
2013-12-27,104.37000274658203,104.61000061035156,104.37000274658203,104.44000244140625,65.5264892578125,397400
2013-12-30,104.62999725341797,104.76000213623047,104.58999633789062,104.76000213623047,65.72724914550781,508600
2013-12-31,104.58000183105469,104.7699966430664,104.52999877929688,104.73999786376953,65.71473693847656,454200
2014-01-02,104.70999908447266,104.9000015258789,104.70999908447266,104.83999633789062,65.77745056152344,387800
2014-01-03,104.66999816894531,104.94000244140625,104.66999816894531,104.83999633789062,65.77745056152344,289800
2014-01-06,104.83999633789062,104.97000122070312,104.83000183105469,104.91000366210938,65.82140350341797,332000
2014-01-07,105.0,105.06999969482422,104.91999816894531,105.01000213623047,65.88412475585938,297300
2014-01-08,104.9000015258789,105.04000091552734,104.76000213623047,104.80000305175781,65.75235748291016,370600
2014-01-09,104.95999908447266,105.05000305175781,104.79000091552734,104.88999938964844,65.8088607788086,254300
2014-01-10,105.33999633789062,105.7300033569336,105.33999633789062,105.70999908447266,66.32332611083984,347800
2014-01-13,105.6500015258789,105.91999816894531,105.5199966430664,105.9000015258789,66.44248962402344,421700
2014-01-14,105.66000366210938,105.73999786376953,105.41999816894531,105.54000091552734,66.21665954589844,285300
2014-01-15,105.30999755859375,105.5999984741211,105.27999877929688,105.29000091552734,66.05976104736328,415300
2014-01-16,105.73999786376953,105.83999633789062,105.56999969482422,105.69000244140625,66.31078338623047,356100
2014-01-17,105.72000122070312,105.98999786376953,105.68000030517578,105.98999786376953,66.49897766113281,577800
2014-01-21,105.6500015258789,105.97000122070312,105.6500015258789,105.88999938964844,66.43624114990234,421300
2014-01-22,105.63999938964844,105.83000183105469,105.5999984741211,105.5999984741211,66.2542953491211,481200
2014-01-23,105.80999755859375,106.06999969482422,105.7699966430664,105.98999786376953,66.49897766113281,346400
2014-01-24,105.94999694824219,106.19000244140625,105.93000030517578,105.9800033569336,66.49270629882812,451100
2014-01-27,106.0,106.16999816894531,105.81999969482422,105.8499984741211,66.41114807128906,251000
2014-01-28,105.87000274658203,106.08000183105469,105.87000274658203,106.04000091552734,66.53031158447266,452600
2014-01-29,106.18000030517578,106.44999694824219,106.11000061035156,106.30000305175781,66.69347381591797,280400
2014-01-30,106.2699966430664,106.3499984741211,106.16000366210938,106.27999877929688,66.68092346191406,744900
2014-01-31,106.3499984741211,106.41000366210938,106.1500015258789,106.27999877929688,66.74372100830078,647200
2014-02-03,106.2699966430664,106.66999816894531,106.16999816894531,106.66999816894531,66.98858642578125,404400
2014-02-04,106.30000305175781,106.45999908447266,106.23999786376953,106.44000244140625,66.84423828125,231300
2014-02-05,106.44000244140625,106.48999786376953,106.26000213623047,106.2699966430664,66.73745727539062,199800
2014-02-06,106.23999786376953,106.37999725341797,106.12000274658203,106.37999725341797,66.80652618408203,231000
2014-02-07,106.30000305175781,106.62000274658203,106.27999877929688,106.4000015258789,66.8190689086914,205100
2014-02-10,106.62000274658203,106.81999969482422,106.5,106.80999755859375,67.0765609741211,210400
2014-02-11,106.5999984741211,106.5999984741211,106.38999938964844,106.45999908447266,66.85680389404297,305500
2014-02-12,106.43000030517578,106.48999786376953,106.19999694824219,106.26000213623047,66.73119354248047,267300
2014-02-13,106.44000244140625,106.62000274658203,106.36000061035156,106.55000305175781,66.91329956054688,119900
2014-02-14,106.45999908447266,106.5,106.29000091552734,106.47000122070312,66.86305236816406,215300
2014-02-18,106.5,106.68000030517578,106.4000015258789,106.61000061035156,66.95097351074219,284400
2014-02-19,106.69999694824219,106.70999908447266,106.4000015258789,106.41000366210938,66.82537078857422,273900
2014-02-20,106.30000305175781,106.41999816894531,106.23999786376953,106.27999877929688,66.74372100830078,171700
2014-02-21,106.25,106.54000091552734,106.25,106.45999908447266,66.85680389404297,219100
2014-02-24,106.54000091552734,106.54000091552734,106.30000305175781,106.33999633789062,66.78145599365234,639100
2014-02-25,106.51000213623047,106.7300033569336,106.4800033569336,106.58999633789062,66.9383773803711,236900
2014-02-26,106.54000091552734,106.79000091552734,106.54000091552734,106.7300033569336,67.02632904052734,282300
2014-02-27,106.7699966430664,106.91000366210938,106.66000366210938,106.9000015258789,67.13311767578125,209900
2014-02-28,106.6500015258789,106.72000122070312,106.5,106.5,66.91320037841797,277100
2014-03-03,106.66999816894531,106.83999633789062,106.62999725341797,106.80999755859375,67.10791015625,219600
2014-03-04,106.52999877929688,106.58000183105469,106.37000274658203,106.37000274658203,66.83152770996094,188400
2014-03-05,106.48999786376953,106.69000244140625,106.44000244140625,106.51000213623047,66.91944885253906,203600
2014-03-06,106.44999694824219,106.55999755859375,106.37000274658203,106.5199966430664,66.92575073242188,228200
2014-03-07,106.4000015258789,106.58000183105469,106.3499984741211,106.37999725341797,66.83773803710938,443600
2014-03-10,106.73999786376953,106.73999786376953,106.5199966430664,106.6500015258789,67.0074462890625,339700
2014-03-11,106.5,106.5999984741211,106.43000030517578,106.55000305175781,66.94461822509766,140400
2014-03-12,106.62000274658203,106.80999755859375,106.58999633789062,106.75,67.07026672363281,233400
2014-03-13,106.69999694824219,107.05000305175781,106.56999969482422,107.05000305175781,67.25877380371094,183800
2014-03-14,107.02999877929688,107.12000274658203,106.83999633789062,106.95999908447266,67.20220947265625,219400
2014-03-17,106.9000015258789,107.0,106.8499984741211,106.88999938964844,67.15821075439453,156000
2014-03-18,106.80000305175781,106.97000122070312,106.77999877929688,106.87000274658203,67.14564514160156,320900
2014-03-19,106.80000305175781,107.04000091552734,106.30000305175781,106.37999725341797,66.83773803710938,226500
2014-03-20,106.20999908447266,106.47000122070312,106.20999908447266,106.31999969482422,66.80013275146484,374300
2014-03-21,106.31999969482422,106.55000305175781,106.31999969482422,106.36000061035156,66.82523345947266,326600
2014-03-24,106.36000061035156,106.56999969482422,106.36000061035156,106.5199966430664,66.92575073242188,301900
2014-03-25,106.45999908447266,106.62000274658203,106.44999694824219,106.55000305175781,66.94461822509766,318400
2014-03-26,106.55999755859375,106.7699966430664,106.48999786376953,106.75,67.07026672363281,292600
2014-03-27,106.52999877929688,106.8499984741211,106.52999877929688,106.68000030517578,67.02627563476562,180600
2014-03-28,106.68000030517578,106.75,106.52999877929688,106.61000061035156,66.98233032226562,178600
2014-03-31,106.62000274658203,106.69000244140625,106.44000244140625,106.66000366210938,67.0451431274414,284200
2014-04-01,106.58000183105469,106.69000244140625,106.54000091552734,106.63999938964844,67.03255462646484,340200
2014-04-02,106.43000030517578,106.5199966430664,106.37000274658203,106.5199966430664,66.95716094970703,366600
2014-04-03,106.4800033569336,106.63999938964844,106.41999816894531,106.55000305175781,66.97598266601562,242900
2014-04-04,106.70999908447266,106.91999816894531,106.70999908447266,106.79000091552734,67.12683868408203,272100
2014-04-07,106.9000015258789,107.02999877929688,106.87000274658203,106.97000122070312,67.24005889892578,585100
2014-04-08,106.91000366210938,107.0199966430664,106.86000061035156,106.97000122070312,67.24005889892578,234400
2014-04-09,106.8499984741211,107.08999633789062,106.75,107.0,67.2588882446289,244700
2014-04-10,106.98999786376953,107.2699966430664,106.93000030517578,107.0999984741211,67.32171630859375,280400
2014-04-11,107.2300033569336,107.41000366210938,107.12999725341797,107.41000366210938,67.51663208007812,122800
2014-04-14,107.23999786376953,107.30999755859375,107.12000274658203,107.16000366210938,67.35945892333984,182700
2014-04-15,107.27999877929688,107.41000366210938,107.13999938964844,107.37999725341797,67.49775695800781,248200
2014-04-16,107.2699966430664,107.33999633789062,107.1500015258789,107.26000213623047,67.42231750488281,209800
2014-04-17,107.26000213623047,107.30000305175781,106.88999938964844,106.88999938964844,67.18973541259766,184500
2014-04-21,107.13999938964844,107.23999786376953,107.05000305175781,107.19000244140625,67.37832641601562,166700
2014-04-22,107.13999938964844,107.16000366210938,107.02999877929688,107.08000183105469,67.30915832519531,147100
2014-04-23,107.23999786376953,107.31999969482422,107.18000030517578,107.2300033569336,67.40345001220703,149900
2014-04-24,107.19999694824219,107.27999877929688,107.12000274658203,107.26000213623047,67.42231750488281,158300
2014-04-25,107.33000183105469,107.45999908447266,107.30000305175781,107.33999633789062,67.47260284423828,103300
2014-04-28,107.22000122070312,107.33999633789062,107.0999984741211,107.25,67.41602325439453,211300
2014-04-29,107.19000244140625,107.33000183105469,107.16000366210938,107.33000183105469,67.46631622314453,165100
2014-04-30,107.30000305175781,107.43000030517578,107.2300033569336,107.30999755859375,67.48516845703125,308900
2014-05-01,107.3499984741211,107.68000030517578,107.31999969482422,107.68000030517578,67.71790313720703,259200
2014-05-02,107.43000030517578,107.72000122070312,107.36000061035156,107.69999694824219,67.73040771484375,113800
2014-05-05,107.80000305175781,107.83999633789062,107.62000274658203,107.75,67.76187133789062,318400
2014-05-06,107.76000213623047,107.76000213623047,107.62000274658203,107.72000122070312,67.74301147460938,121900
2014-05-07,107.66000366210938,107.88999938964844,107.63999938964844,107.73999786376953,67.7556381225586,273200
2014-05-08,107.83999633789062,108.06999969482422,107.80000305175781,108.04000091552734,67.94429016113281,485000
2014-05-09,108.04000091552734,108.04000091552734,107.86000061035156,108.0199966430664,67.93167114257812,231200
2014-05-12,107.98999786376953,108.06999969482422,107.81999969482422,107.87999725341797,67.84364318847656,297700
2014-05-13,107.93000030517578,108.16999816894531,107.88999938964844,108.13999938964844,68.00714874267578,298600
2014-05-14,108.16999816894531,108.37000274658203,108.13999938964844,108.3499984741211,68.13922119140625,312700
2014-05-15,108.4000015258789,108.58000183105469,108.37000274658203,108.51000213623047,68.23982238769531,236200
2014-05-16,108.31999969482422,108.44999694824219,108.25,108.36000061035156,68.14547729492188,181500
2014-05-19,108.43000030517578,108.48999786376953,108.23999786376953,108.25,68.07634735107422,181600
2014-05-20,108.22000122070312,108.33000183105469,108.11000061035156,108.23999786376953,68.07008361816406,157000
2014-05-21,108.19999694824219,108.23999786376953,108.05000305175781,108.19000244140625,68.03858184814453,110700
2014-05-22,108.16000366210938,108.29000091552734,108.12000274658203,108.18000030517578,68.03231048583984,344600
2014-05-23,108.38999938964844,108.48999786376953,108.33000183105469,108.44000244140625,68.19581604003906,401000
2014-05-27,108.48999786376953,108.58000183105469,108.33999633789062,108.5,68.23348999023438,178000
2014-05-28,108.66000366210938,108.87000274658203,108.66000366210938,108.81999969482422,68.43477630615234,139800
2014-05-29,109.0,109.0,108.72000122070312,108.72000122070312,68.37191009521484,167100
2014-05-30,108.77999877929688,108.87000274658203,108.62000274658203,108.87000274658203,68.49774169921875,260800
2014-06-02,108.76000213623047,108.76000213623047,108.52999877929688,108.61000061035156,68.33418273925781,281500
2014-06-03,108.47000122070312,108.58999633789062,108.29000091552734,108.31999969482422,68.15170288085938,214500
2014-06-04,108.29000091552734,108.31999969482422,108.16000366210938,108.16000366210938,68.05104064941406,188900
2014-06-05,108.19000244140625,108.54000091552734,108.19000244140625,108.4800033569336,68.2523422241211,171800
2014-06-06,108.47000122070312,108.69000244140625,108.3499984741211,108.51000213623047,68.27115631103516,163200
2014-06-09,108.5,108.58999633789062,108.4000015258789,108.48999786376953,68.2586441040039,170500
2014-06-10,108.55000305175781,108.56999969482422,108.4000015258789,108.51000213623047,68.27115631103516,127200
2014-06-11,108.58000183105469,108.62999725341797,108.44000244140625,108.51000213623047,68.27115631103516,158000
2014-06-12,108.63999938964844,108.80000305175781,108.5,108.7699966430664,68.43479919433594,130100
2014-06-13,108.47000122070312,108.7300033569336,108.38999938964844,108.69000244140625,68.38446807861328,255500
2014-06-16,108.62000274658203,108.66000366210938,108.51000213623047,108.6500015258789,68.35930633544922,130600
2014-06-17,108.55999755859375,108.55999755859375,108.43000030517578,108.4800033569336,68.2523422241211,157100
2014-06-18,108.5,108.68000030517578,108.45999908447266,108.6500015258789,68.35930633544922,170400
2014-06-19,108.66999816894531,108.88999938964844,108.48999786376953,108.63999938964844,68.35303497314453,150700
2014-06-20,108.68000030517578,108.8499984741211,108.52999877929688,108.8499984741211,68.48517608642578,148600
2014-06-23,108.66000366210938,108.66999816894531,108.44999694824219,108.47000122070312,68.24612426757812,170300
2014-06-24,108.72000122070312,108.86000061035156,108.62000274658203,108.80999755859375,68.4599609375,169300
2014-06-25,108.83000183105469,108.94999694824219,108.80000305175781,108.87000274658203,68.49774169921875,158200
2014-06-26,108.9000015258789,108.98999786376953,108.80999755859375,108.98999786376953,68.57323455810547,201800
2014-06-27,109.0,109.08000183105469,108.97000122070312,109.05000305175781,68.61099243164062,188700
2014-06-30,109.0199966430664,109.06999969482422,108.93000030517578,109.0,68.61099243164062,246800
2014-07-01,108.9000015258789,108.9800033569336,108.76000213623047,108.83999633789062,68.51025390625,200100
2014-07-02,108.6500015258789,108.69000244140625,108.5,108.55999755859375,68.33402252197266,332600
2014-07-03,108.38999938964844,108.5999984741211,108.37999725341797,108.55999755859375,68.33402252197266,145900
2014-07-07,108.52999877929688,108.69000244140625,108.52999877929688,108.69000244140625,68.41584014892578,101400
2014-07-08,108.73999786376953,108.8499984741211,108.69999694824219,108.81999969482422,68.49767303466797,123700
2014-07-09,108.70999908447266,108.9000015258789,108.58000183105469,108.8499984741211,68.5166015625,142500
2014-07-10,109.08000183105469,109.08000183105469,108.86000061035156,108.86000061035156,68.52286529541016,300700
2014-07-11,108.7699966430664,108.94000244140625,108.76000213623047,108.83999633789062,68.51025390625,180500
2014-07-14,108.83999633789062,108.87999725341797,108.73999786376953,108.81999969482422,68.49767303466797,110900
2014-07-15,108.83999633789062,108.95999908447266,108.75,108.83000183105469,68.50399017333984,94600
2014-07-16,108.80999755859375,108.94000244140625,108.75,108.87000274658203,68.52919006347656,95600
2014-07-17,109.02999877929688,109.19999694824219,108.91000366210938,109.19999694824219,68.73682403564453,138900
2014-07-18,109.05999755859375,109.06999969482422,108.86000061035156,108.94000244140625,68.57320404052734,130200
2014-07-21,109.0,109.16000366210938,108.94000244140625,109.02999877929688,68.62991333007812,170500
2014-07-22,109.12000274658203,109.19999694824219,109.04000091552734,109.12999725341797,68.69280242919922,130600
2014-07-23,109.19000244140625,109.23999786376953,109.16000366210938,109.19999694824219,68.73682403564453,159800
2014-07-24,109.08000183105469,109.11000061035156,109.0,109.0,68.61099243164062,69400
2014-07-25,109.12999725341797,109.27999877929688,109.06999969482422,109.16000366210938,68.71170043945312,146200
2014-07-28,109.18000030517578,109.29000091552734,109.1500015258789,109.27999877929688,68.78723907470703,170400
2014-07-29,109.2300033569336,109.30000305175781,109.13999938964844,109.19999694824219,68.73682403564453,309200
2014-07-30,109.05999755859375,109.12999725341797,108.87000274658203,108.87000274658203,68.52919006347656,212600
2014-07-31,108.56999969482422,108.70999908447266,108.38999938964844,108.6500015258789,68.5670166015625,283400
2014-08-01,108.6500015258789,109.0199966430664,108.51000213623047,109.0199966430664,68.8005142211914,486900
2014-08-04,108.93000030517578,109.01000213623047,108.75,108.75,68.63013458251953,191800
2014-08-05,108.73999786376953,108.87999725341797,108.6500015258789,108.75,68.63013458251953,225100
2014-08-06,108.8499984741211,108.93000030517578,108.76000213623047,108.80000305175781,68.66165924072266,378600
2014-08-07,108.8499984741211,109.04000091552734,108.70999908447266,109.04000091552734,68.81312561035156,176500
2014-08-08,108.94000244140625,109.05000305175781,108.81999969482422,108.9000015258789,68.72472381591797,286500
2014-08-11,109.0,109.05000305175781,108.87000274658203,108.87999725341797,68.71217346191406,247100
2014-08-12,108.94000244140625,109.06999969482422,108.8499984741211,108.91000366210938,68.73107147216797,141700
2014-08-13,109.0,109.13999938964844,108.9000015258789,109.13999938964844,68.87627410888672,298700
2014-08-14,109.19000244140625,109.30999755859375,109.0999984741211,109.30999755859375,68.9835205078125,230500
2014-08-15,109.37000274658203,109.69999694824219,109.30999755859375,109.44000244140625,69.06558227539062,370900
2014-08-18,109.37999725341797,109.4000015258789,109.29000091552734,109.30999755859375,68.9835205078125,118200
2014-08-19,109.48999786376953,109.48999786376953,109.22000122070312,109.26000213623047,68.95196533203125,418500
2014-08-20,109.3499984741211,109.38999938964844,109.1500015258789,109.20999908447266,68.92041778564453,154300
2014-08-21,109.16999816894531,109.36000061035156,109.16999816894531,109.25,68.94570922851562,211600
2014-08-22,109.31999969482422,109.38999938964844,109.13999938964844,109.23999786376953,68.93933868408203,116400
2014-08-25,109.3499984741211,109.47000122070312,109.27999877929688,109.38999938964844,69.0340347290039,273800
2014-08-26,109.5199966430664,109.5199966430664,109.38999938964844,109.4800033569336,69.09081268310547,177200
2014-08-27,109.63999938964844,109.69999694824219,109.51000213623047,109.66999816894531,69.21068572998047,270700
2014-08-28,109.69000244140625,109.80999755859375,109.58000183105469,109.80999755859375,69.29910278320312,134500
2014-08-29,109.41999816894531,109.56999969482422,109.33000183105469,109.5199966430664,69.30540466308594,220800
2014-09-02,109.33000183105469,109.3499984741211,109.19999694824219,109.23999786376953,69.12821197509766,108400
2014-09-03,109.1500015258789,109.31999969482422,109.1500015258789,109.19999694824219,69.10292053222656,141400
2014-09-04,109.19999694824219,109.30000305175781,109.08999633789062,109.0999984741211,69.03964233398438,400100
2014-09-05,109.33000183105469,109.33999633789062,109.08000183105469,109.13999938964844,69.06494903564453,167500
2014-09-08,109.33999633789062,109.33999633789062,109.02999877929688,109.02999877929688,68.9953384399414,185300
2014-09-09,109.05999755859375,109.11000061035156,108.94000244140625,109.0199966430664,68.98897552490234,179000
2014-09-10,108.9800033569336,108.9800033569336,108.66000366210938,108.66000366210938,68.76116943359375,189300
2014-09-11,108.87999725341797,108.93000030517578,108.73999786376953,108.80999755859375,68.8560791015625,87800
2014-09-12,108.62999725341797,108.83999633789062,108.45999908447266,108.5,68.65992736816406,123600
2014-09-15,108.79000091552734,108.80999755859375,108.51000213623047,108.58999633789062,68.7168960571289,157500
2014-09-16,108.66000366210938,108.66000366210938,108.44999694824219,108.5999984741211,68.72320556640625,182200
2014-09-17,108.66000366210938,108.70999908447266,108.4800033569336,108.5199966430664,68.672607421875,277700
2014-09-18,108.51000213623047,108.56999969482422,108.38999938964844,108.4800033569336,68.64726257324219,163100
2014-09-19,108.6500015258789,108.79000091552734,108.52999877929688,108.79000091552734,68.84349060058594,88400
2014-09-22,108.86000061035156,109.0,108.79000091552734,108.9800033569336,68.96366119384766,165600
2014-09-23,109.0,109.06999969482422,108.80999755859375,109.06999969482422,69.02066040039062,239000
2014-09-24,108.98999786376953,109.0199966430664,108.73999786376953,108.77999877929688,68.83710479736328,376000
2014-09-25,108.76000213623047,109.0,108.76000213623047,108.91999816894531,68.9256820678711,363300
2014-09-26,108.69999694824219,108.87000274658203,108.52999877929688,108.56999969482422,68.70423889160156,5042400
2014-09-29,108.75,108.83999633789062,108.7300033569336,108.7300033569336,68.80549621582031,1838400
2014-09-30,108.33000183105469,108.58000183105469,108.33000183105469,108.58000183105469,68.88478088378906,1898200
2014-10-01,108.45999908447266,108.94999694824219,108.44000244140625,108.94999694824219,69.1195068359375,1337200
2014-10-02,108.94000244140625,109.04000091552734,108.76000213623047,108.88999938964844,69.08149719238281,1383800
2014-10-03,108.63999938964844,108.72000122070312,108.47000122070312,108.54000091552734,68.85943603515625,1124300
2014-10-06,108.83000183105469,109.08000183105469,108.81999969482422,109.04000091552734,69.17662811279297,795200
2014-10-07,109.08999633789062,109.33999633789062,108.94999694824219,109.29000091552734,69.33518981933594,631900
2014-10-08,109.25,109.4000015258789,109.0,109.33999633789062,69.36692810058594,1108100
2014-10-09,109.27999877929688,109.38999938964844,109.16000366210938,109.27999877929688,69.32886505126953,678100
2014-10-10,109.30000305175781,109.44000244140625,109.30000305175781,109.43000030517578,69.42402648925781,378800
2014-10-13,109.43000030517578,109.80000305175781,109.30000305175781,109.61000061035156,69.5382080078125,330000
2014-10-14,109.68000030517578,109.80000305175781,109.58999633789062,109.66999816894531,69.5762939453125,1053100
2014-10-15,110.3499984741211,110.5,109.69000244140625,109.69000244140625,69.58897399902344,423000
2014-10-16,109.69000244140625,109.87999725341797,109.51000213623047,109.68000030517578,69.5826416015625,579900
2014-10-17,109.54000091552734,109.62000274658203,109.44000244140625,109.51000213623047,69.4747543334961,459100
2014-10-20,109.56999969482422,109.62000274658203,109.41999816894531,109.5,69.46846008300781,305200
2014-10-21,109.48999786376953,109.48999786376953,109.27999877929688,109.31999969482422,69.35424041748047,846300
2014-10-22,109.36000061035156,109.41000366210938,109.30000305175781,109.3499984741211,69.37326049804688,425800
2014-10-23,109.22000122070312,109.37999725341797,109.16999816894531,109.30999755859375,69.34794616699219,290800
2014-10-24,109.31999969482422,109.44999694824219,109.30999755859375,109.41000366210938,69.41134643554688,323500
2014-10-27,109.44999694824219,109.54000091552734,109.41000366210938,109.54000091552734,69.49382781982422,289400
2014-10-28,109.45999908447266,109.48999786376953,109.33000183105469,109.36000061035156,69.379638671875,276000
2014-10-29,109.37000274658203,109.41000366210938,108.94000244140625,109.04000091552734,69.17662811279297,480200
2014-10-30,109.19999694824219,109.41000366210938,109.0999984741211,109.2699966430664,69.32252502441406,450600
2014-10-31,108.94000244140625,109.12000274658203,108.83999633789062,108.86000061035156,69.31614685058594,509200
2014-11-03,108.93000030517578,108.94000244140625,108.73999786376953,108.93000030517578,69.36071014404297,259300
2014-11-04,109.0,109.08000183105469,108.86000061035156,108.93000030517578,69.36071014404297,257800
2014-11-05,108.94999694824219,109.02999877929688,108.87000274658203,108.95999908447266,69.37982940673828,124400
2014-11-06,108.88999938964844,108.98999786376953,108.73999786376953,108.80000305175781,69.2779541015625,211500
2014-11-07,108.98999786376953,109.30999755859375,108.94000244140625,109.30000305175781,69.5963134765625,176500
2014-11-10,109.30000305175781,109.30000305175781,108.94000244140625,108.98999786376953,69.39895629882812,79600
2014-11-11,108.98999786376953,109.05999755859375,108.81999969482422,108.88999938964844,69.33525848388672,101300
2014-11-12,109.08999633789062,109.1500015258789,108.91000366210938,108.95999908447266,69.37982940673828,164100
2014-11-13,109.01000213623047,109.1500015258789,108.97000122070312,109.04000091552734,69.43075561523438,114600
2014-11-14,109.06999969482422,109.23999786376953,108.9800033569336,109.19000244140625,69.52631378173828,181900
2014-11-17,109.29000091552734,109.4000015258789,109.06999969482422,109.13999938964844,69.49446105957031,169300
2014-11-18,109.18000030517578,109.27999877929688,109.05999755859375,109.22000122070312,69.54541015625,56600
2014-11-19,109.02999877929688,109.2699966430664,109.01000213623047,109.16000366210938,69.5072021484375,304300
2014-11-20,109.44999694824219,109.44999694824219,109.12999725341797,109.19000244140625,69.52631378173828,214400
2014-11-21,109.3499984741211,109.5,109.27999877929688,109.5,69.72369384765625,167100
2014-11-24,109.55000305175781,109.56999969482422,109.45999908447266,109.51000213623047,69.73004913330078,141300
2014-11-25,109.5999984741211,109.81999969482422,109.5999984741211,109.80999755859375,69.92105865478516,138100
2014-11-26,109.91000366210938,109.94999694824219,109.83000183105469,109.87999725341797,69.96565246582031,102300
2014-11-28,108.86000061035156,109.06999969482422,108.7300033569336,108.93000030517578,70.07499694824219,107600
2014-12-01,109.18000030517578,109.4800033569336,108.87000274658203,108.9800033569336,70.10714721679688,257900
2014-12-02,108.86000061035156,108.9000015258789,108.63999938964844,108.7699966430664,69.97209930419922,346700
2014-12-03,108.66000366210938,108.73999786376953,108.62000274658203,108.69999694824219,69.92707061767578,64000
2014-12-04,108.68000030517578,108.87000274658203,108.6500015258789,108.80000305175781,69.99134063720703,217600
2014-12-05,108.73999786376953,108.79000091552734,108.51000213623047,108.62000274658203,69.87557220458984,171500
2014-12-08,108.62000274658203,108.72000122070312,108.51000213623047,108.72000122070312,69.93991088867188,126500
2014-12-09,108.80999755859375,108.93000030517578,108.69000244140625,108.7300033569336,69.94636535644531,149100
2014-12-10,108.73999786376953,109.06999969482422,108.66000366210938,109.05999755859375,70.15862274169922,209700
2014-12-11,109.0,109.0,108.6500015258789,108.6500015258789,69.8948745727539,423500
2014-12-12,108.94000244140625,109.20999908447266,108.88999938964844,109.1500015258789,70.21651458740234,143500
2014-12-15,109.08999633789062,109.12000274658203,108.91000366210938,108.93000030517578,70.07499694824219,166900
2014-12-16,109.12000274658203,109.12000274658203,108.80000305175781,108.95999908447266,70.09431457519531,77200
2014-12-17,109.02999877929688,109.05000305175781,108.76000213623047,108.76000213623047,69.96564483642578,191500
2014-12-18,108.55999755859375,108.66000366210938,108.4800033569336,108.4800033569336,69.78553009033203,90700
2014-12-19,108.54000091552734,108.81999969482422,108.52999877929688,108.79000091552734,69.98494720458984,114000
2014-12-22,108.75,108.98999786376953,108.75,108.9800033569336,70.10714721679688,112600
2014-12-23,108.76000213623047,108.94000244140625,108.51000213623047,108.51000213623047,69.8048095703125,146300
2014-12-24,108.41000366210938,108.69000244140625,108.3499984741211,108.69000244140625,69.92063903808594,75600
2014-12-26,108.56999969482422,108.66999816894531,108.48999786376953,108.55999755859375,69.83697509765625,62600
2014-12-29,107.20999908447266,107.2300033569336,106.88999938964844,107.05999755859375,69.96768188476562,127000
2014-12-30,107.20999908447266,107.33999633789062,107.12999725341797,107.19000244140625,70.05265808105469,200700
2014-12-31,107.13999938964844,107.36000061035156,107.0999984741211,107.20999908447266,70.06571197509766,203700
2015-01-02,107.43000030517578,107.83999633789062,107.4000015258789,107.83999633789062,70.47746276855469,277100
2015-01-05,107.94999694824219,108.18000030517578,107.79000091552734,108.1500015258789,70.68004608154297,104100
2015-01-06,108.2300033569336,108.66000366210938,108.13999938964844,108.4000015258789,70.84341430664062,215000
2015-01-07,108.41000366210938,108.58000183105469,108.19999694824219,108.4800033569336,70.8957290649414,211800
2015-01-08,108.27999877929688,108.41999816894531,108.16000366210938,108.38999938964844,70.8369140625,130200
2015-01-09,108.27999877929688,108.68000030517578,108.25,108.55000305175781,70.94145965576172,218700
2015-01-12,108.62000274658203,108.8499984741211,108.56999969482422,108.79000091552734,71.09830474853516,91000
2015-01-13,108.66000366210938,108.87000274658203,108.5999984741211,108.77999877929688,71.09178161621094,151100
2015-01-14,109.05000305175781,109.19999694824219,108.9000015258789,108.98999786376953,71.22900390625,152100
2015-01-15,109.12999725341797,109.62999725341797,109.04000091552734,109.5199966430664,71.57538604736328,146600
2015-01-16,109.5,109.5999984741211,109.26000213623047,109.2699966430664,71.41197967529297,283400
2015-01-20,109.51000213623047,109.69999694824219,109.4000015258789,109.62000274658203,71.64073944091797,111000
2015-01-21,109.37999725341797,109.69000244140625,109.33999633789062,109.44999694824219,71.52962493896484,272200
2015-01-22,109.51000213623047,109.52999877929688,109.12000274658203,109.33000183105469,71.45121002197266,93900
2015-01-23,109.48999786376953,109.83999633789062,109.48999786376953,109.68000030517578,71.67996215820312,120500
2015-01-26,109.7699966430664,109.91000366210938,109.61000061035156,109.72000122070312,71.70609283447266,308900
2015-01-27,110.0,110.0,109.68000030517578,109.88999938964844,71.81717681884766,174500
2015-01-28,109.77999877929688,110.4000015258789,109.77999877929688,110.1500015258789,71.98712158203125,206900
2015-01-29,110.16999816894531,110.33999633789062,109.94999694824219,110.05000305175781,71.9217529296875,119000
2015-01-30,110.33999633789062,110.62000274658203,110.22000122070312,110.62000274658203,72.40613555908203,448300
2015-02-02,110.16999816894531,110.48999786376953,110.12999725341797,110.45999908447266,72.30140686035156,143000
2015-02-03,110.26000213623047,110.30999755859375,109.76000213623047,109.86000061035156,71.90869140625,315000
2015-02-04,109.77999877929688,110.02999877929688,109.51000213623047,110.0,72.00032806396484,186400
2015-02-05,110.0,110.0,109.72000122070312,109.80999755859375,71.87594604492188,219200
2015-02-06,109.56999969482422,109.56999969482422,109.12999725341797,109.1500015258789,71.44397735595703,314900
2015-02-09,109.45999908447266,109.69000244140625,109.2699966430664,109.47000122070312,71.65336608886719,108500
2015-02-10,109.33000183105469,109.4800033569336,109.18000030517578,109.19999694824219,71.47666931152344,137400
2015-02-11,109.2699966430664,109.4000015258789,109.02999877929688,109.30000305175781,71.54212188720703,151300
2015-02-12,109.38999938964844,109.43000030517578,109.19999694824219,109.23999786376953,71.5028305053711,141300
2015-02-13,109.16999816894531,109.29000091552734,109.05000305175781,109.13999938964844,71.43741607666016,802300
2015-02-17,109.11000061035156,109.30000305175781,108.83000183105469,108.83999633789062,71.24104309082031,406500
2015-02-18,108.86000061035156,109.18000030517578,108.66000366210938,109.16000366210938,71.45048522949219,119300
2015-02-19,109.11000061035156,109.1500015258789,108.81999969482422,108.97000122070312,71.32611846923828,115100
2015-02-20,108.91999816894531,109.38999938964844,108.79000091552734,108.80000305175781,71.21484375,158000
2015-02-23,108.91999816894531,109.22000122070312,108.83000183105469,109.16000366210938,71.45048522949219,180800
2015-02-24,109.22000122070312,109.73999786376953,109.12000274658203,109.6500015258789,71.77120971679688,189200
2015-02-25,109.72000122070312,109.87999725341797,109.56999969482422,109.81999969482422,71.88249206542969,207200
2015-02-26,109.75,109.87000274658203,109.47000122070312,109.56999969482422,71.71882629394531,183400
2015-02-27,109.5,109.75,109.33999633789062,109.52999877929688,71.79752349853516,292800
2015-03-02,109.69000244140625,109.69000244140625,109.19000244140625,109.19000244140625,71.57466125488281,139400
2015-03-03,109.18000030517578,109.33999633789062,109.01000213623047,109.05999755859375,71.48942565917969,108800
2015-03-04,109.19000244140625,109.30000305175781,109.0999984741211,109.18000030517578,71.56808471679688,128900
2015-03-05,109.27999877929688,109.3499984741211,109.11000061035156,109.33999633789062,71.67298889160156,93900
2015-03-06,109.05999755859375,109.1500015258789,108.5,108.51000213623047,71.12892150878906,133100
2015-03-09,108.51000213623047,108.9000015258789,108.51000213623047,108.86000061035156,71.35833740234375,302500
2015-03-10,108.98999786376953,109.19999694824219,108.83000183105469,109.19000244140625,71.57466125488281,216400
2015-03-11,109.23999786376953,109.47000122070312,109.04000091552734,109.44999694824219,71.7450942993164,144300
2015-03-12,109.58000183105469,109.61000061035156,109.12999725341797,109.19999694824219,71.5811767578125,171500
2015-03-13,109.25,109.5,109.11000061035156,109.30999755859375,71.65332794189453,79000
2015-03-16,109.36000061035156,109.36000061035156,109.11000061035156,109.29000091552734,71.64019012451172,92800
2015-03-17,109.33000183105469,109.48999786376953,109.16000366210938,109.44000244140625,71.73854064941406,150300
2015-03-18,109.62999725341797,110.0,109.3499984741211,109.98999786376953,72.09906768798828,256900
2015-03-19,109.94000244140625,110.23999786376953,109.83000183105469,110.08999633789062,72.16460418701172,224300
2015-03-20,110.43000030517578,110.68000030517578,110.12000274658203,110.19000244140625,72.23014068603516,121300
2015-03-23,110.19999694824219,110.5,110.0,110.0999984741211,72.17112731933594,224000
2015-03-24,110.16999816894531,110.31999969482422,110.0,110.26000213623047,72.27606201171875,134500
2015-03-25,110.4800033569336,110.4800033569336,110.08999633789062,110.19999694824219,72.23668670654297,109200
2015-03-26,109.80000305175781,109.93000030517578,109.5,109.56999969482422,71.82372283935547,240200
2015-03-27,109.81999969482422,110.23999786376953,109.81999969482422,110.0999984741211,72.17112731933594,89100
2015-03-30,109.9800033569336,110.16000366210938,109.76000213623047,110.05000305175781,72.13837432861328,143900
2015-03-31,109.81999969482422,110.22000122070312,109.81999969482422,110.12999725341797,72.3090591430664,404400
2015-04-01,110.02999877929688,110.62000274658203,109.95999908447266,110.47000122070312,72.53231811523438,296100
2015-04-02,110.58999633789062,110.58999633789062,109.93000030517578,109.94999694824219,72.19090270996094,197200
2015-04-06,110.13999938964844,110.30999755859375,109.91000366210938,110.05000305175781,72.25656127929688,192400
2015-04-07,110.1500015258789,110.43000030517578,110.0199966430664,110.37999725341797,72.47323608398438,181400
2015-04-08,110.26000213623047,110.30000305175781,109.94999694824219,110.0199966430664,72.23686981201172,170900
2015-04-09,110.18000030517578,110.31999969482422,109.87000274658203,109.97000122070312,72.20404815673828,238500
2015-04-10,110.2300033569336,110.4800033569336,110.05999755859375,110.1500015258789,72.32222747802734,254500
2015-04-13,110.37000274658203,110.4000015258789,110.0999984741211,110.4000015258789,72.48635864257812,76400
2015-04-14,110.37000274658203,110.47000122070312,110.2300033569336,110.2699966430664,72.4010238647461,350900
2015-04-15,110.36000061035156,110.5999984741211,110.2699966430664,110.3499984741211,72.4534912109375,121500
2015-04-16,110.47000122070312,110.47000122070312,110.0999984741211,110.3499984741211,72.4534912109375,377700
2015-04-17,110.33000183105469,110.5999984741211,110.12999725341797,110.44999694824219,72.51921081542969,666300
2015-04-20,110.44999694824219,110.55000305175781,110.19999694824219,110.41000366210938,72.49291229248047,756700
2015-04-21,110.43000030517578,110.52999877929688,110.20999908447266,110.27999877929688,72.40757751464844,113500
2015-04-22,110.2300033569336,110.2300033569336,109.62999725341797,109.70999908447266,72.03329467773438,390200
2015-04-23,109.97000122070312,110.08999633789062,109.70999908447266,109.86000061035156,72.13182067871094,200700
2015-04-24,109.94999694824219,110.16000366210938,109.80000305175781,109.98999786376953,72.2171859741211,59400
2015-04-27,110.0999984741211,110.0999984741211,109.72000122070312,109.97000122070312,72.20404815673828,172200
2015-04-28,109.81999969482422,109.86000061035156,109.43000030517578,109.51000213623047,71.90202331542969,177100
2015-04-29,109.05000305175781,109.30999755859375,108.9000015258789,109.22000122070312,71.71160888671875,178100
2015-04-30,108.80999755859375,109.11000061035156,108.68000030517578,108.91999816894531,71.51461029052734,369700
2015-05-01,108.62000274658203,108.83999633789062,108.41000366210938,108.56999969482422,71.28482055664062,343900
2015-05-04,108.68000030517578,108.79000091552734,108.4000015258789,108.5,71.2388687133789,257600
2015-05-05,108.37000274658203,108.37000274658203,107.79000091552734,108.0999984741211,70.97623443603516,343200
2015-05-06,107.79000091552734,107.98999786376953,107.5,107.55000305175781,70.61510467529297,299900
2015-05-07,107.68000030517578,108.08999633789062,107.68000030517578,108.0199966430664,70.92372131347656,140400
2015-05-08,108.20999908447266,108.37000274658203,107.97000122070312,108.08999633789062,70.96965026855469,72900
2015-05-11,107.95999908447266,108.0199966430664,107.5,107.51000213623047,70.5888442993164,204900
2015-05-12,107.52999877929688,107.76000213623047,107.30000305175781,107.5999984741211,70.64795684814453,86400
2015-05-13,107.80000305175781,107.80000305175781,107.13999938964844,107.36000061035156,70.49039459228516,125100
2015-05-14,107.22000122070312,107.47000122070312,107.05000305175781,107.31999969482422,70.46414184570312,215100
2015-05-15,107.58000183105469,107.93000030517578,107.5,107.83999633789062,70.8055648803711,148000
2015-05-18,107.48999786376953,107.80999755859375,107.27999877929688,107.37999725341797,70.5035171508789,131200
2015-05-19,107.37000274658203,107.5999984741211,107.23999786376953,107.27999877929688,70.4378662109375,121600
2015-05-20,107.31999969482422,107.62000274658203,107.27999877929688,107.45999908447266,70.55603790283203,116500
2015-05-21,107.69999694824219,107.98999786376953,107.5999984741211,107.93000030517578,70.86461639404297,90500
2015-05-22,107.80000305175781,107.88999938964844,107.6500015258789,107.75,70.74641418457031,157900
2015-05-26,108.18000030517578,108.63999938964844,108.08999633789062,108.61000061035156,71.31110382080078,134300
2015-05-27,108.41999816894531,108.62999725341797,108.25,108.62999725341797,71.32421875,96100
2015-05-28,108.55999755859375,108.66000366210938,108.41000366210938,108.55999755859375,71.2782974243164,46000
2015-05-29,108.20999908447266,108.56999969482422,108.12999725341797,108.27999877929688,71.29142761230469,138000
2015-06-01,108.33999633789062,108.33999633789062,107.83999633789062,107.91000366210938,71.04785919189453,78800
2015-06-02,107.62999725341797,107.77999877929688,107.37000274658203,107.58999633789062,70.83711242675781,126700
2015-06-03,107.33999633789062,107.33999633789062,106.80000305175781,106.81999969482422,70.33014678955078,114200
2015-06-04,107.04000091552734,107.19000244140625,106.80000305175781,107.08999633789062,70.5079345703125,223500
2015-06-05,106.87000274658203,107.04000091552734,106.56999969482422,106.68000030517578,70.2380142211914,62800
2015-06-08,106.8499984741211,107.11000061035156,106.83999633789062,106.87000274658203,70.36309814453125,72800
2015-06-09,106.80000305175781,106.9000015258789,106.4000015258789,106.41999816894531,70.06678771972656,325700
2015-06-10,106.16000366210938,106.36000061035156,106.02999877929688,106.05999755859375,69.82980346679688,236800
2015-06-11,106.38999938964844,106.54000091552734,106.25,106.41999816894531,70.06678771972656,280900
2015-06-12,106.69000244140625,106.87999725341797,106.56999969482422,106.68000030517578,70.2380142211914,480000
2015-06-15,106.9000015258789,107.05000305175781,106.5999984741211,106.76000213623047,70.29065704345703,236400
2015-06-16,106.79000091552734,106.9800033569336,106.69000244140625,106.91000366210938,70.38938903808594,112100
2015-06-17,106.80999755859375,107.0999984741211,106.5,106.9800033569336,70.4355239868164,297800
2015-06-18,106.7300033569336,106.91000366210938,106.58999633789062,106.76000213623047,70.29065704345703,354600
2015-06-19,107.12000274658203,107.23999786376953,106.95999908447266,107.22000122070312,70.59354400634766,72400
2015-06-22,106.87000274658203,107.0,106.6500015258789,106.7300033569336,70.27090454101562,73500
2015-06-23,106.66000366210938,106.9800033569336,106.61000061035156,106.61000061035156,70.19189453125,186900
2015-06-24,106.83999633789062,107.08999633789062,106.7300033569336,107.04000091552734,70.47502136230469,137700
2015-06-25,107.02999877929688,107.08999633789062,106.75,106.8499984741211,70.34993743896484,207200
2015-06-26,106.63999938964844,106.69999694824219,106.5,106.5199966430664,70.13264465332031,60900
2015-06-29,106.87000274658203,107.48999786376953,106.70999908447266,107.41000366210938,70.7186508178711,177700
2015-06-30,106.80000305175781,107.02999877929688,106.55000305175781,107.0,70.64599609375,345600
2015-07-01,106.72000122070312,106.80999755859375,106.38999938964844,106.38999938964844,70.24327850341797,155400
2015-07-02,106.73999786376953,107.0199966430664,106.41999816894531,106.47000122070312,70.29606628417969,129100
2015-07-06,106.94999694824219,107.08000183105469,106.62000274658203,106.87000274658203,70.56019592285156,147000
2015-07-07,107.33000183105469,107.47000122070312,107.0,107.01000213623047,70.65261840820312,82000
2015-07-08,106.9800033569336,107.26000213623047,106.9000015258789,107.23999786376953,70.80440521240234,80400
2015-07-09,106.8499984741211,107.08000183105469,106.62999725341797,106.7300033569336,70.46773529052734,122000
2015-07-10,106.5,106.70999908447266,106.27999877929688,106.48999786376953,70.30924224853516,54100
2015-07-13,106.30999755859375,106.87999725341797,106.30999755859375,106.76000213623047,70.48754119873047,124700
2015-07-14,106.79000091552734,106.9800033569336,106.69999694824219,106.93000030517578,70.59976196289062,107500
2015-07-15,106.86000061035156,107.2300033569336,106.7699966430664,107.01000213623047,70.65261840820312,87200
2015-07-16,106.9800033569336,107.37000274658203,106.8499984741211,107.36000061035156,70.88365173339844,96500
2015-07-17,107.19999694824219,107.5,107.19999694824219,107.4800033569336,70.962890625,108100
2015-07-20,107.29000091552734,107.45999908447266,107.18000030517578,107.2300033569336,70.7978515625,219400
2015-07-21,107.2699966430664,107.43000030517578,107.19000244140625,107.31999969482422,70.85729217529297,111300
2015-07-22,107.36000061035156,107.68000030517578,107.31999969482422,107.68000030517578,71.09494018554688,877600
2015-07-23,107.52999877929688,107.87999725341797,107.37999725341797,107.76000213623047,71.14777374267578,71800
2015-07-24,107.73999786376953,107.87999725341797,107.55999755859375,107.76000213623047,71.14777374267578,81300
2015-07-27,107.86000061035156,107.86000061035156,107.51000213623047,107.58000183105469,71.02892303466797,104000
2015-07-28,107.37999725341797,107.69999694824219,107.37999725341797,107.44000244140625,70.93648529052734,886900
2015-07-29,107.44999694824219,107.47000122070312,107.1500015258789,107.36000061035156,70.88365173339844,105000
2015-07-30,107.55999755859375,107.68000030517578,107.5,107.63999938964844,71.06857299804688,128600
2015-07-31,107.44999694824219,107.72000122070312,107.38999938964844,107.4000015258789,71.1082992553711,317200
2015-08-03,107.31999969482422,107.77999877929688,107.31999969482422,107.68000030517578,71.29367065429688,131400
2015-08-04,107.25,107.45999908447266,106.9800033569336,107.0,70.84342193603516,223200
2015-08-05,106.88999938964844,106.98999786376953,106.69000244140625,106.76000213623047,70.6845474243164,264500
2015-08-06,106.8499984741211,107.0999984741211,106.77999877929688,106.93000030517578,70.79708099365234,170600
2015-08-07,107.0999984741211,107.4800033569336,107.04000091552734,107.37999725341797,71.09503173828125,342000
2015-08-10,107.08000183105469,107.30999755859375,107.01000213623047,107.05999755859375,70.88314819335938,250100
2015-08-11,107.37000274658203,107.5999984741211,107.2300033569336,107.56999969482422,71.22083282470703,212500
2015-08-12,107.33999633789062,107.5999984741211,107.20999908447266,107.22000122070312,70.98908233642578,79500
2015-08-13,107.16000366210938,107.3499984741211,107.0199966430664,107.02999877929688,70.86329650878906,116200
2015-08-14,106.7699966430664,107.0999984741211,106.75,106.94000244140625,70.80371856689453,93500
2015-08-17,107.0999984741211,107.19999694824219,106.94999694824219,106.94999694824219,70.81031036376953,86300
2015-08-18,106.91999816894531,106.95999908447266,106.7699966430664,106.79000091552734,70.70439910888672,151100
2015-08-19,106.88999938964844,107.33999633789062,106.79000091552734,107.33999633789062,71.06858825683594,136200
2015-08-20,107.33999633789062,107.4800033569336,107.29000091552734,107.44000244140625,71.13475799560547,318600
2015-08-21,107.36000061035156,107.66999816894531,107.25,107.61000061035156,71.247314453125,610500
2015-08-24,107.66000366210938,107.66999816894531,106.9800033569336,107.37999725341797,71.09503173828125,331600
2015-08-25,106.75,107.18000030517578,106.55000305175781,106.88999938964844,70.77061462402344,402800
2015-08-26,106.55000305175781,106.91999816894531,106.45999908447266,106.63999938964844,70.60509490966797,235400
2015-08-27,106.5199966430664,106.73999786376953,106.37999725341797,106.58000183105469,70.56531524658203,175100
2015-08-28,107.04000091552734,107.0999984741211,106.73999786376953,106.93000030517578,70.79708099365234,148400
2015-08-31,106.66000366210938,106.80999755859375,106.30000305175781,106.68000030517578,70.8768310546875,371100
2015-09-01,106.2699966430664,106.5199966430664,106.26000213623047,106.44999694824219,70.72395324707031,88500
2015-09-02,106.20999908447266,106.44000244140625,106.11000061035156,106.19000244140625,70.55126953125,111900
2015-09-03,106.37000274658203,106.44999694824219,106.27999877929688,106.3499984741211,70.6576156616211,151000
2015-09-04,106.44000244140625,106.55000305175781,106.33000183105469,106.47000122070312,70.73731994628906,144000
2015-09-08,105.9000015258789,106.12000274658203,105.88999938964844,106.04000091552734,70.45162200927734,186300
2015-09-09,105.87000274658203,106.55999755859375,105.87000274658203,106.5199966430664,70.77054595947266,1440400
2015-09-10,106.2699966430664,106.37999725341797,106.19000244140625,106.30000305175781,70.62434387207031,133700
2015-09-11,106.22000122070312,106.54000091552734,106.22000122070312,106.37000274658203,70.6708755493164,403000
2015-09-14,106.48999786376953,106.48999786376953,106.20999908447266,106.2300033569336,70.5778579711914,324200
2015-09-15,106.2300033569336,106.37000274658203,105.68000030517578,105.75,70.25895690917969,474500
2015-09-16,105.79000091552734,105.93000030517578,105.62999725341797,105.68000030517578,70.21243286132812,237000
2015-09-17,105.94000244140625,106.33000183105469,105.62999725341797,106.1500015258789,70.52470397949219,149800
2015-09-18,106.45999908447266,106.83000183105469,106.25,106.80999755859375,70.96319580078125,321000
2015-09-21,106.69999694824219,106.69999694824219,106.12999725341797,106.19000244140625,70.55126953125,144500
2015-09-22,106.75,106.75,106.41000366210938,106.5199966430664,70.77054595947266,191200
2015-09-23,106.48999786376953,106.58000183105469,106.27999877929688,106.44999694824219,70.72395324707031,117600
2015-09-24,106.75,106.93000030517578,106.04000091552734,106.19000244140625,70.55126953125,604400
2015-09-25,106.0999984741211,106.3499984741211,105.9000015258789,106.01000213623047,70.43167114257812,148100
2015-09-28,106.27999877929688,106.61000061035156,106.19000244140625,106.61000061035156,70.83032989501953,341400
2015-09-29,106.37999725341797,106.44999694824219,106.08999633789062,106.08999633789062,70.48484802246094,145600
2015-09-30,105.4800033569336,105.62000274658203,105.4000015258789,105.45999908447266,70.32477569580078,320000
2015-10-01,105.98999786376953,105.98999786376953,105.6500015258789,105.69000244140625,70.47820281982422,205200
2015-10-02,106.38999938964844,106.6500015258789,106.12999725341797,106.29000091552734,70.87824249267578,327600
2015-10-05,106.26000213623047,106.37000274658203,106.12000274658203,106.16000366210938,70.79161834716797,232900
2015-10-06,106.56999969482422,106.73999786376953,106.2300033569336,106.55000305175781,71.0516586303711,201800
2015-10-07,106.44000244140625,106.70999908447266,106.30000305175781,106.66999816894531,71.13164520263672,99000
2015-10-08,106.88999938964844,106.88999938964844,106.13999938964844,106.22000122070312,70.83159637451172,321800
2015-10-09,106.5999984741211,106.81999969482422,106.2300033569336,106.25,70.85161590576172,146300
2015-10-12,106.61000061035156,106.7699966430664,106.30999755859375,106.7300033569336,71.17169189453125,261900
2015-10-13,107.18000030517578,107.18000030517578,106.58999633789062,106.73999786376953,71.17831420898438,297800
2015-10-14,106.7699966430664,106.94000244140625,106.62000274658203,106.66000366210938,71.12503051757812,155800
2015-10-15,106.80000305175781,106.8499984741211,106.4000015258789,106.47000122070312,70.9983139038086,81600
2015-10-16,106.83000183105469,106.8499984741211,106.5,106.76000213623047,71.1916732788086,177000
2015-10-19,106.80999755859375,106.94999694824219,106.61000061035156,106.88999938964844,71.2783432006836,168300
2015-10-20,106.6500015258789,106.77999877929688,106.4000015258789,106.63999938964844,71.1116714477539,97000
2015-10-21,106.93000030517578,106.95999908447266,106.7300033569336,106.93000030517578,71.3050308227539,510000
2015-10-22,106.87999725341797,107.12000274658203,106.77999877929688,106.87000274658203,71.2650375366211,136700
2015-10-23,106.79000091552734,107.02999877929688,106.77999877929688,106.93000030517578,71.3050308227539,114300
2015-10-26,107.05000305175781,107.13999938964844,106.94999694824219,107.08999633789062,71.4117202758789,115500
2015-10-27,107.2300033569336,107.2300033569336,106.9800033569336,107.19000244140625,71.47843933105469,176000
2015-10-28,107.19999694824219,107.19999694824219,106.63999938964844,106.83999633789062,71.24505615234375,272500
2015-10-29,106.76000213623047,106.76000213623047,106.29000091552734,106.29000091552734,70.87824249267578,214800
2015-10-30,106.58999633789062,106.94000244140625,106.22000122070312,106.26000213623047,70.85826110839844,456000
2015-11-02,105.95999908447266,106.02999877929688,105.73999786376953,105.83000183105469,70.83146667480469,217200
2015-11-03,105.87000274658203,105.9800033569336,105.66000366210938,105.69999694824219,70.74449920654297,209000
2015-11-04,106.0,106.02999877929688,105.69999694824219,105.87000274658203,70.85824584960938,131100
2015-11-05,105.80999755859375,105.9000015258789,105.61000061035156,105.62000274658203,70.69094848632812,87800
2015-11-06,105.5,105.5199966430664,105.12000274658203,105.13999938964844,70.36967468261719,219000
2015-11-09,105.19000244140625,105.4000015258789,105.1500015258789,105.31999969482422,70.49011993408203,302700
2015-11-10,105.06999969482422,105.30000305175781,105.06999969482422,105.23999786376953,70.4366226196289,154900
2015-11-11,105.30000305175781,105.31999969482422,104.91999816894531,104.91999816894531,70.22239685058594,128600
2015-11-12,105.05999755859375,105.27999877929688,104.91000366210938,104.97000122070312,70.25588989257812,115600
2015-11-13,105.27999877929688,105.43000030517578,104.94999694824219,105.41999816894531,70.55706024169922,213200
2015-11-16,105.4000015258789,105.5,105.13999938964844,105.3499984741211,70.5102310180664,259900
2015-11-17,105.23999786376953,105.5199966430664,105.0999984741211,105.48999786376953,70.60389709472656,64100
2015-11-18,105.37000274658203,105.55999755859375,105.30000305175781,105.41000366210938,70.55039978027344,125300
2015-11-19,105.55000305175781,105.58000183105469,105.30999755859375,105.44000244140625,70.57042694091797,51700
2015-11-20,105.56999969482422,105.58999633789062,105.37999725341797,105.4800033569336,70.59719848632812,84000
2015-11-23,105.52999877929688,105.69000244140625,105.37999725341797,105.58999633789062,70.67086029052734,217100
2015-11-24,105.5,105.6500015258789,105.37999725341797,105.5,70.61065673828125,53800
2015-11-25,105.68000030517578,105.87999725341797,105.44999694824219,105.48999786376953,70.60389709472656,63000
2015-11-27,105.68000030517578,105.88999938964844,105.5,105.55999755859375,70.65077209472656,70700
2015-11-30,105.88999938964844,105.98999786376953,105.47000122070312,105.75,70.77798461914062,83200
2015-12-01,105.33999633789062,105.6500015258789,105.33999633789062,105.6500015258789,70.9727554321289,185200
2015-12-02,105.52999877929688,105.83000183105469,105.48999786376953,105.66000366210938,70.97949981689453,183100
2015-12-03,105.12000274658203,105.41000366210938,105.0,105.05000305175781,70.56974029541016,273300
2015-12-04,105.1500015258789,105.44999694824219,105.1500015258789,105.44000244140625,70.83169555664062,206100
2015-12-07,105.4800033569336,105.79000091552734,105.33999633789062,105.47000122070312,70.851806640625,263800
2015-12-08,105.75,105.80000305175781,105.51000213623047,105.5999984741211,70.93916320800781,69700
2015-12-09,105.33999633789062,105.62000274658203,105.30000305175781,105.55000305175781,70.90560150146484,150800
2015-12-10,105.58000183105469,105.73999786376953,105.33000183105469,105.68000030517578,70.99292755126953,308300
2015-12-11,105.80000305175781,106.18000030517578,105.61000061035156,106.04000091552734,71.23474884033203,251800
2015-12-14,105.69000244140625,105.83999633789062,105.30000305175781,105.31999969482422,70.75109100341797,343100
2015-12-15,105.08000183105469,105.30000305175781,104.87999725341797,104.91000366210938,70.47566986083984,228800
2015-12-16,104.98999786376953,105.0,104.62000274658203,104.79000091552734,70.39506530761719,234800
2015-12-17,104.7300033569336,105.26000213623047,104.7300033569336,105.16000366210938,70.6435775756836,111000
2015-12-18,105.19999694824219,105.45999908447266,105.16000366210938,105.4000015258789,70.80475616455078,127600
2015-12-21,105.4000015258789,105.48999786376953,105.30000305175781,105.43000030517578,70.82496643066406,143400
2015-12-22,105.25,105.48999786376953,105.12999725341797,105.3499984741211,70.77120971679688,393900
2015-12-23,105.08000183105469,105.41999816894531,104.94999694824219,105.41000366210938,70.81153869628906,213500
2015-12-24,105.30999755859375,105.58999633789062,105.26000213623047,105.58000183105469,70.92575073242188,71900
2015-12-28,105.12999725341797,105.48999786376953,105.12999725341797,105.43000030517578,70.82496643066406,194400
2015-12-29,104.33000183105469,104.44999694824219,103.87999725341797,103.87999725341797,70.54653930664062,326300
2015-12-30,104.05999755859375,104.16000366210938,103.94999694824219,104.04000091552734,70.65519714355469,279800
2015-12-31,103.87000274658203,104.2300033569336,103.83000183105469,104.22000122070312,70.77745056152344,204000
2016-01-04,104.1500015258789,104.33000183105469,103.93000030517578,104.05999755859375,70.6688003540039,171600
2016-01-05,104.05000305175781,104.30999755859375,103.91999816894531,104.25,70.79782104492188,107100
2016-01-06,104.2699966430664,104.55999755859375,104.2300033569336,104.54000091552734,70.9947280883789,152200
2016-01-07,104.31999969482422,104.56999969482422,104.25,104.30999755859375,70.83854675292969,105600
2016-01-08,104.20999908447266,104.62999725341797,104.19999694824219,104.43000030517578,70.9200668334961,98700
2016-01-11,104.1500015258789,104.38999938964844,104.05000305175781,104.26000213623047,70.80455780029297,284400
2016-01-12,103.86000061035156,104.4000015258789,103.77999877929688,104.22000122070312,70.77745056152344,233400
2016-01-13,103.95999908447266,104.4800033569336,103.95999908447266,104.23999786376953,70.79100799560547,125700
2016-01-14,104.31999969482422,104.48999786376953,104.18000030517578,104.30999755859375,70.83854675292969,1606900
2016-01-15,104.66000366210938,104.66000366210938,104.38999938964844,104.52999877929688,70.98793029785156,514500
2016-01-19,104.44999694824219,104.44999694824219,103.77999877929688,103.87999725341797,70.54653930664062,397300
2016-01-20,104.05000305175781,104.13999938964844,103.61000061035156,103.62000274658203,70.36992645263672,398100
2016-01-21,104.25,104.25,103.41000366210938,103.47000122070312,70.26813507080078,373300
2016-01-22,103.37999725341797,103.81999969482422,103.37999725341797,103.81999969482422,70.50579071044922,101100
2016-01-25,103.91999816894531,104.05999755859375,103.81999969482422,104.04000091552734,70.65519714355469,97700
2016-01-26,103.94000244140625,104.26000213623047,103.80999755859375,104.19000244140625,70.75707244873047,278800
2016-01-27,104.04000091552734,104.16999816894531,103.94000244140625,104.13999938964844,70.72312927246094,143800
2016-01-28,104.13999938964844,104.41000366210938,104.13999938964844,104.33999633789062,70.85895538330078,118700
2016-01-29,104.55999755859375,105.0,104.5,104.98999786376953,71.30038452148438,1598300
2016-02-01,104.91000366210938,104.91999816894531,104.3499984741211,104.61000061035156,71.17786407470703,307300
2016-02-02,104.61000061035156,104.94999694824219,104.61000061035156,104.80999755859375,71.31393432617188,187800
2016-02-03,104.37000274658203,104.91999816894531,104.27999877929688,104.44999694824219,71.06903076171875,148100
2016-02-04,104.54000091552734,104.58999633789062,104.3499984741211,104.5199966430664,71.11662292480469,87700
2016-02-05,104.36000061035156,104.69999694824219,104.30000305175781,104.33999633789062,70.99415588378906,95100
2016-02-08,104.69999694824219,104.91000366210938,104.44000244140625,104.7300033569336,71.25951385498047,106400
2016-02-09,104.43000030517578,104.77999877929688,104.33999633789062,104.48999786376953,71.09627532958984,164100
2016-02-10,104.26000213623047,104.63999938964844,104.2300033569336,104.38999938964844,71.02819061279297,130000
2016-02-11,104.66000366210938,104.88999938964844,104.5,104.55999755859375,71.14385223388672,174500
2016-02-12,104.0999984741211,104.37999725341797,103.91000366210938,103.91000366210938,70.7016372680664,144400
2016-02-16,103.62000274658203,104.0,103.62000274658203,103.70999908447266,70.56549835205078,147600
2016-02-17,103.41999816894531,103.81999969482422,103.41999816894531,103.66999816894531,70.53831481933594,317400
2016-02-18,103.76000213623047,104.16999816894531,103.76000213623047,104.1500015258789,70.86488342285156,169300
2016-02-19,104.0199966430664,104.19999694824219,104.0,104.06999969482422,70.81045532226562,80300
2016-02-22,103.80999755859375,104.11000061035156,103.80999755859375,104.0199966430664,70.77642059326172,75000
2016-02-23,103.87999725341797,104.3499984741211,103.83000183105469,104.29000091552734,70.96015930175781,100500
2016-02-24,104.37000274658203,104.70999908447266,104.2699966430664,104.36000061035156,71.00778198242188,73700
2016-02-25,104.41999816894531,104.6500015258789,104.31999969482422,104.61000061035156,71.17786407470703,80900
2016-02-26,104.1500015258789,104.3499984741211,104.13999938964844,104.25,70.93286895751953,69300
2016-02-29,104.05000305175781,104.41000366210938,104.02999877929688,104.19000244140625,70.89212036132812,291500
2016-03-01,104.16999816894531,104.19000244140625,103.6500015258789,103.76000213623047,70.70809173583984,108600
2016-03-02,103.55000305175781,103.75,103.55000305175781,103.72000122070312,70.68081665039062,84100
2016-03-03,103.77999877929688,104.13999938964844,103.73999786376953,104.06999969482422,70.91935729980469,79900
2016-03-04,103.98999786376953,104.06999969482422,103.79000091552734,104.02999877929688,70.8920669555664,107600
2016-03-07,104.0,104.12000274658203,103.91000366210938,104.02999877929688,70.8920669555664,131500
2016-03-08,104.08999633789062,104.27999877929688,103.98999786376953,104.2300033569336,71.02837371826172,135800
2016-03-09,103.91000366210938,104.0999984741211,103.87000274658203,104.08999633789062,70.93299102783203,147700
2016-03-10,104.12000274658203,104.2300033569336,103.91000366210938,104.02999877929688,70.8920669555664,147200
2016-03-11,104.04000091552734,104.19999694824219,103.9000015258789,104.05000305175781,70.90573120117188,360700
2016-03-14,104.1500015258789,104.25,104.06999969482422,104.16999816894531,70.98748779296875,54800
2016-03-15,104.29000091552734,104.30000305175781,104.06999969482422,104.11000061035156,70.94659423828125,193500
2016-03-16,104.0199966430664,104.6500015258789,104.01000213623047,104.6500015258789,71.31461334228516,208700
2016-03-17,104.62999725341797,104.76000213623047,104.36000061035156,104.63999938964844,71.30777740478516,132700
2016-03-18,104.75,105.0,104.61000061035156,104.93000030517578,71.50543212890625,239700
2016-03-21,104.9000015258789,104.91000366210938,104.5999984741211,104.80999755859375,71.4236068725586,267000
2016-03-22,104.98999786376953,105.08999633789062,104.62000274658203,104.62000274658203,71.29420471191406,123300
2016-03-23,104.5,104.86000061035156,104.5,104.72000122070312,71.36229705810547,219200
2016-03-24,104.87999725341797,105.06999969482422,104.62999725341797,104.87000274658203,71.46455383300781,147000
2016-03-28,104.86000061035156,105.0999984741211,104.86000061035156,104.87000274658203,71.46455383300781,143100
2016-03-29,104.97000122070312,105.36000061035156,104.93000030517578,105.19999694824219,71.68940734863281,275000
2016-03-30,105.19999694824219,105.5,105.19000244140625,105.44000244140625,71.85298919677734,258500
2016-03-31,105.38999938964844,105.55999755859375,105.22000122070312,105.47000122070312,71.8733901977539,122300
2016-04-01,105.51000213623047,105.58000183105469,105.19999694824219,105.26000213623047,71.83927154541016,102500
2016-04-04,105.43000030517578,105.76000213623047,105.43000030517578,105.52999877929688,72.0235595703125,175900
2016-04-05,105.63999938964844,105.83999633789062,105.54000091552734,105.61000061035156,72.07817077636719,98200
2016-04-06,105.68000030517578,105.69000244140625,105.2699966430664,105.56999969482422,72.05086517333984,67600
2016-04-07,105.56999969482422,105.8499984741211,105.44999694824219,105.62999725341797,72.09178161621094,96300
2016-04-08,105.77999877929688,105.8499984741211,105.63999938964844,105.76000213623047,72.1805191040039,212900
2016-04-11,105.55000305175781,105.7300033569336,105.43000030517578,105.56999969482422,72.05086517333984,150700
2016-04-12,105.5999984741211,105.80999755859375,105.55000305175781,105.62000274658203,72.08502960205078,104000
2016-04-13,105.51000213623047,105.87999725341797,105.5,105.83000183105469,72.2282943725586,232500
2016-04-14,105.9000015258789,105.9000015258789,105.56999969482422,105.61000061035156,72.07817077636719,224500
2016-04-15,105.62000274658203,105.80000305175781,105.55999755859375,105.6500015258789,72.1054458618164,1291700
2016-04-18,105.80000305175781,106.0,105.69000244140625,105.98999786376953,72.33747863769531,133000
2016-04-19,105.98999786376953,106.04000091552734,105.81999969482422,105.91000366210938,72.28289031982422,137700
2016-04-20,106.0,106.0999984741211,105.83999633789062,105.83999633789062,72.23509216308594,126300
2016-04-21,105.70999908447266,105.76000213623047,105.61000061035156,105.69999694824219,72.13956451416016,94300
2016-04-22,105.61000061035156,105.75,105.55999755859375,105.69000244140625,72.13272857666016,92500
2016-04-25,105.54000091552734,105.69000244140625,105.5,105.55000305175781,72.03720092773438,132300
2016-04-26,105.58999633789062,105.5999984741211,105.37000274658203,105.44999694824219,71.96894836425781,154700
2016-04-27,105.69999694824219,105.88999938964844,105.51000213623047,105.80999755859375,72.21463775634766,142700
2016-04-28,105.88999938964844,106.12999725341797,105.8499984741211,106.11000061035156,72.41938018798828,62100
2016-04-29,106.08999633789062,106.19999694824219,105.91000366210938,106.11000061035156,72.41938018798828,121700
2016-05-02,105.86000061035156,105.91999816894531,105.66000366210938,105.72000122070312,72.26217651367188,239800
2016-05-03,105.8499984741211,106.0,105.69999694824219,105.77999877929688,72.30317687988281,236400
2016-05-04,105.81999969482422,106.12999725341797,105.77999877929688,105.93000030517578,72.40571594238281,99200
2016-05-05,105.9800033569336,106.13999938964844,105.80999755859375,106.04000091552734,72.48091125488281,72100
2016-05-06,106.0199966430664,106.12999725341797,105.81999969482422,105.83000183105469,72.33737182617188,452100
2016-05-09,105.86000061035156,106.05999755859375,105.76000213623047,105.86000061035156,72.35787963867188,338300
2016-05-10,105.94000244140625,105.94000244140625,105.77999877929688,105.86000061035156,72.35787963867188,173300
2016-05-11,105.94000244140625,106.16999816894531,105.86000061035156,106.04000091552734,72.48091125488281,117400
2016-05-12,106.0,106.08000183105469,105.8499984741211,106.02999877929688,72.47408294677734,128800
2016-05-13,106.0199966430664,106.25,105.95999908447266,106.11000061035156,72.52875518798828,84800
2016-05-16,106.27999877929688,106.27999877929688,106.0199966430664,106.16000366210938,72.56294250488281,69200
2016-05-17,106.11000061035156,106.12999725341797,105.91000366210938,106.0,72.45357513427734,81100
2016-05-18,106.11000061035156,106.11000061035156,105.47000122070312,105.47000122070312,72.0913314819336,74200
2016-05-19,105.56999969482422,105.83999633789062,105.5199966430664,105.69999694824219,72.24850463867188,95700
2016-05-20,105.45999908447266,105.80000305175781,105.38999938964844,105.56999969482422,72.15965270996094,87400
2016-05-23,105.63999938964844,105.69999694824219,105.47000122070312,105.54000091552734,72.13915252685547,64600
2016-05-24,105.4800033569336,105.76000213623047,105.4800033569336,105.55999755859375,72.15282440185547,51500
2016-05-25,105.58000183105469,105.81999969482422,105.48999786376953,105.7300033569336,72.26900482177734,115300
2016-05-26,105.87000274658203,105.94999694824219,105.5999984741211,105.69000244140625,72.24166870117188,94800
2016-05-27,105.79000091552734,105.81999969482422,105.62999725341797,105.63999938964844,72.20750427246094,57100
2016-05-31,105.7699966430664,105.98999786376953,105.5999984741211,105.77999877929688,72.30317687988281,70000
2016-06-01,105.7300033569336,105.95999908447266,105.56999969482422,105.72000122070312,72.34427642822266,55300
2016-06-02,105.76000213623047,105.94999694824219,105.76000213623047,105.83999633789062,72.42635345458984,106200
2016-06-03,106.06999969482422,106.43000030517578,106.06999969482422,106.38999938964844,72.80274963378906,81000
2016-06-06,106.12999725341797,106.2699966430664,106.05000305175781,106.08000183105469,72.59060668945312,156700
2016-06-07,106.30999755859375,106.4800033569336,106.16999816894531,106.18000030517578,72.6590805053711,129700
2016-06-08,106.44000244140625,106.48999786376953,106.18000030517578,106.18000030517578,72.6590805053711,87000
2016-06-09,106.5,106.52999877929688,106.3499984741211,106.44000244140625,72.83692932128906,111200
2016-06-10,106.56999969482422,106.68000030517578,106.5,106.68000030517578,73.00118255615234,84700
2016-06-13,106.70999908447266,106.9000015258789,106.62000274658203,106.68000030517578,73.00118255615234,122900
2016-06-14,106.69000244140625,106.75,106.48999786376953,106.58999633789062,72.93962097167969,53500
2016-06-15,106.55999755859375,106.66999816894531,106.33000183105469,106.44000244140625,72.83692932128906,49800
2016-06-16,106.86000061035156,106.9000015258789,106.55999755859375,106.66000366210938,72.98748779296875,63200
2016-06-17,106.54000091552734,106.58000183105469,106.22000122070312,106.30000305175781,72.74114990234375,57100
2016-06-20,106.30000305175781,106.44000244140625,106.25,106.37000274658203,72.78901672363281,54600
2016-06-21,106.30000305175781,106.45999908447266,106.1500015258789,106.2699966430664,72.72062683105469,99800
2016-06-22,106.33000183105469,106.33000183105469,106.1500015258789,106.18000030517578,72.6590805053711,111500
2016-06-23,106.19999694824219,106.43000030517578,106.16999816894531,106.43000030517578,72.83009338378906,285000
2016-06-24,106.9000015258789,106.9000015258789,106.62000274658203,106.62000274658203,72.96013641357422,357300
2016-06-27,106.87000274658203,106.98999786376953,106.76000213623047,106.83000183105469,73.10382843017578,68400
2016-06-28,106.83000183105469,107.19000244140625,106.7699966430664,107.12999725341797,73.30914306640625,334100
2016-06-29,107.06999969482422,107.25,106.86000061035156,107.16000366210938,73.32965850830078,90600
2016-06-30,107.02999877929688,107.37000274658203,106.80999755859375,107.37000274658203,73.47331237792969,298500
2016-07-01,107.4800033569336,107.52999877929688,107.25,107.52999877929688,73.71329498291016,65300
2016-07-05,107.83000183105469,107.94999694824219,107.55999755859375,107.86000061035156,73.93950653076172,65300
2016-07-06,107.83999633789062,108.13999938964844,107.83999633789062,107.86000061035156,73.93950653076172,159800
2016-07-07,108.05999755859375,108.19999694824219,107.88999938964844,108.02999877929688,74.05604553222656,55500
2016-07-08,108.08000183105469,108.18000030517578,107.86000061035156,108.18000030517578,74.15882873535156,77800
2016-07-11,108.11000061035156,108.25,108.0,108.1500015258789,74.13832092285156,99300
2016-07-12,107.94999694824219,108.04000091552734,107.75,107.80999755859375,73.90524291992188,131400
2016-07-13,107.87000274658203,107.98999786376953,107.79000091552734,107.80000305175781,73.8983383178711,105300
2016-07-14,107.68000030517578,107.83999633789062,107.58999633789062,107.77999877929688,73.88468170166016,47400
2016-07-15,107.3499984741211,107.4800033569336,107.08999633789062,107.19000244140625,73.4802017211914,239400
2016-07-18,107.37999725341797,107.44000244140625,107.13999938964844,107.2300033569336,73.50764465332031,78900
2016-07-19,107.2699966430664,107.5,107.23999786376953,107.4000015258789,73.62415313720703,198000
2016-07-20,107.5,107.5199966430664,107.31999969482422,107.4800033569336,73.67903137207031,175900
2016-07-21,107.5,107.66000366210938,107.30000305175781,107.47000122070312,73.67215728759766,120800
2016-07-22,107.44999694824219,107.81999969482422,107.43000030517578,107.68000030517578,73.81609344482422,114500
2016-07-25,107.72000122070312,107.72000122070312,107.47000122070312,107.4800033569336,73.67903137207031,57100
2016-07-26,107.6500015258789,107.6500015258789,107.4800033569336,107.55999755859375,73.73384094238281,78600
2016-07-27,107.69999694824219,107.80999755859375,107.5,107.79000091552734,73.8914794921875,73800
2016-07-28,107.81999969482422,107.98999786376953,107.5999984741211,107.73999786376953,73.85720825195312,72100
2016-07-29,107.79000091552734,107.98999786376953,107.69000244140625,107.91000366210938,73.9737548828125,174400
2016-08-01,107.45999908447266,107.5999984741211,107.44999694824219,107.58000183105469,73.91193389892578,45500
2016-08-02,107.2699966430664,107.45999908447266,107.11000061035156,107.16999816894531,73.6302261352539,66800
2016-08-03,107.02999877929688,107.3499984741211,106.87000274658203,107.16000366210938,73.62337493896484,56100
2016-08-04,107.30999755859375,107.56999969482422,107.30999755859375,107.5,73.85697174072266,173800
2016-08-05,107.44999694824219,107.54000091552734,107.30000305175781,107.31999969482422,73.73332977294922,107700
2016-08-08,107.44000244140625,107.62999725341797,107.19999694824219,107.36000061035156,73.76078033447266,358400
2016-08-09,107.69999694824219,107.7699966430664,107.5,107.75,74.02876281738281,82300
2016-08-10,107.62000274658203,107.81999969482422,107.51000213623047,107.63999938964844,73.95319366455078,93200
2016-08-11,107.66999816894531,107.79000091552734,107.19999694824219,107.4000015258789,73.78827667236328,179200
2016-08-12,107.68000030517578,107.80000305175781,107.48999786376953,107.55999755859375,73.89817810058594,70900
2016-08-15,107.55999755859375,107.61000061035156,107.3499984741211,107.37000274658203,73.76765441894531,338900
2016-08-16,107.30000305175781,107.36000061035156,107.11000061035156,107.16000366210938,73.62337493896484,89000
2016-08-17,107.22000122070312,107.44000244140625,107.22000122070312,107.37999725341797,73.77454376220703,64400
2016-08-18,107.5999984741211,107.93000030517578,107.47000122070312,107.91000366210938,74.138671875,489200
2016-08-19,107.7699966430664,107.83999633789062,107.56999969482422,107.63999938964844,73.95319366455078,170600
2016-08-22,107.83999633789062,107.94999694824219,107.61000061035156,107.69000244140625,73.9875259399414,66100
2016-08-23,107.75,107.94000244140625,107.68000030517578,107.7699966430664,74.04251861572266,50000
2016-08-24,107.81999969482422,107.86000061035156,107.66000366210938,107.7699966430664,74.04251861572266,45600
2016-08-25,107.63999938964844,107.7699966430664,107.58000183105469,107.72000122070312,74.00813293457031,41400
2016-08-26,107.7300033569336,107.91999816894531,107.37000274658203,107.5199966430664,73.87075805664062,55500
2016-08-29,107.47000122070312,107.79000091552734,107.47000122070312,107.63999938964844,73.95319366455078,52300
2016-08-30,107.6500015258789,107.93000030517578,107.61000061035156,107.83999633789062,74.09058380126953,39400
2016-08-31,107.91999816894531,107.91999816894531,107.61000061035156,107.68000030517578,73.98064422607422,50500
2016-09-01,107.45999908447266,107.62000274658203,107.29000091552734,107.58999633789062,74.12535095214844,45900
2016-09-02,107.6500015258789,107.6500015258789,107.44999694824219,107.48999786376953,74.0564193725586,45300
2016-09-06,107.5,107.76000213623047,107.44999694824219,107.62000274658203,74.14601135253906,93100
2016-09-07,107.83000183105469,107.9000015258789,107.6500015258789,107.80000305175781,74.27000427246094,60700
2016-09-08,107.68000030517578,107.79000091552734,107.44999694824219,107.48999786376953,74.0564193725586,53800
2016-09-09,107.41000366210938,107.41000366210938,107.12000274658203,107.18000030517578,73.8428726196289,59200
2016-09-12,106.97000122070312,107.0199966430664,106.7300033569336,106.83999633789062,73.60865783691406,375000
2016-09-13,106.8499984741211,107.0,106.62000274658203,106.81999969482422,73.59477996826172,241100
2016-09-14,106.83999633789062,106.95999908447266,106.62000274658203,106.93000030517578,73.67063903808594,97700
2016-09-15,106.81999969482422,106.87999725341797,106.66000366210938,106.83000183105469,73.60169982910156,48900
2016-09-16,106.91000366210938,106.91000366210938,106.69999694824219,106.7699966430664,73.56034851074219,47500
2016-09-19,106.94999694824219,107.12000274658203,106.88999938964844,107.0199966430664,73.73261260986328,83600
2016-09-20,107.01000213623047,107.0199966430664,106.7699966430664,106.86000061035156,73.62240600585938,56900
2016-09-21,106.91000366210938,107.16000366210938,106.87000274658203,107.11000061035156,73.79463195800781,53700
2016-09-22,107.44999694824219,107.69000244140625,107.44999694824219,107.66999816894531,74.18045043945312,92100
2016-09-23,107.5999984741211,107.72000122070312,107.5199966430664,107.63999938964844,74.15980529785156,43500
2016-09-26,107.73999786376953,107.75,107.63999938964844,107.68000030517578,74.18733215332031,165100
2016-09-27,107.88999938964844,107.98999786376953,107.87000274658203,107.91000366210938,74.34579467773438,77700
2016-09-28,107.83000183105469,107.9800033569336,107.7699966430664,107.8499984741211,74.304443359375,53900
2016-09-29,107.70999908447266,107.94999694824219,107.69999694824219,107.93000030517578,74.3595962524414,80100
2016-09-30,107.77999877929688,107.95999908447266,107.69999694824219,107.94999694824219,74.37334442138672,317700
2016-10-03,107.54000091552734,107.66000366210938,107.37999725341797,107.44999694824219,74.25587463378906,60400
2016-10-04,107.4800033569336,107.55000305175781,107.1500015258789,107.16000366210938,74.05547332763672,94600
2016-10-05,107.30000305175781,107.3499984741211,106.9000015258789,106.95999908447266,73.91724395751953,61400
2016-10-06,107.04000091552734,107.08000183105469,106.88999938964844,106.88999938964844,73.86888885498047,118000
2016-10-07,107.01000213623047,107.06999969482422,106.76000213623047,106.87999725341797,73.86198425292969,54200
2016-10-10,106.66999816894531,106.87000274658203,106.66999816894531,106.83000183105469,73.8274154663086,87900
2016-10-11,106.72000122070312,106.80000305175781,106.45999908447266,106.63999938964844,73.69613647460938,132600
2016-10-12,106.38999938964844,106.72000122070312,106.36000061035156,106.70999908447266,73.7444839477539,92200
2016-10-13,106.8499984741211,107.0,106.75,106.87999725341797,73.86198425292969,90200
2016-10-14,106.79000091552734,106.9000015258789,106.62000274658203,106.62000274658203,73.68231201171875,41900
2016-10-17,106.66999816894531,106.8499984741211,106.61000061035156,106.77999877929688,73.79283905029297,91000
2016-10-18,106.88999938964844,107.02999877929688,106.77999877929688,106.97000122070312,73.92415618896484,70400
2016-10-19,106.95999908447266,107.12999725341797,106.93000030517578,106.98999786376953,73.93798828125,56100
2016-10-20,107.05999755859375,107.13999938964844,106.94999694824219,106.98999786376953,73.93798828125,538500
2016-10-21,107.13999938964844,107.20999908447266,107.01000213623047,107.16999816894531,74.06234741210938,43700
2016-10-24,107.13999938964844,107.20999908447266,106.98999786376953,107.04000091552734,73.9725570678711,80500
2016-10-25,107.08000183105469,107.19999694824219,106.95999908447266,107.16000366210938,74.05547332763672,73100
2016-10-26,106.9800033569336,107.12000274658203,106.94999694824219,106.97000122070312,73.92415618896484,28800
2016-10-27,106.86000061035156,107.01000213623047,106.76000213623047,106.77999877929688,73.79283905029297,94300
2016-10-28,106.70999908447266,106.94000244140625,106.70999908447266,106.83999633789062,73.8343734741211,56100
2016-10-31,106.86000061035156,106.98999786376953,106.80000305175781,106.94000244140625,73.9034194946289,88100
2016-11-01,106.7300033569336,106.87000274658203,106.56999969482422,106.73999786376953,73.89653778076172,127200
2016-11-02,106.6500015258789,107.19999694824219,106.6500015258789,106.80000305175781,73.93803405761719,86500
2016-11-03,106.73999786376953,106.97000122070312,106.68000030517578,106.9000015258789,74.00724792480469,82600
2016-11-04,106.70999908447266,106.97000122070312,106.56999969482422,106.87000274658203,73.98650360107422,86300
2016-11-07,106.62000274658203,106.8499984741211,106.62000274658203,106.77999877929688,73.92418670654297,265600
2016-11-08,106.70999908447266,106.80999755859375,106.52999877929688,106.55000305175781,73.76495361328125,79900
2016-11-09,106.18000030517578,106.48999786376953,105.73999786376953,105.73999786376953,73.20417022705078,173500
2016-11-10,105.69999694824219,105.87999725341797,105.06999969482422,105.12999725341797,72.78190612792969,173500
2016-11-11,105.30999755859375,105.52999877929688,104.91000366210938,105.04000091552734,72.71956634521484,101000
2016-11-14,104.5999984741211,105.0,102.11000061035156,104.16999816894531,72.11729431152344,253400
2016-11-15,103.94000244140625,104.80000305175781,103.94000244140625,104.52999877929688,72.36651611328125,157000
2016-11-16,104.80000305175781,104.93000030517578,104.55000305175781,104.69999694824219,72.48419189453125,116000
2016-11-17,104.79000091552734,104.94999694824219,104.58000183105469,104.75,72.51884460449219,123400
2016-11-18,104.5999984741211,104.66000366210938,104.30999755859375,104.3499984741211,72.24190521240234,110600
2016-11-21,104.3499984741211,104.58000183105469,104.30000305175781,104.33999633789062,72.23497009277344,108000
2016-11-22,104.45999908447266,104.5999984741211,104.36000061035156,104.48999786376953,72.33881378173828,155800
2016-11-23,104.2300033569336,104.54000091552734,104.02999877929688,104.20999908447266,72.14496612548828,97000
2016-11-25,104.0999984741211,104.23999786376953,104.0,104.02999877929688,72.0203628540039,38300
2016-11-28,104.01000213623047,104.30000305175781,104.01000213623047,104.29000091552734,72.20036315917969,166800
2016-11-29,104.30999755859375,104.69000244140625,104.26000213623047,104.55000305175781,72.38036346435547,290600
2016-11-30,104.11000061035156,104.55000305175781,104.01000213623047,104.25,72.17266082763672,159700
2016-12-01,103.91000366210938,103.91000366210938,103.30000305175781,103.44000244140625,71.77713012695312,184000
2016-12-02,103.4800033569336,103.86000061035156,103.4800033569336,103.66999816894531,71.9367446899414,273700
2016-12-05,103.56999969482422,104.04000091552734,103.5,103.83999633789062,72.05470275878906,153100
2016-12-06,103.80999755859375,104.01000213623047,103.80000305175781,103.9000015258789,72.09632873535156,195600
2016-12-07,104.1500015258789,104.5,104.05999755859375,104.37999725341797,72.42939758300781,143700
2016-12-08,104.29000091552734,104.31999969482422,104.11000061035156,104.19999694824219,72.30450439453125,175100
2016-12-09,104.12999725341797,104.43000030517578,103.81999969482422,103.93000030517578,72.11717987060547,313100
2016-12-12,103.73999786376953,103.97000122070312,103.69000244140625,103.87999725341797,72.08246612548828,268700
2016-12-13,104.2699966430664,104.30999755859375,103.9000015258789,104.0,72.1657485961914,344200
2016-12-14,104.05000305175781,104.2300033569336,103.5,103.66000366210938,71.92980194091797,297500
2016-12-15,103.30999755859375,103.56999969482422,103.0199966430664,103.22000122070312,71.6244888305664,424500
2016-12-16,103.08999633789062,103.36000061035156,103.06999969482422,103.0999984741211,71.54117584228516,155700
2016-12-19,103.26000213623047,103.52999877929688,103.22000122070312,103.44000244140625,71.77713012695312,132500
2016-12-20,103.47000122070312,103.7699966430664,103.4000015258789,103.56999969482422,71.86738586425781,320300
2016-12-21,103.55000305175781,103.79000091552734,103.48999786376953,103.75,71.99225616455078,276800
2016-12-22,103.63999938964844,103.88999938964844,103.61000061035156,103.8499984741211,72.06165313720703,378500
2016-12-23,103.80000305175781,103.91999816894531,103.72000122070312,103.91999816894531,72.1102066040039,280800
2016-12-27,103.76000213623047,103.91999816894531,103.70999908447266,103.91999816894531,72.1102066040039,243900
2016-12-28,103.30999755859375,103.55000305175781,103.08999633789062,103.5199966430664,72.3058090209961,318000
2016-12-29,103.5999984741211,103.9000015258789,103.5199966430664,103.73999786376953,72.45942687988281,160700
2016-12-30,104.0,104.13999938964844,103.75,104.12999725341797,72.73184967041016,631300
2017-01-03,104.08000183105469,104.2300033569336,103.91999816894531,104.2300033569336,72.80169677734375,295600
2017-01-04,104.0199966430664,104.20999908447266,103.94999694824219,104.16000366210938,72.75282287597656,348900
2017-01-05,104.27999877929688,104.37999725341797,104.08000183105469,104.37000274658203,72.8995132446289,273000
2017-01-06,104.33999633789062,104.41999816894531,104.25,104.30999755859375,72.85757446289062,330300
2017-01-09,104.7300033569336,104.7300033569336,104.33999633789062,104.44000244140625,72.94837188720703,300900
2017-01-10,104.55000305175781,104.61000061035156,104.4800033569336,104.58000183105469,73.04615020751953,279600
2017-01-11,104.63999938964844,104.83999633789062,104.52999877929688,104.62999725341797,73.08108520507812,260800
2017-01-12,104.91999816894531,104.91999816894531,104.62999725341797,104.68000030517578,73.11602020263672,232400
2017-01-13,104.55999755859375,104.56999969482422,104.27999877929688,104.5,72.99030303955078,248800
2017-01-17,104.75,104.86000061035156,104.62000274658203,104.73999786376953,73.15792846679688,327100
2017-01-18,104.62999725341797,104.73999786376953,104.44999694824219,104.44999694824219,72.95539093017578,246400
2017-01-19,104.3499984741211,104.3499984741211,104.12000274658203,104.16999816894531,72.75978088378906,372200
2017-01-20,104.11000061035156,104.43000030517578,104.05999755859375,104.23999786376953,72.8086929321289,322600
2017-01-23,104.66999816894531,104.80000305175781,104.41999816894531,104.79000091552734,73.19281005859375,300200
2017-01-24,104.69000244140625,104.83000183105469,104.58000183105469,104.63999938964844,73.08809661865234,437000
2017-01-25,104.52999877929688,104.52999877929688,104.22000122070312,104.30000305175781,72.85061645507812,317800
2017-01-26,104.25,104.44999694824219,104.0999984741211,104.41999816894531,72.93441009521484,407400
2017-01-27,104.69000244140625,104.72000122070312,104.54000091552734,104.72000122070312,73.14395904541016,85500
2017-01-30,104.73999786376953,104.9000015258789,104.72000122070312,104.76000213623047,73.17191314697266,104100
2017-01-31,104.72000122070312,104.9800033569336,104.72000122070312,104.9800033569336,73.32556915283203,130700
2017-02-01,104.37999725341797,104.63999938964844,104.30000305175781,104.5,73.16453552246094,246900
2017-02-02,104.79000091552734,104.80999755859375,104.5,104.54000091552734,73.19254302978516,94700
2017-02-03,104.56999969482422,104.81999969482422,104.44000244140625,104.62999725341797,73.25552368164062,143900
2017-02-06,104.66999816894531,104.94000244140625,104.61000061035156,104.93000030517578,73.465576171875,175800
2017-02-07,104.9000015258789,105.29000091552734,104.9000015258789,105.12999725341797,73.6056137084961,292200
2017-02-08,105.36000061035156,105.5199966430664,105.16000366210938,105.5199966430664,73.8786392211914,95400
2017-02-09,105.23999786376953,105.41000366210938,105.11000061035156,105.19000244140625,73.64765930175781,78100
2017-02-10,105.0,105.19999694824219,104.9800033569336,105.18000030517578,73.64063262939453,122700
2017-02-13,105.0,105.12000274658203,104.94000244140625,104.95999908447266,73.48657989501953,98500
2017-02-14,104.73999786376953,104.9800033569336,104.61000061035156,104.73999786376953,73.33255004882812,187700
2017-02-15,104.37000274658203,104.58000183105469,104.36000061035156,104.52999877929688,73.18551635742188,113900
2017-02-16,104.5999984741211,104.75,104.5,104.63999938964844,73.26253509521484,114700
2017-02-17,104.98999786376953,105.0199966430664,104.8499984741211,105.0,73.51457977294922,107600
2017-02-21,105.02999877929688,105.20999908447266,104.9800033569336,105.19000244140625,73.64765930175781,192700
2017-02-22,105.27999877929688,105.33000183105469,105.0999984741211,105.2699966430664,73.7035903930664,147600
2017-02-23,105.30000305175781,105.48999786376953,105.27999877929688,105.48999786376953,73.85762786865234,83200
2017-02-24,105.58000183105469,105.72000122070312,105.4000015258789,105.61000061035156,73.94164276123047,123600
2017-02-27,105.5999984741211,105.69999694824219,105.48999786376953,105.58000183105469,73.92066955566406,175600
2017-02-28,105.5199966430664,105.5199966430664,105.36000061035156,105.44000244140625,73.8226547241211,72300
2017-03-01,104.95999908447266,104.97000122070312,104.7300033569336,104.87000274658203,73.58411407470703,118200
2017-03-02,104.5199966430664,104.63999938964844,104.37999725341797,104.5,73.3244857788086,90100
2017-03-03,104.5,104.5,104.2699966430664,104.4800033569336,73.3104019165039,73200
2017-03-06,104.51000213623047,104.56999969482422,104.38999938964844,104.55000305175781,73.35954284667969,95000
2017-03-07,104.5199966430664,104.5999984741211,104.41999816894531,104.41999816894531,73.26836395263672,93900
2017-03-08,104.26000213623047,104.33999633789062,104.05999755859375,104.31999969482422,73.19820404052734,127800
2017-03-09,104.19000244140625,104.20999908447266,104.0,104.01000213623047,72.98064422607422,128800
2017-03-10,103.94999694824219,104.22000122070312,103.94999694824219,104.08999633789062,73.03679656982422,82000
2017-03-13,104.05000305175781,104.19999694824219,104.0,104.08999633789062,73.03679656982422,96700
2017-03-14,103.91000366210938,104.11000061035156,103.8499984741211,103.98999786376953,72.96662902832031,104900
2017-03-15,104.0199966430664,104.48999786376953,104.0,104.48999786376953,73.31745910644531,111200
2017-03-16,104.52999877929688,104.62999725341797,104.31999969482422,104.41000366210938,73.26133728027344,217500
2017-03-17,104.38999938964844,104.69999694824219,104.38999938964844,104.66999816894531,73.44375610351562,137000
2017-03-20,104.61000061035156,104.9000015258789,104.54000091552734,104.80000305175781,73.53495025634766,323700
2017-03-21,104.79000091552734,105.0,104.7699966430664,104.93000030517578,73.6261978149414,66200
2017-03-22,105.11000061035156,105.30000305175781,105.02999877929688,105.11000061035156,73.75251770019531,76700
2017-03-23,105.08999633789062,105.20999908447266,104.87999725341797,105.11000061035156,73.75251770019531,59400
2017-03-24,105.16000366210938,105.37000274658203,105.01000213623047,105.19999694824219,73.81559753417969,41600
2017-03-27,105.27999877929688,105.37999725341797,105.16000366210938,105.2699966430664,73.86473083496094,135800
2017-03-28,105.33000183105469,105.37999725341797,105.05000305175781,105.12999725341797,73.76651763916016,60900
2017-03-29,105.16999816894531,105.27999877929688,105.01000213623047,105.18000030517578,73.80162811279297,63200
2017-03-30,105.20999908447266,105.26000213623047,105.06999969482422,105.19000244140625,73.80863952636719,94900
2017-03-31,105.31999969482422,105.36000061035156,105.12000274658203,105.31999969482422,73.89983367919922,121400
2017-04-03,105.0,105.5,105.0,105.44999694824219,74.16008758544922,123800
2017-04-04,105.25,105.48999786376953,105.25,105.47000122070312,74.17413330078125,83300
2017-04-05,105.27999877929688,105.58999633789062,105.23999786376953,105.55000305175781,74.23037719726562,70700
2017-04-06,105.58000183105469,105.58999633789062,105.37999725341797,105.58999633789062,74.25849914550781,147400
2017-04-07,105.55999755859375,105.72000122070312,105.27999877929688,105.41999816894531,74.13896942138672,55500
2017-04-10,105.30000305175781,105.55000305175781,105.30000305175781,105.5,74.19524383544922,63600
2017-04-11,105.45999908447266,105.80999755859375,105.45999908447266,105.76000213623047,74.37804412841797,75700
2017-04-12,105.9000015258789,106.16999816894531,105.77999877929688,106.1500015258789,74.6523208618164,99100
2017-04-13,106.1500015258789,106.2699966430664,106.01000213623047,106.06999969482422,74.59608459472656,86700
2017-04-17,106.27999877929688,106.36000061035156,106.0999984741211,106.20999908447266,74.69454193115234,83800
2017-04-18,106.2300033569336,106.62000274658203,106.2300033569336,106.62000274658203,74.98287963867188,140500
2017-04-19,106.55000305175781,106.62000274658203,106.25,106.38999938964844,74.82113647460938,88000
2017-04-20,106.33000183105469,106.41000366210938,106.12000274658203,106.27999877929688,74.74378967285156,173900
2017-04-21,106.2699966430664,106.36000061035156,106.08000183105469,106.2699966430664,74.7367172241211,66200
2017-04-24,105.94999694824219,105.98999786376953,105.8499984741211,105.95999908447266,74.51870727539062,228800
2017-04-25,105.7300033569336,105.83000183105469,105.33999633789062,105.4800033569336,74.18115234375,287200
2017-04-26,105.41000366210938,105.68000030517578,105.41000366210938,105.55999755859375,74.23741149902344,93000
2017-04-27,105.5,105.80000305175781,105.5,105.7699966430664,74.38507843017578,105800
2017-04-28,105.5999984741211,105.87999725341797,105.58000183105469,105.7300033569336,74.35697174072266,168400
2017-05-01,105.62999725341797,105.75,105.33000183105469,105.56999969482422,74.38512420654297,142100
2017-05-02,105.38999938964844,105.54000091552734,105.31999969482422,105.4800033569336,74.32173156738281,91600
2017-05-03,105.44999694824219,105.5,105.26000213623047,105.27999877929688,74.18083190917969,121400
2017-05-04,105.25,105.31999969482422,105.12999725341797,105.22000122070312,74.1385498046875,75200
2017-05-05,105.26000213623047,105.31999969482422,105.0999984741211,105.16000366210938,74.09622192382812,71000
2017-05-08,105.30000305175781,105.30000305175781,105.0999984741211,105.20999908447266,74.13150024414062,49000
2017-05-09,105.0999984741211,105.19000244140625,104.93000030517578,105.1500015258789,74.08924865722656,50400
2017-05-10,105.16000366210938,105.29000091552734,104.95999908447266,104.98999786376953,73.97648620605469,85000
2017-05-11,104.97000122070312,105.08999633789062,104.8499984741211,105.0199966430664,73.99761199951172,63200
2017-05-12,105.22000122070312,105.47000122070312,105.22000122070312,105.41999816894531,74.2794418334961,94800
2017-05-15,105.37999725341797,105.5,105.22000122070312,105.27999877929688,74.18083190917969,126000
2017-05-16,105.20999908447266,105.48999786376953,105.20999908447266,105.41999816894531,74.2794418334961,69000
2017-05-17,105.66999816894531,105.97000122070312,105.45999908447266,105.97000122070312,74.66697692871094,104900
2017-05-18,105.94999694824219,105.98999786376953,105.76000213623047,105.83999633789062,74.57537078857422,51500
2017-05-19,105.88999938964844,105.9000015258789,105.66999816894531,105.8499984741211,74.58244323730469,55900
2017-05-22,105.94999694824219,105.95999908447266,105.66999816894531,105.91999816894531,74.63179016113281,64800
2017-05-23,105.98999786376953,105.98999786376953,105.66999816894531,105.75,74.5119857788086,66800
2017-05-24,105.83999633789062,105.94000244140625,105.62000274658203,105.87999725341797,74.60358428955078,61200
2017-05-25,105.87000274658203,105.9800033569336,105.80000305175781,105.86000061035156,74.5895004272461,143400
2017-05-26,105.91999816894531,106.08000183105469,105.88999938964844,106.05999755859375,74.73042297363281,108800
2017-05-30,106.05000305175781,106.2300033569336,106.04000091552734,106.2300033569336,74.8501968383789,47200
2017-05-31,106.12999725341797,106.37000274658203,106.12000274658203,106.33000183105469,74.92061614990234,54900
2017-06-01,105.95999908447266,106.12000274658203,105.83000183105469,106.05000305175781,74.88534545898438,77300
2017-06-02,106.06999969482422,106.37000274658203,106.06999969482422,106.36000061035156,75.104248046875,83700
2017-06-05,106.13999938964844,106.38999938964844,106.13999938964844,106.27999877929688,75.04776763916016,39900
2017-06-06,106.30000305175781,106.51000213623047,106.29000091552734,106.45999908447266,75.17483520507812,65100
2017-06-07,106.44999694824219,106.48999786376953,106.26000213623047,106.3499984741211,75.09723663330078,42700
2017-06-08,106.33000183105469,106.33000183105469,106.08000183105469,106.20999908447266,74.99832153320312,107100
2017-06-09,106.08000183105469,106.16999816894531,106.04000091552734,106.08000183105469,74.90652465820312,36800
2017-06-12,106.0999984741211,106.20999908447266,106.02999877929688,106.1500015258789,74.95598602294922,53900
2017-06-13,106.04000091552734,106.20999908447266,106.04000091552734,106.19000244140625,74.98417663574219,39500
2017-06-14,106.51000213623047,106.76000213623047,106.41999816894531,106.61000061035156,75.28079223632812,72400
2017-06-15,106.58999633789062,106.58999633789062,106.27999877929688,106.4000015258789,75.13249969482422,56300
2017-06-16,106.31999969482422,106.54000091552734,106.31999969482422,106.4000015258789,75.13249969482422,55100
2017-06-19,106.58999633789062,106.58999633789062,106.33000183105469,106.4000015258789,75.13249969482422,33700
2017-06-20,106.45999908447266,106.58999633789062,106.41999816894531,106.58000183105469,75.25959777832031,55700
2017-06-21,106.55000305175781,106.61000061035156,106.41999816894531,106.5199966430664,75.21717071533203,31900
2017-06-22,106.61000061035156,106.68000030517578,106.5,106.54000091552734,75.23136901855469,49700
2017-06-23,106.62999725341797,106.69999694824219,106.5199966430664,106.58999633789062,75.26668548583984,52300
2017-06-26,106.58999633789062,106.83000183105469,106.58999633789062,106.7699966430664,75.39374542236328,43200
2017-06-27,106.66000366210938,106.72000122070312,106.44000244140625,106.44000244140625,75.16073608398438,67100
2017-06-28,106.52999877929688,106.5999984741211,106.30000305175781,106.56999969482422,75.2525634765625,94400
2017-06-29,106.26000213623047,106.38999938964844,106.13999938964844,106.37999725341797,75.11836242675781,110700
2017-06-30,106.3499984741211,106.3499984741211,106.0199966430664,106.04000091552734,74.8782958984375,109200
2017-07-03,106.01000213623047,106.05000305175781,105.69999694824219,105.75,74.8358154296875,46900
2017-07-05,105.68000030517578,105.7699966430664,105.54000091552734,105.62000274658203,74.74384307861328,66600
2017-07-06,105.56999969482422,105.75,105.5,105.75,74.8358154296875,91700
2017-07-07,105.52999877929688,105.66000366210938,105.36000061035156,105.44000244140625,74.61642456054688,89600
2017-07-10,105.55000305175781,105.73999786376953,105.55000305175781,105.5999984741211,74.72967529296875,49000
2017-07-11,105.44000244140625,105.76000213623047,105.44000244140625,105.72000122070312,74.8145751953125,77700
2017-07-12,106.0,106.08999633789062,105.91999816894531,106.06999969482422,75.06230926513672,103200
2017-07-13,105.91999816894531,106.08000183105469,105.87000274658203,106.05000305175781,75.04817199707031,75400
2017-07-14,106.18000030517578,106.3499984741211,106.05000305175781,106.16000366210938,75.12596893310547,71600
2017-07-17,106.19000244140625,106.25,106.0,106.19999694824219,75.1542739868164,107200
2017-07-18,106.26000213623047,106.47000122070312,106.26000213623047,106.45999908447266,75.33827209472656,64100
2017-07-19,106.38999938964844,106.5199966430664,106.38999938964844,106.41999816894531,75.30994415283203,43300
2017-07-20,106.62000274658203,106.62999725341797,106.43000030517578,106.48999786376953,75.35948181152344,106700
2017-07-21,106.61000061035156,106.7300033569336,106.5199966430664,106.62000274658203,75.45148468017578,44400
2017-07-24,106.62999725341797,106.69999694824219,106.41999816894531,106.52999877929688,75.38780975341797,45000
2017-07-25,106.41999816894531,106.41999816894531,106.19999694824219,106.23999786376953,75.1826171875,84400
2017-07-26,106.19999694824219,106.45999908447266,106.06999969482422,106.27999877929688,75.21086120605469,105000
2017-07-27,106.3499984741211,106.37999725341797,106.19000244140625,106.30999755859375,75.2320785522461,97500
2017-07-28,106.30000305175781,106.45999908447266,106.30000305175781,106.44999694824219,75.3311996459961,65500
2017-07-31,106.44000244140625,106.5999984741211,106.41999816894531,106.51000213623047,75.37364196777344,39500
2017-08-01,106.25,106.66000366210938,106.19999694824219,106.52999877929688,75.57228088378906,77000
2017-08-02,106.52999877929688,106.5999984741211,106.41000366210938,106.54000091552734,75.57939147949219,55000
2017-08-03,106.5999984741211,106.70999908447266,106.54000091552734,106.6500015258789,75.65739440917969,39800
2017-08-04,106.62999725341797,106.75,106.37000274658203,106.61000061035156,75.62904357910156,79300
2017-08-07,106.61000061035156,106.63999938964844,106.44999694824219,106.55000305175781,75.58645629882812,85400
2017-08-08,106.5999984741211,106.6500015258789,106.36000061035156,106.37999725341797,75.4658203125,84800
2017-08-09,106.62000274658203,106.72000122070312,106.55999755859375,106.62000274658203,75.63612365722656,68100
2017-08-10,106.66999816894531,106.7300033569336,106.56999969482422,106.63999938964844,75.65030670166016,97600
2017-08-11,106.75,106.94000244140625,106.69000244140625,106.94000244140625,75.86315155029297,100900
2017-08-14,106.63999938964844,106.9000015258789,106.63999938964844,106.83000183105469,75.78511047363281,69300
2017-08-15,106.55000305175781,106.6500015258789,106.4800033569336,106.55999755859375,75.59353637695312,80900
2017-08-16,106.55000305175781,106.83000183105469,106.52999877929688,106.66999816894531,75.67160034179688,92900
2017-08-17,106.73999786376953,106.93000030517578,106.6500015258789,106.91000366210938,75.84185028076172,79700
2017-08-18,106.93000030517578,107.05999755859375,106.83000183105469,106.86000061035156,75.80635833740234,54500
2017-08-21,107.0199966430664,107.05000305175781,106.9000015258789,106.9000015258789,75.83476257324219,98500
2017-08-22,106.97000122070312,106.97000122070312,106.81999969482422,106.88999938964844,75.8276596069336,71300
2017-08-23,106.87999725341797,107.0999984741211,106.87999725341797,107.04000091552734,75.93407440185547,62400
2017-08-24,107.05999755859375,107.11000061035156,106.8499984741211,106.87999725341797,75.82054138183594,213300
2017-08-25,106.95999908447266,107.08000183105469,106.87000274658203,106.91000366210938,75.84185028076172,128400
2017-08-28,106.98999786376953,107.0999984741211,106.94000244140625,107.02999877929688,75.92698669433594,63700
2017-08-29,107.25,107.31999969482422,107.13999938964844,107.26000213623047,76.09016418457031,42500
2017-08-30,107.19999694824219,107.31999969482422,107.12000274658203,107.27999877929688,76.10433959960938,48800
2017-08-31,107.2699966430664,107.43000030517578,107.16999816894531,107.41999816894531,76.20362854003906,69500
2017-09-01,107.08999633789062,107.08999633789062,106.83999633789062,107.01000213623047,76.11832427978516,97500
2017-09-05,107.08000183105469,107.47000122070312,107.05000305175781,107.43000030517578,76.41706085205078,127400
2017-09-06,107.45999908447266,107.5199966430664,107.18000030517578,107.30999755859375,76.33171844482422,139100
2017-09-07,107.4000015258789,107.6500015258789,107.4000015258789,107.44999694824219,76.43125915527344,123800
2017-09-08,107.51000213623047,107.62000274658203,107.41000366210938,107.55000305175781,76.50238037109375,91400
2017-09-11,107.29000091552734,107.3499984741211,107.19999694824219,107.29000091552734,76.31744384765625,120800
2017-09-12,107.13999938964844,107.13999938964844,106.97000122070312,107.0,76.11116790771484,85200
2017-09-13,107.08999633789062,107.12000274658203,106.9000015258789,106.91000366210938,76.04713439941406,108800
2017-09-14,106.83000183105469,107.05999755859375,106.66000366210938,107.05000305175781,76.14672088623047,115400
2017-09-15,107.08999633789062,107.12000274658203,106.9000015258789,106.97000122070312,76.08987426757812,121700
2017-09-18,106.97000122070312,107.05000305175781,106.80000305175781,106.83000183105469,75.99024963378906,198800
2017-09-19,106.94000244140625,106.95999908447266,106.7699966430664,106.81999969482422,75.9831314086914,71300
2017-09-20,106.87000274658203,107.0,106.61000061035156,106.68000030517578,75.883544921875,51600
2017-09-21,106.72000122070312,106.87999725341797,106.66000366210938,106.66999816894531,75.87641906738281,71500
2017-09-22,106.87999725341797,106.87999725341797,106.66000366210938,106.79000091552734,75.9617691040039,73800
2017-09-25,106.91000366210938,107.0999984741211,106.91000366210938,107.05000305175781,76.14672088623047,61200
2017-09-26,107.05000305175781,107.12999725341797,107.01000213623047,107.0999984741211,76.18232727050781,58600
2017-09-27,106.81999969482422,106.87000274658203,106.7300033569336,106.76000213623047,75.94046020507812,55200
2017-09-28,106.69000244140625,106.83000183105469,106.5999984741211,106.69000244140625,75.89066314697266,81800
2017-09-29,106.76000213623047,106.81999969482422,106.62999725341797,106.76000213623047,75.94046020507812,144400
2017-10-02,106.4800033569336,106.5199966430664,106.38999938964844,106.44000244140625,75.91905975341797,74600
2017-10-03,106.47000122070312,106.52999877929688,106.4000015258789,106.41999816894531,75.90480041503906,75000
2017-10-04,106.51000213623047,106.58000183105469,106.41999816894531,106.5,75.96182250976562,51800
2017-10-05,106.5,106.52999877929688,106.4000015258789,106.5,75.96182250976562,96100
2017-10-06,106.19999694824219,106.43000030517578,106.18000030517578,106.37999725341797,75.876220703125,97000
2017-10-09,106.30000305175781,106.3499984741211,106.25,106.30999755859375,75.82633209228516,37500
2017-10-10,106.48999786376953,106.5,106.29000091552734,106.33999633789062,75.84772491455078,60800
2017-10-11,106.41000366210938,106.47000122070312,106.30999755859375,106.47000122070312,75.94046783447266,68100
2017-10-12,106.51000213623047,106.55999755859375,106.4000015258789,106.5199966430664,75.97613525390625,77900
2017-10-13,106.7300033569336,106.73999786376953,106.52999877929688,106.72000122070312,76.11878204345703,39100
2017-10-16,106.58000183105469,106.80000305175781,106.58000183105469,106.7699966430664,76.15442657470703,76600
2017-10-17,106.72000122070312,106.72000122070312,106.5,106.58000183105469,76.01890563964844,151000
2017-10-18,106.54000091552734,106.58000183105469,106.3499984741211,106.54000091552734,75.99039459228516,50900
2017-10-19,106.66000366210938,106.66000366210938,106.38999938964844,106.38999938964844,75.88340759277344,59800
2017-10-20,106.44999694824219,106.44999694824219,106.29000091552734,106.4000015258789,75.8905258178711,99800
2017-10-23,106.43000030517578,106.44000244140625,106.25,106.26000213623047,75.79068756103516,409700
2017-10-24,106.27999877929688,106.27999877929688,106.11000061035156,106.13999938964844,75.70504760742188,102800
2017-10-25,105.9800033569336,106.05000305175781,105.8499984741211,106.0,75.60523986816406,155000
2017-10-26,106.01000213623047,106.12000274658203,105.87999725341797,105.93000030517578,75.5552749633789,148900
2017-10-27,105.87000274658203,106.0999984741211,105.8499984741211,105.98999786376953,75.59811401367188,77600
2017-10-30,106.2300033569336,106.44999694824219,106.2300033569336,106.29000091552734,75.81209564208984,338900
2017-10-31,106.45999908447266,106.48999786376953,106.27999877929688,106.48999786376953,75.95470428466797,100100
2017-11-01,106.12000274658203,106.2699966430664,106.05000305175781,106.18000030517578,75.9297103881836,65500
2017-11-02,106.23999786376953,106.44999694824219,106.13999938964844,106.16999816894531,75.92253112792969,56200
2017-11-03,106.36000061035156,106.41999816894531,106.13999938964844,106.41999816894531,76.10132598876953,127000
2017-11-06,106.5,106.62000274658203,106.41000366210938,106.47000122070312,76.13710021972656,109300
2017-11-07,106.55000305175781,106.62000274658203,106.4800033569336,106.51000213623047,76.1656723022461,78300
2017-11-08,106.52999877929688,106.54000091552734,106.41000366210938,106.47000122070312,76.13710021972656,65100
2017-11-09,106.33999633789062,106.41999816894531,106.22000122070312,106.30000305175781,76.01551818847656,93100
2017-11-10,106.22000122070312,106.2300033569336,106.02999877929688,106.02999877929688,75.82244873046875,83300
2017-11-13,106.05000305175781,106.12999725341797,105.97000122070312,106.04000091552734,75.82963562011719,110800
2017-11-14,106.0,106.12000274658203,105.91999816894531,106.0199966430664,75.8153076171875,97700
2017-11-15,106.19999694824219,106.31999969482422,106.1500015258789,106.30000305175781,76.01551818847656,62400
2017-11-16,106.20999908447266,106.33000183105469,106.20999908447266,106.27999877929688,76.00120544433594,78100
2017-11-17,106.2300033569336,106.33999633789062,106.13999938964844,106.30000305175781,76.01551818847656,97300
2017-11-20,106.29000091552734,106.30999755859375,106.20999908447266,106.30999755859375,76.02265167236328,62600
2017-11-21,106.3499984741211,106.38999938964844,106.23999786376953,106.29000091552734,76.00838470458984,95800
2017-11-22,106.33000183105469,106.58999633789062,106.33000183105469,106.51000213623047,76.1656723022461,66600
2017-11-24,106.5,106.5999984741211,106.36000061035156,106.51000213623047,76.1656723022461,21500
2017-11-27,106.5,106.5999984741211,106.45999908447266,106.4800033569336,76.14422607421875,73200
2017-11-28,106.63999938964844,106.66999816894531,106.5,106.56999969482422,76.2086181640625,53300
2017-11-29,106.47000122070312,106.47000122070312,106.33999633789062,106.47000122070312,76.13710021972656,71000
2017-11-30,106.27999877929688,106.41000366210938,106.13999938964844,106.25,75.97979736328125,128300
2017-12-01,106.0199966430664,106.33000183105469,105.91999816894531,106.16999816894531,76.11955261230469,110400
2017-12-04,106.08000183105469,106.16000366210938,106.04000091552734,106.11000061035156,76.07652282714844,84200
2017-12-05,106.1500015258789,106.31999969482422,106.0999984741211,106.29000091552734,76.2055892944336,61400
2017-12-06,106.48999786376953,106.5199966430664,106.37000274658203,106.37000274658203,76.262939453125,124700
2017-12-07,106.47000122070312,106.4800033569336,106.26000213623047,106.36000061035156,76.25578308105469,69200
2017-12-08,106.30999755859375,106.41999816894531,106.16000366210938,106.2300033569336,76.16259002685547,100200
2017-12-11,106.25,106.33999633789062,106.16999816894531,106.16999816894531,76.11955261230469,108600
2017-12-12,106.1500015258789,106.19000244140625,106.02999877929688,106.16999816894531,76.11955261230469,59300
2017-12-13,106.25,106.61000061035156,106.18000030517578,106.43000030517578,76.30599975585938,94600
2017-12-14,106.36000061035156,106.54000091552734,106.30000305175781,106.4800033569336,76.34181213378906,81100
2017-12-15,106.37999725341797,106.51000213623047,106.36000061035156,106.44999694824219,76.3203353881836,229500
2017-12-18,106.41000366210938,106.48999786376953,106.30999755859375,106.44000244140625,76.31310272216797,102100
2017-12-19,106.20999908447266,106.2699966430664,106.02999877929688,106.06999969482422,76.04786682128906,90900
2017-12-20,105.87000274658203,106.0,105.86000061035156,105.87999725341797,75.9116439819336,326600
2017-12-21,105.88999938964844,105.94000244140625,105.83999633789062,105.87999725341797,75.9116439819336,94700
2017-12-22,105.98999786376953,105.98999786376953,105.83000183105469,105.88999938964844,75.91879272460938,67300
2017-12-26,105.94999694824219,106.0999984741211,105.91999816894531,106.0,75.99766540527344,109900
2017-12-27,106.05000305175781,106.30999755859375,106.05000305175781,106.27999877929688,76.19841003417969,82200
2017-12-28,106.1500015258789,106.16000366210938,106.02999877929688,106.02999877929688,76.21208953857422,121700
2017-12-29,105.98999786376953,106.1500015258789,105.98999786376953,106.0,76.19050598144531,83200
2018-01-02,106.08000183105469,106.11000061035156,105.80999755859375,105.93000030517578,76.14020538330078,153100
2018-01-03,106.0199966430664,106.08000183105469,105.94999694824219,105.97000122070312,76.16893005371094,103700
2018-01-04,105.95999908447266,106.05000305175781,105.91999816894531,106.05000305175781,76.22647094726562,111100
2018-01-05,105.95999908447266,106.06999969482422,105.88999938964844,105.91999816894531,76.13301849365234,74400
2018-01-08,106.0,106.05999755859375,105.88999938964844,105.95999908447266,76.1617202758789,153800
2018-01-09,105.81999969482422,105.8499984741211,105.62999725341797,105.62999725341797,75.92454528808594,108600
2018-01-10,105.41000366210938,105.58999633789062,105.33999633789062,105.4800033569336,75.81678009033203,125200
2018-01-11,105.41000366210938,105.75,105.41000366210938,105.54000091552734,75.85987854003906,241300
2018-01-12,105.54000091552734,105.69999694824219,105.44000244140625,105.66000366210938,75.94610595703125,69400
2018-01-16,105.79000091552734,105.83000183105469,105.55999755859375,105.69000244140625,75.96770477294922,134900
2018-01-17,105.66999816894531,105.70999908447266,105.47000122070312,105.55000305175781,75.86708068847656,103800
2018-01-18,105.43000030517578,105.47000122070312,105.2300033569336,105.33999633789062,75.71612548828125,94400
2018-01-19,105.23999786376953,105.25,105.02999877929688,105.11000061035156,75.55078887939453,124300
2018-01-22,105.11000061035156,105.23999786376953,105.04000091552734,105.12999725341797,75.56517791748047,207000
2018-01-23,105.2300033569336,105.31999969482422,105.18000030517578,105.31999969482422,75.70172119140625,121000
2018-01-24,105.22000122070312,105.26000213623047,105.11000061035156,105.19999694824219,75.61549377441406,108800
2018-01-25,105.16999816894531,105.55000305175781,105.12999725341797,105.38999938964844,75.75205993652344,285500
2018-01-26,105.48999786376953,105.48999786376953,105.25,105.31999969482422,75.70172119140625,150000
2018-01-29,105.04000091552734,105.30000305175781,104.98999786376953,105.16999816894531,75.5938949584961,120400
2018-01-30,105.08999633789062,105.16000366210938,104.98999786376953,105.13999938964844,75.57238006591797,314200
2018-01-31,105.12000274658203,105.12000274658203,104.94000244140625,105.0999984741211,75.54359436035156,146800
2018-02-01,104.79000091552734,104.98999786376953,104.69999694824219,104.77999877929688,75.50761413574219,99900
2018-02-02,104.38999938964844,104.51000213623047,104.16999816894531,104.37999725341797,75.21932220458984,179500
2018-02-05,104.33000183105469,104.83999633789062,104.13999938964844,104.69999694824219,75.44989013671875,170100
2018-02-06,104.66999816894531,104.75,104.4800033569336,104.55000305175781,75.3418197631836,288500
2018-02-07,104.31999969482422,104.5,104.05000305175781,104.19999694824219,75.08958435058594,170200
2018-02-08,104.05000305175781,104.1500015258789,103.7699966430664,104.0,74.94544982910156,141800
2018-02-09,104.0,104.16999816894531,103.81999969482422,103.9800033569336,74.93104553222656,84600
2018-02-12,103.94000244140625,104.02999877929688,103.55999755859375,103.83999633789062,74.83018493652344,101600
2018-02-13,103.83999633789062,103.88999938964844,103.6500015258789,103.83000183105469,74.82298278808594,276000
2018-02-14,103.55000305175781,103.79000091552734,103.51000213623047,103.52999877929688,74.6068115234375,85200
2018-02-15,103.61000061035156,103.69000244140625,103.5,103.5,74.5851821899414,58700
2018-02-16,103.66999816894531,103.81999969482422,103.61000061035156,103.63999938964844,74.68604278564453,106200
2018-02-20,103.76000213623047,103.88999938964844,103.5999984741211,103.88999938964844,74.86624908447266,168800
2018-02-21,103.83000183105469,103.83000183105469,103.44000244140625,103.44999694824219,74.54913330078125,79200
2018-02-22,103.47000122070312,103.66999816894531,103.41999816894531,103.47000122070312,74.56356048583984,164000
2018-02-23,103.63999938964844,103.93000030517578,103.63999938964844,103.83000183105469,74.82298278808594,99300
2018-02-26,103.93000030517578,104.08999633789062,103.83999633789062,103.94999694824219,74.90946197509766,98900
2018-02-27,103.87000274658203,103.9800033569336,103.63999938964844,103.73999786376953,74.75811004638672,100600
2018-02-28,103.86000061035156,103.94999694824219,103.80999755859375,103.93000030517578,74.89503479003906,86400
2018-03-01,103.79000091552734,103.91999816894531,103.63999938964844,103.91999816894531,75.04664611816406,67600
2018-03-02,103.66000366210938,103.86000061035156,103.62000274658203,103.73999786376953,74.91668701171875,69200
2018-03-05,103.80999755859375,103.81999969482422,103.56999969482422,103.5999984741211,74.81558990478516,68200
2018-03-06,103.5999984741211,103.75,103.56999969482422,103.62000274658203,74.830078125,105300
2018-03-07,103.6500015258789,103.75,103.5199966430664,103.63999938964844,74.8445053100586,84700
2018-03-08,103.5199966430664,103.79000091552734,103.5199966430664,103.73999786376953,74.91668701171875,62900
2018-03-09,103.55000305175781,103.69999694824219,103.55000305175781,103.5999984741211,74.81558990478516,71800
2018-03-12,103.66000366210938,103.70999908447266,103.55999755859375,103.58000183105469,74.8011703491211,184700
2018-03-13,103.6500015258789,103.7300033569336,103.58000183105469,103.66999816894531,74.86618041992188,88700
2018-03-14,103.5999984741211,103.97000122070312,103.58000183105469,103.80999755859375,74.96729278564453,72400
2018-03-15,103.75,103.9000015258789,103.70999908447266,103.70999908447266,74.89503479003906,73800
2018-03-16,103.70999908447266,103.77999877929688,103.62000274658203,103.73999786376953,74.91668701171875,50600
2018-03-19,103.61000061035156,103.75,103.55000305175781,103.6500015258789,74.85171508789062,39800
2018-03-20,103.51000213623047,103.58999633789062,103.4000015258789,103.44000244140625,74.70006561279297,49800
2018-03-21,103.31999969482422,103.48999786376953,103.23999786376953,103.47000122070312,74.72172546386719,73300
2018-03-22,103.70999908447266,103.7699966430664,103.51000213623047,103.62000274658203,74.830078125,120900
2018-03-23,103.58000183105469,103.75,103.58000183105469,103.62999725341797,74.83727264404297,93000
2018-03-26,103.4800033569336,103.7699966430664,103.4800033569336,103.73999786376953,74.91668701171875,160000
2018-03-27,103.66000366210938,103.9800033569336,103.6500015258789,103.97000122070312,75.08282470703125,93000
2018-03-28,104.05999755859375,104.19000244140625,103.9800033569336,104.01000213623047,75.11168670654297,102500
2018-03-29,103.9000015258789,104.37000274658203,103.9000015258789,104.2300033569336,75.27057647705078,75800
2018-04-02,103.62999725341797,103.98999786376953,103.62999725341797,103.7699966430664,75.19084167480469,144900
2018-04-03,103.68000030517578,103.86000061035156,103.58000183105469,103.73999786376953,75.16915130615234,78000
2018-04-04,103.66999816894531,103.80000305175781,103.52999877929688,103.58999633789062,75.06043243408203,77200
2018-04-05,103.6500015258789,103.6500015258789,103.47000122070312,103.55000305175781,75.0314712524414,36200
2018-04-06,103.80000305175781,103.83000183105469,103.61000061035156,103.70999908447266,75.14737701416016,87300
2018-04-09,103.68000030517578,103.8499984741211,103.54000091552734,103.80000305175781,75.2126235961914,79800
2018-04-10,103.73999786376953,103.77999877929688,103.6500015258789,103.77999877929688,75.1981201171875,85200
2018-04-11,103.79000091552734,103.80000305175781,103.66999816894531,103.70999908447266,75.14737701416016,49300
2018-04-12,103.69000244140625,103.70999908447266,103.55000305175781,103.66000366210938,75.11117553710938,60600
2018-04-13,103.51000213623047,103.63999938964844,103.48999786376953,103.5199966430664,75.00968170166016,69000
2018-04-16,103.4000015258789,103.62999725341797,103.4000015258789,103.55999755859375,75.03871154785156,44500
2018-04-17,103.54000091552734,103.70999908447266,103.52999877929688,103.66999816894531,75.11839294433594,83700
2018-04-18,103.52999877929688,103.62999725341797,103.5,103.51000213623047,75.00245666503906,75400
2018-04-19,103.47000122070312,103.47000122070312,103.19000244140625,103.19999694824219,74.77782440185547,97700
2018-04-20,103.0999984741211,103.19000244140625,102.97000122070312,102.9800033569336,74.61846923828125,145600
2018-04-23,102.8499984741211,102.9000015258789,102.7300033569336,102.81999969482422,74.50251007080078,59200
2018-04-24,102.80999755859375,102.87999725341797,102.68000030517578,102.68000030517578,74.40103149414062,109100
2018-04-25,102.55999755859375,102.62999725341797,102.51000213623047,102.5199966430664,74.28509521484375,56100
2018-04-26,102.56999969482422,102.76000213623047,102.56999969482422,102.6500015258789,74.37930297851562,206000
2018-04-27,102.73999786376953,102.97000122070312,102.73999786376953,102.95999908447266,74.60394287109375,62600
2018-04-30,102.87000274658203,103.05999755859375,102.87000274658203,102.93000030517578,74.58222198486328,73800
2018-05-01,102.66000366210938,102.7699966430664,102.54000091552734,102.63999938964844,74.5858154296875,37800
2018-05-02,102.61000061035156,102.7300033569336,102.55999755859375,102.58999633789062,74.54952239990234,78600
2018-05-03,102.77999877929688,102.77999877929688,102.55999755859375,102.58000183105469,74.54225158691406,58300
2018-05-04,102.7300033569336,102.87999725341797,102.61000061035156,102.70999908447266,74.63671112060547,121400
2018-05-07,102.70999908447266,102.8499984741211,102.66000366210938,102.72000122070312,74.64401245117188,112600
2018-05-08,102.58000183105469,102.66000366210938,102.5199966430664,102.58999633789062,74.54952239990234,200100
2018-05-09,102.37000274658203,102.5199966430664,102.30999755859375,102.44000244140625,74.44050598144531,96300
2018-05-10,102.51000213623047,102.66999816894531,102.4800033569336,102.55999755859375,74.52772521972656,73400
2018-05-11,102.62000274658203,102.72000122070312,102.61000061035156,102.69000244140625,74.62217712402344,56400
2018-05-14,102.62000274658203,102.77999877929688,102.62000274658203,102.6500015258789,74.59309387207031,122400
2018-05-15,102.37000274658203,102.38999938964844,102.18000030517578,102.26000213623047,74.3096923828125,136700
2018-05-16,102.20999908447266,102.2699966430664,102.06999969482422,102.11000061035156,74.2007064819336,92600
2018-05-17,101.9800033569336,102.0999984741211,101.91999816894531,101.98999786376953,74.113525390625,50000
2018-05-18,101.9800033569336,102.1500015258789,101.94999694824219,102.12999725341797,74.2152099609375,46400
2018-05-21,102.08000183105469,102.26000213623047,102.08000183105469,102.26000213623047,74.3096923828125,62900
2018-05-22,102.19000244140625,102.22000122070312,102.11000061035156,102.20999908447266,74.27335357666016,64400
2018-05-23,102.33999633789062,102.4800033569336,102.31999969482422,102.4800033569336,74.46958923339844,103900
2018-05-24,102.58000183105469,102.70999908447266,102.5199966430664,102.66999816894531,74.60761260986328,48600
2018-05-25,102.86000061035156,102.98999786376953,102.86000061035156,102.95999908447266,74.81837463378906,56900
2018-05-29,103.22000122070312,103.69000244140625,103.19999694824219,103.56999969482422,75.26167297363281,380900
2018-05-30,103.4000015258789,103.5199966430664,103.30000305175781,103.33999633789062,75.0945053100586,156700
2018-05-31,103.5,103.51000213623047,103.20999908447266,103.20999908447266,75.00003051757812,234800
2018-06-01,102.80000305175781,102.87999725341797,102.6500015258789,102.80000305175781,74.91987609863281,47200
2018-06-04,102.69000244140625,102.77999877929688,102.55999755859375,102.58000183105469,74.75953674316406,92200
2018-06-05,102.58999633789062,102.73999786376953,102.58999633789062,102.68000030517578,74.83241271972656,81900
2018-06-06,102.48999786376953,102.48999786376953,102.3499984741211,102.41000366210938,74.63565063476562,94900
2018-06-07,102.31999969482422,102.68000030517578,102.31999969482422,102.55999755859375,74.74496459960938,64200
2018-06-08,102.58999633789062,102.62999725341797,102.5,102.5999984741211,74.7741470336914,140500
2018-06-11,102.4000015258789,102.5,102.37000274658203,102.44000244140625,74.6574935913086,37200
2018-06-12,102.31999969482422,102.5199966430664,102.31999969482422,102.43000030517578,74.6502685546875,77700
2018-06-13,102.38999938964844,102.56999969482422,102.2300033569336,102.38999938964844,74.62106323242188,65200
2018-06-14,102.58000183105469,102.66000366210938,102.5,102.56999969482422,74.75224304199219,47600
2018-06-15,102.80000305175781,102.8499984741211,102.6500015258789,102.72000122070312,74.861572265625,94700
2018-06-18,102.70999908447266,102.75,102.63999938964844,102.75,74.88341522216797,62100
2018-06-19,102.86000061035156,102.86000061035156,102.77999877929688,102.77999877929688,74.90531158447266,67600
2018-06-20,102.83999633789062,102.87999725341797,102.68000030517578,102.68000030517578,74.83241271972656,76600
2018-06-21,102.66000366210938,102.80999755859375,102.61000061035156,102.72000122070312,74.861572265625,61200
2018-06-22,102.62000274658203,102.83000183105469,102.62000274658203,102.68000030517578,74.83241271972656,49100
2018-06-25,102.79000091552734,102.91000366210938,102.73999786376953,102.77999877929688,74.90531158447266,42100
2018-06-26,102.79000091552734,102.91000366210938,102.76000213623047,102.8499984741211,74.95634460449219,35200
2018-06-27,103.01000213623047,103.13999938964844,102.94999694824219,103.13999938964844,75.16764068603516,82900
2018-06-28,103.19000244140625,103.19000244140625,103.02999877929688,103.12000274658203,75.15303802490234,68300
2018-06-29,103.04000091552734,103.19999694824219,103.04000091552734,103.05000305175781,75.10209655761719,62000
2018-07-02,102.79000091552734,102.87999725341797,102.63999938964844,102.87999725341797,75.19711303710938,70600
2018-07-03,102.62000274658203,102.88999938964844,102.62000274658203,102.83000183105469,75.16059112548828,27500
2018-07-05,102.83000183105469,103.0,102.76000213623047,102.93000030517578,75.23363494873047,106000
2018-07-06,103.08999633789062,103.12000274658203,103.0199966430664,103.05000305175781,75.32129669189453,49400
2018-07-09,103.05999755859375,103.12999725341797,102.94999694824219,103.02999877929688,75.30677032470703,73100
2018-07-10,102.93000030517578,102.9800033569336,102.87999725341797,102.88999938964844,75.20436096191406,64800
2018-07-11,102.98999786376953,103.19000244140625,102.94000244140625,103.16999816894531,75.40906524658203,37800
2018-07-12,103.0199966430664,103.18000030517578,103.01000213623047,103.06999969482422,75.33595275878906,44500
2018-07-13,103.19999694824219,103.20999908447266,103.08999633789062,103.16000366210938,75.4017333984375,54700
2018-07-16,103.16000366210938,103.20999908447266,103.05999755859375,103.20999908447266,75.43830108642578,52600
2018-07-17,103.12000274658203,103.20999908447266,103.08999633789062,103.0999984741211,75.35791015625,69600
2018-07-18,103.12000274658203,103.18000030517578,103.08000183105469,103.0999984741211,75.35791015625,31700
2018-07-19,103.08000183105469,103.2300033569336,103.08000183105469,103.12999725341797,75.37983703613281,71300
2018-07-20,103.19000244140625,103.20999908447266,103.08000183105469,103.0999984741211,75.35791015625,151300
2018-07-23,103.05999755859375,103.08999633789062,102.63999938964844,102.73999786376953,75.09476470947266,138300
2018-07-24,102.61000061035156,102.81999969482422,102.61000061035156,102.70999908447266,75.07282257080078,112100
2018-07-25,102.7699966430664,102.91000366210938,102.7300033569336,102.7300033569336,75.08744049072266,47500
2018-07-26,102.7699966430664,102.8499984741211,102.6500015258789,102.6500015258789,75.02896881103516,46800
2018-07-27,102.87999725341797,102.91000366210938,102.75,102.81999969482422,75.15320587158203,86800
2018-07-30,102.61000061035156,102.87999725341797,102.61000061035156,102.7699966430664,75.11670684814453,97100
2018-07-31,102.83999633789062,102.91999816894531,102.80000305175781,102.80000305175781,75.13861846923828,36000
2018-08-01,102.45999908447266,102.56999969482422,102.44999694824219,102.56999969482422,75.18258666992188,43400
2018-08-02,102.5999984741211,102.5999984741211,102.5,102.55000305175781,75.16793060302734,77300
2018-08-03,102.63999938964844,102.79000091552734,102.56999969482422,102.79000091552734,75.3438491821289,43800
2018-08-06,102.75,102.93000030517578,102.75,102.83999633789062,75.38050079345703,56000
2018-08-07,102.69000244140625,102.86000061035156,102.69000244140625,102.7300033569336,75.29987335205078,71200
2018-08-08,102.68000030517578,102.77999877929688,102.68000030517578,102.69000244140625,75.2705307006836,25600
2018-08-09,102.80999755859375,102.9000015258789,102.79000091552734,102.8499984741211,75.38787841796875,41200
2018-08-10,102.9800033569336,103.08000183105469,102.91000366210938,102.95999908447266,75.46844482421875,469800
2018-08-13,103.0199966430664,103.11000061035156,103.0,103.05000305175781,75.53439331054688,89500
2018-08-14,103.02999877929688,103.13999938964844,102.97000122070312,103.05999755859375,75.541748046875,88600
2018-08-15,103.0199966430664,103.08999633789062,103.0,103.0,75.4977798461914,52500
2018-08-16,103.08999633789062,103.0999984741211,102.9800033569336,103.08000183105469,75.55643463134766,117700
2018-08-17,103.12999725341797,103.20999908447266,103.08999633789062,103.11000061035156,75.57839965820312,64600
2018-08-20,103.26000213623047,103.38999938964844,103.26000213623047,103.37000274658203,75.76901245117188,72500
2018-08-21,103.37000274658203,103.4000015258789,103.30000305175781,103.4000015258789,75.79097747802734,154400
2018-08-22,103.4000015258789,103.4000015258789,103.31999969482422,103.4000015258789,75.79097747802734,37400
2018-08-23,103.38999938964844,103.44999694824219,103.37000274658203,103.44000244140625,75.8203125,56300
2018-08-24,103.33000183105469,103.5,103.30999755859375,103.5,75.86426544189453,72300
2018-08-27,103.43000030517578,103.4800033569336,103.30999755859375,103.4000015258789,75.79097747802734,69200
2018-08-28,103.26000213623047,103.29000091552734,103.16000366210938,103.2300033569336,75.6663818359375,73400
2018-08-29,103.19999694824219,103.2300033569336,103.16000366210938,103.18000030517578,75.62973022460938,61300
2018-08-30,103.37000274658203,103.37000274658203,103.16999816894531,103.2699966430664,75.69567108154297,53800
2018-08-31,103.30000305175781,103.37000274658203,103.1500015258789,103.1500015258789,75.60771179199219,59700
2018-09-04,102.91999816894531,102.94000244140625,102.76000213623047,102.94000244140625,75.67390441894531,55700
2018-09-05,102.93000030517578,102.93000030517578,102.73999786376953,102.75,75.53421783447266,47200
2018-09-06,102.81999969482422,103.0,102.81999969482422,102.94000244140625,75.67390441894531,54500
2018-09-07,102.7699966430664,102.80000305175781,102.69999694824219,102.80000305175781,75.57099914550781,42600
2018-09-10,102.69999694824219,102.80000305175781,102.69999694824219,102.76000213623047,75.54157257080078,65800
2018-09-11,102.66999816894531,102.73999786376953,102.54000091552734,102.62000274658203,75.43867492675781,237100
2018-09-12,102.68000030517578,102.7300033569336,102.66000366210938,102.68000030517578,75.48280334472656,61800
2018-09-13,102.81999969482422,102.83000183105469,102.69999694824219,102.70999908447266,75.50480651855469,385300
2018-09-14,102.70999908447266,102.70999908447266,102.44999694824219,102.47000122070312,75.32840728759766,165700
2018-09-17,102.47000122070312,102.5999984741211,102.47000122070312,102.55999755859375,75.39454650878906,58000
2018-09-18,102.51000213623047,102.54000091552734,102.30999755859375,102.33000183105469,75.22545623779297,78900
2018-09-19,102.31999969482422,102.31999969482422,102.0999984741211,102.1500015258789,75.09312438964844,78900
2018-09-20,102.11000061035156,102.25,102.05999755859375,102.25,75.16667175292969,46200
2018-09-21,102.2300033569336,102.30000305175781,102.20999908447266,102.27999877929688,75.188720703125,59700
2018-09-24,102.20999908447266,102.36000061035156,102.18000030517578,102.30999755859375,75.21077728271484,88900
2018-09-25,102.0999984741211,102.19999694824219,102.0999984741211,102.12000274658203,75.07109069824219,70000
2018-09-26,102.26000213623047,102.43000030517578,102.25,102.36000061035156,75.24755096435547,86600
2018-09-27,102.36000061035156,102.58000183105469,102.36000061035156,102.58000183105469,75.4092788696289,121200
2018-09-28,102.58999633789062,102.63999938964844,102.36000061035156,102.36000061035156,75.24755096435547,72500
2018-10-01,102.25,102.26000213623047,102.06999969482422,102.13999938964844,75.30652618408203,110600
2018-10-02,102.1500015258789,102.2699966430664,102.0999984741211,102.1500015258789,75.31389617919922,34100
2018-10-03,102.08000183105469,102.1500015258789,101.79000091552734,101.79000091552734,75.04847717285156,97900
2018-10-04,101.62000274658203,101.63999938964844,101.44999694824219,101.51000213623047,74.84202575683594,90700
2018-10-05,101.27999877929688,101.51000213623047,101.16999816894531,101.27999877929688,74.67243194580078,65600
2018-10-08,101.27999877929688,101.37000274658203,101.12000274658203,101.12000274658203,74.55448913574219,82500
2018-10-09,101.13999938964844,101.29000091552734,101.12999725341797,101.2699966430664,74.66507720947266,218800
2018-10-10,101.25,101.29000091552734,101.08999633789062,101.2300033569336,74.63556671142578,151100
2018-10-11,101.37999725341797,101.63999938964844,101.36000061035156,101.58999633789062,74.90099334716797,92300
2018-10-12,101.54000091552734,101.68000030517578,101.44000244140625,101.44000244140625,74.79044342041016,147300
2018-10-15,101.5,101.56999969482422,101.43000030517578,101.4800033569336,74.81989288330078,107900
2018-10-16,101.36000061035156,101.58999633789062,101.36000061035156,101.58999633789062,74.90099334716797,95400
2018-10-17,101.44000244140625,101.44999694824219,101.30000305175781,101.30000305175781,74.68717193603516,71900
2018-10-18,101.12999725341797,101.33999633789062,101.12000274658203,101.18000030517578,74.59870910644531,134300
2018-10-19,101.3499984741211,101.3499984741211,101.06999969482422,101.13999938964844,74.56925201416016,74300
2018-10-22,101.19000244140625,101.30000305175781,101.19000244140625,101.23999786376953,74.64295196533203,159600
2018-10-23,101.44999694824219,101.52999877929688,101.2699966430664,101.2699966430664,74.66507720947266,201500
2018-10-24,101.5,101.58000183105469,101.44000244140625,101.58000183105469,74.89360809326172,87600
2018-10-25,101.4800033569336,101.5999984741211,101.44999694824219,101.58999633789062,74.90099334716797,225600
2018-10-26,101.66999816894531,101.77999877929688,101.62999725341797,101.7300033569336,75.00421905517578,68400
2018-10-29,101.63999938964844,101.86000061035156,101.63999938964844,101.72000122070312,74.996826171875,61500
2018-10-30,101.61000061035156,101.62999725341797,101.54000091552734,101.58999633789062,74.90099334716797,140800
2018-10-31,101.29000091552734,101.55999755859375,101.29000091552734,101.51000213623047,74.84202575683594,136900
2018-11-01,101.08000183105469,101.27999877929688,101.06999969482422,101.23999786376953,74.87899780273438,105000
2018-11-02,101.0,101.02999877929688,100.81999969482422,100.83000183105469,74.57573699951172,51400
2018-11-05,100.9000015258789,100.97000122070312,100.81999969482422,100.93000030517578,74.64971923828125,106200
2018-11-06,100.94999694824219,100.94999694824219,100.80000305175781,100.87999725341797,74.61273193359375,257800
2018-11-07,100.97000122070312,101.12999725341797,100.9000015258789,101.02999877929688,74.72370147705078,107400
2018-11-08,100.8499984741211,101.0199966430664,100.81999969482422,100.87000274658203,74.6053466796875,201800
2018-11-09,100.83999633789062,100.94999694824219,100.83000183105469,100.91999816894531,74.6423110961914,172900
2018-11-12,101.04000091552734,101.12000274658203,100.95999908447266,101.05000305175781,74.73847961425781,64400
2018-11-13,100.93000030517578,101.11000061035156,100.93000030517578,101.02999877929688,74.72370147705078,146900
2018-11-14,100.93000030517578,101.19000244140625,100.93000030517578,101.11000061035156,74.7828598022461,133900
2018-11-15,101.06999969482422,101.27999877929688,101.06999969482422,101.18000030517578,74.83457946777344,108400
2018-11-16,101.33000183105469,101.48999786376953,101.19000244140625,101.47000122070312,75.04908752441406,74700
2018-11-19,101.30000305175781,101.44000244140625,101.29000091552734,101.37000274658203,74.97512817382812,107500
2018-11-20,101.22000122070312,101.3499984741211,101.18000030517578,101.2300033569336,74.87161254882812,185400
2018-11-21,101.0,101.29000091552734,101.0,101.29000091552734,74.91596221923828,112100
2018-11-23,101.4800033569336,101.4800033569336,101.20999908447266,101.20999908447266,74.85681915283203,25000
2018-11-26,101.26000213623047,101.37000274658203,101.16999816894531,101.26000213623047,74.89378356933594,284500
2018-11-27,101.33999633789062,101.36000061035156,101.2300033569336,101.2300033569336,74.87161254882812,124300
2018-11-28,101.27999877929688,101.5199966430664,101.16999816894531,101.5,75.07129669189453,121100
2018-11-29,101.44000244140625,101.56999969482422,101.41999816894531,101.5199966430664,75.08607482910156,77300
2018-11-30,101.5,101.58999633789062,101.44000244140625,101.48999786376953,75.06389617919922,58300
2018-12-03,101.33000183105469,101.44000244140625,101.25,101.36000061035156,75.20488739013672,98000
2018-12-04,101.5199966430664,101.5999984741211,101.44000244140625,101.5199966430664,75.32356262207031,136000
2018-12-06,101.7300033569336,101.91999816894531,101.66000366210938,101.83999633789062,75.56100463867188,164500
2018-12-07,101.83000183105469,101.94999694824219,101.63999938964844,101.94999694824219,75.64262390136719,170300
2018-12-10,101.98999786376953,102.05000305175781,101.94000244140625,102.05000305175781,75.7168197631836,91200
2018-12-11,102.05000305175781,102.13999938964844,101.93000030517578,101.98999786376953,75.67232513427734,383800
2018-12-12,101.94000244140625,102.0,101.87999725341797,101.9000015258789,75.60552978515625,636400
2018-12-13,102.01000213623047,102.04000091552734,101.91000366210938,101.9800033569336,75.66490936279297,187000
2018-12-14,102.08999633789062,102.12999725341797,101.98999786376953,102.06999969482422,75.73163604736328,184200
2018-12-17,102.05000305175781,102.2300033569336,102.04000091552734,102.1500015258789,75.791015625,164100
2018-12-18,102.27999877929688,102.5199966430664,102.20999908447266,102.51000213623047,76.0581283569336,183000
2018-12-19,102.62999725341797,102.68000030517578,102.4000015258789,102.55000305175781,76.08781433105469,423500
2018-12-20,102.55999755859375,102.68000030517578,102.33999633789062,102.37999725341797,75.96166229248047,189400
2018-12-21,102.37999725341797,102.48999786376953,102.30000305175781,102.48999786376953,76.04328155517578,363200
2018-12-24,102.48999786376953,102.62999725341797,102.44000244140625,102.62999725341797,76.14717102050781,84700
2018-12-26,102.55000305175781,102.66999816894531,102.36000061035156,102.37999725341797,75.96166229248047,122100
2018-12-27,102.33000183105469,102.6500015258789,102.33000183105469,102.55000305175781,76.08781433105469,196600
2018-12-28,102.23999786376953,102.58000183105469,102.23999786376953,102.55999755859375,76.31848907470703,293700
2018-12-31,102.55999755859375,102.79000091552734,102.45999908447266,102.7699966430664,76.47473907470703,278400
2019-01-02,102.86000061035156,102.87000274658203,102.68000030517578,102.86000061035156,76.54175567626953,137800
2019-01-03,102.9000015258789,103.36000061035156,102.86000061035156,103.30000305175781,76.8691177368164,208900
2019-01-04,102.9000015258789,103.04000091552734,102.8499984741211,102.93000030517578,76.59380340576172,76600
2019-01-07,103.04000091552734,103.13999938964844,102.80999755859375,102.80999755859375,76.50452423095703,169500
2019-01-08,102.62000274658203,102.87000274658203,102.62000274658203,102.73999786376953,76.45244598388672,188400
2019-01-09,102.7699966430664,102.91999816894531,102.75,102.91999816894531,76.58637237548828,118700
2019-01-10,103.0,103.0,102.77999877929688,102.86000061035156,76.54175567626953,109200
2019-01-11,103.02999877929688,103.11000061035156,102.91999816894531,103.05000305175781,76.68312072753906,101400
2019-01-14,103.05999755859375,103.06999969482422,102.93000030517578,102.94999694824219,76.60868072509766,117500
2019-01-15,103.12999725341797,103.12999725341797,102.88999938964844,103.06999969482422,76.69801330566406,235700
2019-01-16,102.94000244140625,103.08999633789062,102.9000015258789,103.0199966430664,76.66080474853516,176500
2019-01-17,103.0,103.11000061035156,102.91000366210938,103.02999877929688,76.66822052001953,107400
2019-01-18,103.01000213623047,103.1500015258789,102.91000366210938,103.05999755859375,76.69053649902344,109700
2019-01-22,103.19999694824219,103.25,103.06999969482422,103.06999969482422,76.69801330566406,259500
2019-01-23,103.05999755859375,103.20999908447266,103.01000213623047,103.16999816894531,76.77239990234375,103500
2019-01-24,103.26000213623047,103.37999725341797,103.23999786376953,103.30000305175781,76.8691177368164,98900
2019-01-25,103.25,103.3499984741211,103.19999694824219,103.26000213623047,76.83940124511719,53900
2019-01-28,103.27999877929688,103.3499984741211,103.27999877929688,103.3499984741211,76.90635681152344,84900
2019-01-29,103.43000030517578,103.55999755859375,103.37000274658203,103.55999755859375,77.0626449584961,76800
2019-01-30,103.45999908447266,103.66000366210938,103.43000030517578,103.62999725341797,77.11470794677734,926300
2019-01-31,103.7699966430664,104.08000183105469,103.76000213623047,104.05999755859375,77.43468475341797,159700
2019-02-01,103.66000366210938,103.66999816894531,103.5,103.55999755859375,77.30034637451172,129100
2019-02-04,103.45999908447266,103.52999877929688,103.43000030517578,103.52999877929688,77.27790832519531,102500
2019-02-05,103.62000274658203,103.7300033569336,103.5999984741211,103.68000030517578,77.38990783691406,101000
2019-02-06,103.69999694824219,103.80999755859375,103.62999725341797,103.7300033569336,77.42726135253906,155100
2019-02-07,103.72000122070312,103.83000183105469,103.72000122070312,103.79000091552734,77.47201538085938,186300
2019-02-08,103.80999755859375,103.93000030517578,103.7300033569336,103.77999877929688,77.4645004272461,219800
2019-02-11,103.77999877929688,103.83999633789062,103.69999694824219,103.73999786376953,77.43466186523438,166600
2019-02-12,103.69000244140625,103.86000061035156,103.69000244140625,103.80000305175781,77.4794921875,191900
2019-02-13,103.63999938964844,103.75,103.62999725341797,103.6500015258789,77.36748504638672,79400
2019-02-14,103.87000274658203,104.0,103.72000122070312,103.7699966430664,77.45708465576172,98800
2019-02-15,103.70999908447266,103.87999725341797,103.69999694824219,103.80999755859375,77.48693084716797,133700
2019-02-19,103.91999816894531,104.05000305175781,103.83999633789062,104.0,77.62873840332031,209600
2019-02-20,103.9800033569336,104.05000305175781,103.9000015258789,104.0,77.62873840332031,88000
2019-02-21,103.83000183105469,103.91000366210938,103.83000183105469,103.87999725341797,77.53919219970703,195900
2019-02-22,103.97000122070312,104.16999816894531,103.97000122070312,104.08000183105469,77.68849182128906,91600
2019-02-25,104.05000305175781,104.1500015258789,104.02999877929688,104.08000183105469,77.68849182128906,112500
2019-02-26,104.29000091552734,104.3499984741211,104.22000122070312,104.30000305175781,77.85269165039062,154600
2019-02-27,104.30000305175781,104.30999755859375,104.11000061035156,104.20999908447266,77.78551483154297,185600
2019-02-28,104.19999694824219,104.19999694824219,103.94999694824219,103.94999694824219,77.59141540527344,126400
2019-03-01,103.73999786376953,103.73999786376953,103.55999755859375,103.56999969482422,77.54651641845703,147800
2019-03-04,103.69999694824219,103.79000091552734,103.5999984741211,103.7300033569336,77.66631317138672,1412300
2019-03-05,103.66999816894531,103.83000183105469,103.6500015258789,103.80999755859375,77.72620391845703,313500
2019-03-06,103.76000213623047,103.98999786376953,103.70999908447266,103.88999938964844,77.7861099243164,303400
2019-03-07,104.0199966430664,104.16000366210938,104.0199966430664,104.1500015258789,77.98076629638672,183100
2019-03-08,104.16999816894531,104.16999816894531,104.01000213623047,104.1500015258789,77.98076629638672,157200
2019-03-11,104.19999694824219,104.26000213623047,104.1500015258789,104.20999908447266,78.02572631835938,166200
2019-03-12,104.27999877929688,104.37999725341797,104.22000122070312,104.33000183105469,78.11555480957031,175400
2019-03-13,104.33000183105469,104.41000366210938,104.30999755859375,104.37000274658203,78.14551544189453,165800
2019-03-14,104.43000030517578,104.43000030517578,104.26000213623047,104.27999877929688,78.078125,160300
2019-03-15,104.44999694824219,104.55999755859375,104.41999816894531,104.45999908447266,78.21286010742188,148600
2019-03-18,104.4800033569336,104.55000305175781,104.41000366210938,104.44999694824219,78.20539093017578,74300
2019-03-19,104.37999725341797,104.51000213623047,104.37999725341797,104.45999908447266,78.21286010742188,123900
2019-03-20,104.48999786376953,104.9000015258789,104.44999694824219,104.9000015258789,78.54231262207031,153800
2019-03-21,104.69999694824219,104.88999938964844,104.69999694824219,104.87000274658203,78.51986694335938,179000
2019-03-22,104.94000244140625,105.1500015258789,104.93000030517578,105.12000274658203,78.70707702636719,94800
2019-03-25,105.12999725341797,105.37000274658203,105.12000274658203,105.31999969482422,78.85681915283203,98300
2019-03-26,105.22000122070312,105.45999908447266,105.20999908447266,105.41000366210938,78.92414855957031,156600
2019-03-27,105.45999908447266,105.62000274658203,105.45999908447266,105.48999786376953,78.98407745361328,122000
2019-03-28,105.5199966430664,105.6500015258789,105.44999694824219,105.62000274658203,79.08140563964844,171000
2019-03-29,105.44999694824219,105.54000091552734,105.41999816894531,105.54000091552734,79.02153015136719,115400
2019-04-01,105.06999969482422,105.20999908447266,104.83999633789062,104.9000015258789,78.77368927001953,92000
2019-04-02,104.91000366210938,105.05999755859375,104.91000366210938,104.95999908447266,78.81874084472656,61300
2019-04-03,104.87999725341797,104.9800033569336,104.86000061035156,104.94000244140625,78.80374145507812,154600
2019-04-04,104.88999938964844,105.0,104.87999725341797,104.94000244140625,78.80374145507812,100500
2019-04-05,104.9800033569336,105.12999725341797,104.9800033569336,105.05000305175781,78.88636779785156,234200
2019-04-08,105.05000305175781,105.08000183105469,104.94999694824219,104.98999786376953,78.84132385253906,97600
2019-04-09,105.12000274658203,105.12000274658203,105.0,105.0,78.84880828857422,69300
2019-04-10,105.08000183105469,105.19999694824219,105.08000183105469,105.12999725341797,78.94642639160156,116300
2019-04-11,105.0999984741211,105.19999694824219,105.08999633789062,105.16000366210938,78.9689712524414,252000
2019-04-12,105.08000183105469,105.12999725341797,105.02999877929688,105.08999633789062,78.9163818359375,157900
2019-04-15,105.01000213623047,105.08999633789062,104.98999786376953,105.08999633789062,78.9163818359375,88300
2019-04-16,104.9800033569336,105.05000305175781,104.94999694824219,104.95999908447266,78.81874084472656,102500
2019-04-17,104.94999694824219,105.05999755859375,104.94999694824219,104.95999908447266,78.81874084472656,82400
2019-04-18,105.0199966430664,105.06999969482422,104.95999908447266,105.04000091552734,78.87882232666016,97100
2019-04-22,105.04000091552734,105.05999755859375,104.9800033569336,105.0199966430664,78.86383056640625,206600
2019-04-23,105.08999633789062,105.12000274658203,105.05999755859375,105.06999969482422,78.90135955810547,102300
2019-04-24,105.19999694824219,105.27999877929688,105.0999984741211,105.2699966430664,79.05155181884766,139800
2019-04-25,105.2300033569336,105.26000213623047,105.19000244140625,105.22000122070312,79.0140151977539,128700
2019-04-26,105.4000015258789,105.44999694824219,105.33000183105469,105.44999694824219,79.186767578125,109000
2019-04-29,105.3499984741211,105.38999938964844,105.25,105.38999938964844,79.14168548583984,97700
2019-04-30,105.30000305175781,105.44000244140625,105.30000305175781,105.33999633789062,79.10414123535156,125500
2019-05-01,105.16999816894531,105.44000244140625,105.08000183105469,105.0999984741211,79.14929962158203,109300
2019-05-02,105.11000061035156,105.11000061035156,104.91999816894531,105.02999877929688,79.09657287597656,106600
2019-05-03,105.06999969482422,105.23999786376953,105.06999969482422,105.18000030517578,79.2095718383789,95800
2019-05-06,105.4000015258789,105.4000015258789,105.26000213623047,105.30000305175781,79.29991149902344,67200
2019-05-07,105.33999633789062,105.44999694824219,105.33000183105469,105.36000061035156,79.3451156616211,120600
2019-05-08,105.33999633789062,105.5,105.30000305175781,105.30999755859375,79.30744934082031,107000
2019-05-09,105.38999938964844,105.4800033569336,105.30000305175781,105.36000061035156,79.3451156616211,85700
2019-05-10,105.47000122070312,105.51000213623047,105.41000366210938,105.44999694824219,79.41289520263672,79500
2019-05-13,105.54000091552734,105.5999984741211,105.45999908447266,105.55000305175781,79.4881820678711,138800
2019-05-14,105.61000061035156,105.63999938964844,105.55000305175781,105.63999938964844,79.55598449707031,107300
2019-05-15,105.77999877929688,105.77999877929688,105.63999938964844,105.73999786376953,79.63127136230469,144100
2019-05-16,105.70999908447266,105.7699966430664,105.62000274658203,105.7699966430664,79.65387725830078,139100
2019-05-17,105.7699966430664,105.7699966430664,105.63999938964844,105.76000213623047,79.6463394165039,139000
2019-05-20,105.75,105.75,105.58000183105469,105.6500015258789,79.56351470947266,102600
2019-05-21,105.72000122070312,105.72000122070312,105.55999755859375,105.61000061035156,79.53340911865234,167900
2019-05-22,105.68000030517578,105.68000030517578,105.58999633789062,105.66000366210938,79.57102966308594,75200
2019-05-23,105.68000030517578,105.88999938964844,105.68000030517578,105.83000183105469,79.69905853271484,212600
2019-05-24,105.87000274658203,105.9800033569336,105.77999877929688,105.9800033569336,79.81204986572266,83400
2019-05-28,105.91999816894531,106.11000061035156,105.91999816894531,106.02999877929688,79.84963989257812,146500
2019-05-29,106.02999877929688,106.11000061035156,106.0,106.0,79.82709503173828,146500
2019-05-30,106.02999877929688,106.23999786376953,106.02999877929688,106.22000122070312,79.99274444580078,78700
2019-05-31,106.48999786376953,106.5199966430664,106.33000183105469,106.51000213623047,80.211181640625,175500
2019-06-03,106.4000015258789,106.56999969482422,106.27999877929688,106.44000244140625,80.3848876953125,145500
2019-06-04,106.33000183105469,106.51000213623047,106.33000183105469,106.5,80.4301986694336,98100
2019-06-05,106.62000274658203,106.6500015258789,106.48999786376953,106.55999755859375,80.47549438476562,93100
2019-06-06,106.52999877929688,106.62999725341797,106.44999694824219,106.47000122070312,80.40754699707031,109800
2019-06-07,106.73999786376953,106.73999786376953,106.63999938964844,106.7300033569336,80.6038589477539,84900
2019-06-10,106.5999984741211,106.61000061035156,106.5,106.5,80.4301986694336,107900
2019-06-11,106.52999877929688,106.58999633789062,106.4800033569336,106.58999633789062,80.49816131591797,123000
2019-06-12,106.58999633789062,106.6500015258789,106.56999969482422,106.63999938964844,80.53590393066406,110700
2019-06-13,106.58000183105469,106.83000183105469,106.58000183105469,106.83000183105469,80.67937469482422,126700
2019-06-14,106.7300033569336,106.81999969482422,106.70999908447266,106.79000091552734,80.64918518066406,104500
2019-06-17,106.72000122070312,106.8499984741211,106.70999908447266,106.8499984741211,80.6944808959961,150900
2019-06-18,106.91000366210938,107.01000213623047,106.77999877929688,106.87000274658203,80.7096176147461,167300
2019-06-19,106.75,107.29000091552734,106.75,107.19999694824219,80.95879364013672,120500
2019-06-20,107.2699966430664,107.51000213623047,107.2699966430664,107.3499984741211,81.07206726074219,242100
2019-06-21,107.2699966430664,107.27999877929688,107.12000274658203,107.12000274658203,80.89842224121094,143600
2019-06-24,107.18000030517578,107.4000015258789,107.18000030517578,107.33999633789062,81.06456756591797,149700
2019-06-25,107.4800033569336,107.54000091552734,107.31999969482422,107.43000030517578,81.13252258300781,101500
2019-06-26,107.44000244140625,107.44000244140625,107.2300033569336,107.29000091552734,81.02677154541016,78900
2019-06-27,107.3499984741211,107.58000183105469,107.3499984741211,107.5,81.18537902832031,155100
2019-06-28,107.5,107.63999938964844,107.4800033569336,107.4800033569336,81.17030334472656,154800
2019-07-01,107.3499984741211,107.45999908447266,107.18000030517578,107.41999816894531,81.3520278930664,247700
2019-07-02,107.43000030517578,107.55999755859375,107.3499984741211,107.47000122070312,81.38993072509766,257400
2019-07-03,107.44999694824219,107.68000030517578,107.44999694824219,107.66000366210938,81.53378295898438,119600
2019-07-05,107.43000030517578,107.43000030517578,107.05999755859375,107.31999969482422,81.27630615234375,172500
2019-07-08,107.37000274658203,107.44000244140625,107.30000305175781,107.33999633789062,81.29145050048828,140600
2019-07-09,107.33999633789062,107.33999633789062,107.19999694824219,107.2699966430664,81.23844909667969,124500
2019-07-10,107.4000015258789,107.44999694824219,107.25,107.33999633789062,81.29145050048828,158500
2019-07-11,107.30999755859375,107.4000015258789,107.0999984741211,107.0999984741211,81.10971069335938,102700
2019-07-12,107.23999786376953,107.23999786376953,107.08999633789062,107.16000366210938,81.15515899658203,135700
2019-07-15,107.11000061035156,107.27999877929688,107.11000061035156,107.22000122070312,81.2005844116211,116400
2019-07-16,107.0,107.16999816894531,106.91000366210938,107.16999816894531,81.16268920898438,75700
2019-07-17,107.19999694824219,107.48999786376953,107.19999694824219,107.48999786376953,81.40502166748047,278800
2019-07-18,107.44000244140625,107.55999755859375,107.3499984741211,107.54000091552734,81.44292449951172,123900
2019-07-19,107.5,107.56999969482422,107.38999938964844,107.55000305175781,81.45050811767578,97800
2019-07-22,107.5199966430664,107.66000366210938,107.5199966430664,107.52999877929688,81.43534088134766,315700
2019-07-23,107.4800033569336,107.55999755859375,107.37000274658203,107.4800033569336,81.39747619628906,87900
2019-07-24,107.56999969482422,107.72000122070312,107.56999969482422,107.72000122070312,81.57921600341797,112100
2019-07-25,107.52999877929688,107.62000274658203,107.4800033569336,107.62000274658203,81.50350189208984,156300
2019-07-26,107.66999816894531,107.68000030517578,107.5,107.68000030517578,81.54893493652344,80800
2019-07-29,107.69000244140625,107.70999908447266,107.61000061035156,107.69999694824219,81.56407928466797,105000
2019-07-30,107.61000061035156,107.69999694824219,107.54000091552734,107.6500015258789,81.52620697021484,118100
2019-07-31,107.7300033569336,107.83999633789062,107.56999969482422,107.73999786376953,81.59439849853516,131000
2019-08-01,107.66000366210938,107.97000122070312,107.43000030517578,107.76000213623047,81.84505462646484,293300
2019-08-02,107.86000061035156,108.01000213623047,107.86000061035156,107.91000366210938,81.95893096923828,188400
2019-08-05,108.11000061035156,108.30999755859375,108.01000213623047,108.30999755859375,82.26273345947266,589200
2019-08-06,108.30999755859375,108.5,108.1500015258789,108.5,82.40702056884766,656200
2019-08-07,108.62999725341797,108.8499984741211,108.3499984741211,108.37999725341797,82.31591033935547,467200
2019-08-08,108.2699966430664,108.44999694824219,108.02999877929688,108.44999694824219,82.36907958984375,222500
2019-08-09,108.4800033569336,108.5,108.2300033569336,108.2300033569336,82.20198059082031,86300
2019-08-12,108.44000244140625,108.72000122070312,108.41000366210938,108.69000244140625,82.55136108398438,96300
2019-08-13,108.5999984741211,108.5999984741211,108.3499984741211,108.41000366210938,82.33871459960938,260300
2019-08-14,108.75,108.80999755859375,108.62000274658203,108.69999694824219,82.5589599609375,97000
2019-08-15,108.86000061035156,109.18000030517578,108.81999969482422,109.08000183105469,82.84757232666016,107900
2019-08-16,108.95999908447266,109.05999755859375,108.81999969482422,108.93000030517578,82.7336654663086,209600
2019-08-19,108.93000030517578,108.93000030517578,108.75,108.79000091552734,82.62728881835938,175400
2019-08-20,109.0,109.06999969482422,108.9000015258789,109.0199966430664,82.802001953125,104700
2019-08-21,109.0,109.04000091552734,108.87999725341797,109.01000213623047,82.7944107055664,150300
2019-08-22,108.97000122070312,109.04000091552734,108.80999755859375,108.94000244140625,82.7412338256836,95200
2019-08-23,108.87000274658203,109.23999786376953,108.81999969482422,109.13999938964844,82.89312744140625,147000
2019-08-26,109.25,109.31999969482422,109.16999816894531,109.20999908447266,82.94631958007812,156500
2019-08-27,109.26000213623047,109.4800033569336,109.2300033569336,109.4800033569336,83.15138244628906,144700
2019-08-28,109.70999908447266,109.70999908447266,109.5199966430664,109.5999984741211,83.24246215820312,131800
2019-08-29,109.58999633789062,109.58999633789062,109.30999755859375,109.54000091552734,83.19695281982422,107100
2019-08-30,109.48999786376953,109.62000274658203,109.4000015258789,109.5999984741211,83.24246215820312,105300
2019-09-03,109.41000366210938,109.5199966430664,109.11000061035156,109.3499984741211,83.28060150146484,316200
2019-09-04,109.43000030517578,109.55000305175781,109.36000061035156,109.52999877929688,83.41767120361328,236400
2019-09-05,109.3499984741211,109.48999786376953,108.91000366210938,109.05000305175781,83.0521240234375,640800
2019-09-06,109.19000244140625,109.20999908447266,109.05000305175781,109.0999984741211,83.09017944335938,204400
2019-09-09,109.0,109.0,108.77999877929688,108.80999755859375,82.86934661865234,192200
2019-09-10,108.63999938964844,108.69000244140625,108.31999969482422,108.31999969482422,82.49614715576172,152900
2019-09-11,108.1500015258789,108.37000274658203,108.12000274658203,108.22000122070312,82.41998291015625,192800
2019-09-12,108.25,108.5,108.12000274658203,108.27999877929688,82.46566009521484,132200
2019-09-13,108.0999984741211,108.0999984741211,107.7699966430664,107.7699966430664,82.07726287841797,139500
2019-09-16,107.8499984741211,108.0199966430664,107.80999755859375,107.97000122070312,82.22959899902344,265700
2019-09-17,108.05000305175781,108.1500015258789,107.91000366210938,108.1500015258789,82.36669921875,81400
2019-09-18,108.16000366210938,108.30999755859375,108.01000213623047,108.19000244140625,82.39716339111328,95300
2019-09-19,108.38999938964844,108.38999938964844,108.12999725341797,108.13999938964844,82.35906219482422,93100
2019-09-20,108.25,108.48999786376953,108.25,108.45999908447266,82.60276794433594,142000
2019-09-23,108.62999725341797,108.73999786376953,108.54000091552734,108.62000274658203,82.72462463378906,123300
2019-09-24,108.63999938964844,108.8499984741211,108.63999938964844,108.83999633789062,82.8921890258789,122200
2019-09-25,108.75,108.76000213623047,108.43000030517578,108.55000305175781,82.67132568359375,133900
2019-09-26,108.63999938964844,108.72000122070312,108.54000091552734,108.55999755859375,82.678955078125,85500
2019-09-27,108.54000091552734,108.76000213623047,108.54000091552734,108.75,82.82365417480469,113800
2019-09-30,108.4800033569336,108.9000015258789,108.4800033569336,108.9000015258789,82.93790435791016,177200
2019-10-01,108.37999725341797,108.7300033569336,108.33000183105469,108.69000244140625,83.00659942626953,156600
2019-10-02,108.69000244140625,108.79000091552734,108.55999755859375,108.66999816894531,82.99131774902344,104200
2019-10-03,108.87999725341797,109.12999725341797,108.77999877929688,109.05000305175781,83.28153991699219,140000
2019-10-04,109.04000091552734,109.16999816894531,108.91999816894531,109.13999938964844,83.35031127929688,299000
2019-10-07,109.12000274658203,109.12000274658203,108.97000122070312,109.02999877929688,83.26629638671875,149800
2019-10-08,109.02999877929688,109.23999786376953,108.87999725341797,108.97000122070312,83.22042083740234,101600
2019-10-09,108.93000030517578,108.9800033569336,108.81999969482422,108.87000274658203,83.14410400390625,76200
2019-10-10,108.83000183105469,108.83000183105469,108.54000091552734,108.54000091552734,82.8920669555664,101100
2019-10-11,108.31999969482422,108.33999633789062,108.08999633789062,108.2699966430664,82.68583679199219,156400
2019-10-14,108.41000366210938,108.4800033569336,108.30000305175781,108.37000274658203,82.76223754882812,59400
2019-10-15,108.38999938964844,108.45999908447266,108.12000274658203,108.22000122070312,82.64768981933594,109800
2019-10-16,108.19000244140625,108.26000213623047,108.11000061035156,108.23999786376953,82.66294860839844,98500
2019-10-17,108.19000244140625,108.29000091552734,108.06999969482422,108.19999694824219,82.6324234008789,76800
2019-10-18,108.33000183105469,108.33000183105469,108.13999938964844,108.29000091552734,82.70113372802734,74400
2019-10-21,108.05999755859375,108.12000274658203,108.0199966430664,108.05000305175781,82.5178451538086,141400
2019-10-22,108.16000366210938,108.16000366210938,108.01000213623047,108.13999938964844,82.5865707397461,85700
2019-10-23,108.38999938964844,108.38999938964844,108.2300033569336,108.25,82.67057800292969,132900
2019-10-24,108.25,108.37000274658203,108.25,108.27999877929688,82.69351196289062,130300
2019-10-25,108.2699966430664,108.27999877929688,108.06999969482422,108.1500015258789,82.5942153930664,104300
2019-10-28,108.0,108.01000213623047,107.87999725341797,107.94999694824219,82.44148254394531,108800
2019-10-29,107.94999694824219,108.02999877929688,107.9000015258789,107.9000015258789,82.4032974243164,108800
2019-10-30,107.94000244140625,108.2300033569336,107.94000244140625,108.16999816894531,82.60948944091797,63000
2019-10-31,108.5999984741211,108.69999694824219,108.47000122070312,108.5999984741211,82.93789672851562,142700
2019-11-01,108.45999908447266,108.45999908447266,108.29000091552734,108.44000244140625,83.04510498046875,245500
2019-11-04,108.29000091552734,108.29000091552734,108.16999816894531,108.16999816894531,82.83832550048828,83400
2019-11-05,107.94999694824219,108.1500015258789,107.81999969482422,107.8499984741211,82.59322357177734,184000
2019-11-06,108.0,108.12999725341797,107.93000030517578,108.0999984741211,82.78472900390625,190100
2019-11-07,107.80999755859375,107.80999755859375,107.44999694824219,107.66000366210938,82.44775390625,146300
2019-11-08,107.66000366210938,107.70999908447266,107.51000213623047,107.62999725341797,82.42478942871094,100600
2019-11-11,107.62999725341797,107.66999816894531,107.5199966430664,107.52999877929688,82.34820556640625,67100
2019-11-12,107.69999694824219,107.75,107.61000061035156,107.66999816894531,82.45539855957031,135700
2019-11-13,107.81999969482422,107.87000274658203,107.79000091552734,107.80000305175781,82.55499267578125,134100
2019-11-14,108.05000305175781,108.12000274658203,108.01000213623047,108.11000061035156,82.7923812866211,142100
2019-11-15,108.05999755859375,108.12999725341797,108.01000213623047,108.11000061035156,82.7923812866211,158600
2019-11-18,108.22000122070312,108.25,108.11000061035156,108.16999816894531,82.83832550048828,458200
2019-11-19,108.2300033569336,108.3499984741211,108.22000122070312,108.33000183105469,82.9608383178711,213500
2019-11-20,108.44000244140625,108.48999786376953,108.37999725341797,108.47000122070312,83.06804656982422,116900
2019-11-21,108.33000183105469,108.48999786376953,108.33000183105469,108.37999725341797,82.9991455078125,138700
2019-11-22,108.41000366210938,108.44999694824219,108.31999969482422,108.4000015258789,83.01445770263672,133700
2019-11-25,108.54000091552734,108.58999633789062,108.4800033569336,108.58999633789062,83.15995788574219,143300
2019-11-26,108.69999694824219,108.69999694824219,108.55000305175781,108.63999938964844,83.19824981689453,152900
2019-11-27,108.58999633789062,108.62000274658203,108.5,108.58999633789062,83.15995788574219,183400
2019-11-29,108.45999908447266,108.56999969482422,108.41999816894531,108.56999969482422,83.14466857910156,37600
2019-12-02,107.91999816894531,108.13999938964844,107.91999816894531,107.98999786376953,82.92193603515625,144300
2019-12-03,108.33999633789062,108.58000183105469,108.30999755859375,108.47000122070312,83.29051971435547,288500
2019-12-04,108.3499984741211,108.52999877929688,108.30000305175781,108.38999938964844,83.2291030883789,141900
2019-12-05,108.26000213623047,108.30999755859375,108.16999816894531,108.30999755859375,83.16770935058594,174200
2019-12-06,108.05999755859375,108.18000030517578,108.0199966430664,108.18000030517578,83.0678482055664,117900
2019-12-09,108.11000061035156,108.19000244140625,108.08000183105469,108.0999984741211,83.00642395019531,186800
2019-12-10,108.13999938964844,108.19999694824219,108.02999877929688,108.02999877929688,82.95266723632812,132100
2019-12-11,108.1500015258789,108.37999725341797,108.1500015258789,108.37999725341797,83.22142791748047,166200
2019-12-12,108.4000015258789,108.4000015258789,107.9800033569336,108.12999725341797,83.02948760986328,105500
2019-12-13,108.08000183105469,108.43000030517578,108.08000183105469,108.33000183105469,83.18302917480469,137900
2019-12-16,108.31999969482422,108.31999969482422,108.16999816894531,108.20999908447266,83.09089660644531,136900
2019-12-17,108.2699966430664,108.2699966430664,108.1500015258789,108.23999786376953,83.11393737792969,283600
2019-12-18,108.18000030517578,108.26000213623047,108.01000213623047,108.02999877929688,82.95266723632812,117900
2019-12-19,108.0199966430664,108.12000274658203,107.95999908447266,108.02999877929688,82.95266723632812,169600
2019-12-20,108.02999877929688,108.18000030517578,108.01000213623047,108.16000366210938,83.05250549316406,166400
2019-12-23,108.1500015258789,108.18000030517578,108.0199966430664,108.0199966430664,82.94499206542969,129300
2019-12-24,107.97000122070312,108.22000122070312,107.97000122070312,108.22000122070312,83.09859466552734,159400
2019-12-26,108.19999694824219,108.23999786376953,108.06999969482422,108.23999786376953,83.11393737792969,109700
2019-12-27,108.2699966430664,108.37000274658203,108.2699966430664,108.33999633789062,83.19070434570312,96200
2019-12-30,108.01000213623047,108.05999755859375,107.87999725341797,108.02999877929688,83.17530822753906,113300
2019-12-31,108.0199966430664,108.0199966430664,107.80999755859375,107.80999755859375,83.00592803955078,176100
2020-01-02,107.94000244140625,108.1500015258789,107.88999938964844,108.08999633789062,83.22151947021484,267400
2020-01-03,108.41999816894531,108.48999786376953,108.26000213623047,108.44000244140625,83.49099731445312,132100
2020-01-06,108.44000244140625,108.56999969482422,108.27999877929688,108.33000183105469,83.40628814697266,231200
2020-01-07,108.55000305175781,108.55000305175781,108.31999969482422,108.33999633789062,83.41397857666016,248900
2020-01-08,108.27999877929688,108.38999938964844,108.08999633789062,108.12000274658203,83.2446060180664,120700
2020-01-09,108.0,108.1500015258789,107.87999725341797,108.11000061035156,83.23690795898438,164300
2020-01-10,108.29000091552734,108.37999725341797,108.27999877929688,108.30999755859375,83.39093017578125,151000
2020-01-13,108.31999969482422,108.44999694824219,108.30999755859375,108.36000061035156,83.42938995361328,143300
2020-01-14,108.38999938964844,108.58000183105469,108.38999938964844,108.54000091552734,83.56798553466797,156200
2020-01-15,108.58000183105469,108.72000122070312,108.58000183105469,108.68000030517578,83.67579650878906,179900
2020-01-16,108.55000305175781,108.76000213623047,108.55000305175781,108.6500015258789,83.65267944335938,132000
2020-01-17,108.62000274658203,108.69999694824219,108.56999969482422,108.62999725341797,83.63727569580078,88200
2020-01-21,108.77999877929688,108.93000030517578,108.7699966430664,108.93000030517578,83.86829376220703,396500
2020-01-22,108.91000366210938,108.98999786376953,108.8499984741211,108.94000244140625,83.8759536743164,176500
2020-01-23,108.98999786376953,109.19000244140625,108.98999786376953,109.12000274658203,84.01454162597656,133200
2020-01-24,109.12999725341797,109.38999938964844,109.12999725341797,109.2699966430664,84.13005065917969,197200
2020-01-27,109.52999877929688,109.63999938964844,109.45999908447266,109.45999908447266,84.27629852294922,158700
2020-01-28,109.5,109.66000366210938,109.5,109.52999877929688,84.33021545410156,109800
2020-01-29,109.45999908447266,109.7699966430664,109.45999908447266,109.68000030517578,84.44570922851562,107100
2020-01-30,109.83999633789062,109.94999694824219,109.68000030517578,109.83000183105469,84.5611801147461,189200
2020-01-31,109.88999938964844,109.98999786376953,109.81999969482422,109.95999908447266,84.6612777709961,232700
2020-02-03,109.55999755859375,109.80000305175781,109.45999908447266,109.7699966430664,84.73851013183594,345700
2020-02-04,109.44000244140625,109.52999877929688,109.41999816894531,109.52999877929688,84.5531997680664,162400
2020-02-05,109.37000274658203,109.38999938964844,109.26000213623047,109.30999755859375,84.3833999633789,186400
2020-02-06,109.23999786376953,109.33000183105469,109.08999633789062,109.27999877929688,84.36022186279297,212200
2020-02-07,109.48999786376953,109.7699966430664,109.48999786376953,109.6500015258789,84.6458740234375,161900
2020-02-10,109.69999694824219,109.93000030517578,109.6500015258789,109.87000274658203,84.81568145751953,116700
2020-02-11,109.68000030517578,109.73999786376953,109.61000061035156,109.66000366210938,84.653564453125,179700
2020-02-12,109.55999755859375,109.68000030517578,109.52999877929688,109.68000030517578,84.66902160644531,103400
2020-02-13,109.62999725341797,109.70999908447266,109.51000213623047,109.61000061035156,84.61498260498047,221900
2020-02-14,109.70999908447266,109.87999725341797,109.70999908447266,109.80000305175781,84.76162719726562,149500
2020-02-18,109.94999694824219,109.98999786376953,109.80999755859375,109.94000244140625,84.86973571777344,166600
2020-02-19,109.8499984741211,109.93000030517578,109.80999755859375,109.86000061035156,84.80795288085938,225500
2020-02-20,109.95999908447266,110.13999938964844,109.95999908447266,110.01000213623047,84.92374420166016,163600
2020-02-21,110.19999694824219,110.5,110.19999694824219,110.41000366210938,85.23253631591797,292300
2020-02-24,110.69000244140625,110.9000015258789,110.69000244140625,110.79000091552734,85.52587890625,312200
2020-02-25,110.77999877929688,110.91999816894531,110.73999786376953,110.9000015258789,85.61080169677734,203200
2020-02-26,110.79000091552734,110.8499984741211,110.58000183105469,110.58000183105469,85.36380767822266,269000
2020-02-27,110.9000015258789,110.98999786376953,110.62999725341797,110.69000244140625,85.44866180419922,298700
2020-02-28,111.0199966430664,111.4800033569336,110.87000274658203,111.33999633789062,85.950439453125,555500
2020-03-02,111.1500015258789,111.5199966430664,110.83999633789062,110.91999816894531,85.84988403320312,406000
2020-03-03,110.91999816894531,112.0199966430664,110.91999816894531,111.70999908447266,86.4612808227539,429500
2020-03-04,111.61000061035156,111.87000274658203,111.47000122070312,111.52999877929688,86.32196807861328,214200
2020-03-05,111.81999969482422,111.86000061035156,111.68000030517578,111.80999755859375,86.53868103027344,221100
2020-03-06,112.66999816894531,112.81999969482422,112.05000305175781,112.52999877929688,87.09597778320312,301400
2020-03-09,113.66999816894531,114.61000061035156,112.87000274658203,113.18000030517578,87.59904479980469,491900
2020-03-10,111.91000366210938,112.48999786376953,111.41999816894531,111.77999877929688,86.5154800415039,529400
2020-03-11,111.5999984741211,111.69000244140625,110.08000183105469,110.13999938964844,85.24615478515625,605800
2020-03-12,110.80999755859375,110.80999755859375,105.52999877929688,105.52999877929688,81.67808532714844,765400
2020-03-13,106.73999786376953,108.2300033569336,106.58999633789062,107.63999938964844,83.31122589111328,630700
2020-03-16,106.61000061035156,108.05999755859375,105.9000015258789,105.9000015258789,81.96446990966797,676500
2020-03-17,106.02999877929688,107.30000305175781,104.41000366210938,104.41000366210938,80.81124114990234,654900
2020-03-18,104.11000061035156,105.0,100.55000305175781,101.0199966430664,78.18742370605469,990600
2020-03-19,101.51000213623047,102.83000183105469,100.47000122070312,100.87000274658203,78.07135009765625,474400
2020-03-20,100.43000030517578,102.7699966430664,100.30999755859375,102.4000015258789,79.25553894042969,593500
2020-03-23,102.0999984741211,104.98999786376953,102.02999877929688,104.26000213623047,80.69513702392578,549100
2020-03-24,103.26000213623047,104.91000366210938,103.1500015258789,103.93000030517578,80.43973541259766,297600
2020-03-25,103.55999755859375,105.88999938964844,103.55999755859375,105.26000213623047,81.4691162109375,503300
2020-03-26,104.37999725341797,106.30999755859375,104.37999725341797,106.08999633789062,82.11153411865234,768500
2020-03-27,105.95999908447266,107.41000366210938,105.37000274658203,106.69999694824219,82.58364868164062,573200
2020-03-30,106.5,107.48999786376953,106.4000015258789,106.83000183105469,82.68429565429688,758300
2020-03-31,106.83999633789062,107.12999725341797,106.01000213623047,106.16999816894531,82.17346954345703,265300
2020-04-01,105.94999694824219,106.43000030517578,105.66999816894531,106.12999725341797,82.35967254638672,399700
2020-04-02,106.13999938964844,106.80000305175781,105.72000122070312,106.5,82.64681243896484,335300
2020-04-03,106.9800033569336,106.9800033569336,106.16000366210938,106.2699966430664,82.46834564208984,268200
2020-04-06,106.16999816894531,107.44999694824219,106.08999633789062,107.01000213623047,83.04259490966797,295500
2020-04-07,107.44999694824219,107.48999786376953,106.45999908447266,107.4800033569336,83.40729522705078,364700
2020-04-08,107.47000122070312,107.8499984741211,107.18000030517578,107.83000183105469,83.67894744873047,232600
2020-04-09,108.4800033569336,108.98999786376953,107.7300033569336,108.73999786376953,84.38513946533203,776900
2020-04-13,108.69999694824219,108.69999694824219,108.2699966430664,108.69999694824219,84.35406494140625,288400
2020-04-14,109.0,109.0,108.23999786376953,108.2699966430664,84.02039337158203,336000
2020-04-15,108.54000091552734,109.19999694824219,108.27999877929688,109.12000274658203,84.68002319335938,241400
2020-04-16,109.12000274658203,109.41999816894531,108.94000244140625,109.13999938964844,84.69552612304688,314700
2020-04-17,109.41000366210938,109.4800033569336,108.80999755859375,109.04000091552734,84.61788940429688,227800
2020-04-20,109.26000213623047,109.4800033569336,108.44999694824219,109.1500015258789,84.70330047607422,549300
2020-04-21,109.05000305175781,109.12000274658203,108.62000274658203,109.01000213623047,84.59461975097656,161700
2020-04-22,108.7699966430664,109.20999908447266,108.62000274658203,108.98999786376953,84.5791015625,255800
2020-04-23,108.7699966430664,109.52999877929688,108.7699966430664,109.37999725341797,84.88175964355469,365600
2020-04-24,109.38999938964844,109.58999633789062,109.26000213623047,109.55000305175781,85.01370239257812,148900
2020-04-27,109.41000366210938,109.41000366210938,109.01000213623047,109.0199966430664,84.60243225097656,296500
2020-04-28,109.11000061035156,109.48999786376953,108.9800033569336,109.30000305175781,84.81970977783203,158800
2020-04-29,109.30999755859375,109.80000305175781,109.30999755859375,109.5999984741211,85.05252838134766,297000
2020-04-30,109.5,109.83999633789062,109.45999908447266,109.55000305175781,85.01370239257812,192300
2020-05-01,109.58999633789062,109.58999633789062,109.0199966430664,109.37000274658203,85.075927734375,281700
2020-05-04,109.4000015258789,109.58000183105469,109.08000183105469,109.55000305175781,85.21595001220703,287100
2020-05-05,109.41000366210938,109.48999786376953,109.08999633789062,109.43000030517578,85.12260437011719,174500
2020-05-06,109.1500015258789,109.22000122070312,108.69000244140625,108.9800033569336,84.77256774902344,190500
2020-05-07,108.88999938964844,109.19000244140625,108.83000183105469,109.0999984741211,84.86589813232422,156000
2020-05-08,109.0999984741211,109.19000244140625,108.87000274658203,109.0199966430664,84.80370330810547,173800
2020-05-11,108.97000122070312,108.97000122070312,108.55000305175781,108.62000274658203,84.4925308227539,106200
2020-05-12,108.86000061035156,109.0,108.66999816894531,108.83000183105469,84.6558837890625,141600
2020-05-13,108.83000183105469,109.11000061035156,108.83000183105469,108.88999938964844,84.70254516601562,125700
2020-05-14,109.0999984741211,109.33000183105469,109.0,109.31999969482422,85.03703308105469,151700
2020-05-15,109.29000091552734,109.48999786376953,109.25,109.37999725341797,85.08369445800781,336600
2020-05-18,109.19999694824219,109.4000015258789,109.04000091552734,109.11000061035156,84.8736801147461,297100
2020-05-19,109.12999725341797,109.41000366210938,109.0,109.41000366210938,85.1070556640625,312900
2020-05-20,109.19999694824219,109.66999816894531,109.19999694824219,109.5999984741211,85.25485229492188,282100
2020-05-21,109.44999694824219,109.72000122070312,109.44999694824219,109.6500015258789,85.29374694824219,284800
2020-05-22,109.66000366210938,109.76000213623047,109.56999969482422,109.73999786376953,85.36377716064453,217500
2020-05-26,109.56999969482422,109.72000122070312,109.4000015258789,109.52999877929688,85.20038604736328,358100
2020-05-27,109.66999816894531,110.0,109.56999969482422,109.88999938964844,85.48043060302734,267600
2020-05-28,109.51000213623047,109.75,109.44000244140625,109.73999786376953,85.36377716064453,175200
2020-05-29,109.80000305175781,110.25,109.75,110.08999633789062,85.63599395751953,160400
2020-06-01,109.8499984741211,110.0199966430664,109.77999877929688,109.88999938964844,85.66719055175781,204800
2020-06-02,109.83000183105469,109.97000122070312,109.69000244140625,109.86000061035156,85.64381408691406,355200
2020-06-03,109.66999816894531,109.94000244140625,109.13999938964844,109.13999938964844,85.08248901367188,605900
2020-06-04,109.6500015258789,109.6500015258789,109.37999725341797,109.44999694824219,85.32416534423828,222300
2020-06-05,109.43000030517578,109.70999908447266,109.2699966430664,109.62999725341797,85.4645004272461,270400
2020-06-08,109.72000122070312,109.94999694824219,109.63999938964844,109.94999694824219,85.71398162841797,288400
2020-06-09,110.1500015258789,110.31999969482422,110.05000305175781,110.22000122070312,85.92447662353516,339100
2020-06-10,110.41000366210938,110.88999938964844,110.33000183105469,110.88999938964844,86.44676208496094,306500
2020-06-11,111.04000091552734,111.04000091552734,110.72000122070312,110.9000015258789,86.45452880859375,167400
2020-06-12,110.7699966430664,110.87000274658203,110.5,110.61000061035156,86.22846984863281,413700
2020-06-15,110.8499984741211,110.98999786376953,110.73999786376953,110.94999694824219,86.49356842041016,206900
2020-06-16,110.94000244140625,110.94000244140625,110.55000305175781,110.88999938964844,86.44676208496094,200800
2020-06-17,110.87000274658203,110.94999694824219,110.62999725341797,110.8499984741211,86.4155502319336,201100
2020-06-18,110.83000183105469,111.04000091552734,110.80000305175781,110.94999694824219,86.49356842041016,158900
2020-06-19,111.08000183105469,111.25,110.9800033569336,111.25,86.72738647460938,97200
2020-06-22,111.16000366210938,111.3499984741211,111.05000305175781,111.25,86.72738647460938,121900
2020-06-23,111.30000305175781,111.30000305175781,111.0199966430664,111.11000061035156,86.61824798583984,205900
2020-06-24,111.08999633789062,111.11000061035156,110.88999938964844,111.06999969482422,86.58709716796875,239100
2020-06-25,111.11000061035156,111.33000183105469,111.02999877929688,111.26000213623047,86.73518371582031,256100
2020-06-26,111.41999816894531,111.58000183105469,111.25,111.51000213623047,86.93009948730469,184900
2020-06-29,111.55999755859375,111.69999694824219,111.4800033569336,111.66999816894531,87.05480194091797,278400
2020-06-30,111.56999969482422,111.72000122070312,111.41999816894531,111.58999633789062,86.99244689941406,328100
2020-07-01,111.08000183105469,111.4000015258789,111.08000183105469,111.4000015258789,87.03935241699219,329800
2020-07-02,111.20999908447266,111.48999786376953,111.20999908447266,111.38999938964844,87.03153228759766,269400
2020-07-06,111.44000244140625,111.56999969482422,111.3499984741211,111.5,87.11748504638672,280400
2020-07-07,111.52999877929688,111.68000030517578,111.41000366210938,111.63999938964844,87.22686004638672,299400
2020-07-08,111.54000091552734,111.73999786376953,111.51000213623047,111.62999725341797,87.21903228759766,293400
2020-07-09,111.66999816894531,111.87000274658203,111.62999725341797,111.86000061035156,87.39871215820312,307600
2020-07-10,111.88999938964844,111.95999908447266,111.7699966430664,111.83000183105469,87.37529754638672,360700
2020-07-13,111.81999969482422,111.94999694824219,111.72000122070312,111.8499984741211,87.39093780517578,167900
2020-07-14,111.8499984741211,112.1500015258789,111.8499984741211,112.08000183105469,87.57060241699219,206200
2020-07-15,112.0,112.12000274658203,111.91999816894531,112.12000274658203,87.60189056396484,132700
2020-07-16,112.12999725341797,112.23999786376953,111.94000244140625,112.16999816894531,87.6409683227539,164300
2020-07-17,112.20999908447266,112.20999908447266,111.80000305175781,112.08999633789062,87.57844543457031,231200
2020-07-20,112.20999908447266,112.3499984741211,112.12999725341797,112.3499984741211,87.78157806396484,277200
2020-07-21,112.27999877929688,112.37000274658203,112.12999725341797,112.3499984741211,87.78157806396484,251000
2020-07-22,112.4800033569336,112.62999725341797,112.16000366210938,112.5,87.89876556396484,518400
2020-07-23,112.62000274658203,112.7300033569336,112.36000061035156,112.62000274658203,87.99254608154297,228500
2020-07-24,112.72000122070312,112.81999969482422,112.61000061035156,112.73999786376953,88.08633422851562,132500
2020-07-27,112.87999725341797,112.87999725341797,112.58999633789062,112.58999633789062,87.9690933227539,132700
2020-07-28,112.58999633789062,112.7699966430664,112.52999877929688,112.70999908447266,88.06289672851562,118600
2020-07-29,112.88999938964844,112.98999786376953,112.69000244140625,112.98999786376953,88.28164672851562,306400
2020-07-30,113.04000091552734,113.05999755859375,112.80999755859375,112.98999786376953,88.28164672851562,143100
2020-07-31,112.9000015258789,113.0999984741211,112.87999725341797,113.0999984741211,88.36759185791016,197300
2020-08-03,112.86000061035156,112.94999694824219,112.5999984741211,112.9000015258789,88.40204620361328,160700
2020-08-04,113.08000183105469,113.11000061035156,112.91000366210938,113.0,88.48033905029297,155800
2020-08-05,113.0,113.22000122070312,112.8499984741211,113.06999969482422,88.5351333618164,139700
2020-08-06,113.1500015258789,113.16999816894531,113.02999877929688,113.08000183105469,88.54299926757812,142200
2020-08-07,113.19999694824219,113.19999694824219,113.01000213623047,113.08999633789062,88.55083465576172,105400
2020-08-10,113.11000061035156,113.13999938964844,112.94000244140625,113.08999633789062,88.55083465576172,132400
2020-08-11,112.87000274658203,112.93000030517578,112.58000183105469,112.58999633789062,88.15929412841797,191300
2020-08-12,112.48999786376953,112.73999786376953,112.19000244140625,112.36000061035156,87.9792251586914,243400
2020-08-13,112.61000061035156,112.61000061035156,112.18000030517578,112.33000183105469,87.9557113647461,137800
2020-08-14,112.43000030517578,112.47000122070312,112.2300033569336,112.33000183105469,87.9557113647461,162400
2020-08-17,112.25,112.48999786376953,112.25,112.44999694824219,88.04969024658203,153900
2020-08-18,112.30999755859375,112.58000183105469,112.2300033569336,112.41999816894531,88.02615356445312,155200
2020-08-19,112.58999633789062,112.68000030517578,112.43000030517578,112.45999908447266,88.0574951171875,182100
2020-08-20,112.54000091552734,112.55999755859375,112.45999908447266,112.51000213623047,88.09667205810547,135000
2020-08-21,112.76000213623047,112.80000305175781,112.5199966430664,112.70999908447266,88.25328826904297,166400
2020-08-24,112.62999725341797,112.9000015258789,112.56999969482422,112.72000122070312,88.26109313964844,116000
2020-08-25,112.61000061035156,112.62999725341797,112.36000061035156,112.43000030517578,88.03404998779297,136300
2020-08-26,112.5999984741211,112.61000061035156,112.30999755859375,112.45999908447266,88.0574951171875,190400
2020-08-27,112.4800033569336,112.5199966430664,112.1500015258789,112.19000244140625,87.84609985351562,192600
2020-08-28,112.22000122070312,112.38999938964844,112.1500015258789,112.33000183105469,87.9557113647461,146400
2020-08-31,112.31999969482422,112.56999969482422,112.31999969482422,112.51000213623047,88.09667205810547,178900
2020-09-01,112.2699966430664,112.63999938964844,112.25,112.54000091552734,88.30066680908203,171900
2020-09-02,112.61000061035156,112.83999633789062,112.54000091552734,112.80000305175781,88.50466918945312,222700
2020-09-03,112.79000091552734,112.88999938964844,112.69999694824219,112.80999755859375,88.51248931884766,144500
2020-09-04,112.66000366210938,112.70999908447266,112.33999633789062,112.41000366210938,88.19866180419922,150800
2020-09-08,112.3499984741211,112.66000366210938,112.3499984741211,112.55999755859375,88.31633758544922,267700
2020-09-09,112.55999755859375,112.55999755859375,112.20999908447266,112.30000305175781,88.11234283447266,374700
2020-09-10,112.25,112.44999694824219,112.19000244140625,112.44999694824219,88.23002624511719,169700
2020-09-11,112.38999938964844,112.62999725341797,112.38999938964844,112.62999725341797,88.37126922607422,101500
2020-09-14,112.5999984741211,112.66000366210938,112.4000015258789,112.58999633789062,88.33990478515625,127000
2020-09-15,112.62000274658203,112.69999694824219,112.41000366210938,112.51000213623047,88.2771224975586,206200
2020-09-16,112.4800033569336,112.66999816894531,112.47000122070312,112.52999877929688,88.29280853271484,247000
2020-09-17,112.58000183105469,112.76000213623047,112.37999725341797,112.41000366210938,88.19866180419922,141100
2020-09-18,112.41000366210938,112.58000183105469,112.31999969482422,112.44000244140625,88.2221908569336,124600
2020-09-21,112.55000305175781,112.55000305175781,112.29000091552734,112.3499984741211,88.15158081054688,420000
2020-09-22,112.31999969482422,112.5,112.25,112.38999938964844,88.1829605102539,199000
2020-09-23,112.25,112.41999816894531,112.0999984741211,112.25,88.07313537597656,247100
2020-09-24,112.25,112.45999908447266,112.04000091552734,112.08000183105469,87.93975830078125,381900
2020-09-25,112.18000030517578,112.31999969482422,112.05000305175781,112.30999755859375,88.12019348144531,458400
2020-09-28,112.20999908447266,112.41999816894531,112.1500015258789,112.41000366210938,88.19866180419922,250800
2020-09-29,112.25,112.58999633789062,112.25,112.51000213623047,88.2771224975586,422000
2020-09-30,112.51000213623047,112.55000305175781,112.30999755859375,112.43000030517578,88.2143783569336,336800
2020-10-01,112.16000366210938,112.27999877929688,112.02999877929688,112.19999694824219,88.21437072753906,327000
2020-10-02,112.16000366210938,112.2300033569336,112.01000213623047,112.0999984741211,88.13572692871094,315700
2020-10-05,111.98999786376953,112.04000091552734,111.86000061035156,111.93000030517578,88.00205993652344,154700
2020-10-06,111.8499984741211,112.0,111.79000091552734,111.80999755859375,87.90774536132812,177700
2020-10-07,111.87999725341797,111.97000122070312,111.73999786376953,111.91000366210938,87.986328125,189300
2020-10-08,111.7699966430664,111.98999786376953,111.72000122070312,111.75,87.86055755615234,240200
2020-10-09,111.91999816894531,111.91999816894531,111.69000244140625,111.70999908447266,87.82914733886719,95000
2020-10-12,111.62999725341797,112.04000091552734,111.62999725341797,111.87999725341797,87.96276092529297,120600
2020-10-13,111.93000030517578,112.13999938964844,111.91000366210938,112.0999984741211,88.13572692871094,130200
2020-10-14,112.0999984741211,112.2300033569336,111.94999694824219,112.18000030517578,88.19864654541016,152700
2020-10-15,112.31999969482422,112.31999969482422,112.0999984741211,112.16000366210938,88.18292999267578,178400
2020-10-16,112.12000274658203,112.27999877929688,112.01000213623047,112.13999938964844,88.16718292236328,153000
2020-10-19,112.0199966430664,112.12000274658203,112.01000213623047,112.0199966430664,88.07281494140625,163000
2020-10-20,111.80999755859375,111.94999694824219,111.69999694824219,111.7699966430664,87.87629699707031,154900
2020-10-21,111.69000244140625,111.83000183105469,111.69000244140625,111.7300033569336,87.8448257446289,133600
2020-10-22,111.80999755859375,111.80999755859375,111.54000091552734,111.58999633789062,87.73477172851562,115300
2020-10-23,111.61000061035156,111.80999755859375,111.55000305175781,111.77999877929688,87.88411712646484,111000
2020-10-26,111.83999633789062,111.98999786376953,111.75,111.81999969482422,87.91558837890625,99100
2020-10-27,111.9800033569336,112.18000030517578,111.83000183105469,112.05999755859375,88.10427856445312,709200
2020-10-28,112.0,112.29000091552734,111.87000274658203,111.97000122070312,88.03351593017578,141000
2020-10-29,112.0199966430664,112.0999984741211,111.66999816894531,111.87999725341797,87.96276092529297,174200
2020-10-30,111.66999816894531,111.80000305175781,111.41999816894531,111.47000122070312,87.64039611816406,224400
2020-11-02,111.4000015258789,111.44999694824219,111.19000244140625,111.26000213623047,87.65617370605469,270000
2020-11-03,111.11000061035156,111.51000213623047,111.11000061035156,111.4000015258789,87.76649475097656,143400
2020-11-04,111.76000213623047,112.16999816894531,111.76000213623047,112.05999755859375,88.28645324707031,163000
2020-11-05,112.08999633789062,112.2300033569336,112.0,112.05000305175781,88.2785873413086,181900
2020-11-06,111.94999694824219,112.18000030517578,111.94999694824219,112.18000030517578,88.38101196289062,158000
2020-11-09,111.72000122070312,111.87000274658203,111.44999694824219,111.55000305175781,87.8846435546875,270400
2020-11-10,111.52999877929688,111.80000305175781,111.52999877929688,111.68000030517578,87.98704528808594,138100
2020-11-11,111.6500015258789,111.80000305175781,111.52999877929688,111.6500015258789,87.96344757080078,152400
2020-11-12,111.87999725341797,112.08999633789062,111.87999725341797,111.9800033569336,88.22341918945312,446300
2020-11-13,112.11000061035156,112.20999908447266,112.0,112.16999816894531,88.37309265136719,108800
2020-11-16,112.16999816894531,112.19999694824219,112.08000183105469,112.16999816894531,88.37309265136719,441400
2020-11-17,112.20999908447266,112.3499984741211,112.12999725341797,112.20999908447266,88.40463256835938,143500
2020-11-18,112.44999694824219,112.61000061035156,112.23999786376953,112.33000183105469,88.49913787841797,168700
2020-11-19,112.47000122070312,112.6500015258789,112.44999694824219,112.58999633789062,88.70402526855469,158800
2020-11-20,112.55999755859375,112.69999694824219,112.44000244140625,112.6500015258789,88.75125885009766,195100
2020-11-23,112.5999984741211,112.76000213623047,112.56999969482422,112.69000244140625,88.7828369140625,165900
2020-11-24,112.6500015258789,112.6500015258789,112.4800033569336,112.5,88.6330795288086,253300
2020-11-25,112.4800033569336,112.62000274658203,112.41000366210938,112.5,88.6330795288086,151000
2020-11-27,112.5,112.66000366210938,112.5,112.62000274658203,88.7276382446289,81000
2020-11-30,112.79000091552734,112.79000091552734,112.69999694824219,112.69999694824219,88.7906494140625,122600
2020-12-01,112.55999755859375,112.6500015258789,112.30999755859375,112.4000015258789,88.73540496826172,322600
2020-12-02,112.33000183105469,112.43000030517578,112.18000030517578,112.37000274658203,88.71171569824219,297000
2020-12-03,112.44000244140625,112.62999725341797,112.33000183105469,112.5999984741211,88.89334106445312,223000
2020-12-04,112.38999938964844,112.44000244140625,112.2300033569336,112.37000274658203,88.71171569824219,159500
2020-12-07,112.41000366210938,112.54000091552734,112.27999877929688,112.48999786376953,88.80646514892578,292400
2020-12-08,112.52999877929688,112.58999633789062,112.41000366210938,112.52999877929688,88.83802032470703,123200
2020-12-09,112.33000183105469,112.44999694824219,112.27999877929688,112.30999755859375,88.66434478759766,85700
2020-12-10,112.5,112.68000030517578,112.33999633789062,112.54000091552734,88.84590148925781,116900
2020-12-11,112.75,112.87000274658203,112.66999816894531,112.66999816894531,88.94853210449219,196400
2020-12-14,112.63999938964844,112.8499984741211,112.5199966430664,112.83999633789062,89.08275604248047,141800
2020-12-15,112.80999755859375,112.80999755859375,112.5999984741211,112.80999755859375,89.05908966064453,131400
2020-12-16,112.75,112.91000366210938,112.62000274658203,112.81999969482422,89.06697845458984,128100
2020-12-17,112.8499984741211,113.05999755859375,112.75,112.91000366210938,89.1380386352539,164200
2020-12-18,112.93000030517578,112.94999694824219,112.75,112.86000061035156,89.09854125976562,112700
2020-12-21,112.93000030517578,112.94999694824219,112.79000091552734,112.91000366210938,89.1380386352539,202200
2020-12-22,112.97000122070312,113.06999969482422,112.91999816894531,113.06999969482422,89.26435852050781,130600
2020-12-23,112.8499984741211,113.05000305175781,112.80000305175781,112.9000015258789,89.1301498413086,132000
2020-12-24,112.91999816894531,113.0999984741211,112.91999816894531,113.05999755859375,89.2564468383789,139500
2020-12-28,113.02999877929688,113.11000061035156,112.94999694824219,113.06999969482422,89.26435852050781,116600
2020-12-29,113.02999877929688,113.16000366210938,113.02999877929688,113.13999938964844,89.31959533691406,182700
2020-12-30,112.87999725341797,112.9800033569336,112.83000183105469,112.93000030517578,89.3354263305664,161100
2020-12-31,112.9000015258789,113.11000061035156,112.8499984741211,113.11000061035156,89.47782897949219,308400
2021-01-04,112.91000366210938,113.11000061035156,112.87000274658203,113.04000091552734,89.42247009277344,388200
2021-01-05,112.87999725341797,113.04000091552734,112.66000366210938,112.9000015258789,89.31169128417969,194400
2021-01-06,112.62000274658203,112.69000244140625,112.33999633789062,112.54000091552734,89.0268783569336,327500
2021-01-07,112.23999786376953,112.41000366210938,112.19999694824219,112.23999786376953,88.78959655761719,270300
2021-01-08,112.11000061035156,112.22000122070312,112.06999969482422,112.12000274658203,88.69464874267578,298500
2021-01-11,112.02999877929688,112.11000061035156,111.80999755859375,111.83999633789062,88.47315979003906,351800
2021-01-12,111.79000091552734,111.95999908447266,111.62000274658203,111.91000366210938,88.52853393554688,211200
2021-01-13,112.08999633789062,112.4000015258789,112.06999969482422,112.33999633789062,88.86872100830078,390200
2021-01-14,112.4000015258789,112.51000213623047,112.22000122070312,112.30000305175781,88.83705139160156,277700
2021-01-15,112.38999938964844,112.51000213623047,112.2699966430664,112.41000366210938,88.924072265625,220600
2021-01-19,112.45999908447266,112.5999984741211,112.3499984741211,112.5999984741211,89.07441711425781,260800
2021-01-20,112.55999755859375,112.66999816894531,112.51000213623047,112.6500015258789,89.1139144897461,345800
2021-01-21,112.58999633789062,112.66999816894531,112.44999694824219,112.5999984741211,89.07441711425781,240000
2021-01-22,112.5199966430664,112.66999816894531,112.48999786376953,112.62000274658203,89.0902099609375,144700
2021-01-25,112.7699966430664,112.87999725341797,112.72000122070312,112.81999969482422,89.24840545654297,202900
2021-01-26,112.7699966430664,112.91999816894531,112.7699966430664,112.83999633789062,89.26421356201172,188500
2021-01-27,112.91000366210938,113.0,112.8499984741211,112.87999725341797,89.29586791992188,175700
2021-01-28,112.80000305175781,112.86000061035156,112.69999694824219,112.79000091552734,89.22469329833984,330100
2021-01-29,112.5,112.8499984741211,112.5,112.58999633789062,89.06649780273438,495400
2021-02-01,112.54000091552734,112.69999694824219,112.51000213623047,112.63999938964844,89.28843688964844,409400
2021-02-02,112.5,112.54000091552734,112.20999908447266,112.48999786376953,89.16950988769531,232200
2021-02-03,112.29000091552734,112.47000122070312,112.2699966430664,112.2699966430664,88.9950942993164,185400
2021-02-04,112.31999969482422,112.44000244140625,112.20999908447266,112.3499984741211,89.05851745605469,156400
2021-02-05,112.43000030517578,112.45999908447266,112.25,112.33000183105469,89.04271697998047,152500
2021-02-08,112.26000213623047,112.37999725341797,112.2300033569336,112.29000091552734,89.01099395751953,291700
2021-02-09,112.30000305175781,112.44999694824219,112.30000305175781,112.37000274658203,89.0744400024414,325600
2021-02-10,112.37000274658203,112.58000183105469,112.36000061035156,112.55000305175781,89.21709442138672,241200
2021-02-11,112.61000061035156,112.62999725341797,112.41000366210938,112.41999816894531,89.114013671875,178900
2021-02-12,112.37999725341797,112.44999694824219,112.1500015258789,112.1500015258789,88.90001678466797,425400
2021-02-16,111.94000244140625,111.9800033569336,111.61000061035156,111.62000274658203,88.47989654541016,334500
2021-02-17,111.63999938964844,111.81999969482422,111.62000274658203,111.77999877929688,88.60673522949219,274000
2021-02-18,111.6500015258789,111.87000274658203,111.6500015258789,111.80999755859375,88.63050079345703,174000
2021-02-19,111.66000366210938,111.72000122070312,111.44000244140625,111.45999908447266,88.35301971435547,429400
2021-02-22,111.47000122070312,111.55999755859375,111.18000030517578,111.18000030517578,88.13108825683594,244100
2021-02-23,111.08000183105469,111.26000213623047,111.05999755859375,111.18000030517578,88.13108825683594,181400
2021-02-24,110.95999908447266,111.13999938964844,110.80000305175781,111.08999633789062,88.05977630615234,338600
2021-02-25,110.81999969482422,110.88999938964844,110.0199966430664,110.27999877929688,87.41767120361328,372700
2021-02-26,110.52999877929688,111.11000061035156,110.22000122070312,111.11000061035156,88.07559967041016,273300
2021-03-01,110.69999694824219,110.94999694824219,110.5999984741211,110.86000061035156,88.05972290039062,259900
2021-03-02,110.76000213623047,111.04000091552734,110.51000213623047,110.9800033569336,88.155029296875,351900
2021-03-03,110.66000366210938,110.80000305175781,110.5199966430664,110.55999755859375,87.82141876220703,225400
2021-03-04,110.5,110.73999786376953,110.05999755859375,110.0999984741211,87.45599365234375,337300
2021-03-05,110.0,110.37999725341797,109.80999755859375,110.33000183105469,87.63872528076172,415800
2021-03-08,110.08999633789062,110.12000274658203,109.83000183105469,109.93000030517578,87.32098388671875,353100
2021-03-09,110.0,110.19999694824219,109.93000030517578,110.0999984741211,87.45599365234375,347100
2021-03-10,110.0999984741211,110.36000061035156,110.08999633789062,110.23999786376953,87.56722259521484,500600
2021-03-11,110.2300033569336,110.41999816894531,110.19000244140625,110.3499984741211,87.65460205078125,273100
2021-03-12,110.0,110.05000305175781,109.55000305175781,109.5999984741211,87.05883026123047,281500
2021-03-15,109.55000305175781,109.87000274658203,109.55000305175781,109.81999969482422,87.23363494873047,194000
2021-03-16,109.80000305175781,110.0,109.62000274658203,109.87999725341797,87.2812728881836,155500
2021-03-17,109.62000274658203,109.69000244140625,109.37000274658203,109.58000183105469,87.0429916381836,327700
2021-03-18,109.12999725341797,109.43000030517578,109.01000213623047,109.12999725341797,86.68553161621094,678200
2021-03-19,109.04000091552734,109.37999725341797,109.02999877929688,109.26000213623047,86.78881072998047,304400
2021-03-22,109.55999755859375,109.69000244140625,109.4000015258789,109.4000015258789,86.90000915527344,172900
2021-03-23,109.62000274658203,109.75,109.4800033569336,109.63999938964844,87.09062957763672,219900
2021-03-24,109.66999816894531,109.97000122070312,109.62000274658203,109.97000122070312,87.3527603149414,136300
2021-03-25,109.87000274658203,109.9800033569336,109.69999694824219,109.91999816894531,87.31306457519531,194100
2021-03-26,109.69999694824219,109.91999816894531,109.58999633789062,109.79000091552734,87.20977020263672,132200
2021-03-29,109.63999938964844,109.76000213623047,109.31999969482422,109.56999969482422,87.0350341796875,202400
2021-03-30,109.37000274658203,109.55999755859375,109.19000244140625,109.5,86.97942352294922,166600
2021-03-31,109.55000305175781,109.75,109.27999877929688,109.45999908447266,86.94766235351562,260800
2021-04-01,109.45999908447266,109.69000244140625,109.37999725341797,109.56999969482422,87.21831512451172,237000
2021-04-05,109.30999755859375,109.61000061035156,109.30999755859375,109.5999984741211,87.24217987060547,237700
2021-04-06,109.66999816894531,109.8499984741211,109.66999816894531,109.68000030517578,87.30584716796875,155100
2021-04-07,109.7300033569336,109.9800033569336,109.70999908447266,109.72000122070312,87.33773040771484,144600
2021-04-08,109.7699966430664,110.08000183105469,109.72000122070312,109.93000030517578,87.50485229492188,323100
2021-04-09,109.83000183105469,110.0199966430664,109.70999908447266,109.83999633789062,87.43321990966797,188800
2021-04-12,109.8499984741211,109.95999908447266,109.75,109.75,87.36155700683594,153700
2021-04-13,109.83999633789062,110.12000274658203,109.80000305175781,110.05999755859375,87.60835266113281,141400
2021-04-14,109.9800033569336,110.19000244140625,109.9000015258789,110.05000305175781,87.60037994384766,231700
2021-04-15,110.25,110.69000244140625,109.27999877929688,110.52999877929688,87.98246765136719,216800
2021-04-16,110.33000183105469,110.54000091552734,110.2300033569336,110.44000244140625,87.91082000732422,220700
2021-04-19,110.30999755859375,110.41999816894531,110.19999694824219,110.2300033569336,87.74365997314453,154200
2021-04-20,110.2699966430664,110.52999877929688,110.1500015258789,110.38999938964844,87.87101745605469,168700
2021-04-21,110.58999633789062,110.58999633789062,110.4000015258789,110.52999877929688,87.98246765136719,129300
2021-04-22,110.5199966430664,110.68000030517578,110.41000366210938,110.55000305175781,87.99836730957031,156100
2021-04-23,110.58999633789062,110.69000244140625,110.41000366210938,110.61000061035156,88.046142578125,171600
2021-04-26,110.54000091552734,110.68000030517578,110.45999908447266,110.48999786376953,87.95060729980469,177000
2021-04-27,110.44999694824219,110.55999755859375,110.18000030517578,110.22000122070312,87.73570251464844,185700
2021-04-28,110.11000061035156,110.41999816894531,110.0999984741211,110.2699966430664,87.77549743652344,158200
2021-04-29,110.22000122070312,110.4000015258789,110.04000091552734,110.4000015258789,87.87899780273438,253700
2021-04-30,110.26000213623047,110.37000274658203,110.18000030517578,110.37000274658203,87.85511779785156,171800
2021-05-03,110.1500015258789,110.37999725341797,110.02999877929688,110.23999786376953,87.9428482055664,270200
2021-05-04,110.25,110.44000244140625,110.25,110.26000213623047,87.95880889892578,234000
2021-05-05,110.25,110.5,110.25,110.38999938964844,88.0625228881836,122100
2021-05-06,110.37000274658203,110.52999877929688,110.30999755859375,110.5,88.15023803710938,198200
2021-05-07,110.56999969482422,110.69000244140625,110.36000061035156,110.5,88.15023803710938,138800
2021-05-10,110.4000015258789,110.4800033569336,110.1500015258789,110.27999877929688,87.97476196289062,342400
2021-05-11,110.05000305175781,110.12000274658203,109.87999725341797,109.9000015258789,87.67161560058594,249100
2021-05-12,109.7699966430664,109.87000274658203,109.5999984741211,109.69999694824219,87.5120849609375,186700
2021-05-13,109.66000366210938,109.97000122070312,109.62999725341797,109.83999633789062,87.6237564086914,172200
2021-05-14,109.94999694824219,110.02999877929688,109.83999633789062,110.0199966430664,87.76734161376953,112200
2021-05-17,110.0199966430664,110.13999938964844,109.93000030517578,109.94000244140625,87.70354461669922,101500
2021-05-18,109.9000015258789,110.06999969482422,109.79000091552734,109.86000061035156,87.63972473144531,206400
2021-05-19,109.91000366210938,110.12999725341797,109.6500015258789,109.79000091552734,87.5838623046875,130600
2021-05-20,109.81999969482422,110.08000183105469,109.81999969482422,110.0199966430664,87.76734161376953,141700
2021-05-21,110.13999938964844,110.26000213623047,109.98999786376953,110.12999725341797,87.85509490966797,118200
2021-05-24,110.20999908447266,110.33000183105469,110.16000366210938,110.22000122070312,87.92688751220703,101400
2021-05-25,110.19999694824219,110.52999877929688,110.19999694824219,110.44000244140625,88.1023941040039,83900
2021-05-26,110.44000244140625,110.63999938964844,110.4000015258789,110.44999694824219,88.11035919189453,122700
2021-05-27,110.44999694824219,110.44999694824219,110.2300033569336,110.30000305175781,87.99073028564453,79400
2021-05-28,110.22000122070312,110.43000030517578,110.22000122070312,110.30999755859375,87.99870300292969,116700
2021-06-01,110.06999969482422,110.30000305175781,109.93000030517578,110.06999969482422,87.99871826171875,118300
2021-06-02,110.12999725341797,110.22000122070312,110.0,110.11000061035156,88.03067779541016,91000
2021-06-03,110.1500015258789,110.31999969482422,110.0199966430664,110.05000305175781,87.98269653320312,100500
2021-06-04,110.16999816894531,110.31999969482422,110.05999755859375,110.25,88.14258575439453,108100
2021-06-07,110.3499984741211,110.41999816894531,110.29000091552734,110.30999755859375,88.1905746459961,227900
2021-06-08,110.30999755859375,110.48999786376953,110.30999755859375,110.37999725341797,88.24655151367188,89300
2021-06-09,110.68000030517578,110.72000122070312,110.52999877929688,110.58999633789062,88.41443634033203,101800
2021-06-10,110.58999633789062,110.86000061035156,110.58999633789062,110.81999969482422,88.59827423095703,105200
2021-06-11,110.95999908447266,110.95999908447266,110.7300033569336,110.94999694824219,88.70225524902344,85300
2021-06-14,110.94000244140625,110.94000244140625,110.62000274658203,110.83999633789062,88.61430358886719,88000
2021-06-15,110.69000244140625,110.73999786376953,110.5199966430664,110.62000274658203,88.43836212158203,100000
2021-06-16,110.70999908447266,110.79000091552734,110.18000030517578,110.33999633789062,88.21455383300781,137500
2021-06-17,110.37999725341797,110.76000213623047,110.25,110.63999938964844,88.45439147949219,98300
2021-06-18,110.66999816894531,110.95999908447266,110.55999755859375,110.80000305175781,88.58230590820312,169800
2021-06-21,110.86000061035156,110.94000244140625,110.76000213623047,110.80999755859375,88.59029388427734,241600
2021-06-22,110.66000366210938,110.8499984741211,110.55000305175781,110.8499984741211,88.62226104736328,226100
2021-06-23,110.91999816894531,110.91999816894531,110.62999725341797,110.72000122070312,88.51834106445312,170100
2021-06-24,110.7300033569336,110.83000183105469,110.66000366210938,110.79000091552734,88.57431030273438,100000
2021-06-25,110.76000213623047,110.8499984741211,110.5,110.62999725341797,88.4464111328125,141300
2021-06-28,110.69999694824219,110.87000274658203,110.68000030517578,110.80000305175781,88.58230590820312,99400
2021-06-29,110.75,110.9000015258789,110.68000030517578,110.80999755859375,88.59029388427734,130500
2021-06-30,110.95999908447266,111.0999984741211,110.87999725341797,110.95999908447266,88.71022033691406,741100
2021-07-01,110.69999694824219,110.88999938964844,110.54000091552734,110.6500015258789,88.65413665771484,187500
2021-07-02,110.69999694824219,110.91999816894531,110.6500015258789,110.86000061035156,88.82240295410156,108300
2021-07-06,110.87999725341797,111.2300033569336,110.87999725341797,111.08000183105469,88.9986572265625,186400
2021-07-07,111.27999877929688,111.45999908447266,111.12000274658203,111.4000015258789,89.25504302978516,132500
2021-07-08,111.43000030517578,111.66999816894531,111.41999816894531,111.48999786376953,89.3271484375,134800
2021-07-09,111.5,111.5,111.19000244140625,111.29000091552734,89.16695404052734,161700
2021-07-12,111.31999969482422,111.33999633789062,111.12999725341797,111.18000030517578,89.07878875732422,144200
2021-07-13,111.26000213623047,111.3499984741211,110.93000030517578,110.94000244140625,88.88648223876953,131100
2021-07-14,111.05999755859375,111.2699966430664,111.0,111.2699966430664,89.15090942382812,79500
2021-07-15,111.4000015258789,111.58000183105469,111.27999877929688,111.58000183105469,89.3992919921875,196800
2021-07-16,111.43000030517578,111.62999725341797,111.38999938964844,111.55999755859375,89.38323974609375,98400
2021-07-19,111.86000061035156,112.08000183105469,111.66000366210938,111.80000305175781,89.5755386352539,229700
2021-07-20,112.08999633789062,112.2699966430664,111.83999633789062,111.98999786376953,89.727783203125,326000
2021-07-21,111.70999908447266,111.7699966430664,111.55000305175781,111.70999908447266,89.5034408569336,153400
2021-07-22,111.69999694824219,111.88999938964844,111.66999816894531,111.80999755859375,89.58353424072266,83800
2021-07-23,111.7300033569336,111.87999725341797,111.66000366210938,111.77999877929688,89.5595474243164,114300
2021-07-26,111.83999633789062,111.87000274658203,111.68000030517578,111.76000213623047,89.54348754882812,85100
2021-07-27,111.7699966430664,111.97000122070312,111.76000213623047,111.8499984741211,89.6156005859375,107300
2021-07-28,111.76000213623047,112.02999877929688,111.75,111.94000244140625,89.68770599365234,164000
2021-07-29,111.83999633789062,111.97000122070312,111.76000213623047,111.9000015258789,89.65564727783203,92900
2021-07-30,111.9000015258789,112.01000213623047,111.86000061035156,111.93000030517578,89.6796875,84700
2021-08-02,111.80000305175781,112.04000091552734,111.79000091552734,111.9800033569336,89.9124984741211,128300
2021-08-03,112.02999877929688,112.12999725341797,111.98999786376953,112.08999633789062,90.00086975097656,112300
2021-08-04,112.12000274658203,112.25,111.86000061035156,112.08000183105469,89.99282836914062,252700
2021-08-05,112.01000213623047,112.05999755859375,111.86000061035156,111.94999694824219,89.88848114013672,84300
2021-08-06,111.61000061035156,111.70999908447266,111.54000091552734,111.56999969482422,89.58334350585938,145200
2021-08-09,111.48999786376953,111.5,111.1500015258789,111.23999786376953,89.31838989257812,135200
2021-08-10,111.2300033569336,112.08999633789062,111.0999984741211,111.13999938964844,89.23806762695312,108200
2021-08-11,111.1500015258789,111.30999755859375,111.05000305175781,111.22000122070312,89.30229949951172,141300
2021-08-12,111.16000366210938,111.23999786376953,111.12000274658203,111.2300033569336,89.31034851074219,125200
2021-08-13,111.19000244140625,111.5,111.19000244140625,111.5,89.52711486816406,124300
2021-08-16,111.66000366210938,111.79000091552734,111.62000274658203,111.69000244140625,89.67967224121094,123300
2021-08-17,111.6500015258789,111.73999786376953,111.54000091552734,111.62000274658203,89.62349700927734,210700
2021-08-18,111.54000091552734,111.63999938964844,111.41999816894531,111.52999877929688,89.55122375488281,106500
2021-08-19,111.62999725341797,111.81999969482422,111.62999725341797,111.79000091552734,89.75999450683594,139200
2021-08-20,111.80999755859375,111.81999969482422,111.66999816894531,111.77999877929688,89.75198364257812,216100
2021-08-23,111.7300033569336,111.83999633789062,111.66000366210938,111.81999969482422,89.78406524658203,160600
2021-08-24,111.72000122070312,111.77999877929688,111.66000366210938,111.68000030517578,89.6716537475586,191800
2021-08-25,111.6500015258789,111.6500015258789,111.41999816894531,111.45999908447266,89.49500274658203,136700
2021-08-26,111.37999725341797,111.5,111.33000183105469,111.38999938964844,89.43883514404297,175300
2021-08-27,111.4800033569336,111.62000274658203,111.43000030517578,111.55999755859375,89.57530975341797,137800
2021-08-30,111.58999633789062,111.80999755859375,111.58999633789062,111.80000305175781,89.76802825927734,128400
2021-08-31,111.75,111.87999725341797,111.6500015258789,111.66999816894531,89.66361999511719,120800
2021-09-01,111.52999877929688,111.61000061035156,111.4000015258789,111.43000030517578,89.66361999511719,127100
2021-09-02,111.51000213623047,111.62999725341797,111.4000015258789,111.62999725341797,89.8245620727539,135200
2021-09-03,111.47000122070312,111.54000091552734,111.41000366210938,111.4800033569336,89.70388793945312,107700
2021-09-07,111.37999725341797,111.37999725341797,111.19999694824219,111.19999694824219,89.47856903076172,134600
2021-09-08,111.36000061035156,111.44999694824219,111.20999908447266,111.41999816894531,89.65560913085938,157900
2021-09-09,111.33000183105469,111.58999633789062,111.31999969482422,111.56999969482422,89.77629089355469,125400
2021-09-10,111.51000213623047,111.55999755859375,111.38999938964844,111.51000213623047,89.72801971435547,104900
2021-09-13,111.5199966430664,111.62999725341797,111.51000213623047,111.62000274658203,89.8165283203125,101300
2021-09-14,111.62999725341797,111.86000061035156,111.5999984741211,111.77999877929688,89.94529724121094,136300
2021-09-15,111.86000061035156,111.94000244140625,111.69000244140625,111.81999969482422,89.9774398803711,173000
2021-09-16,111.5999984741211,111.94000244140625,111.5,111.58000183105469,89.78433227539062,126100
2021-09-17,111.51000213623047,111.51000213623047,111.3499984741211,111.41999816894531,89.65560913085938,169800
2021-09-20,111.47000122070312,111.70999908447266,111.47000122070312,111.62999725341797,89.8245620727539,134200
2021-09-21,111.68000030517578,111.7699966430664,111.61000061035156,111.75,89.92111206054688,163800
2021-09-22,111.81999969482422,111.81999969482422,111.61000061035156,111.7300033569336,89.90503692626953,126100
2021-09-23,111.58000183105469,111.58999633789062,111.30000305175781,111.30000305175781,89.55903625488281,113400
2021-09-24,111.30000305175781,111.30000305175781,110.94999694824219,110.9800033569336,89.30155181884766,142800
2021-09-27,110.94000244140625,111.01000213623047,110.88999938964844,110.88999938964844,89.22914123535156,124000
2021-09-28,110.69999694824219,110.72000122070312,110.43000030517578,110.44999694824219,88.87506103515625,232000
2021-09-29,110.58999633789062,110.70999908447266,110.5,110.61000061035156,89.00379943847656,260100
2021-09-30,110.54000091552734,110.62999725341797,110.5,110.55000305175781,88.95553588867188,359900
2021-10-01,110.51000213623047,110.69000244140625,110.44000244140625,110.69000244140625,89.26197052001953,204800
2021-10-04,110.61000061035156,110.73999786376953,110.5199966430664,110.70999908447266,89.27809143066406,181800
2021-10-05,110.58999633789062,110.61000061035156,110.33000183105469,110.38999938964844,89.02006530761719,209800
2021-10-06,110.37999725341797,110.47000122070312,110.18000030517578,110.25,88.90715026855469,217200
2021-10-07,110.12000274658203,110.37000274658203,110.05000305175781,110.12000274658203,88.80229949951172,126100
2021-10-08,110.01000213623047,110.01000213623047,109.80000305175781,109.81999969482422,88.5604019165039,203600
2021-10-11,109.76000213623047,109.77999877929688,109.55999755859375,109.5999984741211,88.38298797607422,194000
2021-10-12,109.69999694824219,110.0199966430664,109.69999694824219,109.94999694824219,88.66523742675781,175400
2021-10-13,109.87999725341797,110.16000366210938,109.87999725341797,110.12999725341797,88.81037139892578,98500
2021-10-14,110.20999908447266,110.37000274658203,110.13999938964844,110.36000061035156,88.99588775634766,154600
2021-10-15,110.16000366210938,110.31999969482422,110.08999633789062,110.18000030517578,88.8507308959961,175000
2021-10-18,109.94999694824219,110.11000061035156,109.9000015258789,110.04000091552734,88.73779296875,88000
2021-10-19,110.0,110.0999984741211,109.73999786376953,109.73999786376953,88.49586486816406,183300
2021-10-20,109.81999969482422,110.0,109.68000030517578,109.68000030517578,88.4474868774414,116500
2021-10-21,109.56999969482422,109.68000030517578,109.52999877929688,109.61000061035156,88.39103698730469,88700
2021-10-22,109.54000091552734,109.69999694824219,109.52999877929688,109.61000061035156,88.39103698730469,170100
2021-10-25,109.62999725341797,109.79000091552734,109.62999725341797,109.69999694824219,88.46363067626953,95700
2021-10-26,109.7699966430664,109.86000061035156,109.62999725341797,109.75,88.5039291381836,262400
2021-10-27,110.0199966430664,110.2300033569336,109.88999938964844,110.0,88.70551300048828,251000
2021-10-28,110.11000061035156,110.16000366210938,109.97000122070312,110.05000305175781,88.74586486816406,208000
2021-10-29,109.87000274658203,110.13999938964844,109.77999877929688,110.04000091552734,88.73779296875,188700
2021-11-01,109.69000244140625,109.8499984741211,109.62000274658203,109.79000091552734,88.72166442871094,230900
2021-11-02,109.80000305175781,110.0,109.80000305175781,109.94000244140625,88.84284210205078,189300
2021-11-03,110.0,110.23999786376953,109.6500015258789,109.7699966430664,88.7054443359375,162900
2021-11-04,109.87999725341797,110.05999755859375,109.87999725341797,109.9800033569336,88.87517547607422,204400
2021-11-05,110.23999786376953,110.48999786376953,110.16999816894531,110.44999694824219,89.25497436523438,103300
2021-11-08,110.37999725341797,110.44999694824219,110.23999786376953,110.30000305175781,89.13378143310547,107700
2021-11-09,110.31999969482422,110.62999725341797,110.31999969482422,110.41000366210938,89.2226791381836,126400
2021-11-10,110.36000061035156,110.38999938964844,109.97000122070312,109.9800033569336,88.87517547607422,126800
2021-11-11,109.77999877929688,109.94999694824219,109.63999938964844,109.63999938964844,88.60043334960938,120300
2021-11-12,109.80000305175781,109.91000366210938,109.62000274658203,109.68000030517578,88.63274383544922,119100
2021-11-15,109.62000274658203,109.66999816894531,109.38999938964844,109.4000015258789,88.40648651123047,109400
2021-11-16,109.30000305175781,109.5199966430664,109.23999786376953,109.23999786376953,88.27717590332031,128100
2021-11-17,109.19999694824219,109.41000366210938,109.1500015258789,109.30999755859375,88.33377838134766,171400
2021-11-18,109.33999633789062,109.58000183105469,109.33000183105469,109.4800033569336,88.47113800048828,243200
2021-11-19,109.69999694824219,109.8499984741211,109.63999938964844,109.6500015258789,88.60848236083984,140700
2021-11-22,109.5999984741211,109.62000274658203,109.26000213623047,109.41999816894531,88.4226303100586,238900
2021-11-23,109.19000244140625,109.2300033569336,108.94999694824219,108.94999694824219,88.0428237915039,184400
2021-11-24,108.87000274658203,109.06999969482422,108.80000305175781,109.01000213623047,88.09133911132812,161400
2021-11-26,109.5,109.68000030517578,109.47000122070312,109.5199966430664,88.5034408569336,143200
2021-11-29,109.4800033569336,109.83000183105469,109.4800033569336,109.80000305175781,88.72970581054688,234500
2021-11-30,109.97000122070312,110.19000244140625,109.63999938964844,109.80000305175781,88.72970581054688,299300
2021-12-01,109.45999908447266,109.87000274658203,109.44000244140625,109.86000061035156,88.964599609375,201200
2021-12-02,109.79000091552734,110.0199966430664,109.58000183105469,109.79000091552734,88.90788269042969,198400
2021-12-03,109.83000183105469,110.16999816894531,109.62999725341797,110.16999816894531,89.21560668945312,172100
2021-12-06,110.20999908447266,110.20999908447266,109.75,109.94000244140625,89.02936553955078,136800
2021-12-07,109.75,109.86000061035156,109.56999969482422,109.69000244140625,88.8269271850586,124100
2021-12-08,109.45999908447266,109.55000305175781,109.25,109.2699966430664,88.4867935180664,215600
2021-12-09,109.30000305175781,109.55999755859375,109.30000305175781,109.43000030517578,88.61636352539062,599100
2021-12-10,109.5999984741211,109.75,108.54000091552734,109.47000122070312,88.64876556396484,164300
2021-12-13,109.66999816894531,109.87000274658203,109.5199966430664,109.8499984741211,88.95645904541016,204300
2021-12-14,109.83000183105469,109.87999725341797,109.56999969482422,109.87999725341797,88.98076629638672,162600
2021-12-15,109.62999725341797,109.80999755859375,109.55999755859375,109.80000305175781,88.9159927368164,198300
2021-12-16,109.80000305175781,109.9000015258789,109.62000274658203,109.79000091552734,88.90788269042969,178100
2021-12-17,109.76000213623047,110.05000305175781,109.76000213623047,109.83999633789062,88.94839477539062,159800
2021-12-20,109.86000061035156,110.16000366210938,109.86000061035156,110.0999984741211,89.1589126586914,292400
2021-12-21,109.8499984741211,109.8499984741211,109.52999877929688,109.83000183105469,88.94026947021484,240500
2021-12-22,109.66999816894531,109.83000183105469,109.58999633789062,109.81999969482422,88.93218994140625,531000
2021-12-23,109.9000015258789,109.9000015258789,109.5999984741211,109.75,88.87550354003906,243900
2021-12-27,109.8499984741211,109.8499984741211,109.66999816894531,109.76000213623047,88.88360595703125,212600
2021-12-28,109.79000091552734,109.98999786376953,109.66999816894531,109.8499984741211,88.95645904541016,940400
2021-12-29,109.56999969482422,109.6500015258789,109.4000015258789,109.51000213623047,88.68115997314453,255300
2021-12-30,109.13999938964844,109.36000061035156,109.13999938964844,109.27999877929688,88.68112182617188,175600
2021-12-31,109.45999908447266,109.66000366210938,109.30000305175781,109.41000366210938,88.78663635253906,257200
2022-01-03,109.13999938964844,109.19999694824219,108.94000244140625,108.94000244140625,88.40523529052734,600400
2022-01-04,108.81999969482422,108.81999969482422,108.5,108.76000213623047,88.25917053222656,410000
2022-01-05,108.72000122070312,108.75,108.31999969482422,108.36000061035156,87.93453216552734,302000
2022-01-06,108.20999908447266,108.4000015258789,108.1500015258789,108.37000274658203,87.94265747070312,524000
2022-01-07,108.37000274658203,108.37000274658203,107.9000015258789,108.04000091552734,87.67485046386719,305800
2022-01-10,107.87999725341797,108.05000305175781,107.69000244140625,108.05000305175781,87.68299865722656,346400
2022-01-11,108.02999877929688,108.18000030517578,107.81999969482422,108.0199966430664,87.65863800048828,131300
2022-01-12,108.08999633789062,108.29000091552734,108.0199966430664,108.0199966430664,87.65863800048828,420800
2022-01-13,108.06999969482422,108.33000183105469,108.01000213623047,108.12000274658203,87.73979187011719,210300
2022-01-14,108.06999969482422,108.12000274658203,107.77999877929688,107.80999755859375,87.4881820678711,312300
2022-01-18,107.5,107.58000183105469,107.12999725341797,107.12999725341797,86.93641662597656,469400
2022-01-19,107.31999969482422,107.44000244140625,107.19999694824219,107.29000091552734,87.06626892089844,402100
2022-01-20,107.33000183105469,107.4800033569336,107.27999877929688,107.30999755859375,87.08245086669922,389000
2022-01-21,107.66000366210938,107.77999877929688,107.4800033569336,107.55000305175781,87.27722930908203,280400
2022-01-24,107.66000366210938,107.86000061035156,107.55999755859375,107.55999755859375,87.28534698486328,318900
2022-01-25,107.58999633789062,107.70999908447266,107.38999938964844,107.38999938964844,87.14737701416016,190200
2022-01-26,107.5,107.70999908447266,107.0,107.11000061035156,86.9201889038086,254100
2022-01-27,107.06999969482422,107.31999969482422,107.06999969482422,107.16999816894531,86.96885681152344,202100
2022-01-28,107.02999877929688,107.37000274658203,107.0,107.25,87.03377532958984,339500
2022-01-31,107.05000305175781,107.33000183105469,107.02999877929688,107.19999694824219,86.99320983886719,217100
2022-02-01,106.97000122070312,107.04000091552734,106.7699966430664,106.7699966430664,86.83055877685547,222700
2022-02-02,106.98999786376953,107.30000305175781,106.98999786376953,106.98999786376953,87.00950622558594,262100
2022-02-03,106.7300033569336,106.91999816894531,106.7300033569336,106.79000091552734,86.84685516357422,303500
2022-02-04,106.6500015258789,106.6500015258789,106.12000274658203,106.2699966430664,86.42393493652344,330700
2022-02-07,106.11000061035156,106.30999755859375,106.06999969482422,106.1500015258789,86.32635498046875,200400
2022-02-08,106.08000183105469,106.08000183105469,105.9000015258789,105.93000030517578,86.14744567871094,345600
2022-02-09,105.94999694824219,106.12000274658203,105.83999633789062,105.83999633789062,86.07421112060547,163000
2022-02-10,105.62999725341797,105.72000122070312,105.26000213623047,105.26000213623047,85.60256958007812,181300
2022-02-11,105.41000366210938,105.4800033569336,104.94999694824219,105.37999725341797,85.70012664794922,156100
2022-02-14,105.16999816894531,105.41999816894531,105.12999725341797,105.19000244140625,85.54560089111328,220600
2022-02-15,104.94999694824219,105.08999633789062,104.83999633789062,104.91000366210938,85.31791687011719,140400
2022-02-16,104.93000030517578,105.05000305175781,104.7300033569336,104.77999877929688,85.2121810913086,216100
2022-02-17,105.02999877929688,105.27999877929688,105.0,105.08999633789062,85.46430206298828,383500
2022-02-18,105.2699966430664,105.37999725341797,105.0999984741211,105.2300033569336,85.57816314697266,224800
2022-02-22,105.19000244140625,105.41000366210938,105.02999877929688,105.25,85.59441375732422,164600
2022-02-23,105.04000091552734,105.08999633789062,104.8499984741211,104.93000030517578,85.33418273925781,195700
2022-02-24,104.98999786376953,105.08000183105469,104.58999633789062,104.75,85.18782043457031,234600
2022-02-25,104.62000274658203,104.79000091552734,104.55000305175781,104.79000091552734,85.22032928466797,200900
2022-02-28,105.01000213623047,105.41999816894531,105.01000213623047,105.2699966430664,85.6106948852539,169100
2022-03-01,105.37999725341797,105.79000091552734,105.37999725341797,105.5,85.98558044433594,385300
2022-03-02,105.22000122070312,105.5,104.77999877929688,104.77999877929688,85.3987808227539,637800
2022-03-03,104.9800033569336,105.01000213623047,104.61000061035156,104.7699966430664,85.39064025878906,310600
2022-03-04,105.3499984741211,105.55999755859375,105.19999694824219,105.30000305175781,85.82260131835938,253400
2022-03-07,105.0,105.19999694824219,104.7300033569336,104.7300033569336,85.3580322265625,394900
2022-03-08,104.26000213623047,104.43000030517578,104.13999938964844,104.30999755859375,85.01573181152344,304700
2022-03-09,103.91999816894531,104.06999969482422,103.80000305175781,103.83000183105469,84.62449645996094,180900
2022-03-10,103.5199966430664,103.68000030517578,103.19000244140625,103.27999877929688,84.17621612548828,348600
2022-03-11,103.25,103.38999938964844,103.11000061035156,103.19999694824219,84.11103820800781,268700
2022-03-14,102.7699966430664,102.83000183105469,102.2699966430664,102.45999908447266,83.50792694091797,535600
2022-03-15,102.44000244140625,102.4800033569336,102.0,102.19999694824219,83.29600524902344,453200
2022-03-16,102.16999816894531,102.33000183105469,101.77999877929688,102.19999694824219,83.29600524902344,243600
2022-03-17,102.29000091552734,102.56999969482422,102.19000244140625,102.30000305175781,83.37747192382812,344500
2022-03-18,102.47000122070312,102.69999694824219,102.47000122070312,102.61000061035156,83.63018798828125,125500
2022-03-21,102.2300033569336,102.30000305175781,101.75,101.75,82.92927551269531,314500
2022-03-22,101.5,101.58000183105469,101.3499984741211,101.55000305175781,82.76620483398438,333600
2022-03-23,101.63999938964844,101.94999694824219,101.4800033569336,101.8499984741211,83.01071166992188,202700
2022-03-24,101.48999786376953,101.75,101.48999786376953,101.55999755859375,82.77438354492188,128600
2022-03-25,101.4000015258789,101.4000015258789,100.44000244140625,100.69999694824219,82.07347106933594,644600
2022-03-28,100.77999877929688,101.12999725341797,100.7300033569336,100.93000030517578,82.26091003417969,281700
2022-03-29,101.01000213623047,101.44999694824219,101.01000213623047,101.2699966430664,82.53801727294922,244300
2022-03-30,101.2699966430664,101.87999725341797,101.2699966430664,101.86000061035156,83.01890563964844,252100
2022-03-31,101.80999755859375,102.0,101.13999938964844,101.77999877929688,82.95368957519531,215700
2022-04-01,101.19999694824219,101.70999908447266,101.0,101.58999633789062,82.99452209472656,404300
2022-04-04,101.48999786376953,101.55999755859375,101.30000305175781,101.37999725341797,82.82299041748047,208800
2022-04-05,101.20999908447266,101.27999877929688,100.6500015258789,100.6500015258789,82.22660827636719,338600
2022-04-06,100.33000183105469,100.5,99.91999816894531,100.2699966430664,81.91616821289062,553500
2022-04-07,100.19999694824219,100.37000274658203,100.04000091552734,100.19999694824219,81.85895538330078,167300
2022-04-08,99.7699966430664,100.08000183105469,99.52999877929688,99.52999877929688,81.31161499023438,236200
2022-04-11,99.33999633789062,99.44000244140625,99.0999984741211,99.16999816894531,81.01753234863281,256700
2022-04-12,99.45999908447266,99.69000244140625,99.41999816894531,99.41999816894531,81.22174835205078,1229000
2022-04-13,99.5999984741211,100.06999969482422,99.5999984741211,99.72000122070312,81.46682739257812,229300
2022-04-14,99.63999938964844,99.63999938964844,99.01000213623047,99.0999984741211,80.96031188964844,263900
2022-04-18,98.94000244140625,99.08999633789062,98.66999816894531,98.66999816894531,80.60905456542969,362300
2022-04-19,98.41000366210938,98.55000305175781,98.12000274658203,98.12000274658203,80.15972137451172,601400
2022-04-20,98.41999816894531,98.83999633789062,98.30000305175781,98.83999633789062,80.7479019165039,438200
2022-04-21,98.33999633789062,98.5,97.9000015258789,98.0199966430664,80.07798767089844,963200
2022-04-22,97.77999877929688,98.08999633789062,97.63999938964844,97.63999938964844,79.76757049560547,446500
2022-04-25,98.23999786376953,98.72000122070312,98.23999786376953,98.37999725341797,80.37213134765625,276900
2022-04-26,98.63999938964844,98.9000015258789,98.54000091552734,98.58000183105469,80.53546905517578,352500
2022-04-27,98.58999633789062,98.69999694824219,98.31999969482422,98.43000030517578,80.41294860839844,237400
2022-04-28,98.05999755859375,98.37000274658203,98.04000091552734,98.37000274658203,80.36393737792969,165700
2022-04-29,97.80999755859375,98.16999816894531,97.62000274658203,97.66999816894531,79.7920913696289,433100
2022-05-02,97.0199966430664,97.22000122070312,96.83000183105469,97.05000305175781,79.48904418945312,531100
2022-05-03,97.26000213623047,97.41999816894531,97.08999633789062,97.16999816894531,79.58731842041016,266700
2022-05-04,97.08999633789062,97.87999725341797,96.93000030517578,97.87999725341797,80.16886138916016,253300
2022-05-05,97.31999969482422,97.38999938964844,96.56999969482422,96.73999786376953,79.23514556884766,221800
2022-05-06,96.5,96.80999755859375,96.38999938964844,96.44999694824219,78.99762725830078,315700
2022-05-09,96.30999755859375,96.94999694824219,96.16999816894531,96.80999755859375,79.29247283935547,385400
2022-05-10,97.01000213623047,97.1500015258789,96.75,96.80000305175781,79.28427124023438,447800
2022-05-11,96.61000061035156,97.31999969482422,96.5999984741211,97.2699966430664,79.66920471191406,378300
2022-05-12,97.30000305175781,97.5199966430664,97.22000122070312,97.45999908447266,79.82485961914062,465400
2022-05-13,97.12000274658203,97.37000274658203,97.01000213623047,97.01000213623047,79.45626831054688,1399200
2022-05-16,97.0999984741211,97.37999725341797,97.05000305175781,97.20999908447266,79.62007904052734,183300
2022-05-17,96.66999816894531,96.97000122070312,96.6500015258789,96.6500015258789,79.16142272949219,176100
2022-05-18,96.62999725341797,97.04000091552734,96.58999633789062,96.87000274658203,79.34158325195312,1115000
2022-05-19,97.33999633789062,97.33999633789062,96.94999694824219,97.05999755859375,79.49722290039062,722900
2022-05-20,96.95999908447266,97.41000366210938,96.95999908447266,97.41000366210938,79.78389739990234,212800
2022-05-23,97.06999969482422,97.29000091552734,96.81999969482422,96.8499984741211,79.3252182006836,390600
2022-05-24,96.93000030517578,97.62000274658203,96.93000030517578,97.58999633789062,79.93132781982422,270400
2022-05-25,97.7300033569336,97.86000061035156,97.56999969482422,97.76000213623047,80.07054138183594,207100
2022-05-26,97.88999938964844,98.04000091552734,97.66000366210938,98.04000091552734,80.2999038696289,423700
2022-05-27,98.1500015258789,98.3499984741211,98.12000274658203,98.23999786376953,80.46369171142578,368100
2022-05-31,97.86000061035156,97.86000061035156,97.58999633789062,97.76000213623047,80.07054138183594,335100
2022-06-01,97.55999755859375,97.5999984741211,96.93000030517578,96.93000030517578,79.59429168701172,206400
2022-06-02,97.06999969482422,97.4000015258789,97.0199966430664,97.19999694824219,79.81600189208984,317400
2022-06-03,96.9800033569336,97.23999786376953,96.97000122070312,96.97000122070312,79.62712097167969,140400
2022-06-06,97.06999969482422,97.08999633789062,96.5199966430664,96.5199966430664,79.25761413574219,181300
2022-06-07,96.58999633789062,96.81999969482422,96.58000183105469,96.69999694824219,79.40544128417969,299700
2022-06-08,96.55999755859375,96.68000030517578,96.3499984741211,96.3499984741211,79.11803436279297,143200
2022-06-09,96.33999633789062,96.5,96.19000244140625,96.26000213623047,79.04414367675781,172500
2022-06-10,95.91999816894531,95.9800033569336,95.43000030517578,95.5199966430664,78.43643951416016,217000
2022-06-13,94.7300033569336,95.0199966430664,93.58000183105469,93.87000274658203,77.08155059814453,561300
2022-06-14,93.91999816894531,93.9800033569336,93.06999969482422,93.11000061035156,76.45748138427734,407400
2022-06-15,93.69000244140625,94.19000244140625,93.29000091552734,94.0,77.18830108642578,304800
2022-06-16,93.37999725341797,94.26000213623047,93.2699966430664,94.19999694824219,77.35254669189453,384300
2022-06-17,94.16000366210938,94.41000366210938,93.76000213623047,94.13999938964844,77.30326843261719,180000
2022-06-21,93.86000061035156,94.12999725341797,93.69999694824219,93.87000274658203,77.08155059814453,280600
2022-06-22,94.20999908447266,94.6500015258789,94.20999908447266,94.52999877929688,77.62350463867188,291300
2022-06-23,94.55999755859375,95.0999984741211,94.51000213623047,94.51000213623047,77.60709381103516,233700
2022-06-24,94.5,94.87000274658203,94.5,94.76000213623047,77.8123779296875,465000
2022-06-27,94.5,94.70999908447266,94.30999755859375,94.38999938964844,77.50858306884766,210600
2022-06-28,94.25,94.41000366210938,94.16999816894531,94.20999908447266,77.36075592041016,151300
2022-06-29,94.18000030517578,94.83000183105469,94.08000183105469,94.83000183105469,77.86988067626953,265300
2022-06-30,94.8499984741211,95.38999938964844,94.8499984741211,95.25,78.21472930908203,288200
2022-07-01,95.37000274658203,95.88999938964844,95.05000305175781,95.75,78.84051513671875,312500
2022-07-05,95.62000274658203,95.7300033569336,95.4800033569336,95.54000091552734,78.66764068603516,398300
2022-07-06,95.5999984741211,95.80000305175781,95.06999969482422,95.06999969482422,78.28062438964844,184100
2022-07-07,95.18000030517578,95.19000244140625,94.79000091552734,94.88999938964844,78.13240051269531,195100
2022-07-08,94.75,94.87000274658203,94.55000305175781,94.75,78.01710510253906,137800
2022-07-11,95.01000213623047,95.16000366210938,94.88999938964844,95.05000305175781,78.26415252685547,242100
2022-07-12,95.16000366210938,95.51000213623047,94.94000244140625,95.0,78.22299194335938,391400
2022-07-13,94.55999755859375,95.30999755859375,94.4000015258789,95.29000091552734,78.4617691040039,249700
2022-07-14,94.75,95.06999969482422,94.54000091552734,94.91999816894531,78.1571044921875,130100
2022-07-15,95.01000213623047,95.36000061035156,94.91999816894531,95.25,78.42882537841797,158500
2022-07-18,95.19999694824219,95.27999877929688,94.91000366210938,95.22000122070312,78.40412902832031,198200
2022-07-19,95.20999908447266,95.23999786376953,94.91000366210938,95.2300033569336,78.41236114501953,214200
2022-07-20,95.19999694824219,95.37999725341797,94.98999786376953,95.23999786376953,78.42057800292969,692900
2022-07-21,95.44000244140625,95.79000091552734,95.33000183105469,95.75,78.84051513671875,547800
2022-07-22,96.33000183105469,96.63999938964844,96.13999938964844,96.38999938964844,79.36750793457031,247400
2022-07-25,96.22000122070312,96.55000305175781,96.12999725341797,96.26000213623047,79.26046752929688,262100
2022-07-26,96.48999786376953,96.75,96.26000213623047,96.31999969482422,79.30985260009766,167800
2022-07-27,96.33999633789062,96.83000183105469,96.30999755859375,96.66000366210938,79.58982849121094,254600
2022-07-28,97.22000122070312,97.33999633789062,97.0,97.29000091552734,80.10858917236328,250100
2022-07-29,97.25,97.6500015258789,97.18000030517578,97.51000213623047,80.28971099853516,229200
2022-08-01,97.4000015258789,97.6500015258789,97.1500015258789,97.5,80.50438690185547,399300
2022-08-02,97.72000122070312,97.80999755859375,96.5999984741211,96.61000061035156,79.76953887939453,248500
2022-08-03,96.63999938964844,97.08999633789062,96.31999969482422,96.98999786376953,80.08331298828125,235000
2022-08-04,97.16000366210938,97.2699966430664,97.06999969482422,97.2699966430664,80.31446838378906,130300
2022-08-05,96.66999816894531,96.66999816894531,96.26000213623047,96.37000274658203,79.5713882446289,239800
2022-08-08,96.5,96.80999755859375,96.5,96.6500015258789,79.80258178710938,374500
2022-08-09,96.5999984741211,96.73999786376953,96.5199966430664,96.55000305175781,79.7199935913086,195900
2022-08-10,96.8499984741211,97.20999908447266,96.66999816894531,96.86000061035156,79.9759750366211,224800
2022-08-11,96.7699966430664,97.08000183105469,96.36000061035156,96.36000061035156,79.56311798095703,208000
2022-08-12,96.62000274658203,96.77999877929688,96.41999816894531,96.69000244140625,79.83560180664062,155100
2022-08-15,96.76000213623047,96.91999816894531,96.73999786376953,96.86000061035156,79.9759750366211,252100
2022-08-16,96.79000091552734,96.94999694824219,96.55000305175781,96.94999694824219,80.05023956298828,286700
2022-08-17,96.41999816894531,96.44999694824219,96.12999725341797,96.2699966430664,79.48881530761719,288600
2022-08-18,96.3499984741211,96.58000183105469,96.23999786376953,96.25,79.4722900390625,165300
2022-08-19,95.80000305175781,96.0,95.69999694824219,95.80000305175781,79.10073852539062,146300
2022-08-22,95.81999969482422,95.81999969482422,95.12999725341797,95.12999725341797,78.5475082397461,174200
2022-08-23,95.0999984741211,95.5199966430664,95.04000091552734,95.04000091552734,78.47319793701172,230600
2022-08-24,94.9000015258789,95.0,94.80000305175781,94.83000183105469,78.29978942871094,162300
2022-08-25,94.91999816894531,95.4800033569336,94.87000274658203,95.4800033569336,78.83648681640625,140500
2022-08-26,95.22000122070312,95.37000274658203,95.05999755859375,95.16000366210938,78.57229614257812,103800
2022-08-29,94.94999694824219,95.08000183105469,94.81999969482422,95.01000213623047,78.44844055175781,415700
2022-08-30,94.93000030517578,95.12000274658203,94.69000244140625,94.87999725341797,78.3410873413086,103100
2022-08-31,94.75,94.94999694824219,94.38999938964844,94.54000091552734,78.06035614013672,81700
2022-09-01,93.83000183105469,93.93000030517578,93.44999694824219,93.69999694824219,77.58838653564453,239300
2022-09-02,93.91000366210938,94.06999969482422,93.83000183105469,93.91000366210938,77.76227569580078,165200
2022-09-06,93.80000305175781,93.80000305175781,93.11000061035156,93.11000061035156,77.0998306274414,193400
2022-09-07,93.1500015258789,93.62999725341797,93.1500015258789,93.48999786376953,77.41447448730469,259900
2022-09-08,93.48999786376953,93.61000061035156,93.38999938964844,93.41999816894531,77.35652160644531,272700
2022-09-09,93.48999786376953,93.5999984741211,93.3499984741211,93.3499984741211,77.29856872558594,109000
2022-09-12,93.44999694824219,93.69999694824219,93.26000213623047,93.33999633789062,77.290283203125,156000
2022-09-13,92.88999938964844,93.0,92.75,92.86000061035156,76.89281463623047,178400
2022-09-14,92.5999984741211,93.11000061035156,92.5999984741211,92.9000015258789,76.92594146728516,164400
2022-09-15,92.73999786376953,92.8499984741211,92.55000305175781,92.55000305175781,76.6361312866211,103700
2022-09-16,92.4000015258789,92.73999786376953,92.3499984741211,92.48999786376953,76.58641815185547,101500
2022-09-19,92.25,92.54000091552734,92.22000122070312,92.4000015258789,76.51190185546875,155000
2022-09-20,92.04000091552734,92.25,91.94000244140625,92.05999755859375,76.23036193847656,149600
2022-09-21,92.1500015258789,92.33000183105469,91.80000305175781,92.23999786376953,76.37943267822266,116600
2022-09-22,91.91999816894531,91.91999816894531,91.4000015258789,91.41999816894531,75.70040893554688,227800
2022-09-23,91.30000305175781,91.41000366210938,90.94000244140625,91.16000366210938,75.48512268066406,368000
2022-09-26,90.81999969482422,90.93000030517578,89.87999725341797,89.91000366210938,74.4500732421875,254900
2022-09-27,89.81999969482422,89.9800033569336,89.33999633789062,89.52999877929688,74.13541412353516,461300
2022-09-28,90.1500015258789,90.63999938964844,89.97000122070312,90.54000091552734,74.97174072265625,348900
2022-09-29,89.94999694824219,90.37000274658203,89.94999694824219,90.11000061035156,74.61566925048828,178400
2022-09-30,90.23999786376953,90.44000244140625,89.69000244140625,89.72000122070312,74.292724609375,252500
2022-10-03,89.94999694824219,90.5,89.77999877929688,90.04000091552734,74.78274536132812,460600
2022-10-04,90.4800033569336,90.70999908447266,90.2300033569336,90.3499984741211,75.04023742675781,306600
2022-10-05,90.12999725341797,90.19000244140625,89.76000213623047,89.95999908447266,74.71630859375,442800
2022-10-06,89.98999786376953,90.0,89.55000305175781,89.58000183105469,74.40071105957031,295400
2022-10-07,89.41000366210938,89.41000366210938,89.11000061035156,89.26000213623047,74.13492584228516,272300
2022-10-10,89.19000244140625,89.25,88.80999755859375,89.0,73.91897583007812,116000
2022-10-11,89.0,89.26000213623047,88.83000183105469,88.83000183105469,73.77778625488281,302500
2022-10-12,88.70999908447266,88.91000366210938,88.61000061035156,88.75,73.71136474609375,177500
2022-10-13,87.75,88.69000244140625,87.75,88.44000244140625,73.4538803100586,289700
2022-10-14,88.75,88.75,88.08999633789062,88.22000122070312,73.27115631103516,333500
2022-10-17,88.5199966430664,88.69000244140625,88.27999877929688,88.27999877929688,73.32099914550781,165100
2022-10-18,88.52999877929688,88.56999969482422,88.13999938964844,88.36000061035156,73.3874282836914,123100
2022-10-19,88.02999877929688,88.06999969482422,87.7699966430664,87.77999877929688,72.90569305419922,227600
2022-10-20,87.66000366210938,87.7300033569336,87.0999984741211,87.1500015258789,72.38248443603516,203700
2022-10-21,86.81999969482422,87.19999694824219,86.61000061035156,87.0,72.25788879394531,325400
2022-10-24,87.08999633789062,87.3499984741211,86.88999938964844,87.1500015258789,72.38248443603516,349300
2022-10-25,87.56999969482422,87.9000015258789,87.56999969482422,87.87999725341797,72.98876190185547,311900
2022-10-26,87.94999694824219,88.4000015258789,87.94999694824219,88.16000366210938,73.2213363647461,276300
2022-10-27,88.31999969482422,88.69999694824219,88.26000213623047,88.58000183105469,73.5701675415039,155800
2022-10-28,88.30000305175781,88.62999725341797,88.30000305175781,88.43000030517578,73.44559478759766,221700
2022-10-31,88.26000213623047,88.4000015258789,88.06999969482422,88.19999694824219,73.2545394897461,647900
2022-11-01,88.45999908447266,88.51000213623047,87.87000274658203,88.16000366210938,73.4461669921875,142800
2022-11-02,88.25,88.66000366210938,87.9000015258789,88.04000091552734,73.34618377685547,209700
2022-11-03,87.4800033569336,87.77999877929688,87.4000015258789,87.51000213623047,72.90464782714844,348500
2022-11-04,87.56999969482422,87.80999755859375,87.41999816894531,87.73999786376953,73.09625244140625,498000
2022-11-07,87.83000183105469,87.83000183105469,87.4000015258789,87.44999694824219,72.85466003417969,379100
2022-11-08,87.62999725341797,87.93000030517578,87.56999969482422,87.76000213623047,73.11292266845703,278800
2022-11-09,87.76000213623047,88.04000091552734,87.69999694824219,87.87999725341797,73.21285247802734,336500
2022-11-10,88.66999816894531,89.5,88.66999816894531,89.5,74.56251525878906,630200
2022-11-11,89.45999908447266,89.77999877929688,89.44000244140625,89.68000030517578,74.71247863769531,305800
2022-11-14,89.63999938964844,89.66000366210938,89.4800033569336,89.48999786376953,74.55419921875,215200
2022-11-15,90.08000183105469,90.13999938964844,89.80999755859375,90.12999725341797,75.08735656738281,327800
2022-11-16,90.41000366210938,90.6500015258789,90.26000213623047,90.6500015258789,75.52056884765625,302300
2022-11-17,90.18000030517578,90.30999755859375,90.05000305175781,90.2699966430664,75.2040023803711,422400
2022-11-18,90.3499984741211,90.45999908447266,90.04000091552734,90.12000274658203,75.07904052734375,142700
2022-11-21,90.33000183105469,90.38999938964844,90.08000183105469,90.08999633789062,75.05406188964844,200800
2022-11-22,90.37999725341797,90.5999984741211,90.33999633789062,90.55999755859375,75.44560241699219,307200
2022-11-23,90.66999816894531,90.94999694824219,90.66999816894531,90.91999816894531,75.74552154541016,189900
2022-11-25,90.91000366210938,91.04000091552734,90.8499984741211,91.0199966430664,75.82886505126953,45000
2022-11-28,91.12999725341797,91.16000366210938,90.86000061035156,90.88999938964844,75.72054290771484,284900
2022-11-29,90.58000183105469,90.88999938964844,90.58000183105469,90.76000213623047,75.61221313476562,317000
2022-11-30,90.69000244140625,91.22000122070312,90.51000213623047,91.22000122070312,75.99545288085938,237900
2022-12-01,91.22000122070312,91.7300033569336,91.12000274658203,91.7300033569336,76.65563201904297,385900
2022-12-02,91.41999816894531,92.19999694824219,91.30000305175781,92.19999694824219,77.04840087890625,232900
2022-12-05,93.30999755859375,93.30999755859375,91.4000015258789,91.43000030517578,76.40491485595703,719300
2022-12-06,91.63999938964844,91.81999969482422,91.5199966430664,91.69999694824219,76.63055419921875,278100
2022-12-07,91.9800033569336,92.66999816894531,91.9800033569336,92.66999816894531,77.4411392211914,550100
2022-12-08,92.1500015258789,92.44999694824219,92.11000061035156,92.19999694824219,77.04840087890625,265800
2022-12-09,91.9800033569336,92.08999633789062,91.77999877929688,91.79000091552734,76.70575714111328,267000
2022-12-12,92.04000091552734,92.33999633789062,91.68000030517578,91.83000183105469,76.73917388916016,241700
2022-12-13,93.0,93.25,92.37999725341797,92.5,77.29907989501953,356900
2022-12-14,92.58000183105469,93.19999694824219,92.3499984741211,92.80000305175781,77.54979705810547,607200
2022-12-15,92.80999755859375,92.97000122070312,92.63999938964844,92.91999816894531,77.65007781982422,370100
2022-12-16,92.7300033569336,92.9800033569336,92.44000244140625,92.80999755859375,77.55815124511719,881000
2022-12-19,92.80999755859375,92.80999755859375,92.06999969482422,92.06999969482422,76.93973541259766,367000
2022-12-20,91.80999755859375,91.88999938964844,91.63999938964844,91.66000366210938,76.5971450805664,239900
2022-12-21,92.04000091552734,92.05000305175781,91.75,91.91000366210938,76.80604553222656,210700
2022-12-22,91.91999816894531,91.94999694824219,91.7699966430664,91.80000305175781,76.71414184570312,353800
2022-12-23,91.68000030517578,91.70999908447266,91.43000030517578,91.55999755859375,76.51356506347656,313800
2022-12-27,91.33999633789062,91.4000015258789,91.0,91.0,76.04560089111328,365200
2022-12-28,91.12000274658203,91.12000274658203,90.70999908447266,90.73999786376953,75.82830047607422,510700
2022-12-29,90.66000366210938,90.8499984741211,90.62999725341797,90.83000183105469,76.14690399169922,245800
2022-12-30,90.61000061035156,90.69000244140625,90.43000030517578,90.4800033569336,75.85350036621094,588300
2023-01-03,91.23999786376953,91.25,90.8499984741211,90.9800033569336,76.27263641357422,308500
2023-01-04,91.54000091552734,91.54000091552734,91.2300033569336,91.41000366210938,76.63314056396484,266600
2023-01-05,91.01000213623047,91.36000061035156,90.94000244140625,91.3499984741211,76.58280944824219,275800
2023-01-06,91.4800033569336,92.2699966430664,91.38999938964844,92.19999694824219,77.29540252685547,484300
2023-01-09,92.2300033569336,92.54000091552734,92.11000061035156,92.43000030517578,77.48822784423828,384200
2023-01-10,92.18000030517578,92.33000183105469,92.0199966430664,92.18000030517578,77.27865600585938,271600
2023-01-11,92.51000213623047,92.75,92.47000122070312,92.75,77.7564926147461,330800
2023-01-12,93.16000366210938,93.61000061035156,92.80999755859375,93.61000061035156,78.47747802734375,179500
2023-01-13,93.22000122070312,93.44999694824219,93.16000366210938,93.20999908447266,78.14213562011719,240500
2023-01-17,92.9000015258789,93.33999633789062,92.9000015258789,93.1500015258789,78.09186553955078,318100
2023-01-18,94.12999725341797,94.16999816894531,93.70999908447266,94.0,78.8044204711914,265900
2023-01-19,93.88999938964844,94.0,93.79000091552734,93.9000015258789,78.7206039428711,229400
2023-01-20,93.62000274658203,93.7300033569336,93.41999816894531,93.56999969482422,78.44395446777344,327500
2023-01-23,93.41999816894531,93.58000183105469,93.30000305175781,93.38999938964844,78.29305267333984,693900
2023-01-24,93.5,93.80999755859375,93.27999877929688,93.5199966430664,78.40200805664062,663100
2023-01-25,94.5,94.5,93.69999694824219,93.88999938964844,78.71222686767578,358400
2023-01-26,93.81999969482422,94.01000213623047,93.66999816894531,93.83999633789062,78.67030334472656,434000
2023-01-27,93.58000183105469,93.80000305175781,93.58000183105469,93.7300033569336,78.5781021118164,238600
2023-01-30,93.66999816894531,93.75,93.55000305175781,93.56999969482422,78.44395446777344,235900
2023-01-31,94.0,94.0,93.54000091552734,93.9000015258789,78.7206039428711,367000
2023-02-01,93.79000091552734,94.20999908447266,93.54000091552734,94.19999694824219,79.20830535888672,290900
2023-02-02,94.52999877929688,94.56999969482422,94.20999908447266,94.2300033569336,79.23353576660156,209600
2023-02-03,93.73999786376953,93.87999725341797,93.5999984741211,93.62999725341797,78.72901916503906,555100
2023-02-06,93.5,93.5,92.8499984741211,92.8499984741211,78.07315063476562,464700
2023-02-07,93.16999816894531,93.2699966430664,92.91000366210938,92.94999694824219,78.1572265625,198900
2023-02-08,93.1500015258789,93.16000366210938,92.91000366210938,93.08999633789062,78.27495574951172,220600
2023-02-09,93.44000244140625,93.44999694824219,92.77999877929688,92.81999969482422,78.04790496826172,186700
2023-02-10,92.83000183105469,92.83000183105469,92.48999786376953,92.52999877929688,77.80409240722656,166000
2023-02-13,92.5999984741211,92.75,92.56999969482422,92.72000122070312,77.9638442993164,131400
2023-02-14,92.70999908447266,92.75,92.30000305175781,92.44999694824219,77.73680877685547,222400
2023-02-15,92.30000305175781,92.43000030517578,92.16000366210938,92.22000122070312,77.54342651367188,197100
2023-02-16,92.01000213623047,92.1500015258789,91.87000274658203,91.94999694824219,77.3163833618164,219200
2023-02-17,91.94999694824219,92.01000213623047,91.68000030517578,91.97000122070312,77.33322143554688,158100
2023-02-21,91.58000183105469,91.62999725341797,91.2699966430664,91.2699966430664,76.74459838867188,205200
2023-02-22,91.5199966430664,91.69000244140625,91.45999908447266,91.48999786376953,76.92961120605469,135200
2023-02-23,91.3499984741211,91.77999877929688,91.3499984741211,91.7699966430664,77.1650161743164,197300
2023-02-24,91.30000305175781,91.4000015258789,91.19999694824219,91.31999969482422,76.78663635253906,206100
2023-02-27,91.58999633789062,91.5999984741211,91.3499984741211,91.43000030517578,76.87916564941406,721900
2023-02-28,91.25,91.4800033569336,91.16000366210938,91.47000122070312,76.91278076171875,129300
2023-03-01,91.12999725341797,91.16999816894531,90.68000030517578,90.69000244140625,76.49944305419922,258400
2023-03-02,90.2699966430664,90.44999694824219,90.26000213623047,90.4000015258789,76.25480651855469,280300
2023-03-03,90.94000244140625,90.98999786376953,90.62000274658203,90.98999786376953,76.75247955322266,161200
2023-03-06,91.3499984741211,91.3499984741211,90.83999633789062,90.86000061035156,76.64282989501953,257000
2023-03-07,91.06999969482422,91.08000183105469,90.72000122070312,90.81999969482422,76.60909271240234,151100
2023-03-08,91.01000213623047,91.0999984741211,90.55999755859375,90.70999908447266,76.51630401611328,253400
2023-03-09,90.88999938964844,91.12999725341797,90.69999694824219,90.9800033569336,76.74406433105469,151000
2023-03-10,91.79000091552734,92.0199966430664,91.58999633789062,91.86000061035156,77.48636627197266,292000
2023-03-13,91.9000015258789,92.9800033569336,91.9000015258789,92.31999969482422,77.8743896484375,209800
2023-03-14,92.12999725341797,92.18000030517578,91.69000244140625,91.93000030517578,77.54540252685547,338500
2023-03-15,92.61000061035156,92.75,91.87999725341797,92.23999786376953,77.80687713623047,157400
2023-03-16,92.45999908447266,92.58000183105469,91.94999694824219,92.12000274658203,77.70571899414062,751700
2023-03-17,92.43000030517578,92.80000305175781,92.43000030517578,92.5,78.02623748779297,165000
2023-03-20,92.62999725341797,92.94999694824219,92.08000183105469,92.94999694824219,78.40583801269531,201800
2023-03-21,92.0199966430664,92.16999816894531,91.9000015258789,92.02999877929688,77.6297836303711,181300
2023-03-22,92.05000305175781,92.91999816894531,91.31999969482422,92.88999938964844,78.3552017211914,183800
2023-03-23,92.83000183105469,93.1500015258789,92.76000213623047,93.08999633789062,78.52389526367188,119400
2023-03-24,93.37999725341797,93.37999725341797,92.91000366210938,93.11000061035156,78.54076385498047,124600
2023-03-27,92.38999938964844,92.55999755859375,92.23999786376953,92.23999786376953,77.80687713623047,261600
2023-03-28,92.18000030517578,92.20999908447266,92.04000091552734,92.04000091552734,77.63822174072266,188700
2023-03-29,91.91999816894531,92.2699966430664,91.91999816894531,92.18000030517578,77.75629425048828,147600
2023-03-30,92.08999633789062,92.4000015258789,92.08999633789062,92.38999938964844,77.93343353271484,334200
2023-03-31,92.47000122070312,92.79000091552734,92.37000274658203,92.76000213623047,78.24551391601562,543400
2023-04-03,92.3499984741211,93.45999908447266,92.30000305175781,93.45999908447266,79.09181213378906,367800
2023-04-04,92.58000183105469,93.16999816894531,92.58000183105469,93.06999969482422,78.76177978515625,203500
2023-04-05,93.43000030517578,93.55000305175781,93.30000305175781,93.37000274658203,79.01565551757812,148100
2023-04-06,93.36000061035156,93.5,93.33000183105469,93.36000061035156,79.00719451904297,200700
2023-04-10,92.72000122070312,92.94999694824219,92.6500015258789,92.69999694824219,78.44866180419922,304400
2023-04-11,92.7300033569336,92.83000183105469,92.58999633789062,92.83000183105469,78.55867004394531,184600
2023-04-12,93.25,93.2699966430664,92.77999877929688,93.11000061035156,78.79560852050781,236000
2023-04-13,93.16999816894531,93.30999755859375,92.91000366210938,92.97000122070312,78.67713165283203,134300
2023-04-14,92.6500015258789,92.72000122070312,92.58000183105469,92.62000274658203,78.3809585571289,445400
2023-04-17,92.33999633789062,92.41999816894531,92.19999694824219,92.19999694824219,78.02552032470703,113600
2023-04-18,92.2300033569336,92.41999816894531,92.19999694824219,92.3499984741211,78.15245056152344,374200
2023-04-19,92.12999725341797,92.33000183105469,92.11000061035156,92.31999969482422,78.12706756591797,556900
2023-04-20,92.4800033569336,92.5999984741211,92.44000244140625,92.58000183105469,78.34711456298828,202800
2023-04-21,92.66000366210938,92.73999786376953,92.41999816894531,92.44000244140625,78.2286148071289,131400
2023-04-24,92.68000030517578,92.76000213623047,91.73999786376953,92.76000213623047,78.4994125366211,98800
2023-04-25,93.05999755859375,93.20999908447266,93.01000213623047,93.20999908447266,78.88021850585938,132900
2023-04-26,93.16000366210938,93.23999786376953,92.80000305175781,92.88999938964844,78.60943603515625,213400
2023-04-27,92.68000030517578,92.75,92.5999984741211,92.66000366210938,78.41480255126953,137000
2023-04-28,93.06999969482422,93.12000274658203,92.93000030517578,93.12000274658203,78.80409240722656,117800
2023-05-01,92.86000061035156,92.86000061035156,92.06999969482422,92.06999969482422,78.16314697265625,191800
2023-05-02,92.37999725341797,92.76000213623047,92.20999908447266,92.76000213623047,78.74889373779297,191600
2023-05-03,92.9800033569336,93.16000366210938,92.87000274658203,93.13999938964844,79.07151794433594,118600
2023-05-04,92.88999938964844,93.38999938964844,92.87999725341797,93.04000091552734,78.98661804199219,207000
2023-05-05,92.80000305175781,92.8499984741211,92.66999816894531,92.83999633789062,78.81678771972656,189900
2023-05-08,92.37999725341797,92.55999755859375,92.3499984741211,92.3499984741211,78.40082550048828,131200
2023-05-09,92.30000305175781,92.37000274658203,92.25,92.26000213623047,78.32441711425781,364700
2023-05-10,92.63999938964844,92.76000213623047,92.55999755859375,92.76000213623047,78.74889373779297,215200
2023-05-11,93.16999816894531,93.19999694824219,92.9000015258789,92.93000030517578,78.8932113647461,149400
2023-05-12,92.76000213623047,92.98999786376953,92.51000213623047,92.51000213623047,78.53665161132812,194400
2023-05-15,92.33999633789062,92.41000366210938,92.30999755859375,92.33000183105469,78.38385772705078,109500
2023-05-16,92.05999755859375,92.22000122070312,92.05999755859375,92.16999816894531,78.24800872802734,120000
2023-05-17,92.1500015258789,92.22000122070312,92.02999877929688,92.1500015258789,78.23103332519531,159900
2023-05-18,92.0199966430664,92.0199966430664,91.69999694824219,91.7699966430664,77.9084243774414,147400
2023-05-19,91.70999908447266,91.81999969482422,91.5,91.58999633789062,77.75563049316406,182500
2023-05-22,91.56999969482422,91.73999786376953,91.55000305175781,91.62999725341797,77.78958129882812,142700
2023-05-23,91.5,91.6500015258789,91.38999938964844,91.56999969482422,77.73865509033203,135500
2023-05-24,91.62999725341797,91.69000244140625,91.31999969482422,91.31999969482422,77.52641296386719,165500
2023-05-25,90.55000305175781,91.26000213623047,90.55000305175781,90.81999969482422,77.10191345214844,143200
2023-05-26,90.94999694824219,91.19000244140625,90.86000061035156,91.13999938964844,77.37358093261719,304600
2023-05-30,91.37000274658203,91.7300033569336,91.36000061035156,91.7300033569336,77.87448120117188,159300
2023-05-31,91.80999755859375,92.16000366210938,91.76000213623047,92.05000305175781,78.14614868164062,244300
2023-06-01,91.88999938964844,92.19000244140625,91.88999938964844,92.0199966430664,78.38465118408203,258100
2023-06-02,91.93000030517578,91.93000030517578,91.62000274658203,91.69000244140625,78.10355377197266,171800
2023-06-05,91.5,91.79000091552734,91.41000366210938,91.62999725341797,78.05243682861328,317000
2023-06-06,91.72000122070312,91.76000213623047,91.51000213623047,91.76000213623047,78.16319274902344,193800
2023-06-07,91.68000030517578,91.75,91.2699966430664,91.29000091552734,77.76283264160156,328000
2023-06-08,91.30999755859375,91.63999938964844,91.30999755859375,91.63999938964844,78.06095886230469,170500
2023-06-09,91.19000244140625,91.56999969482422,91.19000244140625,91.44999694824219,77.89910888671875,315200
2023-06-12,91.55000305175781,91.63999938964844,91.30000305175781,91.62999725341797,78.05243682861328,143200
2023-06-13,92.05000305175781,92.05000305175781,91.19000244140625,91.29000091552734,77.76283264160156,488400
2023-06-14,91.68000030517578,91.68000030517578,91.1500015258789,91.41000366210938,77.86505889892578,275600
2023-06-15,91.80000305175781,92.08000183105469,91.62999725341797,92.08000183105469,78.43576049804688,285700
2023-06-16,91.62999725341797,91.81999969482422,91.58000183105469,91.79000091552734,78.18875885009766,210400
2023-06-20,91.77999877929688,91.94999694824219,91.69999694824219,91.69999694824219,78.112060546875,190100
2023-06-21,91.66999816894531,92.02999877929688,91.58999633789062,92.0,78.36763000488281,259100
2023-06-22,91.88999938964844,91.88999938964844,91.48999786376953,91.48999786376953,77.93318939208984,233700
2023-06-23,91.94000244140625,91.95999908447266,91.61000061035156,91.63999938964844,78.06095886230469,204900
2023-06-26,91.83999633789062,92.18000030517578,91.83000183105469,92.18000030517578,78.52095031738281,152300
2023-06-27,91.83999633789062,92.0199966430664,91.68000030517578,91.79000091552734,78.18875885009766,173700
2023-06-28,91.83000183105469,92.08000183105469,91.76000213623047,92.02999877929688,78.39315795898438,274200
2023-06-29,91.51000213623047,91.51000213623047,91.12999725341797,91.4000015258789,77.85652160644531,482000
2023-06-30,91.4000015258789,91.62999725341797,91.38999938964844,91.62000274658203,78.0439224243164,134000
2023-07-03,91.25,91.44000244140625,91.08999633789062,91.11000061035156,77.89002990722656,148000
2023-07-05,90.98999786376953,91.05999755859375,90.69000244140625,90.70999908447266,77.54808044433594,358800
2023-07-06,90.30999755859375,90.33000183105469,90.05000305175781,90.19999694824219,77.11207580566406,201400
2023-07-07,90.05000305175781,90.31999969482422,90.02999877929688,90.06999969482422,77.00091552734375,169200
2023-07-10,90.0999984741211,90.48999786376953,90.0999984741211,90.37999725341797,77.26593780517578,168900
2023-07-11,90.47000122070312,90.61000061035156,90.37999725341797,90.55000305175781,77.41128540039062,330100
2023-07-12,92.25,92.25,91.0199966430664,91.2300033569336,77.99262237548828,242300
2023-07-13,91.5999984741211,91.83999633789062,91.55000305175781,91.80000305175781,78.47993469238281,250500
2023-07-14,91.66999816894531,91.73999786376953,91.5,91.5,78.22344970703125,225600
2023-07-17,91.5,91.63999938964844,91.41999816894531,91.58999633789062,78.30039978027344,173600
2023-07-18,91.76000213623047,91.87999725341797,91.66999816894531,91.69999694824219,78.39442443847656,219400
2023-07-19,91.80999755859375,91.94999694824219,91.7300033569336,91.9000015258789,78.56538391113281,159700
2023-07-20,91.61000061035156,91.69000244140625,91.38999938964844,91.5199966430664,78.24052429199219,324900
2023-07-21,91.58999633789062,91.63999938964844,91.51000213623047,91.55000305175781,78.26619720458984,337200
2023-07-24,91.62000274658203,91.66999816894531,91.38999938964844,91.41999816894531,78.15505981445312,160800
2023-07-25,91.26000213623047,91.3499984741211,91.20999908447266,91.31999969482422,78.069580078125,176300
2023-07-26,91.47000122070312,91.5999984741211,91.3499984741211,91.5999984741211,78.3089599609375,1804900
2023-07-27,91.45999908447266,91.48999786376953,90.9800033569336,91.0,77.7959976196289,424000
2023-07-28,91.22000122070312,91.22000122070312,91.0,91.18000030517578,77.94985961914062,285000
2023-07-31,91.1500015258789,91.44000244140625,91.1500015258789,91.37000274658203,78.11231994628906,167000
2023-08-01,90.7300033569336,90.80000305175781,90.62999725341797,90.72000122070312,77.80357360839844,318800
2023-08-02,90.51000213623047,90.51000213623047,90.16000366210938,90.25,77.40048217773438,314400
2023-08-03,89.8499984741211,90.01000213623047,89.80999755859375,89.88999938964844,77.09174346923828,270000
2023-08-04,90.02999877929688,90.45999908447266,90.02999877929688,90.44000244140625,77.56340789794922,166700
2023-08-07,90.41999816894531,90.48999786376953,90.36000061035156,90.43000030517578,77.55485534667969,134800
2023-08-08,90.4800033569336,90.77999877929688,90.4800033569336,90.62000274658203,77.71780395507812,246600
2023-08-09,90.72000122070312,90.83999633789062,90.69000244140625,90.7300033569336,77.81214141845703,199100
2023-08-10,90.80000305175781,90.91999816894531,90.25,90.25,77.40048217773438,139300
2023-08-11,90.0199966430664,90.19999694824219,89.91999816894531,89.91999816894531,77.1174545288086,141300
2023-08-14,89.86000061035156,89.94000244140625,89.70999908447266,89.70999908447266,76.93736267089844,301700
2023-08-15,89.66999816894531,89.83999633789062,89.4800033569336,89.4800033569336,76.7401123046875,292700
2023-08-16,89.58000183105469,89.73999786376953,89.37000274658203,89.41000366210938,76.68008422851562,203600
2023-08-17,89.44999694824219,89.44999694824219,89.12999725341797,89.30000305175781,76.58573913574219,233000
2023-08-18,89.26000213623047,89.51000213623047,89.26000213623047,89.43000030517578,76.69722747802734,137300
2023-08-21,89.20999908447266,89.20999908447266,88.94999694824219,89.02999877929688,76.35417938232422,168100
2023-08-22,88.75,89.0999984741211,88.75,89.04000091552734,76.36276245117188,206400
2023-08-23,89.2699966430664,89.77999877929688,89.2699966430664,89.77999877929688,76.99739074707031,161800
2023-08-24,89.58000183105469,89.70999908447266,89.5199966430664,89.58000183105469,76.82588195800781,176800
2023-08-25,89.5999984741211,89.7300033569336,89.41000366210938,89.58000183105469,76.82588195800781,188300
2023-08-28,89.80000305175781,89.86000061035156,89.69999694824219,89.86000061035156,77.0660171508789,132300
2023-08-29,89.76000213623047,90.41999816894531,89.76000213623047,90.4000015258789,77.52913665771484,157200
2023-08-30,90.48999786376953,90.58999633789062,90.37999725341797,90.37999725341797,77.511962890625,335600
2023-08-31,90.51000213623047,90.63999938964844,90.47000122070312,90.56999969482422,77.67491912841797,189100
2023-09-01,90.27999877929688,90.27999877929688,89.7699966430664,89.77999877929688,77.2789535522461,208100
2023-09-05,89.69000244140625,89.69000244140625,89.30000305175781,89.30000305175781,76.86579895019531,109400
2023-09-06,89.43000030517578,89.43000030517578,89.13999938964844,89.16999816894531,76.75393676757812,233900
2023-09-07,89.33000183105469,89.3499984741211,89.2300033569336,89.3499984741211,76.90884399414062,253100
2023-09-08,89.62000274658203,89.63999938964844,89.41000366210938,89.44999694824219,76.99491882324219,181400
2023-09-11,89.3499984741211,89.44000244140625,89.31999969482422,89.38999938964844,76.94329071044922,125600
2023-09-12,89.41999816894531,89.47000122070312,89.36000061035156,89.44999694824219,76.99491882324219,102900
2023-09-13,89.29000091552734,89.69000244140625,89.29000091552734,89.66000366210938,77.1756820678711,296800
2023-09-14,89.75,89.76000213623047,89.55000305175781,89.62000274658203,77.1412582397461,137300
2023-09-15,89.55000305175781,89.55000305175781,89.31999969482422,89.37999725341797,76.93466186523438,142200
2023-09-18,89.25,89.45999908447266,89.25,89.41000366210938,76.96049499511719,141300
2023-09-19,89.22000122070312,89.43000030517578,89.05000305175781,89.05000305175781,76.65061950683594,148500
2023-09-20,89.2699966430664,89.37999725341797,89.04000091552734,89.08999633789062,76.68505859375,157700
2023-09-21,88.6500015258789,88.68000030517578,88.44000244140625,88.44000244140625,76.12556457519531,159500
2023-09-22,88.54000091552734,88.77999877929688,88.52999877929688,88.7300033569336,76.37518310546875,113900
2023-09-25,88.31999969482422,88.33000183105469,88.05000305175781,88.05000305175781,75.78987884521484,116100
2023-09-26,88.19000244140625,88.19999694824219,87.94000244140625,87.94999694824219,75.70378875732422,182400
2023-09-27,87.94999694824219,88.22000122070312,87.52999877929688,87.7300033569336,75.514404296875,500500
2023-09-28,87.54000091552734,87.97000122070312,87.43000030517578,87.97000122070312,75.72099304199219,148800
2023-09-29,88.20999908447266,88.29000091552734,87.83000183105469,87.9000015258789,75.6607666015625,313500
2023-10-02,87.25,87.29000091552734,87.0,87.08999633789062,75.254638671875,333200
2023-10-03,86.80999755859375,86.94999694824219,86.20999908447266,86.37999725341797,74.64109802246094,569100
2023-10-04,86.52999877929688,86.73999786376953,86.37000274658203,86.72000122070312,74.9349136352539,280200
2023-10-05,86.66999816894531,86.87999725341797,86.66999816894531,86.87000274658203,75.06453704833984,198000
2023-10-06,86.26000213623047,86.6500015258789,86.13999938964844,86.5,74.74481201171875,689400
2023-10-09,86.80000305175781,87.2699966430664,86.7300033569336,87.18000030517578,75.33238983154297,272700
2023-10-10,87.0,87.26000213623047,86.93000030517578,87.08999633789062,75.254638671875,248600
2023-10-11,87.4000015258789,87.47000122070312,87.2300033569336,87.41000366210938,75.5311279296875,283500
2023-10-12,87.36000061035156,87.41999816894531,86.83000183105469,86.83999633789062,75.03858184814453,262800
2023-10-13,87.11000061035156,87.27999877929688,86.97000122070312,87.11000061035156,75.27188110351562,167500
2023-10-16,86.87000274658203,87.0999984741211,86.69000244140625,86.81999969482422,75.02130889892578,688700
2023-10-17,86.19999694824219,86.31999969482422,86.06999969482422,86.1500015258789,74.4423599243164,301000
2023-10-18,85.87999725341797,85.94000244140625,85.6500015258789,85.6500015258789,74.01029968261719,239200
2023-10-19,85.47000122070312,85.58999633789062,85.26000213623047,85.36000061035156,73.75972747802734,444700
2023-10-20,85.38999938964844,85.58999633789062,85.38999938964844,85.41999816894531,73.81155395507812,273300
2023-10-23,85.18000030517578,85.81999969482422,85.0999984741211,85.69000244140625,74.04486083984375,351900
2023-10-24,85.68000030517578,86.0199966430664,85.68000030517578,85.9800033569336,74.29548645019531,405700
2023-10-25,85.55000305175781,85.80999755859375,85.41999816894531,85.51000213623047,73.88932800292969,974900
2023-10-26,85.44999694824219,85.94999694824219,85.44999694824219,85.88999938964844,74.21771240234375,244600
2023-10-27,85.87000274658203,86.0,85.79000091552734,85.9800033569336,74.29548645019531,301000
2023-10-30,86.01000213623047,86.01000213623047,85.69999694824219,85.83999633789062,74.1744613647461,325800
2023-10-31,85.91999816894531,86.01000213623047,85.80999755859375,85.80999755859375,74.1485595703125,253800
2023-11-01,85.48999786376953,86.3499984741211,85.48999786376953,86.3499984741211,74.89447021484375,368200
2023-11-02,86.97000122070312,87.06999969482422,86.7699966430664,87.04000091552734,75.49293518066406,298500
2023-11-03,87.68000030517578,87.94000244140625,87.52999877929688,87.66000366210938,76.03070831298828,416200
2023-11-06,87.38999938964844,87.44999694824219,87.2300033569336,87.2699966430664,75.69243621826172,262700
2023-11-07,87.48999786376953,87.76000213623047,87.44000244140625,87.66999816894531,76.03936004638672,481500
2023-11-08,87.70999908447266,88.04000091552734,87.70999908447266,87.98999786376953,76.3169174194336,165000
2023-11-09,87.91999816894531,87.93000030517578,87.41999816894531,87.41999816894531,75.8225326538086,245300
2023-11-10,87.61000061035156,87.66000366210938,87.4000015258789,87.44000244140625,75.83985137939453,216900
2023-11-13,87.16999816894531,87.47000122070312,87.05999755859375,87.47000122070312,75.86588287353516,398200
2023-11-14,88.27999877929688,88.5199966430664,88.25,88.51000213623047,76.7679214477539,302400
2023-11-15,88.16000366210938,88.26000213623047,88.05000305175781,88.2300033569336,76.52507019042969,504300
2023-11-16,88.37000274658203,88.68000030517578,88.37000274658203,88.51000213623047,76.7679214477539,265000
2023-11-17,88.66999816894531,88.81999969482422,88.55000305175781,88.79000091552734,77.01078033447266,183300
2023-11-20,88.68000030517578,88.95999908447266,88.61000061035156,88.87000274658203,77.08016204833984,384000
2023-11-21,88.94000244140625,89.06999969482422,88.86000061035156,88.98999786376953,77.1842269897461,939800
2023-11-22,89.05000305175781,89.13999938964844,88.88999938964844,88.98999786376953,77.1842269897461,797600
2023-11-24,88.94999694824219,88.94999694824219,88.69999694824219,88.69999694824219,76.93270111083984,139200
2023-11-27,88.8499984741211,89.05999755859375,88.7699966430664,89.04000091552734,77.22763061523438,584800
2023-11-28,89.01000213623047,89.48999786376953,89.01000213623047,89.47000122070312,77.60057830810547,434700
2023-11-29,89.72000122070312,89.94000244140625,89.69999694824219,89.69999694824219,77.80005645751953,597300
2023-11-30,89.75,89.80000305175781,89.5999984741211,89.68000030517578,77.78270721435547,218500
2023-12-01,89.26000213623047,90.05999755859375,89.26000213623047,90.04000091552734,78.3790054321289,346800
2023-12-04,89.75,89.98999786376953,89.69999694824219,89.7300033569336,78.10913848876953,417700
2023-12-05,90.12999725341797,90.33999633789062,90.08999633789062,90.22000122070312,78.53568267822266,394200
2023-12-06,90.62999725341797,90.75,90.41000366210938,90.5999984741211,78.866455078125,328300
2023-12-07,90.52999877929688,90.83000183105469,90.4800033569336,90.72000122070312,78.97093963623047,330900
2023-12-08,90.2699966430664,90.4000015258789,90.16999816894531,90.4000015258789,78.69237518310547,586500
2023-12-11,90.26000213623047,90.26000213623047,90.0,90.23999786376953,78.5531005859375,772000
2023-12-12,90.4000015258789,90.58000183105469,90.2300033569336,90.5199966430664,78.79683685302734,407700
2023-12-13,90.72000122070312,91.58000183105469,90.66000366210938,91.58000183105469,79.71954345703125,552800
2023-12-14,92.05000305175781,92.37000274658203,92.02999877929688,92.25,80.30278015136719,408100
2023-12-15,92.30000305175781,92.31999969482422,92.08999633789062,92.18000030517578,80.24182891845703,379200
2023-12-18,92.02999877929688,92.08000183105469,91.94000244140625,92.02999877929688,80.11127471923828,228000
2023-12-19,92.20999908447266,92.27999877929688,92.12000274658203,92.1500015258789,80.21573638916016,399700
2023-12-20,92.0,92.44999694824219,92.0,92.44999694824219,80.47689056396484,311200
2023-12-21,92.56999969482422,92.63999938964844,92.41999816894531,92.5,80.52040100097656,296400
2023-12-22,92.61000061035156,92.69999694824219,92.41000366210938,92.51000213623047,80.52910614013672,459700
2023-12-26,92.48999786376953,92.69000244140625,92.45999908447266,92.66000366210938,80.65966796875,242500
2023-12-27,92.83999633789062,93.18000030517578,92.7699966430664,93.18000030517578,81.11231994628906,274400
2023-12-28,92.70999908447266,92.81999969482422,92.54000091552734,92.66000366210938,80.95508575439453,288800
2023-12-29,92.38999938964844,92.61000061035156,92.38999938964844,92.44999694824219,80.7716064453125,215900
2024-01-02,92.13999938964844,92.23999786376953,91.93000030517578,91.94000244140625,80.32601928710938,576000
2024-01-03,91.86000061035156,92.23999786376953,91.6500015258789,92.20999908447266,80.56192779541016,403900
2024-01-04,91.79000091552734,91.88999938964844,91.69000244140625,91.69000244140625,80.10762023925781,570600
2024-01-05,91.45999908447266,91.9800033569336,91.37999725341797,91.51000213623047,79.95036315917969,285500
2024-01-08,91.66999816894531,91.9800033569336,91.5999984741211,91.87999725341797,80.27361297607422,342900
2024-01-09,91.7699966430664,91.9000015258789,91.73999786376953,91.86000061035156,80.25614166259766,240300
2024-01-10,92.0199966430664,92.04000091552734,91.75,91.77999877929688,80.18624114990234,176500
2024-01-11,91.7300033569336,92.20999908447266,91.7300033569336,92.16999816894531,80.5269546508789,213300
2024-01-12,92.33999633789062,92.52999877929688,92.33000183105469,92.45999908447266,80.78032684326172,234700
2024-01-16,92.08999633789062,92.2300033569336,91.80000305175781,91.81999969482422,80.22119140625,262600
2024-01-17,91.5999984741211,91.94000244140625,91.45999908447266,91.55999755859375,79.99404907226562,332300
2024-01-18,91.58000183105469,91.58000183105469,91.37000274658203,91.47000122070312,79.9154052734375,245200
2024-01-19,91.30999755859375,91.48999786376953,91.2300033569336,91.48999786376953,79.93284606933594,198200
2024-01-22,91.68000030517578,91.81999969482422,91.62000274658203,91.68000030517578,80.09886169433594,769300
2024-01-23,91.5199966430664,91.55000305175781,91.4000015258789,91.54000091552734,79.97657012939453,171600
2024-01-24,91.76000213623047,91.7699966430664,91.29000091552734,91.30000305175781,79.76688385009766,186700
2024-01-25,91.5199966430664,91.7300033569336,91.4800033569336,91.7300033569336,80.14257049560547,190600
2024-01-26,91.7300033569336,91.7300033569336,91.55000305175781,91.68000030517578,80.09886169433594,159300
2024-01-29,92.0999984741211,92.0999984741211,91.80000305175781,92.0,80.37844848632812,302400
2024-01-30,92.0999984741211,92.16999816894531,91.83000183105469,92.16999816894531,80.5269546508789,218000
2024-01-31,92.4000015258789,92.66000366210938,92.33000183105469,92.41999816894531,80.7453842163086,257100
2024-02-01,92.48999786376953,92.80000305175781,92.44999694824219,92.66999816894531,81.26715087890625,287100
2024-02-02,92.0,92.05000305175781,91.76000213623047,91.97000122070312,80.6532974243164,645000
2024-02-05,91.44999694824219,91.47000122070312,91.19000244140625,91.2699966430664,80.03943634033203,353900
2024-02-06,91.31999969482422,91.66999816894531,91.30999755859375,91.62000274658203,80.34638214111328,274500
2024-02-07,91.5,91.76000213623047,91.5,91.58000183105469,80.3113021850586,319600
2024-02-08,91.38999938964844,91.54000091552734,91.26000213623047,91.3499984741211,80.10961151123047,288800
2024-02-09,91.25,91.30000305175781,91.18000030517578,91.22000122070312,79.99560546875,219300
2024-02-12,91.33999633789062,91.44000244140625,91.2300033569336,91.41999816894531,80.1709976196289,331900
2024-02-13,90.97000122070312,90.97000122070312,90.56999969482422,90.62999725341797,79.47817993164062,217400
2024-02-14,90.55000305175781,90.94000244140625,90.55000305175781,90.79000091552734,79.61851501464844,342500
2024-02-15,91.05000305175781,91.20999908447266,90.94000244140625,91.16000366210938,79.94298553466797,233100
2024-02-16,90.66000366210938,90.88999938964844,90.6500015258789,90.83000183105469,79.65357971191406,250100
2024-02-20,91.05000305175781,91.05000305175781,90.88999938964844,90.93000030517578,79.74129486083984,230800
2024-02-21,91.0,91.01000213623047,90.68000030517578,90.68000030517578,79.52204895019531,199100
2024-02-22,90.69999694824219,90.80999755859375,90.63999938964844,90.72000122070312,79.55712890625,227500
2024-02-23,90.76000213623047,91.18000030517578,90.76000213623047,91.1500015258789,79.93421936035156,147700
2024-02-26,91.12000274658203,91.1500015258789,90.83999633789062,91.0,79.80268859863281,188300
2024-02-27,90.93000030517578,91.02999877929688,90.5999984741211,90.5999984741211,79.45188903808594,821800
2024-02-28,90.87999725341797,91.0199966430664,90.7699966430664,91.0199966430664,79.82020568847656,154400
2024-02-29,91.13999938964844,91.27999877929688,91.0999984741211,91.18000030517578,79.96051788330078,168500
2024-03-01,90.73999786376953,91.18000030517578,90.62000274658203,91.18000030517578,80.27748107910156,207200
2024-03-04,91.18000030517578,91.18000030517578,90.88999938964844,91.0,80.1189956665039,246300
2024-03-05,91.2300033569336,91.51000213623047,91.22000122070312,91.38999938964844,80.46235656738281,219300
2024-03-06,91.5999984741211,91.7300033569336,91.4800033569336,91.56999969482422,80.62084197998047,230500
2024-03-07,91.77999877929688,91.81999969482422,91.58000183105469,91.81999969482422,80.8409423828125,193000
2024-03-08,91.93000030517578,91.97000122070312,91.80000305175781,91.94000244140625,80.94659423828125,221300
2024-03-11,91.93000030517578,91.9800033569336,91.73999786376953,91.80999755859375,80.83213806152344,273700
2024-03-12,91.68000030517578,91.69000244140625,91.48999786376953,91.58000183105469,80.62965393066406,237700
2024-03-13,91.54000091552734,91.6500015258789,91.47000122070312,91.4800033569336,80.5416030883789,187800
2024-03-14,91.23999786376953,91.25,90.94999694824219,90.94999694824219,80.07498168945312,203600
2024-03-15,91.01000213623047,91.01000213623047,90.83000183105469,90.91999816894531,80.0485610961914,242300
2024-03-18,90.93000030517578,90.9800033569336,90.7699966430664,90.86000061035156,79.9957275390625,180000
2024-03-19,91.0,91.11000061035156,90.94000244140625,91.06999969482422,80.18063354492188,170600
2024-03-20,91.11000061035156,91.38999938964844,91.08000183105469,91.31999969482422,80.4007339477539,315200
2024-03-21,91.44999694824219,91.48999786376953,91.26000213623047,91.37999725341797,80.45356750488281,196700
2024-03-22,91.72000122070312,91.72000122070312,91.55000305175781,91.63999938964844,80.6824722290039,281700
2024-03-25,91.58999633789062,91.63999938964844,91.55999755859375,91.56999969482422,80.62084197998047,281700
2024-03-26,91.47000122070312,91.80000305175781,91.47000122070312,91.7699966430664,80.79692840576172,290000
2024-03-27,91.66999816894531,91.94000244140625,91.66999816894531,91.93000030517578,80.93780517578125,296700
2024-03-28,91.80000305175781,91.93000030517578,91.70999908447266,91.86000061035156,80.87616729736328,238300
2024-04-01,91.0999984741211,91.13999938964844,90.77999877929688,90.83000183105469,80.29273223876953,298300
2024-04-02,90.44000244140625,90.7300033569336,90.4000015258789,90.66000366210938,80.14244842529297,206600
2024-04-03,90.41999816894531,90.7699966430664,90.37000274658203,90.70999908447266,80.18665313720703,314700
2024-04-04,91.01000213623047,91.0199966430664,90.79000091552734,90.97000122070312,80.41648864746094,193900
2024-04-05,90.62000274658203,90.83999633789062,90.4800033569336,90.4800033569336,79.98335266113281,138800
2024-04-08,90.45999908447266,90.62999725341797,90.4000015258789,90.54000091552734,80.03638458251953,181500
2024-04-09,90.80999755859375,90.87000274658203,90.69000244140625,90.87000274658203,80.32809448242188,146200
2024-04-10,90.30000305175781,90.30000305175781,89.70999908447266,89.70999908447266,79.30267333984375,176600
2024-04-11,89.95999908447266,89.95999908447266,89.5199966430664,89.68000030517578,79.2761459350586,202300
2024-04-12,89.5199966430664,89.9800033569336,89.5199966430664,89.75,79.3380126953125,304800
2024-04-15,89.45999908447266,89.4800033569336,89.12999725341797,89.27999877929688,78.92256164550781,142400
2024-04-16,88.94000244140625,89.18000030517578,88.9000015258789,89.04000091552734,78.71040344238281,285100
2024-04-17,89.27999877929688,89.55000305175781,89.16999816894531,89.52999877929688,79.14354705810547,158500
2024-04-18,89.48999786376953,89.48999786376953,89.19999694824219,89.30999755859375,78.94906616210938,161100
2024-04-19,89.25,89.44000244140625,89.25,89.43000030517578,79.05517578125,155000
2024-04-22,89.25,89.5199966430664,89.25,89.44999694824219,79.07282257080078,154500
2024-04-23,89.30999755859375,89.75,89.30000305175781,89.55999755859375,79.17005920410156,550900
2024-04-24,89.37000274658203,89.44000244140625,89.2300033569336,89.41999816894531,79.04629516601562,179900
2024-04-25,89.02999877929688,89.13999938964844,88.87999725341797,89.08000183105469,78.74573516845703,262900
2024-04-26,89.27999877929688,89.38999938964844,89.12000274658203,89.12000274658203,78.7811279296875,265000
2024-04-29,89.55000305175781,89.58999633789062,89.41999816894531,89.47000122070312,79.09049224853516,177300
2024-04-30,89.33999633789062,89.38999938964844,89.1500015258789,89.18000030517578,78.83414459228516,231500
2024-05-01,89.12000274658203,89.44999694824219,88.91000366210938,89.22000122070312,79.2025375366211,383200
2024-05-02,89.22000122070312,89.61000061035156,89.1500015258789,89.58999633789062,79.53102111816406,288000
2024-05-03,90.16999816894531,90.19999694824219,89.80000305175781,90.0199966430664,79.91272735595703,565200
2024-05-06,90.19999694824219,90.36000061035156,90.08999633789062,90.30000305175781,80.16129302978516,300900
2024-05-07,90.43000030517578,90.62999725341797,90.38999938964844,90.4800033569336,80.32107543945312,275000
2024-05-08,90.20999908447266,90.3499984741211,90.19999694824219,90.30999755859375,80.17017364501953,235700
2024-05-09,90.0999984741211,90.52999877929688,90.0999984741211,90.5,80.33883666992188,335800
2024-05-10,90.30999755859375,90.31999969482422,90.08000183105469,90.12999725341797,80.01039123535156,248300
2024-05-13,90.44000244140625,90.44000244140625,90.25,90.4000015258789,80.25007629394531,249700
2024-05-14,90.41999816894531,90.6500015258789,90.41000366210938,90.61000061035156,80.43649291992188,359700
2024-05-15,91.05000305175781,91.26000213623047,90.95999908447266,91.20999908447266,80.9691162109375,261400
2024-05-16,91.29000091552734,91.36000061035156,91.08999633789062,91.13999938964844,80.906982421875,362200
2024-05-17,90.87999725341797,91.0199966430664,90.83000183105469,90.87000274658203,80.66729736328125,220200
2024-05-20,90.7300033569336,90.73999786376953,90.62999725341797,90.62999725341797,80.4542465209961,135500
2024-05-21,90.88999938964844,90.91000366210938,90.69000244140625,90.7300033569336,80.5429916381836,215300
2024-05-22,90.68000030517578,90.80000305175781,90.62000274658203,90.69999694824219,80.51638793945312,222900
2024-05-23,90.70999908447266,90.70999908447266,90.26000213623047,90.37999725341797,80.23231506347656,173500
2024-05-24,90.4000015258789,90.54000091552734,90.36000061035156,90.54000091552734,80.37435150146484,136600
2024-05-28,90.68000030517578,90.68000030517578,90.1500015258789,90.19999694824219,80.07251739501953,131100
2024-05-29,89.87999725341797,89.91999816894531,89.6500015258789,89.8499984741211,79.76182556152344,264000
2024-05-30,90.02999877929688,90.25,90.01000213623047,90.2300033569336,80.09915161132812,142100
2024-05-31,90.41999816894531,90.56999969482422,90.38999938964844,90.51000213623047,80.34770965576172,116600
2024-06-03,90.30999755859375,90.69999694824219,90.0999984741211,90.66999816894531,80.82911682128906,203100
2024-06-04,90.80000305175781,91.0,90.75,90.94000244140625,81.06980895996094,242800
2024-06-05,91.08000183105469,91.20999908447266,90.86000061035156,91.20999908447266,81.31050109863281,177100
2024-06-06,91.0999984741211,91.31999969482422,91.0999984741211,91.31999969482422,81.40853118896484,183100
2024-06-07,90.66999816894531,90.69999694824219,90.5,90.5,80.67755889892578,216100
2024-06-10,90.44000244140625,90.47000122070312,90.30000305175781,90.47000122070312,80.65081787109375,110800
2024-06-11,90.5,90.81999969482422,90.44999694824219,90.80999755859375,80.95388793945312,253300
2024-06-12,91.44000244140625,91.5999984741211,91.13999938964844,91.13999938964844,81.24809265136719,255000
2024-06-13,91.56999969482422,91.72000122070312,91.4000015258789,91.63999938964844,81.69383239746094,139000
2024-06-14,91.70999908447266,91.77999877929688,91.61000061035156,91.6500015258789,81.70272827148438,276700
2024-06-17,91.43000030517578,91.5,91.29000091552734,91.5,81.56902313232422,152400
2024-06-18,91.44000244140625,91.80999755859375,91.44000244140625,91.73999786376953,81.782958984375,299900
2024-06-20,91.22000122070312,91.61000061035156,91.1500015258789,91.61000061035156,81.6671142578125,186200
2024-06-21,91.69999694824219,91.73999786376953,91.45999908447266,91.58999633789062,81.64924621582031,191100
2024-06-24,91.58999633789062,91.69000244140625,91.55999755859375,91.58000183105469,81.64034271240234,263100
2024-06-25,91.58000183105469,91.68000030517578,91.52999877929688,91.68000030517578,81.72950744628906,103600
2024-06-26,91.33999633789062,91.37000274658203,91.23999786376953,91.30000305175781,81.39073944091797,117600
2024-06-27,91.41000366210938,91.5199966430664,91.38999938964844,91.44000244140625,81.51554870605469,158900
2024-06-28,91.63999938964844,91.66999816894531,91.0,91.08000183105469,81.19459533691406,198500
2024-07-01,90.29000091552734,90.41999816894531,90.01000213623047,90.01000213623047,80.56803131103516,207300
2024-07-02,90.44000244140625,90.52999877929688,90.33999633789062,90.52999877929688,81.03350067138672,200700
2024-07-03,90.69000244140625,91.0199966430664,90.6500015258789,90.97000122070312,81.42733001708984,128000
2024-07-05,91.23999786376953,91.41999816894531,91.13999938964844,91.4000015258789,81.81222534179688,152200
2024-07-08,91.4000015258789,91.4800033569336,91.29000091552734,91.4800033569336,81.88382720947266,184100
2024-07-09,91.33999633789062,91.41000366210938,91.16000366210938,91.41000366210938,81.82118225097656,206000
2024-07-10,91.41000366210938,91.51000213623047,91.30999755859375,91.4800033569336,81.88382720947266,190900
2024-07-11,91.83999633789062,92.05000305175781,91.83999633789062,91.91999816894531,82.27766418457031,239600
2024-07-12,91.88999938964844,92.12000274658203,91.88999938964844,92.12000274658203,82.45670318603516,193000
2024-07-15,91.9800033569336,92.06999969482422,91.87000274658203,92.0,82.34929656982422,184300
2024-07-16,92.04000091552734,92.23999786376953,91.94999694824219,92.2300033569336,82.55517578125,165200
2024-07-17,92.04000091552734,92.33000183105469,92.0,92.2699966430664,82.5909652709961,252000
2024-07-18,92.13999938964844,92.27999877929688,92.04000091552734,92.08999633789062,82.42984008789062,190800
2024-07-19,91.83000183105469,91.91999816894531,91.81999969482422,91.86000061035156,82.22398376464844,86800
2024-07-22,91.87000274658203,92.0,91.69999694824219,91.83000183105469,82.1971206665039,428300
2024-07-23,91.86000061035156,91.9800033569336,91.75,91.75,82.1255111694336,252800
2024-07-24,91.95999908447266,92.05000305175781,91.63999938964844,91.72000122070312,82.0986557006836,136500
2024-07-25,91.76000213623047,91.9800033569336,91.70999908447266,91.83999633789062,82.2060775756836,139100
2024-07-26,92.06999969482422,92.1500015258789,92.0,92.1500015258789,82.48358154296875,171700
2024-07-29,92.37999725341797,92.37999725341797,92.22000122070312,92.30000305175781,82.61781311035156,193500
2024-07-30,92.37000274658203,92.45999908447266,92.2300033569336,92.38999938964844,82.6983871459961,323800
2024-07-31,92.62999725341797,92.87000274658203,92.5,92.83999633789062,83.10116577148438,308800
2024-08-01,92.72000122070312,92.98999786376953,92.72000122070312,92.87000274658203,83.47869110107422,506000
2024-08-02,93.5199966430664,93.86000061035156,93.45999908447266,93.8499984741211,84.35957336425781,436000
2024-08-05,94.23999786376953,94.33000183105469,93.52999877929688,93.68000030517578,84.20680236816406,368600
2024-08-06,93.56999969482422,93.62999725341797,93.11000061035156,93.25,83.82028198242188,389100
2024-08-07,93.11000061035156,93.19999694824219,93.0,93.19000244140625,83.76632690429688,645000
2024-08-08,92.81999969482422,92.94000244140625,92.77999877929688,92.91000366210938,83.51465606689453,469400
2024-08-09,93.22000122070312,93.26000213623047,93.08000183105469,93.12999725341797,83.71240997314453,219100
2024-08-12,93.12999725341797,93.3499984741211,93.0,93.30000305175781,83.865234375,191100
2024-08-13,93.55000305175781,93.62000274658203,93.44999694824219,93.62000274658203,84.1528549194336,204900
2024-08-14,93.63999938964844,93.8499984741211,93.62000274658203,93.7300033569336,84.25171661376953,232800
2024-08-15,93.16999816894531,93.41000366210938,93.16999816894531,93.3499984741211,83.91014862060547,212600
2024-08-16,93.58000183105469,93.62999725341797,93.38999938964844,93.62999725341797,84.1618423461914,165200
2024-08-19,93.62999725341797,93.81999969482422,93.56999969482422,93.6500015258789,84.17981719970703,165600
2024-08-20,93.88999938964844,94.0199966430664,93.7699966430664,94.01000213623047,84.50340270996094,218700
2024-08-21,94.02999877929688,94.30000305175781,93.93000030517578,94.12999725341797,84.61127471923828,280400
2024-08-22,94.01000213623047,94.08999633789062,93.72000122070312,93.83000183105469,84.34162902832031,230500
2024-08-23,93.91000366210938,94.27999877929688,93.88999938964844,94.26000213623047,84.72811889648438,334400
2024-08-26,94.37999725341797,94.37999725341797,94.13999938964844,94.20999908447266,84.68319702148438,178400
2024-08-27,94.01000213623047,94.22000122070312,93.91000366210938,94.16999816894531,84.64723205566406,208000
2024-08-28,94.18000030517578,94.20999908447266,94.0199966430664,94.06999969482422,84.55736541748047,169400
2024-08-29,94.0,94.0,93.83000183105469,93.97000122070312,84.46747589111328,210200
2024-08-30,93.91000366210938,94.0999984741211,93.6500015258789,93.7300033569336,84.25171661376953,221900
2024-09-03,93.69999694824219,93.87000274658203,93.66000366210938,93.79000091552734,84.65792083740234,279100
2024-09-04,93.87999725341797,94.2699966430664,93.87999725341797,94.19999694824219,85.0279769897461,325200
2024-09-05,94.3499984741211,94.5,94.12999725341797,94.41999816894531,85.2265625,238800
2024-09-06,94.44000244140625,94.83999633789062,94.27999877929688,94.43000030517578,85.235595703125,267900
2024-09-09,94.45999908447266,94.70999908447266,94.33999633789062,94.66999816894531,85.45221710205078,319000
2024-09-10,94.62999725341797,94.97000122070312,94.56999969482422,94.95999908447266,85.7140121459961,195300
2024-09-11,94.87000274658203,95.05000305175781,94.73999786376953,94.9000015258789,85.65982818603516,183900
2024-09-12,94.83000183105469,94.8499984741211,94.66999816894531,94.79000091552734,85.56057739257812,411200
2024-09-13,95.0,95.08999633789062,94.81999969482422,95.05000305175781,85.79524230957031,293700
2024-09-16,95.0999984741211,95.31999969482422,95.01000213623047,95.31999969482422,86.03893280029297,299100
2024-09-17,95.25,95.27999877929688,95.08000183105469,95.12999725341797,85.86744689941406,384300
2024-09-18,94.95999908447266,95.19000244140625,94.79000091552734,94.83000183105469,85.59666442871094,270500
2024-09-19,94.72000122070312,94.87000274658203,94.51000213623047,94.51000213623047,85.30781555175781,291300
2024-09-20,94.79000091552734,94.91999816894531,94.63999938964844,94.83000183105469,85.59666442871094,242500
2024-09-23,94.69000244140625,94.87999725341797,94.5,94.83999633789062,85.60568237304688,240500
2024-09-24,94.61000061035156,94.94000244140625,94.54000091552734,94.87000274658203,85.63276672363281,305100
2024-09-25,94.75,94.7699966430664,94.55000305175781,94.58999633789062,85.38004302978516,243700
2024-09-26,94.6500015258789,94.68000030517578,94.41000366210938,94.62000274658203,85.40708923339844,231100
2024-09-27,94.73999786376953,94.93000030517578,94.72000122070312,94.87999725341797,85.64180755615234,270100
2024-09-30,94.80000305175781,94.83999633789062,94.55000305175781,94.61000061035156,85.3980712890625,311000
2024-10-01,94.5999984741211,94.70999908447266,94.41000366210938,94.5,85.65185546875,231800
2024-10-02,94.20999908447266,94.43000030517578,94.1500015258789,94.38999938964844,85.55216217041016,279700
2024-10-03,94.20999908447266,94.25,94.02999877929688,94.08000183105469,85.27118682861328,285300
2024-10-04,93.37000274658203,93.58999633789062,93.36000061035156,93.44000244140625,84.69110870361328,205500
2024-10-07,93.11000061035156,93.27999877929688,93.08999633789062,93.12000274658203,84.40106964111328,256800
2024-10-08,93.05000305175781,93.2699966430664,92.9800033569336,93.23999786376953,84.50982666015625,246800
2024-10-09,93.22000122070312,93.22000122070312,92.9800033569336,93.0999984741211,84.38294982910156,403400
2024-10-10,93.05000305175781,93.06999969482422,92.80999755859375,93.05000305175781,84.33763885498047,275600
2024-10-11,92.98999786376953,93.1500015258789,92.94000244140625,93.04000091552734,84.32855987548828,322000
2024-10-14,92.83999633789062,92.9800033569336,92.66999816894531,92.9800033569336,84.27415466308594,207300
2024-10-15,93.25,93.33000183105469,93.16999816894531,93.31999969482422,84.58235931396484,281300
2024-10-16,93.37000274658203,93.44000244140625,93.30000305175781,93.36000061035156,84.61859893798828,204400
2024-10-17,93.18000030517578,93.19999694824219,92.91000366210938,92.95999908447266,84.25605773925781,179100
2024-10-18,93.08000183105469,93.13999938964844,93.0,93.04000091552734,84.32855987548828,215500
2024-10-21,92.76000213623047,92.80999755859375,92.41999816894531,92.41999816894531,83.76661682128906,233500
2024-10-22,92.55000305175781,92.58999633789062,92.25,92.41000366210938,83.7575454711914,291500
2024-10-23,92.04000091552734,92.26000213623047,92.0199966430664,92.16999816894531,83.5400390625,193000
2024-10-24,92.1500015258789,92.45999908447266,92.11000061035156,92.30000305175781,83.6578369140625,181500
2024-10-25,92.4800033569336,92.4800033569336,92.05000305175781,92.0999984741211,83.47657775878906,197300
2024-10-28,92.11000061035156,92.1500015258789,91.81999969482422,91.97000122070312,83.35875701904297,244800
2024-10-29,91.61000061035156,92.0199966430664,91.55999755859375,92.0,83.38594055175781,298000
2024-10-30,92.22000122070312,92.37999725341797,91.94999694824219,91.95999908447266,83.34968566894531,421600
2024-10-31,91.80000305175781,92.06999969482422,91.62000274658203,91.91999816894531,83.31341552734375,301000
2024-11-01,91.69000244140625,91.7300033569336,91.11000061035156,91.16999816894531,82.98574829101562,576800
2024-11-04,91.6500015258789,91.75,91.41000366210938,91.44000244140625,83.23151397705078,471500
2024-11-05,91.44000244140625,91.69000244140625,91.27999877929688,91.62000274658203,83.39534759521484,543100
2024-11-06,90.80000305175781,91.2300033569336,90.62000274658203,91.0,82.83101654052734,392300
2024-11-07,91.4000015258789,91.80000305175781,91.37999725341797,91.70999908447266,83.4772720336914,786500
2024-11-08,91.93000030517578,92.12000274658203,91.76000213623047,91.87999725341797,83.63201904296875,330700
2024-11-11,91.79000091552734,91.88999938964844,91.55999755859375,91.69999694824219,83.46817016601562,257400
2024-11-12,91.47000122070312,91.66999816894531,91.16999816894531,91.23999786376953,83.04948425292969,346000
2024-11-13,91.62999725341797,91.70999908447266,91.11000061035156,91.22000122070312,83.03125,270600
2024-11-14,91.44999694824219,91.55000305175781,91.11000061035156,91.16000366210938,82.97663879394531,245400
2024-11-15,90.9800033569336,91.41999816894531,90.80999755859375,91.12000274658203,82.94023895263672,272000
2024-11-18,91.0199966430664,91.38999938964844,90.97000122070312,91.31999969482422,83.1222915649414,221900
2024-11-19,91.45999908447266,91.5999984741211,91.3499984741211,91.38999938964844,83.18601989746094,229000
2024-11-20,91.30000305175781,91.52999877929688,91.2699966430664,91.43000030517578,83.222412109375,247500
2024-11-21,91.4800033569336,91.55000305175781,91.25,91.37999725341797,83.17688751220703,242900
2024-11-22,91.43000030517578,91.55000305175781,91.27999877929688,91.47000122070312,83.25880432128906,223400
2024-11-25,92.12999725341797,92.3499984741211,92.08999633789062,92.30000305175781,84.0143051147461,370000
2024-11-26,92.13999938964844,92.19000244140625,91.94999694824219,92.12000274658203,83.85045623779297,265300
2024-11-27,92.4800033569336,92.55000305175781,92.30000305175781,92.45999908447266,84.15994262695312,147800
2024-11-29,92.70999908447266,92.7699966430664,92.61000061035156,92.76000213623047,84.4330062866211,203800
2024-12-02,92.19999694824219,92.5199966430664,92.06999969482422,92.41000366210938,84.4695816040039,188700
2024-12-03,92.44999694824219,92.55999755859375,92.20999908447266,92.2300033569336,84.30508422851562,234500
2024-12-04,92.08000183105469,92.5999984741211,92.04000091552734,92.52999877929688,84.57928466796875,281900
2024-12-05,92.43000030517578,92.69999694824219,92.3499984741211,92.62999725341797,84.6706771850586,190900
2024-12-06,92.91000366210938,92.93000030517578,92.68000030517578,92.91000366210938,84.9266128540039,187400
2024-12-09,92.70999908447266,92.80000305175781,92.55999755859375,92.5999984741211,84.64325714111328,189200
2024-12-10,92.44000244140625,92.52999877929688,92.33999633789062,92.45999908447266,84.51528930664062,409100
2024-12-11,92.56999969482422,92.66999816894531,92.23999786376953,92.23999786376953,84.31416320800781,275900
2024-12-12,92.12999725341797,92.16999816894531,91.83000183105469,91.88999938964844,83.9942626953125,296700
2024-12-13,91.8499984741211,91.86000061035156,91.4800033569336,91.54000091552734,83.67435455322266,163400
2024-12-16,91.58999633789062,91.66000366210938,91.45999908447266,91.55000305175781,83.68345642089844,208600
2024-12-17,91.5999984741211,91.66999816894531,91.4800033569336,91.5199966430664,83.65604400634766,344400
2024-12-18,91.58999633789062,91.66000366210938,90.72000122070312,90.87999725341797,83.07103729248047,252100
2024-12-19,90.6500015258789,90.68000030517578,90.4000015258789,90.58000183105469,82.79681396484375,360600
2024-12-20,91.0,91.19000244140625,90.81999969482422,90.87999725341797,83.07103729248047,285800
2024-12-23,90.86000061035156,90.88999938964844,90.38999938964844,90.48999786376953,82.71453094482422,276600
2024-12-24,90.30999755859375,90.62999725341797,90.30999755859375,90.55999755859375,82.7785415649414,135900
2024-12-26,90.33999633789062,90.66999816894531,90.30999755859375,90.58999633789062,82.80596160888672,289900
2024-12-27,90.69999694824219,90.75,90.37999725341797,90.41999816894531,82.65055847167969,492100
2024-12-30,90.8499984741211,90.98999786376953,90.76000213623047,90.91000366210938,83.09845733642578,504400
2024-12-31,90.63999938964844,90.69000244140625,90.27999877929688,90.41999816894531,83.00666046142578,332200
2025-01-02,90.66000366210938,90.69000244140625,90.30000305175781,90.45999908447266,83.04339599609375,294200
2025-01-03,90.55999755859375,90.62999725341797,90.30999755859375,90.3499984741211,82.9424057006836,417200
2025-01-06,90.22000122070312,90.33999633789062,90.11000061035156,90.25,82.8506088256836,212200
2025-01-07,90.12999725341797,90.23999786376953,89.80000305175781,89.9800033569336,82.6027603149414,327700
2025-01-08,89.79000091552734,90.06999969482422,89.76000213623047,89.95999908447266,82.58436584472656,239500
2025-01-10,89.51000213623047,89.69000244140625,89.31999969482422,89.36000061035156,82.03356170654297,292300
2025-01-13,89.33000183105469,89.38999938964844,89.16999816894531,89.2699966430664,81.95095825195312,298600
2025-01-14,89.29000091552734,89.36000061035156,89.19000244140625,89.29000091552734,81.96931457519531,429800
2025-01-15,90.11000061035156,90.25,90.01000213623047,90.19999694824219,82.80470275878906,277700
2025-01-16,90.11000061035156,90.55000305175781,90.02999877929688,90.41000366210938,82.99749755859375,577000
2025-01-17,90.45999908447266,90.55000305175781,90.31999969482422,90.3499984741211,82.9424057006836,278100
2025-01-21,90.6500015258789,90.73999786376953,90.56999969482422,90.73999786376953,83.30042266845703,361200
2025-01-22,90.66000366210938,90.7300033569336,90.43000030517578,90.55999755859375,83.13518524169922,216600
2025-01-23,90.23999786376953,90.44999694824219,90.23999786376953,90.38999938964844,82.97911834716797,249200
2025-01-24,90.29000091552734,90.62000274658203,90.27999877929688,90.5,83.0801010131836,272400
2025-01-27,90.94999694824219,91.08000183105469,90.83000183105469,91.05000305175781,83.58501434326172,410200
2025-01-28,90.77999877929688,91.08000183105469,90.77999877929688,91.06999969482422,83.6033706665039,308800
2025-01-29,91.08000183105469,91.16999816894531,90.80000305175781,91.04000091552734,83.57583618164062,275600
2025-01-30,91.13999938964844,91.31999969482422,91.0999984741211,91.12999725341797,83.658447265625,261000
2025-01-31,91.0999984741211,91.2699966430664,90.80000305175781,90.97000122070312,83.51158142089844,148300
2025-02-03,90.80999755859375,91.12000274658203,90.52999877929688,90.66999816894531,83.59455871582031,632300
2025-02-04,90.55999755859375,90.88999938964844,90.5,90.80999755859375,83.72361755371094,302700
2025-02-05,91.2300033569336,91.55999755859375,91.16000366210938,91.37999725341797,84.24915313720703,404000
2025-02-06,91.31999969482422,91.43000030517578,91.1500015258789,91.2699966430664,84.14772033691406,296400
2025-02-07,91.08999633789062,91.22000122070312,90.88999938964844,90.9800033569336,83.88037109375,283000
2025-02-10,91.12999725341797,91.2699966430664,90.9800033569336,91.02999877929688,83.92645263671875,300700
2025-02-11,90.87999725341797,90.9000015258789,90.76000213623047,90.77999877929688,83.69595336914062,377700
2025-02-12,90.33000183105469,90.4800033569336,90.12000274658203,90.33000183105469,83.28109741210938,515200
2025-02-13,90.80000305175781,91.16999816894531,90.77999877929688,91.02999877929688,83.92645263671875,591200
2025-02-14,91.37999725341797,91.55999755859375,91.30999755859375,91.36000061035156,84.23070526123047,1411100
2025-02-18,91.08999633789062,91.19000244140625,90.87999725341797,90.91999816894531,83.82503509521484,283800
2025-02-19,90.87999725341797,91.12999725341797,90.8499984741211,91.12000274658203,84.00942993164062,203400
2025-02-20,91.13999938964844,91.31999969482422,91.13999938964844,91.30000305175781,84.17539978027344,186400
2025-02-21,91.33999633789062,91.80999755859375,91.33999633789062,91.7300033569336,84.57182312011719,209800
2025-02-24,91.5999984741211,91.91999816894531,91.55000305175781,91.86000061035156,84.69168853759766,305600
2025-02-25,92.22000122070312,92.4800033569336,92.20999908447266,92.47000122070312,85.25408935546875,425100
2025-02-26,92.30999755859375,92.66000366210938,92.26000213623047,92.58999633789062,85.36473083496094,607900
2025-02-27,92.37000274658203,92.5199966430664,92.31999969482422,92.41000366210938,85.19876098632812,227800
2025-02-28,92.73999786376953,92.93000030517578,92.54000091552734,92.9000015258789,85.65052795410156,729800
2025-03-03,92.26000213623047,92.7699966430664,92.19999694824219,92.7300033569336,85.84495544433594,780500
2025-03-04,92.83999633789062,93.05999755859375,92.30999755859375,92.38999938964844,85.53018951416016,456400
2025-03-05,92.47000122070312,92.56999969482422,92.0,92.0199966430664,85.18765258789062,345900
2025-03-06,91.97000122070312,92.12999725341797,91.73999786376953,92.06999969482422,85.23393249511719,357800
2025-03-07,92.36000061035156,92.41999816894531,91.83000183105469,91.97000122070312,85.141357421875,243300
2025-03-10,92.33999633789062,92.62999725341797,92.30000305175781,92.43000030517578,85.56720733642578,484400
2025-03-11,92.31999969482422,92.5,91.91999816894531,92.02999877929688,85.19691467285156,340300
2025-03-12,91.86000061035156,91.95999908447266,91.73999786376953,91.80000305175781,84.9839859008789,1675600
2025-03-13,91.69999694824219,92.08999633789062,91.62999725341797,91.97000122070312,85.141357421875,434000
2025-03-14,91.94000244140625,91.94999694824219,91.7699966430664,91.80999755859375,84.99324798583984,183100
2025-03-17,92.0,92.20999908447266,91.88999938964844,91.94999694824219,85.12284088134766,282400
2025-03-18,91.87999725341797,92.19000244140625,91.83999633789062,92.08000183105469,85.24320983886719,238600
2025-03-19,91.9800033569336,92.37999725341797,91.79000091552734,92.2699966430664,85.41907501220703,964900
2025-03-20,92.73999786376953,92.75,92.4000015258789,92.4800033569336,85.61351013183594,269800
2025-03-21,92.54000091552734,92.58000183105469,92.31999969482422,92.37000274658203,85.51165771484375,166900
2025-03-24,92.13999938964844,92.13999938964844,91.81999969482422,91.86000061035156,85.03953552246094,205600
2025-03-25,91.93000030517578,92.13999938964844,91.91000366210938,92.04000091552734,85.20618438720703,163700
2025-03-26,91.9000015258789,91.91999816894531,91.73999786376953,91.83999633789062,85.0210189819336,215000
2025-03-27,91.66999816894531,91.77999877929688,91.62000274658203,91.69999694824219,84.89142608642578,199700
2025-03-28,92.08000183105469,92.37999725341797,92.08000183105469,92.3499984741211,85.49314880371094,474400
2025-03-31,92.58999633789062,92.62999725341797,92.23999786376953,92.47000122070312,85.60424041748047,315700
2025-04-01,92.31999969482422,92.5999984741211,92.30000305175781,92.37999725341797,85.87382507324219,238400
2025-04-02,92.68000030517578,92.68000030517578,92.05999755859375,92.25,85.75296783447266,258600
2025-04-03,92.94999694824219,93.23999786376953,92.80000305175781,92.93000030517578,86.38508605957031,603300
2025-04-04,93.4000015258789,93.47000122070312,92.62999725341797,92.69999694824219,86.17127990722656,797400
2025-04-07,92.37000274658203,92.47000122070312,91.22000122070312,91.36000061035156,84.92565155029297,838200
2025-04-08,91.12000274658203,91.5,90.6500015258789,90.66999816894531,84.28425598144531,438800
2025-04-09,89.9800033569336,90.79000091552734,89.26000213623047,90.73999786376953,84.34933471679688,739200
2025-04-10,90.72000122070312,90.95999908447266,89.94999694824219,90.06999969482422,83.72652435302734,498000
2025-04-11,89.37000274658203,90.08000183105469,88.94999694824219,89.87000274658203,83.54059600830078,1054300
2025-04-14,90.12999725341797,90.68000030517578,90.0999984741211,90.47000122070312,84.09835815429688,336100
2025-04-15,90.37999725341797,90.93000030517578,90.37999725341797,90.63999938964844,84.25636291503906,344800
2025-04-16,90.7699966430664,91.06999969482422,90.54000091552734,90.9000015258789,84.49803924560547,477200
2025-04-17,90.62999725341797,90.94000244140625,90.55000305175781,90.69999694824219,84.31212615966797,322100
2025-04-21,90.4000015258789,90.68000030517578,90.04000091552734,90.08000183105469,83.73578643798828,293000
2025-04-22,90.33000183105469,90.54000091552734,90.27999877929688,90.38999938964844,84.02397918701172,343200
2025-04-23,91.2699966430664,91.45999908447266,90.44999694824219,90.52999877929688,84.15412139892578,302300
2025-04-24,91.05999755859375,91.23999786376953,90.9000015258789,91.19999694824219,84.77693176269531,308800
2025-04-25,91.41000366210938,91.5199966430664,91.27999877929688,91.5199966430664,85.07438659667969,257100
2025-04-28,91.47000122070312,91.87000274658203,91.41000366210938,91.83999633789062,85.37186431884766,185500
2025-04-29,91.7300033569336,92.08999633789062,91.70999908447266,92.08999633789062,85.60423278808594,214900
2025-04-30,91.94999694824219,92.1500015258789,91.83000183105469,92.02999877929688,85.54845428466797,193400
2025-05-01,91.66999816894531,91.7699966430664,91.1500015258789,91.2699966430664,85.21235656738281,309200
2025-05-02,91.05000305175781,91.1500015258789,90.73999786376953,90.87000274658203,84.83892059326172,270300
2025-05-05,90.87999725341797,90.88999938964844,90.52999877929688,90.70999908447266,84.68952941894531,553900
2025-05-06,90.7300033569336,90.98999786376953,90.5199966430664,90.97000122070312,84.93226623535156,354500
2025-05-07,91.13999938964844,91.30000305175781,91.04000091552734,91.2300033569336,85.1750259399414,264500
2025-05-08,91.2699966430664,91.2699966430664,90.56999969482422,90.56999969482422,84.55883026123047,212200
2025-05-09,90.86000061035156,91.05999755859375,90.77999877929688,90.8499984741211,84.82024383544922,306200
2025-05-12,90.47000122070312,90.6500015258789,90.33999633789062,90.3499984741211,84.3534164428711,220500
2025-05-13,90.62999725341797,90.68000030517578,90.30000305175781,90.4000015258789,84.40011596679688,443200
2025-05-14,90.48999786376953,90.48999786376953,90.05999755859375,90.08999633789062,84.11068725585938,242000
2025-05-15,90.48999786376953,90.75,90.36000061035156,90.73999786376953,84.71753692626953,320000
2025-05-16,90.93000030517578,91.04000091552734,90.73999786376953,90.77999877929688,84.75489807128906,276700
2025-05-19,90.20999908447266,90.7300033569336,90.13999938964844,90.72000122070312,84.69886779785156,338800
2025-05-20,90.51000213623047,90.66000366210938,90.33000183105469,90.51000213623047,84.50279998779297,379400
2025-05-21,90.19000244140625,90.30000305175781,89.76000213623047,89.87999725341797,83.91460418701172,441800
2025-05-22,89.80999755859375,90.11000061035156,89.68000030517578,90.05000305175781,84.0733413696289,299100
2025-05-23,90.33999633789062,90.3499984741211,90.12000274658203,90.27999877929688,84.28807067871094,236100
2025-05-27,90.5,90.76000213623047,90.41000366210938,90.66000366210938,84.64283752441406,237100
2025-05-28,90.54000091552734,90.5999984741211,90.37000274658203,90.5,84.49346923828125,383700
2025-05-29,90.76000213623047,90.9000015258789,90.62000274658203,90.75,84.72687530517578,688100
2025-05-30,90.83999633789062,91.06999969482422,90.75,91.01000213623047,84.96964263916016,307600
2025-06-02,90.41000366210938,90.52999877929688,90.26000213623047,90.37000274658203,84.74458312988281,461000
2025-06-03,90.48999786376953,90.62999725341797,90.30000305175781,90.33999633789062,84.7164306640625,362000
2025-06-04,90.69999694824219,91.05999755859375,90.63999938964844,90.94999694824219,85.2884521484375,320900
2025-06-05,91.06999969482422,91.11000061035156,90.75,90.75,85.10089874267578,297800
2025-06-06,90.43000030517578,90.5,90.25,90.30999755859375,84.68829345703125,227100
2025-06-09,90.30000305175781,90.52999877929688,90.29000091552734,90.38999938964844,84.7633285522461,315000
2025-06-10,90.66000366210938,90.7300033569336,90.5,90.58999633789062,84.95087432861328,244800
2025-06-11,90.80000305175781,91.01000213623047,90.7300033569336,90.94999694824219,85.2884521484375,269100
2025-06-12,91.23999786376953,91.33999633789062,91.12000274658203,91.30999755859375,85.62605285644531,280600
2025-06-13,91.16000366210938,91.16000366210938,90.79000091552734,90.93000030517578,85.26969909667969,235900
2025-06-16,90.91999816894531,91.05000305175781,90.75,90.79000091552734,85.138427734375,255000
2025-06-17,90.9800033569336,91.12999725341797,90.87999725341797,91.05999755859375,85.3916015625,258000
2025-06-18,91.22000122070312,91.41000366210938,91.04000091552734,91.13999938964844,85.46664428710938,229800
2025-06-20,91.11000061035156,91.31999969482422,91.0,91.19999694824219,85.52288818359375,197700
2025-06-23,91.41999816894531,91.66000366210938,91.37000274658203,91.45999908447266,85.76670837402344,243600
2025-06-24,91.37999725341797,91.80999755859375,91.36000061035156,91.73999786376953,86.02928161621094,489900
2025-06-25,91.69000244140625,91.80000305175781,91.55000305175781,91.80000305175781,86.08554077148438,609300
2025-06-26,91.87000274658203,92.04000091552734,91.7300033569336,92.04000091552734,86.31060028076172,727400
2025-06-27,91.87999725341797,92.04000091552734,91.76000213623047,91.81999969482422,86.10428619384766,215800
2025-06-30,92.0199966430664,92.19999694824219,91.91999816894531,92.18000030517578,86.44188690185547,283700
2025-07-01,91.76000213623047,91.83000183105469,91.55000305175781,91.70999908447266,86.36654663085938,240600
2025-07-02,91.55000305175781,91.69000244140625,91.48999786376953,91.62999725341797,86.29122161865234,416300
2025-07-03,91.5,91.56999969482422,91.4000015258789,91.44999694824219,86.1216812133789,161000
2025-07-07,91.30999755859375,91.3499984741211,91.11000061035156,91.2300033569336,85.9145278930664,309400
2025-07-08,91.0,91.1500015258789,90.94999694824219,91.1500015258789,85.83917236328125,289400
2025-07-09,91.30000305175781,91.52999877929688,91.26000213623047,91.5,86.16878509521484,279000
2025-07-10,91.5199966430664,91.55999755859375,91.3499984741211,91.5,86.16878509521484,245400
2025-07-11,91.2300033569336,91.25,91.04000091552734,91.06999969482422,85.76383972167969,250900
2025-07-14,91.12999725341797,91.19000244140625,90.98999786376953,91.05999755859375,85.75440979003906,184500
2025-07-15,91.19999694824219,91.19999694824219,90.7699966430664,90.83000183105469,85.537841796875,295800
2025-07-16,90.97000122070312,91.05999755859375,90.75,91.01000213623047,85.70733642578125,242600
2025-07-17,90.98999786376953,91.13999938964844,90.93000030517578,90.95999908447266,85.66026306152344,175100
2025-07-18,91.18000030517578,91.26000213623047,91.12999725341797,91.19000244140625,85.87686157226562,244900
2025-07-21,91.55999755859375,91.63999938964844,91.44000244140625,91.44000244140625,86.11229705810547,216000
2025-07-22,91.54000091552734,91.72000122070312,91.52999877929688,91.6500015258789,86.31006622314453,197000
2025-07-23,91.51000213623047,91.56999969482422,91.43000030517578,91.4800033569336,86.14996337890625,182600
2025-07-24,91.20999908447266,91.44000244140625,91.18000030517578,91.36000061035156,86.03694915771484,302600
2025-07-25,91.41999816894531,91.56999969482422,91.30000305175781,91.55999755859375,86.22529602050781,218900
2025-07-28,91.44999694824219,91.4800033569336,91.37999725341797,91.47000122070312,86.14053344726562,174100
2025-07-29,91.58000183105469,91.94000244140625,91.5199966430664,91.94000244140625,86.5831527709961,278200
2025-07-30,91.69999694824219,91.9000015258789,91.61000061035156,91.66000366210938,86.3194808959961,189600
2025-07-31,91.7699966430664,91.91000366210938,91.63999938964844,91.70999908447266,86.36654663085938,453500
2025-08-01,91.86000061035156,92.12000274658203,91.77999877929688,92.05000305175781,87.0665054321289,330000
2025-08-04,92.18000030517578,92.27999877929688,92.05999755859375,92.23999786376953,87.2461929321289,203800
2025-08-05,92.19999694824219,92.31999969482422,92.11000061035156,92.26000213623047,87.2651138305664,325500
2025-08-06,92.16000366210938,92.26000213623047,91.87999725341797,92.22000122070312,87.22727966308594,401900
2025-08-07,92.31999969482422,92.33999633789062,92.12999725341797,92.20999908447266,87.21782684326172,247900
2025-08-08,92.12000274658203,92.12000274658203,91.97000122070312,92.01000213623047,87.02865600585938,200600
2025-08-11,92.05999755859375,92.16999816894531,92.02999877929688,92.08000183105469,87.09486389160156,165800
2025-08-12,91.94999694824219,92.04000091552734,91.8499984741211,92.02999877929688,87.04757690429688,186100
2025-08-13,92.30000305175781,92.44000244140625,92.2300033569336,92.4000015258789,87.39753723144531,317100
2025-08-14,92.30999755859375,92.30999755859375,92.08999633789062,92.13999938964844,87.15162658691406,186800
2025-08-15,92.05999755859375,92.13999938964844,91.91999816894531,91.98999786376953,87.0097427368164,226800
2025-08-18,91.95999908447266,92.0,91.79000091552734,91.91999816894531,86.94352722167969,226900
2025-08-19,92.0199966430664,92.05999755859375,91.95999908447266,92.02999877929688,87.04757690429688,278500
2025-08-20,92.05000305175781,92.16999816894531,91.98999786376953,92.0999984741211,87.11377716064453,201200
2025-08-21,92.05999755859375,92.05999755859375,91.80000305175781,91.97000122070312,86.99081420898438,221100
2025-08-22,92.12999725341797,92.4800033569336,92.06999969482422,92.41000366210938,87.40699768066406,253500
2025-08-25,92.3499984741211,92.38999938964844,92.22000122070312,92.31999969482422,87.32186889648438,207000
2025-08-26,92.37000274658203,92.48999786376953,92.2699966430664,92.44999694824219,87.44482421875,207500
2025-08-27,92.33999633789062,92.54000091552734,92.23999786376953,92.52999877929688,87.52050018310547,219500
2025-08-28,92.54000091552734,92.69000244140625,92.47000122070312,92.68000030517578,87.66239166259766,174100
2025-08-29,92.5199966430664,92.63999938964844,92.47000122070312,92.55000305175781,87.53943634033203,199700
2025-09-02,91.9000015258789,92.0,91.83999633789062,91.94000244140625,87.33992004394531,274000
2025-09-03,92.04000091552734,92.36000061035156,91.98999786376953,92.23999786376953,87.62491607666016,248500
2025-09-04,92.48999786376953,92.63999938964844,92.36000061035156,92.5999984741211,87.96691131591797,265100
2025-09-05,93.12999725341797,93.19999694824219,93.05000305175781,93.08999633789062,88.4323959350586,299200
2025-09-08,93.33999633789062,93.5,93.31999969482422,93.5,88.8218765258789,229000
2025-09-09,93.45999908447266,93.48999786376953,93.19000244140625,93.27999877929688,88.61288452148438,208500
2025-09-10,93.41999816894531,93.56999969482422,93.3499984741211,93.41999816894531,88.7458724975586,510900
2025-09-11,93.41999816894531,93.7699966430664,93.41999816894531,93.62999725341797,88.94536590576172,281400
2025-09-12,93.38999938964844,93.55999755859375,93.36000061035156,93.55000305175781,88.86937713623047,262000
2025-09-15,93.75,93.86000061035156,93.6500015258789,93.80999755859375,89.1163558959961,287200
2025-09-16,93.7699966430664,93.87999725341797,93.7300033569336,93.79000091552734,89.09736633300781,327100
2025-09-17,93.8499984741211,94.13999938964844,93.61000061035156,93.66999816894531,88.98338317871094,387800
2025-09-18,93.3499984741211,93.5199966430664,93.26000213623047,93.43000030517578,88.75537872314453,328400
2025-09-19,93.3499984741211,93.45999908447266,93.30999755859375,93.43000030517578,88.75537872314453,449600
2025-09-22,93.44999694824219,93.44999694824219,93.19999694824219,93.19999694824219,88.53687286376953,497700
2025-09-23,93.4000015258789,93.45999908447266,93.2300033569336,93.37999725341797,88.7078628540039,255000
2025-09-24,93.4000015258789,93.4000015258789,93.22000122070312,93.26000213623047,88.59387969970703,304900
2025-09-25,93.16999816894531,93.16999816894531,92.94999694824219,93.16999816894531,88.50838470458984,362000
2025-09-26,93.19000244140625,93.30999755859375,93.06999969482422,93.16999816894531,88.50838470458984,203800
2025-09-29,93.30000305175781,93.44000244140625,93.25,93.38999938964844,88.7173843383789,238000
2025-09-30,93.51000213623047,93.58999633789062,93.30999755859375,93.3499984741211,88.67938232421875,287800
2025-10-01,93.25,93.26000213623047,93.05000305175781,93.18000030517578,88.89881134033203,398700
2025-10-02,93.11000061035156,93.3499984741211,93.11000061035156,93.30999755859375,89.02283477783203,334200
2025-10-03,93.37000274658203,93.38999938964844,93.16999816894531,93.20999908447266,88.92745208740234,231100
2025-10-06,93.05000305175781,93.19999694824219,93.0,93.0,88.72708892822266,322600
2025-10-07,93.1500015258789,93.29000091552734,93.08000183105469,93.1500015258789,88.87020111083984,269800
2025-10-08,93.33000183105469,93.37999725341797,93.16999816894531,93.19999694824219,88.91789245605469,256600
2025-10-09,93.20999908447266,93.20999908447266,93.08000183105469,93.12000274658203,88.84156799316406,283200
2025-10-10,93.41999816894531,93.58999633789062,93.33000183105469,93.55000305175781,89.25181579589844,757500
2025-10-13,93.5,93.62999725341797,93.3499984741211,93.61000061035156,89.30904388427734,200700
2025-10-14,93.62000274658203,93.81999969482422,93.54000091552734,93.80000305175781,89.4903335571289,355800
2025-10-15,93.83000183105469,93.97000122070312,93.70999908447266,93.79000091552734,89.48078918457031,377000
2025-10-16,93.77999877929688,94.16000366210938,93.76000213623047,94.05999755859375,89.7383804321289,501800
2025-10-17,94.06999969482422,94.06999969482422,93.87999725341797,94.04000091552734,89.71931457519531,361600
2025-10-20,94.0999984741211,94.25,94.05000305175781,94.20999908447266,89.88147735595703,241000
2025-10-21,94.44000244140625,94.47000122070312,94.33000183105469,94.36000061035156,90.02459716796875,547400
2025-10-22,94.38999938964844,94.44999694824219,94.27999877929688,94.41000366210938,90.07231140136719,338600
2025-10-23,94.30999755859375,94.36000061035156,94.1500015258789,94.1500015258789,89.8242416381836,281500
2025-10-24,94.30999755859375,94.37000274658203,94.19999694824219,94.31999969482422,89.98643493652344,433400
2025-10-27,94.26000213623047,94.48999786376953,94.16999816894531,94.45999908447266,90.12000274658203,252800
2025-10-28,94.43000030517578,94.55999755859375,94.4000015258789,94.55000305175781,90.20587921142578,327800
2025-10-29,94.51000213623047,94.51000213623047,94.02999877929688,94.0999984741211,89.77653503417969,295300
2025-10-30,93.75,94.04000091552734,93.75,93.87000274658203,89.55712127685547,370500
2025-10-31,93.94999694824219,94.02999877929688,93.81999969482422,93.87999725341797,89.566650390625,541800
2025-11-03,93.38999938964844,93.41999816894531,93.2300033569336,93.3499984741211,89.46122741699219,290200
2025-11-04,93.45999908447266,93.52999877929688,93.3499984741211,93.5,89.60498046875,324200
2025-11-05,93.4000015258789,93.4000015258789,93.11000061035156,93.16000366210938,89.27915954589844,352900
2025-11-06,93.5199966430664,93.58000183105469,93.44999694824219,93.4800033569336,89.5858154296875,781600
2025-11-07,93.45999908447266,93.63999938964844,93.43000030517578,93.44999694824219,89.55706787109375,298000
2025-11-10,93.43000030517578,93.52999877929688,93.4000015258789,93.47000122070312,89.57623291015625,232100
2025-11-11,93.4800033569336,93.7300033569336,93.4800033569336,93.68000030517578,89.7774887084961,363600
2025-11-12,93.69999694824219,93.73999786376953,93.5999984741211,93.70999908447266,89.80624389648438,444100
2025-11-13,93.54000091552734,93.5999984741211,93.43000030517578,93.45999908447266,89.56665802001953,548700
2025-11-14,93.58000183105469,93.5999984741211,93.23999786376953,93.30000305175781,89.41333770751953,396000
2025-11-17,93.3499984741211,93.37000274658203,93.22000122070312,93.22000122070312,89.3366470336914,453300
2025-11-18,93.44000244140625,93.4800033569336,93.2300033569336,93.3499984741211,89.46122741699219,347600
2025-11-19,93.47000122070312,93.48999786376953,93.23999786376953,93.30000305175781,89.41333770751953,427200
2025-11-20,93.3499984741211,93.52999877929688,93.3499984741211,93.44999694824219,89.55706787109375,374900
2025-11-21,93.73999786376953,93.73999786376953,93.51000213623047,93.66000366210938,89.7583236694336,444300
2025-11-24,93.7699966430664,93.87999725341797,93.72000122070312,93.86000061035156,89.94998931884766,294200
2025-11-25,93.94999694824219,94.18000030517578,93.9000015258789,94.06999969482422,90.15125274658203,295900
2025-11-26,94.05999755859375,94.16999816894531,93.87999725341797,94.1500015258789,90.2279052734375,371300
2025-11-28,94.05999755859375,94.0999984741211,93.93000030517578,93.97000122070312,90.05541229248047,175800
2025-12-01,93.19000244140625,93.2699966430664,93.16000366210938,93.19999694824219,89.69929504394531,345600
2025-12-02,93.25,93.4000015258789,93.19000244140625,93.33999633789062,89.83404541015625,629400
2025-12-03,93.4800033569336,93.54000091552734,93.33999633789062,93.5,89.98802947998047,337800
2025-12-04,93.41000366210938,93.4800033569336,93.25,93.31999969482422,89.81478881835938,329100
2025-12-05,93.37000274658203,93.37999725341797,93.12999725341797,93.22000122070312,89.71855926513672,574200
2025-12-08,93.19999694824219,93.22000122070312,92.87000274658203,92.95999908447266,89.46830749511719,690000
2025-12-09,93.11000061035156,93.16000366210938,92.87999725341797,92.87999725341797,89.39132690429688,684300
2025-12-10,92.86000061035156,93.20999908447266,92.8499984741211,93.19999694824219,89.69929504394531,543300
2025-12-11,93.4800033569336,93.4800033569336,93.20999908447266,93.25,89.74742889404297,330000
2025-12-12,93.0,93.05000305175781,92.94000244140625,92.9800033569336,89.48756408691406,361400
2025-12-15,93.13999938964844,93.25,93.05000305175781,93.05999755859375,89.56455993652344,281300
2025-12-16,93.0999984741211,93.31999969482422,93.04000091552734,93.27999877929688,89.77629852294922,310700
2025-12-17,93.2300033569336,93.31999969482422,93.19000244140625,93.2699966430664,89.76667022705078,763500
2025-12-18,93.54000091552734,93.55000305175781,93.41999816894531,93.44999694824219,89.93991088867188,489600
2025-12-19,93.41000366210938,93.48999786376953,93.33000183105469,93.3499984741211,89.84366607666016,418200
2025-12-22,93.36000061035156,93.41999816894531,93.29000091552734,93.30999755859375,89.80517578125,328700
2025-12-23,93.16000366210938,93.4000015258789,93.13999938964844,93.3499984741211,89.84366607666016,390200
2025-12-24,93.54000091552734,93.66000366210938,93.45999908447266,93.5999984741211,90.08427429199219,249300
2025-12-26,93.69999694824219,93.76000213623047,93.58999633789062,93.5999984741211,90.08427429199219,214500
2025-12-29,93.7699966430664,93.79000091552734,93.66999816894531,93.72000122070312,90.19977569580078,349500
2025-12-30,93.66999816894531,93.76000213623047,93.5999984741211,93.70999908447266,90.19015502929688,520800
2025-12-31,93.2300033569336,93.30999755859375,93.08000183105469,93.08000183105469,89.96782684326172,377900
2026-01-02,93.26000213623047,93.26000213623047,93.01000213623047,93.02999877929688,89.91950988769531,384500
2026-01-05,93.19999694824219,93.30000305175781,93.12999725341797,93.26000213623047,90.14181518554688,688600
2026-01-06,93.1500015258789,93.30000305175781,93.0999984741211,93.26000213623047,90.14181518554688,528200
2026-01-07,93.4800033569336,93.48999786376953,93.30999755859375,93.4000015258789,90.27714538574219,377800
2026-01-08,93.26000213623047,93.33000183105469,93.2300033569336,93.23999786376953,90.12248229980469,337800
2026-01-09,93.37999725341797,93.63999938964844,93.30999755859375,93.55999755859375,90.4317855834961,589800
2026-01-12,93.5199966430664,93.6500015258789,93.45999908447266,93.58999633789062,90.46078491210938,600800
2026-01-13,93.6500015258789,93.66000366210938,93.5,93.54000091552734,90.41246032714844,419600
2026-01-14,93.69000244140625,93.81999969482422,93.6500015258789,93.79000091552734,90.65410614013672,359500
2026-01-15,93.81999969482422,93.86000061035156,93.66999816894531,93.68000030517578,90.54779052734375,859000
2026-01-16,93.70999908447266,93.75,93.51000213623047,93.55000305175781,90.42212677001953,759300
2026-01-20,93.25,93.3499984741211,93.16000366210938,93.2300033569336,90.11282348632812,443300
2026-01-21,93.25,93.45999908447266,93.20999908447266,93.45999908447266,90.33512878417969,413600
2026-01-22,93.31999969482422,93.52999877929688,93.31999969482422,93.45999908447266,90.33512878417969,883900
2026-01-23,93.54000091552734,93.62000274658203,93.44000244140625,93.56999969482422,90.44145202636719,400600
2026-01-26,93.73999786376953,93.7699966430664,93.66999816894531,93.7300033569336,90.59609985351562,403800
2026-01-27,93.73999786376953,93.79000091552734,93.66999816894531,93.70999908447266,90.5767822265625,700200
2026-01-28,93.62999725341797,93.66000366210938,93.45999908447266,93.58000183105469,90.45111846923828,577800
2026-01-29,93.55999755859375,93.69000244140625,93.51000213623047,93.5999984741211,90.47045135498047,410500
2026-01-30,93.62000274658203,93.66000366210938,93.54000091552734,93.58000183105469,90.45111846923828,364300
2026-02-02,93.20999908447266,93.20999908447266,92.98999786376953,93.05000305175781,90.3249282836914,690400
2026-02-03,93.05999755859375,93.12000274658203,92.97000122070312,93.08000183105469,90.35404205322266,470400
2026-02-04,93.11000061035156,93.12000274658203,93.0,93.01000213623047,90.28610229492188,478600
2026-02-05,93.2699966430664,93.44999694824219,93.16999816894531,93.43000030517578,90.69380187988281,441000
2026-02-06,93.48999786376953,93.48999786376953,93.30999755859375,93.45999908447266,90.72291564941406,457100
2026-02-09,93.41000366210938,93.52999877929688,93.37000274658203,93.5,90.76174926757812,406100
2026-02-10,93.73999786376953,93.80999755859375,93.63999938964844,93.69999694824219,90.95587921142578,498200
2026-02-11,93.55000305175781,93.73999786376953,93.5199966430664,93.58000183105469,90.83940124511719,456000
2026-02-12,93.75,94.0,93.7300033569336,93.9800033569336,91.22769927978516,455800
2026-02-13,94.16999816894531,94.2699966430664,94.12999725341797,94.25,91.48978424072266,693300
2026-02-17,94.23999786376953,94.33000183105469,94.19000244140625,94.23999786376953,91.48007202148438,416800
2026-02-18,94.16999816894531,94.20999908447266,94.0999984741211,94.12999725341797,91.37329864501953,810500
2026-02-19,94.0199966430664,94.19999694824219,94.0199966430664,94.16999816894531,91.41213989257812,554500
2026-02-20,94.19000244140625,94.26000213623047,94.02999877929688,94.19999694824219,91.44125366210938,436200
2026-02-23,94.23999786376953,94.44999694824219,94.23999786376953,94.38999938964844,91.62567901611328,376600
2026-02-24,94.37000274658203,94.37999725341797,94.2699966430664,94.3499984741211,91.58686065673828,415400
2026-02-25,94.29000091552734,94.38999938964844,94.26000213623047,94.33000183105469,91.56743621826172,485400
2026-02-26,94.3499984741211,94.45999908447266,94.33999633789062,94.41999816894531,91.65479278564453,460400
2026-02-27,94.5999984741211,94.68000030517578,94.55999755859375,94.61000061035156,91.83924102783203,403900
2026-03-02,93.93000030517578,93.94000244140625,93.69999694824219,93.83000183105469,91.4591064453125,470400
2026-03-03,93.45999908447266,93.83000183105469,93.37000274658203,93.69000244140625,91.32263946533203,1189200
2026-03-04,93.66999816894531,93.70999908447266,93.54000091552734,93.55999755859375,91.19591522216797,719800
2026-03-05,93.33999633789062,93.4000015258789,93.23999786376953,93.37999725341797,91.02046966552734,487300
2026-03-06,93.0199966430664,93.47000122070312,93.0,93.2699966430664,90.91324615478516,668400
2026-03-09,93.08999633789062,93.48999786376953,93.05000305175781,93.44999694824219,91.08869934082031,527400
2026-03-10,93.48999786376953,93.5199966430664,93.19000244140625,93.2300033569336,90.87427520751953,633000
2026-03-11,93.05000305175781,93.08000183105469,92.7699966430664,92.83000183105469,90.48435974121094,409800
2026-03-12,92.62000274658203,92.70999908447266,92.37000274658203,92.51000213623047,90.17244720458984,611200
2026-03-13,92.51000213623047,92.63999938964844,92.2699966430664,92.31999969482422,89.98725128173828,585000
2026-03-16,92.5999984741211,92.70999908447266,92.55999755859375,92.69000244140625,90.34791564941406,489100
2026-03-17,92.79000091552734,92.91999816894531,92.79000091552734,92.9000015258789,90.55259704589844,531900
2026-03-18,92.80000305175781,92.95999908447266,92.5199966430664,92.5199966430664,90.18219757080078,392500
2026-03-19,92.33000183105469,92.69000244140625,92.29000091552734,92.5999984741211,90.26017761230469,505600
2026-03-20,92.2300033569336,92.23999786376953,91.68000030517578,91.69000244140625,89.37317657470703,448500
2026-03-23,91.83999633789062,92.20999908447266,91.80000305175781,92.06999969482422,89.74357604980469,793900
2026-03-24,91.69000244140625,92.0199966430664,91.63999938964844,91.77999877929688,89.46089172363281,995300
2026-03-25,92.16000366210938,92.23999786376953,91.75,92.22000122070312,89.88977813720703,682500
2026-03-26,91.93000030517578,92.08999633789062,91.54000091552734,91.54000091552734,89.22695922851562,379200
2026-03-27,91.3499984741211,91.6500015258789,91.27999877929688,91.55999755859375,89.24645233154297,442700
2026-03-30,92.0199966430664,92.20999908447266,91.94000244140625,92.05000305175781,89.72408294677734,540300
2026-03-31,92.3499984741211,92.44000244140625,92.19000244140625,92.27999877929688,89.94825744628906,1209500
2026-04-01,91.95999908447266,92.1500015258789,91.91999816894531,92.0199966430664,90.055908203125,442900
2026-04-02,91.9800033569336,92.27999877929688,91.91999816894531,92.2300033569336,90.26144409179688,413400
2026-04-06,92.16000366210938,92.25,92.04000091552734,92.18000030517578,90.2125015258789,444200
2026-04-07,92.06999969482422,92.30999755859375,91.87000274658203,92.2699966430664,90.30056762695312,384100
2026-04-08,92.7699966430664,92.79000091552734,92.45999908447266,92.5199966430664,90.54524230957031,420300
2026-04-09,92.47000122070312,92.79000091552734,92.37999725341797,92.61000061035156,90.6333236694336,417400
2026-04-10,92.55000305175781,92.63999938964844,92.45999908447266,92.51000213623047,90.53546142578125,496400
2026-04-13,92.43000030517578,92.70999908447266,92.43000030517578,92.69000244140625,90.71162414550781,303300
2026-04-14,92.6500015258789,92.95999908447266,92.62999725341797,92.91999816894531,90.93670654296875,491900
2026-04-15,92.9000015258789,92.9000015258789,92.7300033569336,92.83000183105469,90.84862518310547,415700
2026-04-16,92.7699966430664,92.9000015258789,92.62000274658203,92.68000030517578,90.70183563232422,379200
2026-04-17,93.05999755859375,93.19000244140625,93.0199966430664,93.05000305175781,91.06393432617188,446900
2026-04-20,93.08999633789062,93.11000061035156,92.91999816894531,93.02999877929688,91.04436492919922,304600
2026-04-21,92.93000030517578,92.95999908447266,92.62999725341797,92.6500015258789,90.67247772216797,366200
2026-04-22,92.87999725341797,92.94999694824219,92.76000213623047,92.79000091552734,90.80947875976562,360100
2026-04-23,92.80000305175781,92.86000061035156,92.48999786376953,92.66000366210938,90.68225860595703,385900
2026-04-24,92.62000274658203,92.83000183105469,92.5199966430664,92.80999755859375,90.82904815673828,350500
2026-04-27,92.75,92.79000091552734,92.5999984741211,92.66999816894531,90.6920394897461,289300
2026-04-28,92.55000305175781,92.58000183105469,92.44000244140625,92.54000091552734,90.5648193359375,388100
2026-04-29,92.31999969482422,92.37000274658203,92.08999633789062,92.20999908447266,90.24186706542969,275900
2026-04-30,92.30999755859375,92.4000015258789,92.2300033569336,92.31999969482422,90.3495101928711,450800
2026-05-01,91.9800033569336,92.23999786376953,91.91999816894531,92.02999877929688,90.43795013427734,411200
2026-05-04,91.91999816894531,91.94000244140625,91.56999969482422,91.70999908447266,90.12348937988281,475600
2026-05-05,91.83000183105469,91.94999694824219,91.77999877929688,91.83999633789062,90.25123596191406,421800
2026-05-06,92.2300033569336,92.33000183105469,92.16999816894531,92.29000091552734,90.69345092773438,468300
2026-05-07,92.41999816894531,92.43000030517578,92.05000305175781,92.0999984741211,90.5067367553711,388300
2026-05-08,92.3499984741211,92.55000305175781,92.27999877929688,92.31999969482422,90.72293853759766,443500
2026-05-11,92.19000244140625,92.27999877929688,92.06999969482422,92.0999984741211,90.5067367553711,516700
2026-05-12,91.86000061035156,91.87000274658203,91.75,91.80999755859375,90.22174835205078,461200
2026-05-13,91.75,91.80999755859375,91.58999633789062,91.77999877929688,90.19227600097656,384300
2026-05-14,91.9800033569336,92.0,91.7300033569336,91.75,90.16280364990234,390600
2026-05-15,91.27999877929688,91.44999694824219,91.06999969482422,91.11000061035156,89.53387451171875,617300
2026-05-18,91.13999938964844,91.2300033569336,90.87000274658203,90.98999786376953,89.41594696044922,1048400
2026-05-19,90.66000366210938,90.79000091552734,90.5199966430664,90.63999938964844,89.0719985961914,789800
2026-05-20,90.63999938964844,91.26000213623047,90.63999938964844,91.16999816894531,89.59282684326172,561500
2026-05-21,91.0,91.36000061035156,90.87999725341797,91.3499984741211,89.76971435546875,783600
2026-05-22,91.48999786376953,91.61000061035156,91.23999786376953,91.44999694824219,89.86798095703125,331000
2026-05-26,91.83000183105469,91.95999908447266,91.70999908447266,91.83000183105469,90.24141693115234,357700
2026-05-27,91.93000030517578,92.01000213623047,91.86000061035156,91.9000015258789,90.31021118164062,374000
2026-05-28,91.93000030517578,92.1500015258789,91.83000183105469,92.08999633789062,90.49691009521484,388400
2026-05-29,92.12000274658203,92.30000305175781,92.11000061035156,92.19000244140625,90.5951919555664,621900
2026-06-01,91.48999786376953,91.7699966430664,91.37999725341797,91.70999908447266,90.51622772216797,541800
2026-06-02,91.80000305175781,91.87000274658203,91.75,91.80999755859375,90.61492156982422,486600
2026-06-03,91.68000030517578,91.70999908447266,91.51000213623047,91.58999633789062,90.39778900146484,473800
2026-06-04,91.7699966430664,91.83000183105469,91.69000244140625,91.76000213623047,90.5655746459961,385400
2026-06-05,91.41999816894531,91.44999694824219,91.2300033569336,91.23999786376953,90.05235290527344,494300
2026-06-08,91.41000366210938,91.44999694824219,91.12999725341797,91.12999725341797,89.94377899169922,465600
2026-06-09,91.33000183105469,91.44999694824219,91.25,91.41999816894531,90.2300033569336,473100
2026-06-10,91.41999816894531,91.55000305175781,91.27999877929688,91.36000061035156,90.17078399658203,705200
2026-06-11,91.44000244140625,91.94999694824219,91.4000015258789,91.91000366210938,90.71363067626953,701700
2026-06-12,91.83000183105469,91.93000030517578,91.68000030517578,91.87000274658203,90.67414855957031,435500
2026-06-15,92.08000183105469,92.20999908447266,91.94999694824219,91.94999694824219,90.75310516357422,539300
2026-06-16,92.0,92.30999755859375,92.0,92.20999908447266,91.00971984863281,577600
2026-06-17,92.20999908447266,92.2699966430664,91.7300033569336,91.7300033569336,90.53597259521484,605400
2026-06-18,92.01000213623047,92.25,91.94999694824219,92.05000305175781,90.851806640625,464700
2026-06-22,92.0199966430664,92.0199966430664,91.7300033569336,91.75,90.55570983886719,591300
2026-06-23,91.93000030517578,91.9800033569336,91.86000061035156,91.9000015258789,90.7037582397461,402300
2026-06-24,92.16999816894531,92.37999725341797,92.16999816894531,92.3499984741211,91.14789581298828,1092400
2026-06-25,92.44999694824219,92.56999969482422,92.4000015258789,92.43000030517578,91.22685241699219,1238400
2026-06-26,92.44999694824219,92.62000274658203,92.41000366210938,92.55000305175781,91.34529113769531,472800
2026-06-29,92.62999725341797,92.6500015258789,92.5199966430664,92.62999725341797,91.42424774169922,343800
2026-06-30,92.51000213623047,92.51000213623047,92.19000244140625,92.20999908447266,91.00971984863281,489600
2026-07-01,91.56999969482422,91.73999786376953,91.55999755859375,91.63999938964844,90.83131408691406,751800
2026-07-02,91.73999786376953,92.02999877929688,91.69000244140625,91.80000305175781,90.98989868164062,497800
2026-07-06,91.83000183105469,91.87999725341797,91.70999908447266,91.83999633789062,91.029541015625,545900
2026-07-07,91.7300033569336,91.7300033569336,91.4000015258789,91.44000244140625,90.6330795288086,482200
2026-07-08,91.23999786376953,91.29000091552734,91.06999969482422,91.2699966430664,90.46456909179688,426900
2026-07-09,91.30000305175781,91.5,91.26000213623047,91.37000274658203,90.56369018554688,507100
2026-07-10,91.37000274658203,91.41000366210938,91.20999908447266,91.29000091552734,90.4843978881836,448900
2026-07-13,91.16000366210938,91.2300033569336,90.91000366210938,90.91999816894531,90.11766052246094,482600
2026-07-14,91.16000366210938,91.33000183105469,91.08000183105469,91.19000244140625,90.38528442382812,706000
2026-07-15,91.2300033569336,91.51000213623047,91.12000274658203,91.43000030517578,90.6231689453125,1285200
2026-07-16,91.30999755859375,91.43000030517578,91.2300033569336,91.41000366210938,90.60334014892578,529600
2026-07-17,91.48999786376953,91.62999725341797,91.43000030517578,91.45999908447266,90.65289306640625,394800
2026-07-20,91.29000091552734,91.33000183105469,91.01000213623047,91.12000274658203,90.3158950805664,364700
2026-07-21,91.04000091552734,91.04000091552734,90.88999938964844,90.94999694824219,90.14739990234375,370100
2026-07-22,90.91999816894531,90.91999816894531,90.72000122070312,90.7300033569336,89.92933654785156,536800
2026-07-23,90.41999816894531,90.4800033569336,90.36000061035156,90.44000244140625,89.64190673828125,556900
2026-07-24,90.41000366210938,90.7300033569336,90.41000366210938,90.55999755859375,89.7608413696289,493200
2026-07-27,90.70999908447266,90.86000061035156,90.62000274658203,90.80000305175781,89.99872589111328,451800
2026-07-28,90.86000061035156,91.16000366210938,90.86000061035156,91.05999755859375,90.25642395019531,504900
2026-07-29,90.98999786376953,91.06999969482422,90.7300033569336,90.75,89.94916534423828,503500
2026-07-30,90.81999969482422,90.91000366210938,90.75,90.79000091552734,89.98881530761719,570800
2026-07-31,90.5999984741211,90.69000244140625,90.36000061035156,90.48999786376953,89.69145965576172,812800
2026-08-03,90.37000274658203,90.73999786376953,90.25,90.30999755859375,89.91048431396484,440100
2026-08-04,90.72000122070312,90.8499984741211,90.63999938964844,90.83999633789062,90.43814086914062,977700
2026-08-05,90.83000183105469,90.91000366210938,90.73999786376953,90.87000274658203,90.46800994873047,442600
2026-08-06,90.72000122070312,90.75,90.5,90.55999755859375,90.15937805175781,392100
2026-08-07,90.77999877929688,90.87999725341797,90.6500015258789,90.77999877929688,90.37840270996094,494200
2026-08-10,90.6500015258789,90.6500015258789,90.4000015258789,90.41000366210938,90.01004791259766,423900
2026-08-11,90.56999969482422,90.62999725341797,90.44999694824219,90.4800033569336,90.0797348022461,477300
2026-08-12,90.63999938964844,90.73999786376953,90.5199966430664,90.54000091552734,90.13947296142578,703500
2026-08-13,90.93000030517578,91.08000183105469,90.87000274658203,90.91000366210938,90.5078353881836,604100
2026-08-14,90.91000366210938,90.91999816894531,90.58000183105469,90.62000274658203,90.2191162109375,746400
2026-08-17,90.54000091552734,90.62000274658203,90.38999938964844,90.41999816894531,90.0199966430664,410900
2026-08-18,90.30000305175781,90.54000091552734,90.29000091552734,90.5,90.09964752197266,377200
2026-08-19,90.94000244140625,90.9800033569336,90.7300033569336,90.97000122070312,90.56756591796875,419600
2026-08-20,90.63999938964844,90.72000122070312,90.5,90.62000274658203,90.2191162109375,599700
2026-08-21,90.62000274658203,90.62000274658203,90.45999908447266,90.5,90.09964752197266,322300
2026-08-24,90.6500015258789,90.73999786376953,90.54000091552734,90.66000366210938,90.25894165039062,504600
2026-08-25,90.97000122070312,91.1500015258789,90.91999816894531,91.12000274658203,90.71690368652344,511600
2026-08-26,91.02999877929688,91.05000305175781,90.88999938964844,90.94999694824219,90.54765319824219,416200
2026-08-27,91.0,91.02999877929688,90.86000061035156,90.91999816894531,90.51778411865234,338900
2026-08-28,90.91000366210938,91.04000091552734,90.51000213623047,90.5199966430664,90.11955261230469,511000
2026-08-31,90.47000122070312,90.47000122070312,90.3499984741211,90.41999816894531,90.0199966430664,453800
2026-09-01,89.9000015258789,90.0199966430664,89.73999786376953,89.76000213623047,89.76000213623047,1761300
2026-09-02,89.83000183105469,89.88999938964844,89.70999908447266,89.88999938964844,89.88999938964844,747600
2026-09-03,90.2300033569336,90.2300033569336,90.04000091552734,90.05000305175781,90.05000305175781,721200
2026-09-04,90.08000183105469,90.1500015258789,90.00499725341797,90.04000091552734,90.04000091552734,514676
