Date,Open,High,Low,Close,Adj Close,Volume
2015-08-20,19.88999938964844,19.88999938964844,19.299999237060547,19.36000061035156,14.564942359924316,8600
2015-08-21,19.01000022888184,19.01000022888184,18.549999237060547,18.57999992370605,13.97812843322754,5900
2015-08-24,17.809999465942383,17.809999465942383,17.75,17.75,13.353703498840332,7100
2015-08-25,18.14999961853028,18.170000076293945,17.75,17.75,13.353703498840332,3400
2015-08-26,18.270000457763672,18.270000457763672,17.548999786376953,18.003999710083008,13.544792175292969,3200
2015-08-27,18.375,18.40999984741211,18.040000915527344,18.040000915527344,13.571874618530272,7000
2015-08-28,18.46999931335449,18.5,18.18000030517578,18.40999984741211,13.85023593902588,23500
2015-08-31,18.5,18.690000534057617,18.39999961853028,18.540000915527344,13.948036193847656,6500
2015-09-01,18.209999084472656,18.209999084472656,17.950000762939453,17.950000762939453,13.504167556762695,10700
2015-09-02,18.086000442504883,18.086000442504883,17.700000762939453,18.01099967956543,13.55005931854248,4600
2015-09-03,18.190000534057617,18.39999961853028,18.152000427246094,18.21999931335449,13.707294464111328,63300
2015-09-04,18.010000228881836,18.010000228881836,17.81999969482422,17.950000762939453,13.504167556762695,9100
2015-09-08,18.215999603271484,18.34000015258789,18.215999603271484,18.253999710083008,13.732872009277344,2700
2015-09-09,18.25,18.64999961853028,18.25,18.350000381469727,13.805095672607422,11700
2015-09-10,18.45199966430664,18.708999633789062,18.39999961853028,18.549999237060547,13.955561637878418,23500
2015-09-11,18.434999465942383,18.530000686645508,18.39999961853028,18.530000686645508,13.940515518188477,4900
2015-09-14,18.3700008392334,18.3700008392334,18.239999771118164,18.239999771118164,13.72234058380127,3500
2015-09-15,18.239999771118164,18.323999404907227,18.09000015258789,18.31999969482422,13.782526969909668,3000
2015-09-16,18.280000686645508,18.34000015258789,18.27199935913086,18.299999237060547,13.767478942871094,18600
2015-09-17,18.39699935913086,18.809999465942383,18.39699935913086,18.575000762939453,13.974370002746582,13800
2015-09-18,18.5,18.5,18.24399948120117,18.26300048828125,13.73964500427246,1900
2015-09-21,18.459999084472656,18.459999084472656,18.459999084472656,18.459999084472656,13.88785171508789,300
2015-09-22,18.43000030517578,18.43000030517578,18.0,18.010000228881836,13.54930591583252,1500
2015-09-23,18.010000228881836,18.010000228881836,18.010000228881836,18.010000228881836,13.54930591583252,0
2015-09-24,18.049999237060547,18.31999969482422,17.989999771118164,18.31999969482422,13.782526969909668,1800
2015-09-25,18.06999969482422,18.520000457763672,18.06999969482422,18.239999771118164,13.72234058380127,10400
2015-09-28,18.450000762939453,18.450000762939453,17.75,17.799999237060547,13.391318321228027,3400
2015-09-29,17.844999313354492,17.924999237060547,17.799999237060547,17.799999237060547,13.391318321228027,900
2015-09-30,18.0,18.11000061035156,18.0,18.11000061035156,13.62453842163086,3100
2015-10-01,18.357999801635746,18.440000534057617,18.32999992370605,18.440000534057617,13.872803688049316,13800
2015-10-02,18.440000534057617,18.6879997253418,18.36000061035156,18.6879997253418,14.059378623962402,2600
2015-10-05,19.17099952697754,19.38999938964844,19.17099952697754,19.38999938964844,14.58750820159912,2700
2015-10-06,19.729999542236328,19.729999542236328,19.31999969482422,19.31999969482422,14.534844398498535,2500
2015-10-07,19.684999465942383,19.684999465942383,19.488000869750977,19.6200008392334,14.760542869567873,3000
2015-10-08,19.520000457763672,19.812000274658203,19.520000457763672,19.812000274658203,14.904989242553713,48500
2015-10-09,19.84000015258789,19.864999771118164,19.57999992370605,19.75,14.858344078063965,29000
2015-10-12,19.59000015258789,19.6299991607666,19.59000015258789,19.61400032043457,14.756031036376951,1100
2015-10-13,19.770000457763672,19.770000457763672,19.19799995422364,19.19799995422364,14.443062782287598,14600
2015-10-14,19.143999099731445,19.143999099731445,19.09000015258789,19.114999771118164,14.380620956420898,13400
2015-10-15,19.5,19.628999710083008,19.5,19.628999710083008,14.767313957214355,3300
2015-10-16,19.86000061035156,19.86000061035156,19.63599967956543,19.690000534057617,14.81320858001709,2300
2015-10-19,19.76000022888184,19.76000022888184,19.270999908447266,19.51000022888184,14.67778778076172,14800
2015-10-20,19.200000762939453,19.21500015258789,19.06999969482422,19.21500015258789,14.455854415893556,34300
2015-10-21,19.1299991607666,19.190000534057617,19.059999465942383,19.07999992370605,14.354290962219238,17800
2015-10-22,19.17399978637696,19.214000701904297,19.17399978637696,19.214000701904297,14.455102920532228,400
2015-10-23,19.34000015258789,19.40999984741211,19.34000015258789,19.40999984741211,14.602557182312012,1400
2015-10-26,19.386999130249023,19.386999130249023,19.309999465942383,19.309999465942383,14.527325630187988,2600
2015-10-27,19.1299991607666,19.202999114990234,19.07999992370605,19.19499969482422,14.44080638885498,5600
2015-10-28,19.030000686645508,19.459999084472656,19.030000686645508,19.391000747680664,14.588262557983398,60300
2015-10-29,19.670000076293945,19.670000076293945,19.38999938964844,19.56999969482422,14.722929000854492,14200
2015-10-30,19.76799964904785,19.770000457763672,19.600000381469727,19.663000106811523,14.792893409729004,41000
2015-11-02,20.100000381469727,20.100000381469727,19.76000022888184,19.98600006103516,15.03589153289795,18800
2015-11-03,20.030000686645508,20.388999938964844,19.9950008392334,20.34000015258789,15.302215576171877,6900
2015-11-04,20.40999984741211,20.5,20.39999961853028,20.45499992370605,15.3887300491333,11300
2015-11-05,20.450000762939453,20.520000457763672,20.37700080871582,20.489999771118164,15.415061950683594,4700
2015-11-06,20.229999542236328,20.280000686645508,20.145000457763672,20.280000686645508,15.257075309753418,6000
2015-11-09,20.56999969482422,20.56999969482422,19.93000030517578,19.950000762939453,15.008810997009276,4700
2015-11-10,20.1299991607666,20.1299991607666,19.85700035095215,19.90999984741211,14.978714942932127,6300
2015-11-11,19.924999237060547,19.996999740600582,19.924999237060547,19.93000030517578,14.993764877319336,3400
2015-11-12,19.75,19.770000457763672,19.655000686645508,19.709999084472656,14.82824993133545,1700
2015-11-13,19.506000518798828,19.56999969482422,19.489999771118164,19.549999237060547,14.707880020141602,5000
2015-11-16,19.549999237060547,19.8759994506836,19.549999237060547,19.8759994506836,14.95313835144043,900
2015-11-17,20.020000457763672,20.059999465942383,19.94499969482422,20.059999465942383,15.091565132141112,1200
2015-11-18,19.90999984741211,20.280000686645508,19.90999984741211,20.27300071716309,15.251809120178224,4000
2015-11-19,20.40900039672852,20.40999984741211,20.350000381469727,20.350000381469727,15.309737205505373,12800
2015-11-20,20.520000457763672,20.520000457763672,20.413000106811523,20.424999237060547,15.366161346435549,400
2015-11-23,20.479999542236328,20.479999542236328,20.43000030517578,20.450000762939453,15.384970664978027,5100
2015-11-24,20.450000762939453,20.63400077819824,20.290000915527344,20.631999969482425,15.521893501281738,20100
2015-11-25,20.8799991607666,20.8799991607666,20.709999084472656,20.770000457763672,15.62571144104004,14400
2015-11-27,20.770000457763672,20.780000686645508,20.709999084472656,20.709999084472656,15.580572128295898,4100
2015-11-30,20.68199920654297,20.709999084472656,20.600000381469727,20.600000381469727,15.49781608581543,1300
2015-12-01,20.69799995422364,20.72100067138672,20.6200008392334,20.72100067138672,15.588850021362305,1500
2015-12-02,20.309999465942383,20.739999771118164,20.309999465942383,20.38800048828125,15.33832836151123,4800
2015-12-03,20.429000854492188,20.440000534057617,20.22100067138672,20.229999542236328,15.21945858001709,8300
2015-12-04,20.15999984741211,20.32999992370605,20.15999984741211,20.32999992370605,15.294692039489746,31900
2015-12-07,20.25,20.25,19.910999298095703,19.979999542236328,15.031379699707031,7900
2015-12-08,19.77400016784668,19.940000534057617,19.739999771118164,19.83699989318848,14.923798561096191,8400
2015-12-09,19.89900016784668,19.924999237060547,19.61400032043457,19.68899917602539,14.812451362609863,4000
2015-12-10,19.81800079345703,20.01000022888184,19.76000022888184,19.8799991607666,14.956146240234377,4200
2015-12-11,19.64999961853028,19.64999961853028,19.051000595092773,19.11800003051757,14.382878303527832,28100
2015-12-14,19.18000030517578,19.18000030517578,18.71999931335449,19.020000457763672,14.309149742126465,128200
2015-12-15,18.950000762939453,19.440000534057617,18.950000762939453,19.225000381469727,14.463376998901367,28900
2015-12-16,19.21999931335449,19.71999931335449,19.21999931335449,19.64999961853028,14.783111572265623,17700
2015-12-17,19.690000534057617,19.790000915527344,19.6200008392334,19.64999961853028,14.783111572265623,4400
2015-12-18,19.63999938964844,19.63999938964844,19.32999992370605,19.36000061035156,14.564942359924316,12600
2015-12-21,19.608999252319336,19.64999961853028,19.34000015258789,19.64999961853028,14.853697776794434,26600
2015-12-22,19.71999931335449,19.834999084472656,19.57999992370605,19.6299991607666,14.838581085205078,46100
2015-12-23,19.75,20.100000381469727,19.75,20.07900047302246,15.177987098693848,24700
2015-12-24,19.989999771118164,20.07299995422364,19.989999771118164,20.059999465942383,15.163620948791504,1100
2015-12-28,19.989999771118164,19.989999771118164,19.84000015258789,19.850000381469727,15.004884719848633,1200
2015-12-29,19.68000030517578,20.020000457763672,19.68000030517578,19.8799991607666,15.027559280395508,5900
2015-12-30,19.84000015258789,19.881999969482425,19.79800033569336,19.79800033569336,14.96557331085205,3400
2015-12-31,19.950000762939453,19.950000762939453,19.679000854492188,19.739999771118164,14.921730995178224,600
2016-01-04,19.86000061035156,19.86000061035156,19.309999465942383,19.36000061035156,14.634482383728027,8900
2016-01-05,19.06999969482422,19.63500022888184,19.06999969482422,19.61000061035156,14.823460578918455,6000
2016-01-06,19.56999969482422,19.56999969482422,19.13999938964844,19.13999938964844,14.468183517456056,4900
2016-01-07,19.040000915527344,19.18600082397461,18.981000900268555,19.100000381469727,14.437945365905762,1400
2016-01-08,19.030000686645508,19.030000686645508,18.799999237060547,18.799999237060547,14.211169242858888,1400
2016-01-11,18.6299991607666,19.15999984741211,18.6299991607666,18.90999984741211,14.294322967529297,14600
2016-01-12,19.200000762939453,19.209999084472656,18.91900062561035,19.15999984741211,14.48330020904541,6100
2016-01-13,19.190000534057617,19.290000915527344,18.40999984741211,18.518999099731445,13.998760223388672,4000
2016-01-14,18.690000534057617,18.913000106811523,18.3799991607666,18.913000106811523,14.296591758728027,5100
2016-01-15,18.5,18.57999992370605,18.18000030517578,18.290000915527344,13.825658798217772,17900
2016-01-19,18.75,18.75,18.176000595092773,18.21999931335449,13.77274227142334,3600
2016-01-20,18.010000228881836,18.04899978637696,17.600000381469727,17.76300048828125,13.427289009094238,4300
2016-01-21,17.874000549316406,18.200000762939453,17.874000549316406,17.889999389648438,13.52329158782959,7300
2016-01-22,18.64999961853028,18.64999961853028,18.36100006103516,18.540000915527344,14.014636993408203,4500
2016-01-25,18.59600067138672,18.59600067138672,18.1200008392334,18.166000366210938,13.73192310333252,1300
2016-01-26,18.440000534057617,18.440000534057617,18.290000915527344,18.350000381469727,13.871010780334473,1600
2016-01-27,18.36800003051757,18.600000381469727,18.350000381469727,18.40999984741211,13.916363716125488,6700
2016-01-28,18.950000762939453,18.950000762939453,18.3700008392334,18.39999961853028,13.908805847167969,2100
2016-01-29,18.520000457763672,18.763999938964844,18.40800094604492,18.763999938964844,14.183959007263184,1100
2016-02-01,18.61000061035156,18.753999710083008,18.600000381469727,18.753999710083008,14.176398277282717,2000
2016-02-02,18.16900062561035,18.16900062561035,18.16900062561035,18.16900062561035,13.734192848205566,300
2016-02-03,18.100000381469727,18.100000381469727,18.010000228881836,18.059999465942383,13.651796340942385,5000
2016-02-04,18.38999938964844,18.670000076293945,18.270000457763672,18.420000076293945,13.923924446105955,6000
2016-02-05,18.170000076293945,18.170000076293945,17.950000762939453,17.950000762939453,13.568648338317873,1900
2016-02-08,17.3799991607666,17.613000869750977,17.3799991607666,17.5,13.228485107421877,2500
2016-02-09,17.299999237060547,17.299999237060547,17.299999237060547,17.299999237060547,13.07730197906494,400
2016-02-10,17.57699966430664,17.57699966430664,17.57699966430664,17.57699966430664,13.286690711975098,100
2016-02-11,17.31999969482422,17.31999969482422,17.010000228881836,17.010000228881836,12.85808563232422,1600
2016-02-12,17.549999237060547,17.549999237060547,17.18000030517578,17.450000762939453,13.190688133239746,2600
2016-02-16,17.59000015258789,17.679000854492188,17.510000228881836,17.56999969482422,13.281397819519045,4500
2016-02-17,17.639999389648438,17.73900032043457,17.639999389648438,17.73900032043457,13.409149169921877,1100
2016-02-18,17.649999618530273,17.649999618530273,17.6299991607666,17.6299991607666,13.326753616333008,200
2016-02-19,17.756999969482422,17.809999465942383,17.756999969482422,17.809999465942383,13.46281909942627,1500
2016-02-22,17.90999984741211,18.059999465942383,17.889999389648438,18.000999450683594,13.607197761535645,5200
2016-02-23,18.040000915527344,18.13999938964844,17.809999465942383,17.829999923706055,13.477935791015623,4400
2016-02-24,17.75,18.190000534057617,17.75,18.170000076293945,13.734946250915527,10000
2016-02-25,18.013999938964844,18.150999069213867,18.013999938964844,18.150999069213867,13.720582962036133,4300
2016-02-26,18.34000015258789,18.36400032043457,18.14999961853028,18.14999961853028,13.719828605651855,4900
2016-02-29,18.11000061035156,18.11000061035156,18.11000061035156,18.11000061035156,13.68959140777588,700
2016-03-01,18.13999938964844,18.670000076293945,18.06999969482422,18.670000076293945,14.112902641296388,24800
2016-03-02,18.309999465942383,18.690000534057617,18.309999465942383,18.599000930786133,14.059232711791992,2300
2016-03-03,18.799999237060547,19.23500061035156,18.799999237060547,19.170000076293945,14.490859985351562,12600
2016-03-04,19.2189998626709,19.28499984741211,19.14999961853028,19.14999961853028,14.47574234008789,1100
2016-03-07,19.229999542236328,19.440000534057617,19.128999710083008,19.309999465942383,14.596686363220217,8900
2016-03-08,19.13999938964844,19.14999961853028,18.850000381469727,18.88999938964844,14.279204368591309,7600
2016-03-09,19.21999931335449,19.40999984741211,19.209999084472656,19.39999961853028,14.664718627929688,8900
2016-03-10,19.39999961853028,19.39999961853028,19.170000076293945,19.30599975585937,14.593663215637209,3400
2016-03-11,19.270000457763672,19.679000854492188,19.270000457763672,19.679000854492188,14.875622749328612,2200
2016-03-14,19.690000534057617,19.690000534057617,19.47100067138672,19.47100067138672,14.718389511108398,500
2016-03-15,19.290000915527344,19.3700008392334,19.15999984741211,19.27499961853028,14.570230484008787,3600
2016-03-16,19.410999298095703,19.53499984741211,19.32999992370605,19.53499984741211,14.766768455505373,12700
2016-03-17,19.76099967956543,20.035999298095703,19.76099967956543,20.0310001373291,15.141701698303224,5200
2016-03-18,20.21299934387207,20.21999931335449,19.96999931335449,19.97599983215332,15.100122451782228,12900
2016-03-21,20.15999984741211,20.280000686645508,20.07999992370605,20.13999938964844,15.224096298217772,13500
2016-03-22,20.26000022888184,20.36899948120117,20.26000022888184,20.299999237060547,15.345041275024414,29700
2016-03-23,20.34000015258789,20.34000015258789,19.878999710083008,19.878999710083008,15.026803016662598,5600
2016-03-24,19.834999084472656,19.96699905395508,19.834999084472656,19.96699905395508,15.093320846557615,400
2016-03-28,19.96999931335449,19.96999931335449,19.96999931335449,19.96999931335449,15.095588684082031,700
2016-03-29,19.82999992370605,20.0,19.790000915527344,20.0,15.118268966674805,14900
2016-03-30,20.18000030517578,20.31999969482422,20.18000030517578,20.31999969482422,15.360159873962402,2100
2016-03-31,20.280000686645508,20.280000686645508,20.25300025939941,20.25300025939941,15.309513092041016,1000
2016-04-01,19.84000015258789,20.1299991607666,19.809999465942383,20.1299991607666,15.21653652191162,1200
2016-04-04,19.94499969482422,20.040000915527344,19.94499969482422,20.040000915527344,15.14850902557373,5800
2016-04-05,19.59000015258789,19.690000534057617,19.57999992370605,19.58099937438965,14.801539421081545,26300
2016-04-06,19.530000686645508,19.600000381469727,19.51499938964844,19.600000381469727,14.815903663635254,19000
2016-04-07,19.700000762939453,19.746999740600582,19.530000686645508,19.530000686645508,14.76298999786377,1500
2016-04-08,20.1299991607666,20.170000076293945,20.030000686645508,20.131000518798828,15.217292785644531,26100
2016-04-11,20.06100082397461,20.19599914550781,20.01099967956543,20.01099967956543,15.126583099365234,500
2016-04-12,20.32999992370605,20.36899948120117,20.31999969482422,20.31999969482422,15.360159873962402,1900
2016-04-13,20.475000381469727,20.530000686645508,20.475000381469727,20.520000457763672,15.511343002319336,5400
2016-04-14,20.38999938964844,20.440000534057617,20.3799991607666,20.415000915527344,15.431973457336426,30200
2016-04-15,20.059999465942383,20.174999237060547,19.983999252319336,19.983999252319336,15.10617446899414,2200
2016-04-18,20.170000076293945,20.26700019836425,20.170000076293945,20.21999931335449,15.28456687927246,1200
2016-04-19,20.475000381469727,20.475000381469727,20.334999084472656,20.334999084472656,15.371500968933104,400
2016-04-20,20.334999084472656,20.334999084472656,20.334999084472656,20.334999084472656,15.371500968933104,0
2016-04-21,20.334999084472656,20.334999084472656,20.334999084472656,20.334999084472656,15.371500968933104,0
2016-04-22,20.43000030517578,20.540000915527344,20.43000030517578,20.540000915527344,15.526461601257324,1500
2016-04-25,20.6200008392334,20.6200008392334,20.30500030517578,20.309999465942383,15.352601051330566,1000
2016-04-26,20.459999084472656,20.516000747680664,20.459999084472656,20.516000747680664,15.508318901062012,1300
2016-04-27,20.600000381469727,20.600000381469727,20.52199935913086,20.52199935913086,15.51285457611084,3600
2016-04-28,20.47699928283692,20.47699928283692,20.47699928283692,20.47699928283692,15.478840827941896,400
2016-04-29,20.0,20.0,19.700000762939453,19.83799934387207,14.995809555053713,10100
2016-05-02,19.670000076293945,20.11899948120117,19.670000076293945,20.11899948120117,15.20822048187256,700
2016-05-03,20.09000015258789,20.09000015258789,19.645000457763672,19.75,14.92928981781006,600
2016-05-04,19.40999984741211,19.40999984741211,19.10199928283692,19.10199928283692,14.439457893371582,1900
2016-05-05,19.049999237060547,19.051000595092773,19.049999237060547,19.049999237060547,14.400151252746582,700
2016-05-06,18.93000030517578,18.96199989318848,18.93000030517578,18.96199989318848,14.333632469177246,600
2016-05-09,18.96199989318848,18.96199989318848,18.96199989318848,18.96199989318848,14.333632469177246,0
2016-05-10,18.93000030517578,18.93000030517578,18.86000061035156,18.86000061035156,14.256528854370115,500
2016-05-11,18.51000022888184,19.059999465942383,18.51000022888184,19.0,14.362353324890137,5600
2016-05-12,18.729999542236328,18.8799991607666,18.729999542236328,18.8799991607666,14.271645545959473,300
2016-05-13,18.559999465942383,18.739999771118164,18.559999465942383,18.64800071716309,14.096275329589844,2400
2016-05-16,18.770000457763672,18.770000457763672,18.739999771118164,18.76000022888184,14.180936813354492,1200
2016-05-17,18.57999992370605,18.88999938964844,18.57999992370605,18.81999969482422,14.226288795471191,900
2016-05-18,18.850000381469727,18.850000381469727,18.850000381469727,18.850000381469727,14.248969078063965,400
2016-05-19,18.850000381469727,18.850000381469727,18.850000381469727,18.850000381469727,14.248969078063965,100
2016-05-20,18.69099998474121,18.69099998474121,18.69099998474121,18.69099998474121,14.128777503967283,100
2016-05-23,18.440000534057617,18.670000076293945,18.440000534057617,18.670000076293945,14.112902641296388,2000
2016-05-24,18.76000022888184,18.788000106811523,18.739999771118164,18.788000106811523,14.202101707458496,1000
2016-05-25,18.799999237060547,18.799999237060547,18.799999237060547,18.799999237060547,14.211169242858888,400
2016-05-26,18.920000076293945,18.920000076293945,18.847999572753903,18.847999572753903,14.247454643249512,500
2016-05-27,18.93000030517578,19.0,18.93000030517578,19.0,14.362353324890137,500
2016-05-31,18.93000030517578,18.93000030517578,18.8799991607666,18.90999984741211,14.294322967529297,2800
2016-06-01,18.90999984741211,18.90999984741211,18.90999984741211,18.90999984741211,14.294322967529297,0
2016-06-02,18.989999771118164,19.049999237060547,18.940000534057617,19.049999237060547,14.400151252746582,1900
2016-06-03,19.049999237060547,19.049999237060547,19.049999237060547,19.049999237060547,14.400151252746582,0
2016-06-06,19.170000076293945,19.170000076293945,19.06999969482422,19.09199905395508,14.43189811706543,1100
2016-06-07,19.25,19.25,19.25,19.25,14.5513334274292,2300
2016-06-08,19.56999969482422,19.6200008392334,19.46999931335449,19.46999931335449,14.717636108398438,1300
2016-06-09,19.309999465942383,19.440000534057617,19.309999465942383,19.440000534057617,14.694958686828612,1800
2016-06-10,18.989999771118164,19.065000534057617,18.86000061035156,19.06100082397461,14.408465385437012,1800
2016-06-13,18.643999099731445,18.643999099731445,18.643999099731445,18.643999099731445,14.093246459960938,800
2016-06-14,18.224000930786133,18.22800064086914,18.1299991607666,18.1299991607666,13.704707145690918,1100
2016-06-15,18.1200008392334,18.18000030517578,18.1200008392334,18.18000030517578,13.742505073547363,400
2016-06-16,18.280000686645508,18.280000686645508,18.280000686645508,18.280000686645508,13.81809902191162,500
2016-06-17,18.280000686645508,18.350000381469727,18.2509994506836,18.25200080871582,13.796930313110352,800
2016-06-20,18.670000076293945,18.670000076293945,18.57999992370605,18.600000381469727,14.059988975524902,1100
2016-06-21,18.600000381469727,18.600000381469727,18.600000381469727,18.600000381469727,14.059988975524902,0
2016-06-22,18.600000381469727,18.600000381469727,18.600000381469727,18.600000381469727,14.059988975524902,0
2016-06-23,18.600000381469727,18.600000381469727,18.600000381469727,18.600000381469727,14.059988975524902,0
2016-06-24,18.32999992370605,18.32999992370605,18.07999992370605,18.07999992370605,13.666914939880373,1100
2016-06-27,17.79199981689453,17.812000274658203,17.65999984741211,17.812000274658203,13.464330673217772,2000
2016-06-28,18.01799964904785,18.01799964904785,18.01799964904785,18.01799964904785,13.620046615600586,200
2016-06-29,18.40999984741211,18.520000457763672,18.40999984741211,18.520000457763672,13.99951457977295,200
2016-06-30,18.5,18.5,18.5,18.5,13.984397888183594,900
2016-07-01,18.645000457763672,18.645000457763672,18.530000686645508,18.530000686645508,14.007076263427734,2300
2016-07-05,18.530000686645508,18.530000686645508,18.530000686645508,18.530000686645508,14.007076263427734,0
2016-07-06,17.940000534057617,17.979999542236328,17.90999984741211,17.90999984741211,13.538408279418944,5800
2016-07-07,18.15999984741211,18.15999984741211,17.88599967956543,17.88599967956543,13.52026653289795,700
2016-07-08,17.930999755859375,18.121999740600582,17.930999755859375,18.020000457763672,13.621559143066406,1600
2016-07-11,18.15999984741211,18.290000915527344,18.15999984741211,18.290000915527344,13.825658798217772,300
2016-07-12,18.290000915527344,18.290000915527344,18.290000915527344,18.290000915527344,13.825658798217772,0
2016-07-13,18.309999465942383,18.33300018310547,18.309999465942383,18.33300018310547,13.858161926269531,500
2016-07-14,18.690000534057617,18.690000534057617,18.540000915527344,18.559999465942383,14.029751777648926,900
2016-07-15,18.68000030517578,18.68000030517578,18.68000030517578,18.68000030517578,14.12046241760254,200
2016-07-18,18.68000030517578,18.68000030517578,18.68000030517578,18.68000030517578,14.12046241760254,0
2016-07-19,18.43000030517578,18.516000747680664,18.40999984741211,18.516000747680664,13.996493339538574,300
2016-07-20,18.573999404907227,18.573999404907227,18.573999404907227,18.573999404907227,14.040335655212402,600
2016-07-21,18.48600006103516,18.48600006103516,18.25,18.363000869750977,13.88083839416504,2100
2016-07-22,18.26000022888184,18.34499931335449,18.26000022888184,18.34499931335449,13.867232322692873,800
2016-07-25,18.34499931335449,18.34499931335449,18.34499931335449,18.34499931335449,13.867232322692873,0
2016-07-26,18.350000381469727,18.45499992370605,18.350000381469727,18.350000381469727,13.871010780334473,300
2016-07-27,18.614999771118164,18.614999771118164,18.3700008392334,18.39200019836425,13.90276050567627,1400
2016-07-28,18.46999931335449,18.52400016784668,18.46999931335449,18.52400016784668,14.002541542053224,900
2016-07-29,18.52400016784668,18.52400016784668,18.52400016784668,18.52400016784668,14.002541542053224,0
2016-08-01,18.770000457763672,18.770000457763672,18.770000457763672,18.770000457763672,14.188495635986328,800
2016-08-02,18.677000045776367,18.677000045776367,18.677000045776367,18.677000045776367,14.11819553375244,200
2016-08-03,18.8799991607666,18.8799991607666,18.799999237060547,18.799999237060547,14.211169242858888,700
2016-08-04,18.825000762939453,18.88400077819824,18.825000762939453,18.88400077819824,14.27466869354248,400
2016-08-05,19.020000457763672,19.06999969482422,18.96999931335449,18.96999931335449,14.33967399597168,3700
2016-08-08,18.96999931335449,18.96999931335449,18.96999931335449,18.96999931335449,14.33967399597168,0
2016-08-09,19.209999084472656,19.29800033569336,19.209999084472656,19.277999877929688,14.572497367858888,2100
2016-08-10,19.277999877929688,19.277999877929688,19.277999877929688,19.277999877929688,14.572497367858888,0
2016-08-11,19.36000061035156,19.38999938964844,19.36000061035156,19.38999938964844,14.657159805297852,500
2016-08-12,19.450000762939453,19.5,19.450000762939453,19.5,14.740310668945312,600
2016-08-15,19.47699928283692,19.47699928283692,19.47699928283692,19.47699928283692,14.722925186157228,200
2016-08-16,19.270000457763672,19.600000381469727,19.270000457763672,19.540000915527344,14.770548820495604,600
2016-08-17,19.597000122070312,19.600000381469727,19.575000762939453,19.600000381469727,14.815903663635254,400
2016-08-18,19.549999237060547,19.65399932861328,19.530000686645508,19.65399932861328,14.856721878051758,2700
2016-08-19,19.551000595092773,19.551000595092773,19.551000595092773,19.551000595092773,14.778862953186035,100
2016-08-22,19.5,19.5,19.309999465942383,19.364999771118164,14.638263702392578,7300
2016-08-23,19.356000900268555,19.36000061035156,19.270999908447266,19.270999908447266,14.56720733642578,1400
2016-08-24,19.1200008392334,19.23600006103516,19.1200008392334,19.23600006103516,14.540751457214355,200
2016-08-25,19.209999084472656,19.209999084472656,19.18899917602539,19.209999084472656,14.52109718322754,1000
2016-08-26,19.31999969482422,19.31999969482422,19.040000915527344,19.040000915527344,14.392592430114746,400
2016-08-29,19.11000061035156,19.12700080871582,19.100000381469727,19.100000381469727,14.437945365905762,1000
2016-08-30,19.229999542236328,19.270000457763672,19.170000076293945,19.270000457763672,14.566452026367188,6500
2016-08-31,19.350000381469727,19.350000381469727,19.350000381469727,19.350000381469727,14.626925468444824,200
2016-09-01,19.11100006103516,19.15999984741211,19.11100006103516,19.15999984741211,14.48330020904541,1100
2016-09-02,19.239999771118164,19.253999710083008,19.239999771118164,19.253999710083008,14.554356575012209,700
2016-09-06,19.440000534057617,19.46999931335449,19.43000030517578,19.46999931335449,14.717636108398438,11600
2016-09-07,19.459999084472656,19.65999984741211,19.39999961853028,19.65999984741211,14.861257553100586,500
2016-09-08,19.65999984741211,19.65999984741211,19.65999984741211,19.65999984741211,14.861257553100586,0
2016-09-09,19.61000061035156,19.61000061035156,19.61000061035156,19.61000061035156,14.823460578918455,1500
2016-09-12,19.6200008392334,19.729999542236328,19.61800003051757,19.61800003051757,14.829507827758787,1700
2016-09-13,19.468000411987305,19.468000411987305,19.468000411987305,19.468000411987305,14.716123580932615,400
2016-09-14,19.190000534057617,19.190000534057617,19.190000534057617,19.190000534057617,14.505979537963867,400
2016-09-15,19.479999542236328,19.479999542236328,19.479999542236328,19.479999542236328,14.725193977355955,100
2016-09-16,19.429000854492188,19.429000854492188,19.429000854492188,19.429000854492188,14.68664264678955,200
2016-09-19,19.739999771118164,19.79899978637696,19.729999542236328,19.770000457763672,14.94441032409668,6600
2016-09-20,19.489999771118164,19.489999771118164,19.489999771118164,19.489999771118164,14.73275375366211,100
2016-09-21,19.489999771118164,19.489999771118164,19.489999771118164,19.489999771118164,14.73275375366211,0
2016-09-22,20.016000747680664,20.016000747680664,20.0,20.0,15.118268966674805,5300
2016-09-23,20.0,20.0,20.0,20.0,15.118268966674805,0
2016-09-26,19.72599983215332,19.7549991607666,19.72599983215332,19.7549991607666,14.933069229125977,1000
2016-09-27,19.7549991607666,19.7549991607666,19.7549991607666,19.7549991607666,14.933069229125977,0
2016-09-28,19.71999931335449,19.770000457763672,19.71999931335449,19.76000022888184,14.936850547790527,800
2016-09-29,20.020000457763672,20.09000015258789,19.88599967956543,19.88599967956543,15.032094955444336,1600
2016-09-30,19.71999931335449,19.93000030517578,19.71999931335449,19.90999984741211,15.050237655639648,1100
2016-10-03,19.729999542236328,19.86100006103516,19.729999542236328,19.82999992370605,14.989763259887695,500
2016-10-04,19.94099998474121,19.979999542236328,19.90999984741211,19.90999984741211,15.050237655639648,1400
2016-10-05,19.979999542236328,20.143999099731445,19.979999542236328,20.143999099731445,15.227116584777832,3700
2016-10-06,20.26499938964844,20.29899978637696,20.26499938964844,20.29899978637696,15.344286918640137,400
2016-10-07,20.25,20.299999237060547,20.093000411987305,20.093000411987305,15.18856716156006,600
2016-10-10,20.093000411987305,20.093000411987305,20.093000411987305,20.093000411987305,15.18856716156006,0
2016-10-11,20.093000411987305,20.093000411987305,20.093000411987305,20.093000411987305,15.18856716156006,0
2016-10-12,19.89800071716309,19.934999465942383,19.8799991607666,19.93000030517578,15.065353393554688,1700
2016-10-13,19.93000030517578,19.93000030517578,19.93000030517578,19.93000030517578,15.065353393554688,0
2016-10-14,19.8759994506836,19.8759994506836,19.8759994506836,19.8759994506836,15.024535179138184,100
2016-10-17,19.8759994506836,19.8759994506836,19.8759994506836,19.8759994506836,15.024535179138184,0
2016-10-18,19.950000762939453,19.979999542236328,19.950000762939453,19.979999542236328,15.103147506713867,1000
2016-10-19,19.88999938964844,20.049999237060547,19.88999938964844,19.989999771118164,15.110708236694336,1500
2016-10-20,19.989999771118164,19.989999771118164,19.989999771118164,19.989999771118164,15.110708236694336,0
2016-10-21,20.11000061035156,20.113000869750977,20.030000686645508,20.045000076293945,15.152287483215332,3000
2016-10-24,20.045000076293945,20.045000076293945,20.045000076293945,20.045000076293945,15.152287483215332,0
2016-10-25,20.045000076293945,20.045000076293945,20.045000076293945,20.045000076293945,15.152287483215332,0
2016-10-26,20.19499969482422,20.19499969482422,20.19499969482422,20.19499969482422,15.265671730041504,300
2016-10-27,20.19499969482422,20.19499969482422,20.19499969482422,20.19499969482422,15.265671730041504,0
2016-10-28,20.07999992370605,20.100000381469727,20.040000915527344,20.100000381469727,15.193859100341797,5100
2016-10-31,20.242000579833984,20.242000579833984,20.13999938964844,20.14699935913086,15.229388236999512,400
2016-11-01,20.121000289916992,20.121000289916992,20.121000289916992,20.121000289916992,15.209733963012695,600
2016-11-02,20.0,20.0,19.8799991607666,19.89999961853028,15.04267692565918,500
2016-11-03,19.89999961853028,19.89999961853028,19.89999961853028,19.89999961853028,15.04267692565918,0
2016-11-04,19.89999961853028,19.89999961853028,19.89999961853028,19.89999961853028,15.04267692565918,0
2016-11-07,19.88999938964844,19.88999938964844,19.82999992370605,19.82999992370605,14.989763259887695,200
2016-11-08,19.82999992370605,19.82999992370605,19.770000457763672,19.82999992370605,14.989763259887695,800
2016-11-09,20.14999961853028,20.14999961853028,19.799999237060547,20.059999465942383,15.163620948791504,3900
2016-11-10,20.11000061035156,20.11000061035156,20.100000381469727,20.100000381469727,15.193859100341797,3200
2016-11-11,20.100000381469727,20.100000381469727,20.100000381469727,20.100000381469727,15.193859100341797,0
2016-11-14,19.827999114990234,19.827999114990234,19.827999114990234,19.827999114990234,14.988250732421877,300
2016-11-15,19.989999771118164,20.04700088500977,19.989999771118164,20.04700088500977,15.153797149658203,300
2016-11-16,20.04700088500977,20.04700088500977,20.04700088500977,20.04700088500977,15.153797149658203,0
2016-11-17,20.04700088500977,20.04700088500977,20.04700088500977,20.04700088500977,15.153797149658203,0
2016-11-18,20.06999969482422,20.076000213623047,20.06999969482422,20.076000213623047,15.1757173538208,400
2016-11-21,20.36000061035156,20.40999984741211,20.36000061035156,20.3799991607666,15.40551471710205,900
2016-11-22,20.78899955749512,20.84000015258789,20.709999084472656,20.739999771118164,15.677644729614258,14400
2016-11-23,20.75,20.75,20.68000030517578,20.68000030517578,15.632288932800291,3200
2016-11-25,20.68000030517578,20.68000030517578,20.68000030517578,20.68000030517578,15.632288932800291,0
2016-11-28,20.68000030517578,20.68000030517578,20.68000030517578,20.68000030517578,15.632288932800291,0
2016-11-29,20.15999984741211,20.39999961853028,20.15999984741211,20.36000061035156,15.39039707183838,2900
2016-11-30,20.420000076293945,20.440000534057617,20.32999992370605,20.32999992370605,15.367720603942873,2400
2016-12-01,20.73200035095215,20.73200035095215,20.56999969482422,20.56999969482422,15.549139022827148,19400
2016-12-02,20.56999969482422,20.56999969482422,20.56999969482422,20.56999969482422,15.549139022827148,100
2016-12-05,20.780000686645508,21.170000076293945,20.780000686645508,20.9950008392334,15.870402336120604,3400
2016-12-06,21.15999984741211,21.270000457763672,21.14999961853028,21.270000457763672,16.078277587890625,700
2016-12-07,21.459999084472656,21.722000122070312,21.450000762939453,21.670000076293945,16.380643844604492,4900
2016-12-08,21.78400039672852,21.950000762939453,21.76000022888184,21.76000022888184,16.44867706298828,10100
2016-12-09,21.85700035095215,21.858999252319336,21.85700035095215,21.858999252319336,16.52351188659668,2200
2016-12-12,22.40999984741211,22.40999984741211,21.56999969482422,21.617000579833984,16.3405818939209,11300
2016-12-13,21.88999938964844,22.030000686645508,21.82999992370605,21.82999992370605,16.501588821411133,17400
2016-12-14,21.75,21.82999992370605,21.690000534057617,21.690000534057617,16.395761489868164,1800
2016-12-15,21.452999114990234,21.530000686645508,21.42099952697754,21.530000686645508,16.274818420410156,2500
2016-12-16,21.530000686645508,21.530000686645508,21.530000686645508,21.530000686645508,16.274818420410156,100
2016-12-19,21.299999237060547,21.299999237060547,20.709999084472656,20.709999084472656,16.191162109375,1300
2016-12-20,20.714000701904297,20.738000869750977,20.709999084472656,20.709999084472656,16.191162109375,900
2016-12-21,20.709999084472656,20.709999084472656,20.709999084472656,20.709999084472656,16.191162109375,0
2016-12-22,20.81999969482422,20.81999969482422,20.739999771118164,20.81800079345703,16.275596618652344,1000
2016-12-23,20.780000686645508,20.9689998626709,20.63999938964844,20.9689998626709,16.393648147583008,1900
2016-12-27,20.854999542236328,20.89999961853028,20.854999542236328,20.8700008392334,16.316251754760742,2200
2016-12-28,20.81999969482422,20.81999969482422,20.770000457763672,20.785999298095703,16.250579833984375,800
2016-12-29,20.785999298095703,20.785999298095703,20.785999298095703,20.785999298095703,16.250579833984375,0
2016-12-30,20.94499969482422,20.94499969482422,20.809999465942383,20.84000015258789,16.292797088623047,1300
2017-01-03,21.020000457763672,21.163000106811523,20.959999084472656,21.045000076293945,16.453067779541016,2300
2017-01-04,21.14999961853028,21.209999084472656,21.041000366210938,21.06999969482422,16.472612380981445,1600
2017-01-05,20.961000442504883,21.15800094604492,20.961000442504883,21.15800094604492,16.541412353515625,300
2017-01-06,20.97800064086914,20.97800064086914,20.97800064086914,20.97800064086914,16.400686264038086,200
2017-01-09,20.68000030517578,20.73500061035156,20.68000030517578,20.73500061035156,16.210710525512695,700
2017-01-10,21.0,21.0,20.65999984741211,20.65999984741211,16.152070999145508,200
2017-01-11,20.660999298095703,20.660999298095703,20.660999298095703,20.660999298095703,16.152854919433594,300
2017-01-12,20.90999984741211,20.96999931335449,20.90999984741211,20.96999931335449,16.394432067871094,300
2017-01-13,20.96999931335449,20.96999931335449,20.96999931335449,20.96999931335449,16.394432067871094,0
2017-01-17,20.93000030517578,20.93000030517578,20.93000030517578,20.93000030517578,16.3631591796875,400
2017-01-18,20.93099975585937,20.93099975585937,20.93099975585937,20.93099975585937,16.363941192626953,200
2017-01-19,20.799999237060547,20.815000534057617,20.799999237060547,20.799999237060547,16.26152229309082,1600
2017-01-20,20.799999237060547,20.799999237060547,20.799999237060547,20.799999237060547,16.26152229309082,0
2017-01-23,20.729999542236328,20.809999465942383,20.729999542236328,20.809999465942383,16.269344329833984,700
2017-01-24,21.01000022888184,21.14999961853028,21.01000022888184,21.14999961853028,16.53515625,5700
2017-01-25,21.200000762939453,21.209999084472656,21.030000686645508,21.030000686645508,16.441343307495117,1400
2017-01-26,21.01099967956543,21.01099967956543,20.920000076293945,20.920000076293945,16.3553409576416,2500
2017-01-27,21.04700088500977,21.04700088500977,21.0,21.0,16.41788673400879,300
2017-01-30,20.871000289916992,20.937000274658203,20.871000289916992,20.937000274658203,16.36863136291504,500
2017-01-31,20.920000076293945,20.920000076293945,20.920000076293945,20.920000076293945,16.3553409576416,1100
2017-02-01,20.920000076293945,20.920000076293945,20.920000076293945,20.920000076293945,16.3553409576416,0
2017-02-02,20.86400032043457,20.86400032043457,20.86400032043457,20.86400032043457,16.311561584472656,200
2017-02-03,20.95499992370605,20.95499992370605,20.93899917602539,20.93899917602539,16.370195388793945,300
2017-02-06,20.93899917602539,20.93899917602539,20.93899917602539,20.93899917602539,16.370195388793945,0
2017-02-07,20.724000930786133,20.799999237060547,20.724000930786133,20.799999237060547,16.26152229309082,2900
2017-02-08,20.6200008392334,20.790000915527344,20.6200008392334,20.790000915527344,16.253705978393555,300
2017-02-09,21.09000015258789,21.1299991607666,21.041000366210938,21.041000366210938,16.449939727783203,1000
2017-02-10,21.041000366210938,21.041000366210938,21.041000366210938,21.041000366210938,16.449939727783203,0
2017-02-13,21.041000366210938,21.041000366210938,21.041000366210938,21.041000366210938,16.449939727783203,1000
2017-02-14,21.426000595092773,21.426000595092773,21.426000595092773,21.426000595092773,16.750934600830078,200
2017-02-15,21.270000457763672,21.666000366210938,21.270000457763672,21.450000762939453,16.769699096679688,900
2017-02-16,21.450000762939453,21.450000762939453,21.450000762939453,21.450000762939453,16.769699096679688,0
2017-02-17,21.60199928283692,21.60199928283692,21.60199928283692,21.60199928283692,16.888530731201172,300
2017-02-21,21.60199928283692,21.60199928283692,21.60199928283692,21.60199928283692,16.888530731201172,0
2017-02-22,21.690000534057617,21.690000534057617,21.690000534057617,21.690000534057617,16.95733070373535,300
2017-02-23,21.709999084472656,21.738000869750977,21.700000762939453,21.700000762939453,16.965150833129883,1200
2017-02-24,21.700000762939453,21.82900047302246,21.700000762939453,21.82900047302246,17.066001892089844,1100
2017-02-27,21.82900047302246,21.82900047302246,21.82900047302246,21.82900047302246,17.066001892089844,0
2017-02-28,21.917999267578125,21.917999267578125,21.80900001525879,21.80900001525879,17.050365447998047,400
2017-03-01,21.80900001525879,21.80900001525879,21.80900001525879,21.80900001525879,17.050365447998047,0
2017-03-02,21.80900001525879,21.80900001525879,21.80900001525879,21.80900001525879,17.050365447998047,0
2017-03-03,21.799999237060547,21.90999984741211,21.559999465942383,21.89999961853028,17.12150764465332,1600
2017-03-06,21.89999961853028,21.89999961853028,21.89999961853028,21.89999961853028,17.12150764465332,0
2017-03-07,21.89999961853028,21.89999961853028,21.89999961853028,21.89999961853028,17.12150764465332,0
2017-03-08,21.89999961853028,22.049999237060547,21.79899978637696,21.79899978637696,17.042545318603516,700
2017-03-09,21.68199920654297,21.68199920654297,21.36100006103516,21.402999877929688,16.732954025268555,700
2017-03-10,21.76700019836425,21.8700008392334,21.76700019836425,21.8700008392334,17.098054885864258,1100
2017-03-13,21.90999984741211,21.90999984741211,21.90999984741211,21.90999984741211,17.12932777404785,300
2017-03-14,22.07999992370605,22.07999992370605,22.059999465942383,22.059999465942383,17.246597290039062,1000
2017-03-15,21.87299919128418,22.170000076293945,21.87299919128418,22.170000076293945,17.332595825195312,11600
2017-03-16,22.38999938964844,22.57999992370605,22.350000381469727,22.479999542236328,17.574953079223633,2700
2017-03-17,22.479999542236328,22.479999542236328,22.479999542236328,22.479999542236328,17.574953079223633,0
2017-03-20,22.600000381469727,22.600000381469727,22.40900039672852,22.46999931335449,17.567138671875,1400
2017-03-21,22.225000381469727,22.225000381469727,22.225000381469727,22.225000381469727,17.375598907470703,300
2017-03-22,22.059999465942383,22.229999542236328,22.059999465942383,22.229999542236328,17.379505157470703,900
2017-03-23,22.25,22.25,22.21500015258789,22.21500015258789,17.367778778076172,200
2017-03-24,22.166000366210938,22.25,22.166000366210938,22.25,17.395139694213867,1900
2017-03-27,22.13999938964844,22.18199920654297,22.11000061035156,22.15999984741211,17.324777603149414,1300
2017-03-28,22.200000762939453,22.239999771118164,22.155000686645508,22.155000686645508,17.320871353149414,2000
2017-03-29,22.25,22.549999237060547,22.25,22.549999237060547,17.629680633544922,3700
2017-03-30,22.614999771118164,22.64999961853028,22.614999771118164,22.64999961853028,17.707862854003906,400
2017-03-31,22.64999961853028,22.64999961853028,22.64999961853028,22.64999961853028,17.707862854003906,0
2017-04-03,22.450000762939453,22.549999237060547,22.450000762939453,22.549999237060547,17.629680633544922,1300
2017-04-04,22.549999237060547,22.739999771118164,22.549999237060547,22.729999542236328,17.77040672302246,2200
2017-04-05,22.559999465942383,22.559999465942383,22.395000457763672,22.395000457763672,17.508502960205078,500
2017-04-06,22.402999877929688,22.402999877929688,22.402999877929688,22.402999877929688,17.51475715637207,1000
2017-04-07,22.31999969482422,22.31999969482422,22.31999969482422,22.31999969482422,17.44986915588379,300
2017-04-10,22.540000915527344,22.68899917602539,22.530000686645508,22.530000686645508,17.61404800415039,1000
2017-04-11,22.59000015258789,22.670000076293945,22.450000762939453,22.670000076293945,17.72349739074707,700
2017-04-12,22.709999084472656,22.709999084472656,22.34000015258789,22.350000381469727,17.47332191467285,1700
2017-04-13,22.56999969482422,22.65999984741211,22.3799991607666,22.3799991607666,17.496776580810547,1300
2017-04-17,22.299999237060547,22.520000457763672,22.26000022888184,22.520000457763672,17.606231689453125,500
2017-04-18,22.520000457763672,22.520000457763672,22.520000457763672,22.520000457763672,17.606231689453125,0
2017-04-19,22.14200019836425,22.14200019836425,22.1299991607666,22.1299991607666,17.30132484436035,1400
2017-04-20,22.1299991607666,22.1299991607666,22.1299991607666,22.1299991607666,17.30132484436035,0
2017-04-21,22.1299991607666,22.1299991607666,22.1299991607666,22.1299991607666,17.30132484436035,0
2017-04-24,22.483999252319336,22.483999252319336,22.483999252319336,22.483999252319336,17.578081130981445,300
2017-04-25,22.483999252319336,22.483999252319336,22.483999252319336,22.483999252319336,17.578081130981445,0
2017-04-26,22.895000457763672,22.895000457763672,22.895000457763672,22.895000457763672,17.899404525756836,600
2017-04-27,22.916000366210938,22.916000366210938,22.51000022888184,22.51000022888184,17.59840965270996,200
2017-04-28,22.93000030517578,22.94499969482422,22.93000030517578,22.93000030517578,17.926767349243164,6200
2017-05-01,22.89299964904785,22.940000534057617,22.89299964904785,22.89999961853028,17.90331268310547,1900
2017-05-02,23.059999465942383,23.059999465942383,22.95499992370605,22.95499992370605,17.946311950683594,1400
2017-05-03,22.940000534057617,22.989999771118164,22.812000274658203,22.81999969482422,17.840768814086914,1000
2017-05-04,22.433000564575195,22.80599975585937,22.433000564575195,22.80599975585937,17.829824447631836,1600
2017-05-05,22.82999992370605,23.0,22.82999992370605,22.86800003051757,17.8782958984375,3500
2017-05-08,22.950000762939453,23.11000061035156,22.950000762939453,23.049999237060547,18.020584106445312,2900
2017-05-09,22.989999771118164,23.190000534057617,22.989999771118164,23.190000534057617,18.13003730773925,1400
2017-05-10,23.049999237060547,23.049999237060547,23.049999237060547,23.049999237060547,18.020584106445312,100
2017-05-11,23.09000015258789,23.23500061035156,23.09000015258789,23.209999084472656,18.145671844482425,3000
2017-05-12,23.209999084472656,23.209999084472656,23.209999084472656,23.209999084472656,18.145671844482425,0
2017-05-15,23.280000686645508,23.450000762939453,23.280000686645508,23.33099937438965,18.240272521972656,1400
2017-05-16,23.25,23.3799991607666,23.25,23.3799991607666,18.27857780456543,400
2017-05-17,22.940000534057617,22.98900032043457,22.940000534057617,22.940000534057617,17.934587478637695,3300
2017-05-18,22.6299991607666,22.8700008392334,22.43000030517578,22.589000701904297,17.660173416137695,1700
2017-05-19,23.07999992370605,23.18000030517578,22.7549991607666,22.7549991607666,17.789953231811523,1200
2017-05-22,23.15999984741211,23.18000030517578,23.01000022888184,23.15699958801269,18.104236602783203,3100
2017-05-23,22.940000534057617,23.049999237060547,22.63999938964844,22.63999938964844,17.700044631958008,5900
2017-05-24,22.63999938964844,22.9379997253418,22.6200008392334,22.88999938964844,17.895496368408203,5600
2017-05-25,22.77499961853028,22.799999237060547,22.6299991607666,22.6299991607666,17.692228317260742,5100
2017-05-26,22.59000015258789,22.64999961853028,22.59000015258789,22.64999961853028,17.707862854003906,1500
2017-05-30,22.847000122070312,22.847000122070312,22.847000122070312,22.847000122070312,17.86187744140625,600
2017-05-31,22.36400032043457,22.36400032043457,22.332000732421875,22.332000732421875,17.459251403808594,700
2017-06-01,22.39999961853028,22.780000686645508,22.3799991607666,22.780000686645508,17.809497833251953,3900
2017-06-02,22.68000030517578,22.799999237060547,22.674999237060547,22.790000915527344,17.81731605529785,2000
2017-06-05,22.559999465942383,22.69499969482422,22.559999465942383,22.600000381469727,17.668771743774414,1300
2017-06-06,22.8700008392334,22.8700008392334,22.75,22.80599975585937,17.829824447631836,3300
2017-06-07,22.86899948120117,22.86899948120117,22.86000061035156,22.86000061035156,17.872041702270508,200
2017-06-08,22.690000534057617,22.858999252319336,22.690000534057617,22.850000381469727,17.86422348022461,1400
2017-06-09,22.86000061035156,22.86000061035156,22.86000061035156,22.86000061035156,17.872041702270508,400
2017-06-12,22.920000076293945,22.950000762939453,22.86000061035156,22.950000762939453,17.94240379333496,2400
2017-06-13,23.1200008392334,23.450000762939453,22.950000762939453,23.3799991607666,18.27857780456543,2400
2017-06-14,23.209999084472656,23.21999931335449,23.045000076293945,23.045000076293945,18.016674041748047,1000
2017-06-15,23.045000076293945,23.045000076293945,23.045000076293945,23.045000076293945,18.016674041748047,0
2017-06-16,23.035999298095703,23.20199966430664,23.035999298095703,23.1560001373291,18.103456497192383,500
2017-06-19,23.46999931335449,23.520000457763672,23.32999992370605,23.32999992370605,18.239490509033203,3800
2017-06-20,22.86000061035156,23.0,22.840999603271484,22.972000122070312,17.959604263305664,1900
2017-06-21,23.086000442504883,23.086000442504883,22.950000762939453,22.950000762939453,17.94240379333496,900
2017-06-22,22.809999465942383,22.809999465942383,22.799999237060547,22.799999237060547,17.825132369995117,900
2017-06-23,22.81999969482422,22.97900009155273,22.81999969482422,22.97900009155273,17.96507453918457,1100
2017-06-26,23.1299991607666,23.27199935913086,23.1299991607666,23.200000762939453,18.13785552978516,3300
2017-06-27,23.200000762939453,23.420000076293945,23.200000762939453,23.200000762939453,18.13785552978516,3500
2017-06-28,23.13999938964844,23.489999771118164,23.13999938964844,23.459999084472656,18.341123580932617,3600
2017-06-29,23.43000030517578,23.43000030517578,23.299999237060547,23.299999237060547,18.216033935546875,1000
2017-06-30,23.440000534057617,23.440000534057617,23.0,23.3799991607666,18.27857780456543,3500
2017-07-03,23.75,23.75,23.5,23.5,18.37239646911621,2600
2017-07-05,23.350000381469727,23.40999984741211,23.020000457763672,23.190000534057617,18.13003730773925,3700
2017-07-06,23.1299991607666,23.299999237060547,23.1299991607666,23.1299991607666,18.0831241607666,2000
2017-07-07,23.20499992370605,23.45199966430664,23.16900062561035,23.45199966430664,18.33487129211425,2700
2017-07-10,23.700000762939453,23.700000762939453,23.2549991607666,23.420000076293945,18.309852600097656,1600
2017-07-11,23.38999938964844,23.65999984741211,23.38999938964844,23.64999961853028,18.489665985107425,1900
2017-07-12,23.652000427246094,23.780000686645508,23.5,23.780000686645508,18.59130096435547,3100
2017-07-13,23.6200008392334,23.76000022888184,23.6200008392334,23.63999938964844,18.48185157775879,2500
2017-07-14,24.09000015258789,24.09000015258789,24.03499984741211,24.03499984741211,18.79066276550293,1500
2017-07-17,23.950000762939453,24.040000915527344,23.91699981689453,23.950000762939453,18.72421264648437,1800
2017-07-18,24.059999465942383,24.18000030517578,23.975000381469727,23.975000381469727,18.743751525878903,700
2017-07-19,24.07999992370605,24.07999992370605,24.07999992370605,24.07999992370605,18.825841903686523,600
2017-07-20,24.11599922180176,24.36000061035156,24.11599922180176,24.340999603271484,19.02989196777344,1500
2017-07-21,24.299999237060547,24.299999237060547,24.299999237060547,24.299999237060547,18.997838973999023,400
2017-07-24,24.290000915527344,24.417999267578125,24.290000915527344,24.38999938964844,19.068199157714844,2600
2017-07-25,24.65999984741211,24.65999984741211,24.378999710083008,24.530000686645508,19.17765235900879,900
2017-07-26,24.82999992370605,24.82999992370605,24.65699958801269,24.78300094604492,19.37545394897461,1700
2017-07-27,24.64999961853028,24.799999237060547,24.5,24.5,19.154199600219727,4600
2017-07-28,24.606000900268555,24.61000061035156,24.5,24.5,19.154199600219727,1300
2017-07-31,24.790000915527344,24.93000030517578,24.665000915527344,24.82999992370605,19.41219711303711,3500
2017-08-01,24.780000686645508,25.020000457763672,24.780000686645508,24.86000061035156,19.435651779174805,2500
2017-08-02,25.132999420166016,25.15999984741211,24.950000762939453,24.950000762939453,19.506010055541992,1200
2017-08-03,24.89999961853028,25.03499984741211,24.729999542236328,24.850000381469727,19.42783164978028,5000
2017-08-04,25.170000076293945,25.170000076293945,24.84000015258789,24.93199920654297,19.49193954467773,2400
2017-08-07,24.809999465942383,24.834999084472656,24.729999542236328,24.756999969482425,19.355125427246094,1600
2017-08-08,24.799999237060547,25.0049991607666,24.799999237060547,24.799999237060547,19.388744354248047,1400
2017-08-09,24.729999542236328,24.729999542236328,24.50300025939941,24.50300025939941,19.15654754638672,800
2017-08-10,24.5,24.63999938964844,24.1299991607666,24.3799991607666,19.06038284301757,3300
2017-08-11,24.290000915527344,24.520000457763672,24.082000732421875,24.27499961853028,18.978290557861328,4100
2017-08-14,24.450000762939453,24.600000381469727,24.450000762939453,24.600000381469727,19.23238182067871,600
2017-08-15,24.530000686645508,24.71999931335449,24.24099922180176,24.2450008392334,18.9548397064209,2200
2017-08-16,24.21699905395508,24.21699905395508,24.100000381469727,24.100000381469727,18.84148025512696,400
2017-08-17,24.290000915527344,24.290000915527344,24.100000381469727,24.100000381469727,18.84148025512696,600
2017-08-18,24.39999961853028,24.450000762939453,24.125,24.125,18.861026763916016,2700
2017-08-21,24.31999969482422,24.39999961853028,24.1299991607666,24.39999961853028,19.07601928710937,2200
2017-08-22,24.38999938964844,24.39999961853028,24.239999771118164,24.39999961853028,19.07601928710937,6200
2017-08-23,24.40999984741211,24.5,24.378999710083008,24.5,19.154199600219727,4500
2017-08-24,24.68000030517578,25.099000930786133,24.68000030517578,24.979999542236328,19.52946281433105,4000
2017-08-25,25.01000022888184,25.40999984741211,24.88999938964844,25.18899917602539,19.69286155700684,19600
2017-08-28,25.31999969482422,25.613000869750977,25.31999969482422,25.57999992370605,19.99854850769043,9500
2017-08-29,25.350000381469727,25.549999237060547,25.200000762939453,25.5,19.936006546020508,6100
2017-08-30,25.583999633789062,25.59000015258789,25.375,25.59000015258789,20.006366729736328,7500
2017-08-31,25.600000381469727,25.809999465942383,25.600000381469727,25.600000381469727,20.01418685913086,4400
2017-09-01,25.600000381469727,26.099000930786133,25.600000381469727,26.0,20.32690620422364,18100
2017-09-05,26.100000381469727,26.21999931335449,25.5,25.5,19.936006546020508,20000
2017-09-06,25.64900016784668,25.850000381469727,25.600000381469727,25.850000381469727,20.209636688232425,13500
2017-09-07,25.799999237060547,26.0,25.73600006103516,26.0,20.32690620422364,6900
2017-09-08,25.85099983215332,26.0,25.75,25.950000762939453,20.287817001342773,4100
2017-09-11,26.100000381469727,26.25,25.799999237060547,25.850000381469727,20.209636688232425,11800
2017-09-12,25.950000762939453,26.25,25.81999969482422,25.81999969482422,20.186180114746094,4800
2017-09-13,26.34000015258789,26.43000030517578,26.14999961853028,26.200000762939453,20.48326873779297,22400
2017-09-14,26.190000534057617,26.440000534057617,26.0,26.1200008392334,20.42072486877441,16700
2017-09-15,26.030000686645508,26.25,26.0,26.13999938964844,20.436357498168945,7500
2017-09-18,26.14999961853028,26.299999237060547,26.1200008392334,26.246999740600582,20.52001190185547,4800
2017-09-19,26.11000061035156,26.38999938964844,26.09000015258789,26.33699989318848,20.59037399291992,2900
2017-09-20,26.440000534057617,26.600000381469727,26.440000534057617,26.479999542236328,20.7021713256836,3600
2017-09-21,26.3700008392334,26.584999084472656,26.25900077819824,26.5,20.71780776977539,6500
2017-09-22,26.3799991607666,26.54599952697754,26.350000381469727,26.450000762939453,20.67871856689453,2700
2017-09-25,26.549999237060547,26.780000686645508,26.520999908447266,26.780000686645508,20.93671226501465,5600
2017-09-26,26.76000022888184,27.027000427246094,26.729999542236328,26.729999542236328,20.897624969482425,5000
2017-09-27,26.63999938964844,26.96299934387207,26.2810001373291,26.73900032043457,20.904661178588867,10100
2017-09-28,26.540000915527344,26.989999771118164,26.270000457763672,26.88999938964844,21.02271270751953,7200
2017-09-29,27.076000213623047,27.076000213623047,26.746000289916992,26.82699966430664,20.97345733642578,2100
2017-10-02,26.63999938964844,26.959999084472656,26.479999542236328,26.959999084472656,21.077436447143555,12500
2017-10-03,26.81999969482422,27.218000411987305,26.68000030517578,27.114999771118164,21.198619842529297,5400
2017-10-04,26.95599937438965,27.059999465942383,26.780000686645508,27.05900001525879,21.15483856201172,5000
2017-10-05,27.041000366210938,27.155000686645508,27.03300094604492,27.059999465942383,21.155616760253903,5500
2017-10-06,26.979999542236328,27.170000076293945,26.799999237060547,27.170000076293945,21.24161529541016,6900
2017-10-09,27.020000457763672,27.450000762939453,27.020000457763672,27.1200008392334,21.202526092529297,5500
2017-10-10,27.44499969482422,27.44499969482422,27.02499961853028,27.239999771118164,21.296342849731445,5000
2017-10-11,27.0,27.30900001525879,27.0,27.299999237060547,21.34325408935547,2300
2017-10-12,27.3700008392334,27.499000549316406,27.3700008392334,27.3700008392334,21.39797782897949,6300
2017-10-13,27.64999961853028,28.11000061035156,27.64999961853028,27.937000274658203,21.84126091003418,2800
2017-10-16,28.36000061035156,28.36000061035156,27.530000686645508,27.90999984741211,21.820152282714844,10400
2017-10-17,27.63999938964844,27.65999984741211,27.53899955749512,27.6200008392334,21.593429565429688,6400
2017-10-18,27.559999465942383,27.832000732421875,27.520000457763672,27.65999984741211,21.62470054626465,4100
2017-10-19,27.489999771118164,27.68199920654297,27.479999542236328,27.56999969482422,21.554338455200195,2400
2017-10-20,27.6200008392334,27.75,27.34000015258789,27.64900016784668,21.61610221862793,8800
2017-10-23,27.700000762939453,28.003999710083008,27.700000762939453,28.003999710083008,21.89364051818848,500
2017-10-24,27.81999969482422,28.1259994506836,27.81999969482422,27.82999992370605,21.75760841369629,3300
2017-10-25,27.81999969482422,28.040000915527344,27.549999237060547,27.950000762939453,21.851423263549805,3700
2017-10-26,28.1299991607666,28.21299934387207,27.63800048828125,27.73500061035156,21.683338165283203,6200
2017-10-27,27.920000076293945,28.25,27.920000076293945,28.0,21.89051818847656,2600
2017-10-30,28.299999237060547,28.6299991607666,28.200000762939453,28.5,22.28141593933105,3800
2017-10-31,28.45499992370605,28.45499992370605,28.1200008392334,28.1200008392334,21.984331130981445,1900
2017-11-01,28.489999771118164,28.698999404907227,28.489999771118164,28.676000595092773,22.41901397705078,3000
2017-11-02,28.76000022888184,29.201000213623047,28.76000022888184,28.920000076293945,22.60977554321289,12700
2017-11-03,28.8700008392334,29.200000762939453,28.700000762939453,28.799999237060547,22.515958786010746,11900
2017-11-06,28.799999237060547,29.290000915527344,28.799999237060547,29.030000686645508,22.695770263671875,22500
2017-11-07,29.0,29.336000442504883,28.788000106811523,28.86000061035156,22.562864303588867,5700
2017-11-08,28.86599922180176,29.01000022888184,28.801000595092773,28.920000076293945,22.60977554321289,3500
2017-11-09,28.709999084472656,28.709999084472656,28.354999542236328,28.6299991607666,22.3830509185791,10700
2017-11-10,28.69700050354004,28.83099937438965,28.549999237060547,28.67300033569336,22.41666984558105,3800
2017-11-13,28.559999465942383,28.56999969482422,27.38599967956543,28.5629997253418,22.33067321777344,12800
2017-11-14,28.6200008392334,28.729999542236328,27.0,28.56399917602539,22.331451416015625,13600
2017-11-15,28.31999969482422,28.31999969482422,27.98600006103516,28.290000915527344,22.11723899841309,9300
2017-11-16,28.31999969482422,28.575000762939453,28.31999969482422,28.51300048828125,22.29157829284668,11700
2017-11-17,28.5,28.708999633789062,28.5,28.64999961853028,22.398685455322266,1400
2017-11-20,28.65999984741211,28.68000030517578,28.57999992370605,28.64999961853028,22.398685455322266,15000
2017-11-21,28.96999931335449,29.141000747680664,28.940000534057617,29.07999992370605,22.73486328125,4200
2017-11-22,29.18000030517578,29.200000762939453,29.14999961853028,29.14999961853028,22.78959083557129,1800
2017-11-24,29.31999969482422,29.31999969482422,29.11000061035156,29.167999267578125,22.803661346435547,1400
2017-11-27,29.290000915527344,29.290000915527344,29.18899917602539,29.229999542236328,22.852134704589844,2200
2017-11-28,29.18000030517578,29.290000915527344,29.01099967956543,29.290000915527344,22.899044036865234,6500
2017-11-29,29.26000022888184,29.36000061035156,29.0,29.077999114990234,22.73329734802246,4300
2017-11-30,29.23699951171875,29.36800003051757,29.131000518798828,29.34499931335449,22.942041397094727,2200
2017-12-01,29.33699989318848,29.33699989318848,28.98900032043457,29.18000030517578,22.813045501708984,2700
2017-12-04,29.21999931335449,29.63999938964844,29.21999931335449,29.39999961853028,22.98504066467285,8900
2017-12-05,29.489999771118164,29.76000022888184,29.479999542236328,29.6299991607666,23.164854049682617,10800
2017-12-06,29.5,29.61000061035156,29.440000534057617,29.5,23.06322288513184,8500
2017-12-07,29.350000381469727,29.46999931335449,29.350000381469727,29.38999938964844,22.97722244262696,9400
2017-12-08,29.540000915527344,29.71999931335449,29.459999084472656,29.64999961853028,23.18048858642578,7800
2017-12-11,29.600000381469727,29.849000930786133,29.600000381469727,29.768999099731445,23.273527145385746,9600
2017-12-12,29.770000457763672,29.799999237060547,29.75,29.76000022888184,23.266489028930664,2400
2017-12-13,29.93000030517578,30.06999969482422,29.93000030517578,29.96999931335449,23.430667877197266,5800
2017-12-14,30.11000061035156,30.25,30.11000061035156,30.15999984741211,23.579212188720703,4700
2017-12-15,30.15999984741211,30.16900062561035,30.030000686645508,30.049999237060547,23.493209838867188,4700
2017-12-18,30.200000762939453,30.200000762939453,29.88500022888184,29.88500022888184,23.72021484375,13600
2017-12-19,29.780000686645508,30.02499961853028,29.6200008392334,29.68000030517578,23.557506561279297,13400
2017-12-20,29.799999237060547,30.25,29.799999237060547,30.239999771118164,24.00198554992676,11300
2017-12-21,30.229999542236328,30.40999984741211,30.200000762939453,30.200000762939453,23.970239639282227,9900
2017-12-22,30.239999771118164,30.36000061035156,30.100000381469727,30.309999465942383,24.05754280090332,15200
2017-12-26,30.459999084472656,30.66699981689453,30.450000762939453,30.61000061035156,24.29566192626953,16300
2017-12-27,30.76000022888184,30.902000427246094,30.66900062561035,30.82999992370605,24.470277786254883,22900
2017-12-28,30.790000915527344,30.825000762939453,30.700000762939453,30.780000686645508,24.43059539794922,8600
2017-12-29,30.790000915527344,30.850000381469727,30.700000762939453,30.700000762939453,24.367094039916992,10300
2018-01-02,30.84000015258789,31.040000915527344,30.795000076293945,30.93000030517578,24.549650192260746,33800
2018-01-03,31.020000457763672,31.26000022888184,31.020000457763672,31.165000915527344,24.73617553710937,32300
2018-01-04,31.350000381469727,31.38999938964844,31.27499961853028,31.350000381469727,24.88301086425781,12100
2018-01-05,31.21999931335449,31.459999084472656,31.11800003051757,31.3799991607666,24.906822204589844,41300
2018-01-08,31.39999961853028,31.479999542236328,31.200000762939453,31.299999237060547,24.843324661254883,59100
2018-01-09,31.290000915527344,31.3799991607666,30.950000762939453,30.950000762939453,24.56552505493164,353700
2018-01-10,31.309999465942383,31.584999084472656,31.14999961853028,31.34000015258789,24.875076293945312,22700
2018-01-11,31.530000686645508,31.71999931335449,31.530000686645508,31.64999961853028,25.12112617492676,20900
2018-01-12,31.76000022888184,32.270999908447266,31.76000022888184,32.060001373291016,25.44655418395996,59800
2018-01-16,32.060001373291016,32.060001373291016,31.440000534057617,31.54599952697754,25.0385799407959,33300
2018-01-17,31.63999938964844,31.93000030517578,31.63999938964844,31.79800033569336,25.238597869873047,14000
2018-01-18,31.6200008392334,31.6200008392334,31.0,31.450000762939453,24.962383270263672,22000
2018-01-19,31.61000061035156,31.65999984741211,31.459999084472656,31.600000381469727,25.081439971923828,7000
2018-01-22,31.920000076293945,32.099998474121094,31.88999938964844,32.099998474121094,25.47829818725586,11000
2018-01-23,32.150001525878906,32.15999984741211,32.029998779296875,32.130001068115234,25.50210762023925,17500
2018-01-24,32.22999954223633,32.22999954223633,31.88500022888184,31.920000076293945,25.335430145263672,7100
2018-01-25,32.09000015258789,32.09000015258789,31.709999084472656,31.71999931335449,25.17668533325196,11800
2018-01-26,31.809999465942383,31.93899917602539,31.700000762939453,31.86400032043457,25.290979385375977,19000
2018-01-29,32.0099983215332,32.0099983215332,31.71999931335449,31.71999931335449,25.17668533325196,18000
2018-01-30,31.489999771118164,31.489999771118164,31.100000381469727,31.15999984741211,24.73220443725586,19300
2018-01-31,31.25,31.415000915527344,31.17099952697754,31.36000061035156,24.89094924926757,9500
2018-02-01,31.33300018310547,31.39999961853028,30.950000762939453,31.093000411987305,24.679027557373047,25500
2018-02-02,30.799999237060547,30.9060001373291,30.209999084472656,30.299999237060547,24.04960823059082,57300
2018-02-05,29.8799991607666,30.290000915527344,28.809999465942383,29.27199935913086,23.2336654663086,47000
2018-02-06,28.25,29.76000022888184,28.25,29.76000022888184,23.621000289916992,27600
2018-02-07,29.799999237060547,30.15900039672852,29.198999404907227,29.45199966430664,23.37653541564941,17100
2018-02-08,29.34000015258789,29.34000015258789,28.6200008392334,28.63999938964844,22.73204040527344,19500
2018-02-09,28.65999984741211,28.86000061035156,27.86000061035156,28.729999542236328,22.8034725189209,25200
2018-02-12,28.920000076293945,29.242000579833984,28.700000762939453,29.0,23.01777458190918,7200
2018-02-13,28.90999984741211,29.26000022888184,28.770000457763672,29.040000915527344,23.04952621459961,5000
2018-02-14,28.670000076293945,29.729999542236328,28.670000076293945,29.59000015258789,23.48607063293457,9000
2018-02-15,29.81999969482422,29.840999603271484,29.482999801635746,29.604999542236328,23.49797439575196,5200
2018-02-16,29.56999969482422,29.881000518798828,29.55500030517578,29.670000076293945,23.54956817626953,5900
2018-02-20,29.57999992370605,29.614999771118164,29.354999542236328,29.354999542236328,23.299543380737305,3000
2018-02-21,29.34000015258789,29.5,29.13999938964844,29.13999938964844,23.128894805908203,11100
2018-02-22,29.190000534057617,29.43000030517578,29.190000534057617,29.211000442504883,23.18524932861328,7200
2018-02-23,29.559999465942383,29.801000595092773,29.559999465942383,29.801000595092773,23.65354347229004,2300
2018-02-26,30.170000076293945,30.170000076293945,29.940000534057617,30.09000015258789,23.8829288482666,6300
2018-02-27,30.100000381469727,30.100000381469727,29.89999961853028,29.89999961853028,23.73212432861328,15600
2018-02-28,30.0,30.0,29.36100006103516,29.45499992370605,23.37891960144043,2800
2018-03-01,29.14999961853028,29.347999572753903,29.05299949645996,29.229999542236328,23.20033264160156,5800
2018-03-02,29.09199905395508,29.09199905395508,29.0,29.09000015258789,23.08921241760254,5600
2018-03-05,29.049999237060547,29.489999771118164,29.030000686645508,29.41399955749512,23.346376419067383,7500
2018-03-06,29.51000022888184,29.81100082397461,29.51000022888184,29.790000915527344,23.64481544494629,2100
2018-03-07,29.43000030517578,29.6299991607666,29.43000030517578,29.57999992370605,23.47813415527344,2400
2018-03-08,29.66699981689453,29.739999771118164,29.434999465942383,29.739999771118164,23.605125427246094,7800
2018-03-09,29.75,29.989999771118164,29.75,29.989999771118164,23.803556442260746,5900
2018-03-12,30.100000381469727,30.177000045776367,29.959999084472656,30.065000534057617,23.86308860778809,13900
2018-03-13,30.049999237060547,30.049999237060547,29.77199935913086,29.77199935913086,23.63052558898925,3200
2018-03-14,29.90999984741211,29.9379997253418,29.790000915527344,29.9379997253418,23.762283325195312,1100
2018-03-15,29.51000022888184,29.64699935913086,29.451000213623047,29.479999542236328,23.39876174926757,3700
2018-03-16,29.440000534057617,29.66900062561035,29.42099952697754,29.59000015258789,23.48607063293457,16600
2018-03-19,29.6299991607666,29.6299991607666,29.336000442504883,29.336000442504883,23.28446578979492,15400
2018-03-20,29.461000442504883,29.739999771118164,29.461000442504883,29.700000762939453,23.57337760925293,2700
2018-03-21,29.8700008392334,30.040000915527344,29.8700008392334,30.030000686645508,23.835304260253903,7700
2018-03-22,29.86000061035156,30.11000061035156,29.600000381469727,29.600000381469727,23.494007110595703,15800
2018-03-23,29.93000030517578,29.96999931335449,29.34499931335449,29.420000076293945,23.35113906860352,12000
2018-03-26,30.479999542236328,30.479999542236328,29.690000534057617,30.01000022888184,23.819429397583008,8200
2018-03-27,30.799999237060547,30.799999237060547,29.76000022888184,29.76000022888184,23.621000289916992,28400
2018-03-28,29.6299991607666,29.739999771118164,29.18000030517578,29.3799991607666,23.31938743591309,13500
2018-03-29,29.59000015258789,29.90999984741211,29.59000015258789,29.90999984741211,23.74005889892578,4400
2018-04-02,29.8700008392334,29.8700008392334,29.3700008392334,29.375,23.31542015075684,7100
2018-04-03,29.739999771118164,29.959999084472656,29.48500061035156,29.958999633789062,23.778949737548828,18700
2018-04-04,29.309999465942383,30.05699920654297,29.309999465942383,30.05699920654297,23.856733322143555,3400
2018-04-05,30.1200008392334,30.450000762939453,30.1200008392334,30.34000015258789,24.081356048583984,20600
2018-04-06,30.46999931335449,30.46999931335449,30.05599975585937,30.077999114990234,23.87340545654297,13400
2018-04-09,30.34000015258789,30.458999633789062,30.13999938964844,30.13999938964844,23.922611236572266,6800
2018-04-10,30.464000701904297,30.66900062561035,30.40999984741211,30.63999938964844,24.31947135925293,10800
2018-04-11,30.59000015258789,31.040000915527344,30.59000015258789,30.950000762939453,24.56552505493164,21200
2018-04-12,31.049999237060547,31.13999938964844,30.90399932861328,31.01000022888184,24.61314582824707,10900
2018-04-13,31.01000022888184,31.1299991607666,30.924999237060547,31.020000457763672,24.62108421325684,23000
2018-04-16,31.11000061035156,31.518999099731445,31.058000564575195,31.45499992370605,24.96635055541992,80900
2018-04-17,31.239999771118164,31.6200008392334,31.239999771118164,31.57999992370605,25.06556510925293,9700
2018-04-18,31.61000061035156,31.968000411987305,31.600000381469727,31.68000030517578,25.14493751525879,13000
2018-04-19,31.790000915527344,31.959999084472656,31.700000762939453,31.93000030517578,25.34336471557617,19200
2018-04-20,31.71999931335449,31.8700008392334,31.70800018310547,31.739999771118164,25.19256019592285,20000
2018-04-23,31.6200008392334,31.88999938964844,31.57999992370605,31.76000022888184,25.208436965942383,31700
2018-04-24,31.86000061035156,32.290000915527344,31.702999114990234,31.809999465942383,25.248119354248047,19300
2018-04-25,31.559999465942383,31.628999710083008,31.25,31.628999710083008,25.104455947875977,6400
2018-04-26,31.89999961853028,32.38999938964844,31.895000457763672,32.33000183105469,25.660852432250977,12700
2018-04-27,32.400001525878906,32.400001525878906,32.2400016784668,32.2400016784668,25.589418411254883,5100
2018-04-30,32.4900016784668,32.76900100708008,32.29999923706055,32.29999923706055,25.637039184570312,16900
2018-05-01,32.11000061035156,32.209999084472656,32.0,32.209999084472656,25.56560707092285,7500
2018-05-02,32.0099983215332,32.540000915527344,32.0099983215332,32.279998779296875,25.621166229248047,11700
2018-05-03,32.279998779296875,32.279998779296875,32.02199935913086,32.270999908447266,25.614023208618164,3800
2018-05-04,32.22100067138672,32.55799865722656,32.22100067138672,32.36000061035156,25.684663772583008,27200
2018-05-07,32.5,32.757999420166016,32.2599983215332,32.29800033569336,25.635454177856445,10200
2018-05-08,32.25,32.41999816894531,32.0099983215332,32.41999816894531,25.73228645324707,15700
2018-05-09,32.45000076293945,32.749000549316406,32.45000076293945,32.630001068115234,25.898969650268555,671500
2018-05-10,33.029998779296875,33.040000915527344,32.77000045776367,32.95000076293945,26.15295791625977,54100
2018-05-11,32.959999084472656,32.98199844360352,32.900001525878906,32.91999816894531,26.12914085388184,31300
2018-05-14,33.20000076293945,33.209999084472656,33.02000045776367,33.07600021362305,26.252967834472656,122400
2018-05-15,32.91999816894531,32.93000030517578,32.70000076293945,32.79999923706055,26.033899307250977,50400
2018-05-16,32.77000045776367,32.874000549316406,32.5989990234375,32.80899810791016,26.04104423522949,20600
2018-05-17,32.7400016784668,33.439998626708984,32.7400016784668,33.349998474121094,26.47044563293457,80700
2018-05-18,33.59000015258789,33.59000015258789,33.220001220703125,33.400001525878906,26.510128021240234,44900
2018-05-21,33.54999923706055,33.68000030517578,33.47999954223633,33.56999969482422,26.64506149291992,32200
2018-05-22,33.81999969482422,33.81999969482422,33.209999084472656,33.209999084472656,26.35932350158692,27600
2018-05-23,32.790000915527344,33.04399871826172,32.45000076293945,33.04399871826172,26.22756576538086,22300
2018-05-24,32.75,32.96699905395508,32.599998474121094,32.83000183105469,26.05771446228028,7200
2018-05-25,32.52000045776367,32.62699890136719,32.220001220703125,32.31999969482422,25.652915954589844,21000
2018-05-29,32.189998626708984,32.327999114990234,31.959999084472656,32.0,25.39892578125,27300
2018-05-30,32.06999969482422,32.79499816894531,32.06999969482422,32.79499816894531,26.029930114746094,5800
2018-05-31,32.86000061035156,33.202999114990234,32.82400131225586,32.82400131225586,26.05295181274414,3300
2018-06-01,32.91999816894531,33.349998474121094,32.91999816894531,33.34000015258789,26.462507247924805,14200
2018-06-04,33.63999938964844,33.849998474121094,33.349998474121094,33.459999084472656,26.557750701904297,17600
2018-06-05,33.33000183105469,33.33000183105469,33.040000915527344,33.15999984741211,26.319637298583984,39600
2018-06-06,33.5099983215332,33.5099983215332,33.0369987487793,33.15999984741211,26.319637298583984,35200
2018-06-07,33.5,33.58000183105469,33.3849983215332,33.4900016784668,26.58156394958496,9200
2018-06-08,33.36000061035156,33.388999938964844,33.16299819946289,33.28900146484375,26.42202949523925,4500
2018-06-11,33.400001525878906,33.52000045776367,33.20000076293945,33.34000015258789,26.462507247924805,13700
2018-06-12,33.2859992980957,33.2859992980957,32.95000076293945,32.95000076293945,26.15295791625977,16400
2018-06-13,32.81999969482422,32.81999969482422,32.470001220703125,32.7599983215332,26.00214958190918,7500
2018-06-14,32.689998626708984,32.779998779296875,32.5099983215332,32.5099983215332,25.80371856689453,13000
2018-06-15,32.560001373291016,32.560001373291016,32.270999908447266,32.290000915527344,25.62910461425781,13700
2018-06-18,32.0099983215332,32.470001220703125,32.000999450683594,32.33000183105469,25.660852432250977,22500
2018-06-19,31.90999984741211,32.11000061035156,31.709999084472656,32.0099983215332,25.406862258911133,50100
2018-06-20,32.130001068115234,32.130001068115234,31.86000061035156,31.90999984741211,25.327491760253903,11400
2018-06-21,31.81999969482422,31.88999938964844,31.46999931335449,31.6560001373291,25.12588882446289,10400
2018-06-22,32.08000183105469,32.08000183105469,31.700000762939453,31.700000762939453,25.16081428527832,8800
2018-06-25,31.86000061035156,31.86000061035156,31.13999938964844,31.270000457763672,24.81951332092285,23000
2018-06-26,31.36000061035156,31.496999740600582,31.280000686645508,31.43000030517578,24.946508407592773,9500
2018-06-27,31.690000534057617,31.799999237060547,31.38999938964844,31.40999984741211,24.93063163757324,8300
2018-06-28,31.31999969482422,31.65999984741211,31.270000457763672,31.459999084472656,24.970319747924805,2100
2018-06-29,31.51000022888184,31.98900032043457,31.51000022888184,31.670000076293945,25.136999130249023,11100
2018-07-02,31.31999969482422,31.32999992370605,30.96999931335449,31.07999992370605,24.668710708618164,13100
2018-07-03,31.459999084472656,31.64999961853028,31.440000534057617,31.440000534057617,24.95444679260254,3000
2018-07-05,31.600000381469727,31.65999984741211,31.14999961853028,31.290000915527344,24.83538818359375,8300
2018-07-06,31.14999961853028,31.68000030517578,31.07999992370605,31.450000762939453,24.962383270263672,11200
2018-07-09,31.5,31.86800003051757,31.49099922180176,31.81999969482422,25.25605583190918,7100
2018-07-10,32.0,32.45800018310547,32.0,32.220001220703125,25.573543548583984,11600
2018-07-11,32.15999984741211,32.21500015258789,31.60099983215332,31.709999084472656,25.16874885559082,10200
2018-07-12,31.76000022888184,32.03799819946289,31.76000022888184,31.86000061035156,25.28780746459961,4900
2018-07-13,31.959999084472656,32.0099983215332,31.85099983215332,31.989999771118164,25.390987396240234,6900
2018-07-16,31.8799991607666,32.2599983215332,31.8700008392334,31.93000030517578,25.34336471557617,13300
2018-07-17,31.799999237060547,32.138999938964844,31.799999237060547,31.950000762939453,25.359241485595703,4300
2018-07-18,31.959999084472656,32.18600082397461,31.858999252319336,32.040000915527344,25.4306755065918,9300
2018-07-19,32.040000915527344,32.439998626708984,31.959999084472656,32.2599983215332,25.60529136657715,14500
2018-07-20,32.4900016784668,32.73899841308594,32.457000732421875,32.599998474121094,25.87515449523925,13100
2018-07-23,32.75,32.83000183105469,32.57500076293945,32.709999084472656,25.962465286254883,11600
2018-07-24,32.76900100708008,32.849998474121094,32.70000076293945,32.83000183105469,26.05771446228028,12100
2018-07-25,32.869998931884766,33.290000915527344,32.869998931884766,33.290000915527344,26.422822952270508,56200
2018-07-26,33.45000076293945,34.150001525878906,33.45000076293945,34.0,26.986358642578125,21300
2018-07-27,34.189998626708984,34.35200119018555,33.88199996948242,34.09000015258789,27.05779457092285,8700
2018-07-30,34.380001068115234,34.560001373291016,34.332000732421875,34.470001220703125,27.35940933227539,34600
2018-07-31,34.470001220703125,34.790000915527344,34.426998138427734,34.5,27.383220672607425,65200
2018-08-01,34.439998626708984,34.56999969482422,34.33000183105469,34.41999816894531,27.31971740722656,9900
2018-08-02,34.08000183105469,34.08000183105469,33.68000030517578,33.89500045776367,26.903018951416016,24900
2018-08-03,34.0099983215332,34.0099983215332,33.81999969482422,33.9900016784668,26.97842597961425,6900
2018-08-06,34.09000015258789,34.191001892089844,33.84000015258789,34.099998474121094,27.06572914123535,8600
2018-08-07,34.439998626708984,34.630001068115234,34.369998931884766,34.560001373291016,27.43083953857422,16000
2018-08-08,34.459999084472656,34.4900016784668,34.369998931884766,34.4900016784668,27.37528419494629,12400
2018-08-09,34.5099983215332,34.5099983215332,34.09000015258789,34.20000076293945,27.14510536193848,7800
2018-08-10,33.959999084472656,33.9900016784668,33.86100006103516,33.9900016784668,26.97842597961425,5800
2018-08-13,33.91999816894531,34.0,33.689998626708984,33.7599983215332,26.79586601257324,5400
2018-08-14,33.9900016784668,34.13999938964844,33.9900016784668,34.0099983215332,26.994293212890625,6300
2018-08-15,33.66999816894531,33.77000045776367,33.18000030517578,33.220001220703125,26.36726188659668,10500
2018-08-16,33.44599914550781,33.44900131225586,33.290000915527344,33.290000915527344,26.422822952270508,3700
2018-08-17,33.369998931884766,33.5880012512207,33.369998931884766,33.5099983215332,26.5974349975586,3700
2018-08-20,33.61000061035156,34.04999923706055,33.61000061035156,33.97999954223633,26.97048568725586,3200
2018-08-21,34.16999816894531,34.36000061035156,34.12900161743164,34.189998626708984,27.13716506958008,7200
2018-08-22,34.5,34.60499954223633,34.4630012512207,34.56800079345703,27.43718910217285,9900
2018-08-23,34.540000915527344,34.70000076293945,34.46200180053711,34.689998626708984,27.53402137756348,36900
2018-08-24,35.04999923706055,35.33000183105469,34.95000076293945,35.13999938964844,27.89119529724121,5900
2018-08-27,35.400001525878906,35.56999969482422,35.380001068115234,35.439998626708984,28.129308700561523,23900
2018-08-28,35.540000915527344,35.643001556396484,35.400001525878906,35.400001525878906,28.09756088256836,3700
2018-08-29,35.439998626708984,35.599998474121094,35.32899856567383,35.45000076293945,28.13724899291992,12700
2018-08-30,35.040000915527344,35.22999954223633,34.98099899291992,35.15900039672852,27.90627670288086,7400
2018-08-31,34.83000183105469,34.83000183105469,34.48099899291992,34.770999908447266,27.598312377929688,6200
2018-09-04,34.79800033569336,34.95000076293945,34.7400016784668,34.845001220703125,27.65704727172852,9700
2018-09-05,34.608001708984375,34.608001708984375,34.290000915527344,34.38999938964844,27.295907974243164,31700
2018-09-06,34.49300003051758,34.630001068115234,34.18600082397461,34.349998474121094,27.264158248901367,6200
2018-09-07,34.060001373291016,34.08100128173828,33.81999969482422,34.0099983215332,26.994293212890625,46700
2018-09-10,34.150001525878906,34.209999084472656,34.0099983215332,34.0099983215332,26.994293212890625,2800
2018-09-11,34.040000915527344,34.45000076293945,33.95000076293945,34.290000915527344,27.216535568237305,4800
2018-09-12,34.470001220703125,34.60499954223633,34.40999984741211,34.5099983215332,27.39115333557129,4500
2018-09-13,34.779998779296875,34.93399810791016,34.779998779296875,34.88999938964844,27.692766189575195,6000
2018-09-14,35.00199890136719,35.00199890136719,34.7400016784668,34.79999923706055,27.62133026123047,21600
2018-09-17,34.779998779296875,34.810001373291016,34.45399856567383,34.470001220703125,27.35940933227539,8000
2018-09-18,34.84000015258789,34.94900131225586,34.792999267578125,34.79999923706055,27.62133026123047,12200
2018-09-19,35.13999938964844,35.13999938964844,34.52000045776367,34.70000076293945,27.541961669921875,6300
2018-09-20,34.68000030517578,34.90999984741211,34.65700149536133,34.90999984741211,27.708641052246094,10500
2018-09-21,34.790000915527344,35.2400016784668,34.790000915527344,35.029998779296875,27.80388832092285,434400
2018-09-24,35.34000015258789,35.70000076293945,35.34000015258789,35.650001525878906,28.295991897583008,20900
2018-09-25,35.7599983215332,36.02999877929688,35.59000015258789,35.91999816894531,28.510292053222656,73700
2018-09-26,35.90999984741211,36.11000061035156,35.810001373291016,35.959999084472656,28.54204368591309,18800
2018-09-27,36.02000045776367,36.02399826049805,35.900001525878906,35.900001525878906,28.49442672729492,25100
2018-09-28,35.88999938964844,35.98500061035156,35.55899810791016,35.56999969482422,28.232494354248047,10900
2018-10-01,35.779998779296875,36.05899810791016,35.77000045776367,35.77000045776367,28.391233444213867,35600
2018-10-02,35.810001373291016,35.959999084472656,35.599998474121094,35.709999084472656,28.34361457824707,12400
2018-10-03,35.75,36.18899917602539,35.744998931884766,36.06999969482422,28.62935256958008,44100
2018-10-04,35.95000076293945,35.95000076293945,35.5,35.54999923706055,28.21662139892578,37300
2018-10-05,35.5,35.5,34.91999816894531,35.04999923706055,27.819765090942383,33700
2018-10-08,35.13999938964844,35.15999984741211,34.71099853515625,35.13999938964844,27.89119529724121,12500
2018-10-09,35.08000183105469,35.354000091552734,35.0,35.029998779296875,27.80388832092285,18300
2018-10-10,35.189998626708984,35.257999420166016,34.09000015258789,34.099998474121094,27.06572914123535,49400
2018-10-11,33.86000061035156,34.150001525878906,33.060001373291016,33.279998779296875,26.414884567260746,460100
2018-10-12,33.689998626708984,33.847999572753906,33.349998474121094,33.79999923706055,26.827613830566406,65800
2018-10-15,33.7599983215332,33.84000015258789,33.5,33.58000183105469,26.65300178527832,10500
2018-10-16,33.900001525878906,34.220001220703125,33.79199981689453,34.189998626708984,27.13716506958008,20900
2018-10-17,33.9900016784668,34.13999938964844,33.849998474121094,33.869998931884766,26.8831787109375,18500
2018-10-18,33.470001220703125,33.63399887084961,33.13999938964844,33.209999084472656,26.35932350158692,10900
2018-10-19,32.709999084472656,32.77399826049805,32.220001220703125,32.2400016784668,25.589418411254883,20400
2018-10-22,32.0,32.13999938964844,31.7450008392334,31.940000534057617,25.351299285888672,22600
2018-10-23,31.440000534057617,31.597000122070312,30.81999969482422,31.43000030517578,24.946508407592773,14900
2018-10-24,31.299999237060547,31.299999237060547,30.38400077819824,30.38400077819824,24.116283416748047,15200
2018-10-25,30.690000534057617,31.03899955749512,30.690000534057617,30.989999771118164,24.597272872924805,8500
2018-10-26,30.700000762939453,30.983999252319336,30.290000915527344,30.6299991607666,24.311532974243164,365800
2018-10-29,31.01000022888184,31.190000534057617,30.39999961853028,30.56999969482422,24.2639102935791,22400
2018-10-30,30.61000061035156,31.09000015258789,30.56999969482422,31.09000015258789,24.676647186279297,27800
2018-10-31,31.6299991607666,31.875,31.61199951171875,31.700000762939453,25.16081428527832,157500
2018-11-01,31.479999542236328,31.75,31.299999237060547,31.702999114990234,25.163190841674805,26100
2018-11-02,31.82999992370605,32.02000045776367,31.45499992370605,31.59000015258789,25.07350349426269,89600
2018-11-05,31.670000076293945,31.81800079345703,31.56999969482422,31.64999961853028,25.12112617492676,18100
2018-11-06,31.65999984741211,31.732999801635746,31.600000381469727,31.670000076293945,25.136999130249023,7000
2018-11-07,31.770000457763672,32.04999923706055,31.73600006103516,31.959999084472656,25.36717796325684,15500
2018-11-08,31.940000534057617,32.053001403808594,31.38999938964844,31.43000030517578,24.946508407592773,14200
2018-11-09,30.93000030517578,30.93000030517578,30.600000381469727,30.809999465942383,24.454404830932617,15400
2018-11-12,30.739999771118164,30.7549991607666,30.14999961853028,30.14999961853028,23.930551528930664,8200
2018-11-13,30.030000686645508,30.18400001525879,29.69300079345703,29.780000686645508,23.636877059936523,9000
2018-11-14,29.989999771118164,29.989999771118164,29.450000762939453,29.76000022888184,23.621000289916992,8800
2018-11-15,29.6299991607666,30.15999984741211,29.6299991607666,30.020000457763672,23.827367782592773,9100
2018-11-16,30.0,30.3799991607666,30.0,30.29800033569336,24.04802322387696,3000
2018-11-19,30.229999542236328,30.229999542236328,29.81999969482422,29.81999969482422,23.668624877929688,6600
2018-11-20,29.3799991607666,29.520000457763672,29.14999961853028,29.25,23.216205596923828,12900
2018-11-21,29.46500015258789,29.742000579833984,29.46500015258789,29.56999969482422,23.470197677612305,6000
2018-11-23,29.14999961853028,29.14999961853028,29.0,29.0,23.01777458190918,38300
2018-11-26,29.06999969482422,29.30599975585937,29.06999969482422,29.239999771118164,23.20826911926269,25500
2018-11-27,29.200000762939453,29.3700008392334,29.160999298095703,29.3700008392334,23.31145477294922,6600
2018-11-28,29.489999771118164,29.89999961853028,29.170000076293945,29.89999961853028,23.73212432861328,22300
2018-11-29,29.84000015258789,30.1299991607666,29.81999969482422,30.0,23.81149101257324,4200
2018-11-30,29.981000900268555,30.065000534057617,29.81999969482422,30.049999237060547,23.85117721557617,9700
2018-12-03,30.64999961853028,30.64999961853028,30.128999710083008,30.3799991607666,24.11310577392578,6300
2018-12-04,30.07299995422364,30.10099983215332,29.530000686645508,29.530000686645508,23.438447952270508,11700
2018-12-06,29.01000022888184,29.31999969482422,28.86000061035156,29.24099922180176,23.209062576293945,36900
2018-12-07,29.38999938964844,29.479999542236328,28.64999961853028,28.75,22.8193473815918,6800
2018-12-10,28.670000076293945,28.72900009155273,27.979999542236328,28.32999992370605,22.48598861694336,30900
2018-12-11,28.299999237060547,28.3799991607666,27.89999961853028,28.100000381469727,22.303430557250977,21700
2018-12-12,28.489999771118164,28.905000686645508,28.489999771118164,28.708999633789062,22.786806106567383,8700
2018-12-13,28.489999771118164,28.65999984741211,28.309999465942383,28.43899917602539,22.57250213623047,10700
2018-12-14,28.36000061035156,28.60400009155273,28.1879997253418,28.1879997253418,22.37327766418457,2700
2018-12-17,28.13999938964844,28.15999984741211,27.65999984741211,27.86000061035156,22.11294174194336,105400
2018-12-18,27.8799991607666,27.981000900268555,27.6200008392334,27.75,22.02563095092773,40800
2018-12-19,27.71999931335449,28.11599922180176,27.45499992370605,27.57999992370605,21.890701293945312,8900
2018-12-20,26.950000762939453,27.099000930786133,26.51000022888184,26.600000381469727,21.622453689575195,24500
2018-12-21,26.32999992370605,26.44799995422364,26.040000915527344,26.14999961853028,21.25665855407715,34000
2018-12-24,25.89999961853028,26.08799934387207,25.549999237060547,25.549999237060547,20.768932342529297,28300
2018-12-26,25.75,26.59000015258789,25.68000030517578,26.459999084472656,21.508649826049805,23300
2018-12-27,26.3799991607666,26.850000381469727,26.26000022888184,26.850000381469727,21.82567024230957,312000
2018-12-28,26.96999931335449,27.06800079345703,26.739999771118164,26.780000686645508,21.768768310546875,20700
2018-12-31,26.93000030517578,26.94700050354004,26.790000915527344,26.84000015258789,21.81754493713379,26800
2019-01-02,26.32999992370605,26.893999099731445,26.32999992370605,26.76000022888184,21.75251007080078,3700
2019-01-03,26.39200019836425,26.63999938964844,26.35400009155273,26.540000915527344,21.573680877685547,5000
2019-01-04,27.170000076293945,27.65699958801269,27.170000076293945,27.6200008392334,22.451583862304688,5600
2019-01-07,27.76000022888184,28.007999420166016,27.607999801635746,27.8799991607666,22.66292953491211,14100
2019-01-08,27.950000762939453,28.07200050354004,27.790000915527344,28.0,22.760475158691406,2200
2019-01-09,28.18000030517578,28.420000076293945,28.1299991607666,28.280000686645508,22.98807907104492,28100
2019-01-10,27.972000122070312,28.27400016784668,27.972000122070312,28.26000022888184,22.97182273864746,8100
2019-01-11,28.18000030517578,28.450000762939453,28.138999938964844,28.200000762939453,22.92304992675781,4400
2019-01-14,28.16399955749512,28.21999931335449,28.052000045776367,28.21999931335449,22.93930625915528,16400
2019-01-15,28.270000457763672,28.309999465942383,28.15999984741211,28.28199958801269,22.98970413208008,3900
2019-01-16,28.25,28.420000076293945,28.13999938964844,28.31999969482422,23.02059364318848,40000
2019-01-17,28.326000213623047,28.51000022888184,28.309999465942383,28.450000762939453,23.12626838684082,14300
2019-01-18,28.75,28.89200019836425,28.742000579833984,28.85400009155273,23.454668045043945,5700
2019-01-22,28.959999084472656,28.959999084472656,28.75,28.75,23.37013053894043,6800
2019-01-23,28.76000022888184,28.790000915527344,28.489999771118164,28.54800033569336,23.205930709838867,10500
2019-01-24,28.400999069213867,28.540000915527344,28.347000122070312,28.417999267578125,23.100255966186523,3700
2019-01-25,28.613000869750977,28.920000076293945,28.613000869750977,28.89999961853028,23.492061614990234,4600
2019-01-28,28.530000686645508,28.545000076293945,28.43000030517578,28.51000022888184,23.17504119873047,2000
2019-01-29,28.5009994506836,28.56999969482422,28.420000076293945,28.56999969482422,23.22381401062012,2500
2019-01-30,28.71999931335449,29.01799964904785,28.5939998626709,29.01799964904785,23.587984085083008,1000
2019-01-31,29.40999984741211,29.489999771118164,29.36000061035156,29.39999961853028,23.898500442504883,7400
2019-02-01,29.309999465942383,29.31999969482422,29.049999237060547,29.09000015258789,23.646509170532227,18400
2019-02-04,29.15999984741211,29.364999771118164,29.15999984741211,29.364999771118164,23.87004852294922,1900
2019-02-05,29.233999252319336,29.459999084472656,29.233999252319336,29.459999084472656,23.9472713470459,3900
2019-02-06,29.520000457763672,29.57299995422364,29.5,29.54899978637696,24.01961708068848,1500
2019-02-07,29.170000076293945,29.18000030517578,28.76000022888184,28.90999984741211,23.50019073486328,13600
2019-02-08,28.770000457763672,28.802000045776367,28.56999969482422,28.709999084472656,23.337615966796875,8300
2019-02-11,28.709999084472656,28.799999237060547,28.559999465942383,28.68000030517578,23.313232421875,6200
2019-02-12,28.76000022888184,28.850000381469727,28.739999771118164,28.739999771118164,23.362001419067383,3000
2019-02-13,28.87700080871582,28.90399932861328,28.87700080871582,28.89999961853028,23.492061614990234,5000
2019-02-14,28.89999961853028,29.160999298095703,28.89999961853028,29.11000061035156,23.66276741027832,3800
2019-02-15,29.38999938964844,29.42799949645996,29.308000564575195,29.424999237060547,23.918821334838867,6200
2019-02-19,29.450000762939453,29.780000686645508,29.450000762939453,29.780000686645508,24.2073917388916,605300
2019-02-20,29.709999084472656,29.93000030517578,29.655000686645508,29.88999938964844,24.29680633544922,39700
2019-02-21,29.65999984741211,29.660999298095703,29.350000381469727,29.427000045776367,23.92044448852539,5300
2019-02-22,29.600000381469727,29.600000381469727,29.450000762939453,29.51000022888184,23.987916946411133,3000
2019-02-25,29.51000022888184,29.51000022888184,29.3799991607666,29.39999961853028,23.898500442504883,11800
2019-02-26,29.309999465942383,29.55699920654297,29.309999465942383,29.429000854492188,23.92207145690918,11000
2019-02-27,29.39999961853028,29.415000915527344,29.31999969482422,29.32299995422364,23.835908889770508,2000
2019-02-28,29.100000381469727,29.25,28.8799991607666,28.90999984741211,23.50019073486328,23700
2019-03-01,28.950000762939453,29.114999771118164,28.940000534057617,29.049999237060547,23.61399269104004,2500
2019-03-04,29.18000030517578,29.18000030517578,28.90999984741211,29.13999938964844,23.68714904785156,7500
2019-03-05,29.222999572753903,29.222999572753903,29.145000457763672,29.209999084472656,23.74405288696289,1500
2019-03-06,29.270000457763672,29.350000381469727,29.15999984741211,29.350000381469727,23.85785484313965,13800
2019-03-07,29.13999938964844,29.13999938964844,28.770000457763672,28.857999801635746,23.45792007446289,3400
2019-03-08,28.51000022888184,28.599000930786133,28.45199966430664,28.599000930786133,23.24738311767578,2900
2019-03-11,28.600000381469727,28.98699951171875,28.600000381469727,28.98699951171875,23.562780380249023,7600
2019-03-12,28.950000762939453,29.165000915527344,28.950000762939453,29.086000442504883,23.64325714111328,700
2019-03-13,29.1200008392334,29.165000915527344,29.10300064086914,29.1259994506836,23.675769805908203,2900
2019-03-14,29.1299991607666,29.3700008392334,29.1299991607666,29.350000381469727,23.85785484313965,7100
2019-03-15,29.39999961853028,29.690000534057617,29.39999961853028,29.540000915527344,24.012306213378903,14200
2019-03-18,29.71999931335449,30.0,29.71999931335449,29.95499992370605,24.349645614624023,25000
2019-03-19,30.059999465942383,30.21500015258789,30.030000686645508,30.030000686645508,24.41061210632324,3900
2019-03-20,29.84000015258789,30.035999298095703,29.670000076293945,29.88500022888184,24.292743682861328,7900
2019-03-21,29.809999465942383,30.13999938964844,29.809999465942383,30.0,24.38622283935547,3300
2019-03-22,29.75,29.76000022888184,29.37299919128418,29.39999961853028,23.898500442504883,7700
2019-03-25,29.190000534057617,29.239999771118164,29.059999465942383,29.239999771118164,23.76844024658203,1400
2019-03-26,29.280000686645508,29.475000381469727,29.209999084472656,29.4060001373291,23.903377532958984,3300
2019-03-27,29.174999237060547,29.28899955749512,29.174999237060547,29.21299934387207,23.74649238586425,1500
2019-03-28,29.07999992370605,29.07999992370605,28.790000915527344,28.93000030517578,23.516450881958008,11400
2019-03-29,28.93199920654297,28.93199920654297,28.690000534057617,28.76499938964844,23.38232421875,2300
2019-04-01,29.049999237060547,29.256999969482425,29.049999237060547,29.25,23.77656936645508,3100
2019-04-02,29.200000762939453,29.200000762939453,29.01000022888184,29.02499961853028,23.59366798400879,3200
2019-04-03,29.059999465942383,29.266000747680664,29.059999465942383,29.07999992370605,23.63838005065918,1200
2019-04-04,29.02300071716309,29.13500022888184,28.950000762939453,29.13500022888184,23.683088302612305,4300
2019-04-05,29.152999877929688,29.36000061035156,29.152999877929688,29.3439998626709,23.85297584533692,2300
2019-04-08,29.34000015258789,29.34000015258789,29.200000762939453,29.256999969482425,23.782257080078125,400
2019-04-09,29.26000022888184,29.34499931335449,29.18400001525879,29.18400001525879,23.72291755676269,4100
2019-04-10,29.100000381469727,29.56999969482422,29.100000381469727,29.56999969482422,24.03668594360352,3100
2019-04-11,29.53199958801269,29.53199958801269,29.40900039672852,29.420000076293945,23.914756774902344,700
2019-04-12,29.433000564575195,29.55900001525879,29.38999938964844,29.38999938964844,23.89037132263184,1000
2019-04-15,29.420000076293945,29.43000030517578,29.25,29.26000022888184,23.78469657897949,3300
2019-04-16,29.190000534057617,29.190000534057617,29.09499931335449,29.09499931335449,23.65057373046875,1600
2019-04-17,29.270000457763672,29.448999404907227,29.270000457763672,29.395000457763672,23.89443588256836,2500
2019-04-18,29.440000534057617,29.440000534057617,29.30500030517578,29.30500030517578,23.821277618408203,3000
2019-04-22,29.239999771118164,29.39999961853028,29.231000900268555,29.38500022888184,23.886308670043945,8500
2019-04-23,29.64999961853028,29.6879997253418,29.57999992370605,29.65999984741211,24.109848022460938,5800
2019-04-24,29.5,29.5,29.200000762939453,29.200000762939453,23.735923767089844,7300
2019-04-25,29.06999969482422,29.239999771118164,29.059999465942383,29.239999771118164,23.76844024658203,11800
2019-04-26,29.0,29.066999435424805,28.950000762939453,28.989999771118164,23.565221786499023,11700
2019-04-29,29.0,29.106000900268555,28.96999931335449,29.075000762939453,23.634315490722656,5800
2019-04-30,28.920000076293945,28.920000076293945,28.79800033569336,28.84000015258789,23.443288803100582,2300
2019-05-01,28.81999969482422,28.89999961853028,28.489999771118164,28.489999771118164,23.158784866333008,5200
2019-05-02,28.600000381469727,28.76300048828125,28.280000686645508,28.459999084472656,23.134397506713867,8800
2019-05-03,28.3799991607666,28.6200008392334,28.3799991607666,28.50900077819824,23.174230575561523,4400
2019-05-06,28.1299991607666,28.1299991607666,28.0,28.084999084472656,22.82956886291504,3700
2019-05-07,27.790000915527344,27.790000915527344,27.18000030517578,27.31999969482422,22.207719802856445,25200
2019-05-08,27.239999771118164,27.239999771118164,26.920000076293945,26.924999237060547,21.886632919311523,6900
2019-05-09,26.40999984741211,26.577999114990234,26.242000579833984,26.559999465942383,21.589937210083008,8700
2019-05-10,26.559999465942383,26.809999465942383,26.51700019836425,26.77899932861328,21.767955780029297,6800
2019-05-13,26.450000762939453,26.450000762939453,26.045000076293945,26.18000030517578,21.281044006347656,8800
2019-05-14,26.5,26.729999542236328,26.5,26.600000381469727,21.622453689575195,6000
2019-05-15,26.80500030517578,26.80500030517578,26.729999542236328,26.80500030517578,21.78909111022949,1000
2019-05-16,26.82999992370605,27.200000762939453,26.82999992370605,27.200000762939453,22.11017417907715,10700
2019-05-17,27.100000381469727,27.200000762939453,27.069000244140625,27.069000244140625,22.003686904907227,2400
2019-05-20,27.100000381469727,27.256999969482425,27.100000381469727,27.256999969482425,22.15651130676269,5200
2019-05-21,27.31999969482422,27.459999084472656,27.290000915527344,27.459999084472656,22.32152557373047,1900
2019-05-22,27.290000915527344,27.290000915527344,27.01000022888184,27.11400032043457,22.040267944335938,9600
2019-05-23,26.520000457763672,26.655000686645508,26.229999542236328,26.358999252319336,21.42654609680176,8700
2019-05-24,26.54400062561035,26.54400062561035,26.34000015258789,26.450000762939453,21.50052261352539,2100
2019-05-28,26.5,26.5,26.26499938964844,26.26499938964844,21.35013961791992,2800
2019-05-29,26.2450008392334,26.32999992370605,26.13999938964844,26.319000244140625,21.394031524658203,1400
2019-05-30,26.5,26.5,26.21999931335449,26.23699951171875,21.32737922668457,1400
2019-05-31,26.15999984741211,26.15999984741211,25.9950008392334,26.049999237060547,21.175371170043945,9000
2019-06-03,26.14900016784668,26.326000213623047,26.14900016784668,26.326000213623047,21.39972305297852,1000
2019-06-04,26.358999252319336,26.584999084472656,26.358999252319336,26.584999084472656,21.610258102416992,1900
2019-06-05,26.5,26.5,26.315000534057617,26.43600082397461,21.48913955688477,2300
2019-06-06,26.229999542236328,26.37700080871582,26.229999542236328,26.30500030517578,21.38265419006348,4900
2019-06-07,26.391000747680664,26.511999130249023,26.36000061035156,26.434999465942383,21.488327026367188,13100
2019-06-10,26.559999465942383,26.82099914550781,26.559999465942383,26.690000534057617,21.69561004638672,5000
2019-06-11,26.8799991607666,26.89999961853028,26.790000915527344,26.849000930786133,21.824853897094727,13700
2019-06-12,26.57999992370605,26.57999992370605,26.39200019836425,26.424999237060547,21.480199813842773,9200
2019-06-13,26.34000015258789,26.468000411987305,26.29700088500977,26.29899978637696,21.377775192260746,4100
2019-06-14,26.32999992370605,26.381000518798828,26.280000686645508,26.299999237060547,21.37858963012696,2500
2019-06-17,26.24799919128418,26.30900001525879,26.170000076293945,26.170000076293945,21.27291679382324,2500
2019-06-18,26.420000076293945,26.420000076293945,26.32299995422364,26.38999938964844,21.45174789428711,1900
2019-06-19,26.5,26.59000015258789,26.489999771118164,26.59000015258789,21.61432266235352,5000
2019-06-20,26.76000022888184,27.09600067138672,26.76000022888184,27.075000762939453,22.00856590270996,7300
2019-06-21,27.170000076293945,27.350000381469727,27.0,27.125,22.04920959472656,5300
2019-06-24,27.14999961853028,27.239999771118164,27.1299991607666,27.170000076293945,22.085792541503903,3100
2019-06-25,27.1299991607666,27.21999931335449,27.09000015258789,27.09000015258789,22.02075958251953,2900
2019-06-26,27.25,27.39999961853028,27.25,27.39999961853028,22.272750854492188,12800
2019-06-27,27.530000686645508,27.74399948120117,27.520000457763672,27.68000030517578,22.500356674194336,2400
2019-06-28,27.6200008392334,27.75,27.58699989318848,27.64999961853028,22.475969314575195,3700
2019-07-01,28.059999465942383,28.170000076293945,27.864999771118164,27.86800003051757,22.653175354003903,4500
2019-07-02,27.599000930786133,27.670000076293945,27.55299949645996,27.65399932861328,22.479219436645508,2500
2019-07-03,27.559999465942383,27.68099975585937,27.559999465942383,27.68099975585937,22.50116729736328,600
2019-07-05,27.520000457763672,27.729999542236328,27.520000457763672,27.66699981689453,22.48978805541992,3900
2019-07-08,27.549999237060547,27.549999237060547,27.371999740600582,27.420000076293945,22.28900718688965,17400
2019-07-09,27.46999931335449,27.479999542236328,27.34499931335449,27.450000762939453,22.31339454650879,2900
2019-07-10,27.739999771118164,27.84600067138672,27.709999084472656,27.739999771118164,22.54912757873535,5600
2019-07-11,28.12299919128418,28.200000762939453,28.100000381469727,28.125,22.862085342407227,3800
2019-07-12,28.26000022888184,28.26000022888184,28.1299991607666,28.1299991607666,22.86614799499512,2300
2019-07-15,28.163000106811523,28.277999877929688,28.14999961853028,28.239999771118164,22.955564498901367,2300
2019-07-16,28.14999961853028,28.16699981689453,28.06999969482422,28.06999969482422,22.8173770904541,2500
2019-07-17,28.0,28.0,27.93400001525879,27.93400001525879,22.70682716369629,800
2019-07-18,27.6299991607666,27.89900016784668,27.59000015258789,27.89900016784668,22.678373336791992,3800
2019-07-19,27.96999931335449,27.979999542236328,27.92300033569336,27.93000030517578,22.703575134277344,6900
2019-07-22,28.14999961853028,28.25,28.11000061035156,28.174999237060547,22.902729034423828,1800
2019-07-23,28.309999465942383,28.315000534057617,28.16900062561035,28.26499938964844,22.975887298583984,1000
2019-07-24,28.239999771118164,28.39999961853028,28.229999542236328,28.39999961853028,23.08562469482422,2900
2019-07-25,28.31999969482422,28.31999969482422,27.96999931335449,27.96999931335449,22.73609161376953,5000
2019-07-26,27.950000762939453,27.97900009155273,27.93000030517578,27.934999465942383,22.707637786865234,1900
2019-07-29,27.89999961853028,27.89999961853028,27.75300025939941,27.799999237060547,22.597900390625,1200
2019-07-30,27.71999931335449,27.82999992370605,27.67799949645996,27.82999992370605,22.622285842895508,2000
2019-07-31,27.940000534057617,28.07999992370605,27.84499931335449,27.84499931335449,22.63447952270508,1800
2019-08-01,27.84000015258789,28.107999801635746,27.57299995422364,27.57299995422364,22.41337776184082,2700
2019-08-02,27.545000076293945,27.55900001525879,27.280000686645508,27.280000686645508,22.175207138061523,2000
2019-08-05,26.88999938964844,26.88999938964844,26.18000030517578,26.19099998474121,21.28998374938965,6200
2019-08-06,26.559999465942383,26.674999237060547,26.350000381469727,26.39999961853028,21.45987701416016,9800
2019-08-07,26.1299991607666,26.183000564575195,26.0,26.183000564575195,21.28348159790039,2600
2019-08-08,26.309999465942383,26.54800033569336,26.309999465942383,26.46500015258789,21.51271629333496,1700
2019-08-09,26.420000076293945,26.420000076293945,26.25,26.299999237060547,21.37858963012696,5200
2019-08-12,26.28700065612793,26.290000915527344,25.799999237060547,25.90999984741211,21.061569213867188,7500
2019-08-13,25.799999237060547,26.299999237060547,25.799999237060547,26.239999771118164,21.329816818237305,1000
2019-08-14,25.770000457763672,25.770000457763672,25.56999969482422,25.56999969482422,20.785192489624023,3400
2019-08-15,25.350000381469727,25.46199989318848,25.299999237060547,25.3799991607666,20.63074493408203,5200
2019-08-16,25.632999420166016,25.65900039672852,25.600000381469727,25.6299991607666,20.833961486816406,7800
2019-08-19,26.13999938964844,26.18000030517578,26.049999237060547,26.05500030517578,21.17943572998047,2600
2019-08-20,26.018999099731445,26.05900001525879,25.93000030517578,25.934999465942383,21.08189010620117,1000
2019-08-21,26.141000747680664,26.25,26.13800048828125,26.200000762939453,21.29730033874512,4500
2019-08-22,26.18000030517578,26.18000030517578,25.82999992370605,25.8799991607666,21.03717994689941,2000
2019-08-23,25.81999969482422,25.81999969482422,25.520000457763672,25.520000457763672,20.744548797607425,1300
2019-08-26,25.549999237060547,25.799999237060547,25.49399948120117,25.540000915527344,20.760805130004883,2100
2019-08-27,25.49099922180176,25.558000564575195,25.18000030517578,25.27300071716309,20.54376792907715,4900
2019-08-28,25.059999465942383,25.34000015258789,24.940000534057617,25.270000457763672,20.54132843017578,6400
2019-08-29,25.5,25.756999969482425,25.5,25.756999969482425,20.937198638916016,3200
2019-08-30,26.18000030517578,26.18000030517578,25.940000534057617,26.03499984741211,21.16317749023437,1800
2019-09-03,25.780000686645508,25.89999961853028,25.729999542236328,25.89999961853028,21.05344009399414,3500
2019-09-04,26.03300094604492,26.125,26.03300094604492,26.125,21.23633575439453,1500
2019-09-05,26.25,26.52499961853028,26.25,26.51000022888184,21.549291610717773,1300
2019-09-06,26.586000442504883,26.593000411987305,26.586000442504883,26.59000015258789,21.61432266235352,1000
2019-09-09,26.670000076293945,26.89999961853028,26.670000076293945,26.89999961853028,21.86631393432617,1700
2019-09-10,27.0,27.184999465942383,27.0,27.18099975585937,22.094730377197266,3600
2019-09-11,27.299999237060547,27.3700008392334,27.23500061035156,27.28499984741211,22.179271697998047,2300
2019-09-12,27.209999084472656,27.44499969482422,27.179000854492188,27.34499931335449,22.228042602539062,2300
2019-09-13,27.350000381469727,27.440000534057617,27.350000381469727,27.440000534057617,22.305269241333008,4100
2019-09-16,27.71999931335449,27.71999931335449,27.55500030517578,27.56999969482422,22.410938262939453,21600
2019-09-17,27.700000762939453,27.82999992370605,27.61000061035156,27.76499938964844,22.569448471069336,5900
2019-09-18,27.68000030517578,27.68000030517578,27.645000457763672,27.645000457763672,22.471904754638672,1300
2019-09-19,27.6200008392334,27.81999969482422,27.6200008392334,27.665000915527344,22.4881649017334,3600
2019-09-20,27.809999465942383,27.9950008392334,27.809999465942383,27.8700008392334,22.65480232238769,10500
2019-09-23,27.64999961853028,27.950000762939453,27.64999961853028,27.950000762939453,22.71983337402344,2900
2019-09-24,28.06999969482422,28.100000381469727,27.93199920654297,28.06999969482422,22.8173770904541,11900
2019-09-25,28.01000022888184,28.13500022888184,27.97699928283692,28.13500022888184,22.87021446228028,5300
2019-09-26,28.082000732421875,28.082000732421875,27.989999771118164,28.04599952697754,22.797866821289062,4700
2019-09-27,28.07999992370605,28.26000022888184,28.07999992370605,28.07999992370605,22.82550621032715,2900
2019-09-30,28.15999984741211,28.31999969482422,28.15999984741211,28.257999420166016,22.970197677612305,300
2019-10-01,28.0,28.02899932861328,27.90999984741211,27.96999931335449,22.73609161376953,3500
2019-10-02,27.63999938964844,27.63999938964844,27.34000015258789,27.36000061035156,22.24023628234864,1100
2019-10-03,27.270000457763672,27.63599967956543,27.20499992370605,27.6299991607666,22.4597110748291,12900
2019-10-04,27.670000076293945,28.066999435424805,27.670000076293945,28.066999435424805,22.8149356842041,700
2019-10-07,27.86000061035156,28.1200008392334,27.86000061035156,27.920000076293945,22.695446014404297,1900
2019-10-08,27.799999237060547,27.799999237060547,27.799999237060547,27.799999237060547,22.597900390625,600
2019-10-09,28.059999465942383,28.059999465942383,27.98600006103516,27.9950008392334,22.75641250610352,300
2019-10-10,28.17799949645996,28.21199989318848,28.138999938964844,28.21199989318848,22.932802200317383,4800
2019-10-11,28.5,28.809999465942383,28.5,28.722000122070312,23.347368240356445,17800
2019-10-14,28.565000534057617,28.604999542236328,28.51000022888184,28.535999298095703,23.19617462158203,2000
2019-10-15,28.459999084472656,28.80699920654297,28.39699935913086,28.75,23.37013053894043,41200
2019-10-16,28.56999969482422,28.68000030517578,28.503999710083008,28.57999992370605,23.23194122314453,5700
2019-10-17,28.67200088500977,28.799999237060547,28.67200088500977,28.790000915527344,23.402647018432617,2300
2019-10-18,28.996000289916992,29.04599952697754,28.886999130249023,29.04199981689453,23.60749053955078,5000
2019-10-21,29.100000381469727,29.208999633789062,29.027999877929688,29.084999084472656,23.642444610595703,3900
2019-10-22,29.25,29.57999992370605,29.239999771118164,29.51000022888184,23.987916946411133,12000
2019-10-23,29.46999931335449,29.499000549316406,29.42300033569336,29.481000900268555,23.96434211730957,4500
2019-10-24,29.770000457763672,29.90900039672852,29.770000457763672,29.864999771118164,24.276485443115234,10300
2019-10-25,29.75,30.190000534057617,29.75,30.138999938964844,24.49921226501465,3300
2019-10-28,30.239999771118164,30.479999542236328,30.209999084472656,30.440000534057617,24.74388885498047,488600
2019-10-29,30.299999237060547,30.5,30.299999237060547,30.489999771118164,24.78453254699707,10900
2019-10-30,30.43000030517578,30.43000030517578,30.13999938964844,30.32999992370605,24.65447235107422,9700
2019-10-31,29.924999237060547,29.989999771118164,29.85400009155273,29.975000381469727,24.365901947021484,219400
2019-11-01,30.07299995422364,30.48900032043457,30.07299995422364,30.375,24.691049575805664,15500
2019-11-04,30.700000762939453,30.839000701904297,30.540000915527344,30.77499961853028,25.016202926635746,19400
2019-11-05,30.670000076293945,30.71299934387207,30.520999908447266,30.614999771118164,24.88614082336425,5600
2019-11-06,30.222000122070312,30.290000915527344,30.200000762939453,30.290000915527344,24.621957778930664,5100
2019-11-07,30.479999542236328,30.559999465942383,30.4379997253418,30.51499938964844,24.80485343933105,4000
2019-11-08,30.489999771118164,30.489999771118164,30.25,30.395999908447266,24.70812225341797,14700
2019-11-11,30.21999931335449,30.33799934387207,30.14999961853028,30.191999435424805,24.542293548583984,4000
2019-11-12,30.239999771118164,30.280000686645508,29.959999084472656,30.09000015258789,24.45938301086425,14100
2019-11-13,29.8700008392334,29.90999984741211,29.77899932861328,29.90999984741211,24.313066482543945,8100
2019-11-14,29.81999969482422,29.94499969482422,29.809999465942383,29.89999961853028,24.30493354797364,4000
2019-11-15,29.86000061035156,29.934999465942383,29.816999435424805,29.88999938964844,24.29680633544922,6000
2019-11-18,29.770000457763672,29.91200065612793,29.770000457763672,29.8799991607666,24.288679122924805,5200
2019-11-19,29.85300064086914,29.85300064086914,29.670000076293945,29.729999542236328,24.166748046875,13200
2019-11-20,29.56999969482422,29.56999969482422,29.200000762939453,29.440000534057617,23.93101501464844,21400
2019-11-21,29.420000076293945,29.440000534057617,29.417999267578125,29.440000534057617,23.93101501464844,9900
2019-11-22,29.5,29.51499938964844,29.4060001373291,29.4060001373291,23.903377532958984,2100
2019-11-25,29.46999931335449,29.631000518798828,29.46999931335449,29.520000457763672,23.99604606628418,3400
2019-11-26,29.68000030517578,29.68000030517578,29.479999542236328,29.559999465942383,24.0285587310791,10100
2019-11-27,29.51000022888184,29.56999969482422,29.51000022888184,29.54800033569336,24.0188045501709,5200
2019-11-29,29.38999938964844,29.420000076293945,29.31999969482422,29.36000061035156,23.86598396301269,5800
2019-12-02,29.280000686645508,29.34000015258789,29.280000686645508,29.34000015258789,23.8497257232666,1900
2019-12-03,29.100000381469727,29.100000381469727,28.75,28.959999084472656,23.540834426879883,22400
2019-12-04,28.96999931335449,28.96999931335449,28.82999992370605,28.89999961853028,23.492061614990234,16200
2019-12-05,28.94499969482422,28.94499969482422,28.799999237060547,28.875,23.471738815307617,2100
2019-12-06,28.93000030517578,29.1200008392334,28.81999969482422,28.934999465942383,23.52051544189453,15700
2019-12-09,28.850000381469727,28.850000381469727,28.59000015258789,28.61800003051757,23.26283073425293,7300
2019-12-10,28.549999237060547,28.790000915527344,28.549999237060547,28.73699951171875,23.359561920166016,13200
2019-12-11,28.701000213623047,28.78499984741211,28.645000457763672,28.77300071716309,23.388824462890625,4300
2019-12-12,28.690000534057617,29.0,28.690000534057617,29.0,23.57334899902344,4700
2019-12-13,29.06999969482422,29.263999938964844,29.027000427246094,29.030000686645508,23.59773635864257,3700
2019-12-16,29.06999969482422,29.459999084472656,28.950000762939453,29.31999969482422,23.83346939086914,23600
2019-12-17,29.549999237060547,29.549999237060547,29.25,29.34499931335449,23.853790283203125,17000
2019-12-18,29.36599922180176,29.474000930786133,29.309999465942383,29.309999465942383,23.82533836364746,6100
2019-12-19,29.40999984741211,29.56599998474121,29.40999984741211,29.4950008392334,23.97572135925293,2200
2019-12-20,29.597000122070312,29.597000122070312,29.5,29.56999969482422,24.03668594360352,6600
2019-12-23,29.450000762939453,29.450000762939453,29.150999069213867,29.20499992370605,24.076255798339844,7400
2019-12-24,29.09000015258789,29.22599983215332,29.09000015258789,29.174999237060547,24.0515251159668,6600
2019-12-26,29.09000015258789,29.239999771118164,29.07999992370605,29.114999771118164,24.00206184387207,3200
2019-12-27,29.170000076293945,29.22800064086914,28.959999084472656,28.975000381469727,23.88665008544922,16700
2019-12-30,29.01000022888184,29.084999084472656,28.82999992370605,28.839000701904297,23.774532318115234,3700
2019-12-31,28.729999542236328,28.915000915527344,28.729999542236328,28.8700008392334,23.800086975097656,12000
2020-01-02,29.01000022888184,29.200000762939453,29.01000022888184,29.190000534057617,24.06389236450196,7100
2020-01-03,29.25,29.25,28.74099922180176,28.746999740600582,23.69869041442871,10200
2020-01-06,29.01000022888184,29.01000022888184,28.790000915527344,28.959999084472656,23.874282836914062,8100
2020-01-07,28.700000762939453,28.81999969482422,28.6299991607666,28.80900001525879,23.749799728393555,13100
2020-01-08,28.59000015258789,28.663000106811523,28.39999961853028,28.59199905395508,23.570905685424805,15700
2020-01-09,28.5,28.56800079345703,28.39900016784668,28.56800079345703,23.551124572753903,2700
2020-01-10,28.674999237060547,28.839000701904297,28.57999992370605,28.739999771118164,23.69291877746582,25300
2020-01-13,28.6200008392334,28.81999969482422,28.6200008392334,28.799999237060547,23.74237823486328,11300
2020-01-14,28.5,28.61599922180176,28.43000030517578,28.53499984741211,23.52391815185547,10500
2020-01-15,28.43000030517578,28.450000762939453,28.26000022888184,28.280000686645508,23.31369972229004,5500
2020-01-16,28.290000915527344,28.30500030517578,28.18000030517578,28.209999084472656,23.25598907470703,22700
2020-01-17,28.18000030517578,28.18000030517578,28.07099914550781,28.13999938964844,23.19828414916992,10800
2020-01-21,27.920000076293945,27.920000076293945,27.670000076293945,27.68000030517578,22.819067001342773,18500
2020-01-22,27.57999992370605,27.711000442504883,27.530000686645508,27.55500030517578,22.71601676940918,12700
2020-01-23,27.21999931335449,27.489999771118164,27.09000015258789,27.489999771118164,22.662431716918945,14700
2020-01-24,27.30500030517578,27.30500030517578,26.950000762939453,27.100000381469727,22.34092140197754,550300
2020-01-27,26.450000762939453,26.530000686645508,26.290000915527344,26.290000915527344,21.67316627502441,11600
2020-01-28,26.441999435424805,26.5,26.40999984741211,26.415000915527344,21.77621459960937,10700
2020-01-29,26.413000106811523,26.489999771118164,26.39999961853028,26.39999961853028,21.76384735107422,18200
2020-01-30,26.07999992370605,26.290000915527344,26.0310001373291,26.290000915527344,21.67316627502441,8100
2020-01-31,26.040000915527344,26.0939998626709,25.6299991607666,25.729999542236328,21.21150588989257,13600
2020-02-03,25.56999969482422,25.770000457763672,25.299999237060547,25.325000762939453,20.87763023376465,8700
2020-02-04,25.670000076293945,25.940000534057617,25.56999969482422,25.77499961853028,21.24860572814941,3900
2020-02-05,26.100000381469727,26.270000457763672,26.100000381469727,26.239999771118164,21.631946563720703,6200
2020-02-06,26.38999938964844,26.38999938964844,26.1200008392334,26.14999961853028,21.55775260925293,4500
2020-02-07,26.11000061035156,26.18000030517578,25.96999931335449,26.040000915527344,21.467071533203125,5300
2020-02-10,25.959999084472656,26.138999938964844,25.959999084472656,26.01000022888184,21.44233703613281,2700
2020-02-11,26.290000915527344,26.31999969482422,26.2549991607666,26.261999130249023,21.650081634521484,1200
2020-02-12,26.549999237060547,26.645000457763672,26.440000534057617,26.530000686645508,21.87101936340332,14600
2020-02-13,26.551000595092773,26.575000762939453,26.459999084472656,26.459999084472656,21.813310623168945,1600
2020-02-14,26.64999961853028,26.65999984741211,26.26000022888184,26.27199935913086,21.658327102661133,4700
2020-02-18,26.229999542236328,26.38999938964844,26.049999237060547,26.062000274658203,21.485206604003903,9400
2020-02-19,26.31999969482422,26.31999969482422,26.090999603271484,26.27499961853028,21.66080093383789,6700
2020-02-20,26.190000534057617,26.209999084472656,26.02400016784668,26.1299991607666,21.5412654876709,8500
2020-02-21,26.100000381469727,26.11000061035156,25.992000579833984,26.0629997253418,21.48603057861328,2400
2020-02-24,25.049999237060547,25.18000030517578,24.780000686645508,24.82299995422364,20.46378898620605,18700
2020-02-25,25.030000686645508,25.030000686645508,24.209999084472656,24.21699905395508,19.964210510253903,3400
2020-02-26,24.5,24.51799964904785,24.06399917602539,24.100000381469727,19.86775779724121,3700
2020-02-27,23.489999771118164,23.61000061035156,23.01000022888184,23.01000022888184,18.96917152404785,9900
2020-02-28,22.239999771118164,22.75,22.239999771118164,22.75,18.754833221435547,11100
2020-03-02,22.8700008392334,23.083999633789062,22.520000457763672,23.083999633789062,19.030176162719727,9300
2020-03-03,23.36000061035156,23.52499961853028,22.81999969482422,22.988000869750977,18.95103645324707,5700
2020-03-04,22.989999771118164,23.190000534057617,22.8700008392334,23.18000030517578,19.109317779541016,4700
2020-03-05,22.520000457763672,22.56999969482422,22.145999908447266,22.145999908447266,18.25690269470215,15400
2020-03-06,21.61000061035156,21.8700008392334,21.479999542236328,21.55500030517578,17.76968765258789,22000
2020-03-09,19.459999084472656,19.88999938964844,18.8799991607666,19.3700008392334,15.96840000152588,19500
2020-03-10,19.940000534057617,20.16399955749512,19.25,19.746999740600582,16.279191970825195,7900
2020-03-11,19.39999961853028,19.39999961853028,18.559999465942383,18.674999237060547,15.395447731018066,10100
2020-03-12,17.299999237060547,17.299999237060547,16.100000381469727,16.517000198364258,13.616421699523926,33800
2020-03-13,17.093000411987305,17.51099967956543,16.350000381469727,17.496000289916992,14.42349624633789,6800
2020-03-16,16.0,16.73699951171875,15.220000267028809,15.267000198364258,12.58593463897705,13000
2020-03-17,15.3100004196167,15.729999542236328,15.029999732971191,15.48900032043457,12.768949508666992,9300
2020-03-18,14.406999588012695,14.66800022125244,13.800999641418455,14.369999885559082,11.84645938873291,12800
2020-03-19,14.4399995803833,14.626999855041504,13.960000038146973,14.300000190734863,11.788751602172852,7700
2020-03-20,15.40999984741211,15.493000030517578,14.793999671936035,14.993000030517578,12.360052108764648,9000
2020-03-23,15.109999656677246,15.109999656677246,14.262999534606934,14.350000381469728,11.829971313476562,14800
2020-03-24,15.460000038146973,15.461000442504885,15.239999771118164,15.399999618530272,12.695578575134276,8700
2020-03-25,15.890000343322754,16.989999771118164,15.770000457763672,16.60700035095215,13.6906156539917,16700
2020-03-26,16.790000915527344,17.770000457763672,16.790000915527344,17.486000061035156,14.415252685546877,12800
2020-03-27,16.920000076293945,17.15999984741211,16.607999801635742,17.059999465942383,14.064062118530272,12700
2020-03-30,16.799999237060547,17.290000915527344,16.708999633789062,17.218000411987305,14.194317817687988,11400
2020-03-31,17.670000076293945,17.700000762939453,17.299999237060547,17.420000076293945,14.360841751098633,9400
2020-04-01,16.93000030517578,16.959999084472656,16.260000228881836,16.325000762939453,13.458138465881348,14000
2020-04-02,17.0,17.610000610351562,16.860000610351562,17.239999771118164,14.21245288848877,15400
2020-04-03,17.399999618530273,17.415000915527344,16.799999237060547,17.010000228881836,14.02284336090088,53100
2020-04-06,17.799999237060547,18.31999969482422,17.760000228881836,18.280000686645508,15.069817543029783,24400
2020-04-07,19.239999771118164,19.239999771118164,18.57999992370605,18.57999992370605,15.317132949829102,25400
2020-04-08,18.75,19.084999084472656,18.63999938964844,18.93000030517578,15.605668067932127,13400
2020-04-09,19.549999237060547,19.69700050354004,18.89999961853028,19.14999961853028,15.787035942077637,25900
2020-04-13,19.280000686645508,19.280000686645508,18.75,18.81999969482422,15.514985084533691,63700
2020-04-14,19.190000534057617,19.31999969482422,18.88999938964844,19.15800094604492,15.793627738952637,62400
2020-04-15,18.51000022888184,18.559999465942383,18.100000381469727,18.18600082397461,14.99232578277588,20200
2020-04-16,18.26000022888184,18.26000022888184,17.799999237060547,17.809999465942383,14.682354927062988,42200
2020-04-17,18.229999542236328,18.84000015258789,18.222999572753903,18.84000015258789,15.531474113464355,17600
2020-04-20,18.309999465942383,18.790000915527344,18.290000915527344,18.46999931335449,15.226449012756348,158400
2020-04-21,17.959999084472656,18.20499992370605,17.809999465942383,17.959999084472656,14.806011199951172,43400
2020-04-22,18.75,18.75,18.440000534057617,18.549999237060547,15.292400360107422,53600
2020-04-23,18.959999084472656,19.07999992370605,18.799999237060547,18.850000381469727,15.539717674255373,27900
2020-04-24,19.11000061035156,19.209999084472656,18.89999961853028,19.049999237060547,15.704594612121582,45300
2020-04-27,19.0,19.43000030517578,19.0,19.3799991607666,15.976643562316896,25600
2020-04-28,19.600000381469727,19.809999465942383,19.44499969482422,19.71999931335449,16.256935119628906,25400
2020-04-29,20.489999771118164,21.0,20.38400077819824,20.989999771118164,17.30390739440918,32200
2020-04-30,21.100000381469727,21.229999542236328,20.65999984741211,20.82999992370605,17.172008514404297,29200
2020-05-01,20.280000686645508,20.299999237060547,19.780000686645508,19.86000061035156,16.372352600097656,34000
2020-05-04,19.89999961853028,20.3799991607666,19.850000381469727,20.3700008392334,16.792789459228516,21500
2020-05-05,21.0,21.04700088500977,20.53499984741211,20.53499984741211,16.928813934326172,19600
2020-05-06,20.63999938964844,20.63999938964844,20.020000457763672,20.020000457763672,16.50425148010254,14200
2020-05-07,20.38999938964844,20.51000022888184,20.290000915527344,20.290000915527344,16.726837158203125,8200
2020-05-08,20.690000534057617,21.0,20.5,20.959999084472656,17.279176712036133,10500
2020-05-11,20.950000762939453,21.100000381469727,20.8799991607666,21.01000022888184,17.320398330688477,27800
2020-05-12,21.040000915527344,21.100000381469727,20.40999984741211,20.46999931335449,16.875226974487305,23400
2020-05-13,20.670000076293945,20.670000076293945,20.049999237060547,20.1299991607666,16.594932556152344,15100
2020-05-14,19.82999992370605,20.01000022888184,19.39999961853028,20.01000022888184,16.496007919311523,13000
2020-05-15,19.89999961853028,20.030000686645508,19.850000381469727,19.88999938964844,16.39708137512207,6700
2020-05-18,20.670000076293945,21.36000061035156,20.63999938964844,21.309999465942383,17.567712783813477,33200
2020-05-19,21.299999237060547,21.36000061035156,20.989999771118164,21.1200008392334,17.411081314086914,19700
2020-05-20,22.200000762939453,22.200000762939453,21.559999465942383,21.709999084472656,17.89746856689453,51600
2020-05-21,21.920000076293945,21.920000076293945,21.450000762939453,21.55500030517578,17.76968765258789,18500
2020-05-22,21.450000762939453,21.450000762939453,21.14999961853028,21.420000076293945,17.658397674560547,36400
2020-05-26,22.190000534057617,22.190000534057617,22.0,22.1299991607666,18.243709564208984,16600
2020-05-27,22.239999771118164,22.5,22.200000762939453,22.5,18.54873275756836,15900
2020-05-28,22.559999465942383,22.559999465942383,22.059999465942383,22.093000411987305,18.21320915222168,11900
2020-05-29,21.93000030517578,22.13999938964844,21.799999237060547,22.052000045776367,18.17940902709961,10000
2020-06-01,22.239999771118164,22.46999931335449,22.21999931335449,22.46999931335449,18.524003982543945,11400
2020-06-02,22.51000022888184,22.95499992370605,22.51000022888184,22.8799991607666,18.862001419067383,13400
2020-06-03,23.299999237060547,23.46999931335449,23.26000022888184,23.40399932861328,19.29397964477539,25500
2020-06-04,23.14999961853028,23.44499969482422,23.01000022888184,23.239999771118164,19.15878295898437,17500
2020-06-05,23.88999938964844,24.3700008392334,23.88999938964844,24.22900009155273,19.974103927612305,27300
2020-06-08,24.61000061035156,24.82999992370605,24.290000915527344,24.5,20.19751167297364,25000
2020-06-09,24.020000457763672,24.020000457763672,23.600000381469727,23.80500030517578,19.624561309814453,9500
2020-06-10,23.729999542236328,23.93000030517578,23.525999069213867,23.670000076293945,19.51326942443848,25500
2020-06-11,22.34000015258789,22.67099952697754,21.690000534057617,21.790000915527344,17.963422775268555,52900
2020-06-12,22.299999237060547,22.334999084472656,21.79599952697754,22.16900062561035,18.275863647460938,16200
2020-06-15,21.5,22.1299991607666,21.36000061035156,22.09600067138672,18.21568298339844,9400
2020-06-16,22.729999542236328,22.90999984741211,22.474000930786133,22.549999237060547,18.589954376220703,8100
2020-06-17,22.520000457763672,22.57999992370605,22.233999252319336,22.233999252319336,18.329444885253903,4100
2020-06-18,22.100000381469727,22.479999542236328,22.030000686645508,22.450000762939453,18.50751495361328,27700
2020-06-19,23.07999992370605,23.07999992370605,22.39299964904785,22.39299964904785,18.46052360534668,14800
2020-06-22,22.25,22.549999237060547,22.246999740600582,22.450000762939453,18.50751495361328,5300
2020-06-23,22.6879997253418,22.6879997253418,22.46999931335449,22.46999931335449,18.524003982543945,5900
2020-06-24,22.125,22.1299991607666,21.65699958801269,21.850000381469727,18.01288414001465,9700
2020-06-25,21.559999465942383,21.89999961853028,21.5,21.89999961853028,18.054100036621094,3600
2020-06-26,21.6299991607666,21.665000915527344,21.350000381469727,21.46999931335449,17.699613571166992,7000
2020-06-29,21.43000030517578,21.530000686645508,21.350000381469727,21.42099952697754,17.65921974182129,65800
2020-06-30,21.36000061035156,21.79599952697754,21.3129997253418,21.729999542236328,17.913955688476562,5700
2020-07-01,21.709999084472656,21.799999237060547,21.55500030517578,21.60700035095215,17.812557220458984,5800
2020-07-02,21.809999465942383,22.0049991607666,21.64999961853028,21.700000762939453,17.88922691345215,9400
2020-07-06,22.01000022888184,22.11400032043457,21.86000061035156,22.100000381469727,18.21898078918457,5100
2020-07-07,21.739999771118164,21.76000022888184,21.56999969482422,21.600000381469727,17.806785583496094,11900
2020-07-08,21.5,21.55500030517578,21.340999603271484,21.55500030517578,17.76968765258789,16500
2020-07-09,21.6299991607666,21.6299991607666,20.979999542236328,21.040000915527344,17.345129013061523,23700
2020-07-10,21.040000915527344,21.42799949645996,21.01000022888184,21.42799949645996,17.66499137878418,6100
2020-07-13,21.51000022888184,21.566999435424805,21.209999084472656,21.32999992370605,17.58420181274414,12300
2020-07-14,21.190000534057617,21.59000015258789,21.190000534057617,21.59000015258789,17.798540115356445,5300
2020-07-15,21.71999931335449,21.82999992370605,21.5,21.770000457763672,17.946929931640625,11100
2020-07-16,21.690000534057617,21.93000030517578,21.690000534057617,21.792999267578125,17.965890884399414,3100
2020-07-17,21.8700008392334,22.01000022888184,21.8700008392334,21.8799991607666,18.037612915039062,1300
2020-07-20,21.809999465942383,22.0,21.809999465942383,21.82999992370605,17.996395111083984,4500
2020-07-21,22.100000381469727,22.43000030517578,22.100000381469727,22.280000686645508,18.36737060546875,7400
2020-07-22,22.209999084472656,22.299999237060547,22.18000030517578,22.26000022888184,18.35088157653809,6600
2020-07-23,22.36000061035156,22.450000762939453,22.2450008392334,22.299999237060547,18.38385581970215,5400
2020-07-24,22.290000915527344,22.459999084472656,22.290000915527344,22.34499931335449,18.42095375061035,3700
2020-07-27,22.3700008392334,22.516000747680664,22.36000061035156,22.44499969482422,18.50339126586914,2100
2020-07-28,22.299999237060547,22.32999992370605,22.14999961853028,22.15999984741211,18.268442153930664,4000
2020-07-29,22.01000022888184,22.207000732421875,21.90999984741211,22.14999961853028,18.26019859313965,7200
2020-07-30,21.475000381469727,21.770000457763672,21.350000381469727,21.770000457763672,17.946929931640625,8400
2020-07-31,21.3700008392334,21.3700008392334,21.1200008392334,21.26000022888184,17.526493072509766,13600
2020-08-03,21.350000381469727,21.39999961853028,21.299999237060547,21.350000381469727,17.600688934326172,3500
2020-08-04,21.31999969482422,21.670000076293945,21.31999969482422,21.670000076293945,17.864492416381836,4500
2020-08-05,22.1200008392334,22.177000045776367,22.003999710083008,22.003999710083008,18.13983726501465,4200
2020-08-06,22.04599952697754,22.04599952697754,21.959999084472656,21.96999931335449,18.11180877685547,2700
2020-08-07,21.88999938964844,22.26000022888184,21.88999938964844,22.25,18.342639923095703,3300
2020-08-10,22.184999465942383,22.280000686645508,22.184999465942383,22.280000686645508,18.36737060546875,1200
2020-08-11,22.56999969482422,22.709999084472656,22.34000015258789,22.38599967956543,18.454753875732425,4000
2020-08-12,22.6299991607666,22.76000022888184,22.613000869750977,22.76000022888184,18.76307678222656,11600
2020-08-13,22.75,22.75,22.464000701904297,22.464000701904297,18.51906013488769,15100
2020-08-14,22.39999961853028,22.518999099731445,22.299999237060547,22.479999542236328,18.532245635986328,3800
2020-08-17,22.655000686645508,22.71699905395508,22.63999938964844,22.694000244140625,18.70866584777832,3300
2020-08-18,22.57999992370605,22.57999992370605,22.350000381469727,22.38999938964844,18.458051681518555,1200
2020-08-19,22.450000762939453,22.540000915527344,22.30500030517578,22.30500030517578,18.38797950744629,4500
2020-08-20,22.049999237060547,22.209999084472656,21.86000061035156,22.100000381469727,18.21898078918457,5100
2020-08-21,21.790000915527344,21.81399917602539,21.60300064086914,21.81399917602539,17.983205795288086,3600
2020-08-24,22.0,22.1299991607666,21.979999542236328,22.1299991607666,18.243709564208984,15500
2020-08-25,22.170000076293945,22.229999542236328,22.027000427246094,22.155000686645508,18.264318466186523,13300
2020-08-26,22.280000686645508,22.280000686645508,22.1299991607666,22.160999298095703,18.26926612854004,10000
2020-08-27,22.0,22.0,21.71500015258789,21.8700008392334,18.029369354248047,9000
2020-08-28,21.82999992370605,22.125,21.82999992370605,22.125,18.239591598510746,4800
2020-08-31,22.1200008392334,22.1200008392334,21.56999969482422,21.65999984741211,17.856246948242188,79700
2020-09-01,21.65999984741211,21.65999984741211,21.46999931335449,21.559999465942383,17.77381134033203,10800
2020-09-02,21.540000915527344,21.690000534057617,21.492000579833984,21.690000534057617,17.8809814453125,2900
2020-09-03,21.600000381469727,21.687000274658203,21.2509994506836,21.29199981689453,17.552873611450195,7400
2020-09-04,21.3799991607666,21.39999961853028,21.030000686645508,21.3700008392334,17.617176055908203,6400
2020-09-08,20.8799991607666,21.04800033569336,20.76000022888184,20.78700065612793,17.136558532714844,6400
2020-09-09,21.041000366210938,21.170000076293945,21.041000366210938,21.1299991607666,17.419322967529297,6800
2020-09-10,21.31999969482422,21.31999969482422,21.0,21.02300071716309,17.33111572265625,800
2020-09-11,21.090999603271484,21.14900016784668,21.011999130249023,21.14900016784668,17.434986114501953,2300
2020-09-14,21.388999938964844,21.388999938964844,21.270000457763672,21.27199935913086,17.536386489868164,1800
2020-09-15,21.309999465942383,21.39999961853028,21.25,21.25,17.51824951171875,5300
2020-09-16,21.309999465942383,21.617000579833984,21.309999465942383,21.516000747680664,17.73753547668457,3000
2020-09-17,21.13999938964844,21.535999298095703,21.121000289916992,21.535999298095703,17.754024505615234,2300
2020-09-18,21.520000457763672,21.520000457763672,21.299999237060547,21.32999992370605,17.58420181274414,2300
2020-09-21,21.0,21.0,20.6299991607666,20.86800003051757,17.203332901000977,3900
2020-09-22,20.714000701904297,20.714000701904297,20.600000381469727,20.6879997253418,17.054943084716797,2700
2020-09-23,20.482999801635746,20.482999801635746,20.059999465942383,20.086000442504883,16.55866241455078,4000
2020-09-24,19.96999931335449,19.96999931335449,19.6200008392334,19.80900001525879,16.330307006835938,3900
2020-09-25,19.600000381469727,19.76099967956543,19.549999237060547,19.76099967956543,16.290735244750977,2300
2020-09-28,20.0,20.07699966430664,20.0,20.02499961853028,16.50837516784668,2700
2020-09-29,20.13999938964844,20.15999984741211,19.84000015258789,19.905000686645508,16.409448623657227,5300
2020-09-30,19.854999542236328,19.979999542236328,19.82999992370605,19.82999992370605,16.34761619567871,3400
2020-10-01,19.621999740600582,19.690000534057617,19.621999740600582,19.66200065612793,16.209123611450195,1300
2020-10-02,19.26000022888184,19.69499969482422,19.26000022888184,19.69499969482422,16.236326217651367,1200
2020-10-05,20.059999465942383,20.150999069213867,19.93000030517578,20.097999572753903,16.568553924560547,8100
2020-10-06,20.350000381469727,20.42300033569336,20.040000915527344,20.121999740600582,16.588340759277344,4600
2020-10-07,20.26000022888184,20.32999992370605,20.26000022888184,20.31800079345703,16.749919891357422,800
2020-10-08,20.530000686645508,20.61000061035156,20.479999542236328,20.61000061035156,16.990642547607422,6600
2020-10-09,20.81999969482422,20.81999969482422,20.600000381469727,20.670000076293945,17.040103912353516,700
2020-10-12,20.459999084472656,20.5,20.40999984741211,20.49399948120117,16.89501190185547,4700
2020-10-13,20.290000915527344,20.290000915527344,20.11100006103516,20.128999710083008,16.5941104888916,3700
2020-10-14,20.309999465942383,20.309999465942383,20.24399948120117,20.24399948120117,16.68891716003418,700
2020-10-15,19.81999969482422,20.09000015258789,19.81999969482422,20.09000015258789,16.56195831298828,2100
2020-10-16,20.075000762939453,20.075000762939453,19.958999633789062,19.958999633789062,16.453964233398438,1900
2020-10-19,20.020000457763672,20.040000915527344,19.7549991607666,19.7549991607666,16.285791397094727,1200
2020-10-20,19.8700008392334,19.979999542236328,19.832000732421875,19.95499992370605,16.450666427612305,900
2020-10-21,19.88999938964844,19.91699981689453,19.843000411987305,19.843000411987305,16.358333587646484,700
2020-10-22,19.690000534057617,19.97599983215332,19.690000534057617,19.97599983215332,16.467979431152344,2700
2020-10-23,19.959999084472656,20.01000022888184,19.920000076293945,20.01000022888184,16.496007919311523,6300
2020-10-26,19.64999961853028,19.64999961853028,19.34000015258789,19.36800003051757,15.966753005981444,1800
2020-10-27,19.26000022888184,19.309999465942383,19.01000022888184,19.104999542236328,15.749937057495115,70200
2020-10-28,18.76000022888184,18.76000022888184,18.363000869750977,18.520000457763672,15.267669677734377,7000
2020-10-29,18.440000534057617,18.65999984741211,18.350000381469727,18.64800071716309,15.373191833496094,3600
2020-10-30,18.56999969482422,18.700000762939453,18.520000457763672,18.66699981689453,15.388853073120115,3500
2020-11-02,18.700000762939453,18.90999984741211,18.700000762939453,18.90999984741211,15.589181900024414,1800
2020-11-03,19.309999465942383,19.479999542236328,19.270000457763672,19.381999969482425,15.97829246520996,4200
2020-11-04,19.25,19.530000686645508,19.20499992370605,19.51700019836425,16.089584350585938,2600
2020-11-05,19.75,19.8700008392334,19.74099922180176,19.815000534057617,16.335250854492188,2800
2020-11-06,19.81999969482422,19.81999969482422,19.63800048828125,19.63800048828125,16.1893367767334,2600
2020-11-09,21.1200008392334,21.709999084472656,21.1200008392334,21.63999938964844,17.83976173400879,17500
2020-11-10,22.309999465942383,22.43199920654297,22.160999298095703,22.350000381469727,18.425073623657227,8000
2020-11-11,22.56999969482422,22.71999931335449,22.450000762939453,22.479999542236328,18.532245635986328,4300
2020-11-12,22.290000915527344,22.32999992370605,21.89999961853028,21.89999961853028,18.054100036621094,10800
2020-11-13,22.059999465942383,22.54199981689453,22.059999465942383,22.54199981689453,18.583356857299805,2800
2020-11-16,23.059999465942383,23.459999084472656,22.94300079345703,23.459999084472656,19.340147018432617,13600
2020-11-17,23.170000076293945,23.48699951171875,23.170000076293945,23.38500022888184,19.278318405151367,3900
2020-11-18,23.739999771118164,23.76000022888184,23.246999740600582,23.246999740600582,19.16455268859864,4000
2020-11-19,23.25,23.350000381469727,23.049999237060547,23.325000762939453,19.22885704040528,6800
2020-11-20,23.3799991607666,23.3799991607666,23.1299991607666,23.16699981689453,19.098602294921875,6100
2020-11-23,23.670000076293945,23.989999771118164,23.559999465942383,23.927000045776367,19.72513771057129,15000
2020-11-24,24.420000076293945,24.850000381469727,24.38999938964844,24.65699958801269,20.32693862915039,7500
2020-11-25,24.809999465942383,24.850000381469727,24.549999237060547,24.71500015258789,20.374753952026367,13400
2020-11-27,24.600000381469727,24.78199958801269,24.350000381469727,24.549999237060547,20.23872947692871,23000
2020-11-30,24.299999237060547,24.299999237060547,23.700000762939453,23.739999771118164,19.57097625732422,10200
2020-12-01,24.209999084472656,24.520000457763672,24.174999237060547,24.23600006103516,19.97987365722656,7700
2020-12-02,24.450000762939453,24.62800025939941,24.450000762939453,24.600000381469727,20.279949188232425,1500
2020-12-03,24.89999961853028,24.940000534057617,24.739999771118164,24.739999771118164,20.395362854003903,3100
2020-12-04,25.09000015258789,25.50900077819824,25.09000015258789,25.441999435424805,20.974084854125977,12900
2020-12-07,25.43000030517578,25.540000915527344,25.15999984741211,25.27899932861328,20.839710235595703,9300
2020-12-08,25.440000534057617,25.46699905395508,25.290000915527344,25.35700035095215,20.90401268005371,2800
2020-12-09,25.57999992370605,25.584999084472656,25.420000076293945,25.58099937438965,21.088672637939453,1700
2020-12-10,25.700000762939453,26.13999938964844,25.700000762939453,26.06999969482422,21.491798400878903,19100
2020-12-11,25.934999465942383,26.07900047302246,25.80599975585937,25.89999961853028,21.351655960083008,4100
2020-12-14,26.14999961853028,26.14999961853028,25.43000030517578,25.450000762939453,20.980682373046875,4700
2020-12-15,25.60199928283692,25.83300018310547,25.549999237060547,25.83099937438965,21.294771194458008,8500
2020-12-16,25.850000381469727,25.850000381469727,25.6200008392334,25.700000762939453,21.186777114868164,5700
2020-12-17,25.8700008392334,25.8700008392334,25.700000762939453,25.7549991607666,21.23211669921875,2600
2020-12-18,25.559999465942383,25.56999969482422,25.315000534057617,25.43000030517578,20.96419143676757,4500
2020-12-21,24.030000686645508,24.350000381469727,23.670000076293945,24.277000427246094,20.54693984985352,8100
2020-12-22,24.270000457763672,24.270000457763672,24.06999969482422,24.13999938964844,20.43098831176757,5400
2020-12-23,24.239999771118164,24.600000381469727,24.239999771118164,24.57999992370605,20.80338478088379,4900
2020-12-24,24.75,24.75,24.61000061035156,24.643999099731445,20.8575496673584,900
2020-12-28,24.96999931335449,24.99799919128418,24.709999084472656,24.709999084472656,20.91341018676757,5900
2020-12-29,24.8700008392334,24.881000518798828,24.76000022888184,24.80599975585937,20.99466133117676,4400
2020-12-30,24.989999771118164,25.125,24.94499969482422,25.040000915527344,21.19270706176757,11600
2020-12-31,25.040000915527344,25.040000915527344,24.940000534057617,24.96500015258789,21.12923049926757,1400
2021-01-04,25.51000022888184,25.64999961853028,25.049999237060547,25.13999938964844,21.277341842651367,21300
2021-01-05,25.520000457763672,26.049999237060547,25.520000457763672,25.950000762939453,21.962888717651367,9300
2021-01-06,26.27499961853028,26.65999984741211,26.239999771118164,26.309999465942383,22.267578125,14000
2021-01-07,26.43000030517578,26.80900001525879,26.43000030517578,26.790000915527344,22.673828125,14300
2021-01-08,27.14999961853028,27.14999961853028,26.63999938964844,26.777999877929688,22.66367149353028,20300
2021-01-11,26.3799991607666,26.57999992370605,26.1299991607666,26.475000381469727,22.4072265625,22100
2021-01-12,26.61000061035156,26.959999084472656,26.61000061035156,26.959999084472656,22.817705154418945,6900
2021-01-13,26.8700008392334,26.88500022888184,26.56999969482422,26.739999771118164,22.63150978088379,7400
2021-01-14,26.780000686645508,27.0,26.780000686645508,26.94300079345703,22.80331802368164,9200
2021-01-15,26.670000076293945,26.690000534057617,26.280000686645508,26.350000381469727,22.30143165588379,5900
2021-01-19,26.780000686645508,26.999000549316406,26.780000686645508,26.93000030517578,22.79231834411621,7100
2021-01-20,27.100000381469727,27.375,27.06999969482422,27.26000022888184,23.07161331176757,24500
2021-01-21,27.299999237060547,27.299999237060547,26.93000030517578,27.027999877929688,22.87525749206543,22400
2021-01-22,26.549999237060547,26.93099975585937,26.5009994506836,26.92099952697754,22.784698486328125,4100
2021-01-25,26.51000022888184,26.57999992370605,26.31999969482422,26.57999992370605,22.49609375,4600
2021-01-26,26.61000061035156,26.82999992370605,26.400999069213867,26.496999740600582,22.425844192504883,9800
2021-01-27,25.940000534057617,26.15999984741211,25.850000381469727,25.89999961853028,21.92057228088379,5700
2021-01-28,26.01000022888184,26.17799949645996,25.989999771118164,26.003999710083008,22.00859260559082,6900
2021-01-29,25.65999984741211,25.90999984741211,25.152000427246094,25.24399948120117,21.36536407470703,6300
2021-02-01,25.920000076293945,25.920000076293945,25.479999542236328,25.65999984741211,21.71744728088379,6100
2021-02-02,25.881000518798828,26.327999114990234,25.881000518798828,26.07999992370605,22.07291603088379,6100
2021-02-03,26.21999931335449,26.5,26.200000762939453,26.39999961853028,22.34375,3800
2021-02-04,26.457000732421875,26.457000732421875,26.270999908447266,26.424999237060547,22.36490821838379,3800
2021-02-05,26.489999771118164,26.5,26.211000442504883,26.38999938964844,22.33528518676757,6100
2021-02-08,26.5,27.0,26.5,26.84600067138672,22.72122383117676,12400
2021-02-09,26.98200035095215,27.14999961853028,26.940000534057617,27.1200008392334,22.953123092651367,5700
2021-02-10,27.09000015258789,27.14999961853028,27.0,27.07999992370605,22.919273376464844,6000
2021-02-11,27.209999084472656,27.26000022888184,27.11000061035156,27.22800064086914,23.04453086853028,3400
2021-02-12,27.229999542236328,27.472000122070312,27.229999542236328,27.424999237060547,23.211259841918945,5100
2021-02-16,27.93000030517578,28.124000549316406,27.88999938964844,28.038000106811523,23.73007583618164,47900
2021-02-17,28.270000457763672,28.41900062561035,28.14999961853028,28.325000762939453,23.97298240661621,8300
2021-02-18,28.11000061035156,28.1200008392334,27.780000686645508,28.1200008392334,23.79947853088379,6900
2021-02-19,28.040000915527344,28.5,28.040000915527344,28.3700008392334,24.01106834411621,6500
2021-02-22,28.170000076293945,28.549999237060547,28.1200008392334,28.36000061035156,24.00260162353516,32400
2021-02-23,28.46999931335449,28.950000762939453,28.26499938964844,28.850000381469727,24.41731643676757,10700
2021-02-24,28.59000015258789,28.90999984741211,28.381999969482425,28.86000061035156,24.425779342651367,15300
2021-02-25,28.999000549316406,28.999000549316406,28.415000915527344,28.420000076293945,24.05338478088379,8700
2021-02-26,27.809999465942383,28.299999237060547,27.670000076293945,28.190000534057617,23.858720779418945,7500
2021-03-01,28.46999931335449,28.863000869750977,28.46999931335449,28.799999237060547,24.374998092651367,11800
2021-03-02,28.64999961853028,28.670000076293945,28.38999938964844,28.38999938964844,24.02799415588379,12300
2021-03-03,28.6299991607666,28.80500030517578,28.5,28.5,24.12109375,8100
2021-03-04,28.650999069213867,28.650999069213867,28.011999130249023,28.2549991607666,23.91373443603516,3900
2021-03-05,28.690000534057617,28.948999404907227,28.5,28.88500022888184,24.44693946838379,6200
2021-03-08,28.96999931335449,29.1299991607666,28.780000686645508,28.940000534057617,24.49349021911621,8300
2021-03-09,28.82999992370605,29.1200008392334,28.75,28.75,24.33267974853516,7900
2021-03-10,28.75,29.108999252319336,28.636999130249023,29.01000022888184,24.552734375,10100
2021-03-11,29.350000381469727,29.51000022888184,29.14999961853028,29.46999931335449,24.94205474853516,42200
2021-03-12,29.299999237060547,29.479999542236328,29.229999542236328,29.402999877929688,24.88535118103028,10500
2021-03-15,29.270000457763672,29.31999969482422,29.049999237060547,29.194000244140625,24.70846176147461,16200
2021-03-16,29.040000915527344,29.040000915527344,28.584999084472656,28.739999771118164,24.32421875,15300
2021-03-17,28.3799991607666,28.55299949645996,28.049999237060547,28.44700050354004,24.07623672485352,8600
2021-03-18,28.270000457763672,28.270000457763672,27.63999938964844,27.63999938964844,23.39322853088379,9300
2021-03-19,27.729999542236328,27.84000015258789,27.350000381469727,27.766000747680664,23.49987030029297,14200
2021-03-22,27.770000457763672,27.770000457763672,27.43000030517578,27.63999938964844,23.39322853088379,12900
2021-03-23,27.18000030517578,27.25,26.729999542236328,26.86000061035156,22.73307228088379,25000
2021-03-24,27.01000022888184,27.354999542236328,26.815000534057617,27.086000442504883,22.924346923828125,7000
2021-03-25,26.89999961853028,27.25,26.73200035095215,27.239999771118164,23.054685592651367,4500
2021-03-26,27.690000534057617,27.729999542236328,27.51000022888184,27.729999542236328,23.46939849853516,4000
2021-03-29,27.59000015258789,27.59000015258789,27.270000457763672,27.46199989318848,23.242576599121094,9000
2021-03-30,27.38999938964844,27.48500061035156,27.28499984741211,27.350000381469727,23.14778518676757,4500
2021-03-31,27.1200008392334,27.242000579833984,27.0,27.242000579833984,23.056379318237305,6100
2021-04-01,27.31999969482422,27.75,27.31999969482422,27.70499992370605,23.448240280151367,6300
2021-04-05,27.850000381469727,27.989999771118164,27.489999771118164,27.64999961853028,23.40169143676757,11000
2021-04-06,27.420000076293945,27.64999961853028,27.30500030517578,27.3799991607666,23.17317581176757,8300
2021-04-07,27.325000762939453,27.450000762939453,27.28499984741211,27.38500022888184,23.177410125732425,2200
2021-04-08,27.280000686645508,27.280000686645508,27.190000534057617,27.190000534057617,23.01236915588379,1900
2021-04-09,27.11899948120117,27.11899948120117,27.0,27.0,22.851560592651367,4100
2021-04-12,27.06999969482422,27.108999252319336,26.895000457763672,26.93899917602539,22.7999324798584,6700
2021-04-13,26.940000534057617,27.030000686645508,26.920000076293945,27.011999130249023,22.861719131469727,7200
2021-04-14,27.1200008392334,27.670000076293945,27.1200008392334,27.405000686645508,23.19433784484864,8000
2021-04-15,27.459999084472656,27.683000564575195,27.459999084472656,27.63999938964844,23.39322853088379,5300
2021-04-16,27.89999961853028,27.89999961853028,27.520000457763672,27.76300048828125,23.49733161926269,6200
2021-04-19,27.700000762939453,27.700000762939453,27.32999992370605,27.427000045776367,23.21295547485352,4900
2021-04-20,27.270000457763672,27.31800079345703,26.89999961853028,27.00900077819824,22.85917854309082,9100
2021-04-21,26.86000061035156,27.21999931335449,26.722999572753903,27.21999931335449,23.03775978088379,4500
2021-04-22,27.31999969482422,27.31999969482422,26.888999938964844,26.888999938964844,22.75761604309082,1400
2021-04-23,27.239999771118164,27.25,27.22900009155273,27.22900009155273,23.04537582397461,1700
2021-04-26,27.299999237060547,27.530000686645508,27.299999237060547,27.450000762939453,23.232421875,2300
2021-04-27,27.64999961853028,27.746000289916992,27.60300064086914,27.746000289916992,23.48294258117676,8500
2021-04-28,27.8700008392334,28.238000869750977,27.8700008392334,28.229999542236328,23.892576217651367,11100
2021-04-29,28.600000381469727,28.700000762939453,28.371999740600582,28.488000869750977,24.11093711853028,8900
2021-04-30,28.21999931335449,28.32999992370605,28.1200008392334,28.124000549316406,23.8028621673584,2000
2021-05-03,28.26000022888184,28.670000076293945,28.26000022888184,28.575000762939453,24.1845703125,7900
2021-05-04,28.63999938964844,28.770000457763672,28.415000915527344,28.549999237060547,24.16341018676757,7000
2021-05-05,28.530000686645508,28.93000030517578,28.530000686645508,28.895999908447266,24.45625114440918,7600
2021-05-06,29.14999961853028,29.42799949645996,29.14999961853028,29.350000381469727,24.84049415588379,7800
2021-05-07,29.350000381469727,29.739999771118164,29.350000381469727,29.739999771118164,25.17057228088379,8000
2021-05-10,30.06999969482422,30.18000030517578,29.604999542236328,29.604999542236328,25.05631256103516,26000
2021-05-11,29.26000022888184,29.43000030517578,28.88999938964844,29.275999069213867,24.77786445617676,17000
2021-05-12,29.0,29.09000015258789,28.75,28.756000518798828,24.337759017944336,15900
2021-05-13,28.6200008392334,28.84000015258789,28.39999961853028,28.76000022888184,24.34114456176757,7600
2021-05-14,29.20499992370605,29.51499938964844,29.20499992370605,29.48600006103516,24.95559883117676,3500
2021-05-17,29.549999237060547,29.729999542236328,29.420000076293945,29.729999542236328,25.162109375,4900
2021-05-18,30.020000457763672,30.14999961853028,29.84600067138672,29.84600067138672,25.26028633117676,5200
2021-05-19,29.420000076293945,29.58799934387207,29.15999984741211,29.437000274658203,24.914125442504883,7200
2021-05-20,29.450000762939453,29.450000762939453,29.299999237060547,29.39999961853028,24.882810592651367,6900
2021-05-21,29.57999992370605,29.57999992370605,29.280000686645508,29.280000686645508,24.781248092651367,1700
2021-05-24,29.459999084472656,29.65999984741211,29.25,29.566999435424805,25.024150848388672,16300
2021-05-25,29.520000457763672,29.549999237060547,29.21999931335449,29.290000915527344,24.78971290588379,4700
2021-05-26,29.57999992370605,29.700000762939453,29.542999267578125,29.604999542236328,25.05631256103516,1400
2021-05-27,29.670000076293945,29.729999542236328,29.63999938964844,29.68000030517578,25.11979103088379,4700
2021-05-28,29.809999465942383,30.00900077819824,29.65999984741211,29.90999984741211,25.314451217651367,11400
2021-06-01,30.450000762939453,30.6299991607666,30.440000534057617,30.59000015258789,25.889970779418945,33000
2021-06-02,30.799999237060547,31.097999572753903,30.69700050354004,30.957000732421875,26.200586318969727,7900
2021-06-03,31.01000022888184,31.14999961853028,30.924999237060547,31.0,26.23697853088379,9100
2021-06-04,31.22900009155273,31.417999267578125,31.21500015258789,31.288000106811523,26.48072624206543,12000
2021-06-07,31.420000076293945,31.5,31.332000732421875,31.450000762939453,26.61784172058105,6600
2021-06-08,31.170000076293945,31.270000457763672,31.0,31.170000076293945,26.380859375,16900
2021-06-09,31.25,31.299999237060547,31.100000381469727,31.100000381469727,26.32161521911621,5900
2021-06-10,31.06100082397461,31.1259994506836,31.0,31.065000534057617,26.291990280151367,1200
2021-06-11,31.0,31.040000915527344,30.8700008392334,30.924999237060547,26.17350196838379,4800
2021-06-14,31.059999465942383,31.1299991607666,30.93000030517578,31.0,26.23697853088379,3200
2021-06-15,31.01000022888184,31.14999961853028,31.01000022888184,31.09499931335449,26.317380905151367,1100
2021-06-16,31.14999961853028,31.14999961853028,30.86000061035156,30.86000061035156,26.11849021911621,2300
2021-06-17,30.670000076293945,30.68199920654297,30.040000915527344,30.11000061035156,25.48372268676757,39000
2021-06-18,29.520000457763672,29.520000457763672,29.299999237060547,29.299999237060547,24.798173904418945,8500
2021-06-21,29.40999984741211,29.87700080871582,29.38999938964844,29.87700080871582,25.286523818969727,6000
2021-06-22,30.0,30.25,29.895000457763672,30.18000030517578,25.542966842651367,6200
2021-06-23,30.270000457763672,30.549999237060547,30.05500030517578,30.05500030517578,25.43717384338379,3900
2021-06-24,30.1299991607666,30.34000015258789,30.09000015258789,30.285999298095703,25.632680892944336,11000
2021-06-25,30.270000457763672,30.34600067138672,30.1299991607666,30.34600067138672,25.68346405029297,3500
2021-06-28,30.21999931335449,30.21999931335449,29.69300079345703,29.69300079345703,25.130794525146484,7300
2021-06-29,29.68000030517578,29.68000030517578,29.506000518798828,29.511999130249023,24.977602005004883,1700
2021-06-30,29.3799991607666,29.545000076293945,29.299999237060547,29.450000762939453,24.92513084411621,3100
2021-07-01,29.64999961853028,29.75,29.309999465942383,29.395000457763672,24.878582000732425,6700
2021-07-02,29.459999084472656,29.625,29.459999084472656,29.625,25.0732421875,900
2021-07-06,29.68000030517578,29.75,29.1299991607666,29.25,24.755857467651367,5400
2021-07-07,29.21999931335449,29.21999931335449,28.56999969482422,28.76000022888184,24.34114456176757,14600
2021-07-08,28.25,28.39999961853028,27.756999969482425,28.1879997253418,23.85703086853028,6700
2021-07-09,28.520000457763672,28.8799991607666,28.520000457763672,28.739999771118164,24.32421875,2400
2021-07-12,28.56999969482422,28.834999084472656,28.56999969482422,28.78499984741211,24.3623046875,900
2021-07-13,28.700000762939453,28.708999633789062,28.56999969482422,28.57999992370605,24.18880081176757,1100
2021-07-14,28.299999237060547,28.299999237060547,28.209999084472656,28.209999084472656,23.87564849853516,5900
2021-07-15,28.076000213623047,28.076000213623047,27.989999771118164,27.989999771118164,23.689453125,1200
2021-07-16,27.989999771118164,27.989999771118164,27.350000381469727,27.429000854492188,23.21464729309082,13500
2021-07-19,26.75,26.90999984741211,26.38999938964844,26.577999114990234,22.494400024414062,24000
2021-07-20,26.65999984741211,26.940000534057617,26.65999984741211,26.89800071716309,22.76523399353028,4000
2021-07-21,27.18000030517578,27.46999931335449,27.18000030517578,27.464000701904297,23.24427032470703,3600
2021-07-22,27.2509994506836,27.38999938964844,27.21999931335449,27.280000686645508,23.088542938232425,2500
2021-07-23,27.1200008392334,27.26099967956543,27.09000015258789,27.26000022888184,23.07161331176757,12600
2021-07-26,27.26000022888184,27.461000442504883,27.26000022888184,27.461000442504883,23.24173164367676,2700
2021-07-27,27.125,27.25,27.125,27.25,23.06314849853516,600
2021-07-28,27.371999740600582,27.62700080871582,27.309999465942383,27.62700080871582,23.382226943969727,4200
2021-07-29,27.700000762939453,27.84000015258789,27.700000762939453,27.7509994506836,23.487173080444336,2700
2021-07-30,27.559999465942383,27.559999465942383,27.270000457763672,27.34000015258789,23.13932228088379,1700
2021-08-02,27.46999931335449,27.73500061035156,27.459999084472656,27.459999084472656,23.24088287353516,9000
2021-08-03,27.38999938964844,27.770000457763672,27.38999938964844,27.75,23.486328125,3400
2021-08-04,27.59000015258789,27.621000289916992,27.36000061035156,27.36000061035156,23.15625,2000
2021-08-05,27.709999084472656,27.780000686645508,27.60099983215332,27.631000518798828,23.3856143951416,3100
2021-08-06,27.613000869750977,27.655000686645508,27.540000915527344,27.58699989318848,23.348371505737305,6700
2021-08-09,27.51000022888184,27.518999099731445,27.38999938964844,27.46699905395508,23.246809005737305,3700
2021-08-10,27.479999542236328,27.540000915527344,27.424999237060547,27.540000915527344,23.30859375,1500
2021-08-11,27.61000061035156,27.8700008392334,27.61000061035156,27.850000381469727,23.57096290588379,6100
2021-08-12,27.8799991607666,27.8799991607666,27.63999938964844,27.809999465942383,23.537109375,500
2021-08-13,27.77499961853028,27.77499961853028,27.76000022888184,27.76000022888184,23.494792938232425,1100
2021-08-16,27.40999984741211,27.44499969482422,27.270000457763672,27.416000366210938,23.20364570617676,2400
2021-08-17,27.21999931335449,27.21999931335449,27.020999908447266,27.125,22.95735740661621,1500
2021-08-18,27.21500015258789,27.21500015258789,26.81999969482422,26.81999969482422,22.69921875,3300
2021-08-19,26.21999931335449,26.22699928283692,25.88999938964844,26.040000915527344,22.0390625,6800
2021-08-20,26.100000381469727,26.308000564575195,26.100000381469727,26.25,22.216796875,30800
2021-08-23,26.76499938964844,26.905000686645508,26.76499938964844,26.905000686645508,22.771160125732425,3300
2021-08-24,27.15999984741211,27.434999465942383,27.14999961853028,27.42099952697754,23.207876205444336,2600
2021-08-25,27.483999252319336,27.674999237060547,27.479999542236328,27.63999938964844,23.39322853088379,3900
2021-08-26,27.420000076293945,27.42099952697754,27.290000915527344,27.364999771118164,23.16048049926757,1800
2021-08-27,27.674999237060547,28.030000686645508,27.674999237060547,27.920000076293945,23.63020706176757,3600
2021-08-30,28.200000762939453,28.200000762939453,27.99099922180176,28.0,23.697917938232425,3600
2021-08-31,28.15999984741211,28.18000030517578,28.100000381469727,28.100000381469727,23.78255271911621,6500
2021-09-01,28.027999877929688,28.06999969482422,27.89999961853028,27.915000915527344,23.6259765625,1900
2021-09-02,28.100000381469727,28.25,28.065000534057617,28.100000381469727,23.78255271911621,1400
2021-09-03,28.21999931335449,28.290000915527344,28.21999931335449,28.290000915527344,23.943359375,700
2021-09-07,28.209999084472656,28.489999771118164,28.209999084472656,28.424999237060547,24.057615280151367,2600
2021-09-08,28.540000915527344,28.540000915527344,28.13999938964844,28.145000457763672,23.82063674926757,4400
2021-09-09,28.059999465942383,28.155000686645508,28.05500030517578,28.05500030517578,23.74446487426757,600
2021-09-10,27.85099983215332,27.864999771118164,27.81999969482422,27.864999771118164,23.58365821838379,600
2021-09-13,28.1299991607666,28.43000030517578,28.1299991607666,28.3799991607666,24.019529342651367,2000
2021-09-14,28.57999992370605,28.57999992370605,28.36400032043457,28.36400032043457,24.00598907470703,1500
2021-09-15,28.61100006103516,28.739999771118164,28.51000022888184,28.739999771118164,24.32421875,6900
2021-09-16,28.690000534057617,28.780000686645508,28.472000122070312,28.628999710083008,24.230274200439453,13400
2021-09-17,28.31999969482422,28.31999969482422,28.059999465942383,28.09000015258789,23.774089813232425,13900
2021-09-20,27.46999931335449,27.68000030517578,27.190000534057617,27.3799991607666,23.17317581176757,6100
2021-09-21,27.88999938964844,27.96699905395508,27.64999961853028,27.864999771118164,23.58365821838379,3600
2021-09-22,28.21999931335449,28.59000015258789,28.21999931335449,28.440000534057617,24.07031440734864,3600
2021-09-23,28.850000381469727,29.100000381469727,28.850000381469727,29.020000457763672,24.56119728088379,7900
2021-09-24,28.84499931335449,28.950000762939453,28.84499931335449,28.900999069213867,24.460479736328125,6400
2021-09-27,29.402999877929688,29.465999603271484,29.36000061035156,29.39200019836425,24.876039505004883,1400
2021-09-28,29.375,29.375,29.191999435424805,29.191999435424805,24.706769943237305,800
2021-09-29,29.299999237060547,29.38999938964844,29.13999938964844,29.141000747680664,24.66360855102539,3600
2021-09-30,29.18000030517578,29.218000411987305,29.18000030517578,29.218000411987305,24.728775024414062,600
2021-10-01,29.43000030517578,29.739999771118164,29.290000915527344,29.6299991607666,25.07747268676757,5000
2021-10-04,29.82999992370605,29.89699935913086,29.7450008392334,29.85300064086914,25.26621055603028,16900
2021-10-05,30.059999465942383,30.378999710083008,30.059999465942383,30.209999084472656,25.568357467651367,7400
2021-10-06,29.86000061035156,30.12700080871582,29.6299991607666,30.12700080871582,25.49811172485352,3200
2021-10-07,29.979999542236328,30.184999465942383,29.90999984741211,30.016000747680664,25.40416717529297,10200
2021-10-08,30.29199981689453,30.339000701904297,30.141000747680664,30.31399917602539,25.65637969970703,4300
2021-10-11,30.57999992370605,30.799999237060547,30.395000457763672,30.395000457763672,25.72493362426757,4400
2021-10-12,30.67200088500977,30.96999931335449,30.6200008392334,30.77300071716309,26.044857025146484,6900
2021-10-13,30.780000686645508,30.90699958801269,30.600000381469727,30.8700008392334,26.126953125,3700
2021-10-14,31.09000015258789,31.25,31.09000015258789,31.209999084472656,26.41471290588379,6600
2021-10-15,31.39999961853028,31.43899917602539,31.25,31.299999237060547,26.49088478088379,4300
2021-10-18,31.299999237060547,31.3799991607666,31.14999961853028,31.15999984741211,26.37239456176757,5000
2021-10-19,31.19099998474121,31.350000381469727,31.19099998474121,31.32999992370605,26.51627349853516,4600
2021-10-20,31.6299991607666,31.64999961853028,31.43000030517578,31.641000747680664,26.77948951721192,15200
2021-10-21,31.63999938964844,31.63999938964844,31.26499938964844,31.309999465942383,26.49934768676757,13500
2021-10-22,31.25,31.280000686645508,31.040000915527344,31.280000686645508,26.47395896911621,2200
2021-10-25,31.34000015258789,31.59000015258789,31.34000015258789,31.420000076293945,26.59244537353516,2300
2021-10-26,31.56999969482422,31.599000930786133,31.31999969482422,31.441999435424805,26.611064910888672,9400
2021-10-27,31.09000015258789,31.09000015258789,30.540000915527344,30.614999771118164,25.911130905151367,18500
2021-10-28,30.520000457763672,30.520000457763672,30.270000457763672,30.459999084472656,25.77994537353516,12900
2021-10-29,30.32999992370605,30.32999992370605,29.790000915527344,29.920000076293945,25.32291603088379,7900
2021-11-01,30.270000457763672,30.270000457763672,30.145000457763672,30.23900032043457,25.59290313720703,900
2021-11-02,30.200000762939453,30.200000762939453,29.981000900268555,30.03499984741211,25.42024612426757,1500
2021-11-03,29.8799991607666,30.11000061035156,29.84000015258789,29.89999961853028,25.30599021911621,6600
2021-11-04,30.15999984741211,30.15999984741211,29.65999984741211,29.850000381469727,25.263671875,15200
2021-11-05,29.989999771118164,30.209999084472656,29.97100067138672,30.209999084472656,25.568357467651367,8500
2021-11-08,30.31999969482422,30.46999931335449,30.165000915527344,30.34000015258789,25.678386688232425,3900
2021-11-09,30.295000076293945,30.31999969482422,30.13500022888184,30.31999969482422,25.661455154418945,5400
2021-11-10,30.270000457763672,30.270000457763672,29.780000686645508,29.780000686645508,25.20442581176757,2600
2021-11-11,29.700000762939453,29.84000015258789,29.700000762939453,29.739999771118164,25.17057228088379,1600
2021-11-12,29.520000457763672,29.6879997253418,29.5,29.540000915527344,25.00130081176757,5000
2021-11-15,29.440000534057617,29.554000854492188,29.440000534057617,29.46999931335449,24.94205474853516,4500
2021-11-16,29.350000381469727,29.39999961853028,29.18199920654297,29.190000534057617,24.705076217651367,16000
2021-11-17,29.030000686645508,29.030000686645508,28.670000076293945,28.670000076293945,24.26497268676757,2600
2021-11-18,28.38999938964844,28.459999084472656,28.239999771118164,28.270000457763672,23.92643165588379,2500
2021-11-19,27.64999961853028,27.739999771118164,27.6200008392334,27.6200008392334,23.37630271911621,5700
2021-11-22,27.549999237060547,27.739999771118164,27.549999237060547,27.71999931335449,23.4609375,3600
2021-11-23,27.90999984741211,28.09000015258789,27.739999771118164,28.07999992370605,23.76562118530273,2400
2021-11-24,27.84000015258789,28.09000015258789,27.84000015258789,28.054000854492188,23.74361991882324,1500
2021-11-26,26.959999084472656,26.989999771118164,26.51000022888184,26.780000686645508,22.66536521911621,7000
2021-11-29,27.07999992370605,27.07999992370605,26.770000457763672,26.770000457763672,22.65690040588379,3000
2021-11-30,26.39999961853028,26.670000076293945,26.22100067138672,26.5,22.42838478088379,3700
2021-12-01,27.21999931335449,27.46999931335449,26.701000213623047,26.701000213623047,22.598501205444336,2900
2021-12-02,26.809999465942383,27.32999992370605,26.670000076293945,27.23600006103516,23.05130195617676,4600
2021-12-03,27.479999542236328,27.479999542236328,26.93400001525879,26.9689998626709,22.825326919555664,2200
2021-12-06,27.14999961853028,27.340999603271484,27.14999961853028,27.29899978637696,23.10462188720703,600
2021-12-07,27.799999237060547,28.06999969482422,27.799999237060547,27.8700008392334,23.587890625,22600
2021-12-08,27.81999969482422,27.950000762939453,27.809999465942383,27.940000534057617,23.64713478088379,3600
2021-12-09,27.545000076293945,27.56999969482422,27.40999984741211,27.46999931335449,23.24934768676757,2700
2021-12-10,27.64999961853028,27.64999961853028,27.559999465942383,27.645999908447266,23.39830780029297,1500
2021-12-13,27.39999961853028,27.39999961853028,27.108999252319336,27.108999252319336,22.94381523132324,800
2021-12-14,27.0,27.5,27.0,27.11000061035156,22.94466209411621,28600
2021-12-15,26.79199981689453,27.18000030517578,26.770000457763672,27.18000030517578,23.00390625,4700
2021-12-16,27.5,27.540000915527344,27.391000747680664,27.391000747680664,23.18248748779297,1100
2021-12-17,27.020000457763672,27.198999404907227,26.920000076293945,27.198999404907227,23.01998519897461,1900
2021-12-20,26.040000915527344,26.229999542236328,25.700000762939453,26.21299934387207,22.72693634033203,9400
2021-12-21,26.34000015258789,26.702999114990234,26.34000015258789,26.652999877929688,23.10841941833496,3300
2021-12-22,26.600000381469727,26.78300094604492,26.584999084472656,26.78300094604492,23.221132278442383,1700
2021-12-23,26.81999969482422,26.957000732421875,26.739999771118164,26.90699958801269,23.32864189147949,1800
2021-12-27,26.81999969482422,27.100000381469727,26.799999237060547,27.100000381469727,23.495973587036133,4800
2021-12-28,27.200000762939453,27.200000762939453,27.040000915527344,27.084999084472656,23.482967376708984,1500
2021-12-29,27.059999465942383,27.350000381469727,27.059999465942383,27.165000915527344,23.55233192443848,3000
2021-12-30,27.13999938964844,27.13999938964844,27.0,27.0,23.40927505493164,1500
2021-12-31,26.90999984741211,27.114999771118164,26.90999984741211,27.025999069213867,23.431814193725582,3200
2022-01-03,27.21999931335449,27.71500015258789,27.21999931335449,27.64999961853028,23.972829818725582,2300
2022-01-04,28.239999771118164,28.239999771118164,28.06100082397461,28.200000762939453,24.449687957763672,1700
2022-01-05,28.489999771118164,28.729999542236328,28.270000457763672,28.270000457763672,24.5103759765625,2100
2022-01-06,28.489999771118164,28.68000030517578,28.489999771118164,28.61000061035156,24.805160522460938,6200
2022-01-07,28.86000061035156,28.989999771118164,28.80500030517578,28.97900009155273,25.12508773803711,4700
2022-01-10,28.799999237060547,28.850000381469727,28.375,28.850000381469727,25.013242721557617,4500
2022-01-11,29.0,29.600000381469727,29.0,29.506999969482425,25.582868576049805,6100
2022-01-12,29.84000015258789,30.14999961853028,29.75,30.082000732421875,26.08139991760254,14700
2022-01-13,29.8700008392334,30.049999237060547,29.729999542236328,29.78499984741211,25.82389640808105,6500
2022-01-14,29.8700008392334,30.1200008392334,29.8700008392334,30.07099914550781,26.071861267089844,1400
2022-01-18,29.89999961853028,29.950000762939453,29.731000900268555,29.809999465942383,25.845571517944336,5100
2022-01-19,30.1299991607666,30.1299991607666,29.847000122070312,29.847000122070312,25.87765312194824,7800
2022-01-20,29.63999938964844,29.709999084472656,29.131000518798828,29.16699981689453,25.28808212280273,5900
2022-01-21,28.920000076293945,28.920000076293945,28.57999992370605,28.584999084472656,24.783483505249023,2000
2022-01-24,27.71999931335449,28.04800033569336,27.420000076293945,28.04800033569336,24.31789779663086,3900
2022-01-25,27.89999961853028,28.334999084472656,27.56999969482422,28.31999969482422,24.553726196289062,12500
2022-01-26,28.28199958801269,28.415000915527344,27.99399948120117,27.99399948120117,24.271080017089844,6600
2022-01-27,28.290000915527344,28.299999237060547,27.540000915527344,27.709999084472656,24.02485084533692,12400
2022-01-28,27.81999969482422,27.89999961853028,27.59499931335449,27.834999084472656,24.13322639465332,6300
2022-01-31,28.030000686645508,28.479999542236328,27.96999931335449,28.46999931335449,24.683778762817383,6600
2022-02-01,28.350000381469727,28.86000061035156,28.350000381469727,28.86000061035156,25.021913528442383,5000
2022-02-02,28.81999969482422,29.01000022888184,28.729999542236328,29.01000022888184,25.15196418762207,4100
2022-02-03,28.540000915527344,28.815000534057617,28.530000686645508,28.68000030517578,24.8658504486084,5200
2022-02-04,28.950000762939453,29.1299991607666,28.850000381469727,29.0310001373291,25.17017364501953,7800
2022-02-07,29.14999961853028,29.559999465942383,29.1200008392334,29.39999961853028,25.49009704589844,5800
2022-02-08,29.26000022888184,29.26000022888184,29.125,29.14999961853028,25.273345947265625,8100
2022-02-09,29.14999961853028,29.608999252319336,29.14999961853028,29.549999237060547,25.62014961242676,6900
2022-02-10,29.25,29.690000534057617,29.25,29.25200080871582,25.361780166625977,3200
2022-02-11,29.450000762939453,29.6560001373291,29.21999931335449,29.420000076293945,25.50743865966797,4600
2022-02-14,29.39999961853028,29.39999961853028,29.06999969482422,29.232999801635746,25.34530639648437,4300
2022-02-15,29.14999961853028,29.459999084472656,29.14999961853028,29.38999938964844,25.481428146362305,2900
2022-02-16,29.39999961853028,29.46999931335449,29.299999237060547,29.299999237060547,25.40339469909668,900
2022-02-17,29.13400077819824,29.13400077819824,28.920000076293945,28.989999771118164,25.13462257385254,3300
2022-02-18,29.0,29.0,28.489999771118164,28.61199951171875,24.80689239501953,7600
2022-02-22,28.600000381469727,28.600000381469727,28.0,28.07999992370605,24.345643997192383,11900
2022-02-23,28.31999969482422,28.31999969482422,27.709999084472656,27.709999084472656,24.02485084533692,5200
2022-02-24,27.309999465942383,27.31999969482422,26.75,27.13999938964844,23.53065299987793,9500
2022-02-25,27.95800018310547,27.95800018310547,27.57999992370605,27.8799991607666,24.172239303588867,5000
2022-02-28,27.690000534057617,27.88999938964844,27.600000381469727,27.690000534057617,24.007511138916016,4400
2022-03-01,27.8700008392334,27.8700008392334,26.934999465942383,27.15999984741211,23.54799461364746,6700
2022-03-02,27.479999542236328,28.3700008392334,27.479999542236328,28.3700008392334,24.59707832336425,7900
2022-03-03,29.0,29.0,28.0,28.170000076293945,24.42367553710937,8900
2022-03-04,28.0,28.049999237060547,27.65999984741211,28.049999237060547,24.31963348388672,3400
2022-03-07,28.06999969482422,28.18899917602539,27.280000686645508,27.36000061035156,23.721397399902344,7800
2022-03-08,27.84000015258789,28.270000457763672,27.78700065612793,28.100000381469727,24.36298561096192,16400
2022-03-09,28.200000762939453,28.450000762939453,27.881000518798828,28.06999969482422,24.33697509765625,33200
2022-03-10,28.030000686645508,28.34000015258789,27.900999069213867,28.14999961853028,24.406333923339844,17100
2022-03-11,28.452999114990234,28.46999931335449,28.09600067138672,28.270000457763672,24.5103759765625,3200
2022-03-14,28.25,28.25,27.78400039672852,27.920000076293945,24.20692443847656,2000
2022-03-15,27.3700008392334,27.51000022888184,27.209999084472656,27.30699920654297,23.675443649291992,3700
2022-03-16,27.600000381469727,27.770000457763672,27.38999938964844,27.770000457763672,24.07686996459961,3600
2022-03-17,28.020000457763672,28.54700088500977,27.920000076293945,28.28899955749512,24.5268497467041,6700
2022-03-18,28.0,28.354999542236328,28.0,28.354999542236328,24.58407211303711,3200
2022-03-21,28.57999992370605,28.857999801635746,28.540000915527344,28.739999771118164,24.917871475219727,5800
2022-03-22,28.90999984741211,29.038000106811523,28.600000381469727,28.957000732421875,25.10601043701172,19100
2022-03-23,29.049999237060547,29.049999237060547,28.86000061035156,28.90999984741211,25.065261840820312,5800
2022-03-24,28.989999771118164,29.170000076293945,28.915000915527344,29.100000381469727,25.229995727539062,6300
2022-03-25,29.209999084472656,29.46999931335449,29.14800071716309,29.450000762939453,25.53344917297364,14200
2022-03-28,29.459999084472656,29.59000015258789,29.36000061035156,29.420000076293945,25.50743865966797,16200
2022-03-29,29.670000076293945,30.0,29.549999237060547,30.0,26.010303497314453,15100
2022-03-30,30.11000061035156,30.299999237060547,30.11000061035156,30.29400062561035,26.26520538330078,8000
2022-03-31,30.21999931335449,30.459999084472656,30.049999237060547,30.05599975585937,26.05885505676269,7100
2022-04-01,30.299999237060547,30.450000762939453,30.00200080871582,30.450000762939453,26.40045928955078,12400
2022-04-04,30.600000381469727,30.7450008392334,30.32999992370605,30.54400062561035,26.4819564819336,5500
2022-04-05,30.38999938964844,30.38999938964844,30.020000457763672,30.038000106811523,26.043251037597656,7800
2022-04-06,30.200000762939453,30.34000015258789,30.01099967956543,30.049999237060547,26.053653717041016,10400
2022-04-07,30.0,30.0,29.489999771118164,29.88999938964844,25.91493034362793,16800
2022-04-08,30.0,30.38999938964844,29.940000534057617,30.218000411987305,26.199312210083008,6300
2022-04-11,30.209999084472656,30.209999084472656,29.85099983215332,29.85099983215332,25.881118774414062,5600
2022-04-12,30.280000686645508,30.51000022888184,30.0,30.100000381469727,26.09700393676757,8100
2022-04-13,30.56999969482422,30.81999969482422,30.270000457763672,30.75,26.660564422607425,8000
2022-04-14,30.68000030517578,30.84000015258789,30.5,30.542999267578125,26.481088638305664,9400
2022-04-18,30.8799991607666,31.38999938964844,30.78300094604492,31.239999771118164,27.08539772033692,55200
2022-04-19,31.1299991607666,31.32999992370605,31.020000457763672,31.229999542236328,27.07672691345215,25000
2022-04-20,31.46999931335449,31.600000381469727,31.309999465942383,31.459999084472656,27.276138305664062,34800
2022-04-21,31.65999984741211,31.795000076293945,30.709999084472656,30.761999130249023,26.67096519470215,33600
2022-04-22,30.729999542236328,31.030000686645508,30.270000457763672,30.350000381469727,26.313758850097656,15800
2022-04-25,29.770000457763672,29.8799991607666,29.200000762939453,29.8799991607666,25.90626335144043,22500
2022-04-26,29.89999961853028,29.89999961853028,29.39999961853028,29.51000022888184,25.585468292236328,12800
2022-04-27,29.51000022888184,30.0,29.489999771118164,29.93899917602539,25.957416534423828,5400
2022-04-28,30.299999237060547,31.0,30.030000686645508,30.98699951171875,26.866043090820312,47400
2022-04-29,30.81999969482422,30.989999771118164,30.040000915527344,30.0629997253418,26.064926147460938,14200
2022-05-02,29.97900009155273,30.38999938964844,29.97900009155273,30.325000762939453,26.292081832885746,15000
2022-05-03,30.68000030517578,31.0,30.68000030517578,31.0,26.87731170654297,77200
2022-05-04,31.209999084472656,31.910999298095703,30.88999938964844,31.850000381469727,27.614273071289062,143300
2022-05-05,31.63999938964844,31.63999938964844,30.6200008392334,30.95400047302246,26.83743095397949,19400
2022-05-06,31.309999465942383,31.39999961853028,30.875,31.34000015258789,27.172100067138672,40500
2022-05-09,30.93000030517578,31.15999984741211,29.950000762939453,30.01000022888184,26.018972396850582,66800
2022-05-10,30.25,30.465999603271484,29.604999542236328,30.040000915527344,26.044984817504883,49400
2022-05-11,30.36000061035156,30.670000076293945,29.975000381469727,30.035999298095703,26.0415153503418,19600
2022-05-12,30.14999961853028,30.170000076293945,29.600000381469727,29.968000411987305,25.98255920410156,22100
2022-05-13,30.61000061035156,31.280000686645508,30.61000061035156,31.145999908447266,27.00389862060547,59700
2022-05-16,31.11000061035156,31.479999542236328,31.0,31.277999877929688,27.118343353271484,232100
2022-05-17,31.81999969482422,31.8799991607666,31.530000686645508,31.833999633789062,27.600399017333984,102300
2022-05-18,32.040000915527344,32.15999984741211,31.049999237060547,31.229999542236328,27.07672691345215,130600
2022-05-19,31.06999969482422,31.739999771118164,31.0,31.381999969482425,27.208511352539062,134400
2022-05-20,31.709999084472656,31.950000762939453,31.0,31.450000762939453,27.26746940612793,62600
2022-05-23,31.82999992370605,32.22999954223633,31.700000762939453,31.96999931335449,27.71831512451172,67100
2022-05-24,31.8799991607666,32.29999923706055,31.450000762939453,32.029998779296875,27.77033233642578,66200
2022-05-25,31.93000030517578,32.494998931884766,31.93000030517578,32.369998931884766,28.06511878967285,249100
2022-05-26,32.689998626708984,32.689998626708984,32.369998931884766,32.400001525878906,28.09112930297852,188200
2022-05-27,32.56999969482422,33.15999984741211,32.56999969482422,33.15999984741211,28.75005340576172,58000
2022-05-31,33.5099983215332,33.75,32.91999816894531,32.93000030517578,28.55064392089844,87400
2022-06-01,33.209999084472656,33.529998779296875,32.915000915527344,33.27000045776367,28.84542655944824,114000
2022-06-02,33.47999954223633,33.81999969482422,33.310001373291016,33.79999923706055,29.304941177368164,70200
2022-06-03,33.58000183105469,34.20800018310547,33.58000183105469,34.15999984741211,29.6170654296875,99800
2022-06-06,34.61000061035156,34.900001525878906,34.5099983215332,34.689998626708984,30.076580047607425,123600
2022-06-07,34.790000915527344,35.93000030517578,34.790000915527344,35.88999938964844,31.11699104309082,236900
2022-06-08,36.0099983215332,36.0099983215332,35.27000045776367,35.54999923706055,30.822208404541016,155500
2022-06-09,35.54999923706055,35.66999816894531,35.029998779296875,35.13999938964844,30.46673583984375,137800
2022-06-10,34.77000045776367,34.77000045776367,33.79999923706055,34.20000076293945,29.65174674987793,172200
2022-06-13,33.380001068115234,33.380001068115234,32.5,32.70000076293945,28.35123443603516,140300
2022-06-14,33.189998626708984,33.77000045776367,32.599998474121094,33.040000915527344,28.64601707458496,79600
2022-06-15,33.09000015258789,33.2599983215332,31.8700008392334,32.5,28.177827835083008,122900
2022-06-16,31.5,31.540000915527344,31.0,31.01000022888184,26.885984420776367,115200
2022-06-17,31.209999084472656,31.56999969482422,30.34000015258789,30.5,26.443809509277344,83300
2022-06-21,31.14999961853028,31.799999237060547,31.12800025939941,31.43000030517578,27.2501277923584,163000
2022-06-22,30.46999931335449,30.84000015258789,30.030000686645508,30.51000022888184,26.45247840881348,57400
2022-06-23,30.31999969482422,30.31999969482422,29.09000015258789,29.459999084472656,25.54211807250977,126500
2022-06-24,29.64999961853028,30.01000022888184,29.57999992370605,29.90999984741211,25.932273864746094,35800
2022-06-27,30.100000381469727,30.64999961853028,29.950000762939453,30.530000686645508,26.46982192993164,57100
2022-06-28,31.01000022888184,31.28899955749512,30.64999961853028,30.86000061035156,26.75593376159668,47800
2022-06-29,30.93000030517578,31.239999771118164,30.18000030517578,30.350000381469727,26.313758850097656,39400
2022-06-30,29.6200008392334,30.04199981689453,29.31999969482422,29.65999984741211,25.71552085876465,46900
2022-07-01,29.489999771118164,29.57999992370605,28.8799991607666,29.540000915527344,25.611480712890625,174300
2022-07-05,28.809999465942383,28.88999938964844,28.11000061035156,28.59000015258789,24.78782081604004,129600
2022-07-06,28.100000381469727,28.18000030517578,27.38999938964844,27.81999969482422,24.120222091674805,75200
2022-07-07,28.239999771118164,28.51000022888184,28.229999542236328,28.39999961853028,24.62308883666992,42500
2022-07-08,28.540000915527344,28.61000061035156,28.229999542236328,28.450000762939453,24.666439056396484,18700
2022-07-11,28.09000015258789,28.200000762939453,27.93000030517578,27.979999542236328,24.258941650390625,20600
2022-07-12,27.64999961853028,27.809999465942383,27.459999084472656,27.61000061035156,23.93815040588379,11000
2022-07-13,27.280000686645508,27.76000022888184,27.1299991607666,27.489999771118164,23.834108352661133,8400
2022-07-14,27.0,27.25,26.57999992370605,27.200000762939453,23.58267593383789,23100
2022-07-15,27.600000381469727,27.71999931335449,27.479999542236328,27.68000030517578,23.99884033203125,27400
2022-07-18,28.26000022888184,28.57200050354004,28.020000457763672,28.13999938964844,24.39766502380371,17900
2022-07-19,28.39999961853028,28.979999542236328,28.39999961853028,28.809999465942383,24.978561401367188,11300
2022-07-20,28.809999465942383,29.040000915527344,28.71999931335449,28.8700008392334,25.03058242797852,15600
2022-07-21,28.68000030517578,28.76000022888184,28.14999961853028,28.64999961853028,24.83983993530273,31300
2022-07-22,28.700000762939453,28.81399917602539,28.39999961853028,28.450000762939453,24.666439056396484,30400
2022-07-25,28.95499992370605,29.100000381469727,28.809999465942383,29.01000022888184,25.15196418762207,41200
2022-07-26,29.21999931335449,29.21999931335449,28.81999969482422,28.81999969482422,24.98723220825196,7700
2022-07-27,29.030000686645508,29.641000747680664,28.8799991607666,29.46999931335449,25.5507869720459,45700
2022-07-28,29.81999969482422,29.934999465942383,29.350000381469727,29.68000030517578,25.73285865783692,17700
2022-07-29,29.89999961853028,30.40999984741211,29.89999961853028,30.388999938964844,26.347570419311523,25100
2022-08-01,30.15999984741211,30.40999984741211,30.11100006103516,30.299999237060547,26.27040672302246,8600
2022-08-02,30.25,30.34600067138672,29.920000076293945,30.020000457763672,26.027647018432617,9600
2022-08-03,30.290000915527344,30.43000030517578,29.920000076293945,29.989999771118164,26.001632690429688,52100
2022-08-04,29.780000686645508,29.88999938964844,29.299999237060547,29.420000076293945,25.50743865966797,119200
2022-08-05,29.020000457763672,29.280000686645508,28.91200065612793,29.1200008392334,25.24733543395996,13200
2022-08-08,29.5,29.68000030517578,29.5,29.65999984741211,25.71552085876465,14200
2022-08-09,29.770000457763672,29.959999084472656,29.770000457763672,29.82999992370605,25.862913131713867,47300
2022-08-10,30.40999984741211,30.690000534057617,30.239999771118164,30.57999992370605,26.513168334960938,8600
2022-08-11,30.86000061035156,31.08799934387207,30.746999740600582,31.01000022888184,26.885984420776367,77900
2022-08-12,31.049999237060547,31.33699989318848,31.049999237060547,31.239999771118164,27.08539772033692,16500
2022-08-15,30.540000915527344,30.90999984741211,30.440000534057617,30.809999465942383,26.712581634521484,18600
2022-08-16,30.924999237060547,31.059999465942383,30.84199905395508,30.920000076293945,26.80795288085937,14800
2022-08-17,30.68000030517578,31.209999084472656,30.68000030517578,30.959999084472656,26.842634201049805,20700
2022-08-18,31.25,31.479999542236328,31.1299991607666,31.270000457763672,27.11140823364257,12100
2022-08-19,31.11000061035156,31.11000061035156,30.979999542236328,31.06999969482422,26.938003540039062,17300
2022-08-22,30.799999237060547,30.86000061035156,30.61000061035156,30.850000381469727,26.74726295471192,14200
2022-08-23,31.21999931335449,31.780000686645508,31.21999931335449,31.59000015258789,27.38884925842285,16400
2022-08-24,31.459999084472656,31.7810001373291,31.459999084472656,31.64999961853028,27.44087219238281,11800
2022-08-25,31.809999465942383,31.989999771118164,31.80500030517578,31.979999542236328,27.72698402404785,19500
2022-08-26,31.979999542236328,32.0,31.415000915527344,31.479999542236328,27.29347801208496,10700
2022-08-29,31.3799991607666,31.89999961853028,31.3799991607666,31.71999931335449,27.50156021118164,14100
2022-08-30,31.709999084472656,31.709999084472656,30.979999542236328,31.06999969482422,26.938003540039062,9700
2022-08-31,30.65999984741211,31.01000022888184,30.65999984741211,30.690000534057617,26.60854148864746,6300
2022-09-01,29.989999771118164,30.166000366210938,29.5,29.68000030517578,25.73285865783692,26000
2022-09-02,30.06999969482422,30.25,29.78899955749512,29.8799991607666,25.90626335144043,5700
2022-09-06,30.145000457763672,30.145000457763672,29.690000534057617,29.78400039672852,25.82303047180176,4700
2022-09-07,29.34000015258789,29.790000915527344,29.040000915527344,29.71999931335449,25.767541885375977,8800
2022-09-08,29.51000022888184,29.5310001373291,29.299999237060547,29.40999984741211,25.498767852783203,7700
2022-09-09,29.88999938964844,30.051000595092773,29.809999465942383,30.020000457763672,26.027647018432617,20400
2022-09-12,30.420000076293945,30.420000076293945,30.20199966430664,30.22599983215332,26.20624732971192,2900
2022-09-13,29.64999961853028,29.700000762939453,29.0,29.11000061035156,25.238666534423828,17600
2022-09-14,29.5,29.56399917602539,29.190000534057617,29.3799991607666,25.472755432128903,4900
2022-09-15,28.93000030517578,28.93000030517578,28.56999969482422,28.56999969482422,24.770477294921875,13700
2022-09-16,28.299999237060547,28.299999237060547,28.09000015258789,28.280000686645508,24.51904487609864,13200
2022-09-19,27.76000022888184,28.475000381469727,27.709999084472656,28.464000701904297,24.678579330444336,15500
2022-09-20,28.100000381469727,28.32200050354004,28.100000381469727,28.32200050354004,24.55546188354492,5700
2022-09-21,28.670000076293945,28.670000076293945,27.90999984741211,27.92200088500977,24.20865821838379,8700
2022-09-22,28.200000762939453,28.433000564575195,28.19700050354004,28.280000686645508,24.51904487609864,6100
2022-09-23,27.280000686645508,27.40999984741211,26.604999542236328,26.739999771118164,23.1838493347168,39900
2022-09-26,26.270000457763672,26.420000076293945,26.0,26.097999572753903,22.627227783203125,12500
2022-09-27,26.520000457763672,26.551000595092773,26.21999931335449,26.39999961853028,22.889066696166992,23300
2022-09-28,26.450000762939453,27.489999771118164,26.440000534057617,27.440000534057617,23.79075813293457,11600
2022-09-29,27.190000534057617,27.190000534057617,26.920000076293945,27.084999084472656,23.482967376708984,3300
2022-09-30,27.09000015258789,27.420000076293945,27.06399917602539,27.06399917602539,23.46475982666016,4000
2022-10-03,27.690000534057617,28.049999237060547,27.65999984741211,27.937000274658203,24.221662521362305,7400
2022-10-04,28.75,29.299999237060547,28.68000030517578,29.29400062561035,25.39819526672364,39900
2022-10-05,29.06999969482422,29.433000564575195,28.799999237060547,29.261999130249023,25.370450973510746,22500
2022-10-06,29.049999237060547,29.21500015258789,28.93199920654297,29.209999084472656,25.32536697387696,10400
2022-10-07,28.96999931335449,29.059999465942383,28.549999237060547,28.66699981689453,24.85457801818848,7000
2022-10-10,28.61000061035156,28.65999984741211,28.280000686645508,28.358999252319336,24.58753967285156,6100
2022-10-11,27.96999931335449,28.229999542236328,27.75,27.95499992370605,24.237268447875977,6000
2022-10-12,27.809999465942383,28.21999931335449,27.631000518798828,28.1299991607666,24.388994216918945,11500
2022-10-13,27.51000022888184,28.92399978637696,27.51000022888184,28.825000762939453,24.991565704345703,8400
2022-10-14,28.739999771118164,28.8700008392334,28.016000747680664,28.016000747680664,24.2901554107666,2900
2022-10-17,28.6299991607666,28.8799991607666,28.6299991607666,28.68199920654297,24.867584228515625,6600
2022-10-18,28.77499961853028,28.863000869750977,28.549999237060547,28.76700019836425,24.941280364990234,17100
2022-10-19,28.670000076293945,29.14999961853028,28.63999938964844,29.041000366210938,25.178842544555664,6700
2022-10-20,29.21999931335449,29.700000762939453,29.040000915527344,29.11000061035156,25.238666534423828,9600
2022-10-21,29.1299991607666,29.75,29.06999969482422,29.7450008392334,25.78921699523925,6900
2022-10-24,29.549999237060547,29.65999984741211,29.39299964904785,29.57999992370605,25.646160125732425,10100
2022-10-25,29.39999961853028,29.59000015258789,29.2509994506836,29.59000015258789,25.654829025268555,39300
2022-10-26,29.600000381469727,30.15999984741211,29.600000381469727,29.96199989318848,25.977357864379883,8100
2022-10-27,30.309999465942383,30.520000457763672,30.1200008392334,30.125,26.11868095397949,9000
2022-10-28,30.34000015258789,30.51000022888184,30.190000534057617,30.35700035095215,26.31982612609864,13200
2022-10-31,30.07999992370605,30.299999237060547,30.059999465942383,30.246000289916992,26.223588943481445,8300
2022-11-01,30.88999938964844,30.96999931335449,30.61000061035156,30.88999938964844,26.78194236755371,19700
2022-11-02,31.020000457763672,31.15999984741211,30.32999992370605,30.46999931335449,26.41779899597168,14100
2022-11-03,30.34000015258789,31.0,30.34000015258789,30.944000244140625,26.82876205444336,11600
2022-11-04,31.89999961853028,31.96999931335449,31.39999961853028,31.785999298095703,27.55878257751465,35200
2022-11-07,31.959999084472656,32.2400016784668,31.924999237060547,32.15599822998047,27.87957763671875,25700
2022-11-08,32.15999984741211,32.310001373291016,31.90999984741211,32.22999954223633,27.943735122680664,28900
2022-11-09,31.88999938964844,31.88999938964844,31.36100006103516,31.36199951171875,27.1911735534668,25000
2022-11-10,31.965999603271484,32.369998931884766,31.965999603271484,32.369998931884766,28.06511878967285,20800
2022-11-11,32.81999969482422,33.143001556396484,32.81999969482422,33.08000183105469,28.68069839477539,13600
2022-11-14,32.77000045776367,33.09000015258789,32.68000030517578,32.68000030517578,28.333890914916992,13600
2022-11-15,32.959999084472656,33.279998779296875,32.95000076293945,33.14500045776367,28.73705101013184,18800
2022-11-16,32.959999084472656,32.959999084472656,32.599998474121094,32.68000030517578,28.333890914916992,15700
2022-11-17,32.290000915527344,32.61399841308594,32.290000915527344,32.61399841308594,28.27666664123535,4100
2022-11-18,32.130001068115234,32.540000915527344,31.93000030517578,32.540000915527344,28.21250915527344,13900
2022-11-21,32.00299835205078,32.27000045776367,31.75200080871582,32.209999084472656,27.92639541625977,20400
2022-11-22,32.7400016784668,33.2400016784668,32.73500061035156,33.2400016784668,28.819419860839844,13100
2022-11-23,32.95000076293945,33.22999954223633,32.95000076293945,33.15599822998047,28.746585845947266,7400
2022-11-25,33.369998931884766,33.52000045776367,33.34000015258789,33.34000015258789,28.906116485595703,2500
2022-11-28,33.08000183105469,33.310001373291016,32.849998474121094,32.849998474121094,28.48128128051757,32300
2022-11-29,33.0099983215332,33.36000061035156,33.0099983215332,33.13999938964844,28.732715606689453,26100
2022-11-30,33.540000915527344,33.56999969482422,32.869998931884766,33.41699981689453,28.97287940979004,5200
2022-12-01,33.689998626708984,33.7400016784668,33.369998931884766,33.45100021362305,29.002355575561523,8500
2022-12-02,33.11000061035156,33.22800064086914,32.81399917602539,32.8650016784668,28.49428939819336,4300
2022-12-05,32.810001373291016,32.93600082397461,31.780000686645508,31.84000015258789,27.605600357055664,44800
2022-12-06,31.8799991607666,32.09199905395508,31.440000534057617,31.55599975585937,27.35937118530273,9200
2022-12-07,31.61000061035156,31.780000686645508,31.350000381469727,31.46999931335449,27.284809112548828,13600
2022-12-08,31.46999931335449,31.46999931335449,30.881000518798828,30.989999771118164,26.86864471435547,18800
2022-12-09,31.01000022888184,31.08099937438965,30.71999931335449,30.746000289916992,26.657093048095703,11500
2022-12-12,31.0,31.5,30.927000045776367,31.44300079345703,27.26140022277832,26700
2022-12-13,32.150001525878906,32.150001525878906,31.739999771118164,31.850000381469727,27.614273071289062,11300
2022-12-14,31.93000030517578,32.0099983215332,31.540000915527344,31.68400001525879,27.470346450805664,10600
2022-12-15,31.3700008392334,31.450000762939453,31.108999252319336,31.3129997253418,27.1486873626709,12200
2022-12-16,31.040000915527344,31.290000915527344,30.989999771118164,31.2810001373291,27.12094497680664,20900
2022-12-19,30.76000022888184,30.76000022888184,30.239999771118164,30.40999984741211,27.200551986694336,4900
2022-12-20,30.700000762939453,30.93000030517578,30.645000457763672,30.86000061035156,27.60305976867676,5100
2022-12-21,30.959999084472656,31.059999465942383,30.76099967956543,30.950000762939453,27.68355941772461,4200
2022-12-22,30.89999961853028,30.89999961853028,30.27499961853028,30.56399917602539,27.33829498291016,19000
2022-12-23,30.63999938964844,31.0,30.63999938964844,31.0,27.7282829284668,3100
2022-12-27,31.100000381469727,31.3799991607666,31.100000381469727,31.21999931335449,27.92506217956543,8800
2022-12-28,31.270000457763672,31.270000457763672,30.71999931335449,30.850000381469727,27.594114303588867,5600
2022-12-29,31.14999961853028,31.26300048828125,31.06999969482422,31.21999931335449,27.92506217956543,3100
2022-12-30,31.15999984741211,31.200000762939453,31.06999969482422,31.200000762939453,27.90717506408692,9200
2023-01-03,31.100000381469727,31.100000381469727,30.350000381469727,30.433000564575195,27.22112274169922,15500
2023-01-04,30.299999237060547,30.44599914550781,30.0,30.309999465942383,27.11110496520996,12700
2023-01-05,30.01000022888184,30.43000030517578,29.65999984741211,30.43000030517578,27.21843910217285,30900
2023-01-06,30.65999984741211,31.36000061035156,30.65999984741211,31.07999992370605,27.79983901977539,44800
2023-01-09,31.36000061035156,31.600000381469727,30.950000762939453,31.040000915527344,27.764062881469727,7000
2023-01-10,30.959999084472656,31.155000686645508,30.739999771118164,31.155000686645508,27.866924285888672,2400
2023-01-11,31.3799991607666,31.39999961853028,31.170000076293945,31.375,28.063705444335938,5000
2023-01-12,31.690000534057617,32.09000015258789,31.63999938964844,31.97599983215332,28.60127639770508,20800
2023-01-13,31.780000686645508,32.150001525878906,31.73900032043457,32.04999923706055,28.667465209960938,9400
2023-01-17,32.18000030517578,32.36000061035156,32.04999923706055,32.17499923706055,28.779272079467773,3400
2023-01-18,32.470001220703125,32.77000045776367,32.08700180053711,32.08700180053711,28.700563430786133,10400
2023-01-19,32.150001525878906,32.689998626708984,32.150001525878906,32.654998779296875,29.208614349365234,54500
2023-01-20,32.720001220703125,33.08000183105469,32.650001525878906,33.016998291015625,29.53240776062012,50200
2023-01-23,33.16999816894531,33.54999923706055,33.14699935913086,33.224998474121094,29.71845817565918,39700
2023-01-24,33.25,34.7599983215332,33.0,33.4370002746582,29.9080810546875,91000
2023-01-25,33.33000183105469,33.5099983215332,33.20000076293945,33.400001525878906,29.87499046325684,10700
2023-01-26,33.560001373291016,33.95000076293945,33.38999938964844,33.91999816894531,30.34010505676269,16300
2023-01-27,33.9900016784668,34.119998931884766,33.59000015258789,33.604000091552734,30.057456970214844,14900
2023-01-30,33.279998779296875,33.369998931884766,32.91999816894531,32.91999816894531,29.44564437866211,37900
2023-01-31,32.869998931884766,32.91999816894531,32.58100128173828,32.83000183105469,29.365148544311523,24900
2023-02-01,32.77000045776367,32.77000045776367,32.09000015258789,32.400001525878906,28.980527877807617,10500
2023-02-02,32.2400016784668,32.2400016784668,31.799999237060547,31.99300003051757,28.616479873657227,28300
2023-02-03,31.75,32.130001068115234,31.5,31.5,28.175512313842773,6600
2023-02-06,31.51000022888184,31.51000022888184,30.93000030517578,31.059999465942383,27.78194808959961,64100
2023-02-07,30.96999931335449,31.850000381469727,30.96999931335449,31.825000762939453,28.46621322631836,17400
2023-02-08,32.470001220703125,32.470001220703125,31.729999542236328,31.959999084472656,28.586963653564453,7000
2023-02-09,32.04999923706055,32.099998474121094,31.71999931335449,31.749000549316406,28.39823341369629,7100
2023-02-10,31.8700008392334,32.5099983215332,31.8700008392334,32.45000076293945,29.02525329589844,49300
2023-02-13,32.45000076293945,32.61000061035156,32.24800109863281,32.569000244140625,29.131690979003903,6000
2023-02-14,32.56999969482422,32.66999816894531,32.369998931884766,32.6619987487793,29.21487236022949,2700
2023-02-15,32.279998779296875,32.400001525878906,32.12200164794922,32.349998474121094,28.9358024597168,7600
2023-02-16,32.290000915527344,32.50600051879883,32.2400016784668,32.310001373291016,28.900026321411133,4400
2023-02-17,32.099998474121094,32.099998474121094,31.711000442504883,31.88999938964844,28.52435111999512,19200
2023-02-21,31.790000915527344,31.989999771118164,31.76000022888184,31.875,28.510936737060547,16100
2023-02-22,31.65999984741211,31.770000457763672,31.39999961853028,31.51000022888184,28.18445587158203,7900
2023-02-23,31.82999992370605,32.029998779296875,31.700000762939453,31.86000061035156,28.497520446777344,9000
2023-02-24,31.299999237060547,31.60099983215332,31.299999237060547,31.60099983215332,28.265851974487305,2400
2023-02-27,31.71999931335449,31.950000762939453,31.6200008392334,31.858999252319336,28.49662208557129,5300
2023-02-28,31.959999084472656,31.959999084472656,31.51099967956543,31.51099967956543,28.185352325439453,4600
2023-03-01,31.89999961853028,32.33000183105469,31.89999961853028,32.257999420166016,28.853515625,16300
2023-03-02,32.11000061035156,32.41999816894531,32.09000015258789,32.220001220703125,28.81952476501465,4700
2023-03-03,32.119998931884766,32.858001708984375,32.119998931884766,32.691001892089844,29.24081802368164,23400
2023-03-06,32.630001068115234,32.66999816894531,32.45000076293945,32.599998474121094,29.1594181060791,4600
2023-03-07,32.59000015258789,32.619998931884766,32.06999969482422,32.06999969482422,28.68535614013672,2500
2023-03-08,32.02000045776367,32.09400177001953,31.72599983215332,31.84000015258789,28.47962951660156,7000
2023-03-09,31.71999931335449,31.940000534057617,31.39999961853028,31.39999961853028,28.0860652923584,4500
2023-03-10,31.51000022888184,31.90999984741211,31.43000030517578,31.44799995422364,28.12900161743164,6600
2023-03-13,30.770000457763672,31.229999542236328,30.31999969482422,30.72900009155273,27.485883712768555,27300
2023-03-14,30.709999084472656,31.100000381469727,30.600000381469727,30.823999404907227,27.570858001708984,6500
2023-03-15,29.729999542236328,29.739999771118164,29.270000457763672,29.6200008392334,26.493927001953125,15000
2023-03-16,29.239999771118164,30.13999938964844,29.239999771118164,30.06999969482422,26.896434783935547,12200
2023-03-17,29.82999992370605,29.89999961853028,29.663000106811523,29.78199958801269,26.63882827758789,5600
2023-03-20,29.8799991607666,30.239999771118164,29.850000381469727,30.15800094604492,26.975147247314453,10200
2023-03-21,30.69499969482422,30.700000762939453,30.46999931335449,30.63599967956543,27.402698516845703,1800
2023-03-22,30.670000076293945,31.25,30.64999961853028,30.698999404907227,27.45905113220215,5900
2023-03-23,30.944000244140625,31.100000381469727,30.43000030517578,30.52199935913086,27.30072975158692,16500
2023-03-24,30.049999237060547,30.3700008392334,30.049999237060547,30.309999465942383,27.11110496520996,2700
2023-03-27,30.6200008392334,30.86800003051757,30.415000915527344,30.86800003051757,27.610212326049805,25000
2023-03-28,31.270000457763672,31.440000534057617,31.15999984741211,31.25,27.95189666748047,12500
2023-03-29,31.3799991607666,31.450000762939453,31.18000030517578,31.402999877929688,28.0887508392334,16000
2023-03-30,31.729999542236328,31.88999938964844,31.63999938964844,31.82999992370605,28.470685958862305,19600
2023-03-31,31.64999961853028,31.791000366210938,31.21999931335449,31.791000366210938,28.4358024597168,31700
2023-04-03,32.47999954223633,32.54999923706055,32.24700164794922,32.43000030517578,29.007362365722656,12500
2023-04-04,32.4900016784668,32.4900016784668,31.71199989318848,31.71199989318848,28.365137100219727,7600
2023-04-05,31.540000915527344,32.1349983215332,31.489999771118164,32.06999969482422,28.68535614013672,5300
2023-04-06,31.940000534057617,31.979999542236328,31.690000534057617,31.690000534057617,28.345462799072266,4200
2023-04-10,31.6200008392334,32.21699905395508,31.6200008392334,32.04999923706055,28.667465209960938,5500
2023-04-11,32.18000030517578,32.45899963378906,32.18000030517578,32.400001525878906,28.980527877807617,6900
2023-04-12,32.323001861572266,32.38999938964844,32.060001373291016,32.06800079345703,28.68356704711914,7000
2023-04-13,32.2400016784668,32.349998474121094,32.08000183105469,32.349998474121094,28.9358024597168,14600
2023-04-14,32.380001068115234,32.380001068115234,32.03300094604492,32.15999984741211,28.76585578918457,2500
2023-04-17,32.02000045776367,32.029998779296875,31.81999969482422,31.90399932861328,28.536874771118164,12600
2023-04-18,31.56999969482422,31.770000457763672,31.459999084472656,31.59499931335449,28.260486602783203,7900
2023-04-19,31.3799991607666,31.3799991607666,31.06999969482422,31.18600082397461,27.8946533203125,4900
2023-04-20,30.999000549316406,31.06999969482422,30.93000030517578,31.020999908447266,27.747068405151367,10900
2023-04-21,31.040000915527344,31.040000915527344,30.90999984741211,30.979999542236328,27.71039390563965,1600
2023-04-24,30.8700008392334,31.211000442504883,30.8700008392334,31.211000442504883,27.9170150756836,2600
2023-04-25,30.940000534057617,31.025999069213867,30.56999969482422,30.56999969482422,27.34366226196289,3300
2023-04-26,30.75,30.95400047302246,30.559999465942383,30.600000381469727,27.37049865722656,8500
2023-04-27,30.36000061035156,30.85700035095215,30.36000061035156,30.85700035095215,27.60037422180176,3600
2023-04-28,30.520000457763672,30.809999465942383,30.520000457763672,30.76000022888184,27.51361083984375,5300
2023-05-01,30.61000061035156,30.795000076293945,30.61000061035156,30.722000122070312,27.47962188720703,7300
2023-05-02,30.3799991607666,30.3799991607666,29.959999084472656,30.11000061035156,26.93221473693848,16600
2023-05-03,29.989999771118164,30.15999984741211,29.84000015258789,29.850000381469727,26.69965171813965,8600
2023-05-04,29.82999992370605,29.82999992370605,29.46999931335449,29.489999771118164,26.377647399902344,10800
2023-05-05,29.770000457763672,30.07299995422364,29.770000457763672,29.95199966430664,26.7908878326416,27900
2023-05-08,30.24099922180176,30.350000381469727,30.1200008392334,30.1259994506836,26.946521759033203,5200
2023-05-09,29.84000015258789,30.059999465942383,29.770000457763672,30.030000686645508,26.86065673828125,39600
2023-05-10,30.07999992370605,30.225000381469727,29.972000122070312,30.225000381469727,27.035076141357425,5700
2023-05-11,30.01000022888184,30.11000061035156,29.8700008392334,30.01000022888184,26.8427677154541,4700
2023-05-12,29.96999931335449,29.96999931335449,29.684999465942383,29.790000915527344,26.64598655700684,4900
2023-05-15,29.799999237060547,29.881000518798828,29.729999542236328,29.881000518798828,26.72738265991211,16000
2023-05-16,29.799999237060547,29.799999237060547,29.489999771118164,29.489999771118164,26.377647399902344,3500
2023-05-17,29.65999984741211,30.13999938964844,29.65999984741211,29.996999740600582,26.831138610839844,10800
2023-05-18,29.82999992370605,30.030000686645508,29.670000076293945,29.975000381469727,26.811458587646484,9500
2023-05-19,29.86000061035156,29.92200088500977,29.71999931335449,29.75,26.61020469665528,4500
2023-05-22,30.06100082397461,30.11199951171875,29.940000534057617,30.02499961853028,26.856184005737305,11100
2023-05-23,29.989999771118164,30.145000457763672,29.89999961853028,29.89999961853028,26.74437522888184,2400
2023-05-24,30.124000549316406,30.124000549316406,29.94099998474121,30.065000534057617,26.8919620513916,2000
2023-05-25,29.88999938964844,29.88999938964844,29.59000015258789,29.809999465942383,26.66387367248535,38500
2023-05-26,29.93000030517578,29.98900032043457,29.815000534057617,29.89999961853028,26.74437522888184,3400
2023-05-30,29.709999084472656,29.729999542236328,29.549999237060547,29.700000762939453,26.56548309326172,5000
2023-05-31,29.239999771118164,29.239999771118164,28.920000076293945,29.01000022888184,25.948305130004883,3900
2023-06-01,29.170000076293945,29.59499931335449,29.170000076293945,29.4060001373291,26.3025131225586,10000
2023-06-02,29.8700008392334,30.21500015258789,29.8700008392334,30.184999465942383,26.999298095703125,3400
2023-06-05,30.32999992370605,30.38999938964844,30.07999992370605,30.1299991607666,26.95009994506836,7200
2023-06-06,30.11000061035156,30.465999603271484,30.11000061035156,30.444000244140625,27.2309627532959,3400
2023-06-07,30.5,30.88999938964844,30.5,30.84000015258789,27.585168838500977,13700
2023-06-08,30.959999084472656,30.959999084472656,30.799999237060547,30.92200088500977,27.65851402282715,5900
2023-06-09,31.07200050354004,31.07200050354004,30.8700008392334,30.975000381469727,27.705921173095703,1800
2023-06-12,30.89999961853028,30.89999961853028,30.770000457763672,30.809999465942383,27.558334350585938,3000
2023-06-13,31.0,31.280000686645508,31.0,31.0049991607666,27.73275375366211,3100
2023-06-14,31.1200008392334,31.1200008392334,30.459999084472656,30.825000762939453,27.571752548217773,6200
2023-06-15,30.940000534057617,31.170000076293945,30.940000534057617,31.170000076293945,27.880342483520508,600
2023-06-16,31.21999931335449,31.21999931335449,31.059999465942383,31.059999465942383,27.78194808959961,13700
2023-06-20,30.770000457763672,30.770000457763672,30.43000030517578,30.5,27.281051635742188,5100
2023-06-21,30.450000762939453,30.690000534057617,30.420000076293945,30.670000076293945,27.433109283447266,4900
2023-06-22,30.32999992370605,30.32999992370605,30.170000076293945,30.18000030517578,26.99482536315918,1200
2023-06-23,29.770000457763672,29.950000762939453,29.770000457763672,29.84000015258789,26.69070816040039,11800
2023-06-26,29.739999771118164,30.06999969482422,29.739999771118164,30.0,26.83382225036621,6500
2023-06-27,30.030000686645508,30.21999931335449,29.940000534057617,30.200000762939453,27.012714385986328,20900
2023-06-28,30.100000381469727,30.190000534057617,29.924999237060547,30.136999130249023,26.956361770629883,8800
2023-06-29,30.209999084472656,30.21999931335449,30.1299991607666,30.18199920654297,26.996612548828125,2500
2023-06-30,30.25,30.323999404907227,30.2450008392334,30.25,27.05743789672852,2800
2023-07-03,30.5,30.770000457763672,30.5,30.670000076293945,27.433109283447266,8800
2023-07-05,30.65999984741211,30.65999984741211,30.39999961853028,30.420000076293945,27.2094955444336,7900
2023-07-06,30.21999931335449,30.21999931335449,29.89999961853028,30.06999969482422,26.896434783935547,8800
2023-07-07,30.1200008392334,30.850000381469727,30.1200008392334,30.665000915527344,27.42863655090332,7800
2023-07-10,30.670000076293945,30.850000381469727,30.670000076293945,30.71999931335449,27.477832794189453,3900
2023-07-11,30.84000015258789,31.25,30.84000015258789,31.23500061035156,27.938480377197266,6200
2023-07-12,31.600000381469727,31.709999084472656,31.46999931335449,31.520000457763672,28.19340133666992,7000
2023-07-13,31.559999465942383,31.850000381469727,31.559999465942383,31.63999938964844,28.300737380981445,7500
2023-07-14,31.51000022888184,31.51000022888184,31.200000762939453,31.200000762939453,27.90717506408692,18200
2023-07-17,31.229999542236328,31.420000076293945,31.229999542236328,31.32999992370605,28.023452758789062,4100
2023-07-18,31.68000030517578,31.816999435424805,31.56999969482422,31.57699966430664,28.244384765625,20600
2023-07-19,31.71999931335449,31.96500015258789,31.71999931335449,31.96500015258789,28.5914363861084,1300
2023-07-20,31.96999931335449,32.189998626708984,31.96999931335449,32.060001373291016,28.676410675048828,10900
2023-07-21,32.16999816894531,32.20000076293945,32.03499984741211,32.150001525878906,28.756914138793945,4700
2023-07-24,32.439998626708984,32.97999954223633,32.439998626708984,32.7599983215332,29.30253219604492,15700
2023-07-25,32.77000045776367,33.0,32.77000045776367,32.816001892089844,29.35262489318848,28700
2023-07-26,32.65999984741211,33.22999954223633,32.65999984741211,33.18199920654297,29.67999649047852,14800
2023-07-27,32.88999938964844,32.88999938964844,32.369998931884766,32.439998626708984,29.01630401611328,17400
2023-07-28,32.61000061035156,32.96500015258789,32.459999084472656,32.95800018310547,29.479637145996094,7900
2023-07-31,33.189998626708984,33.5,33.189998626708984,33.349998474121094,29.830265045166016,5100
2023-08-01,33.150001525878906,33.150001525878906,33.02000045776367,33.099998474121094,29.60664939880371,2800
2023-08-02,32.95000076293945,32.95000076293945,32.56999969482422,32.680999755859375,29.23187255859375,3200
2023-08-03,32.59000015258789,32.79999923706055,32.59000015258789,32.76100158691406,29.303430557250977,1400
2023-08-04,33.029998779296875,33.349998474121094,33.029998779296875,33.082000732421875,29.590551376342773,8500
2023-08-07,33.099998474121094,33.435001373291016,33.099998474121094,33.395999908447266,29.871410369873047,11800
2023-08-08,32.880001068115234,33.25699996948242,32.880001068115234,33.25699996948242,29.747079849243164,3100
2023-08-09,33.45000076293945,33.9900016784668,33.45000076293945,33.770999908447266,30.206832885742188,11400
2023-08-10,33.91999816894531,34.43000030517578,33.79999923706055,33.79999923706055,30.232770919799805,11200
2023-08-11,33.88999938964844,34.29999923706055,33.88999938964844,34.099998474121094,30.501108169555664,7200
2023-08-14,33.88999938964844,33.88999938964844,33.619998931884766,33.698001861572266,30.141536712646484,9000
2023-08-15,33.20000076293945,33.22100067138672,33.0099983215332,33.08000183105469,29.588762283325195,27700
2023-08-16,33.02000045776367,33.29499816894531,32.9109992980957,32.95899963378906,29.48052978515625,1900
2023-08-17,33.26499938964844,33.31999969482422,33.029998779296875,33.13100051879883,29.63437843322754,11900
2023-08-18,32.91999816894531,33.290000915527344,32.91999816894531,33.22999954223633,29.72292900085449,12800
2023-08-21,33.779998779296875,33.779998779296875,33.31999969482422,33.465999603271484,29.934022903442383,8300
2023-08-22,33.68899917602539,33.68899917602539,33.43399810791016,33.47999954223633,29.9465446472168,2200
2023-08-23,33.22999954223633,33.4900016784668,33.0,33.37099838256836,29.84904861450196,6600
2023-08-24,33.16999816894531,33.31800079345703,33.13999938964844,33.191001892089844,29.688045501708984,4700
2023-08-25,33.29100036621094,33.67599868774414,33.29100036621094,33.560001373291016,30.018102645874023,2600
2023-08-28,33.91999816894531,33.91999816894531,33.81999969482422,33.87200164794922,30.29717445373535,2000
2023-08-29,33.72999954223633,33.970001220703125,33.67499923706055,33.92499923706055,30.34457969665528,4700
2023-08-30,33.939998626708984,34.02000045776367,33.90999984741211,33.95500183105469,30.371416091918945,5300
2023-08-31,33.939998626708984,33.939998626708984,33.57500076293945,33.63100051879883,30.08160972595215,3100
2023-09-01,34.099998474121094,34.26900100708008,34.099998474121094,34.18299865722656,30.57534980773925,4600
2023-09-05,34.26499938964844,34.40999984741211,34.099998474121094,34.15700149536133,30.55209732055664,5600
2023-09-06,34.150001525878906,34.215999603271484,33.93600082397461,34.137001037597656,30.53420829772949,16900
2023-09-07,34.099998474121094,34.48500061035156,34.099998474121094,34.479000091552734,30.840112686157227,15200
2023-09-08,34.599998474121094,35.279998779296875,34.599998474121094,35.07899856567383,31.376785278320312,33700
2023-09-11,35.439998626708984,35.7400016784668,35.20000076293945,35.3650016784668,31.632604598999023,15000
2023-09-12,35.400001525878906,35.59000015258789,35.290000915527344,35.529998779296875,31.78018569946289,7800
2023-09-13,35.5,35.5,35.22999954223633,35.38600158691406,31.65138816833496,4500
2023-09-14,35.810001373291016,35.88999938964844,35.63999938964844,35.709999084472656,31.94119071960449,7300
2023-09-15,35.630001068115234,35.69300079345703,35.36000061035156,35.43199920654297,31.692529678344727,21700
2023-09-18,35.58000183105469,35.790000915527344,35.54999923706055,35.75299835205078,31.97965240478516,10000
2023-09-19,35.7599983215332,35.7599983215332,35.32500076293945,35.48199844360352,31.737255096435547,7800
2023-09-20,35.459999084472656,35.4900016784668,35.22999954223633,35.28900146484375,31.564626693725582,22500
2023-09-21,35.150001525878906,35.560001373291016,35.0,35.08100128173828,31.37858009338379,30700
2023-09-22,35.529998779296875,35.68000030517578,35.24599838256836,35.24599838256836,31.526159286499023,6900
2023-09-25,35.06999969482422,35.428001403808594,35.040000915527344,35.30500030517578,31.578935623168945,18900
2023-09-26,34.93000030517578,35.0099983215332,34.5099983215332,34.599998474121094,30.948341369628903,43900
2023-09-27,34.9900016784668,34.9900016784668,34.71200180053711,34.81800079345703,31.143335342407227,4800
2023-09-28,34.91999816894531,35.34000015258789,34.91999816894531,35.1349983215332,31.426876068115234,7200
2023-09-29,35.33000183105469,35.33000183105469,34.564998626708984,34.61000061035156,30.9572868347168,12800
2023-10-02,34.47999954223633,34.47999954223633,33.83000183105469,33.98199844360352,30.39556312561035,13300
2023-10-03,33.7599983215332,33.7599983215332,33.0,33.38999938964844,29.866043090820312,15200
2023-10-04,32.88999938964844,32.97999954223633,32.150001525878906,32.33000183105469,28.91791534423828,23500
2023-10-05,32.189998626708984,32.369998931884766,32.189998626708984,32.369998931884766,28.953691482543945,3400
2023-10-06,32.20000076293945,32.56999969482422,32.10100173950195,32.43000030517578,29.007362365722656,3500
2023-10-09,32.65999984741211,32.869998931884766,32.42300033569336,32.66899871826172,29.22113609313965,7100
2023-10-10,32.939998626708984,33.36000061035156,32.849998474121094,33.29399871826172,29.780174255371094,4000
2023-10-11,33.33000183105469,33.34000015258789,33.06999969482422,33.33100128173828,29.813270568847656,15100
2023-10-12,33.4119987487793,33.470001220703125,32.880001068115234,33.11000061035156,29.6155948638916,22000
2023-10-13,33.54999923706055,33.54999923706055,33.09000015258789,33.12200164794922,29.62632942199707,6300
2023-10-16,33.5,33.869998931884766,33.5,33.763999938964844,30.200571060180664,6300
2023-10-17,33.56999969482422,34.07400131225586,33.56999969482422,33.88999938964844,30.31327247619629,5700
2023-10-18,33.869998931884766,34.0,33.858001708984375,33.95000076293945,30.366941452026367,2400
2023-10-19,34.06999969482422,34.06999969482422,33.61000061035156,33.61000061035156,30.06282424926757,9900
2023-10-20,33.63999938964844,33.63999938964844,33.34000015258789,33.34000015258789,29.821319580078125,53700
2023-10-23,33.06999969482422,33.18000030517578,32.900001525878906,33.029998779296875,29.54403686523437,9600
2023-10-24,33.20000076293945,33.20500183105469,33.09000015258789,33.12900161743164,29.6325912475586,1000
2023-10-25,32.810001373291016,32.880001068115234,32.71200180053711,32.77000045776367,29.31147766113281,3300
2023-10-26,32.650001525878906,32.869998931884766,32.529998779296875,32.790000915527344,29.3293685913086,9100
2023-10-27,32.70000076293945,32.95000076293945,32.70000076293945,32.71900177001953,29.26586151123047,2500
2023-10-30,32.97999954223633,33.27000045776367,32.84000015258789,33.11899948120117,29.623645782470703,7300
2023-10-31,32.95000076293945,33.290000915527344,32.95000076293945,33.290000915527344,29.77659797668457,2600
2023-11-01,33.29999923706055,33.720001220703125,33.108001708984375,33.630001068115234,30.08071517944336,6900
2023-11-02,33.95000076293945,34.2400016784668,33.95000076293945,34.11199951171875,30.511842727661133,48900
2023-11-03,34.29999923706055,34.31999969482422,33.970001220703125,34.09000015258789,30.492164611816406,11100
2023-11-06,34.459999084472656,34.59000015258789,34.2239990234375,34.2239990234375,30.612022399902344,26500
2023-11-07,33.79999923706055,33.79999923706055,33.26599884033203,33.400001525878906,29.87499046325684,15300
2023-11-08,33.369998931884766,33.369998931884766,32.95100021362305,33.0629997253418,29.57355499267578,6400
2023-11-09,33.15999984741211,33.15999984741211,32.750999450683594,32.78799819946289,29.32757568359375,1500
2023-11-10,33.08000183105469,33.3380012512207,32.95000076293945,33.27399826049805,29.762285232543945,3400
2023-11-13,33.32500076293945,33.61000061035156,33.27000045776367,33.53900146484375,29.99931907653809,2300
2023-11-14,34.02000045776367,34.49800109863281,33.91999816894531,34.439998626708984,30.80522727966309,13500
2023-11-15,34.61000061035156,34.97999954223633,34.59000015258789,34.7400016784668,31.07356834411621,3700
2023-11-16,34.630001068115234,34.630001068115234,34.1349983215332,34.29800033569336,30.6782169342041,3800
2023-11-17,34.54999923706055,34.86000061035156,34.54999923706055,34.71799850463867,31.05388641357422,6500
2023-11-20,35.060001373291016,35.099998474121094,34.98500061035156,35.005001068115234,31.310596466064453,3600
2023-11-21,35.119998931884766,35.119998931884766,34.849998474121094,34.875,31.19431495666504,8900
2023-11-22,34.61000061035156,34.970001220703125,34.61000061035156,34.92399978637695,31.23814582824707,2300
2023-11-24,34.84000015258789,35.0,34.56999969482422,34.80699920654297,31.13349342346192,19300
2023-11-27,34.90999984741211,35.0,34.83000183105469,34.93600082397461,31.24888038635254,4800
2023-11-28,35.18000030517578,35.47999954223633,35.18000030517578,35.279998779296875,31.55657196044922,4800
2023-11-29,35.34000015258789,35.34000015258789,34.86000061035156,34.98099899291992,31.28912925720215,8800
2023-11-30,34.9900016784668,35.060001373291016,34.720001220703125,34.880001068115234,31.19879150390625,2200
2023-12-01,35.09299850463867,35.27000045776367,34.900001525878906,35.119998931884766,31.41345977783203,14200
2023-12-04,34.81999969482422,34.89500045776367,34.70000076293945,34.849998474121094,31.17195510864257,7300
2023-12-05,34.90999984741211,34.90999984741211,34.60900115966797,34.60900115966797,30.956392288208008,2400
2023-12-06,34.79999923706055,34.79999923706055,34.20000076293945,34.268001556396484,30.651382446289062,5300
2023-12-07,34.400001525878906,34.400001525878906,34.220001220703125,34.334999084472656,30.71130752563477,4800
2023-12-08,34.38999938964844,34.52000045776367,34.2400016784668,34.435001373291016,30.800756454467773,6600
2023-12-11,34.459999084472656,34.61000061035156,34.34000015258789,34.52000045776367,30.876787185668945,3900
2023-12-12,34.27000045776367,34.27000045776367,33.941001892089844,34.209999084472656,30.599498748779297,4600
2023-12-13,34.22999954223633,34.77000045776367,33.540000915527344,34.77000045776367,31.100400924682617,2500
2023-12-14,35.209999084472656,35.54999923706055,35.209999084472656,35.459999084472656,31.717575073242188,3800
2023-12-15,35.29999923706055,35.29999923706055,34.93000030517578,35.09199905395508,31.38841438293457,5200
2023-12-18,34.150001525878906,34.2599983215332,33.96099853515625,34.03099822998047,31.563709259033203,32100
2023-12-19,34.2400016784668,34.54999923706055,34.14400100708008,34.459999084472656,31.96160888671875,3000
2023-12-20,34.47999954223633,34.70000076293945,34.16899871826172,34.16899871826172,31.69170379638672,4100
2023-12-21,34.34000015258789,34.400001525878906,34.20000076293945,34.316001892089844,31.82805252075196,4800
2023-12-22,34.529998779296875,34.54999923706055,34.220001220703125,34.24100112915039,31.758485794067383,8800
2023-12-26,34.40999984741211,34.52000045776367,34.33000183105469,34.459999084472656,31.96160888671875,8700
2023-12-27,34.540000915527344,34.58000183105469,34.46500015258789,34.46500015258789,31.96624565124512,1100
2023-12-28,34.54999923706055,34.54999923706055,34.2400016784668,34.29899978637695,31.81228256225586,3100
2023-12-29,34.22999954223633,34.36199951171875,34.13999938964844,34.220001220703125,31.73900985717773,3200
2024-01-02,34.29999923706055,34.380001068115234,34.14699935913086,34.14699935913086,31.67130279541016,4800
2024-01-03,34.01900100708008,34.2400016784668,34.01900100708008,34.17399978637695,31.69634437561035,2200
2024-01-04,34.4900016784668,34.4900016784668,34.11000061035156,34.16999816894531,31.692630767822266,3800
2024-01-05,34.51300048828125,34.51300048828125,34.13999938964844,34.23099899291992,31.749210357666016,1000
2024-01-08,33.849998474121094,34.1150016784668,33.630001068115234,34.1150016784668,31.6416244506836,6100
2024-01-09,34.09000015258789,34.09000015258789,33.643001556396484,33.78200149536133,31.332767486572266,3200
2024-01-10,34.08000183105469,34.124000549316406,33.689998626708984,33.74599838256836,31.299373626708984,3800
2024-01-11,33.93000030517578,34.005001068115234,33.86000061035156,33.935001373291016,31.47467422485352,5500
2024-01-12,34.310001373291016,34.3849983215332,34.029998779296875,34.22700119018555,31.74550437927246,4500
2024-01-16,34.02000045776367,34.02000045776367,33.61000061035156,33.68600082397461,31.24372673034668,7300
2024-01-17,33.25,33.25,33.06999969482422,33.18000030517578,30.77441024780273,3000
2024-01-18,33.2599983215332,33.2599983215332,33.040000915527344,33.2130012512207,30.80501937866211,2300
2024-01-19,33.04499816894531,33.189998626708984,33.0099983215332,33.17300033569336,30.76791954040528,5800
2024-01-22,33.189998626708984,33.2859992980957,33.189998626708984,33.263999938964844,30.85232162475586,1600
2024-01-23,33.11000061035156,33.21500015258789,33.040000915527344,33.21500015258789,30.806873321533203,4600
2024-01-24,33.70000076293945,33.70000076293945,33.5099983215332,33.62099838256836,31.18343544006348,34800
2024-01-25,33.849998474121094,34.02000045776367,33.72999954223633,34.02000045776367,31.55350875854492,10800
2024-01-26,34.1510009765625,34.439998626708984,34.1510009765625,34.439998626708984,31.94305992126465,4300
2024-01-29,34.880001068115234,34.9900016784668,34.75,34.97999954223633,32.44390869140625,8500
2024-01-30,34.612998962402344,35.2400016784668,34.612998962402344,35.220001220703125,32.666507720947266,3100
2024-01-31,35.52000045776367,35.52000045776367,34.93000030517578,34.965999603271484,32.43092346191406,2100
2024-02-01,35.36000061035156,35.77000045776367,35.11000061035156,35.5,32.92620849609375,8100
2024-02-02,35.18000030517578,35.380001068115234,35.18000030517578,35.290000915527344,32.7314338684082,5300
2024-02-05,35.06999969482422,35.58000183105469,34.72999954223633,35.380001068115234,32.81490707397461,13200
2024-02-06,35.33000183105469,35.33000183105469,35.119998931884766,35.16600036621094,32.61642074584961,3000
2024-02-07,35.22999954223633,35.5,35.084999084472656,35.4119987487793,32.84458541870117,5600
2024-02-08,35.25,35.345001220703125,35.12699890136719,35.29100036621094,32.73236083984375,2100
2024-02-09,35.42100143432617,35.625,35.42100143432617,35.59400177001953,33.01339340209961,3200
2024-02-12,35.58000183105469,35.880001068115234,35.58000183105469,35.779998779296875,33.18590545654297,32100
2024-02-13,35.428001403808594,35.56999969482422,35.09000015258789,35.29999923706055,32.74070739746094,9200
2024-02-14,35.720001220703125,35.720001220703125,35.189998626708984,35.58700180053711,33.00690460205078,7100
2024-02-15,35.72999954223633,36.09199905395508,35.66999816894531,36.09000015258789,33.47343444824219,193400
2024-02-16,36.18999862670898,36.56999969482422,36.08599853515625,36.119998931884766,33.501258850097656,129800
2024-02-20,36.369998931884766,36.369998931884766,35.779998779296875,35.970001220703125,33.36213302612305,25200
2024-02-21,35.66999816894531,35.935001373291016,35.630001068115234,35.89400100708008,33.29164505004883,11100
2024-02-22,35.91999816894531,36.09999847412109,35.571998596191406,36.08000183105469,33.46416091918945,7600
2024-02-23,35.88999938964844,36.11399841308594,35.83700180053711,36.10599899291992,33.4882698059082,10300
2024-02-26,35.90999984741211,36.29999923706055,35.900001525878906,36.15499877929688,33.53371810913086,19900
2024-02-27,36.150001525878906,36.18000030517578,35.849998474121094,35.89699935913086,33.29442596435547,7100
2024-02-28,35.75,35.75,35.130001068115234,35.2859992980957,32.72772216796875,14000
2024-02-29,35.400001525878906,35.529998779296875,35.25899887084961,35.470001220703125,32.89838409423828,14100
2024-03-01,35.790000915527344,36.02000045776367,35.72999954223633,35.89699935913086,33.29442596435547,7700
2024-03-04,35.66999816894531,36.060001373291016,35.66999816894531,35.8120002746582,33.2155876159668,12100
2024-03-05,35.779998779296875,36.01499938964844,35.71099853515625,35.71099853515625,33.12190628051758,4300
2024-03-06,36.209999084472656,36.22200012207031,35.869998931884766,36.13199996948242,33.512386322021484,3100
2024-03-07,36.29999923706055,36.70000076293945,36.29999923706055,36.560001373291016,33.909358978271484,6900
2024-03-08,36.59999847412109,36.7599983215332,36.33000183105469,36.43899917602539,33.7971305847168,29500
2024-03-11,36.15999984741211,36.380001068115234,35.9900016784668,36.380001068115234,33.742408752441406,4900
2024-03-12,36.34999847412109,36.650001525878906,36.33000183105469,36.54899978637695,33.89915466308594,4700
2024-03-13,36.65999984741211,37.2400016784668,36.57500076293945,37.007999420166016,34.32487487792969,15200
2024-03-14,37.43999862670898,37.43999862670898,37.0,37.13800048828125,34.44544982910156,30600
2024-03-15,37.29999923706055,37.95000076293945,37.29999923706055,37.79499816894531,35.054813385009766,25200
2024-03-18,37.790000915527344,37.95000076293945,37.61000061035156,37.70100021362305,34.96763229370117,21100
2024-03-19,37.70000076293945,38.04999923706055,37.59999847412109,38.04999923706055,35.29132843017578,19900
2024-03-20,37.7599983215332,38.380001068115234,37.65999984741211,38.380001068115234,35.59740447998047,14300
2024-03-21,38.27000045776367,38.27000045776367,37.8650016784668,38.04199981689453,35.283912658691406,21600
2024-03-22,37.97999954223633,38.130001068115234,37.86000061035156,37.95600128173828,35.20414733886719,12800
2024-03-25,38.040000915527344,38.290000915527344,37.880001068115234,38.09999847412109,35.337703704833984,9800
2024-03-26,38.150001525878906,38.150001525878906,37.79999923706055,37.845001220703125,35.101192474365234,5900
2024-03-27,37.84700012207031,38.03499984741211,37.7599983215332,38.03499984741211,35.27741622924805,4500
2024-03-28,37.92100143432617,38.354000091552734,37.92100143432617,38.354000091552734,35.57329177856445,3000
2024-04-01,38.40999984741211,38.44499969482422,38.06999969482422,38.34799957275391,35.56772232055664,10000
2024-04-02,38.61000061035156,39.0890007019043,38.59000015258789,39.02999877929688,36.20027542114258,48400
2024-04-03,39.04999923706055,39.69900131225586,38.97999954223633,39.43899917602539,36.57962417602539,26500
2024-04-04,39.68999862670898,39.922000885009766,39.2509994506836,39.35900115966797,36.50542831420898,22100
2024-04-05,39.91999816894531,40.244998931884766,39.7400016784668,40.15999984741211,37.24835205078125,52900
2024-04-08,39.95000076293945,40.40900039672852,39.95000076293945,40.2859992980957,37.36521911621094,68300
2024-04-09,40.209999084472656,40.23799896240234,39.41999816894531,39.540000915527344,36.67330551147461,37900
2024-04-10,39.40999984741211,39.65800094604492,39.04999923706055,39.16999816894531,36.33012771606445,25800
2024-04-11,39.38999938964844,39.51499938964844,39.08000183105469,39.4640007019043,36.602813720703125,9200
2024-04-12,39.400001525878906,39.40999984741211,38.65999984741211,38.73099899291992,35.92295455932617,16300
2024-04-15,38.93999862670898,39.04999923706055,38.43000030517578,38.43000030517578,35.64377975463867,13300
2024-04-16,38.060001373291016,38.06999969482422,37.560001373291016,37.68899917602539,34.956504821777344,33000
2024-04-17,37.59999847412109,37.77299880981445,37.2599983215332,37.48500061035156,34.76729202270508,19500
2024-04-18,37.540000915527344,37.540000915527344,36.97999954223633,37.07799911499024,34.38979721069336,11600
2024-04-19,37.43000030517578,37.470001220703125,37.15999984741211,37.36899948120117,34.65970230102539,10100
2024-04-22,37.67300033569336,38.43999862670898,37.56999969482422,38.16999816894531,35.40262985229492,22300
2024-04-23,37.86199951171875,38.48099899291992,37.84999847412109,38.48099899291992,35.69108200073242,8600
2024-04-24,38.380001068115234,38.380001068115234,37.83000183105469,38.07500076293945,35.31451797485352,30400
2024-04-25,37.66999816894531,37.84000015258789,37.29999923706055,37.81399917602539,35.07243728637695,6200
2024-04-26,37.470001220703125,37.64500045776367,37.380001068115234,37.604000091552734,34.87766647338867,74300
2024-04-29,37.59000015258789,37.915000915527344,37.59000015258789,37.915000915527344,35.16611862182617,9200
2024-04-30,37.619998931884766,37.619998931884766,36.75,36.75199890136719,34.08743667602539,103600
2024-05-01,36.59000015258789,36.68999862670898,36.119998931884766,36.22499847412109,33.5986442565918,17500
2024-05-02,36.4900016784668,37.040000915527344,36.44599914550781,36.95299911499024,34.27386474609375,5900
2024-05-03,36.869998931884766,36.979000091552734,36.630001068115234,36.86100006103516,34.188533782958984,10800
2024-05-06,37.040000915527344,37.29999923706055,37.0,37.02999877929688,34.34527969360352,14000
2024-05-07,36.88999938964844,36.95000076293945,36.70000076293945,36.709999084472656,34.04848098754883,16300
2024-05-08,36.63999938964844,36.95700073242188,36.630001068115234,36.810001373291016,34.141231536865234,5500
2024-05-09,36.68000030517578,36.97499847412109,36.66999816894531,36.86000061035156,34.18760681152344,4300
2024-05-10,37.220001220703125,37.220001220703125,36.7400016784668,36.790000915527344,34.1226806640625,4400
2024-05-13,37.25,37.25,36.76800155639648,36.86000061035156,34.18760681152344,3300
2024-05-14,36.970001220703125,36.9900016784668,36.83000183105469,36.9900016784668,34.30818176269531,3500
2024-05-15,36.68000030517578,36.72999954223633,36.380001068115234,36.650001525878906,33.99283218383789,14900
2024-05-16,36.58000183105469,36.58000183105469,36.43999862670898,36.459999084472656,33.81660461425781,2900
2024-05-17,36.59000015258789,37.18000030517578,36.59000015258789,37.137001037597656,34.444522857666016,5500
2024-05-20,37.34000015258789,37.34000015258789,37.071998596191406,37.15900039672852,34.464927673339844,2700
2024-05-21,37.15499877929688,37.31999969482422,37.150001525878906,37.150001525878906,34.456581115722656,4200
2024-05-22,37.09299850463867,37.167999267578125,36.83000183105469,36.84000015258789,34.1690559387207,5000
2024-05-23,36.73500061035156,36.84999847412109,36.47999954223633,36.5099983215332,33.862979888916016,2600
2024-05-24,36.665000915527344,36.66999816894531,36.5099983215332,36.52000045776367,33.872257232666016,4800
2024-05-28,37.040000915527344,37.09000015258789,36.77000045776367,36.900001525878906,34.224708557128906,6100
2024-05-29,36.209999084472656,36.209999084472656,35.84000015258789,35.84000015258789,33.241554260253906,9500
2024-05-30,35.941001892089844,35.97999954223633,35.650001525878906,35.650001525878906,33.06533432006836,2300
2024-05-31,35.9900016784668,36.220001220703125,35.82099914550781,36.209999084472656,33.58473205566406,2500
2024-06-03,36.52000045776367,36.52000045776367,36.02000045776367,36.11000061035156,33.49198532104492,36100
2024-06-04,35.619998931884766,35.619998931884766,35.400001525878906,35.49800109863281,32.92435073852539,135600
2024-06-05,35.540000915527344,35.595001220703125,35.400001525878906,35.400001525878906,32.833457946777344,9100
2024-06-06,35.52000045776367,35.84199905395508,35.52000045776367,35.709999084472656,33.12097930908203,5600
2024-06-07,35.5,35.64500045776367,35.400001525878906,35.400001525878906,32.833457946777344,3500
2024-06-10,35.3849983215332,35.6879997253418,35.3849983215332,35.5,32.92620849609375,10200
2024-06-11,35.20000076293945,35.400001525878906,35.130001068115234,35.349998474121094,32.78708267211914,12300
2024-06-12,36.060001373291016,36.060001373291016,35.15999984741211,35.15999984741211,32.61085891723633,10600
2024-06-13,35.2599983215332,35.400001525878906,34.79999923706055,35.099998474121094,32.555206298828125,24000
2024-06-14,35.099998474121094,35.099998474121094,34.959999084472656,35.02000045776367,32.48101043701172,5200
2024-06-17,34.95000076293945,35.13999938964844,34.90999984741211,34.9900016784668,32.45318603515625,4500
2024-06-18,35.06999969482422,35.2599983215332,34.95500183105469,35.08100128173828,32.5375862121582,4900
2024-06-20,35.220001220703125,35.70000076293945,35.220001220703125,35.310001373291016,32.74998474121094,10300
2024-06-21,35.18000030517578,35.18000030517578,35.04999923706055,35.055999755859375,32.51439666748047,4500
2024-06-24,35.119998931884766,35.33000183105469,35.09199905395508,35.11000061035156,32.564483642578125,5100
2024-06-25,35.2599983215332,35.4109992980957,35.21500015258789,35.4109992980957,32.843658447265625,1000
2024-06-26,35.20000076293945,35.305999755859375,35.20000076293945,35.305999755859375,32.74626922607422,700
2024-06-27,35.56999969482422,35.79999923706055,35.380001068115234,35.5099983215332,32.935482025146484,2900
2024-06-28,35.70100021362305,35.810001373291016,35.58000183105469,35.7869987487793,33.19239807128906,3300
2024-07-01,35.974998474121094,36.19900131225586,35.90999984741211,36.16999816894531,33.547630310058594,10100
2024-07-02,36.25,36.25,35.97999954223633,35.97999954223633,33.37140655517578,2200
2024-07-03,36.18000030517578,36.29899978637695,36.18000030517578,36.29899978637695,33.66727828979492,6600
2024-07-05,36.38999938964844,36.38999938964844,35.900001525878906,35.939998626708984,33.33430480957031,8300
2024-07-08,35.95000076293945,35.95000076293945,35.58000183105469,35.61000061035156,33.02823257446289,8200
2024-07-09,35.15999984741211,35.29999923706055,35.06999969482422,35.25600051879883,32.69989776611328,9600
2024-07-10,34.9900016784668,35.494998931884766,34.9900016784668,35.040000915527344,32.49956130981445,11800
2024-07-11,34.95000076293945,35.29499816894531,34.61000061035156,35.24399948120117,32.68877029418945,16900
2024-07-12,35.459999084472656,35.459999084472656,35.2599983215332,35.34700012207031,32.784297943115234,4600
2024-07-15,35.349998474121094,35.459999084472656,35.262001037597656,35.262001037597656,32.70546340942383,2700
2024-07-16,35.2599983215332,35.56999969482422,35.2599983215332,35.43000030517578,32.86128234863281,4300
2024-07-17,35.540000915527344,36.040000915527344,35.540000915527344,35.63399887084961,33.05049133300781,9400
2024-07-18,35.59299850463867,35.60499954223633,35.15999984741211,35.255001068115234,32.698974609375,4200
2024-07-19,35.040000915527344,35.040000915527344,34.779998779296875,34.8489990234375,32.32240676879883,3400
2024-07-22,34.91999816894531,35.09000015258789,34.66999816894531,34.944000244140625,32.410518646240234,3400
2024-07-23,34.75,34.81999969482422,34.45000076293945,34.555999755859375,32.0506477355957,9300
2024-07-24,34.66999816894531,34.68000030517578,34.43000030517578,34.624000549316406,32.11371994018555,7100
2024-07-25,34.465999603271484,35.150001525878906,34.439998626708984,34.95800018310547,32.42350387573242,9500
2024-07-26,35.22999954223633,35.35499954223633,35.15999984741211,35.35499954223633,32.79172134399414,1000
2024-07-29,35.459999084472656,35.470001220703125,34.941001892089844,35.25,32.694332122802734,5900
2024-07-30,35.28099822998047,35.51300048828125,35.224998474121094,35.51300048828125,32.93826675415039,3100
2024-07-31,36.45000076293945,36.5,35.90999984741211,36.01300048828125,33.40201568603516,4700
2024-08-01,35.7400016784668,35.80500030517578,34.90999984741211,35.1510009765625,32.60251235961914,9100
2024-08-02,34.31999969482422,34.349998474121094,34.16999816894531,34.32400131225586,31.83547019958496,4700
2024-08-05,32.86000061035156,33.68000030517578,32.86000061035156,33.45500183105469,31.02947425842285,14400
2024-08-06,33.79999923706055,34.029998779296875,33.77399826049805,33.77399826049805,31.325342178344727,1900
2024-08-07,34.099998474121094,34.18000030517578,33.625,33.625999450683594,31.18807411193848,5400
2024-08-08,34.22999954223633,34.57500076293945,34.22999954223633,34.402000427246094,31.907814025878903,6200
2024-08-09,34.439998626708984,34.564998626708984,34.35100173950195,34.564998626708984,32.05899429321289,1700
2024-08-12,34.70000076293945,34.849998474121094,34.61000061035156,34.63600158691406,32.12485122680664,17500
2024-08-13,34.61000061035156,34.88999938964844,34.54999923706055,34.88999938964844,32.360435485839844,2600
2024-08-14,34.939998626708984,34.939998626708984,34.72999954223633,34.8849983215332,32.35579299926758,1800
2024-08-15,35.30500030517578,35.41999816894531,35.189998626708984,35.27000045776367,32.71288299560547,6400
2024-08-16,35.36000061035156,35.529998779296875,35.36000061035156,35.48699951171875,32.914146423339844,1600
2024-08-19,35.65999984741211,35.88999938964844,35.599998474121094,35.869998931884766,33.269378662109375,14600
2024-08-20,35.650001525878906,35.650001525878906,35.09000015258789,35.21099853515625,32.65816116333008,3200
2024-08-21,35.20000076293945,35.255001068115234,35.18000030517578,35.255001068115234,32.698974609375,4400
2024-08-22,35.130001068115234,35.130001068115234,34.959999084472656,35.02000045776367,32.48101043701172,800
2024-08-23,35.27000045776367,35.68000030517578,35.27000045776367,35.65999984741211,33.074607849121094,2200
2024-08-26,35.75,35.85499954223633,35.49399948120117,35.49399948120117,32.9206428527832,3600
2024-08-27,35.810001373291016,35.810001373291016,35.54999923706055,35.62099838256836,33.03843307495117,800
2024-08-28,35.38999938964844,35.5,35.310001373291016,35.36399841308594,32.80006790161133,3400
2024-08-29,35.650001525878906,35.696998596191406,35.439998626708984,35.63999938964844,33.05605697631836,3200
2024-08-30,35.45000076293945,35.720001220703125,35.2400016784668,35.70500183105469,33.11634826660156,3900
2024-09-03,35.47999954223633,35.47999954223633,35.0099983215332,35.020999908447266,32.481937408447266,3300
2024-09-04,34.779998779296875,34.84000015258789,34.529998779296875,34.55500030517578,32.04972076416016,3600
2024-09-05,34.79999923706055,34.79999923706055,34.27000045776367,34.29499816894531,31.808570861816406,2800
2024-09-06,34.27000045776367,34.27000045776367,33.6150016784668,33.6150016784668,31.177873611450195,6800
2024-09-09,33.7400016784668,33.880001068115234,33.7400016784668,33.78200149536133,31.332767486572266,1800
2024-09-10,33.77000045776367,33.77000045776367,33.25,33.57500076293945,31.14077377319336,4800
2024-09-11,33.349998474121094,33.349998474121094,32.66999816894531,33.0,30.607460021972656,13000
2024-09-12,33.08000183105469,33.2400016784668,33.0,33.233001708984375,30.823570251464844,6300
2024-09-13,33.61000061035156,33.61000061035156,33.5,33.5260009765625,31.095327377319336,1700
2024-09-16,33.55899810791016,33.72999954223633,33.47999954223633,33.72999954223633,31.284534454345703,5200
2024-09-17,33.75,33.88999938964844,33.584999084472656,33.779998779296875,31.33090782165528,3700
2024-09-18,33.869998931884766,34.029998779296875,33.810001373291016,33.88399887084961,31.427370071411133,3000
2024-09-19,34.34000015258789,34.43299865722656,34.34000015258789,34.41600036621094,31.920799255371094,4100
2024-09-20,34.290000915527344,34.290000915527344,33.9900016784668,34.08399963378906,31.612869262695312,6000
2024-09-23,34.02000045776367,34.369998931884766,34.02000045776367,34.141998291015625,31.666662216186523,2200
2024-09-24,34.52000045776367,34.61600112915039,34.279998779296875,34.334999084472656,31.84567070007324,6900
2024-09-25,34.31999969482422,34.31999969482422,33.880001068115234,34.01300048828125,31.54701805114746,3900
2024-09-26,34.09000015258789,34.540000915527344,34.08000183105469,34.41699981689453,31.92172622680664,4400
2024-09-27,34.36000061035156,34.36000061035156,34.220001220703125,34.28799819946289,31.802078247070312,5700
2024-09-30,34.15999984741211,34.349998474121094,34.14500045776367,34.257999420166016,31.77425575256348,1700
2024-10-01,34.130001068115234,34.36000061035156,34.130001068115234,34.310001373291016,31.82248306274414,3100
2024-10-02,34.560001373291016,34.59000015258789,34.16999816894531,34.40399932861328,31.90966796875,2100
2024-10-03,34.047000885009766,34.790000915527344,34.047000885009766,34.779998779296875,32.25840759277344,4500
2024-10-04,35.04999923706055,35.15999984741211,34.7400016784668,34.91999816894531,32.38825607299805,9500
2024-10-07,34.81999969482422,34.99300003051758,34.71200180053711,34.73699951171875,32.21852493286133,2600
2024-10-08,34.75,34.75,34.040000915527344,34.16999816894531,31.692630767822266,7100
2024-10-09,33.79999923706055,34.08599853515625,33.790000915527344,34.08599853515625,31.614723205566406,3800
2024-10-10,34.27000045776367,34.349998474121094,34.22999954223633,34.349998474121094,31.859580993652344,300
2024-10-11,34.099998474121094,34.279998779296875,34.09000015258789,34.27799987792969,31.79280471801757,2800
2024-10-14,33.93000030517578,34.130001068115234,33.93000030517578,33.97999954223633,31.51640892028809,1700
2024-10-15,33.13999938964844,33.189998626708984,32.84000015258789,32.849998474121094,30.468334197998047,11500
2024-10-16,33.029998779296875,33.198001861572266,33.029998779296875,33.119998931884766,30.718759536743164,1800
2024-10-17,33.099998474121094,33.15999984741211,32.97999954223633,33.07500076293945,30.67702293395996,2300
2024-10-18,32.959999084472656,33.097999572753906,32.81999969482422,32.92499923706055,30.53789710998535,4200
2024-10-21,32.939998626708984,32.939998626708984,32.5099983215332,32.58000183105469,30.217912673950195,6200
2024-10-22,32.59000015258789,32.59000015258789,32.33000183105469,32.41999816894531,30.06951141357422,7900
2024-10-23,32.400001525878906,32.400001525878906,31.780000686645508,32.0629997253418,29.738393783569336,8100
2024-10-24,31.88999938964844,32.040000915527344,31.81999969482422,32.040000915527344,29.71706199645996,13900
2024-10-25,31.96999931335449,32.20000076293945,31.924999237060547,31.92799949645996,29.61318016052246,3700
2024-10-28,31.989999771118164,31.989999771118164,31.68000030517578,31.89999961853028,29.58721160888672,9600
2024-10-29,31.809999465942383,31.809999465942383,31.5,31.55500030517578,29.26722526550293,4100
2024-10-30,31.520000457763672,31.600000381469727,31.39999961853028,31.459999084472656,29.17911148071289,2200
2024-10-31,31.3799991607666,31.5049991607666,31.2549991607666,31.26700019836425,29.00010681152344,1300
2024-11-01,31.450000762939453,31.450000762939453,31.100000381469727,31.136999130249023,28.87952995300293,1900
2024-11-04,31.209999084472656,31.42799949645996,31.209999084472656,31.29800033569336,29.028858184814453,4700
2024-11-05,31.44499969482422,31.75,31.440000534057617,31.74099922180176,29.43973731994629,6600
2024-11-06,31.57999992370605,31.68000030517578,31.25200080871582,31.68000030517578,29.38316345214844,10500
2024-11-07,31.82999992370605,31.82999992370605,31.5009994506836,31.583999633789062,29.29412269592285,5100
2024-11-08,31.32999992370605,31.32999992370605,31.01000022888184,31.15699958801269,28.898080825805664,4000
2024-11-11,31.09000015258789,31.21999931335449,31.09000015258789,31.187000274658203,28.92590713500977,6600
2024-11-12,30.950000762939453,30.950000762939453,30.63999938964844,30.64999961853028,28.42783737182617,5400
2024-11-13,30.809999465942383,30.99399948120117,30.790000915527344,30.992000579833984,28.74504280090332,2800
2024-11-14,31.170000076293945,31.170000076293945,30.8799991607666,30.96500015258789,28.720001220703125,3200
2024-11-15,30.940000534057617,31.007999420166016,30.834999084472656,30.94700050354004,28.70330619812012,10500
2024-11-18,31.21999931335449,31.450000762939453,31.21999931335449,31.450000762939453,29.16983795166016,1600
2024-11-19,31.440000534057617,31.6200008392334,31.3799991607666,31.420000076293945,29.14201164245605,8200
2024-11-20,31.32999992370605,31.34000015258789,31.11000061035156,31.34000015258789,29.067811965942383,3200
2024-11-21,31.549999237060547,31.549999237060547,31.27499961853028,31.45599937438965,29.17540168762207,21900
2024-11-22,31.36000061035156,31.65999984741211,31.36000061035156,31.6200008392334,29.3275146484375,3400
2024-11-25,31.76000022888184,31.979999542236328,31.6200008392334,31.63999938964844,29.34606170654297,18900
2024-11-26,31.600000381469727,31.600000381469727,31.375,31.38599967956543,29.11047744750977,2100
2024-11-27,31.600000381469727,31.600000381469727,31.299999237060547,31.40999984741211,29.132736206054688,11300
2024-11-29,31.36400032043457,31.55699920654297,31.36400032043457,31.55699920654297,29.269079208374023,1700
2024-12-02,31.479999542236328,31.61000061035156,31.25,31.61000061035156,29.3182373046875,5000
2024-12-03,31.799999237060547,31.799999237060547,31.549999237060547,31.549999237060547,29.26258659362793,3100
2024-12-04,31.549999237060547,31.549999237060547,31.059999465942383,31.13400077819824,28.87674903869629,7000
2024-12-05,31.34499931335449,31.34499931335449,31.14999961853028,31.18899917602539,28.927759170532227,1900
2024-12-06,31.13999938964844,31.13999938964844,30.82999992370605,30.97100067138672,28.72556495666504,8000
2024-12-09,30.940000534057617,31.34000015258789,30.940000534057617,31.020000457763672,28.77101325988769,3600
2024-12-10,31.218000411987305,31.239999771118164,30.940000534057617,30.965999603271484,28.720928192138672,4000
2024-12-11,31.07999992370605,31.07999992370605,30.825000762939453,31.02400016784668,28.77472305297852,6600
2024-12-12,30.809999465942383,30.809999465942383,30.43899917602539,30.47800064086914,28.268308639526367,4200
2024-12-13,30.520000457763672,30.520000457763672,30.25,30.31999969482422,28.12176322937012,13200
2024-12-16,30.040000915527344,30.040000915527344,29.76000022888184,29.76000022888184,27.60236358642578,20000
2024-12-17,29.39999961853028,29.51000022888184,29.280000686645508,29.47100067138672,27.334318161010746,36100
2024-12-18,29.36000061035156,29.426000595092773,28.67799949645996,28.67799949645996,26.59881019592285,4000
2024-12-19,29.01000022888184,29.01000022888184,28.441999435424805,28.525999069213867,26.45782852172852,12400
2024-12-20,28.481000900268555,28.84000015258789,28.481000900268555,28.61400032043457,26.539451599121094,103600
2024-12-23,27.25,27.25,26.86000061035156,27.1200008392334,26.58356094360352,8700
2024-12-24,27.26000022888184,27.38999938964844,27.08099937438965,27.36000061035156,26.81881332397461,22100
2024-12-26,27.40999984741211,27.55299949645996,27.395000457763672,27.468000411987305,26.9246768951416,4400
2024-12-27,27.32999992370605,27.479999542236328,27.26000022888184,27.459999084472656,26.91683387756348,7100
2024-12-30,27.40999984741211,27.6200008392334,27.364999771118164,27.46299934387207,26.91977500915528,27400
2024-12-31,27.540000915527344,27.540000915527344,27.350000381469727,27.5049991607666,26.96094512939453,27800
2025-01-02,27.81999969482422,27.88999938964844,27.600000381469727,27.75200080871582,27.203060150146484,13900
2025-01-03,28.13999938964844,28.200000762939453,27.950000762939453,28.1299991607666,27.57358169555664,9900
2025-01-06,28.270000457763672,28.43000030517578,28.011999130249023,28.058000564575195,27.503007888793945,17200
2025-01-07,28.209999084472656,28.280000686645508,28.01000022888184,28.16399955749512,27.606908798217773,5900
2025-01-08,28.0,28.06999969482422,27.780000686645508,28.038000106811523,27.483402252197266,6400
2025-01-10,27.920000076293945,28.25,27.87299919128418,27.929000854492188,27.376558303833008,3000
2025-01-13,28.190000534057617,28.48500061035156,28.131000518798828,28.46999931335449,27.906856536865234,15200
2025-01-14,28.40699958801269,28.63999938964844,28.36100006103516,28.6299991607666,28.063692092895508,7100
2025-01-15,28.850000381469727,29.209999084472656,28.850000381469727,29.155000686645508,28.57830810546875,3600
2025-01-16,28.959999084472656,29.128999710083008,28.959999084472656,29.09000015258789,28.51459312438965,3400
2025-01-17,29.354999542236328,29.40999984741211,29.270000457763672,29.3700008392334,28.78905487060547,2800
2025-01-21,29.200000762939453,29.299999237060547,29.0,29.170000076293945,28.5930118560791,64500
2025-01-22,29.1200008392334,29.1200008392334,28.812000274658203,28.812000274658203,28.24209213256836,6500
2025-01-23,28.809999465942383,29.20800018310547,28.809999465942383,29.20800018310547,28.630260467529297,8500
2025-01-24,29.270000457763672,29.38999938964844,29.08099937438965,29.14900016784668,28.57242584228516,17900
2025-01-27,29.030000686645508,29.211000442504883,29.01000022888184,29.07999992370605,28.504791259765625,16400
2025-01-28,29.200000762939453,29.200000762939453,28.65999984741211,28.732999801635746,28.164655685424805,28500
2025-01-29,28.6200008392334,28.75200080871582,28.6200008392334,28.690000534057617,28.12250518798828,33000
2025-01-30,29.13999938964844,29.13999938964844,28.780000686645508,28.917999267578125,28.34599494934082,5900
2025-01-31,28.729999542236328,28.82999992370605,28.51000022888184,28.530000686645508,27.96567153930664,5800
2025-02-03,28.09000015258789,28.5,27.93000030517578,28.326000213623047,27.76570510864257,11100
2025-02-04,28.584999084472656,28.96999931335449,28.551000595092773,28.91900062561035,28.34697723388672,5500
2025-02-05,28.950000762939453,28.979999542236328,28.8799991607666,28.94499969482422,28.372461318969727,1700
2025-02-06,28.8799991607666,28.93899917602539,28.614999771118164,28.676000595092773,28.108783721923828,7500
2025-02-07,28.59000015258789,28.600000381469727,28.39999961853028,28.40399932861328,27.842161178588867,14800
2025-02-10,28.64999961853028,28.902000427246094,28.64999961853028,28.863000869750977,28.29208374023437,5000
2025-02-11,28.989999771118164,29.11000061035156,28.989999771118164,29.03400039672852,28.459701538085938,6300
2025-02-12,28.959999084472656,28.959999084472656,28.621999740600582,28.621999740600582,28.055850982666016,8600
2025-02-13,28.440000534057617,28.71199989318848,28.420000076293945,28.68000030517578,28.11270332336425,6400
2025-02-14,28.91900062561035,29.049999237060547,28.91900062561035,28.98600006103516,28.41265106201172,1600
2025-02-18,29.11000061035156,29.363000869750977,29.059999465942383,29.347000122070312,28.766510009765625,3700
2025-02-19,29.229999542236328,29.290000915527344,29.030000686645508,29.083999633789062,28.50871086120605,13000
2025-02-20,29.040000915527344,29.350000381469727,29.01000022888184,29.350000381469727,28.769451141357425,47900
2025-02-21,29.202999114990234,29.23900032043457,28.79800033569336,28.79800033569336,28.22836875915528,3000
2025-02-24,29.020000457763672,29.020000457763672,28.80500030517578,28.89200019836425,28.32051086425781,5000
2025-02-25,29.0,29.0,28.690000534057617,28.76000022888184,28.19112205505371,6300
2025-02-26,28.739999771118164,28.739999771118164,28.40999984741211,28.434999465942383,27.87254905700684,1200
2025-02-27,28.51000022888184,28.51499938964844,28.416000366210938,28.416000366210938,27.85392570495605,2500
2025-02-28,28.14999961853028,28.280000686645508,28.020000457763672,28.246000289916992,27.68728828430176,28000
2025-03-03,28.61000061035156,28.61000061035156,27.950000762939453,28.093000411987305,27.537315368652344,10700
2025-03-04,27.600000381469727,28.00300025939941,27.420000076293945,27.86599922180176,27.31480407714844,10000
2025-03-05,28.01000022888184,28.05500030517578,27.73699951171875,28.03899955749512,27.48438262939453,4600
2025-03-06,27.979999542236328,28.229999542236328,27.979999542236328,28.17200088500977,27.6147518157959,3100
2025-03-07,28.38999938964844,28.75,28.38999938964844,28.69599914550781,28.12838554382324,24900
2025-03-10,28.61000061035156,28.61000061035156,28.3700008392334,28.597000122070312,28.03134536743164,5000
2025-03-11,28.549999237060547,28.75,28.402000427246094,28.420000076293945,27.85784721374512,7200
2025-03-12,28.540000915527344,28.90999984741211,28.410999298095703,28.73600006103516,28.16759490966797,5800
2025-03-13,28.57999992370605,28.76499938964844,28.51799964904785,28.60400009155273,28.038206100463867,5700
2025-03-14,28.9689998626709,29.25,28.9689998626709,29.21500015258789,28.637121200561523,11500
2025-03-17,29.229999542236328,29.69700050354004,29.229999542236328,29.670000076293945,29.083120346069336,12000
2025-03-18,29.65999984741211,29.790000915527344,29.489999771118164,29.58099937438965,28.995880126953125,13300
2025-03-19,29.61599922180176,29.690000534057617,29.61599922180176,29.690000534057617,29.102725982666016,600
2025-03-20,29.46500015258789,29.75300025939941,29.46500015258789,29.75300025939941,29.164480209350582,1100
2025-03-21,29.5,29.5,29.229999542236328,29.30699920654297,28.7273006439209,12200
2025-03-24,29.56100082397461,29.56100082397461,29.26000022888184,29.43400001525879,28.851789474487305,3300
2025-03-25,29.51000022888184,29.69099998474121,29.34000015258789,29.402999877929688,28.821401596069336,2600
2025-03-26,29.49300003051757,29.55500030517578,29.39699935913086,29.39699935913086,28.815519332885746,800
2025-03-27,29.209999084472656,29.347000122070312,29.209999084472656,29.347000122070312,28.766510009765625,700
2025-03-28,29.1200008392334,29.1200008392334,28.8799991607666,28.951000213623047,28.37834358215332,1100
2025-03-31,28.540000915527344,28.739999771118164,28.420000076293945,28.739999771118164,28.17151641845703,2600
2025-04-01,28.739999771118164,28.84000015258789,28.63999938964844,28.84000015258789,28.26953887939453,2300
2025-04-02,28.520000457763672,28.89999961853028,28.489999771118164,28.89999961853028,28.328351974487305,4000
2025-04-03,27.790000915527344,27.790000915527344,27.14999961853028,27.165000915527344,26.62767219543457,6600
2025-04-04,26.350000381469727,26.350000381469727,25.200000762939453,25.420000076293945,24.917186737060547,34000
2025-04-07,24.57999992370605,25.6200008392334,24.559999465942383,24.924999237060547,24.431978225708008,8400
2025-04-08,25.625,25.641000747680664,24.31999969482422,24.542999267578125,24.05753326416016,6000
2025-04-09,24.57900047302246,26.290000915527344,24.170000076293945,26.26099967956543,25.74155044555664,17200
2025-04-10,25.489999771118164,25.489999771118164,25.059999465942383,25.357999801635746,24.85641288757324,2900
2025-04-11,25.535999298095703,26.038000106811523,25.38999938964844,26.038000106811523,25.52296257019043,4100
2025-04-14,26.100000381469727,26.21999931335449,25.93000030517578,25.989999771118164,25.47591209411621,5600
2025-04-15,25.89999961853028,26.14999961853028,25.8700008392334,25.8700008392334,25.358285903930664,3400
2025-04-16,26.21999931335449,26.21999931335449,25.89699935913086,25.90399932861328,25.3916130065918,11300
2025-04-17,26.459999084472656,26.459999084472656,26.299999237060547,26.31100082397461,25.790563583374023,9700
2025-04-21,26.530000686645508,26.530000686645508,26.01000022888184,26.21199989318848,25.69352149963379,1200
2025-04-22,26.61000061035156,27.07999992370605,26.61000061035156,27.027000427246094,26.492401123046875,7900
2025-04-23,27.40999984741211,27.40999984741211,26.86400032043457,27.027000427246094,26.492401123046875,1500
2025-04-24,27.042999267578125,27.31800079345703,26.93199920654297,27.31800079345703,26.777645111083984,9000
2025-04-25,27.059999465942383,27.44700050354004,27.059999465942383,27.402000427246094,26.859983444213867,4500
2025-04-28,27.46999931335449,27.670000076293945,27.46199989318848,27.670000076293945,27.1226806640625,3100
2025-04-29,27.83699989318848,27.95400047302246,27.690000534057617,27.94599914550781,27.39322090148925,2400
2025-04-30,27.826000213623047,27.82999992370605,27.71500015258789,27.729999542236328,27.18149375915528,3400
2025-05-01,27.809999465942383,27.83799934387207,27.701000213623047,27.83799934387207,27.287357330322266,2100
2025-05-02,28.14999961853028,28.3700008392334,28.059999465942383,28.350000381469727,27.789230346679688,9700
2025-05-05,28.38999938964844,28.71999931335449,28.38999938964844,28.62800025939941,28.061731338500977,9200
2025-05-06,28.770000457763672,28.770000457763672,28.559999465942383,28.73900032043457,28.17053604125977,8500
2025-05-07,28.729999542236328,28.729999542236328,28.459999084472656,28.530000686645508,27.96567153930664,1600
2025-05-08,28.790000915527344,28.790000915527344,28.489999771118164,28.684999465942383,28.11760330200196,9500
2025-05-09,28.739999771118164,29.11000061035156,28.739999771118164,28.920000076293945,28.34795570373535,14400
2025-05-12,29.530000686645508,29.75,29.51000022888184,29.57999992370605,28.99490165710449,10500
2025-05-13,29.71999931335449,30.177000045776367,29.65999984741211,30.1200008392334,29.52422142028809,6000
2025-05-14,30.170000076293945,30.170000076293945,29.780000686645508,29.88400077819824,29.292888641357425,6600
2025-05-15,29.61000061035156,29.89999961853028,29.61000061035156,29.89999961853028,29.308570861816406,4600
2025-05-16,29.66200065612793,30.07999992370605,29.66200065612793,29.959999084472656,29.36738395690918,5400
2025-05-19,29.80500030517578,29.91200065612793,29.770000457763672,29.91200065612793,29.3203353881836,1200
2025-05-20,29.68000030517578,29.950000762939453,29.68000030517578,29.780000686645508,29.19094657897949,2000
2025-05-21,29.7450008392334,29.850000381469727,29.32999992370605,29.42200088500977,28.84002685546875,4100
2025-05-22,28.937000274658203,29.28499984741211,28.86000061035156,29.28499984741211,28.70573616027832,5300
2025-05-23,29.100000381469727,29.5,29.06999969482422,29.350000381469727,28.769451141357425,3200
2025-05-27,29.530000686645508,29.82299995422364,29.530000686645508,29.82299995422364,29.233095169067383,1900
2025-05-28,29.790000915527344,30.01000022888184,29.68000030517578,29.74099922180176,29.1527156829834,3100
2025-05-29,29.739999771118164,30.01000022888184,29.739999771118164,29.93099975585937,29.33895874023437,4300
2025-05-30,29.81399917602539,29.961000442504883,29.81399917602539,29.961000442504883,29.36836624145508,1900
2025-06-02,30.1299991607666,30.183000564575195,29.959999084472656,30.183000564575195,29.585973739624023,5600
2025-06-03,30.059999465942383,30.5,29.996999740600582,30.42099952697754,29.819265365600582,20900
2025-06-04,30.6200008392334,30.780000686645508,30.23900032043457,30.315000534057617,29.715362548828125,2200
2025-06-05,30.270000457763672,30.520000457763672,30.270000457763672,30.309999465942383,29.7104606628418,1700
2025-06-06,30.68400001525879,30.68400001525879,30.540000915527344,30.56999969482422,29.96531867980957,1700
2025-06-09,30.559999465942383,30.84000015258789,30.549999237060547,30.791000366210938,30.181947708129883,5400
2025-06-10,31.280000686645508,31.46500015258789,30.90999984741211,31.323999404907227,30.704402923583984,12800
2025-06-11,31.381999969482425,31.690000534057617,31.3799991607666,31.573999404907227,30.94945907592773,4400
2025-06-12,31.56999969482422,31.850000381469727,31.520000457763672,31.839000701904297,31.20921897888184,5800
2025-06-13,32.02000045776367,32.02000045776367,31.700000762939453,31.86000061035156,31.22980308532715,8300
2025-06-16,32.27000045776367,32.400001525878906,32.1870002746582,32.33000183105469,31.690507888793945,10400
2025-06-17,32.529998779296875,32.56999969482422,32.41999816894531,32.52899932861328,31.88556861877441,15200
2025-06-18,32.63999938964844,32.63999938964844,32.41999816894531,32.55500030517578,31.91105461120605,14900
2025-06-20,32.709999084472656,32.709999084472656,32.51100158691406,32.638999938964844,31.993392944335938,1600
2025-06-23,32.880001068115234,32.880001068115234,32.400001525878906,32.54800033569336,31.904193878173828,26900
2025-06-24,32.064998626708984,32.36000061035156,31.979999542236328,31.999000549316406,31.36605262756348,16500
2025-06-25,31.8700008392334,32.13999938964844,31.8700008392334,32.11399841308594,31.47877693176269,3500
2025-06-26,32.2400016784668,32.46500015258789,32.2400016784668,32.36000061035156,31.719913482666016,4800
2025-06-27,32.310001373291016,32.41899871826172,32.09000015258789,32.32099914550781,31.68168258666992,6100
2025-06-30,32.4900016784668,32.849998474121094,32.38199996948242,32.79999923706055,32.151206970214844,4500
2025-07-01,32.72999954223633,33.53900146484375,32.72999954223633,33.391998291015625,32.73149871826172,1800
2025-07-02,33.400001525878906,33.91699981689453,33.400001525878906,33.90399932861328,33.23337173461914,7200
2025-07-03,33.875,34.09000015258789,33.83000183105469,34.0260009765625,33.35295867919922,4400
2025-07-07,33.564998626708984,33.86000061035156,33.54999923706055,33.72999954223633,33.06281280517578,8500
2025-07-08,33.900001525878906,34.27000045776367,33.75,34.25,33.57252883911133,2900
2025-07-09,34.25,34.39699935913086,34.220001220703125,34.39699935913086,33.71661758422852,2900
2025-07-10,34.369998931884766,34.52000045776367,34.11000061035156,34.47600173950195,33.79405975341797,9800
2025-07-11,34.27000045776367,34.63999938964844,34.27000045776367,34.57699966430664,33.89305877685547,5300
2025-07-14,34.4900016784668,34.4900016784668,34.11000061035156,34.27000045776367,33.592132568359375,65600
2025-07-15,34.04999923706055,34.099998474121094,33.93000030517578,33.98199844360352,33.3098258972168,1100
2025-07-16,33.84000015258789,33.84000015258789,33.56999969482422,33.7400016784668,33.07261657714844,2700
2025-07-17,33.27000045776367,33.7400016784668,33.27000045776367,33.715999603271484,33.04909133911133,7500
2025-07-18,34.15999984741211,34.209999084472656,33.88999938964844,33.88999938964844,33.21964645385742,2400
2025-07-21,33.84000015258789,34.185001373291016,33.84000015258789,34.07500076293945,33.4009895324707,7200
2025-07-22,34.18000030517578,34.28400039672852,34.18000030517578,34.27799987792969,33.599971771240234,1400
2025-07-23,34.47999954223633,34.849998474121094,34.4379997253418,34.775001525878906,34.08714294433594,6200
2025-07-24,34.470001220703125,34.5629997253418,34.31999969482422,34.38999938964844,33.70975875854492,7800
2025-07-25,34.27899932861328,34.53499984741211,34.27899932861328,34.415000915527344,33.7342643737793,12500
2025-07-28,33.95000076293945,34.597999572753906,33.95000076293945,34.42100143432617,33.74014663696289,9900
2025-07-29,34.459999084472656,34.459999084472656,34.11000061035156,34.35599899291992,33.67642974853516,3000
2025-07-30,34.040000915527344,34.08000183105469,33.92499923706055,33.96500015258789,33.29316329956055,3300
2025-07-31,33.959999084472656,33.959999084472656,33.5099983215332,33.59400177001953,32.92950439453125,5300
2025-08-01,33.4900016784668,33.4900016784668,32.77000045776367,32.98500061035156,32.332550048828125,49900
2025-08-04,32.970001220703125,33.4379997253418,32.970001220703125,33.3390007019043,32.67954635620117,21900
2025-08-05,33.68000030517578,33.68000030517578,33.099998474121094,33.43000030517578,32.76874923706055,9100
2025-08-06,33.59000015258789,33.88999938964844,33.513999938964844,33.88999938964844,33.21964645385742,11400
2025-08-07,33.75,34.08000183105469,33.380001068115234,33.54999923706055,32.88637161254883,12600
2025-08-08,33.75,33.869998931884766,33.709999084472656,33.72700119018555,33.05987548828125,15900
2025-08-11,33.5,33.63399887084961,33.209999084472656,33.34000015258789,32.68052673339844,6800
2025-08-12,33.58000183105469,33.91999816894531,33.560001373291016,33.73500061035156,33.06771469116211,2600
2025-08-13,33.80099868774414,33.9630012512207,33.76499938964844,33.9630012512207,33.29120635986328,1500
2025-08-14,33.540000915527344,33.78200149536133,33.540000915527344,33.78200149536133,33.11378479003906,1900
2025-08-15,33.84000015258789,34.189998626708984,33.84000015258789,34.16999816894531,33.49410629272461,3200
2025-08-18,34.18000030517578,34.18000030517578,33.83000183105469,34.005001068115234,33.332374572753906,4400
2025-08-19,34.25,34.459999084472656,34.02000045776367,34.082000732421875,33.40785217285156,3900
2025-08-20,34.099998474121094,34.35200119018555,34.02000045776367,34.35200119018555,33.67251205444336,4700
2025-08-21,34.487998962402344,34.487998962402344,34.310001373291016,34.47800064086914,33.796016693115234,1300
2025-08-22,34.564998626708984,35.577999114990234,34.54999923706055,35.48600006103516,34.784080505371094,13300
2025-08-25,35.47999954223633,35.4900016784668,35.37900161743164,35.37900161743164,34.679195404052734,1600
2025-08-26,35.277000427246094,35.310001373291016,35.1150016784668,35.20399856567383,34.50765609741211,1700
2025-08-27,34.9900016784668,35.39500045776367,34.895999908447266,35.39500045776367,34.694881439208984,3600
2025-08-28,35.470001220703125,35.5,35.448001861572266,35.5,34.79780197143555,2000
2025-08-29,35.43000030517578,35.43000030517578,35.137001037597656,35.349998474121094,34.6507682800293,9700
2025-09-02,35.060001373291016,35.61000061035156,35.060001373291016,35.36000061035156,34.66057205200195,18900
2025-09-03,35.44499969482422,35.617000579833984,35.31999969482422,35.525001525878906,34.82230758666992,13900
2025-09-04,35.45199966430664,35.709999084472656,35.189998626708984,35.45100021362305,34.74977111816406,18300
2025-09-05,35.54999923706055,35.92499923706055,35.4900016784668,35.749000549316406,35.04187774658203,5100
2025-09-08,35.90999984741211,36.04999923706055,35.689998626708984,35.97800064086914,35.26634979248047,19300
2025-09-09,36.22999954223633,36.36000061035156,36.0,36.20700073242188,35.49081802368164,2600
2025-09-10,36.369998931884766,36.369998931884766,35.81999969482422,35.95000076293945,35.2389030456543,6700
2025-09-11,36.290000915527344,36.400001525878906,36.15999984741211,36.34299850463867,35.62412643432617,8300
2025-09-12,36.40999984741211,36.40999984741211,36.02000045776367,36.09000015258789,35.37613296508789,3000
2025-09-15,36.18999862670898,36.619998931884766,36.18999862670898,36.525001525878906,35.802528381347656,4700
2025-09-16,36.95000076293945,37.242000579833984,36.95000076293945,37.242000579833984,36.50534439086914,7700
2025-09-17,37.20000076293945,37.34000015258789,37.01100158691406,37.040000915527344,36.30734252929688,9000
2025-09-18,36.946998596191406,36.946998596191406,36.68999862670898,36.87099838256836,36.14168167114258,2500
2025-09-19,36.43000030517578,36.56999969482422,36.2599983215332,36.4010009765625,35.68098068237305,19800
2025-09-22,36.5,36.68000030517578,36.380001068115234,36.68000030517578,35.95446014404297,4900
2025-09-23,37.02999877929688,37.18000030517578,36.7599983215332,36.900001525878906,36.17011260986328,17600
2025-09-24,37.27000045776367,37.29999923706055,36.900001525878906,37.23799896240234,36.50142288208008,9800
2025-09-25,37.400001525878906,37.55099868774414,37.2599983215332,37.54499816894531,36.80234909057617,7000
2025-09-26,37.77999877929688,37.869998931884766,37.54999923706055,37.650001525878906,36.90527725219727,13600
2025-09-29,37.65999984741211,37.65999984741211,37.13999938964844,37.52999877929688,36.78764724731445,12400
2025-09-30,37.09000015258789,37.095001220703125,36.540000915527344,36.68999862670898,35.964263916015625,17200
2025-10-01,36.84999847412109,37.02000045776367,36.709999084472656,36.9900016784668,36.258331298828125,3600
2025-10-02,37.130001068115234,37.130001068115234,36.65999984741211,37.0,36.26813125610352,3900
2025-10-03,37.209999084472656,37.38999938964844,37.01100158691406,37.11000061035156,36.37595748901367,7100
2025-10-06,37.20000076293945,37.20000076293945,36.79999923706055,36.869998931884766,36.14070129394531,13300
2025-10-07,36.79999923706055,36.8849983215332,36.52000045776367,36.63600158691406,35.91133499145508,8400
2025-10-08,36.720001220703125,36.81900024414063,36.52999877929688,36.6150016784668,35.8907470703125,3700
2025-10-09,36.79499816894531,36.79499816894531,36.459999084472656,36.584999084472656,35.8613395690918,11200
2025-10-10,36.22999954223633,36.25299835205078,35.5,35.5,34.79780197143555,6100
2025-10-13,35.80099868774414,36.08000183105469,35.80099868774414,35.987998962402344,35.27614974975586,2800
2025-10-14,35.689998626708984,36.32699966430664,35.68000030517578,36.20399856567383,35.487876892089844,5700
2025-10-15,36.36000061035156,36.66999816894531,35.98400115966797,36.233001708984375,35.51630401611328,2500
2025-10-16,36.63999938964844,36.70700073242188,36.400001525878906,36.41400146484375,35.6937255859375,1900
2025-10-17,36.29999923706055,36.58000183105469,36.130001068115234,36.470001220703125,35.74861526489258,12100
2025-10-20,37.02999877929688,37.2400016784668,36.91999816894531,37.055999755859375,36.32302474975586,11000
2025-10-21,36.90999984741211,37.02000045776367,36.65999984741211,36.84199905395508,36.11325454711914,1800
2025-10-22,37.45000076293945,37.790000915527344,37.2599983215332,37.65599822998047,36.9111557006836,16400
2025-10-23,38.15999984741211,39.0,38.15999984741211,38.8650016784668,38.09624481201172,37600
2025-10-24,39.400001525878906,39.584999084472656,39.09000015258789,39.09199905395508,38.31875228881836,19000
2025-10-27,39.790000915527344,39.869998931884766,39.5620002746582,39.71099853515625,38.92550659179688,14400
2025-10-28,39.790000915527344,39.922000885009766,39.54499816894531,39.63399887084961,38.85002899169922,15800
2025-10-29,39.630001068115234,40.220001220703125,39.5,40.060001373291016,39.26760482788086,12600
2025-10-30,39.900001525878906,40.13999938964844,39.70000076293945,39.88800048828125,39.09900665283203,8500
2025-10-31,39.619998931884766,39.67599868774414,39.04899978637695,39.09999847412109,38.32659149169922,22300
2025-11-03,39.29399871826172,39.5,39.15999984741211,39.4900016784668,38.70888137817383,14800
2025-11-04,38.959999084472656,39.02999877929688,38.18000030517578,38.68000030517578,37.91490173339844,17400
2025-11-05,38.744998931884766,38.85499954223633,38.459999084472656,38.68999862670898,37.92470169067383,10400
2025-11-06,38.77999877929688,39.650001525878906,38.77999877929688,39.41400146484375,38.63438415527344,13500
2025-11-07,39.459999084472656,39.70600128173828,39.09999847412109,39.50400161743164,38.72260284423828,19200
2025-11-10,39.86000061035156,40.5,39.7869987487793,40.43999862670898,39.64008712768555,16600
2025-11-11,40.59000015258789,40.97999954223633,40.45399856567383,40.880001068115234,40.07138442993164,38800
2025-11-12,41.06999969482422,41.06999969482422,40.69900131225586,40.810001373291016,40.00276947021485,62500
2025-11-13,40.45000076293945,41.04999923706055,40.45000076293945,40.65299987792969,39.84887313842773,17500
2025-11-14,40.5,41.4900016784668,40.5,41.25899887084961,40.44288635253906,24900
2025-11-17,41.4900016784668,41.4900016784668,40.619998931884766,40.77999877929688,39.97336196899414,70900
2025-11-18,40.29999923706055,40.88999938964844,40.29999923706055,40.78799819946289,39.981201171875,129800
2025-11-19,40.04999923706055,40.459999084472656,40.04999923706055,40.2400016784668,39.44404602050781,80500
2025-11-20,40.77000045776367,40.77000045776367,39.560001373291016,39.64899826049805,38.86473083496094,36200
2025-11-21,39.630001068115234,39.83000183105469,39.060001373291016,39.77000045776367,38.983341217041016,29800
2025-11-24,39.47999954223633,39.47999954223633,38.86000061035156,39.415000915527344,38.6353645324707,31900
2025-11-25,39.45000076293945,39.50899887084961,39.055999755859375,39.39300155639648,38.613800048828125,13700
2025-11-26,39.290000915527344,39.68000030517578,39.290000915527344,39.56999969482422,38.787296295166016,19700
2025-11-28,39.56999969482422,39.65999984741211,39.29999923706055,39.65900039672852,38.87453842163086,9300
2025-12-01,39.720001220703125,40.29899978637695,39.720001220703125,39.84999847412109,39.0617561340332,14500
2025-12-02,39.84999847412109,39.93299865722656,39.29999923706055,39.63399887084961,38.85002899169922,26300
2025-12-03,39.58000183105469,40.00199890136719,39.58000183105469,39.84000015258789,39.05195617675781,6800
2025-12-04,39.755001068115234,39.90999984741211,39.61600112915039,39.7599983215332,38.97353744506836,30300
2025-12-05,39.7599983215332,40.13999938964844,39.7599983215332,39.96099853515625,39.17056274414063,7000
2025-12-08,40.08000183105469,40.08000183105469,39.540000915527344,39.540000915527344,38.75789260864258,40000
2025-12-09,39.57600021362305,39.81999969482422,39.41999816894531,39.59999847412109,38.81669998168945,37600
2025-12-10,39.39099884033203,39.95199966430664,39.39099884033203,39.93999862670898,39.14997482299805,5300
2025-12-11,39.91999816894531,39.91999816894531,39.540000915527344,39.560001373291016,38.77749633789063,7300
2025-12-12,39.400001525878906,39.52000045776367,39.130001068115234,39.20000076293945,38.424617767333984,16200
2025-12-15,40.02000045776367,40.02000045776367,39.400001525878906,39.47499847412109,38.69417572021485,6600
2025-12-16,38.90999984741211,39.15999984741211,38.334999084472656,38.494998931884766,37.73355865478516,23500
2025-12-17,38.5,38.5,38.040000915527344,38.19900131225586,37.44341659545898,17100
2025-12-18,38.16999816894531,38.19900131225586,37.86000061035156,37.89599990844727,37.14640808105469,28400
2025-12-19,38.09999847412109,38.220001220703125,38.09000015258789,38.220001220703125,37.4640007019043,6700
2025-12-22,37.7400016784668,37.93000030517578,37.470001220703125,37.4900016784668,37.4900016784668,17400
2025-12-23,37.5,37.58000183105469,37.430999755859375,37.547000885009766,37.547000885009766,5700
2025-12-24,37.869998931884766,37.869998931884766,37.45000076293945,37.64799880981445,37.64799880981445,6400
2025-12-26,37.77999877929688,37.77999877929688,37.27000045776367,37.380001068115234,37.380001068115234,9000
2025-12-29,37.380001068115234,37.72999954223633,37.2599983215332,37.57500076293945,37.57500076293945,40800
2025-12-30,37.58000183105469,37.84000015258789,37.4900016784668,37.52999877929688,37.52999877929688,9800
2025-12-31,37.540000915527344,37.59999847412109,37.45000076293945,37.50600051879883,37.50600051879883,21700
2026-01-02,37.90999984741211,37.970001220703125,37.75699996948242,37.91999816894531,37.91999816894531,14800
2026-01-05,39.060001373291016,39.310001373291016,38.823001861572266,39.15999984741211,39.15999984741211,291400
2026-01-06,39.459999084472656,39.459999084472656,38.880001068115234,38.970001220703125,38.970001220703125,131400
2026-01-07,38.81999969482422,38.970001220703125,38.40999984741211,38.650001525878906,38.650001525878906,221100
2026-01-08,38.68999862670898,39.25,38.382999420166016,39.150001525878906,39.150001525878906,184800
2026-01-09,39.43999862670898,39.43999862670898,39.0,39.09999847412109,39.09999847412109,111100
2026-01-12,39.5,39.83000183105469,39.35499954223633,39.459999084472656,39.459999084472656,118400
2026-01-13,39.54999923706055,39.709999084472656,39.34000015258789,39.43000030517578,39.43000030517578,55200
2026-01-14,39.65999984741211,40.369998931884766,39.63999938964844,40.060001373291016,40.060001373291016,30100
2026-01-15,40.15999984741211,40.380001068115234,40.0,40.290000915527344,40.290000915527344,31900
2026-01-16,40.31999969482422,40.31999969482422,39.84099960327149,39.900001525878906,39.900001525878906,63700
2026-01-20,39.86000061035156,40.02999877929688,39.380001068115234,39.72999954223633,39.72999954223633,33800
2026-01-21,40.45800018310547,40.650001525878906,40.31999969482422,40.619998931884766,40.619998931884766,65400
2026-01-22,40.86000061035156,41.15999984741211,40.7599983215332,41.02999877929688,41.02999877929688,89900
2026-01-23,41.209999084472656,41.45000076293945,41.05699920654297,41.31999969482422,41.31999969482422,65500
2026-01-26,41.58000183105469,41.65999984741211,41.20000076293945,41.27000045776367,41.27000045776367,51100
2026-01-27,41.27000045776367,41.63999938964844,41.27000045776367,41.619998931884766,41.619998931884766,23100
2026-01-28,41.720001220703125,41.720001220703125,41.15999984741211,41.70000076293945,41.70000076293945,53300
2026-01-29,42.2400016784668,42.560001373291016,41.90299987792969,42.26499938964844,42.26499938964844,69100
2026-01-30,42.27000045776367,42.27000045776367,41.435001373291016,41.91999816894531,41.91999816894531,52800
2026-02-02,41.0,41.400001525878906,41.0,41.369998931884766,41.369998931884766,55300
2026-02-03,41.470001220703125,42.560001373291016,41.41999816894531,42.560001373291016,42.560001373291016,29000
2026-02-04,43.130001068115234,43.77000045776367,43.130001068115234,43.560001373291016,43.560001373291016,68100
2026-02-05,43.31999969482422,43.31999969482422,42.650001525878906,43.15999984741211,43.15999984741211,75200
2026-02-06,43.400001525878906,44.34000015258789,43.400001525878906,44.27000045776367,44.27000045776367,55800
2026-02-09,44.369998931884766,44.4900016784668,44.13199996948242,44.369998931884766,44.369998931884766,48000
2026-02-10,44.59000015258789,44.59000015258789,43.79999923706055,44.060001373291016,44.060001373291016,205500
2026-02-11,44.970001220703125,45.15999984741211,44.38999938964844,45.09999847412109,45.09999847412109,64200
2026-02-12,45.56999969482422,45.56999969482422,44.20000076293945,44.5,44.5,39600
2026-02-13,44.13999938964844,44.56999969482422,43.66999816894531,44.56999969482422,44.56999969482422,46200
2026-02-17,44.459999084472656,44.459999084472656,43.40999984741211,43.81999969482422,43.81999969482422,85400
2026-02-18,44.369998931884766,44.369998931884766,43.75,44.04999923706055,44.04999923706055,18400
2026-02-19,44.380001068115234,44.380001068115234,43.97200012207031,44.2400016784668,44.2400016784668,21900
2026-02-20,44.33300018310547,44.77000045776367,44.33300018310547,44.61000061035156,44.61000061035156,40100
2026-02-23,44.95000076293945,44.9900016784668,44.2400016784668,44.5099983215332,44.5099983215332,23400
2026-02-24,44.59999847412109,44.869998931884766,44.45800018310547,44.77999877929688,44.77999877929688,57200
2026-02-25,44.38999938964844,44.790000915527344,44.310001373291016,44.70000076293945,44.70000076293945,26400
2026-02-26,44.5,44.79999923706055,44.18999862670898,44.7400016784668,44.7400016784668,43400
2026-02-27,44.79999923706055,44.959999084472656,44.2599983215332,44.86000061035156,44.86000061035156,36000
2026-03-02,45.83000183105469,46.33000183105469,45.36000061035156,46.27000045776367,46.27000045776367,117700
2026-03-03,45.65999984741211,45.77000045776367,44.65999984741211,45.720001220703125,45.720001220703125,87500
2026-03-04,44.880001068115234,46.31999969482422,44.79999923706055,46.31999969482422,46.31999969482422,285200
2026-03-05,46.75,47.209999084472656,46.26499938964844,46.650001525878906,46.650001525878906,300500
2026-03-06,46.61000061035156,46.959999084472656,46.0,46.81999969482422,46.81999969482422,85800
2026-03-09,47.04999923706055,47.04999923706055,45.810001373291016,46.290000915527344,46.290000915527344,446500
2026-03-10,45.59000015258789,46.58000183105469,45.5099983215332,45.77000045776367,45.77000045776367,81600
2026-03-11,45.66999816894531,47.119998931884766,45.66999816894531,47.11000061035156,47.11000061035156,84900
2026-03-12,47.5,48.0,47.255001068115234,47.52999877929688,47.52999877929688,161900
2026-03-13,47.380001068115234,47.5099983215332,46.59000015258789,46.84999847412109,46.84999847412109,76900
2026-03-16,47.29999923706055,47.45000076293945,46.84999847412109,47.310001373291016,47.310001373291016,73900
2026-03-17,47.560001373291016,48.2400016784668,47.560001373291016,48.13999938964844,48.13999938964844,89000
2026-03-18,48.130001068115234,48.630001068115234,48.12200164794922,48.209999084472656,48.209999084472656,134900
2026-03-19,48.119998931884766,48.95000076293945,48.0,48.47999954223633,48.47999954223633,143400
2026-03-20,48.70000076293945,48.720001220703125,47.7599983215332,47.7599983215332,47.7599983215332,279700
2026-03-23,47.18000030517578,48.27000045776367,46.720001220703125,47.5099983215332,47.5099983215332,105700
2026-03-24,47.63999938964844,49.13999938964844,47.63999938964844,48.66999816894531,48.66999816894531,102400
2026-03-25,48.34999847412109,49.18999862670898,48.33000183105469,48.63999938964844,48.63999938964844,205800
2026-03-26,48.619998931884766,49.18999862670898,48.34999847412109,48.7400016784668,48.7400016784668,72100
2026-03-27,48.66999816894531,48.96699905395508,48.20000076293945,48.77000045776367,48.77000045776367,214500
2026-03-30,49.709999084472656,49.75,48.84000015258789,49.0099983215332,49.0099983215332,158000
2026-03-31,48.93999862670898,49.4900016784668,48.709999084472656,49.400001525878906,49.400001525878906,112300
2026-04-01,49.09999847412109,49.09999847412109,48.16999816894531,48.41999816894531,48.41999816894531,129900
2026-04-02,48.66999816894531,49.0,48.5,48.75600051879883,48.75600051879883,99700
2026-04-06,49.0,49.45000076293945,48.81999969482422,49.31999969482422,49.31999969482422,87900
2026-04-07,49.2400016784668,49.45000076293945,48.91999816894531,49.22499847412109,49.22499847412109,80000
2026-04-08,47.810001373291016,48.34000015258789,47.2400016784668,48.34000015258789,48.34000015258789,143200
2026-04-09,48.59999847412109,48.63999938964844,47.79999923706055,48.04999923706055,48.04999923706055,64500
2026-04-10,47.7400016784668,47.90999984741211,47.04999923706055,47.459999084472656,47.459999084472656,151700
2026-04-13,48.18000030517578,48.459999084472656,47.47999954223633,48.27999877929688,48.27999877929688,66600
2026-04-14,47.970001220703125,48.34999847412109,47.79999923706055,48.0099983215332,48.0099983215332,58100
2026-04-15,47.90999984741211,47.90999984741211,47.400001525878906,47.720001220703125,47.720001220703125,57300
2026-04-16,47.95000076293945,48.33000183105469,47.73500061035156,48.09000015258789,48.09000015258789,47100
2026-04-17,47.27999877929688,47.28499984741211,46.380001068115234,46.59999847412109,46.59999847412109,122600
2026-04-20,46.790000915527344,46.9900016784668,46.25,46.59000015258789,46.59000015258789,50700
2026-04-21,46.59999847412109,46.84999847412109,46.29999923706055,46.75,46.75,40000
2026-04-22,47.380001068115234,47.47999954223633,46.959999084472656,47.15999984741211,47.15999984741211,105800
2026-04-23,47.5,47.84000015258789,47.0,47.09000015258789,47.09000015258789,39900
2026-04-24,47.470001220703125,47.709999084472656,47.18000030517578,47.65999984741211,47.65999984741211,260200
2026-04-27,47.720001220703125,47.95199966430664,47.45000076293945,47.77000045776367,47.77000045776367,108100
2026-04-28,48.20000076293945,48.369998931884766,47.869998931884766,48.27000045776367,48.27000045776367,128900
2026-04-29,49.43000030517578,50.25899887084961,49.15499877929688,50.150001525878906,50.150001525878906,98500
2026-04-30,50.310001373291016,50.970001220703125,49.84999847412109,50.81999969482422,50.81999969482422,60300
2026-05-01,50.869998931884766,51.150001525878906,50.29999923706055,50.70000076293945,50.70000076293945,96000
2026-05-04,50.84999847412109,51.040000915527344,50.61000061035156,50.900001525878906,50.900001525878906,46000
2026-05-05,51.43999862670898,51.9900016784668,51.34000015258789,51.95000076293945,51.95000076293945,73400
2026-05-06,50.52999877929688,50.52999877929688,49.72999954223633,50.11000061035156,50.11000061035156,94400
2026-05-07,49.22999954223633,49.59999847412109,48.709999084472656,49.11000061035156,49.11000061035156,68200
2026-05-08,49.43000030517578,50.0,48.96099853515625,49.63999938964844,49.63999938964844,101000
2026-05-11,50.09999847412109,50.2400016784668,49.720001220703125,50.2400016784668,50.2400016784668,115500
2026-05-12,50.43999862670898,50.43999862670898,49.67599868774414,49.7599983215332,49.7599983215332,84800
2026-05-13,49.900001525878906,49.900001525878906,49.07400131225586,49.29999923706055,49.29999923706055,77600
2026-05-14,49.18000030517578,49.18999862670898,48.7400016784668,49.005001068115234,49.005001068115234,38000
2026-05-15,49.16999816894531,49.400001525878906,48.84999847412109,49.25600051879883,49.25600051879883,194200
2026-05-18,49.34999847412109,49.97999954223633,48.84700012207031,49.83000183105469,49.83000183105469,305800
2026-05-19,49.68000030517578,49.880001068115234,49.09999847412109,49.72299957275391,49.72299957275391,78300
2026-05-20,49.810001373291016,49.88800048828125,49.040000915527344,49.43000030517578,49.43000030517578,180100
2026-05-21,49.290000915527344,49.290000915527344,48.20000076293945,48.20000076293945,48.20000076293945,99300
2026-05-22,48.220001220703125,48.75,47.83000183105469,48.5,48.5,66000
2026-05-26,48.45000076293945,48.66999816894531,47.88999938964844,47.88999938964844,47.88999938964844,41900
2026-05-27,47.38999938964844,47.74800109863281,47.02999877929688,47.5,47.5,136700
2026-05-28,48.0,48.30099868774414,47.810001373291016,48.0,48.0,102200
2026-05-29,47.93000030517578,48.41999816894531,47.93000030517578,48.18000030517578,48.18000030517578,113300
2026-06-01,48.34000015258789,49.30500030517578,48.27999877929688,49.04999923706055,49.04999923706055,158000
2026-06-02,49.150001525878906,49.79899978637695,49.060001373291016,49.68999862670898,49.68999862670898,50100
2026-06-03,50.02999877929688,50.27000045776367,49.459999084472656,49.970001220703125,49.970001220703125,61900
2026-06-04,49.59000015258789,50.0099983215332,49.27000045776367,49.84000015258789,49.84000015258789,117200
2026-06-05,49.4900016784668,49.4900016784668,48.4900016784668,48.4900016784668,48.4900016784668,91100
2026-06-08,48.93999862670898,49.20000076293945,48.43000030517578,48.650001525878906,48.650001525878906,66600
2026-06-09,48.470001220703125,48.70000076293945,47.11000061035156,47.57899856567383,47.57899856567383,297800
2026-06-10,47.810001373291016,48.56999969482422,47.68999862670898,47.970001220703125,47.970001220703125,67800
2026-06-11,48.5,48.970001220703125,48.27999877929688,48.47499847412109,48.47499847412109,41400
2026-06-12,47.63999938964844,48.61000061035156,47.56999969482422,48.47999954223633,48.47999954223633,53700
2026-06-15,47.18999862670898,47.77999877929688,46.90999984741211,47.060001373291016,47.060001373291016,178500
2026-06-16,46.90999984741211,47.34999847412109,46.84999847412109,47.0099983215332,47.0099983215332,53200
2026-06-17,46.90999984741211,47.07500076293945,46.150001525878906,46.18999862670898,46.18999862670898,82400
2026-06-18,45.810001373291016,45.810001373291016,45.0890007019043,45.27999877929688,45.27999877929688,174130
2026-06-22,45.20000076293945,45.95989990234375,45.0099983215332,45.709999084472656,45.709999084472656,58101
2026-06-23,45.060001373291016,45.55500030517578,45.0,45.33000183105469,45.33000183105469,36695
2026-06-24,44.869998931884766,45.25,44.547000885009766,44.88999938964844,44.88999938964844,39882
