Date,Open,High,Low,Close,Adj Close,Volume
2018-08-23,10.227999687194824,10.227999687194824,10.227999687194824,10.227999687194824,10.227999687194824,0
2018-08-24,10.227999687194824,10.227999687194824,10.227999687194824,10.227999687194824,10.227999687194824,0
2018-08-27,10.227999687194824,10.227999687194824,10.227999687194824,10.227999687194824,10.227999687194824,0
2018-08-28,10.227999687194824,10.227999687194824,10.227999687194824,10.227999687194824,10.227999687194824,0
2018-08-29,10.227999687194824,10.227999687194824,10.227999687194824,10.227999687194824,10.227999687194824,0
2018-08-30,10.227999687194824,10.227999687194824,10.227999687194824,10.227999687194824,10.227999687194824,0
2018-08-31,10.227999687194824,10.227999687194824,10.227999687194824,10.227999687194824,10.227999687194824,0
2018-09-04,10.843999862670898,10.843999862670898,10.843999862670898,10.843999862670898,10.843999862670898,500
2018-09-05,10.843999862670898,10.843999862670898,10.843999862670898,10.843999862670898,10.843999862670898,0
2018-09-06,10.843999862670898,10.843999862670898,10.843999862670898,10.843999862670898,10.843999862670898,0
2018-09-07,10.843999862670898,10.843999862670898,10.843999862670898,10.843999862670898,10.843999862670898,0
2018-09-10,10.843999862670898,10.843999862670898,10.843999862670898,10.843999862670898,10.843999862670898,0
2018-09-11,10.843999862670898,10.843999862670898,10.843999862670898,10.843999862670898,10.843999862670898,0
2018-09-12,10.843999862670898,10.843999862670898,10.843999862670898,10.843999862670898,10.843999862670898,0
2018-09-13,10.843999862670898,10.843999862670898,10.843999862670898,10.843999862670898,10.843999862670898,0
2018-09-14,10.843999862670898,10.843999862670898,10.843999862670898,10.843999862670898,10.843999862670898,0
2018-09-17,9.813400268554688,9.813400268554688,9.79599952697754,9.810400009155272,9.810400009155272,1500
2018-09-18,9.758000373840332,9.758000373840332,9.758000373840332,9.758000373840332,9.758000373840332,5000
2018-09-19,9.758000373840332,9.758000373840332,9.758000373840332,9.758000373840332,9.758000373840332,0
2018-09-20,9.758000373840332,9.758000373840332,9.758000373840332,9.758000373840332,9.758000373840332,0
2018-09-21,9.758000373840332,9.758000373840332,9.758000373840332,9.758000373840332,9.758000373840332,0
2018-09-24,9.758000373840332,9.758000373840332,9.758000373840332,9.758000373840332,9.758000373840332,0
2018-09-25,9.758000373840332,9.758000373840332,9.758000373840332,9.758000373840332,9.758000373840332,0
2018-09-26,9.758000373840332,9.758000373840332,9.758000373840332,9.758000373840332,9.758000373840332,0
2018-09-27,9.758000373840332,9.758000373840332,9.758000373840332,9.758000373840332,9.758000373840332,0
2018-09-28,10.222000122070312,10.222000122070312,10.097999572753906,10.112000465393066,10.112000465393066,11000
2018-10-01,10.112000465393066,10.112000465393066,10.112000465393066,10.112000465393066,10.112000465393066,0
2018-10-02,10.38599967956543,10.392800331115724,10.38599967956543,10.392800331115724,10.392800331115724,1500
2018-10-03,10.392800331115724,10.392800331115724,10.392800331115724,10.392800331115724,10.392800331115724,0
2018-10-04,10.392800331115724,10.392800331115724,10.392800331115724,10.392800331115724,10.392800331115724,0
2018-10-05,10.392800331115724,10.392800331115724,10.392800331115724,10.392800331115724,10.392800331115724,0
2018-10-08,10.392800331115724,10.392800331115724,10.392800331115724,10.392800331115724,10.392800331115724,0
2018-10-09,10.392800331115724,10.392800331115724,10.392800331115724,10.392800331115724,10.392800331115724,0
2018-10-10,10.392800331115724,10.392800331115724,10.392800331115724,10.392800331115724,10.392800331115724,0
2018-10-11,8.010000228881836,8.010000228881836,7.99399995803833,7.99399995803833,7.99399995803833,1000
2018-10-12,8.505999565124512,8.508000373840332,8.406000137329102,8.406000137329102,8.406000137329102,4500
2018-10-15,8.406000137329102,8.406000137329102,8.406000137329102,8.406000137329102,8.406000137329102,0
2018-10-16,8.406000137329102,8.406000137329102,8.406000137329102,8.406000137329102,8.406000137329102,0
2018-10-17,8.406000137329102,8.406000137329102,8.406000137329102,8.406000137329102,8.406000137329102,0
2018-10-18,8.406000137329102,8.406000137329102,8.406000137329102,8.406000137329102,8.406000137329102,0
2018-10-19,8.454000473022461,8.454000473022461,8.248000144958496,8.317999839782715,8.317999839782715,5000
2018-10-22,8.317999839782715,8.317999839782715,8.317999839782715,8.317999839782715,8.317999839782715,0
2018-10-23,8.057999610900879,8.079999923706055,8.043999671936035,8.043999671936035,8.043999671936035,2000
2018-10-24,8.043999671936035,8.043999671936035,8.043999671936035,8.043999671936035,8.043999671936035,0
2018-10-25,8.043999671936035,8.043999671936035,8.043999671936035,8.043999671936035,8.043999671936035,0
2018-10-26,7.834000110626221,7.960000038146973,7.834000110626221,7.960000038146973,7.960000038146973,5500
2018-10-29,8.121999740600586,8.121999740600586,7.388000011444092,7.625999927520752,7.625999927520752,22000
2018-10-30,7.625999927520752,7.625999927520752,7.625999927520752,7.625999927520752,7.625999927520752,0
2018-10-31,7.625999927520752,7.625999927520752,7.625999927520752,7.625999927520752,7.625999927520752,500
2018-11-01,7.625999927520752,7.625999927520752,7.625999927520752,7.625999927520752,7.625999927520752,0
2018-11-02,8.729999542236328,8.729999542236328,8.588000297546387,8.588000297546387,8.588000297546387,4500
2018-11-05,8.588000297546387,8.588000297546387,8.588000297546387,8.588000297546387,8.588000297546387,500
2018-11-06,8.588000297546387,8.588000297546387,8.588000297546387,8.588000297546387,8.588000297546387,500
2018-11-07,8.934399604797363,8.940600395202637,8.934399604797363,8.940600395202637,8.940600395202637,1500
2018-11-08,8.699999809265137,8.699999809265137,8.699999809265137,8.699999809265137,8.699999809265137,500
2018-11-09,8.699999809265137,8.699999809265137,8.699999809265137,8.699999809265137,8.699999809265137,0
2018-11-12,8.206000328063965,8.206000328063965,7.796000003814697,7.796000003814697,7.796000003814697,13500
2018-11-13,7.796000003814697,7.796000003814697,7.796000003814697,7.796000003814697,7.796000003814697,0
2018-11-14,7.796000003814697,7.796000003814697,7.796000003814697,7.796000003814697,7.796000003814697,0
2018-11-15,8.11400032043457,8.11400032043457,8.11400032043457,8.11400032043457,8.11400032043457,3000
2018-11-16,8.11400032043457,8.11400032043457,8.11400032043457,8.11400032043457,8.11400032043457,0
2018-11-19,8.11400032043457,8.11400032043457,8.11400032043457,8.11400032043457,8.11400032043457,0
2018-11-20,8.11400032043457,8.11400032043457,8.11400032043457,8.11400032043457,8.11400032043457,0
2018-11-21,8.11400032043457,8.11400032043457,8.11400032043457,8.11400032043457,8.11400032043457,0
2018-11-23,8.11400032043457,8.11400032043457,8.11400032043457,8.11400032043457,8.11400032043457,0
2018-11-26,8.11400032043457,8.11400032043457,8.11400032043457,8.11400032043457,8.11400032043457,0
2018-11-27,8.11400032043457,8.11400032043457,8.11400032043457,8.11400032043457,8.11400032043457,0
2018-11-28,7.27400016784668,7.559999942779541,7.27400016784668,7.559999942779541,7.559999942779541,1000
2018-11-29,7.644000053405762,7.644000053405762,7.418000221252441,7.418000221252441,7.418000221252441,11000
2018-11-30,7.50600004196167,7.670000076293945,7.50600004196167,7.590000152587891,7.590000152587891,6500
2018-12-03,8.194000244140625,8.194000244140625,8.109999656677246,8.182000160217285,8.182000160217285,12000
2018-12-04,8.083999633789062,8.083999633789062,7.688000202178955,7.714000225067139,7.714000225067139,4500
2018-12-06,7.348000049591064,7.581999778747559,7.156000137329102,7.581999778747559,7.581999778747559,5500
2018-12-07,7.369999885559082,7.369999885559082,7.369999885559082,7.369999885559082,7.369999885559082,500
2018-12-10,7.22599983215332,7.42579984664917,7.22599983215332,7.42579984664917,7.42579984664917,7500
2018-12-11,7.6620001792907715,7.6620001792907715,7.437399864196777,7.437399864196777,7.437399864196777,7500
2018-12-12,7.886000156402588,7.886000156402588,7.696599960327148,7.696599960327148,7.696599960327148,1500
2018-12-13,7.739999771118164,7.739999771118164,7.731599807739258,7.731599807739258,7.731599807739258,500
2018-12-14,7.433599948883057,7.433599948883057,7.433599948883057,7.433599948883057,7.433599948883057,500
2018-12-17,7.23199987411499,7.23199987411499,6.791999816894531,6.828000068664551,6.828000068664551,1500
2018-12-18,6.99399995803833,6.99399995803833,6.868000030517578,6.965400218963623,6.965400218963623,1500
2018-12-19,6.57919979095459,6.57919979095459,6.57919979095459,6.57919979095459,6.57919979095459,500
2018-12-20,6.49399995803833,6.49399995803833,6.023200035095215,6.06220006942749,6.06220006942749,6000
2018-12-21,6.06220006942749,6.06220006942749,6.06220006942749,6.06220006942749,6.06220006942749,0
2018-12-24,5.427999973297119,5.427999973297119,5.387400150299072,5.387400150299072,5.387400150299072,5000
2018-12-26,5.387400150299072,5.387400150299072,5.387400150299072,5.387400150299072,5.387400150299072,0
2018-12-27,6.0065999031066895,6.0065999031066895,6.0065999031066895,6.0065999031066895,6.0065999031066895,0
2018-12-28,6.122000217437744,6.306399822235107,6.110000133514404,6.121200084686279,6.121200084686279,13000
2018-12-31,6.245999813079834,6.245999813079834,6.107200145721436,6.107200145721436,6.107200145721436,6000
2019-01-02,5.99399995803833,6.211599826812744,5.99399995803833,6.211599826812744,6.211599826812744,3500
2019-01-03,5.9079999923706055,5.9079999923706055,5.73799991607666,5.757800102233887,5.757800102233887,6500
2019-01-04,6.418600082397461,6.418600082397461,6.418600082397461,6.418600082397461,6.418600082397461,500
2019-01-07,6.734000205993652,6.80679988861084,6.734000205993652,6.80679988861084,6.80679988861084,3500
2019-01-08,6.820000171661377,6.942999839782715,6.662000179290772,6.942999839782715,6.942999839782715,23000
2019-01-09,7.116000175476074,7.133999824523926,7.113800048828125,7.113800048828125,7.113800048828125,17000
2019-01-10,6.939799785614014,7.242000102996826,6.930399894714356,7.227200031280518,7.227200031280518,12500
2019-01-11,7.214000225067139,7.263400077819824,7.214000225067139,7.263400077819824,7.263400077819824,500
2019-01-14,7.046199798583984,7.139999866485596,6.984000205993652,7.0980000495910645,7.0980000495910645,6000
2019-01-15,7.472000122070312,7.515999794006348,7.388000011444092,7.46560001373291,7.46560001373291,34500
2019-01-16,7.553999900817871,7.553999900817871,7.499000072479248,7.499000072479248,7.499000072479248,2000
2019-01-17,7.526000022888184,7.611999988555908,7.526000022888184,7.585800170898437,7.585800170898437,4500
2019-01-18,7.581999778747559,7.6620001792907715,7.432000160217285,7.460800170898437,7.460800170898437,27000
2019-01-22,7.146599769592285,7.146599769592285,6.8815999031066895,6.97599983215332,6.97599983215332,8000
2019-01-23,7.033999919891357,7.035999774932861,6.857800006866455,6.857800006866455,6.857800006866455,5000
2019-01-24,6.921599864959717,7.060999870300293,6.921599864959717,7.060999870300293,7.060999870300293,4000
2019-01-25,7.39680004119873,7.39680004119873,7.39680004119873,7.39680004119873,7.39680004119873,0
2019-01-28,7.041999816894531,7.0858001708984375,7.041999816894531,7.0858001708984375,7.0858001708984375,500
2019-01-29,6.791999816894531,6.791999816894531,6.78439998626709,6.78439998626709,6.78439998626709,500
2019-01-30,7.073999881744385,7.345200061798096,7.073999881744385,7.345200061798096,7.345200061798096,25000
2019-01-31,7.59600019454956,7.802000045776367,7.59600019454956,7.770800113677978,7.770800113677978,13000
2019-02-01,7.72599983215332,7.815999984741211,7.638000011444092,7.646399974822998,7.646399974822998,22000
2019-02-04,7.703999996185303,7.929999828338623,7.703999996185303,7.905799865722656,7.905799865722656,15000
2019-02-05,7.984000205993652,8.151399612426758,7.984000205993652,8.151399612426758,8.151399612426758,8000
2019-02-06,8.130000114440918,8.130000114440918,8.029999732971191,8.05739974975586,8.05739974975586,8500
2019-02-07,7.544400215148926,7.544400215148926,7.544400215148926,7.544400215148926,7.544400215148926,500
2019-02-08,7.334000110626221,7.486000061035156,7.334000110626221,7.486000061035156,7.486000061035156,5000
2019-02-11,7.489799976348877,7.489799976348877,7.489799976348877,7.489799976348877,7.489799976348877,0
2019-02-12,7.627999782562256,7.72100019454956,7.627999782562256,7.72100019454956,7.72100019454956,4500
2019-02-13,7.738399982452393,7.738399982452393,7.738399982452393,7.738399982452393,7.738399982452393,0
2019-02-14,7.710000038146973,7.758200168609619,7.676000118255615,7.758200168609619,7.758200168609619,2000
2019-02-15,7.791999816894531,7.831999778747559,7.684999942779541,7.684999942779541,7.684999942779541,1000
2019-02-19,7.811999797821045,7.855999946594238,7.811399936676025,7.811399936676025,7.811399936676025,8000
2019-02-20,7.869999885559082,7.869999885559082,7.779600143432617,7.779600143432617,7.779600143432617,2000
2019-02-21,7.723999977111816,7.723999977111816,7.611400127410889,7.611400127410889,7.611400127410889,1500
2019-02-22,7.722000122070312,7.80079984664917,7.722000122070312,7.80079984664917,7.80079984664917,3500
2019-02-25,8.064000129699707,8.064000129699707,7.935800075531006,7.935800075531006,7.935800075531006,500
2019-02-26,7.848000049591064,7.854400157928467,7.848000049591064,7.854400157928467,7.854400157928467,1000
2019-02-27,7.723999977111816,7.868000030517578,7.679999828338623,7.868000030517578,7.868000030517578,9000
2019-02-28,7.834000110626221,7.843999862670898,7.828000068664551,7.828800201416016,7.828800201416016,4000
2019-03-01,7.860000133514404,7.860000133514404,7.777999877929687,7.823800086975098,7.823800086975098,15500
2019-03-04,8.020000457763672,8.050000190734863,7.723999977111816,7.857999801635742,7.857999801635742,23500
2019-03-05,7.923999786376953,8.026000022888184,7.923999786376953,7.981200218200684,7.981200218200684,11000
2019-03-06,7.900000095367432,7.927999973297119,7.900000095367432,7.927999973297119,7.927999973297119,1500
2019-03-07,7.572000026702881,7.604400157928467,7.572000026702881,7.604400157928467,7.604400157928467,2000
2019-03-08,7.604400157928467,7.604400157928467,7.604400157928467,7.604400157928467,7.604400157928467,0
2019-03-11,7.808000087738037,8.057999610900879,7.808000087738037,8.04740047454834,8.04740047454834,33000
2019-03-12,8.092000007629395,8.13599967956543,8.069999694824219,8.076800346374512,8.076800346374512,23500
2019-03-13,8.303999900817871,8.303999900817871,8.22599983215332,8.255200386047363,8.255200386047363,35500
2019-03-14,8.196000099182129,8.196000099182129,8.151599884033203,8.151599884033203,8.151599884033203,4500
2019-03-15,8.183799743652344,8.194000244140625,8.152000427246094,8.175999641418457,8.175999641418457,13000
2019-03-18,8.229999542236328,8.26200008392334,8.139399528503418,8.139399528503418,8.139399528503418,13500
2019-03-19,8.196000099182129,8.338000297546387,8.185999870300293,8.195599555969238,8.195599555969238,43500
2019-03-20,8.263999938964844,8.51200008392334,8.263999938964844,8.494999885559082,8.494999885559082,16000
2019-03-21,8.59000015258789,8.739999771118164,8.581199645996094,8.732600212097168,8.732600212097168,43500
2019-03-22,8.666000366210938,8.73799991607666,8.298800468444824,8.298800468444824,8.298800468444824,68000
2019-03-25,8.244000434875488,8.244000434875488,8.244000434875488,8.244000434875488,8.244000434875488,500
2019-03-26,8.387999534606934,8.390000343322754,8.25,8.307999610900879,8.307999610900879,9500
2019-03-27,8.12600040435791,8.21399974822998,8.12600040435791,8.200200080871582,8.200200080871582,13000
2019-03-28,8.25,8.281999588012695,8.116000175476074,8.281800270080566,8.281800270080566,14000
2019-03-29,8.263999938964844,8.387999534606934,8.263999938964844,8.387999534606934,8.387999534606934,30000
2019-04-01,8.618000030517578,8.70199966430664,8.609999656677246,8.694999694824219,8.694999694824219,27500
2019-04-02,8.751999855041504,8.821999549865723,8.751999855041504,8.802000045776367,8.802000045776367,37000
2019-04-03,8.862000465393066,9.116000175476074,8.862000465393066,8.96660041809082,8.96660041809082,22000
2019-04-04,8.895999908447266,8.930000305175781,8.895999908447266,8.910400390625,8.910400390625,7000
2019-04-05,9.071999549865724,9.071999549865724,9.0600004196167,9.0600004196167,9.0600004196167,1500
2019-04-08,9.052000045776367,9.113800048828123,9.050000190734863,9.113800048828123,9.113800048828123,6500
2019-04-09,9.067999839782717,9.18000030517578,9.067999839782717,9.085599899291992,9.085599899291992,10500
2019-04-10,9.071999549865724,9.078800201416016,9.071999549865724,9.078800201416016,9.078800201416016,1000
2019-04-11,9.0,9.005999565124512,8.950400352478027,8.950400352478027,8.950400352478027,6000
2019-04-12,8.910400390625,8.937999725341797,8.892000198364258,8.930000305175781,8.930000305175781,8500
2019-04-15,8.704000473022461,8.785799980163574,8.70199966430664,8.785799980163574,8.785799980163574,6500
2019-04-16,8.961999893188477,8.961999893188477,8.949999809265137,8.957799911499023,8.957799911499023,3500
2019-04-17,8.956000328063965,9.003999710083008,8.956000328063965,8.988800048828125,8.988800048828125,6000
2019-04-18,8.988800048828125,8.988800048828125,8.988800048828125,8.988800048828125,8.988800048828125,0
2019-04-22,9.092000007629396,9.09980010986328,9.092000007629396,9.09980010986328,9.09980010986328,1000
2019-04-23,9.345999717712402,9.64799976348877,9.345999717712402,9.612000465393066,9.612000465393066,20500
2019-04-24,9.515999794006348,9.515999794006348,9.424799919128418,9.424799919128418,9.424799919128418,5500
2019-04-25,9.527999877929688,9.527999877929688,9.350600242614746,9.350600242614746,9.350600242614746,9500
2019-04-26,9.321999549865724,9.321999549865724,9.173999786376951,9.204999923706056,9.204999923706056,20000
2019-04-29,9.25,9.37399959564209,9.25,9.357399940490724,9.357399940490724,22000
2019-04-30,9.13599967956543,9.138799667358398,9.13599967956543,9.138799667358398,9.138799667358398,1000
2019-05-01,9.29599952697754,9.38599967956543,9.200599670410156,9.200599670410156,9.200599670410156,27500
2019-05-02,9.12600040435791,9.279399871826172,9.12600040435791,9.279399871826172,9.279399871826172,6500
2019-05-03,9.491999626159668,9.62660026550293,9.491999626159668,9.62660026550293,9.62660026550293,11000
2019-05-06,9.378399848937988,9.378399848937988,9.378399848937988,9.378399848937988,9.378399848937988,1500
2019-05-07,9.222000122070312,9.272000312805176,8.739999771118164,8.86520004272461,8.86520004272461,31500
2019-05-08,8.859999656677246,8.9399995803833,8.812199592590332,8.812199592590332,8.812199592590332,16000
2019-05-09,8.569999694824219,8.68340015411377,8.394000053405762,8.68340015411377,8.68340015411377,9500
2019-05-10,8.633999824523926,8.64799976348877,8.267999649047852,8.536600112915039,8.536600112915039,27500
2019-05-13,7.866000175476074,7.920000076293945,7.776000022888184,7.815999984741211,7.815999984741211,21000
2019-05-14,7.914000034332275,8.03600025177002,7.914000034332275,7.969200134277344,7.969200134277344,16500
2019-05-15,7.906000137329102,8.239999771118164,7.906000137329102,8.213199615478516,8.213199615478516,20500
2019-05-16,8.370400428771973,8.370400428771973,8.277799606323242,8.277799606323242,8.277799606323242,3500
2019-05-17,7.840000152587891,7.992000102996826,7.670000076293945,7.68559980392456,7.68559980392456,30000
2019-05-20,7.254000186920166,7.278600215911865,7.254000186920166,7.27400016784668,7.27400016784668,2000
2019-05-21,7.369999885559082,7.48799991607666,7.368000030517578,7.4629998207092285,7.4629998207092285,18000
2019-05-22,7.438000202178955,7.504000186920166,7.366000175476074,7.370200157165527,7.370200157165527,33500
2019-05-23,7.097599983215332,7.097599983215332,7.001999855041504,7.027999877929688,7.027999877929688,5000
2019-05-24,7.039999961853027,7.039999961853027,7.002999782562256,7.002999782562256,7.002999782562256,2000
2019-05-28,7.072000026702881,7.072000026702881,6.998000144958496,7.010600090026856,7.010600090026856,7500
2019-05-29,6.921999931335449,6.921999931335449,6.834000110626221,6.835400104522705,6.835400104522705,3000
2019-05-30,6.8379998207092285,6.8379998207092285,6.765999794006348,6.832799911499023,6.832799911499023,5000
2019-05-31,6.567999839782715,6.568399906158447,6.567999839782715,6.568399906158447,6.568399906158447,1000
2019-06-03,6.328000068664551,6.328000068664551,5.989999771118164,6.062600135803223,6.062600135803223,53500
2019-06-04,6.212800025939941,6.585999965667725,6.212800025939941,6.585999965667725,6.585999965667725,21000
2019-06-05,6.5920000076293945,6.5920000076293945,6.415999889373779,6.572000026702881,6.572000026702881,21500
2019-06-06,6.616000175476074,6.69320011138916,6.616000175476074,6.69320011138916,6.69320011138916,500
2019-06-07,6.984000205993652,7.013400077819824,6.968999862670898,6.968999862670898,6.968999862670898,1000
2019-06-10,7.131999969482422,7.230000019073486,7.131999969482422,7.142199993133545,7.142199993133545,5000
2019-06-11,7.418000221252441,7.418000221252441,7.274600028991699,7.274600028991699,7.274600028991699,500
2019-06-12,7.21999979019165,7.21999979019165,7.080399990081787,7.080399990081787,7.080399990081787,11500
2019-06-13,7.093999862670898,7.102799892425537,7.078000068664551,7.102799892425537,7.102799892425537,3500
2019-06-14,7.033999919891357,7.068600177764893,7.033999919891357,7.068600177764893,7.068600177764893,2000
2019-06-17,7.25600004196167,7.320000171661377,7.254000186920166,7.302000045776367,7.302000045776367,7000
2019-06-18,7.718200206756592,7.72599983215332,7.533999919891357,7.533999919891357,7.533999919891357,16500
2019-06-19,7.478000164031982,7.572000026702881,7.441999912261963,7.571199893951416,7.571199893951416,7500
2019-06-20,7.666600227355957,7.760000228881836,7.592199802398682,7.592199802398682,7.592199802398682,3500
2019-06-21,7.546000003814697,7.633999824523926,7.544000148773193,7.569200038909912,7.569200038909912,12500
2019-06-24,7.604000091552734,7.627999782562256,7.604000091552734,7.625800132751465,7.625800132751465,3500
2019-06-25,7.5,7.5,7.300000190734863,7.307400226593018,7.307400226593018,8000
2019-06-26,7.610000133514404,7.616000175476074,7.508399963378906,7.508399963378906,7.508399963378906,7500
2019-06-27,7.581999778747559,7.627999782562256,7.565999984741211,7.612199783325195,7.612199783325195,20500
2019-06-28,7.561999797821045,7.633999824523926,7.561999797821045,7.627999782562256,7.627999782562256,6500
2019-07-01,7.866000175476074,7.8979997634887695,7.866000175476074,7.8979997634887695,7.8979997634887695,1500
2019-07-02,7.869999885559082,7.908199787139893,7.869999885559082,7.908199787139893,7.908199787139893,2500
2019-07-03,8.039999961853027,8.045999526977539,8.020000457763672,8.036999702453613,8.036999702453613,19500
2019-07-05,7.932000160217285,7.961999893188477,7.932000160217285,7.957399845123291,7.957399845123291,6000
2019-07-08,7.802000045776367,7.802000045776367,7.765999794006348,7.76800012588501,7.76800012588501,7000
2019-07-09,7.842000007629394,7.946000099182129,7.842000007629394,7.946000099182129,7.946000099182129,8500
2019-07-10,8.130000114440918,8.130000114440918,8.053999900817871,8.094799995422363,8.094799995422363,6500
2019-07-11,8.145999908447266,8.192000389099121,8.11400032043457,8.114999771118164,8.114999771118164,29500
2019-07-12,8.246000289916992,8.246000289916992,8.246000289916992,8.246000289916992,8.246000289916992,500
2019-07-15,8.276000022888184,8.375200271606445,8.276000022888184,8.375200271606445,8.375200271606445,2500
2019-07-16,8.319999694824219,8.319999694824219,8.31760025024414,8.31760025024414,8.31760025024414,3500
2019-07-17,8.355999946594238,8.368000030517578,8.289600372314453,8.289600372314453,8.289600372314453,15500
2019-07-18,8.034000396728516,8.07800006866455,7.938000202178955,8.04699993133545,8.04699993133545,11500
2019-07-19,8.140000343322754,8.140000343322754,7.939400196075439,7.939400196075439,7.939400196075439,8000
2019-07-22,8.017999649047852,8.047800064086914,7.940000057220459,8.047800064086914,8.047800064086914,9500
2019-07-23,8.11400032043457,8.231599807739258,8.11400032043457,8.231599807739258,8.231599807739258,2500
2019-07-24,8.417400360107422,8.417400360107422,8.417400360107422,8.417400360107422,8.417400360107422,2500
2019-07-25,8.04800033569336,8.04800033569336,7.995999813079834,8.02299976348877,8.02299976348877,8500
2019-07-26,8.281999588012695,8.329999923706055,8.279999732971191,8.329999923706055,8.329999923706055,21000
2019-07-29,8.175999641418457,8.30459976196289,8.175999641418457,8.30459976196289,8.30459976196289,1500
2019-07-30,8.218600273132324,8.232000350952148,8.218600273132324,8.230400085449219,8.230400085449219,5000
2019-07-31,8.289999961853027,8.392000198364258,8.043999671936035,8.163399696350098,8.163399696350098,38000
2019-08-01,8.255999565124512,8.392000198364258,7.857399940490723,7.857399940490723,7.857399940490723,23500
2019-08-02,7.693999767303467,7.74399995803833,7.515999794006348,7.668200016021728,7.668200016021728,22500
2019-08-05,7.162000179290772,7.162000179290772,6.90399980545044,6.992000102996826,6.992000102996826,17500
2019-08-06,7.102000236511231,7.197999954223633,7.084000110626221,7.169600009918213,7.169600009918213,3000
2019-08-07,6.966000080108643,7.224199771881103,6.966000080108643,7.224199771881103,7.224199771881103,5500
2019-08-08,7.257999897003174,7.526800155639648,7.257999897003174,7.526800155639648,7.526800155639648,5000
2019-08-09,7.455999851226807,7.458000183105469,7.223999977111816,7.296000003814697,7.296000003814697,41000
2019-08-12,7.099999904632568,7.099999904632568,7.099999904632568,7.099999904632568,7.099999904632568,500
2019-08-13,7.451600074768066,7.451600074768066,7.451600074768066,7.451600074768066,7.451600074768066,1500
2019-08-14,7.168000221252441,7.168000221252441,6.927999973297119,6.947199821472168,6.947199821472168,42500
2019-08-15,6.894000053405762,6.961999893188477,6.803999900817871,6.939799785614014,6.939799785614014,4000
2019-08-16,6.939799785614014,6.939799785614014,6.939799785614014,6.939799785614014,6.939799785614014,0
2019-08-19,7.697999954223633,7.728799819946289,7.697999954223633,7.728799819946289,7.728799819946289,500
2019-08-20,7.745999813079834,7.776000022888184,7.679599761962891,7.679599761962891,7.679599761962891,2000
2019-08-21,7.678800106048584,7.678800106048584,7.678800106048584,7.678800106048584,7.678800106048584,500
2019-08-22,7.59600019454956,7.59600019454956,7.59600019454956,7.59600019454956,7.59600019454956,0
2019-08-23,7.466000080108643,7.578000068664551,7.001999855041504,7.003799915313721,7.003799915313721,21500
2019-08-26,7.202000141143799,7.230000019073486,7.124000072479248,7.203800201416016,7.203800201416016,17500
2019-08-27,7.3379998207092285,7.343999862670898,7.162000179290772,7.190000057220459,7.190000057220459,6500
2019-08-28,7.168000221252441,7.242000102996826,7.168000221252441,7.19980001449585,7.19980001449585,8000
2019-08-29,7.473999977111816,7.544000148773193,7.441999912261963,7.506400108337402,7.506400108337402,3500
2019-08-30,7.528200149536133,7.528200149536133,7.528200149536133,7.528200149536133,7.528200149536133,500
2019-09-03,7.415999889373779,7.415999889373779,7.342000007629394,7.342000007629394,7.342000007629394,1000
2019-09-04,7.507999897003174,7.527400016784668,7.507999897003174,7.527400016784668,7.527400016784668,500
2019-09-05,7.934599876403809,7.970799922943115,7.934599876403809,7.970799922943115,7.970799922943115,1500
2019-09-06,7.848999977111816,7.848999977111816,7.848999977111816,7.848999977111816,7.848999977111816,500
2019-09-09,7.928800106048584,7.928800106048584,7.928800106048584,7.928800106048584,7.928800106048584,500
2019-09-10,7.831999778747559,7.912600040435791,7.831999778747559,7.912600040435791,7.912600040435791,500
2019-09-11,8.133999824523926,8.15999984741211,8.131999969482422,8.136199951171875,8.136199951171875,2000
2019-09-12,8.265999794006348,8.265999794006348,8.184000015258789,8.184800148010254,8.184800148010254,5500
2019-09-13,8.11359977722168,8.11359977722168,8.11359977722168,8.11359977722168,8.11359977722168,500
2019-09-16,8.02400016784668,8.030599594116211,8.02400016784668,8.030599594116211,8.030599594116211,500
2019-09-17,8.030599594116211,8.030599594116211,8.030599594116211,8.030599594116211,8.030599594116211,0
2019-09-18,8.08240032196045,8.08240032196045,8.08240032196045,8.08240032196045,8.08240032196045,500
2019-09-19,8.15999984741211,8.15999984741211,8.05679988861084,8.05679988861084,8.05679988861084,5000
2019-09-20,8.097999572753906,8.097999572753906,7.843999862670898,7.843999862670898,7.843999862670898,3000
2019-09-23,7.789999961853027,7.789999961853027,7.736000061035156,7.736000061035156,7.736000061035156,6500
2019-09-24,7.300000190734863,7.300000190734863,7.218800067901611,7.218800067901611,7.218800067901611,3000
2019-09-25,7.296000003814697,7.6203999519348145,7.296000003814697,7.6203999519348145,7.6203999519348145,3500
2019-09-26,7.631999969482422,7.631999969482422,7.631999969482422,7.631999969482422,7.631999969482422,500
2019-09-27,7.420000076293945,7.498000144958496,7.334000110626221,7.334000110626221,7.334000110626221,1500
2019-09-30,7.334000110626221,7.334000110626221,7.334000110626221,7.334000110626221,7.334000110626221,0
2019-10-01,7.334000110626221,7.334000110626221,7.334000110626221,7.334000110626221,7.334000110626221,0
2019-10-02,7.234000205993652,7.265200138092041,7.202000141143799,7.265200138092041,7.265200138092041,1000
2019-10-03,7.113999843597412,7.403200149536133,7.113999843597412,7.403200149536133,7.403200149536133,1500
2019-10-04,7.403200149536133,7.403200149536133,7.403200149536133,7.403200149536133,7.403200149536133,0
2019-10-07,7.515999794006348,7.569200038909912,7.515999794006348,7.569200038909912,7.569200038909912,1000
2019-10-08,7.460000038146973,7.460000038146973,7.292799949645996,7.292799949645996,7.292799949645996,1500
2019-10-09,7.440000057220459,7.440000057220459,7.411600112915039,7.411600112915039,7.411600112915039,1000
2019-10-10,7.532000064849853,7.593800067901611,7.532000064849853,7.593800067901611,7.593800067901611,1000
2019-10-11,7.900000095367432,7.967999935150146,7.835999965667725,7.835999965667725,7.835999965667725,3000
2019-10-14,7.903600215911865,7.903600215911865,7.903600215911865,7.903600215911865,7.903600215911865,500
2019-10-15,8.167799949645996,8.167799949645996,8.167799949645996,8.167799949645996,8.167799949645996,500
2019-10-16,8.149999618530273,8.202400207519531,8.149999618530273,8.202400207519531,8.202400207519531,2000
2019-10-17,8.36400032043457,8.36400032043457,8.239999771118164,8.264599800109863,8.264599800109863,8000
2019-10-18,7.98199987411499,7.98199987411499,7.878600120544434,7.878600120544434,7.878600120544434,4000
2019-10-21,8.0600004196167,8.093999862670898,8.005999565124512,8.076000213623047,8.076000213623047,6000
2019-10-22,8.015999794006348,8.04800033569336,7.855599880218506,7.855599880218506,7.855599880218506,13000
2019-10-23,7.901999950408935,7.946000099182129,7.861999988555908,7.944799900054932,7.944799900054932,16500
2019-10-24,7.944799900054932,7.944799900054932,7.944799900054932,7.944799900054932,7.944799900054932,0
2019-10-25,7.921999931335449,8.308799743652344,7.921999931335449,8.308799743652344,8.308799743652344,1000
2019-10-28,8.428000450134277,8.487799644470215,8.428000450134277,8.487799644470215,8.487799644470215,500
2019-10-29,8.338000297546387,8.338000297546387,8.21720027923584,8.21720027923584,8.21720027923584,4500
2019-10-30,8.241999626159668,8.29800033569336,8.204000473022461,8.280599594116211,8.280599594116211,12000
2019-10-31,8.307999610900879,8.307999610900879,8.187999725341797,8.284000396728516,8.284000396728516,3000
2019-11-01,8.387999534606934,8.446000099182129,8.276000022888184,8.383600234985352,8.383600234985352,5000
2019-11-04,8.621999740600586,8.77400016784668,8.605999946594238,8.724599838256836,8.724599838256836,21500
2019-11-05,8.696000099182129,8.718000411987305,8.663999557495117,8.665200233459473,8.665200233459473,12000
2019-11-06,8.607999801635742,8.665599822998047,8.564000129699707,8.665599822998047,8.665599822998047,58000
2019-11-07,8.949999809265137,9.149999618530272,8.925999641418457,8.990599632263184,8.990599632263184,35500
2019-11-08,8.996000289916992,9.128000259399414,8.996000289916992,9.08199977874756,9.08199977874756,32000
2019-11-11,8.932000160217285,9.088000297546388,8.932000160217285,9.079999923706056,9.079999923706056,4000
2019-11-12,9.10200023651123,9.206000328063965,9.086000442504885,9.163399696350098,9.163399696350098,10500
2019-11-13,9.074000358581545,9.074000358581545,8.954000473022461,8.954000473022461,8.954000473022461,6500
2019-11-14,8.996000289916992,9.016599655151367,8.98799991607666,9.016599655151367,9.016599655151367,4000
2019-11-15,9.08199977874756,9.121999740600586,9.041999816894531,9.10099983215332,9.10099983215332,13000
2019-11-18,9.062000274658203,9.279999732971191,9.062000274658203,9.226400375366213,9.226400375366213,2500
2019-11-19,9.1899995803833,9.258000373840332,9.17199993133545,9.254799842834473,9.254799842834473,6500
2019-11-20,9.15999984741211,9.276000022888184,9.0,9.126399993896484,9.126399993896484,31000
2019-11-21,9.194000244140623,9.281999588012695,9.184000015258787,9.222599983215332,9.222599983215332,17000
2019-11-22,9.092000007629396,9.145999908447266,9.029999732971191,9.13479995727539,9.13479995727539,124000
2019-11-25,9.38599967956543,9.463800430297852,9.38599967956543,9.463800430297852,9.463800430297852,4500
2019-11-26,9.470000267028809,9.470000267028809,9.343999862670898,9.402999877929688,9.402999877929688,29000
2019-11-27,9.470000267028809,9.589599609375,9.470000267028809,9.589599609375,9.589599609375,2500
2019-11-29,9.48799991607666,9.552000045776367,9.477999687194824,9.4891996383667,9.4891996383667,20500
2019-12-02,9.366000175476074,9.420000076293944,9.196000099182127,9.276000022888184,9.276000022888184,119000
2019-12-03,8.986000061035156,9.105799674987791,8.855999946594238,9.105799674987791,9.105799674987791,22000
2019-12-04,9.211999893188477,9.241999626159668,9.12399959564209,9.12399959564209,9.12399959564209,7500
2019-12-05,9.223999977111816,9.223999977111816,9.210599899291992,9.210599899291992,9.210599899291992,500
2019-12-06,9.380000114440918,9.416000366210938,9.380000114440918,9.407999992370604,9.407999992370604,3000
2019-12-09,9.447999954223633,9.447999954223633,9.340999603271484,9.340999603271484,9.340999603271484,2000
2019-12-10,9.3100004196167,9.336999893188477,9.3100004196167,9.336999893188477,9.336999893188477,2000
2019-12-11,9.501999855041504,9.59000015258789,9.501999855041504,9.58199977874756,9.58199977874756,5500
2019-12-12,9.772000312805176,9.772000312805176,9.678000450134276,9.73960018157959,9.73960018157959,4000
2019-12-13,9.77400016784668,9.894000053405762,9.652000427246094,9.699600219726562,9.699600219726562,13500
2019-12-16,9.895999908447266,10.157999992370604,9.895999908447266,10.128399848937988,10.128399848937988,5500
2019-12-17,10.218000411987305,10.239999771118164,10.19200038909912,10.23859977722168,10.23859977722168,10000
2019-12-18,10.416000366210938,10.574000358581545,10.416000366210938,10.531999588012695,10.531999588012695,5000
2019-12-19,10.675999641418455,10.823599815368652,10.644000053405762,10.823599815368652,10.823599815368652,8000
2019-12-20,11.015600204467772,11.015600204467772,10.842000007629396,10.913599967956545,10.913599967956545,35000
2019-12-23,11.062000274658203,11.105999946594238,11.035799980163574,11.065999984741213,11.065999984741213,20000
2019-12-24,10.984000205993652,11.064000129699709,10.984000205993652,11.062600135803224,11.062600135803224,5000
2019-12-26,11.16800022125244,11.30799961090088,11.163999557495115,11.30799961090088,11.30799961090088,27000
2019-12-27,11.30799961090088,11.34000015258789,11.197999954223633,11.215800285339355,11.215800285339355,39000
2019-12-30,10.847999572753906,11.008000373840332,10.84000015258789,10.911999702453612,10.911999702453612,17000
2019-12-31,10.960000038146973,10.968799591064451,10.92199993133545,10.968799591064451,10.968799591064451,9000
2020-01-02,11.295599937438965,11.609399795532228,11.295599937438965,11.609399795532228,11.609399795532228,57000
2020-01-03,11.399999618530272,11.543999671936035,11.399999618530272,11.399999618530272,11.399999618530272,35000
2020-01-06,11.39799976348877,11.708000183105469,11.38599967956543,11.708000183105469,11.708000183105469,28500
2020-01-07,11.70199966430664,11.88599967956543,11.70199966430664,11.88599967956543,11.88599967956543,8000
2020-01-08,11.935999870300291,12.338000297546388,11.935999870300291,12.195199966430664,12.195199966430664,25500
2020-01-09,12.430999755859377,12.470000267028809,12.26200008392334,12.34980010986328,12.34980010986328,12500
2020-01-10,12.40999984741211,12.513999938964844,12.31999969482422,12.381999969482422,12.381999969482422,23500
2020-01-13,12.682000160217283,12.926600456237791,12.609999656677246,12.926600456237791,12.926600456237791,54500
2020-01-14,12.925999641418455,12.925999641418455,12.70400047302246,12.756400108337402,12.756400108337402,31000
2020-01-15,12.846199989318848,12.846199989318848,12.588000297546388,12.64579963684082,12.64579963684082,37000
2020-01-16,12.817999839782717,12.817999839782717,12.592000007629396,12.776200294494627,12.776200294494627,12000
2020-01-17,12.883999824523926,12.890000343322754,12.779199600219728,12.890000343322754,12.890000343322754,4500
2020-01-21,12.800000190734863,12.998600006103516,12.800000190734863,12.985600471496582,12.985600471496582,28500
2020-01-22,13.289999961853027,13.289999961853027,12.968000411987305,13.019000053405762,13.019000053405762,200000
2020-01-23,12.833999633789062,13.14799976348877,12.833999633789062,13.14799976348877,13.14799976348877,20000
2020-01-24,13.199999809265137,13.21399974822998,12.612000465393066,12.817999839782717,12.817999839782717,229500
2020-01-27,12.076000213623049,12.298999786376951,12.076000213623049,12.206000328063965,12.206000328063965,11500
2020-01-28,12.404000282287598,12.655400276184082,12.355999946594238,12.655400276184082,12.655400276184082,30000
2020-01-29,12.65999984741211,12.907999992370604,12.65999984741211,12.827199935913086,12.827199935913086,24000
2020-01-30,12.84000015258789,12.96399974822998,12.80799961090088,12.95359992980957,12.95359992980957,24000
2020-01-31,12.777999877929688,12.777999877929688,12.618000030517578,12.733400344848633,12.733400344848633,7000
2020-02-03,13.182000160217283,13.94499969482422,13.182000160217283,13.94499969482422,13.94499969482422,24500
2020-02-04,14.958000183105469,15.477999687194824,14.675999641418455,15.11460018157959,15.11460018157959,113000
2020-02-05,14.841400146484377,14.916600227355955,13.895999908447266,14.086000442504885,14.086000442504885,142000
2020-02-06,14.255999565124512,15.034000396728516,14.255999565124512,14.747400283813477,14.747400283813477,33000
2020-02-07,14.434000015258787,14.670000076293944,14.399999618530272,14.515999794006348,14.515999794006348,55500
2020-02-10,14.746000289916992,14.87399959564209,14.675999641418455,14.87399959564209,14.87399959564209,6000
2020-02-11,15.165800094604492,15.21399974822998,14.871999740600586,14.960800170898438,14.960800170898438,12000
2020-02-12,15.36400032043457,15.416000366210938,15.30459976196289,15.411999702453612,15.411999702453612,18500
2020-02-13,15.0,15.53219985961914,15.0,15.53219985961914,15.53219985961914,8000
2020-02-14,15.69200038909912,15.867799758911133,15.619999885559082,15.66860008239746,15.66860008239746,25000
2020-02-18,15.694000244140623,16.289600372314453,15.694000244140623,16.289600372314453,16.289600372314453,30500
2020-02-19,16.78380012512207,17.125999450683594,16.78380012512207,17.047399520874023,17.047399520874023,42000
2020-02-20,16.8700008392334,16.923999786376953,16.038000106811523,16.63719940185547,16.63719940185547,27000
2020-02-21,16.31999969482422,16.31999969482422,15.826000213623049,15.970000267028809,15.970000267028809,54500
2020-02-24,14.277999877929688,14.751999855041504,14.003999710083008,14.400799751281738,14.400799751281738,25500
2020-02-25,14.736000061035156,14.736000061035156,13.637999534606934,13.637999534606934,13.637999534606934,47000
2020-02-26,14.152000427246094,14.27299976348877,13.628000259399414,13.762200355529783,13.762200355529783,27500
2020-02-27,12.810999870300291,13.01159954071045,12.27400016784668,12.27400016784668,12.27400016784668,39500
2020-02-28,11.017999649047852,12.368000030517578,11.017999649047852,12.203800201416016,12.203800201416016,42500
2020-03-02,12.989999771118164,13.523599624633787,12.550000190734863,13.523599624633787,13.523599624633787,28500
2020-03-03,13.92199993133545,14.138999938964844,12.64799976348877,12.92080020904541,12.92080020904541,88500
2020-03-04,13.706000328063965,13.71280002593994,13.15999984741211,13.71280002593994,13.71280002593994,108000
2020-03-05,13.18000030517578,13.399999618530272,12.79800033569336,12.906800270080566,12.906800270080566,46000
2020-03-06,11.850000381469728,12.304800033569336,11.753999710083008,12.304800033569336,12.304800033569336,92000
2020-03-09,11.074000358581545,11.444000244140623,10.517999649047852,10.517999649047852,10.517999649047852,34000
2020-03-10,11.321999549865724,11.654000282287598,10.789999961853027,11.651599884033203,11.651599884033203,48500
2020-03-11,11.255999565124512,11.255999565124512,10.381999969482422,10.723999977111816,10.723999977111816,28000
2020-03-12,8.673999786376953,9.35200023651123,8.652000427246094,8.652999877929688,8.652999877929688,14500
2020-03-13,9.640999794006348,9.640999794006348,8.404000282287598,9.440999984741213,9.440999984741213,27000
2020-03-16,7.840000152587891,8.284000396728516,7.191999912261963,7.371600151062012,7.371600151062012,19000
2020-03-17,7.136000156402588,7.832600116729736,6.705999851226807,7.646399974822998,7.646399974822998,13500
2020-03-18,7.013999938964844,7.27400016784668,6.507999897003174,6.7708001136779785,6.7708001136779785,21500
2020-03-19,6.822000026702881,8.116000175476074,6.639999866485596,7.659800052642822,7.659800052642822,33500
2020-03-20,8.097999572753906,8.342000007629395,7.323999881744385,7.355999946594238,7.355999946594238,75000
2020-03-23,7.383999824523926,7.611000061035156,7.308000087738037,7.611000061035156,7.611000061035156,5000
2020-03-24,8.668000221252441,8.722000122070312,8.38599967956543,8.704000473022461,8.704000473022461,44500
2020-03-25,9.015999794006348,9.267999649047852,8.473999977111816,8.682000160217285,8.682000160217285,28000
2020-03-26,8.583999633789062,9.218999862670898,8.583999633789062,9.218999862670898,9.218999862670898,18000
2020-03-27,8.630000114440918,8.880000114440918,8.590399742126465,8.701000213623047,8.701000213623047,62500
2020-03-30,8.645999908447266,9.083600044250488,8.645999908447266,9.083600044250488,9.083600044250488,43000
2020-03-31,9.588000297546388,9.682000160217283,9.050000190734863,9.222200393676758,9.222200393676758,55500
2020-04-01,8.776000022888184,8.923999786376953,8.295000076293945,8.336000442504883,8.336000442504883,25500
2020-04-02,8.374799728393555,8.38700008392334,8.199999809265137,8.371800422668457,8.371800422668457,7000
2020-04-03,8.315999984741211,8.32800006866455,8.210399627685547,8.210399627685547,8.210399627685547,7000
2020-04-06,8.98799991607666,9.377799987792969,8.98799991607666,9.377799987792969,9.377799987792969,10500
2020-04-07,10.03600025177002,10.03600025177002,9.502799987792969,9.502799987792969,9.502799987792969,20500
2020-04-08,9.71399974822998,9.735600471496582,9.61400032043457,9.735600471496582,9.735600471496582,4000
2020-04-09,10.04599952697754,10.04800033569336,9.68000030517578,9.845199584960938,9.845199584960938,17500
2020-04-13,9.843999862670898,10.654000282287598,9.843999862670898,10.622400283813477,10.622400283813477,16500
2020-04-14,11.43000030517578,11.871999740600586,11.302000045776367,11.621800422668455,11.621800422668455,25500
2020-04-15,11.206000328063965,11.916000366210938,11.206000328063965,11.753399848937988,11.753399848937988,35500
2020-04-16,12.220000267028809,12.41800022125244,11.836000442504885,12.223799705505373,12.223799705505373,25000
2020-04-17,12.71399974822998,12.71399974822998,11.947999954223633,12.085000038146973,12.085000038146973,24000
2020-04-20,11.616000175476074,12.437999725341797,11.616000175476074,12.13479995727539,12.13479995727539,43000
2020-04-21,11.69320011138916,11.69320011138916,10.88599967956543,11.200599670410156,11.200599670410156,158500
2020-04-22,11.815999984741213,12.062000274658203,11.623000144958496,11.97599983215332,11.97599983215332,19000
2020-04-23,12.199999809265137,12.29800033569336,11.800000190734863,11.833600044250488,11.833600044250488,49500
2020-04-24,11.892000198364258,12.18220043182373,11.751999855041504,12.18220043182373,12.18220043182373,11000
2020-04-27,12.800000190734863,12.800000190734863,12.36400032043457,12.496399879455566,12.496399879455566,31000
2020-04-28,12.911999702453612,12.911999702453612,11.789799690246582,11.789799690246582,11.789799690246582,26000
2020-04-29,12.78600025177002,12.797800064086914,12.432000160217283,12.797800064086914,12.797800064086914,24000
2020-04-30,12.72599983215332,13.210000038146973,12.5600004196167,12.776800155639648,12.776800155639648,20000
2020-05-01,11.925999641418455,12.282400131225586,11.628000259399414,11.799799919128418,11.799799919128418,20000
2020-05-04,11.699999809265137,12.196999549865724,11.699999809265137,12.196999549865724,12.196999549865724,30500
2020-05-05,12.597999572753906,12.732000350952148,12.404999732971191,12.40719985961914,12.40719985961914,23500
2020-05-06,12.666000366210938,12.776000022888184,12.553999900817873,12.630800247192385,12.630800247192385,21500
2020-05-07,12.732000350952148,12.952799797058104,12.732000350952148,12.850000381469728,12.850000381469728,22000
2020-05-08,13.027999877929688,13.489999771118164,13.027999877929688,13.44760036468506,13.44760036468506,17000
2020-05-11,13.26200008392334,13.82800006866455,13.26200008392334,13.722000122070312,13.722000122070312,24500
2020-05-12,14.03600025177002,14.03600025177002,13.232000350952148,13.236000061035156,13.236000061035156,55000
2020-05-13,13.134200096130373,13.62399959564209,12.517999649047852,12.857999801635742,12.857999801635742,150500
2020-05-14,12.633999824523926,13.118200302124023,12.40019989013672,13.118200302124023,13.118200302124023,20500
2020-05-15,12.87600040435791,13.61620044708252,12.87600040435791,13.61620044708252,13.61620044708252,16500
2020-05-18,14.100000381469728,14.34000015258789,14.0,14.323399543762209,14.323399543762209,21000
2020-05-19,14.600000381469728,14.870400428771973,14.46339988708496,14.46339988708496,14.46339988708496,23500
2020-05-20,15.161999702453612,15.218000411987305,14.838000297546388,15.05679988861084,15.05679988861084,46500
2020-05-21,15.031999588012695,15.097000122070312,14.585000038146973,14.88599967956543,14.88599967956543,25500
2020-05-22,14.520000457763672,14.75100040435791,14.51200008392334,14.654999732971191,14.654999732971191,33000
2020-05-26,15.095999717712402,15.095999717712402,14.699999809265137,14.70680046081543,14.70680046081543,40500
2020-05-27,14.52400016784668,14.52400016784668,13.706199645996094,14.489800453186035,14.489800453186035,44000
2020-05-28,14.01200008392334,14.58199977874756,14.01200008392334,14.14680004119873,14.14680004119873,19500
2020-05-29,14.140000343322754,14.51319980621338,13.947999954223633,14.51319980621338,14.51319980621338,32000
2020-06-01,14.51200008392334,15.034000396728516,14.510000228881836,15.032999992370604,15.032999992370604,39000
2020-06-02,15.196000099182127,15.196000099182127,14.862199783325195,15.130399703979492,15.130399703979492,19000
2020-06-03,15.229999542236328,15.59000015258789,15.170000076293944,15.534000396728516,15.534000396728516,39000
2020-06-04,15.5,15.60200023651123,14.857999801635742,15.03600025177002,15.03600025177002,66500
2020-06-05,15.100000381469728,15.715999603271484,15.100000381469728,15.684200286865234,15.684200286865234,27500
2020-06-08,16.038000106811523,16.206600189208984,15.795000076293944,16.206600189208984,16.206600189208984,25500
2020-06-09,16.011999130249023,16.694000244140625,16.011999130249023,16.628400802612305,16.628400802612305,34500
2020-06-10,17.082000732421875,17.336000442504883,16.974000930786133,17.24220085144043,17.24220085144043,85000
2020-06-11,16.368000030517578,16.79599952697754,15.619999885559082,15.651399612426758,15.651399612426758,145000
2020-06-12,16.49799919128418,16.49799919128418,15.288000106811523,15.796799659729004,15.796799659729004,105000
2020-06-15,15.220000267028809,16.33919906616211,15.220000267028809,16.32360076904297,16.32360076904297,39500
2020-06-16,17.152000427246094,17.156999588012695,16.52199935913086,16.790000915527344,16.790000915527344,110500
2020-06-17,17.302000045776367,17.302000045776367,16.893999099731445,17.06999969482422,17.06999969482422,90500
2020-06-18,17.167800903320312,17.167800903320312,16.865999221801758,17.055200576782227,17.055200576782227,26500
2020-06-19,17.399999618530273,17.45199966430664,16.889999389648438,17.03459930419922,17.03459930419922,83000
2020-06-22,17.163999557495117,17.408000946044922,16.992000579833984,17.393199920654297,17.393199920654297,84000
2020-06-23,17.604000091552734,17.996000289916992,17.534000396728516,17.702199935913086,17.702199935913086,100000
2020-06-24,17.526199340820312,17.526199340820312,16.66200065612793,16.87700080871582,16.87700080871582,192000
2020-06-25,16.865999221801758,17.18720054626465,16.60700035095215,17.18720054626465,17.18720054626465,82500
2020-06-26,17.059999465942383,17.059999465942383,15.73799991607666,15.760000228881836,15.760000228881836,119500
2020-06-29,15.593999862670898,16.158000946044922,15.258000373840332,16.15060043334961,16.15060043334961,81500
2020-06-30,16.36680030822754,16.885000228881836,16.32200050354004,16.860000610351562,16.860000610351562,43000
2020-07-01,17.09000015258789,17.766000747680664,17.09000015258789,17.687000274658203,17.687000274658203,54500
2020-07-02,18.71999931335449,18.71999931335449,18.059999465942383,18.19799995422364,18.19799995422364,90000
2020-07-06,19.077999114990234,20.176000595092773,19.059999465942383,20.176000595092773,20.176000595092773,62500
2020-07-07,20.209999084472656,20.60400009155273,20.02199935913086,20.16399955749512,20.16399955749512,171000
2020-07-08,20.503999710083008,21.214000701904297,20.40699958801269,21.06739997863769,21.06739997863769,129500
2020-07-09,21.78199958801269,21.80599975585937,20.808000564575195,21.76580047607422,21.76580047607422,265000
2020-07-10,21.70599937438965,22.70479965209961,21.27199935913086,22.70479965209961,22.70479965209961,131000
2020-07-13,24.02199935913086,24.417999267578125,21.17799949645996,21.22599983215332,21.22599983215332,611500
2020-07-14,20.996000289916992,21.63999938964844,19.964000701904297,21.549999237060547,21.549999237060547,270500
2020-07-15,21.799999237060547,21.82999992370605,20.84000015258789,21.58819961547852,21.58819961547852,151000
2020-07-16,20.85199928283692,21.224000930786133,20.513999938964844,21.145999908447266,21.145999908447266,140500
2020-07-17,21.1879997253418,21.1879997253418,20.554000854492188,20.97220039367676,20.97220039367676,30500
2020-07-20,21.66399955749512,22.643999099731445,21.190000534057617,22.630199432373047,22.630199432373047,65500
2020-07-21,23.513999938964844,23.513999938964844,21.93199920654297,21.996400833129883,21.996400833129883,93500
2020-07-22,22.030000686645508,22.1200008392334,21.511999130249023,21.897600173950195,21.897600173950195,35000
2020-07-23,21.99799919128418,22.224000930786133,20.540000915527344,20.855199813842773,20.855199813842773,54000
2020-07-24,19.83799934387207,20.56800079345703,19.496000289916992,20.334199905395508,20.334199905395508,104000
2020-07-27,20.43000030517578,21.14999961853028,20.2810001373291,21.1200008392334,21.1200008392334,88500
2020-07-28,20.86400032043457,20.893999099731445,20.40880012512207,20.40880012512207,20.40880012512207,17000
2020-07-29,20.8799991607666,21.035999298095703,20.75,21.0,21.0,38500
2020-07-30,20.69799995422364,21.145999908447266,20.49399948120117,21.097999572753903,21.097999572753903,36500
2020-07-31,22.027999877929688,22.027999877929688,21.097999572753903,21.5363998413086,21.5363998413086,49000
2020-08-03,21.950000762939453,22.36680030822754,21.94879913330078,22.214000701904297,22.214000701904297,34500
2020-08-04,22.426000595092773,22.6259994506836,22.32200050354004,22.62420082092285,22.62420082092285,21000
2020-08-05,22.61599922180176,22.940000534057617,22.61599922180176,22.90800094604492,22.90800094604492,33000
2020-08-06,22.84600067138672,23.63599967956543,22.6879997253418,23.565200805664062,23.565200805664062,16500
2020-08-07,23.233999252319336,23.26000022888184,22.16399955749512,22.70499992370605,22.70499992370605,61500
2020-08-10,22.97900009155273,22.97900009155273,21.79599952697754,22.392799377441406,22.392799377441406,47500
2020-08-11,21.950000762939453,22.492000579833984,21.51700019836425,21.51700019836425,21.51700019836425,47500
2020-08-12,22.29400062561035,23.22599983215332,22.27079963684082,23.100000381469727,23.100000381469727,51500
2020-08-13,23.67799949645996,23.944000244140625,23.34600067138672,23.54019927978516,23.54019927978516,67500
2020-08-14,23.371999740600582,23.586000442504883,23.082000732421875,23.40279960632324,23.40279960632324,52500
2020-08-17,23.89999961853028,24.85199928283692,23.89999961853028,24.84440040588379,24.84440040588379,29000
2020-08-18,25.20599937438965,25.663000106811523,24.970199584960938,25.51619911193848,25.51619911193848,58500
2020-08-19,25.525999069213867,25.799999237060547,25.13680076599121,25.35400009155273,25.35400009155273,40500
2020-08-20,25.049999237060547,26.4060001373291,24.99399948120117,26.402999877929688,26.402999877929688,27000
2020-08-21,26.600000381469727,27.21999931335449,26.600000381469727,27.144800186157227,27.144800186157227,35000
2020-08-24,28.74399948120117,28.74399948120117,27.11479949951172,27.465999603271484,27.465999603271484,128500
2020-08-25,27.27199935913086,28.152000427246094,27.27199935913086,28.136999130249023,28.136999130249023,58000
2020-08-26,28.597999572753903,30.32999992370605,28.597999572753903,30.167999267578125,30.167999267578125,140500
2020-08-27,30.290000915527344,30.459999084472656,29.0939998626709,29.73940086364746,29.73940086364746,178500
2020-08-28,30.27120018005371,30.489999771118164,29.822599411010746,30.15800094604492,30.15800094604492,137000
2020-08-31,30.65399932861328,31.79700088500977,30.36000061035156,31.60199928283692,31.60199928283692,103000
2020-09-01,32.354000091552734,32.66400146484375,31.45759963989257,32.26020050048828,32.26020050048828,168000
2020-09-02,33.0,33.29999923706055,30.511999130249023,32.38359832763672,32.38359832763672,314000
2020-09-03,30.554000854492188,30.788799285888672,27.93199920654297,28.515199661254883,28.515199661254883,314500
2020-09-04,27.45800018310547,28.790000915527344,24.88400077819824,27.86000061035156,27.86000061035156,424500
2020-09-08,24.038000106811523,25.91399955749512,23.799999237060547,23.97800064086914,23.97800064086914,245000
2020-09-09,25.8799991607666,25.90800094604492,24.81399917602539,25.873199462890625,25.873199462890625,206500
2020-09-10,26.6200008392334,26.86400032043457,24.38660049438477,24.799999237060547,24.799999237060547,215500
2020-09-11,25.309999465942383,25.47599983215332,23.79800033569336,24.67799949645996,24.67799949645996,166500
2020-09-14,26.13599967956543,26.191999435424805,25.270000457763672,25.96419906616211,25.96419906616211,175000
2020-09-15,27.0,27.50200080871582,26.780000686645508,27.31380081176757,27.31380081176757,107000
2020-09-16,27.34600067138672,27.67399978637696,26.47800064086914,26.5088005065918,26.5088005065918,121000
2020-09-17,24.56999969482422,25.70199966430664,24.56999969482422,25.270000457763672,25.270000457763672,108000
2020-09-18,26.01700019836425,26.01700019836425,24.57099914550781,25.307600021362305,25.307600021362305,66000
2020-09-21,24.54800033569336,25.631000518798828,24.11100006103516,25.631000518798828,25.631000518798828,92000
2020-09-22,26.030000686645508,26.52199935913086,25.152999877929688,26.46540069580078,26.46540069580078,63500
2020-09-23,26.20800018310547,26.520000457763672,24.89999961853028,24.965999603271484,24.965999603271484,117000
2020-09-24,23.950000762939453,25.50200080871582,23.950000762939453,24.98139953613281,24.98139953613281,114000
2020-09-25,25.03199958801269,26.194000244140625,24.855600357055664,26.190200805664062,26.190200805664062,55000
2020-09-28,27.676000595092773,27.676000595092773,26.4025993347168,27.007200241088867,27.007200241088867,31000
2020-09-29,27.040000915527344,27.38999938964844,26.88479995727539,27.1560001373291,27.1560001373291,127500
2020-09-30,27.496000289916992,28.41860008239746,27.496000289916992,28.121400833129883,28.121400833129883,40000
2020-10-01,29.058000564575195,29.20199966430664,28.39999961853028,29.11479949951172,29.11479949951172,48000
2020-10-02,27.15999984741211,28.70800018310547,27.15999984741211,27.49139976501465,27.49139976501465,82000
2020-10-05,27.600000381469727,28.600000381469727,27.600000381469727,28.600000381469727,28.600000381469727,47500
2020-10-06,28.631000518798828,28.76799964904785,27.49399948120117,27.66580009460449,27.66580009460449,57000
2020-10-07,28.36000061035156,28.69379997253418,28.2234001159668,28.630599975585938,28.630599975585938,37500
2020-10-08,29.027999877929688,29.027999877929688,28.71199989318848,28.830400466918945,28.830400466918945,23000
2020-10-09,29.59199905395508,29.59199905395508,28.93000030517578,29.289400100708008,29.289400100708008,23000
2020-10-12,30.13599967956543,31.93199920654297,30.13599967956543,31.24799919128418,31.24799919128418,102500
2020-10-13,31.39999961853028,31.709999084472656,30.87459945678711,31.248199462890625,31.248199462890625,46500
2020-10-14,31.38599967956543,31.82999992370605,31.030000686645508,31.030000686645508,31.030000686645508,60000
2020-10-15,30.052000045776367,30.369600296020508,29.70199966430664,30.18600082397461,30.18600082397461,57500
2020-10-16,30.787399291992188,30.964000701904297,29.97920036315918,29.97920036315918,29.97920036315918,37000
2020-10-19,30.393999099731445,30.520999908447266,28.858999252319336,29.034400939941406,29.034400939941406,144000
2020-10-20,29.23200035095215,29.75919914245605,29.0,29.48760032653809,29.48760032653809,57500
2020-10-21,30.29199981689453,30.52400016784668,29.92399978637696,30.00180053710937,30.00180053710937,70000
2020-10-22,29.17200088500977,29.85379981994629,29.121000289916992,29.777999877929688,29.777999877929688,32000
2020-10-23,29.5939998626709,30.18199920654297,29.393999099731445,30.18199920654297,30.18199920654297,30500
2020-10-26,30.225000381469727,30.412399291992188,28.78400039672852,29.298200607299805,29.298200607299805,63000
2020-10-27,29.44599914550781,30.607799530029297,29.44599914550781,30.607799530029297,30.607799530029297,115000
2020-10-28,29.58799934387207,29.58799934387207,28.0,28.0,28.0,172000
2020-10-29,29.073999404907227,30.131000518798828,28.76799964904785,29.916000366210938,29.916000366210938,117000
2020-10-30,28.34600067138672,28.420000076293945,26.299999237060547,26.4414005279541,26.4414005279541,148500
2020-11-02,26.530000686645508,27.45800018310547,26.06800079345703,26.614200592041016,26.614200592041016,75500
2020-11-03,26.277999877929688,27.520000457763672,26.277999877929688,27.354999542236328,27.354999542236328,32000
2020-11-04,28.540000915527344,29.799400329589844,28.52400016784668,29.605600357055664,29.605600357055664,88500
2020-11-05,30.42200088500977,31.312000274658203,30.36000061035156,31.166000366210938,31.166000366210938,82000
2020-11-06,31.200000762939453,31.200000762939453,30.107999801635746,31.091800689697266,31.091800689697266,43500
2020-11-09,31.39999961853028,31.63999938964844,29.131999969482425,29.131999969482425,29.131999969482425,79000
2020-11-10,28.45599937438965,28.45599937438965,27.04800033569336,27.65399932861328,27.65399932861328,38500
2020-11-11,27.94599914550781,28.71999931335449,27.808000564575195,28.718000411987305,28.718000411987305,43500
2020-11-12,28.82200050354004,29.17779922485352,28.36599922180176,28.36599922180176,28.36599922180176,29000
2020-11-13,28.53499984741211,28.53499984741211,28.00200080871582,28.49220085144043,28.49220085144043,19500
2020-11-16,27.753999710083008,28.92799949645996,27.753999710083008,28.5585994720459,28.5585994720459,38000
2020-11-17,29.11800003051757,29.11800003051757,28.713600158691406,28.713600158691406,28.713600158691406,11000
2020-11-18,28.722000122070312,29.538000106811523,28.714000701904297,29.007400512695312,29.007400512695312,30000
2020-11-19,28.996000289916992,29.198999404907227,28.996000289916992,29.138999938964844,29.138999938964844,9000
2020-11-20,29.13800048828125,29.26099967956543,29.04400062561035,29.06399917602539,29.06399917602539,17000
2020-11-23,29.65999984741211,29.65999984741211,28.600000381469727,28.90780067443848,28.90780067443848,37500
2020-11-24,28.94799995422364,30.005800247192383,28.94799995422364,30.005800247192383,30.005800247192383,15000
2020-11-25,29.95599937438965,30.722999572753903,29.902999877929688,30.722999572753903,30.722999572753903,19500
2020-11-27,31.54199981689453,31.54599952697754,31.15999984741211,31.25620079040528,31.25620079040528,18000
2020-11-30,31.631999969482425,31.631999969482425,29.83440017700196,30.66259956359864,30.66259956359864,27000
2020-12-01,31.92200088500977,32.15380096435547,31.27300071716309,31.89800071716309,31.89800071716309,39000
2020-12-02,30.864999771118164,32.06999969482422,30.864999771118164,32.012001037597656,32.012001037597656,60500
2020-12-03,32.38999938964844,32.551998138427734,32.152000427246094,32.18399810791016,32.18399810791016,94500
2020-12-04,32.67599868774414,32.67599868774414,32.22380065917969,32.22380065917969,32.22380065917969,6000
2020-12-07,32.827999114990234,33.20000076293945,32.827999114990234,33.137001037597656,33.137001037597656,52500
2020-12-08,33.566001892089844,33.566001892089844,32.36000061035156,33.09600067138672,33.09600067138672,33500
2020-12-09,33.59000015258789,33.59000015258789,31.573999404907227,31.869400024414062,31.869400024414062,63000
2020-12-10,31.128999710083008,33.13999938964844,31.07999992370605,33.13999938964844,33.13999938964844,38500
2020-12-11,32.448001861572266,33.03799819946289,32.448001861572266,32.94960021972656,32.94960021972656,17500
2020-12-14,33.45000076293945,34.073001861572266,33.45000076293945,33.78200149536133,33.78200149536133,42000
2020-12-15,34.24599838256836,35.1619987487793,34.220001220703125,35.15999984741211,35.15999984741211,95000
2020-12-16,35.7400016784668,35.81399917602539,35.38800048828125,35.71799850463867,35.71799850463867,20500
2020-12-17,35.97999954223633,36.400001525878906,35.729000091552734,36.38779830932617,36.38779830932617,35500
2020-12-18,36.900001525878906,36.900001525878906,36.22200012207031,36.33879852294922,36.33879852294922,54500
2020-12-21,36.20399856567383,36.21200180053711,35.450801849365234,36.184600830078125,36.184600830078125,36000
2020-12-22,36.21799850463867,36.21799850463867,35.19200134277344,35.94240188598633,35.94240188598633,32500
2020-12-23,35.572601318359375,35.76860046386719,35.37200164794922,35.76860046386719,35.76860046386719,18000
2020-12-24,34.904998779296875,35.12200164794922,34.529998779296875,34.71659851074219,34.71659851074219,118500
2020-12-28,35.04199981689453,36.0,35.04199981689453,35.88800048828125,35.88800048828125,83000
2020-12-29,36.39599990844727,36.604000091552734,36.09600067138672,36.41260147094727,36.41260147094727,61500
2020-12-30,37.0,37.47600173950195,36.792999267578125,37.41180038452149,37.41180038452149,40000
2020-12-31,37.59999847412109,37.59999847412109,37.07099914550781,37.07400131225586,37.07400131225586,20500
2021-01-04,37.78499984741211,37.88999938964844,35.93080139160156,36.69200134277344,36.69200134277344,21500
2021-01-05,37.33420181274414,37.34600067138672,37.00199890136719,37.30860137939453,37.30860137939453,45500
2021-01-06,35.8380012512207,36.99300003051758,35.19200134277344,35.26679992675781,35.26679992675781,149500
2021-01-07,36.167999267578125,37.164398193359375,36.167999267578125,37.11740112304688,37.11740112304688,19500
2021-01-08,38.141998291015625,39.31819915771485,38.141998291015625,39.31819915771485,39.31819915771485,16000
2021-01-11,37.57400131225586,37.7760009765625,36.26139831542969,36.26139831542969,36.26139831542969,45500
2021-01-12,36.391998291015625,37.12200164794922,36.391998291015625,36.86539840698242,36.86539840698242,42000
2021-01-13,37.512001037597656,37.77399826049805,37.45800018310547,37.56900024414063,37.56900024414063,13500
2021-01-14,37.97999954223633,38.299598693847656,37.25260162353516,37.25260162353516,37.25260162353516,15000
2021-01-15,37.667999267578125,37.681400299072266,36.37080001831055,36.37080001831055,36.37080001831055,13500
2021-01-19,37.2400016784668,37.99240112304688,37.20399856567383,37.98080062866211,37.98080062866211,21500
2021-01-20,40.46200180053711,42.09799957275391,40.46200180053711,41.69559860229492,41.69559860229492,131500
2021-01-21,42.03200149536133,42.03200149536133,41.54600143432617,41.74020004272461,41.74020004272461,28500
2021-01-22,41.5,42.0880012512207,41.5,41.84199905395508,41.84199905395508,30500
2021-01-25,43.06399917602539,43.32099914550781,40.44200134277344,42.44400024414063,42.44400024414063,83000
2021-01-26,42.900001525878906,43.18399810791016,42.65700149536133,42.838600158691406,42.838600158691406,30500
2021-01-27,41.95000076293945,41.95000076293945,39.92599868774414,39.92599868774414,39.92599868774414,74000
2021-01-28,40.2400016784668,41.167999267578125,40.11600112915039,40.39459991455078,40.39459991455078,31000
2021-01-29,39.41400146484375,39.900001525878906,37.68199920654297,38.41120147705078,38.41120147705078,44500
2021-02-01,39.63079833984375,40.88600158691406,39.3759994506836,40.81999969482422,40.81999969482422,35000
2021-02-02,41.540000915527344,42.422000885009766,41.540000915527344,42.08639907836914,42.08639907836914,44000
2021-02-03,42.88999938964844,43.45399856567383,42.56999969482422,42.56999969482422,42.56999969482422,38500
2021-02-04,43.26599884033203,43.54999923706055,42.74800109863281,43.54999923706055,43.54999923706055,16500
2021-02-05,43.61399841308594,44.42079925537109,43.01399993896485,44.242801666259766,44.242801666259766,35500
2021-02-08,44.93999862670898,45.19599914550781,44.91080093383789,45.09099960327149,45.09099960327149,21500
2021-02-09,44.70399856567383,46.744998931884766,44.70399856567383,46.00579833984375,46.00579833984375,33500
2021-02-10,47.29800033569336,48.40800094604492,46.0265998840332,47.5078010559082,47.5078010559082,74500
2021-02-11,47.970001220703125,48.266998291015625,47.641998291015625,48.08140182495117,48.08140182495117,38500
2021-02-12,48.33000183105469,48.95500183105469,47.310001373291016,48.95500183105469,48.95500183105469,40300
2021-02-16,49.0,50.18000030517578,49.0,49.54999923706055,49.54999923706055,19800
2021-02-17,48.5099983215332,48.66999816894531,46.900001525878906,48.13999938964844,48.13999938964844,36600
2021-02-18,46.59000015258789,47.369998931884766,45.70000076293945,47.06999969482422,47.06999969482422,38400
2021-02-19,47.77999877929688,48.65800094604492,47.178001403808594,48.20700073242188,48.20700073242188,23000
2021-02-22,46.54999923706055,48.08000183105469,45.65700149536133,45.72200012207031,45.72200012207031,17200
2021-02-23,43.0,45.86000061035156,39.95000076293945,45.36000061035156,45.36000061035156,58700
2021-02-24,44.790000915527344,45.38999938964844,43.91999816894531,45.20700073242188,45.20700073242188,23800
2021-02-25,45.34000015258789,46.18999862670898,41.650001525878906,42.310001373291016,42.310001373291016,116800
2021-02-26,43.02000045776367,44.1349983215332,41.37300109863281,42.27399826049805,42.27399826049805,15700
2021-03-01,44.00899887084961,44.619998931884766,43.33000183105469,44.59600067138672,44.59600067138672,26300
2021-03-02,44.540000915527344,45.04899978637695,43.0260009765625,43.0260009765625,43.0260009765625,15900
2021-03-03,43.060001373291016,43.13999938964844,39.7509994506836,39.8849983215332,39.8849983215332,38400
2021-03-04,39.56999969482422,40.34999847412109,36.5,37.47999954223633,37.47999954223633,56300
2021-03-05,38.22999954223633,38.4900016784668,34.02000045776367,38.209999084472656,38.209999084472656,57600
2021-03-08,38.06999969482422,38.209999084472656,34.310001373291016,34.34000015258789,34.34000015258789,83400
2021-03-09,36.66999816894531,39.0,36.4900016784668,38.93000030517578,38.93000030517578,63900
2021-03-10,40.29999923706055,40.29999923706055,37.45000076293945,37.900001525878906,37.900001525878906,38100
2021-03-11,39.63999938964844,40.81999969482422,39.25,40.73400115966797,40.73400115966797,49000
2021-03-12,39.119998931884766,39.650001525878906,38.34999847412109,39.650001525878906,39.650001525878906,20900
2021-03-15,39.150001525878906,40.400001525878906,38.900001525878906,40.400001525878906,40.400001525878906,10500
2021-03-16,40.84000015258789,41.66999816894531,39.90999984741211,40.417999267578125,40.417999267578125,30900
2021-03-17,39.2400016784668,42.08599853515625,39.130001068115234,41.54899978637695,41.54899978637695,32400
2021-03-18,40.470001220703125,40.5,38.584999084472656,38.70000076293945,38.70000076293945,67900
2021-03-19,38.880001068115234,39.125,37.97999954223633,38.930999755859375,38.930999755859375,10800
2021-03-22,39.5,40.61000061035156,39.290000915527344,39.970001220703125,39.970001220703125,15500
2021-03-23,39.869998931884766,40.5099983215332,39.59999847412109,39.68999862670898,39.68999862670898,12300
2021-03-24,39.45000076293945,39.45000076293945,37.119998931884766,37.119998931884766,37.119998931884766,29000
2021-03-25,37.150001525878906,37.150001525878906,35.11000061035156,35.439998626708984,35.439998626708984,29400
2021-03-26,35.09000015258789,35.55099868774414,33.58000183105469,35.55099868774414,35.55099868774414,20300
2021-03-29,35.7599983215332,36.56700134277344,35.40999984741211,36.33700180053711,36.33700180053711,12000
2021-03-30,35.95000076293945,36.79899978637695,35.900001525878906,36.61000061035156,36.61000061035156,5100
2021-03-31,37.560001373291016,38.380001068115234,37.560001373291016,38.0099983215332,38.0099983215332,7200
2021-04-01,39.25,39.7400016784668,38.775001525878906,38.98199844360352,38.98199844360352,24500
2021-04-05,40.11000061035156,40.77999877929688,39.68000030517578,40.59799957275391,40.59799957275391,13900
2021-04-06,40.7599983215332,41.560001373291016,40.7599983215332,41.06499862670898,41.06499862670898,17800
2021-04-07,40.73600006103516,41.85900115966797,40.56499862670898,41.53099822998047,41.53099822998047,7800
2021-04-08,42.34999847412109,42.79499816894531,42.2400016784668,42.68000030517578,42.68000030517578,13100
2021-04-09,42.09000015258789,42.68999862670898,42.09000015258789,42.68999862670898,42.68999862670898,6500
2021-04-12,42.97999954223633,43.84999847412109,42.67100143432617,43.70100021362305,43.70100021362305,19400
2021-04-13,44.06999969482422,45.470001220703125,44.0,45.34000015258789,45.34000015258789,111900
2021-04-14,45.68000030517578,45.68000030517578,43.27000045776367,43.400001525878906,43.400001525878906,42300
2021-04-15,44.52999877929688,45.11000061035156,44.220001220703125,45.11000061035156,45.11000061035156,30200
2021-04-16,44.93999862670898,44.93999862670898,43.93000030517578,44.47299957275391,44.47299957275391,27100
2021-04-19,43.810001373291016,44.380001068115234,42.97999954223633,43.24399948120117,43.24399948120117,97700
2021-04-20,43.18999862670898,43.375,41.720001220703125,42.41999816894531,42.41999816894531,23300
2021-04-21,41.32500076293945,42.6150016784668,41.290000915527344,42.6150016784668,42.6150016784668,11200
2021-04-22,42.68000030517578,42.73400115966797,41.06999969482422,41.13600158691406,41.13600158691406,14100
2021-04-23,41.630001068115234,42.77999877929688,41.630001068115234,42.67699813842773,42.67699813842773,9100
2021-04-26,42.7400016784668,43.06999969482422,42.45500183105469,43.0369987487793,43.0369987487793,9000
2021-04-27,43.20299911499024,43.40999984741211,42.57600021362305,42.57600021362305,42.57600021362305,9800
2021-04-28,43.400001525878906,43.40999984741211,42.79499816894531,42.79499816894531,42.79499816894531,4300
2021-04-29,44.45000076293945,44.45000076293945,42.36000061035156,43.03400039672852,43.03400039672852,7800
2021-04-30,41.31999969482422,42.15999984741211,41.31999969482422,41.50299835205078,41.50299835205078,11900
2021-05-03,41.290000915527344,41.90999984741211,40.5,40.5,40.5,9100
2021-05-04,40.0099983215332,40.11000061035156,37.95000076293945,38.959999084472656,38.959999084472656,18300
2021-05-05,39.47999954223633,39.88999938964844,38.4900016784668,38.516998291015625,38.516998291015625,16800
2021-05-06,38.68000030517578,38.880001068115234,38.040000915527344,38.880001068115234,38.880001068115234,11400
2021-05-07,39.5099983215332,39.874000549316406,39.18000030517578,39.21799850463867,39.21799850463867,8600
2021-05-10,38.58000183105469,38.58000183105469,36.31999969482422,36.34000015258789,36.34000015258789,77700
2021-05-11,34.27000045776367,36.65800094604492,34.27000045776367,36.65800094604492,36.65800094604492,25600
2021-05-12,35.91999816894531,36.25299835205078,34.63999938964844,34.64099884033203,34.64099884033203,14300
2021-05-13,35.17399978637695,35.17399978637695,34.11800003051758,34.150001525878906,34.150001525878906,8600
2021-05-14,34.939998626708984,36.03200149536133,34.939998626708984,36.03200149536133,36.03200149536133,21800
2021-05-17,35.744998931884766,36.06999969482422,35.189998626708984,35.959999084472656,35.959999084472656,7200
2021-05-18,36.52999877929688,36.869998931884766,35.59000015258789,35.59000015258789,35.59000015258789,7400
2021-05-19,34.38999938964844,35.55500030517578,34.38999938964844,35.55500030517578,35.55500030517578,13800
2021-05-20,36.02999877929688,37.36000061035156,36.02999877929688,37.28900146484375,37.28900146484375,13800
2021-05-21,37.869998931884766,37.869998931884766,36.69200134277344,36.69200134277344,36.69200134277344,6800
2021-05-24,37.16999816894531,38.68000030517578,37.16999816894531,38.354000091552734,38.354000091552734,20600
2021-05-25,39.08000183105469,39.08000183105469,38.34000015258789,38.47999954223633,38.47999954223633,11400
2021-05-26,38.90999984741211,39.2400016784668,38.83000183105469,38.992000579833984,38.992000579833984,3500
2021-05-27,39.119998931884766,39.22999954223633,38.65999984741211,39.07699966430664,39.07699966430664,4200
2021-05-28,39.22999954223633,39.650001525878906,39.119998931884766,39.40999984741211,39.40999984741211,6700
2021-06-01,39.83000183105469,40.0,39.06999969482422,39.51499938964844,39.51499938964844,12300
2021-06-02,39.5099983215332,39.70000076293945,39.20500183105469,39.56999969482422,39.56999969482422,9200
2021-06-03,38.88999938964844,39.08000183105469,38.209999084472656,38.402000427246094,38.402000427246094,19800
2021-06-04,39.09999847412109,40.06999969482422,39.02000045776367,39.99599838256836,39.99599838256836,7600
2021-06-07,39.77999877929688,40.18000030517578,39.459999084472656,40.172000885009766,40.172000885009766,4500
2021-06-08,40.59000015258789,40.59000015258789,39.56499862670898,40.02399826049805,40.02399826049805,16800
2021-06-09,40.2599983215332,40.43999862670898,39.77000045776367,39.77399826049805,39.77399826049805,28400
2021-06-10,39.970001220703125,40.369998931884766,39.71099853515625,40.369998931884766,40.369998931884766,3600
2021-06-11,40.43000030517578,40.619998931884766,40.36800003051758,40.56999969482422,40.56999969482422,8500
2021-06-14,40.75,41.59000015258789,40.46500015258789,41.5890007019043,41.5890007019043,19600
2021-06-15,41.75,41.75,40.77999877929688,40.86000061035156,40.86000061035156,6400
2021-06-16,40.85499954223633,41.02000045776367,39.79999923706055,40.6349983215332,40.6349983215332,17400
2021-06-17,40.36000061035156,42.380001068115234,40.36000061035156,42.14099884033203,42.14099884033203,18400
2021-06-18,41.71200180053711,42.380001068115234,41.71200180053711,41.92399978637695,41.92399978637695,15000
2021-06-21,40.77000045776367,41.90999984741211,40.7599983215332,41.90999984741211,41.90999984741211,13000
2021-06-22,41.959999084472656,43.26800155639648,41.959999084472656,43.18999862670898,43.18999862670898,71000
2021-06-23,43.58000183105469,44.540000915527344,43.58000183105469,44.369998931884766,44.369998931884766,13700
2021-06-24,45.18000030517578,46.02999877929688,45.13999938964844,45.380001068115234,45.380001068115234,22900
2021-06-25,46.18000030517578,46.27999877929688,45.380001068115234,45.959999084472656,45.959999084472656,24600
2021-06-28,46.369998931884766,47.59000015258789,46.369998931884766,47.492000579833984,47.492000579833984,19000
2021-06-29,46.88999938964844,47.63999938964844,46.66999816894531,47.63999938964844,47.63999938964844,21300
2021-06-30,47.36000061035156,47.459999084472656,47.15700149536133,47.15700149536133,47.15700149536133,6400
2021-07-01,47.31999969482422,47.31999969482422,46.61000061035156,46.99800109863281,46.99800109863281,7300
2021-07-02,47.20000076293945,47.58000183105469,46.93999862670898,47.54999923706055,47.54999923706055,11900
2021-07-06,47.54999923706055,47.56999969482422,46.54999923706055,47.516998291015625,47.516998291015625,10200
2021-07-07,48.025001525878906,48.025001525878906,46.65999984741211,46.65999984741211,46.65999984741211,38000
2021-07-08,44.630001068115234,45.41999816894531,44.0099983215332,45.209999084472656,45.209999084472656,31300
2021-07-09,45.665000915527344,46.65999984741211,45.5,46.65999984741211,46.65999984741211,4700
2021-07-12,46.88999938964844,47.40999984741211,46.79999923706055,47.290000915527344,47.290000915527344,17200
2021-07-13,47.7599983215332,48.505001068115234,47.18999862670898,47.32899856567383,47.32899856567383,10100
2021-07-14,48.34999847412109,48.34999847412109,47.31100082397461,47.31100082397461,47.31100082397461,19400
2021-07-15,47.310001373291016,47.310001373291016,45.86000061035156,46.39899826049805,46.39899826049805,23800
2021-07-16,46.33000183105469,46.33000183105469,44.5359992980957,44.71799850463867,44.71799850463867,44700
2021-07-19,43.13999938964844,44.25,43.02999877929688,43.75,43.75,19900
2021-07-20,43.96699905395508,45.56499862670898,43.6870002746582,45.334999084472656,45.334999084472656,13700
2021-07-21,45.77999877929688,45.77999877929688,45.02999877929688,45.68399810791016,45.68399810791016,31100
2021-07-22,46.20000076293945,46.2400016784668,45.900001525878906,46.15399932861328,46.15399932861328,6300
2021-07-23,46.56999969482422,46.97999954223633,45.52000045776367,46.823001861572266,46.823001861572266,23900
2021-07-26,46.25,46.25,45.36000061035156,45.68999862670898,45.68999862670898,12000
2021-07-27,45.125,45.27999877929688,42.95000076293945,44.35100173950195,44.35100173950195,39100
2021-07-28,45.31999969482422,46.33000183105469,44.59999847412109,45.959999084472656,45.959999084472656,14100
2021-07-29,46.040000915527344,46.31999969482422,45.790000915527344,46.02999877929688,46.02999877929688,4900
2021-07-30,44.81499862670898,45.290000915527344,44.61100006103516,45.0,45.0,5500
2021-08-02,45.650001525878906,46.13999938964844,45.470001220703125,45.47299957275391,45.47299957275391,6700
2021-08-03,44.65999984741211,45.38399887084961,44.470001220703125,45.38399887084961,45.38399887084961,7800
2021-08-04,45.5,46.18999862670898,45.5,46.06100082397461,46.06100082397461,26500
2021-08-05,46.02999877929688,46.709999084472656,45.86000061035156,46.709999084472656,46.709999084472656,9100
2021-08-06,46.38999938964844,46.72999954223633,45.43999862670898,45.72999954223633,45.72999954223633,42500
2021-08-09,45.95000076293945,45.98799896240234,45.43000030517578,45.875,45.875,10200
2021-08-10,45.95000076293945,46.11000061035156,45.11399841308594,45.17599868774414,45.17599868774414,7600
2021-08-11,45.619998931884766,45.619998931884766,44.4900016784668,44.81999969482422,44.81999969482422,7000
2021-08-12,44.45000076293945,45.02999877929688,43.900001525878906,45.0,45.0,14400
2021-08-13,44.88999938964844,45.09999847412109,44.56999969482422,44.75,44.75,11400
2021-08-16,43.84000015258789,43.84000015258789,42.650001525878906,43.76100158691406,43.76100158691406,9200
2021-08-17,42.5,42.970001220703125,41.43999862670898,41.79999923706055,41.79999923706055,32700
2021-08-18,42.130001068115234,42.560001373291016,41.79999923706055,41.93000030517578,41.93000030517578,11000
2021-08-19,40.97999954223633,42.310001373291016,40.79999923706055,41.25,41.25,28000
2021-08-20,41.97999954223633,42.630001068115234,41.709999084472656,42.400001525878906,42.400001525878906,40900
2021-08-23,42.16999816894531,44.540000915527344,42.16999816894531,44.380001068115234,44.380001068115234,15300
2021-08-24,45.20000076293945,45.80899810791016,45.02999877929688,45.59999847412109,45.59999847412109,11800
2021-08-25,45.36000061035156,45.720001220703125,45.2599983215332,45.720001220703125,45.720001220703125,10000
2021-08-26,45.709999084472656,45.84999847412109,44.900001525878906,44.97499847412109,44.97499847412109,12100
2021-08-27,45.0099983215332,45.91999816894531,44.959999084472656,45.86000061035156,45.86000061035156,7000
2021-08-30,46.209999084472656,47.41999816894531,46.209999084472656,47.34000015258789,47.34000015258789,18000
2021-08-31,47.400001525878906,47.834999084472656,47.02999877929688,47.67699813842773,47.67699813842773,77200
2021-09-01,48.04999923706055,49.41999816894531,48.04999923706055,48.88999938964844,48.88999938964844,8700
2021-09-02,49.08100128173828,49.36299896240234,48.16999816894531,48.28499984741211,48.28499984741211,14600
2021-09-03,48.06999969482422,48.720001220703125,47.93999862670898,48.70000076293945,48.70000076293945,18400
2021-09-07,49.45000076293945,50.30799865722656,49.45000076293945,50.060001373291016,50.060001373291016,74700
2021-09-08,48.93000030517578,48.93899917602539,48.209999084472656,48.84999847412109,48.84999847412109,8600
2021-09-09,48.630001068115234,49.05699920654297,48.43199920654297,48.43199920654297,48.43199920654297,1700
2021-09-10,49.380001068115234,49.380001068115234,47.59999847412109,47.65999984741211,47.65999984741211,11000
2021-09-13,47.709999084472656,47.709999084472656,46.27999877929688,47.08000183105469,47.08000183105469,51300
2021-09-14,47.09000015258789,47.20000076293945,46.44499969482422,46.4900016784668,46.4900016784668,73500
2021-09-15,46.0099983215332,47.18199920654297,45.52000045776367,47.18199920654297,47.18199920654297,4300
2021-09-16,46.709999084472656,47.09000015258789,46.20000076293945,46.77999877929688,46.77999877929688,4100
2021-09-17,47.0099983215332,47.0099983215332,46.25400161743164,46.62799835205078,46.62799835205078,1000
2021-09-20,44.560001373291016,44.91999816894531,42.58200073242188,43.79999923706055,43.79999923706055,86000
2021-09-21,44.150001525878906,44.59000015258789,43.90999984741211,44.16999816894531,44.16999816894531,22400
2021-09-22,44.209999084472656,45.5,44.209999084472656,45.380001068115234,45.380001068115234,7300
2021-09-23,45.77999877929688,46.310001373291016,45.29899978637695,46.29999923706055,46.29999923706055,16100
2021-09-24,45.38999938964844,46.055999755859375,45.08000183105469,46.055999755859375,46.055999755859375,16100
2021-09-27,45.4900016784668,46.18999862670898,44.900001525878906,45.92399978637695,45.92399978637695,3800
2021-09-28,44.95000076293945,45.20000076293945,43.38999938964844,43.69400024414063,43.69400024414063,18800
2021-09-29,43.9900016784668,44.367000579833984,42.9900016784668,42.9900016784668,42.9900016784668,5500
2021-09-30,43.70000076293945,43.93000030517578,43.150001525878906,43.2859992980957,43.2859992980957,13300
2021-10-01,43.2599983215332,43.59000015258789,42.40999984741211,43.49599838256836,43.49599838256836,3300
2021-10-04,42.04999923706055,42.04999923706055,40.59799957275391,40.82899856567383,40.82899856567383,9100
2021-10-05,41.119998931884766,43.09999847412109,41.119998931884766,42.685001373291016,42.685001373291016,5400
2021-10-06,41.81999969482422,43.43000030517578,41.81999969482422,43.43000030517578,43.43000030517578,8500
2021-10-07,44.7599983215332,45.72499847412109,44.72600173950195,45.15700149536133,45.15700149536133,5700
2021-10-08,45.66999816894531,45.7400016784668,45.54999923706055,45.58200073242188,45.58200073242188,4300
2021-10-11,45.72999954223633,46.09999847412109,45.16999816894531,45.16999816894531,45.16999816894531,11900
2021-10-12,45.40999984741211,45.5,44.59000015258789,44.70000076293945,44.70000076293945,4000
2021-10-13,45.20000076293945,45.65599822998047,45.20000076293945,45.57899856567383,45.57899856567383,4800
2021-10-14,46.61000061035156,46.68899917602539,46.43000030517578,46.68899917602539,46.68899917602539,12500
2021-10-15,46.93199920654297,47.32400131225586,46.93199920654297,47.32400131225586,47.32400131225586,1400
2021-10-18,47.90999984741211,49.27999877929688,47.900001525878906,49.23600006103516,49.23600006103516,38600
2021-10-19,49.75,50.810001373291016,49.75,50.69300079345703,50.69300079345703,21900
2021-10-20,51.09999847412109,51.130001068115234,50.119998931884766,50.41999816894531,50.41999816894531,11300
2021-10-21,50.27000045776367,51.4640007019043,50.27000045776367,51.4640007019043,51.4640007019043,3900
2021-10-22,50.7599983215332,51.290000915527344,49.77000045776367,50.20100021362305,50.20100021362305,11800
2021-10-25,50.59000015258789,51.880001068115234,50.40999984741211,51.68999862670898,51.68999862670898,4000
2021-10-26,52.56499862670898,53.310001373291016,51.31999969482422,51.47999954223633,51.47999954223633,14800
2021-10-27,51.22999954223633,51.7599983215332,50.77000045776367,50.77000045776367,50.77000045776367,7200
2021-10-28,51.47999954223633,52.08000183105469,51.11000061035156,51.992000579833984,51.992000579833984,4200
2021-10-29,51.2599983215332,52.220001220703125,51.09999847412109,52.220001220703125,52.220001220703125,5400
2021-11-01,52.83000183105469,54.13999938964844,52.790000915527344,54.13999938964844,54.13999938964844,10500
2021-11-02,53.130001068115234,53.37200164794922,52.48500061035156,52.880001068115234,52.880001068115234,5700
2021-11-03,53.13999938964844,54.65999984741211,53.040000915527344,54.65999984741211,54.65999984741211,12300
2021-11-04,55.5,57.0099983215332,55.45000076293945,56.0,56.0,13500
2021-11-05,56.59000015258789,56.66999816894531,55.04999923706055,55.141998291015625,55.141998291015625,7100
2021-11-08,54.93199920654297,55.72999954223633,54.93199920654297,55.31100082397461,55.31100082397461,44000
2021-11-09,56.04999923706055,56.2400016784668,53.040000915527344,53.42100143432617,53.42100143432617,56400
2021-11-10,52.09999847412109,54.0,51.33000183105469,52.41999816894531,52.41999816894531,10200
2021-11-11,53.665000915527344,54.06999969482422,53.52999877929688,53.70000076293945,53.70000076293945,2400
2021-11-12,53.290000915527344,54.45399856567383,52.70000076293945,54.45399856567383,54.45399856567383,2800
2021-11-15,54.5,54.5,53.65999984741211,54.15999984741211,54.15999984741211,8800
2021-11-16,54.540000915527344,55.060001373291016,54.36000061035156,55.04999923706055,55.04999923706055,19900
2021-11-17,55.400001525878906,55.400001525878906,53.82400131225586,54.07400131225586,54.07400131225586,2500
2021-11-18,54.470001220703125,54.619998931884766,53.47999954223633,53.97499847412109,53.97499847412109,8900
2021-11-19,54.5099983215332,54.959999084472656,54.5099983215332,54.85599899291992,54.85599899291992,6700
2021-11-22,55.65999984741211,56.5,52.81999969482422,52.81999969482422,52.81999969482422,23000
2021-11-23,53.040000915527344,53.040000915527344,50.79999923706055,52.209999084472656,52.209999084472656,56200
2021-11-24,51.45000076293945,53.2599983215332,50.7599983215332,53.220001220703125,53.220001220703125,11600
2021-11-26,52.150001525878906,52.150001525878906,50.9900016784668,51.209999084472656,51.209999084472656,21100
2021-11-29,52.97999954223633,53.04999923706055,52.22999954223633,53.04999923706055,53.04999923706055,18600
2021-11-30,52.92499923706055,53.13999938964844,50.540000915527344,51.2599983215332,51.2599983215332,22400
2021-12-01,52.540000915527344,52.540000915527344,48.40999984741211,48.40999984741211,48.40999984741211,14200
2021-12-02,48.310001373291016,49.209999084472656,47.77000045776367,48.619998931884766,48.619998931884766,13200
2021-12-03,47.709999084472656,47.709999084472656,44.28499984741211,44.95000076293945,44.95000076293945,55100
2021-12-06,44.77000045776367,47.34999847412109,43.709999084472656,47.21500015258789,47.21500015258789,12900
2021-12-07,49.25,50.41999816894531,49.25,50.22999954223633,50.22999954223633,26700
2021-12-08,50.150001525878906,50.82500076293945,49.9900016784668,50.82500076293945,50.82500076293945,7500
2021-12-09,51.16999816894531,51.459999084472656,48.9900016784668,48.9900016784668,48.9900016784668,10100
2021-12-10,48.959999084472656,49.17100143432617,48.0,49.17100143432617,49.17100143432617,6700
2021-12-13,48.310001373291016,48.91999816894531,46.52999877929688,46.71200180053711,46.71200180053711,11600
2021-12-14,45.54999923706055,46.33000183105469,45.0,46.31999969482422,46.31999969482422,6800
2021-12-15,46.040000915527344,47.992000579833984,44.06999969482422,47.992000579833984,47.992000579833984,14800
2021-12-16,48.54999923706055,48.54999923706055,44.720001220703125,45.071998596191406,45.071998596191406,52800
2021-12-17,44.33000183105469,45.77000045776367,43.81800079345703,44.83000183105469,44.83000183105469,16300
2021-12-20,43.220001220703125,43.650001525878906,42.56999969482422,43.20299911499024,43.20299911499024,58700
2021-12-21,44.119998931884766,45.9900016784668,43.459999084472656,45.9900016784668,45.9900016784668,39400
2021-12-22,45.470001220703125,46.93999862670898,45.150001525878906,46.93999862670898,46.93999862670898,22000
2021-12-23,46.93999862670898,48.150001525878906,46.51300048828125,47.900001525878906,47.900001525878906,8200
2021-12-27,49.560001373291016,49.5989990234375,49.0,49.0989990234375,49.0989990234375,10500
2021-12-28,48.80400085449219,48.81999969482422,48.310001373291016,48.34999847412109,48.34999847412109,6600
2021-12-29,47.72999954223633,47.72999954223633,47.13999938964844,47.62900161743164,47.62900161743164,25000
2021-12-30,49.03499984741211,49.57699966430664,48.8849983215332,48.8849983215332,48.8849983215332,2000
2021-12-31,48.86000061035156,48.86000061035156,47.595001220703125,47.595001220703125,47.595001220703125,5500
2022-01-03,48.70000076293945,49.72999954223633,48.70000076293945,49.70500183105469,49.70500183105469,56900
2022-01-04,49.790000915527344,49.790000915527344,46.970001220703125,48.04999923706055,48.04999923706055,158300
2022-01-05,47.40999984741211,48.540000915527344,44.86000061035156,44.86000061035156,44.86000061035156,63200
2022-01-06,44.470001220703125,45.959999084472656,43.95100021362305,45.38999938964844,45.38999938964844,11100
2022-01-07,45.68999862670898,46.31999969482422,44.709999084472656,44.84000015258789,44.84000015258789,3100
2022-01-10,43.709999084472656,45.06999969482422,42.16999816894531,45.06999969482422,45.06999969482422,107500
2022-01-11,44.66999816894531,46.5099983215332,44.209999084472656,46.34999847412109,46.34999847412109,76000
2022-01-12,47.59999847412109,48.0,46.7599983215332,47.470001220703125,47.470001220703125,20800
2022-01-13,47.56999969482422,47.56999969482422,43.88999938964844,44.04999923706055,44.04999923706055,57800
2022-01-14,43.33000183105469,44.91999816894531,43.33000183105469,44.880001068115234,44.880001068115234,76400
2022-01-18,42.959999084472656,44.150001525878906,42.380001068115234,42.79999923706055,42.79999923706055,86800
2022-01-19,43.33000183105469,43.7400016784668,41.93999862670898,41.93999862670898,41.93999862670898,76900
2022-01-20,43.59999847412109,44.23500061035156,41.560001373291016,41.72999954223633,41.72999954223633,45500
2022-01-21,39.56999969482422,40.15999984741211,37.220001220703125,37.400001525878906,37.400001525878906,161300
2022-01-24,35.36000061035156,36.81999969482422,31.979999542236328,36.81999969482422,36.81999969482422,227300
2022-01-25,35.130001068115234,36.38999938964844,34.41999816894531,34.91999816894531,34.91999816894531,81000
2022-01-26,37.09000015258789,37.27000045776367,33.90999984741211,34.790000915527344,34.790000915527344,67600
2022-01-27,35.84000015258789,36.02000045776367,33.689998626708984,33.75,33.75,86300
2022-01-28,34.310001373291016,35.720001220703125,32.91999816894531,35.68000030517578,35.68000030517578,106300
2022-01-31,36.59999847412109,39.869998931884766,36.369998931884766,39.869998931884766,39.869998931884766,69000
2022-02-01,40.83000183105469,40.83000183105469,39.02999877929688,40.7599983215332,40.7599983215332,77600
2022-02-02,42.45000076293945,42.45000076293945,39.97999954223633,40.6870002746582,40.6870002746582,47600
2022-02-03,37.15999984741211,38.36000061035156,36.15999984741211,36.15999984741211,36.15999984741211,108600
2022-02-04,36.77999877929688,38.29999923706055,35.88999938964844,38.02999877929688,38.02999877929688,24100
2022-02-07,37.369998931884766,37.91999816894531,36.08000183105469,36.27000045776367,36.27000045776367,75100
2022-02-08,36.209999084472656,37.72999954223633,36.04999923706055,37.709999084472656,37.709999084472656,62100
2022-02-09,38.56999969482422,39.5099983215332,38.22999954223633,39.5099983215332,39.5099983215332,52600
2022-02-10,37.86000061035156,39.68000030517578,37.40999984741211,38.13999938964844,38.13999938964844,93000
2022-02-11,37.959999084472656,38.27999877929688,34.95000076293945,35.220001220703125,35.220001220703125,77000
2022-02-14,34.90999984741211,36.380001068115234,34.7599983215332,35.619998931884766,35.619998931884766,73800
2022-02-15,36.93999862670898,37.97999954223633,36.79999923706055,37.97999954223633,37.97999954223633,29800
2022-02-16,37.31999969482422,38.0,36.810001373291016,37.84000015258789,37.84000015258789,23900
2022-02-17,37.0099983215332,37.68000030517578,35.400001525878906,35.779998779296875,35.779998779296875,35900
2022-02-18,35.47999954223633,35.529998779296875,33.36000061035156,33.88999938964844,33.88999938964844,97000
2022-02-22,32.75,33.68000030517578,31.559999465942383,32.22999954223633,32.22999954223633,83000
2022-02-23,33.15999984741211,33.459999084472656,30.290000915527344,30.559999465942383,30.559999465942383,77100
2022-02-24,27.239999771118164,32.65999984741211,27.239999771118164,32.65999984741211,32.65999984741211,114900
2022-02-25,32.38399887084961,33.099998474121094,31.32900047302246,33.099998474121094,33.099998474121094,47300
2022-02-28,32.38999938964844,33.88999938964844,32.13999938964844,33.47999954223633,33.47999954223633,74900
2022-03-01,33.97999954223633,34.900001525878906,33.04999923706055,33.369998931884766,33.369998931884766,41100
2022-03-02,33.45000076293945,33.97999954223633,32.2599983215332,33.779998779296875,33.779998779296875,50800
2022-03-03,34.189998626708984,34.31999969482422,31.809999465942383,32.4900016784668,32.4900016784668,29600
2022-03-04,31.75,32.2400016784668,30.350000381469727,30.87800025939941,30.87800025939941,80800
2022-03-07,30.68000030517578,31.1299991607666,28.14999961853028,28.14999961853028,28.14999961853028,38700
2022-03-08,28.020000457763672,29.6299991607666,27.01799964904785,28.0,28.0,89300
2022-03-09,29.479999542236328,30.56999969482422,29.059999465942383,30.3759994506836,30.3759994506836,38900
2022-03-10,29.450000762939453,29.57999992370605,28.299999237060547,29.57999992370605,29.57999992370605,51500
2022-03-11,29.43000030517578,29.739999771118164,26.420000076293945,26.420000076293945,26.420000076293945,69500
2022-03-14,25.51000022888184,26.38999938964844,24.43000030517578,24.450000762939453,24.450000762939453,89800
2022-03-15,24.739999771118164,26.299999237060547,24.239999771118164,25.850000381469727,25.850000381469727,92700
2022-03-16,28.350000381469727,31.5,28.01000022888184,31.489999771118164,31.489999771118164,182800
2022-03-17,30.540000915527344,31.93000030517578,30.030000686645508,31.8700008392334,31.8700008392334,40500
2022-03-18,31.959999084472656,34.290000915527344,31.850000381469727,34.06999969482422,34.06999969482422,43000
2022-03-21,33.459999084472656,34.290000915527344,32.58000183105469,33.560001373291016,33.560001373291016,47700
2022-03-22,34.630001068115234,36.27999877929688,34.439998626708984,36.08000183105469,36.08000183105469,63600
2022-03-23,35.540000915527344,37.06999969482422,35.0,35.61000061035156,35.61000061035156,76600
2022-03-24,35.7400016784668,36.66999816894531,34.77000045776367,36.66999816894531,36.66999816894531,59400
2022-03-25,36.150001525878906,36.4900016784668,35.2400016784668,36.33000183105469,36.33000183105469,33000
2022-03-28,36.720001220703125,37.757999420166016,36.33000183105469,37.755001068115234,37.755001068115234,69300
2022-03-29,38.91999816894531,39.290000915527344,37.88999938964844,38.869998931884766,38.869998931884766,41800
2022-03-30,38.36000061035156,39.02000045776367,37.5,37.81999969482422,37.81999969482422,46400
2022-03-31,37.52999877929688,37.52999877929688,35.63999938964844,35.66999816894531,35.66999816894531,32000
2022-04-01,37.0,37.09000015258789,35.70000076293945,36.43999862670898,36.43999862670898,53900
2022-04-04,36.970001220703125,39.2400016784668,36.810001373291016,39.2400016784668,39.2400016784668,46800
2022-04-05,38.58000183105469,38.58000183105469,36.38999938964844,36.55199813842773,36.55199813842773,33700
2022-04-06,35.0099983215332,35.5,33.45000076293945,34.08000183105469,34.08000183105469,145700
2022-04-07,33.84000015258789,34.25,32.494998931884766,33.79999923706055,33.79999923706055,48900
2022-04-08,33.16999816894531,33.29999923706055,32.340999603271484,32.340999603271484,32.340999603271484,18500
2022-04-11,31.059999465942383,31.489999771118164,30.1299991607666,30.1299991607666,30.1299991607666,53500
2022-04-12,31.39999961853028,31.770000457763672,29.770000457763672,30.0,30.0,98500
2022-04-13,29.86000061035156,31.39999961853028,29.59000015258789,31.200000762939453,31.200000762939453,28000
2022-04-14,30.979999542236328,30.979999542236328,29.229999542236328,29.229999542236328,29.229999542236328,35400
2022-04-18,28.950000762939453,29.690000534057617,28.700000762939453,29.34000015258789,29.34000015258789,47500
2022-04-19,29.059999465942383,30.59000015258789,28.57999992370605,30.440000534057617,30.440000534057617,28200
2022-04-20,28.93000030517578,28.940000534057617,26.5,26.63999938964844,26.63999938964844,128400
2022-04-21,27.26000022888184,28.020000457763672,25.040000915527344,25.239999771118164,25.239999771118164,29300
2022-04-22,25.40999984741211,26.030000686645508,24.170000076293945,24.170000076293945,24.170000076293945,51500
2022-04-25,23.459999084472656,24.549999237060547,23.3799991607666,24.51000022888184,24.51000022888184,61200
2022-04-26,24.26000022888184,24.31999969482422,22.190000534057617,22.190000534057617,22.190000534057617,47100
2022-04-27,22.18000030517578,23.209999084472656,22.170000076293945,22.309999465942383,22.309999465942383,31300
2022-04-28,23.670000076293945,24.65999984741211,22.559999465942383,24.39999961853028,24.39999961853028,71500
2022-04-29,24.690000534057617,25.459999084472656,22.88999938964844,22.979999542236328,22.979999542236328,53900
2022-05-02,22.770000457763672,24.3799991607666,22.520000457763672,24.36000061035156,24.36000061035156,71000
2022-05-03,24.21999931335449,24.809999465942383,23.989999771118164,24.440000534057617,24.440000534057617,30100
2022-05-04,24.13999938964844,26.14999961853028,23.350000381469727,26.040000915527344,26.040000915527344,83600
2022-05-05,24.920000076293945,24.989999771118164,22.200000762939453,22.780000686645508,22.780000686645508,125600
2022-05-06,22.32999992370605,22.799999237060547,21.21999931335449,21.84000015258789,21.84000015258789,48300
2022-05-09,20.670000076293945,21.0,19.229999542236328,19.38999938964844,19.38999938964844,88300
2022-05-10,20.600000381469727,20.709999084472656,19.270000457763672,19.940000534057617,19.940000534057617,63600
2022-05-11,19.799999237060547,20.5,18.15999984741211,18.280000686645508,18.280000686645508,67100
2022-05-12,17.68000030517578,19.13999938964844,16.899999618530273,18.21999931335449,18.21999931335449,125900
2022-05-13,19.06999969482422,20.170000076293945,18.88999938964844,20.1200008392334,20.1200008392334,102900
2022-05-16,19.979999542236328,20.26000022888184,19.489999771118164,19.6299991607666,19.6299991607666,29900
2022-05-17,20.81999969482422,21.07999992370605,20.14999961853028,20.96999931335449,20.96999931335449,63000
2022-05-18,20.14999961853028,20.38999938964844,18.6200008392334,18.6200008392334,18.6200008392334,34300
2022-05-19,18.530000686645508,19.489999771118164,18.530000686645508,18.809999465942383,18.809999465942383,23200
2022-05-20,19.34000015258789,19.5,17.450000762939453,18.489999771118164,18.489999771118164,26300
2022-05-23,18.51000022888184,19.020000457763672,18.020000457763672,19.01000022888184,19.01000022888184,56000
2022-05-24,17.8700008392334,17.8700008392334,16.760000228881836,17.299999237060547,17.299999237060547,97100
2022-05-25,17.18000030517578,18.18000030517578,17.18000030517578,17.93000030517578,17.93000030517578,13300
2022-05-26,18.11000061035156,20.200000762939453,18.07999992370605,20.15999984741211,20.15999984741211,38200
2022-05-27,20.270000457763672,21.309999465942383,20.229999542236328,21.309999465942383,21.309999465942383,42200
2022-05-31,21.89999961853028,22.21999931335449,21.09000015258789,21.64999961853028,21.64999961853028,69200
2022-06-01,21.950000762939453,22.459999084472656,21.0,21.249000549316406,21.249000549316406,25300
2022-06-02,21.01000022888184,22.858999252319336,20.88999938964844,22.82999992370605,22.82999992370605,24900
2022-06-03,21.770000457763672,21.97100067138672,20.940000534057617,21.1299991607666,21.1299991607666,26300
2022-06-06,22.21999931335449,22.63999938964844,21.39999961853028,21.78400039672852,21.78400039672852,29000
2022-06-07,21.239999771118164,22.46999931335449,21.13999938964844,22.3799991607666,22.3799991607666,19000
2022-06-08,22.559999465942383,23.61000061035156,22.459999084472656,23.15999984741211,23.15999984741211,25200
2022-06-09,22.600000381469727,23.209999084472656,21.25,21.25,21.25,38200
2022-06-10,20.89999961853028,20.89999961853028,19.715999603271484,19.770000457763672,19.770000457763672,16000
2022-06-13,18.11000061035156,18.11000061035156,17.1299991607666,17.231000900268555,17.231000900268555,19300
2022-06-14,17.5049991607666,18.09000015258789,17.5049991607666,17.83799934387207,17.83799934387207,5300
2022-06-15,18.3799991607666,19.604999542236328,18.34000015258789,19.117000579833984,19.117000579833984,18600
2022-06-16,17.90999984741211,18.04899978637696,17.045000076293945,17.243999481201172,17.243999481201172,10900
2022-06-17,17.860000610351562,18.15900039672852,17.309999465942383,17.87299919128418,17.87299919128418,20400
2022-06-21,18.559999465942383,19.280000686645508,18.559999465942383,18.7509994506836,18.7509994506836,7900
2022-06-22,18.40999984741211,19.479999542236328,18.40999984741211,18.788000106811523,18.788000106811523,9400
2022-06-23,18.950000762939453,19.5,18.61000061035156,19.43099975585937,19.43099975585937,11200
2022-06-24,19.940000534057617,21.073999404907227,19.940000534057617,21.073999404907227,21.073999404907227,14800
2022-06-27,21.59000015258789,21.59000015258789,20.739999771118164,20.86800003051757,20.86800003051757,17200
2022-06-28,21.125,21.26000022888184,19.410999298095703,19.410999298095703,19.410999298095703,26400
2022-06-29,19.26000022888184,19.40999984741211,18.957000732421875,19.30900001525879,19.30900001525879,5400
2022-06-30,18.448999404907227,19.01000022888184,17.899999618530273,18.61000061035156,18.61000061035156,22700
2022-07-01,18.32299995422364,18.86000061035156,18.32299995422364,18.83099937438965,18.83099937438965,16300
2022-07-05,18.059999465942383,20.0,18.040000915527344,19.968000411987305,19.968000411987305,12500
2022-07-06,19.59000015258789,20.27400016784668,19.42399978637696,19.97800064086914,19.97800064086914,8600
2022-07-07,20.82999992370605,21.21500015258789,20.809999465942383,21.21500015258789,21.21500015258789,2700
2022-07-08,20.729999542236328,21.5,20.670000076293945,21.1259994506836,21.1259994506836,4700
2022-07-11,19.256000518798828,19.670000076293945,19.14200019836425,19.14200019836425,19.14200019836425,14600
2022-07-12,19.3799991607666,19.3799991607666,18.71999931335449,18.81800079345703,18.81800079345703,5100
2022-07-13,18.09000015258789,19.1299991607666,18.09000015258789,18.940000534057617,18.940000534057617,12300
2022-07-14,18.26000022888184,18.600000381469727,18.14999961853028,18.600000381469727,18.600000381469727,9500
2022-07-15,18.81999969482422,19.26000022888184,18.71999931335449,19.26000022888184,19.26000022888184,5900
2022-07-18,19.89999961853028,20.420000076293945,19.25,19.25,19.25,9100
2022-07-19,19.90999984741211,20.61599922180176,19.38999938964844,20.61599922180176,20.61599922180176,8400
2022-07-20,20.920000076293945,21.614999771118164,20.63999938964844,21.540000915527344,21.540000915527344,19100
2022-07-21,21.775999069213867,22.516000747680664,21.479999542236328,22.51000022888184,22.51000022888184,79600
2022-07-22,22.030000686645508,22.31999969482422,20.989999771118164,21.229999542236328,21.229999542236328,16500
2022-07-25,21.02199935913086,21.02199935913086,20.559999465942383,20.83300018310547,20.83300018310547,69900
2022-07-26,20.402999877929688,20.49300003051757,19.69499969482422,19.82099914550781,19.82099914550781,14100
2022-07-27,20.600000381469727,22.0,20.600000381469727,21.8700008392334,21.8700008392334,14800
2022-07-28,21.82999992370605,21.96999931335449,20.8700008392334,21.96999931335449,21.96999931335449,7400
2022-07-29,21.979999542236328,22.600000381469727,21.979999542236328,22.474000930786133,22.474000930786133,4600
2022-08-01,22.01000022888184,23.100000381469727,22.01000022888184,22.450000762939453,22.450000762939453,38900
2022-08-02,21.93000030517578,22.93899917602539,21.86000061035156,22.3799991607666,22.3799991607666,8100
2022-08-03,23.03300094604492,23.700000762939453,23.03199958801269,23.690000534057617,23.690000534057617,7700
2022-08-04,24.11000061035156,24.32999992370605,23.690000534057617,24.190000534057617,24.190000534057617,7700
2022-08-05,23.30500030517578,23.540000915527344,22.92399978637696,23.229999542236328,23.229999542236328,6100
2022-08-08,23.350000381469727,24.01000022888184,23.01000022888184,23.01000022888184,23.01000022888184,2700
2022-08-09,22.40999984741211,22.520000457763672,22.13999938964844,22.299999237060547,22.299999237060547,6200
2022-08-10,23.709999084472656,24.1200008392334,23.3799991607666,24.1200008392334,24.1200008392334,7900
2022-08-11,24.489999771118164,25.132999420166016,23.82999992370605,23.86000061035156,23.86000061035156,4400
2022-08-12,23.93000030517578,24.875,23.93000030517578,24.875,24.875,3800
2022-08-15,24.68000030517578,25.23200035095215,24.66900062561035,25.21699905395508,25.21699905395508,11400
2022-08-16,25.07999992370605,25.200000762939453,24.520000457763672,24.91900062561035,24.91900062561035,4300
2022-08-17,24.270000457763672,24.270000457763672,23.84000015258789,24.1200008392334,24.1200008392334,3300
2022-08-18,23.799999237060547,24.450000762939453,23.75,24.143999099731445,24.143999099731445,5300
2022-08-19,23.1200008392334,23.14699935913086,22.940000534057617,23.14699935913086,23.14699935913086,2100
2022-08-22,22.5,22.5,21.770000457763672,21.86400032043457,21.86400032043457,13100
2022-08-23,21.809999465942383,22.25,21.65999984741211,21.98200035095215,21.98200035095215,2000
2022-08-24,22.700000762939453,22.72900009155273,22.38999938964844,22.38999938964844,22.38999938964844,6700
2022-08-25,22.9060001373291,23.725000381469727,22.66699981689453,23.725000381469727,23.725000381469727,7800
2022-08-26,23.979999542236328,23.979999542236328,21.78499984741211,21.78499984741211,21.78499984741211,11400
2022-08-29,21.38999938964844,21.905000686645508,21.309999465942383,21.309999465942383,21.309999465942383,9900
2022-08-30,21.100000381469727,21.100000381469727,20.045000076293945,20.367000579833984,20.367000579833984,5600
2022-08-31,21.299999237060547,21.350000381469727,20.56999969482422,20.56999969482422,20.56999969482422,4300
2022-09-01,20.270000457763672,20.57999992370605,19.38800048828125,20.57999992370605,20.57999992370605,6600
2022-09-02,20.350000381469727,20.71999931335449,19.58300018310547,19.729999542236328,19.729999542236328,3500
2022-09-06,19.56999969482422,19.56999969482422,18.81999969482422,19.100000381469727,19.100000381469727,9800
2022-09-07,19.450000762939453,20.05599975585937,19.450000762939453,20.05599975585937,20.05599975585937,1900
2022-09-08,20.0,20.059999465942383,19.3799991607666,20.01099967956543,20.01099967956543,6400
2022-09-09,20.90399932861328,21.21299934387207,20.90399932861328,21.179000854492188,21.179000854492188,3500
2022-09-12,21.39999961853028,21.799999237060547,21.32999992370605,21.799999237060547,21.799999237060547,9600
2022-09-13,20.229999542236328,20.229999542236328,18.89999961853028,18.98200035095215,18.98200035095215,13200
2022-09-14,18.86000061035156,19.20400047302246,18.86000061035156,19.20400047302246,19.20400047302246,1700
2022-09-15,19.049999237060547,19.489999771118164,18.950000762939453,19.06999969482422,19.06999969482422,9300
2022-09-16,18.56999969482422,18.75,18.160999298095703,18.75,18.75,7700
2022-09-19,18.690000534057617,19.242000579833984,18.690000534057617,19.209999084472656,19.209999084472656,29700
2022-09-20,19.100000381469727,19.100000381469727,18.75,18.89999961853028,18.89999961853028,5900
2022-09-21,18.632999420166016,19.25,17.959999084472656,17.959999084472656,17.959999084472656,11900
2022-09-22,17.84000015258789,17.84000015258789,17.56800079345703,17.56999969482422,17.56999969482422,3100
2022-09-23,17.09000015258789,17.09000015258789,16.43000030517578,16.850000381469727,16.850000381469727,9300
2022-09-26,16.739999771118164,17.200000762939453,16.610000610351562,16.610000610351562,16.610000610351562,18300
2022-09-27,17.110000610351562,17.299999237060547,16.440000534057617,16.68000030517578,16.68000030517578,15400
2022-09-28,17.172000885009766,17.709999084472656,17.172000885009766,17.709999084472656,17.709999084472656,7300
2022-09-29,16.607999801635742,16.607999801635742,16.149999618530273,16.520000457763672,16.520000457763672,13700
2022-09-30,16.299999237060547,17.100000381469727,16.06999969482422,16.06999969482422,16.06999969482422,7000
2022-10-03,15.996999740600586,16.729999542236328,15.996999740600586,16.524999618530273,16.524999618530273,5100
2022-10-04,17.43000030517578,17.760000228881836,17.15999984741211,17.516000747680664,17.516000747680664,4300
2022-10-05,16.531999588012695,17.361000061035156,16.531999588012695,17.361000061035156,17.361000061035156,1800
2022-10-06,17.18000030517578,17.40999984741211,17.18000030517578,17.281999588012695,17.281999588012695,3200
2022-10-07,16.239999771118164,16.239999771118164,15.699999809265137,15.710000038146973,15.710000038146973,6600
2022-10-10,15.0,15.494999885559082,15.0,15.347000122070312,15.347000122070312,3100
2022-10-11,14.949999809265137,15.020000457763672,14.33199977874756,14.43000030517578,14.43000030517578,10700
2022-10-12,14.470000267028809,14.579999923706056,14.402000427246094,14.480999946594238,14.480999946594238,8300
2022-10-13,13.380000114440918,15.09000015258789,13.36400032043457,15.050000190734863,15.050000190734863,38000
2022-10-14,14.369999885559082,14.473999977111816,13.890000343322754,13.890000343322754,13.890000343322754,17000
2022-10-17,14.979999542236328,15.380000114440918,14.979999542236328,15.239999771118164,15.239999771118164,7100
2022-10-18,16.100000381469727,16.100000381469727,14.970000267028809,15.34000015258789,15.34000015258789,7200
2022-10-19,15.489999771118164,15.829999923706056,15.260000228881836,15.260000228881836,15.260000228881836,7500
2022-10-20,15.869999885559082,15.869999885559082,15.05500030517578,15.05500030517578,15.05500030517578,2900
2022-10-21,14.770000457763672,15.75,14.770000457763672,15.75,15.75,5400
2022-10-24,14.949999809265137,15.199999809265137,14.229999542236328,15.140000343322754,15.140000343322754,9200
2022-10-25,15.824999809265137,15.967000007629396,15.824999809265137,15.95400047302246,15.95400047302246,4000
2022-10-26,15.300000190734863,16.0,15.260000228881836,15.289999961853027,15.289999961853027,8200
2022-10-27,14.539999961853027,14.760000228881836,13.989999771118164,13.989999771118164,13.989999771118164,8800
2022-10-28,13.640000343322754,14.329999923706056,13.640000343322754,14.329999923706056,14.329999923706056,10500
2022-10-31,13.664999961853027,13.861000061035156,13.664999961853027,13.861000061035156,13.861000061035156,1500
2022-11-01,13.899999618530272,13.899999618530272,13.609999656677246,13.609999656677246,13.609999656677246,1500
2022-11-02,13.760000228881836,13.760000228881836,12.664999961853027,12.664999961853027,12.664999961853027,3200
2022-11-03,12.475000381469728,12.600000381469728,12.239999771118164,12.239999771118164,12.239999771118164,2500
2022-11-04,13.109999656677246,13.109999656677246,12.359999656677246,12.829999923706056,12.829999923706056,4900
2022-11-07,12.90999984741211,12.9399995803833,12.90999984741211,12.930999755859377,12.930999755859377,7300
2022-11-08,12.880000114440918,12.982999801635742,12.609999656677246,12.982999801635742,12.982999801635742,3200
2022-11-09,12.68000030517578,12.68000030517578,12.098999977111816,12.098999977111816,12.098999977111816,1300
2022-11-10,13.420000076293944,14.33199977874756,13.420000076293944,14.33199977874756,14.33199977874756,9100
2022-11-11,14.449999809265137,15.229999542236328,14.375,15.229999542236328,15.229999542236328,8000
2022-11-14,15.1899995803833,15.654000282287598,15.178999900817873,15.178999900817873,15.178999900817873,2200
2022-11-15,16.34000015258789,16.5,15.949999809265137,16.3799991607666,16.3799991607666,12500
2022-11-16,15.9399995803833,15.9399995803833,15.520000457763672,15.529999732971191,15.529999732971191,7900
2022-11-17,14.859999656677246,15.710000038146973,14.859999656677246,15.59000015258789,15.59000015258789,3000
2022-11-18,15.6899995803833,15.6899995803833,14.868000030517578,15.04300022125244,15.04300022125244,5600
2022-11-21,14.789999961853027,14.789999961853027,14.44499969482422,14.496999740600586,14.496999740600586,7700
2022-11-22,14.5649995803833,14.864999771118164,14.5649995803833,14.864999771118164,14.864999771118164,600
2022-11-23,15.140000343322754,15.44200038909912,15.140000343322754,15.44200038909912,15.44200038909912,3100
2022-11-25,14.991999626159668,14.991999626159668,14.975000381469728,14.975000381469728,14.975000381469728,300
2022-11-28,14.6899995803833,15.074999809265137,14.503999710083008,14.595999717712402,14.595999717712402,1700
2022-11-29,14.899999618530272,14.899999618530272,14.5,14.661999702453612,14.661999702453612,8100
2022-11-30,15.15999984741211,16.732999801635742,15.149999618530272,16.732999801635742,16.732999801635742,24300
2022-12-01,16.770999908447266,17.100000381469727,16.770999908447266,17.006999969482422,17.006999969482422,2800
2022-12-02,17.09000015258789,17.34000015258789,16.95800018310547,17.275999069213867,17.275999069213867,8700
2022-12-05,17.209999084472656,17.209999084472656,16.680999755859375,16.809999465942383,16.809999465942383,4000
2022-12-06,16.760000228881836,16.760000228881836,15.920000076293944,16.04199981689453,16.04199981689453,5400
2022-12-07,15.699999809265137,15.777000427246094,15.5649995803833,15.753000259399414,15.753000259399414,6000
2022-12-08,16.450000762939453,16.548999786376953,16.25200080871582,16.523000717163086,16.523000717163086,5900
2022-12-09,17.0,17.0,16.481000900268555,16.481000900268555,16.481000900268555,1600
2022-12-12,16.06999969482422,16.389999389648438,15.968000411987305,16.389999389648438,16.389999389648438,2200
2022-12-13,17.93000030517578,17.93000030517578,16.739999771118164,17.040000915527344,17.040000915527344,11500
2022-12-14,17.226999282836914,17.260000228881836,16.469999313354492,16.79800033569336,16.79800033569336,5400
2022-12-15,15.795000076293944,15.795000076293944,15.210000038146973,15.220999717712402,15.220999717712402,4500
2022-12-16,15.399999618530272,15.399999618530272,14.92199993133545,15.04699993133545,15.04699993133545,6600
2022-12-19,14.751999855041504,14.817999839782717,14.324999809265137,14.387999534606934,14.387999534606934,6000
2022-12-20,14.125,14.378999710083008,14.109999656677246,14.279999732971191,14.279999732971191,3200
2022-12-21,14.40999984741211,15.020000457763672,14.40999984741211,14.899999618530272,14.899999618530272,1900
2022-12-22,14.335000038146973,14.335000038146973,13.390000343322754,13.77299976348877,13.77299976348877,4800
2022-12-23,13.369999885559082,13.77299976348877,13.369999885559082,13.77299976348877,13.77299976348877,2600
2022-12-27,13.510000228881836,13.510000228881836,12.880000114440918,12.880000114440918,12.880000114440918,14300
2022-12-28,12.81999969482422,13.017000198364258,12.600000381469728,12.729999542236328,12.729999542236328,5700
2022-12-29,13.550000190734863,13.720000267028809,13.539999961853027,13.654000282287598,13.654000282287598,6800
2022-12-30,13.260000228881836,13.68000030517578,13.220000267028809,13.539999961853027,13.539999961853027,16300
2023-01-03,13.71399974822998,13.71399974822998,13.0600004196167,13.260000228881836,13.260000228881836,6400
2023-01-04,13.3100004196167,13.489999771118164,12.979999542236328,13.368000030517578,13.368000030517578,6600
2023-01-05,12.8100004196167,13.079999923706056,12.729999542236328,12.744999885559082,12.744999885559082,8200
2023-01-06,12.760000228881836,13.43000030517578,12.760000228881836,13.371000289916992,13.371000289916992,6300
2023-01-09,14.0,14.619999885559082,14.0,14.048999786376951,14.048999786376951,14700
2023-01-10,13.960000038146973,14.539999961853027,13.960000038146973,14.538000106811523,14.538000106811523,3100
2023-01-11,14.550000190734863,15.107000350952148,14.550000190734863,15.107000350952148,15.107000350952148,8100
2023-01-12,15.34000015258789,15.5600004196167,14.800000190734863,15.5,15.5,17900
2023-01-13,15.029999732971191,15.736000061035156,15.029999732971191,15.736000061035156,15.736000061035156,2900
2023-01-17,16.0,16.110000610351562,15.899999618530272,16.0,16.0,11100
2023-01-18,16.31999969482422,16.31999969482422,15.550000190734863,15.630000114440918,15.630000114440918,5700
2023-01-19,15.210000038146973,15.40999984741211,15.010000228881836,15.029999732971191,15.029999732971191,6800
2023-01-20,15.75,16.530000686645508,15.75,16.530000686645508,16.530000686645508,5500
2023-01-23,16.809999465942383,17.8700008392334,16.809999465942383,17.8700008392334,17.8700008392334,3100
2023-01-24,17.540000915527344,17.65999984741211,17.479999542236328,17.635000228881836,17.635000228881836,4200
2023-01-25,16.850000381469727,17.54800033569336,16.540000915527344,17.54800033569336,17.54800033569336,11300
2023-01-26,18.143999099731445,18.600000381469727,18.143999099731445,18.600000381469727,18.600000381469727,5500
2023-01-27,18.48500061035156,19.81999969482422,18.48500061035156,19.61000061035156,19.61000061035156,2100
2023-01-30,19.170000076293945,19.229999542236328,18.270000457763672,18.270000457763672,18.270000457763672,6300
2023-01-31,18.479999542236328,19.020000457763672,18.33300018310547,19.020000457763672,19.020000457763672,5000
2023-02-01,19.11000061035156,20.920000076293945,19.11000061035156,20.59000015258789,20.59000015258789,35100
2023-02-02,22.479999542236328,23.84000015258789,22.440000534057617,23.479999542236328,23.479999542236328,37500
2023-02-03,21.90999984741211,23.799999237060547,21.90999984741211,22.209999084472656,22.209999084472656,22200
2023-02-06,21.89999961853028,22.36000061035156,21.64999961853028,21.79800033569336,21.79800033569336,2900
2023-02-07,21.780000686645508,23.01000022888184,21.479999542236328,22.88599967956543,22.88599967956543,18400
2023-02-08,22.809999465942383,22.93000030517578,21.959999084472656,22.150999069213867,22.150999069213867,7300
2023-02-09,22.959999084472656,22.959999084472656,21.59000015258789,21.75,21.75,16500
2023-02-10,21.21999931335449,21.59000015258789,20.38599967956543,20.59000015258789,20.59000015258789,17100
2023-02-13,20.850000381469727,21.709999084472656,20.850000381469727,21.496999740600582,21.496999740600582,3600
2023-02-14,22.01000022888184,22.583999633789062,21.57299995422364,22.540000915527344,22.540000915527344,22400
2023-02-15,22.270000457763672,22.708999633789062,21.941999435424805,22.708999633789062,22.708999633789062,11900
2023-02-16,21.799999237060547,22.34000015258789,21.18899917602539,21.18899917602539,21.18899917602539,4400
2023-02-17,20.780000686645508,20.780000686645508,20.0,20.63999938964844,20.63999938964844,10100
2023-02-21,20.440000534057617,20.440000534057617,19.540000915527344,19.540000915527344,19.540000915527344,5000
2023-02-22,19.540000915527344,19.75,19.43000030517578,19.43000030517578,19.43000030517578,5200
2023-02-23,20.496999740600582,20.496999740600582,19.6299991607666,20.36000061035156,20.36000061035156,5200
2023-02-24,19.51000022888184,19.520000457763672,19.200000762939453,19.520000457763672,19.520000457763672,5100
2023-02-27,20.06999969482422,20.21999931335449,19.96999931335449,20.093000411987305,20.093000411987305,7100
2023-02-28,20.34600067138672,20.56999969482422,20.07999992370605,20.201000213623047,20.201000213623047,2900
2023-03-01,19.68199920654297,19.709999084472656,19.6200008392334,19.628999710083008,19.628999710083008,2300
2023-03-02,18.739999771118164,19.280000686645508,18.559999465942383,19.280000686645508,19.280000686645508,8300
2023-03-03,19.989999771118164,20.468000411987305,19.82999992370605,20.468000411987305,20.468000411987305,5900
2023-03-06,20.819000244140625,21.13999938964844,20.34199905395508,20.34199905395508,20.34199905395508,9100
2023-03-07,20.61000061035156,20.71999931335449,19.979999542236328,19.979999542236328,19.979999542236328,1400
2023-03-08,20.020000457763672,20.301000595092773,19.89299964904785,20.301000595092773,20.301000595092773,6100
2023-03-09,20.31999969482422,20.61000061035156,19.239999771118164,19.239999771118164,19.239999771118164,10100
2023-03-10,18.7450008392334,19.200000762939453,18.489999771118164,18.628999710083008,18.628999710083008,7400
2023-03-13,18.010000228881836,19.41399955749512,18.010000228881836,19.020000457763672,19.020000457763672,6500
2023-03-14,20.15999984741211,20.5,19.8700008392334,20.417999267578125,20.417999267578125,13800
2023-03-15,20.09000015258789,21.059999465942383,19.979999542236328,20.940000534057617,20.940000534057617,13700
2023-03-16,20.940000534057617,22.48900032043457,20.940000534057617,22.48900032043457,22.48900032043457,7600
2023-03-17,22.57999992370605,22.809999465942383,21.86000061035156,22.10700035095215,22.10700035095215,8300
2023-03-20,21.700000762939453,22.07299995422364,21.6200008392334,22.07299995422364,22.07299995422364,5900
2023-03-21,22.59000015258789,23.170000076293945,22.299999237060547,23.100000381469727,23.100000381469727,5100
2023-03-22,23.15999984741211,23.94499969482422,22.5,22.5,22.5,6200
2023-03-23,23.3700008392334,24.100000381469727,23.049999237060547,23.61000061035156,23.61000061035156,15300
2023-03-24,23.420000076293945,23.450000762939453,23.049999237060547,23.40999984741211,23.40999984741211,11500
2023-03-27,23.340999603271484,23.708999633789062,22.799999237060547,22.90900039672852,22.90900039672852,11000
2023-03-28,22.84000015258789,22.84000015258789,22.083999633789062,22.44300079345703,22.44300079345703,5900
2023-03-29,23.208999633789062,23.40999984741211,23.0,23.367000579833984,23.367000579833984,7400
2023-03-30,24.07999992370605,24.194000244140625,23.790000915527344,24.04199981689453,24.04199981689453,9500
2023-03-31,24.01000022888184,25.308000564575195,24.01000022888184,25.308000564575195,25.308000564575195,16000
2023-04-03,24.74399948120117,24.940000534057617,24.34499931335449,24.940000534057617,24.940000534057617,5100
2023-04-04,24.905000686645508,25.18000030517578,24.799999237060547,24.975000381469727,24.975000381469727,4800
2023-04-05,24.70499992370605,24.70499992370605,23.52899932861328,23.858999252319336,23.858999252319336,8200
2023-04-06,23.214000701904297,24.277000427246094,23.15999984741211,24.07999992370605,24.07999992370605,4400
2023-04-10,23.5,24.280000686645508,23.25,24.277999877929688,24.277999877929688,2600
2023-04-11,23.729999542236328,23.900999069213867,23.506000518798828,23.58799934387207,23.58799934387207,8300
2023-04-12,23.459999084472656,23.75,23.006999969482425,23.006999969482425,23.006999969482425,18200
2023-04-13,23.69799995422364,24.200000762939453,23.68000030517578,24.090999603271484,24.090999603271484,6800
2023-04-14,24.0,24.07999992370605,23.482999801635746,24.07999992370605,24.07999992370605,4600
2023-04-17,23.979999542236328,23.979999542236328,23.39999961853028,23.940000534057617,23.940000534057617,4300
2023-04-18,24.39999961853028,24.39999961853028,23.785999298095703,23.961000442504883,23.961000442504883,5300
2023-04-19,23.299999237060547,23.920000076293945,23.299999237060547,23.75,23.75,4400
2023-04-20,23.0,23.489999771118164,22.902999877929688,23.059999465942383,23.059999465942383,5400
2023-04-21,23.049999237060547,23.222999572753903,22.739999771118164,23.222999572753903,23.222999572753903,4000
2023-04-24,22.780000686645508,22.979999542236328,22.780000686645508,22.934999465942383,22.934999465942383,3300
2023-04-25,22.559999465942383,22.600000381469727,21.770000457763672,21.770000457763672,21.770000457763672,9000
2023-04-26,22.674999237060547,23.1200008392334,22.549999237060547,22.6299991607666,22.6299991607666,11400
2023-04-27,23.6299991607666,24.350000381469727,23.540000915527344,24.299999237060547,24.299999237060547,17700
2023-04-28,24.100000381469727,24.540000915527344,23.729999542236328,24.540000915527344,24.540000915527344,21800
2023-05-01,24.43000030517578,24.61000061035156,24.01000022888184,24.46999931335449,24.46999931335449,56800
2023-05-02,24.420000076293945,24.530000686645508,23.75,23.979999542236328,23.979999542236328,23800
2023-05-03,23.770000457763672,24.200000762939453,23.3700008392334,23.451000213623047,23.451000213623047,37000
2023-05-04,23.459999084472656,24.325000762939453,23.459999084472656,23.86000061035156,23.86000061035156,8000
2023-05-05,24.13999938964844,24.920000076293945,24.13999938964844,24.809999465942383,24.809999465942383,4800
2023-05-08,25.06999969482422,25.632999420166016,24.96999931335449,25.632999420166016,25.632999420166016,5500
2023-05-09,25.6299991607666,25.68000030517578,25.527999877929688,25.527999877929688,25.527999877929688,3700
2023-05-10,26.07999992370605,26.670000076293945,25.941999435424805,26.5,26.5,15100
2023-05-11,26.700000762939453,27.06999969482422,26.51099967956543,26.96999931335449,26.96999931335449,18000
2023-05-12,27.05599975585937,27.150999069213867,26.14999961853028,26.416000366210938,26.416000366210938,11800
2023-05-15,26.520000457763672,26.84000015258789,26.18600082397461,26.763999938964844,26.763999938964844,8800
2023-05-16,26.76000022888184,27.65999984741211,26.76000022888184,27.309999465942383,27.309999465942383,38800
2023-05-17,27.48200035095215,28.489999771118164,27.43000030517578,28.489999771118164,28.489999771118164,50700
2023-05-18,28.82900047302246,30.459999084472656,28.81999969482422,30.459999084472656,30.459999084472656,45100
2023-05-19,30.09000015258789,30.17200088500977,29.52499961853028,29.64699935913086,29.64699935913086,46500
2023-05-22,29.540000915527344,30.40999984741211,29.540000915527344,30.1299991607666,30.1299991607666,47000
2023-05-23,30.02499961853028,30.31800079345703,29.34000015258789,29.38999938964844,29.38999938964844,23900
2023-05-24,28.86000061035156,29.600000381469727,28.799999237060547,29.489999771118164,29.489999771118164,29500
2023-05-25,31.18000030517578,31.309999465942383,30.5,30.979999542236328,30.979999542236328,23000
2023-05-26,31.0,33.130001068115234,31.0,32.959999084472656,32.959999084472656,41000
2023-05-30,34.41999816894531,34.68000030517578,33.645999908447266,34.0,34.0,48200
2023-05-31,33.33000183105469,34.02399826049805,32.90999984741211,33.30799865722656,33.30799865722656,17500
2023-06-01,33.2599983215332,35.0,33.2599983215332,34.61000061035156,34.61000061035156,30400
2023-06-02,35.512001037597656,36.13999938964844,34.900001525878906,35.1150016784668,35.1150016784668,22800
2023-06-05,34.97999954223633,36.20000076293945,34.97999954223633,35.5989990234375,35.5989990234375,37500
2023-06-06,35.34000015258789,36.16999816894531,35.3390007019043,36.02999877929688,36.02999877929688,42700
2023-06-07,36.380001068115234,36.86000061035156,33.65999984741211,33.84400177001953,33.84400177001953,70800
2023-06-08,33.939998626708984,35.31999969482422,33.90999984741211,35.24399948120117,35.24399948120117,33800
2023-06-09,36.20000076293945,36.84999847412109,35.810001373291016,35.82500076293945,35.82500076293945,48500
2023-06-12,36.52000045776367,37.095001220703125,36.040000915527344,37.01300048828125,37.01300048828125,56800
2023-06-13,38.02000045776367,38.119998931884766,37.02999877929688,37.77199935913086,37.77199935913086,47200
2023-06-14,37.66999816894531,38.810001373291016,37.34000015258789,38.775001525878906,38.775001525878906,42500
2023-06-15,38.90999984741211,40.0890007019043,38.08000183105469,39.709999084472656,39.709999084472656,35000
2023-06-16,40.470001220703125,40.470001220703125,38.68299865722656,38.68299865722656,38.68299865722656,60200
2023-06-20,38.369998931884766,39.275001525878906,38.119998931884766,39.05899810791016,39.05899810791016,47200
2023-06-21,38.93000030517578,38.97999954223633,36.90999984741211,37.14599990844727,37.14599990844727,47100
2023-06-22,36.619998931884766,38.22999954223633,36.619998931884766,38.22999954223633,38.22999954223633,21500
2023-06-23,37.25,38.06600189208984,36.97999954223633,37.66999816894531,37.66999816894531,23900
2023-06-26,37.52000045776367,38.2599983215332,35.25,35.25,35.25,36100
2023-06-27,36.15999984741211,37.2400016784668,35.722999572753906,37.2400016784668,37.2400016784668,32800
2023-06-28,36.59999847412109,38.45000076293945,36.59999847412109,37.619998931884766,37.619998931884766,32900
2023-06-29,37.880001068115234,37.970001220703125,36.81999969482422,37.08000183105469,37.08000183105469,34000
2023-06-30,38.0,38.81399917602539,38.0,38.470001220703125,38.470001220703125,30800
2023-07-03,38.869998931884766,39.290000915527344,38.59999847412109,39.0,39.0,28200
2023-07-05,38.72999954223633,39.61399841308594,38.72999954223633,39.18999862670898,39.18999862670898,13700
2023-07-06,38.31999969482422,38.65999984741211,37.65999984741211,38.5989990234375,38.5989990234375,34400
2023-07-07,38.63999938964844,39.369998931884766,38.31999969482422,38.31999969482422,38.31999969482422,24500
2023-07-10,38.11000061035156,38.150001525878906,36.803001403808594,37.68000030517578,37.68000030517578,31300
2023-07-11,37.7599983215332,38.02000045776367,37.09999847412109,37.90999984741211,37.90999984741211,23400
2023-07-12,39.0,39.46900177001953,38.52999877929688,39.22800064086914,39.22800064086914,36500
2023-07-13,40.119998931884766,41.38999938964844,40.119998931884766,41.34000015258789,41.34000015258789,35900
2023-07-14,41.709999084472656,42.65900039672852,40.79999923706055,40.970001220703125,40.970001220703125,26800
2023-07-17,41.72999954223633,42.27000045776367,41.244998931884766,42.27000045776367,42.27000045776367,40400
2023-07-18,42.04999923706055,43.46099853515625,41.13999938964844,43.15399932861328,43.15399932861328,49500
2023-07-19,43.81999969482422,43.81999969482422,42.79999923706055,43.02000045776367,43.02000045776367,26600
2023-07-20,41.38999938964844,41.625,38.720001220703125,38.97999954223633,38.97999954223633,72100
2023-07-21,39.52000045776367,39.56999969482422,38.06999969482422,38.20000076293945,38.20000076293945,78600
2023-07-24,38.380001068115234,38.67699813842773,37.630001068115234,38.20000076293945,38.20000076293945,58400
2023-07-25,39.18999862670898,39.560001373291016,38.810001373291016,39.209999084472656,39.209999084472656,19900
2023-07-26,39.290000915527344,39.290000915527344,37.959999084472656,38.66999816894531,38.66999816894531,34100
2023-07-27,40.459999084472656,40.77000045776367,38.30500030517578,38.52999877929688,38.52999877929688,58600
2023-07-28,39.58000183105469,40.83200073242188,39.525001525878906,40.630001068115234,40.630001068115234,25000
2023-07-31,40.91999816894531,41.16999816894531,40.58000183105469,40.97999954223633,40.97999954223633,23000
2023-08-01,40.459999084472656,41.060001373291016,40.25,40.84999847412109,40.84999847412109,18600
2023-08-02,39.540000915527344,39.540000915527344,37.3650016784668,38.0099983215332,38.0099983215332,42300
2023-08-03,37.2400016784668,38.73199844360352,37.2400016784668,38.0,38.0,31200
2023-08-04,39.560001373291016,40.209999084472656,38.619998931884766,38.650001525878906,38.650001525878906,55600
2023-08-07,39.09000015258789,39.34999847412109,38.290000915527344,39.34000015258789,39.34000015258789,21900
2023-08-08,38.45000076293945,38.59000015258789,37.4900016784668,38.16999816894531,38.16999816894531,28100
2023-08-09,38.20000076293945,38.20000076293945,36.33000183105469,36.56999969482422,36.56999969482422,32800
2023-08-10,37.310001373291016,38.0099983215332,36.59999847412109,36.7400016784668,36.7400016784668,21000
2023-08-11,35.9900016784668,36.310001373291016,35.61000061035156,35.77000045776367,35.77000045776367,35800
2023-08-14,35.470001220703125,37.02000045776367,35.16999816894531,37.02000045776367,37.02000045776367,24900
2023-08-15,36.959999084472656,37.22999954223633,36.06399917602539,36.220001220703125,36.220001220703125,16700
2023-08-16,35.84000015258789,36.060001373291016,34.95000076293945,34.95000076293945,34.95000076293945,47500
2023-08-17,34.95000076293945,34.95000076293945,33.75,33.90999984741211,33.90999984741211,32600
2023-08-18,32.75,33.84000015258789,32.5,33.58000183105469,33.58000183105469,22900
2023-08-21,34.13999938964844,35.60499954223633,34.04999923706055,35.5,35.5,24200
2023-08-22,36.5,36.5,35.13100051879883,35.310001373291016,35.310001373291016,18900
2023-08-23,35.790000915527344,37.13199996948242,35.61000061035156,36.88999938964844,36.88999938964844,42700
2023-08-24,38.150001525878906,38.150001525878906,34.720001220703125,34.720001220703125,34.720001220703125,61600
2023-08-25,34.90999984741211,35.70000076293945,33.95000076293945,35.27000045776367,35.27000045776367,37500
2023-08-28,35.65999984741211,36.040000915527344,34.98600006103516,35.61000061035156,35.61000061035156,25500
2023-08-29,35.61000061035156,37.91999816894531,35.61000061035156,37.79999923706055,37.79999923706055,43400
2023-08-30,37.93999862670898,38.5989990234375,37.459999084472656,38.22999954223633,38.22999954223633,42300
2023-08-31,38.20000076293945,39.07500076293945,38.20000076293945,38.5099983215332,38.5099983215332,38000
2023-09-01,39.119998931884766,39.18999862670898,38.0,38.34000015258789,38.34000015258789,25700
2023-09-05,38.09999847412109,39.40999984741211,38.09999847412109,39.18000030517578,39.18000030517578,28800
2023-09-06,38.9900016784668,39.11000061035156,37.47499847412109,38.08000183105469,38.08000183105469,45100
2023-09-07,36.630001068115234,37.720001220703125,36.3849983215332,37.65999984741211,37.65999984741211,31000
2023-09-08,38.09999847412109,38.650001525878906,37.650001525878906,37.880001068115234,37.880001068115234,34300
2023-09-11,38.83000183105469,39.505001068115234,38.34999847412109,39.369998931884766,39.369998931884766,117500
2023-09-12,38.93999862670898,39.369998931884766,38.13999938964844,38.150001525878906,38.150001525878906,42800
2023-09-13,38.34999847412109,38.93999862670898,37.93999862670898,38.470001220703125,38.470001220703125,156900
2023-09-14,38.70000076293945,38.959999084472656,38.16999816894531,38.65999984741211,38.65999984741211,39400
2023-09-15,38.5,38.5,36.79999923706055,37.02999877929688,37.02999877929688,88700
2023-09-18,36.58000183105469,37.02999877929688,36.51499938964844,36.86000061035156,36.86000061035156,14100
2023-09-19,36.61000061035156,36.90999984741211,35.88999938964844,36.720001220703125,36.720001220703125,20400
2023-09-20,36.9900016784668,36.9900016784668,35.2599983215332,35.2599983215332,35.2599983215332,22400
2023-09-21,34.08000183105469,34.40399932861328,33.5,33.5,33.5,55500
2023-09-22,34.0099983215332,34.47999954223633,33.40999984741211,33.52000045776367,33.52000045776367,16600
2023-09-25,33.27000045776367,34.0099983215332,33.029998779296875,34.0,34.0,12400
2023-09-26,33.43000030517578,33.540000915527344,32.63999938964844,32.83000183105469,32.83000183105469,49100
2023-09-27,33.130001068115234,33.25,31.96999931335449,32.779998779296875,32.779998779296875,29900
2023-09-28,32.36100006103516,33.75,32.150001525878906,33.54999923706055,33.54999923706055,33700
2023-09-29,34.439998626708984,34.779998779296875,33.5,33.75,33.75,38100
2023-10-02,33.83000183105469,34.970001220703125,33.83000183105469,34.63999938964844,34.63999938964844,31800
2023-10-03,34.150001525878906,34.790000915527344,33.0369987487793,33.310001373291016,33.310001373291016,40900
2023-10-04,33.4900016784668,34.529998779296875,33.4900016784668,34.5099983215332,34.5099983215332,37800
2023-10-05,34.54999923706055,34.66999816894531,33.689998626708984,34.619998931884766,34.619998931884766,24700
2023-10-06,33.70000076293945,36.23500061035156,33.63999938964844,36.06999969482422,36.06999969482422,46700
2023-10-09,35.34000015258789,36.65999984741211,35.060001373291016,36.43000030517578,36.43000030517578,57900
2023-10-10,36.560001373291016,37.49700164794922,36.499000549316406,36.59999847412109,36.59999847412109,24900
2023-10-11,37.0,37.479000091552734,36.7400016784668,37.33000183105469,37.33000183105469,22400
2023-10-12,37.310001373291016,38.00699996948242,36.650001525878906,37.08000183105469,37.08000183105469,28800
2023-10-13,37.16999816894531,37.220001220703125,35.395999908447266,35.70000076293945,35.70000076293945,65100
2023-10-16,36.27000045776367,36.91999816894531,35.72999954223633,36.650001525878906,36.650001525878906,18500
2023-10-17,35.599998474121094,36.310001373291016,34.959999084472656,36.0,36.0,26500
2023-10-18,35.415000915527344,35.709999084472656,34.16999816894531,34.41999816894531,34.41999816894531,26500
2023-10-19,35.2599983215332,35.72999954223633,34.29999923706055,34.540000915527344,34.540000915527344,52700
2023-10-20,34.34000015258789,34.560001373291016,33.150001525878906,33.22999954223633,33.22999954223633,36400
2023-10-23,33.08000183105469,34.33000183105469,32.58000183105469,34.0,34.0,20700
2023-10-24,34.47999954223633,34.849998474121094,34.040000915527344,34.790000915527344,34.790000915527344,17800
2023-10-25,34.2400016784668,34.2400016784668,32.369998931884766,32.470001220703125,32.470001220703125,50900
2023-10-26,32.040000915527344,32.29999923706055,30.280000686645508,30.440000534057617,30.440000534057617,42400
2023-10-27,31.6299991607666,32.0,31.190000534057617,31.549999237060547,31.549999237060547,31700
2023-10-30,32.11000061035156,32.79999923706055,31.8700008392334,32.310001373291016,32.310001373291016,31700
2023-10-31,32.290000915527344,32.40999984741211,31.5,32.38999938964844,32.38999938964844,17400
2023-11-01,32.650001525878906,33.869998931884766,32.650001525878906,33.869998931884766,33.869998931884766,21800
2023-11-02,34.810001373291016,34.91600036621094,34.17300033569336,34.7599983215332,34.7599983215332,26500
2023-11-03,35.0099983215332,35.95000076293945,34.9900016784668,35.58000183105469,35.58000183105469,29900
2023-11-06,36.0,36.27000045776367,35.334999084472656,35.98199844360352,35.98199844360352,18300
2023-11-07,36.790000915527344,37.68000030517578,36.38999938964844,37.68000030517578,37.68000030517578,37200
2023-11-08,37.630001068115234,37.79999923706055,37.09000015258789,37.7599983215332,37.7599983215332,67000
2023-11-09,37.970001220703125,38.21099853515625,37.0,37.16999816894531,37.16999816894531,43200
2023-11-10,37.220001220703125,39.220001220703125,37.220001220703125,39.220001220703125,39.220001220703125,34300
2023-11-13,38.79999923706055,39.36000061035156,38.29999923706055,39.0099983215332,39.0099983215332,58100
2023-11-14,40.66999816894531,41.060001373291016,40.400001525878906,40.76800155639648,40.76800155639648,39800
2023-11-15,41.45000076293945,41.45000076293945,40.64400100708008,41.130001068115234,41.130001068115234,35400
2023-11-16,40.630001068115234,40.91999816894531,40.18999862670898,40.880001068115234,40.880001068115234,31300
2023-11-17,40.59999847412109,41.20000076293945,40.45000076293945,41.20000076293945,41.20000076293945,11100
2023-11-20,40.900001525878906,42.32699966430664,40.900001525878906,42.209999084472656,42.209999084472656,22200
2023-11-21,41.5,41.959999084472656,41.375,41.88999938964844,41.88999938964844,11000
2023-11-22,42.59799957275391,42.8380012512207,41.70000076293945,41.97999954223633,41.97999954223633,29900
2023-11-24,41.77999877929688,41.88999938964844,41.59999847412109,41.77999877929688,41.77999877929688,6600
2023-11-27,41.72999954223633,42.25,41.59999847412109,41.59999847412109,41.59999847412109,9900
2023-11-28,41.40999984741211,42.02999877929688,41.04999923706055,42.02999877929688,42.02999877929688,21200
2023-11-29,42.61000061035156,42.790000915527344,41.58100128173828,41.630001068115234,41.630001068115234,16300
2023-11-30,42.02000045776367,42.11000061035156,40.68999862670898,41.38999938964844,41.38999938964844,36900
2023-12-01,40.77999877929688,41.15999984741211,40.34000015258789,40.9900016784668,40.9900016784668,27300
2023-12-04,39.93000030517578,40.16999816894531,39.15499877929688,39.93000030517578,39.93000030517578,47800
2023-12-05,39.61000061035156,40.84999847412109,39.61000061035156,40.43999862670898,40.43999862670898,29300
2023-12-06,41.09999847412109,41.09999847412109,39.63999938964844,39.65999984741211,39.65999984741211,51600
2023-12-07,40.220001220703125,41.220001220703125,40.20000076293945,41.13999938964844,41.13999938964844,46200
2023-12-08,40.900001525878906,42.02000045776367,40.790000915527344,41.93999862670898,41.93999862670898,20500
2023-12-11,41.52999877929688,42.290000915527344,41.255001068115234,42.132999420166016,42.132999420166016,163600
2023-12-12,41.93999862670898,43.09999847412109,41.93999862670898,43.04999923706055,43.04999923706055,26600
2023-12-13,43.459999084472656,44.40999984741211,43.02999877929688,44.06999969482422,44.06999969482422,40400
2023-12-14,44.5,44.66999816894531,43.27000045776367,44.310001373291016,44.310001373291016,22900
2023-12-15,43.869998931884766,45.2599983215332,43.869998931884766,44.90999984741211,44.90999984741211,16800
2023-12-18,45.11000061035156,46.5890007019043,45.11000061035156,46.2400016784668,46.2400016784668,66200
2023-12-19,46.380001068115234,46.709999084472656,46.19100189208984,46.70000076293945,46.70000076293945,17700
2023-12-20,46.70000076293945,47.59000015258789,45.0,45.0,45.0,82000
2023-12-21,46.119998931884766,46.560001373291016,45.59999847412109,46.459999084472656,46.459999084472656,26600
2023-12-22,46.650001525878906,46.77000045776367,45.77000045776367,46.12300109863281,46.12300109863281,13300
2023-12-26,46.369998931884766,46.77999877929688,46.36000061035156,46.66999816894531,46.66999816894531,19400
2023-12-27,46.70000076293945,47.10100173950195,46.630001068115234,46.81999969482422,46.81999969482422,107200
2023-12-28,47.25,47.25,46.63999938964844,46.66999816894531,46.66999816894531,27700
2023-12-29,46.68000030517578,46.709999084472656,45.5,46.04999923706055,46.04999923706055,22700
2024-01-02,45.04999923706055,45.2859992980957,43.20100021362305,43.75,43.75,88600
2024-01-03,42.83000183105469,43.369998931884766,42.45899963378906,42.72999954223633,42.72999954223633,42600
2024-01-04,42.209999084472656,43.310001373291016,42.209999084472656,42.27000045776367,42.27000045776367,94200
2024-01-05,42.380001068115234,43.34000015258789,42.380001068115234,42.72999954223633,42.72999954223633,17700
2024-01-08,43.2599983215332,45.08000183105469,43.2599983215332,45.060001373291016,45.060001373291016,41900
2024-01-09,44.5,45.52999877929688,44.29999923706055,45.27999877929688,45.27999877929688,18700
2024-01-10,45.52999877929688,46.58599853515625,45.369998931884766,46.2400016784668,46.2400016784668,40800
2024-01-11,46.880001068115234,47.209999084472656,45.47999954223633,46.40999984741211,46.40999984741211,44100
2024-01-12,46.400001525878906,46.75,45.97999954223633,46.130001068115234,46.130001068115234,37800
2024-01-16,45.880001068115234,46.400001525878906,45.5,45.86000061035156,45.86000061035156,30000
2024-01-17,45.220001220703125,45.369998931884766,43.93000030517578,45.31999969482422,45.31999969482422,35000
2024-01-18,46.16999816894531,46.75,45.63999938964844,46.52999877929688,46.52999877929688,76000
2024-01-19,47.13999938964844,48.56999969482422,46.93000030517578,48.52999877929688,48.52999877929688,58000
2024-01-22,49.369998931884766,49.72999954223633,48.75,48.84000015258789,48.84000015258789,19100
2024-01-23,49.2400016784668,49.7400016784668,48.66999816894531,49.70000076293945,49.70000076293945,84800
2024-01-24,51.540000915527344,52.93000030517578,51.0,51.0,51.0,45700
2024-01-25,51.209999084472656,52.04999923706055,50.34000015258789,51.15999984741211,51.15999984741211,34200
2024-01-26,51.02000045776367,51.65999984741211,50.709999084472656,50.84000015258789,50.84000015258789,23400
2024-01-29,51.13999938964844,52.6349983215332,50.84000015258789,52.5099983215332,52.5099983215332,19600
2024-01-30,52.52000045776367,52.72999954223633,51.387001037597656,51.540000915527344,51.540000915527344,26000
2024-01-31,49.38999938964844,50.34999847412109,48.52000045776367,48.59999847412109,48.59999847412109,72300
2024-02-01,49.72800064086914,50.18000030517578,49.33000183105469,50.09999847412109,50.09999847412109,26900
2024-02-02,52.470001220703125,55.22999954223633,52.01800155639648,54.380001068115234,54.380001068115234,84000
2024-02-05,55.11000061035156,55.54999923706055,53.5099983215332,54.68000030517578,54.68000030517578,56000
2024-02-06,55.22999954223633,55.27000045776367,53.34999847412109,54.13999938964844,54.13999938964844,25900
2024-02-07,54.81999969482422,56.20000076293945,54.81999969482422,56.06999969482422,56.06999969482422,31800
2024-02-08,56.119998931884766,57.02000045776367,55.97999954223633,56.77000045776367,56.77000045776367,24500
2024-02-09,57.220001220703125,58.4900016784668,57.0,58.33000183105469,58.33000183105469,88100
2024-02-12,58.40999984741211,59.23500061035156,57.25,57.43999862670898,57.43999862670898,51300
2024-02-13,54.72999954223633,56.86000061035156,53.83000183105469,55.709999084472656,55.709999084472656,46600
2024-02-14,57.0099983215332,58.22999954223633,56.310001373291016,58.22999954223633,58.22999954223633,38400
2024-02-15,57.900001525878906,58.25,56.97100067138672,58.18000030517578,58.18000030517578,46000
2024-02-16,58.220001220703125,58.22999954223633,56.61199951171875,56.97999954223633,56.97999954223633,35900
2024-02-20,55.93000030517578,56.34999847412109,53.72499847412109,55.0,55.0,44100
2024-02-21,54.33000183105469,54.63999938964844,53.369998931884766,54.470001220703125,54.470001220703125,41500
2024-02-22,58.220001220703125,59.9109992980957,57.63999938964844,59.61000061035156,59.61000061035156,48200
2024-02-23,60.4900016784668,61.13999938964844,58.91999816894531,59.400001525878906,59.400001525878906,65500
2024-02-26,59.56999969482422,59.970001220703125,59.152000427246094,59.25,59.25,52000
2024-02-27,59.7599983215332,59.970001220703125,59.02000045776367,59.790000915527344,59.790000915527344,28500
2024-02-28,59.16999816894531,59.59999847412109,58.47999954223633,58.810001373291016,58.810001373291016,146600
2024-02-29,57.369998931884766,58.09999847412109,56.40999984741211,58.02000045776367,58.02000045776367,46700
2024-03-01,58.34999847412109,60.41999816894531,58.34999847412109,60.13999938964844,60.13999938964844,233900
2024-03-04,60.04999923706055,60.04999923706055,58.89799880981445,58.93999862670898,58.93999862670898,41300
2024-03-05,57.58200073242188,57.60499954223633,55.46799850463867,56.18000030517578,56.18000030517578,47600
2024-03-06,57.54999923706055,57.54999923706055,55.99599838256836,56.619998931884766,56.619998931884766,22600
2024-03-07,57.4900016784668,59.5099983215332,57.33000183105469,59.31999969482422,59.31999969482422,25500
2024-03-08,59.90999984741211,60.560001373291016,56.38999938964844,56.72999954223633,56.72999954223633,36400
2024-03-11,56.060001373291016,56.45000076293945,54.27999877929688,55.52000045776367,55.52000045776367,34500
2024-03-12,56.380001068115234,57.91999816894531,55.77999877929688,57.88999938964844,57.88999938964844,24300
2024-03-13,57.630001068115234,57.630001068115234,56.59000015258789,56.970001220703125,56.970001220703125,35400
2024-03-14,57.20000076293945,57.52999877929688,55.970001220703125,56.53900146484375,56.53900146484375,29900
2024-03-15,55.72999954223633,56.31499862670898,55.06999969482422,55.310001373291016,55.310001373291016,45800
2024-03-18,57.27000045776367,58.150001525878906,56.83700180053711,57.119998931884766,57.119998931884766,20300
2024-03-19,56.060001373291016,57.52999877929688,55.20000076293945,57.470001220703125,57.470001220703125,18200
2024-03-20,58.11000061035156,59.66999816894531,57.5099983215332,59.4900016784668,59.4900016784668,104500
2024-03-21,61.09000015258789,61.209999084472656,59.27000045776367,59.27000045776367,59.27000045776367,89300
2024-03-22,58.970001220703125,60.34999847412109,58.970001220703125,60.13999938964844,60.13999938964844,33500
2024-03-25,59.4900016784668,60.18899917602539,59.1349983215332,59.81999969482422,59.81999969482422,17400
2024-03-26,60.58000183105469,61.02999877929688,59.34999847412109,59.36000061035156,59.36000061035156,12300
2024-03-27,60.369998931884766,60.369998931884766,58.31499862670898,59.0890007019043,59.0890007019043,5000
2024-03-28,59.040000915527344,59.209999084472656,58.619998931884766,58.66999816894531,58.66999816894531,6700
2024-04-01,59.69100189208984,59.90599822998047,58.560001373291016,59.52000045776367,59.52000045776367,6800
2024-04-02,57.400001525878906,58.31999969482422,56.875,58.11000061035156,58.11000061035156,15600
2024-04-03,57.38999938964844,59.150001525878906,57.38999938964844,59.02999877929688,59.02999877929688,14700
2024-04-04,60.02000045776367,61.0,57.3849983215332,57.81999969482422,57.81999969482422,26500
2024-04-05,57.91999816894531,59.77000045776367,57.91999816894531,59.15999984741211,59.15999984741211,16600
2024-04-08,59.75,59.88999938964844,58.6349983215332,59.02000045776367,59.02000045776367,12200
2024-04-09,59.595001220703125,59.95000076293945,58.13999938964844,59.43000030517578,59.43000030517578,20800
2024-04-10,57.709999084472656,58.959999084472656,57.709999084472656,58.79999923706055,58.79999923706055,11700
2024-04-11,59.33000183105469,62.0,59.20700073242188,61.75,61.75,19200
2024-04-12,60.5,61.27999877929688,59.630001068115234,60.0,60.0,30600
2024-04-15,60.15999984741211,60.15999984741211,56.678001403808594,56.81999969482422,56.81999969482422,34300
2024-04-16,56.54999923706055,57.15999984741211,56.18000030517578,56.72499847412109,56.72499847412109,26000
2024-04-17,57.13999938964844,57.36000061035156,55.0,55.35300064086914,55.35300064086914,15900
2024-04-18,54.59999847412109,55.900001525878906,54.290000915527344,54.43000030517578,54.43000030517578,31900
2024-04-19,53.13999938964844,53.2400016784668,49.73500061035156,50.22999954223633,50.22999954223633,39100
2024-04-22,50.59999847412109,51.46099853515625,49.64500045776367,51.02000045776367,51.02000045776367,12800
2024-04-23,51.790000915527344,53.47999954223633,51.75,53.290000915527344,53.290000915527344,20500
2024-04-24,55.0,55.290000915527344,53.15999984741211,54.040000915527344,54.040000915527344,21700
2024-04-25,50.45000076293945,53.38999938964844,50.310001373291016,53.04999923706055,53.04999923706055,19200
2024-04-26,55.810001373291016,56.7599983215332,55.52999877929688,56.7599983215332,56.7599983215332,18200
2024-04-29,57.84999847412109,57.86000061035156,56.595001220703125,57.34999847412109,57.34999847412109,15300
2024-04-30,56.84999847412109,57.45000076293945,54.88999938964844,55.130001068115234,55.130001068115234,16000
2024-05-01,54.83000183105469,56.810001373291016,54.29100036621094,54.33000183105469,54.33000183105469,9900
2024-05-02,54.47999954223633,56.02000045776367,54.1349983215332,55.81999969482422,55.81999969482422,7300
2024-05-03,58.09000015258789,58.459999084472656,57.24700164794922,58.25,58.25,25900
2024-05-06,58.86000061035156,60.31499862670898,58.59999847412109,60.31499862670898,60.31499862670898,13300
2024-05-07,60.09999847412109,60.27000045776367,59.52999877929688,59.84400177001953,59.84400177001953,25700
2024-05-08,59.27099990844727,59.900001525878906,59.21099853515625,59.67599868774414,59.67599868774414,11300
2024-05-09,59.81499862670898,59.81499862670898,59.03099822998047,59.27399826049805,59.27399826049805,15200
2024-05-10,59.68000030517578,60.150001525878906,59.0,59.35200119018555,59.35200119018555,6800
2024-05-13,59.720001220703125,59.92900085449219,59.527000427246094,59.90399932861328,59.90399932861328,7500
2024-05-14,60.03900146484375,61.34000015258789,59.86000061035156,61.334999084472656,61.334999084472656,23300
2024-05-15,62.0,63.130001068115234,60.96599960327149,62.98099899291992,62.98099899291992,38200
2024-05-16,62.75600051879883,63.34999847412109,62.36000061035156,62.36000061035156,62.36000061035156,16800
2024-05-17,62.25,62.66999816894531,61.63999938964844,62.2400016784668,62.2400016784668,8600
2024-05-20,62.290000915527344,63.63999938964844,62.290000915527344,63.32099914550781,63.32099914550781,9700
2024-05-21,62.91999816894531,64.4000015258789,62.619998931884766,64.375,64.375,19800
2024-05-22,64.02999877929688,64.06999969482422,62.630001068115234,63.18000030517578,63.18000030517578,8600
2024-05-23,64.8010025024414,64.8010025024414,61.94900131225586,62.959999084472656,62.959999084472656,15000
2024-05-24,63.040000915527344,64.55000305175781,62.900001525878906,64.25599670410156,64.25599670410156,17400
2024-05-28,64.69000244140625,65.04499816894531,64.16500091552734,65.0,65.0,17000
2024-05-29,64.19000244140625,65.46900177001953,64.16000366210938,64.16000366210938,64.16000366210938,8700
2024-05-30,64.30500030517578,64.30500030517578,62.0,62.38100051879883,62.38100051879883,9700
2024-05-31,62.5,62.595001220703125,59.18999862670898,61.77999877929688,61.77999877929688,19500
2024-06-03,62.790000915527344,62.810001373291016,61.104000091552734,62.04999923706055,62.04999923706055,8700
2024-06-04,61.790000915527344,62.68000030517578,61.49599838256836,62.4370002746582,62.4370002746582,5900
2024-06-05,63.13600158691406,65.29100036621094,63.09999847412109,65.28099822998047,65.28099822998047,16800
2024-06-06,64.67400360107422,65.3499984741211,64.67400360107422,65.16600036621094,65.16600036621094,5600
2024-06-07,64.5999984741211,65.52999877929688,64.5999984741211,64.9000015258789,64.9000015258789,18200
2024-06-10,64.80000305175781,65.27999877929688,64.58999633789062,64.99700164794922,64.99700164794922,7600
2024-06-11,65.5,66.33000183105469,64.90599822998047,66.16999816894531,66.16999816894531,11000
2024-06-12,67.98999786376953,69.7300033569336,67.87000274658203,68.95600128173828,68.95600128173828,16700
2024-06-13,71.88999938964844,72.16000366210938,70.41000366210938,70.98400115966797,70.98400115966797,26200
2024-06-14,70.72000122070312,72.05999755859375,70.72000122070312,71.76599884033203,71.76599884033203,10000
2024-06-17,72.47000122070312,75.31300354003906,72.0,74.33999633789062,74.33999633789062,30600
2024-06-18,74.58000183105469,74.58000183105469,73.08999633789062,73.79199981689453,73.79199981689453,14400
2024-06-20,74.04000091552734,74.4000015258789,71.37000274658203,71.98999786376953,71.98999786376953,16700
2024-06-21,71.5999984741211,71.86000061035156,71.12999725341797,71.2979965209961,71.2979965209961,5600
2024-06-24,70.69999694824219,71.43499755859375,68.20999908447266,68.20999908447266,68.20999908447266,22100
2024-06-25,69.5999984741211,70.86299896240234,69.08999633789062,70.85700225830078,70.85700225830078,9300
2024-06-26,71.92500305175781,73.34200286865234,71.92500305175781,73.34200286865234,73.34200286865234,14000
2024-06-27,73.57099914550781,74.7300033569336,73.57099914550781,74.3759994506836,74.3759994506836,37100
2024-06-28,74.5,75.98999786376953,73.08999633789062,73.58999633789062,73.58999633789062,18000
2024-07-01,74.12999725341797,76.47000122070312,73.06999969482422,76.43000030517578,76.43000030517578,26000
2024-07-02,76.31999969482422,78.81199645996094,76.26000213623047,78.81199645996094,78.81199645996094,34300
2024-07-03,79.04000091552734,81.44999694824219,79.01000213623047,81.44999694824219,81.44999694824219,23800
2024-07-05,81.88999938964844,83.87999725341797,81.88999938964844,83.87999725341797,83.87999725341797,26400
2024-07-08,83.86000061035156,84.50599670410156,82.73600006103516,83.83000183105469,83.83000183105469,33100
2024-07-09,84.2300033569336,84.9000015258789,83.86499786376953,84.08000183105469,84.08000183105469,17400
2024-07-10,84.86000061035156,85.75800323486328,83.61000061035156,85.54000091552734,85.54000091552734,47600
2024-07-11,85.4800033569336,85.60199737548828,78.48999786376953,79.11000061035156,79.11000061035156,49900
2024-07-12,77.95999908447266,80.80999755859375,77.78099822998047,79.3219985961914,79.3219985961914,59000
2024-07-15,80.52999877929688,82.34500122070312,79.4000015258789,79.79000091552734,79.79000091552734,32500
2024-07-16,80.87000274658203,80.87000274658203,78.44000244140625,79.52300262451172,79.52300262451172,16900
2024-07-17,76.37000274658203,76.55599975585938,73.9800033569336,74.4530029296875,74.4530029296875,31300
2024-07-18,76.05000305175781,76.05000305175781,72.75,73.37999725341797,73.37999725341797,20200
2024-07-19,74.09100341796875,74.38999938964844,71.81999969482422,71.93399810791016,71.93399810791016,12000
2024-07-22,74.1500015258789,75.77999877929688,73.7300033569336,74.9520034790039,74.9520034790039,34200
2024-07-23,75.46099853515625,76.5,75.19999694824219,75.29000091552734,75.29000091552734,36700
2024-07-24,70.83999633789062,70.91000366210938,66.9000015258789,67.48999786376953,67.48999786376953,42200
2024-07-25,67.0199966430664,69.36799621582031,64.34500122070312,66.01000213623047,66.01000213623047,32000
2024-07-26,67.52999877929688,67.99500274658203,66.3499984741211,66.7509994506836,66.7509994506836,12000
2024-07-29,68.22000122070312,69.05500030517578,67.13200378417969,68.03199768066406,68.03199768066406,19800
2024-07-30,68.4280014038086,68.46399688720703,64.46800231933594,65.33999633789062,65.33999633789062,25700
2024-07-31,68.41999816894531,70.37000274658203,68.23999786376953,70.125,70.125,27500
2024-08-01,71.05999755859375,72.06800079345703,65.05999755859375,66.18000030517578,66.18000030517578,35200
2024-08-02,62.720001220703125,64.0,60.560001373291016,62.880001068115234,62.880001068115234,69600
2024-08-05,51.880001068115234,59.34000015258789,51.77999877929688,56.86000061035156,56.86000061035156,71100
2024-08-06,58.060001373291016,60.94499969482422,57.630001068115234,59.2400016784668,59.2400016784668,27400
2024-08-07,61.13999938964844,61.77999877929688,57.0,57.0,57.0,19800
2024-08-08,59.84000015258789,61.78900146484375,58.310001373291016,61.23500061035156,61.23500061035156,18400
2024-08-09,60.65999984741211,62.74100112915039,60.65999984741211,62.119998931884766,62.119998931884766,10200
2024-08-12,63.040000915527344,63.290000915527344,62.2599983215332,62.60100173950195,62.60100173950195,18400
2024-08-13,64.11000061035156,66.66300201416016,64.02999877929688,66.5719985961914,66.5719985961914,15700
2024-08-14,67.18000030517578,67.2490005493164,65.61000061035156,66.61699676513672,66.61699676513672,17300
2024-08-15,67.80000305175781,69.99500274658203,67.69999694824219,69.66999816894531,69.66999816894531,24500
2024-08-16,69.12999725341797,70.7300033569336,69.12999725341797,70.44000244140625,70.44000244140625,20600
2024-08-19,70.80999755859375,72.58999633789062,70.80999755859375,72.58999633789062,72.58999633789062,41800
2024-08-20,72.56999969482422,74.11199951171875,72.08999633789062,72.5999984741211,72.5999984741211,17200
2024-08-21,72.62000274658203,73.5999984741211,72.41000366210938,73.31400299072266,73.31400299072266,11100
2024-08-22,72.95999908447266,72.95999908447266,68.0,68.01599884033203,68.01599884033203,46400
2024-08-23,69.62000274658203,71.0,69.12899780273438,70.04000091552734,70.04000091552734,16200
2024-08-26,69.91000366210938,69.97000122070312,67.7249984741211,68.66999816894531,68.66999816894531,14700
2024-08-27,67.87999725341797,69.02999877929688,67.36000061035156,68.0199966430664,68.0199966430664,8300
2024-08-28,68.18000030517578,68.18000030517578,65.0199966430664,66.08999633789062,66.08999633789062,21300
2024-08-29,67.0,69.43000030517578,66.11699676513672,66.16999816894531,66.16999816894531,19500
2024-08-30,67.20999908447266,68.19000244140625,66.0999984741211,68.19000244140625,68.19000244140625,18300
2024-09-03,67.3499984741211,67.3499984741211,62.66999816894531,63.41999816894531,63.41999816894531,33800
2024-09-04,62.45000076293945,64.36000061035156,62.45000076293945,63.66999816894531,63.66999816894531,7300
2024-09-05,63.7400016784668,66.76000213623047,63.7400016784668,65.26000213623047,65.26000213623047,24100
2024-09-06,65.08999633789062,65.12999725341797,59.84000015258789,59.85599899291992,59.85599899291992,29400
2024-09-09,61.25,61.880001068115234,60.0099983215332,61.400001525878906,61.400001525878906,20800
2024-09-10,62.130001068115234,63.58000183105469,61.68999862670898,63.380001068115234,63.380001068115234,18000
2024-09-11,63.810001373291016,66.7699966430664,61.43999862670898,66.72000122070312,66.72000122070312,64800
2024-09-12,66.94000244140625,68.9000015258789,66.5,68.52999877929688,68.52999877929688,18600
2024-09-13,68.5199966430664,69.4000015258789,68.5199966430664,69.30000305175781,69.30000305175781,9900
2024-09-16,68.11000061035156,68.24199676513672,66.87000274658203,68.1500015258789,68.1500015258789,24600
2024-09-17,69.30000305175781,69.9000015258789,67.95999908447266,68.5999984741211,68.5999984741211,19900
2024-09-18,68.9000015258789,70.04000091552734,67.3499984741211,67.98999786376953,67.98999786376953,19100
2024-09-19,71.30999755859375,73.16000366210938,70.59500122070312,72.6050033569336,72.6050033569336,24100
2024-09-20,72.5199966430664,72.97000122070312,71.10399627685547,71.97000122070312,71.97000122070312,20000
2024-09-23,72.29000091552734,72.29000091552734,71.54000091552734,71.69000244140625,71.69000244140625,9200
2024-09-24,72.20999908447266,72.37000274658203,70.02999877929688,72.16300201416016,72.16300201416016,12900
2024-09-25,72.83599853515625,72.83599853515625,71.83999633789062,72.0,72.0,7100
2024-09-26,73.55999755859375,73.55999755859375,70.58999633789062,71.79000091552734,71.79000091552734,12300
2024-09-27,71.83000183105469,71.83000183105469,70.5270004272461,70.73300170898438,70.73300170898438,13400
2024-09-30,70.2699966430664,71.3499984741211,70.0199966430664,71.11000061035156,71.11000061035156,10700
2024-10-01,71.26000213623047,71.26000213623047,68.19000244140625,69.01599884033203,69.01599884033203,16200
2024-10-02,69.37000274658203,70.1500015258789,68.36499786376953,69.79499816894531,69.79499816894531,8200
2024-10-03,69.29000091552734,70.79000091552734,69.01000213623047,70.38099670410156,70.38099670410156,16300
2024-10-04,72.24700164794922,72.88999938964844,71.13300323486328,72.88999938964844,72.88999938964844,10000
2024-10-07,72.19999694824219,72.7750015258789,70.61000061035156,70.86000061035156,70.86000061035156,5700
2024-10-08,72.23999786376953,73.87999725341797,72.19000244140625,73.5999984741211,73.5999984741211,8600
2024-10-09,73.55000305175781,75.13400268554688,73.37999725341797,74.9800033569336,74.9800033569336,9600
2024-10-10,74.72000122070312,76.26200103759766,74.72000122070312,76.11000061035156,76.11000061035156,13200
2024-10-11,75.52999877929688,76.48200225830078,75.52999877929688,76.08999633789062,76.08999633789062,9000
2024-10-14,77.27999877929688,77.87999725341797,76.23999786376953,77.0,77.0,12600
2024-10-15,76.30000305175781,76.30000305175781,73.25,74.2020034790039,74.2020034790039,35300
2024-10-16,74.0999984741211,74.3499984741211,72.66000366210938,74.3499984741211,74.3499984741211,27700
2024-10-17,75.81999969482422,76.12000274658203,74.56600189208984,74.72000122070312,74.72000122070312,30400
2024-10-18,76.06999969482422,76.88999938964844,76.06999969482422,76.29000091552734,76.29000091552734,25100
2024-10-21,76.19999694824219,77.302001953125,75.78800201416016,77.25,77.25,14400
2024-10-22,76.5199966430664,78.12999725341797,76.5199966430664,77.83999633789062,77.83999633789062,7000
2024-10-23,77.16000366210938,77.33000183105469,72.93399810791016,74.98999786376953,74.98999786376953,17700
2024-10-24,75.23999786376953,75.58000183105469,74.44999694824219,75.5009994506836,75.5009994506836,36400
2024-10-25,76.41000366210938,77.9000015258789,75.11399841308594,75.9469985961914,75.9469985961914,20400
2024-10-28,77.18000030517578,77.18000030517578,76.0,76.00399780273438,76.00399780273438,18900
2024-10-29,76.29000091552734,79.12000274658203,75.875,78.70999908447266,78.70999908447266,19400
2024-10-30,79.5,80.0,78.0999984741211,78.16000366210938,78.16000366210938,19500
2024-10-31,76.30000305175781,76.30000305175781,72.9000015258789,73.29000091552734,73.29000091552734,56600
2024-11-01,73.69999694824219,75.62999725341797,73.69999694824219,74.84200286865234,74.84200286865234,31300
2024-11-04,74.5,75.9800033569336,73.66000366210938,74.11299896240234,74.11299896240234,8800
2024-11-05,74.62000274658203,77.3499984741211,74.62000274658203,77.3499984741211,77.3499984741211,19800
2024-11-06,80.0,80.62899780273438,78.48999786376953,80.62899780273438,80.62899780273438,51600
2024-11-07,81.45999908447266,84.81099700927734,81.45999908447266,84.322998046875,84.322998046875,23300
2024-11-08,84.13999938964844,84.37000274658203,82.80000305175781,83.3499984741211,83.3499984741211,29800
2024-11-11,83.55000305175781,83.71900177001953,82.38500213623047,83.54000091552734,83.54000091552734,34900
2024-11-12,83.61000061035156,84.87000274658203,83.30999755859375,84.72100067138672,84.72100067138672,15700
2024-11-13,84.80000305175781,86.7300033569336,84.4800033569336,84.85600280761719,84.85600280761719,19400
2024-11-14,85.2300033569336,85.4800033569336,84.0,84.17500305175781,84.17500305175781,14800
2024-11-15,82.36000061035156,82.36000061035156,78.59100341796875,79.6500015258789,79.6500015258789,54900
2024-11-18,79.4800033569336,81.23999786376953,78.98999786376953,80.55000305175781,80.55000305175781,45600
2024-11-19,79.94999694824219,83.39900207519531,79.93399810791016,83.39900207519531,83.39900207519531,14600
2024-11-20,83.41000366210938,83.41000366210938,80.69999694824219,82.93000030517578,82.93000030517578,19000
2024-11-21,83.89900207519531,84.16999816894531,81.0,82.88999938964844,82.88999938964844,18200
2024-11-22,83.16999816894531,83.58999633789062,82.44999694824219,83.33399963378906,83.33399963378906,7600
2024-11-25,83.87000274658203,84.33999633789062,81.24099731445312,82.11299896240234,82.11299896240234,27200
2024-11-26,82.19000244140625,84.20999908447266,82.19000244140625,84.0469970703125,84.0469970703125,29300
2024-11-27,82.56999969482422,82.56999969482422,80.23600006103516,81.78800201416016,81.78800201416016,26900
2024-11-29,81.75,83.41000366210938,81.51000213623047,83.18499755859375,83.18499755859375,25700
2024-12-02,83.54000091552734,85.47100067138672,83.54000091552734,85.11399841308594,85.11399841308594,25100
2024-12-03,84.70999908447266,87.00199890136719,84.30000305175781,86.78500366210938,86.78500366210938,20500
2024-12-04,88.33999633789062,92.06300354003906,88.30000305175781,90.73899841308594,90.73899841308594,49200
2024-12-05,90.88999938964844,91.7300033569336,90.36000061035156,90.79100036621094,90.79100036621094,24800
2024-12-06,91.1999969482422,93.5,91.1999969482422,93.08899688720705,93.08899688720705,27300
2024-12-09,92.2699966430664,95.7699966430664,90.01000213623047,92.0739974975586,92.0739974975586,21900
2024-12-10,92.08999633789062,94.87999725341795,90.0,91.55599975585938,91.55599975585938,25200
2024-12-11,92.0500030517578,100.0,92.0500030517578,96.38999938964844,96.38999938964844,34500
2024-12-12,97.0,97.0,95.12000274658205,96.02300262451172,96.02300262451172,7300
2024-12-13,96.0199966430664,100.0,96.0199966430664,98.87100219726562,98.87100219726562,18600
2024-12-16,99.27999877929688,106.23999786376952,99.27999877929688,103.7509994506836,103.7509994506836,42500
2024-12-17,102.0,106.25,100.45999908447266,101.58699798583984,101.58699798583984,31700
2024-12-18,101.3949966430664,106.0,92.45600128173828,93.0,93.0,40900
2024-12-19,96.87999725341795,96.87999725341795,93.0,94.98999786376952,94.98999786376952,19400
2024-12-20,90.9499969482422,98.5459976196289,90.9499969482422,95.0,95.0,32900
2024-12-23,96.6500015258789,98.8499984741211,95.7300033569336,97.12100219726562,97.12100219726562,23500
2024-12-24,99.31999969482422,101.04000091552734,98.97000122070312,100.91200256347656,100.91200256347656,18500
2024-12-26,100.5,101.98999786376952,99.38999938964844,100.66200256347656,100.66200256347656,19600
2024-12-27,99.83999633789062,99.83999633789062,95.25,97.61000061035156,97.61000061035156,11300
2024-12-30,92.86000061035156,96.79000091552734,92.86000061035156,95.2480010986328,95.2480010986328,77100
2024-12-31,95.86000061035156,95.86000061035156,91.98999786376952,92.86000061035156,92.86000061035156,17900
2025-01-02,94.2699966430664,95.4499969482422,90.5500030517578,92.41600036621094,92.41600036621094,28300
2025-01-03,93.75,95.97000122070312,93.75,95.97000122070312,95.97000122070312,25300
2025-01-06,97.58000183105467,99.63999938964844,97.58000183105467,98.78600311279295,98.78600311279295,32400
2025-01-07,100.0,100.0,93.9800033569336,93.9800033569336,93.9800033569336,30000
2025-01-08,94.19000244140624,95.46099853515624,92.0999984741211,93.45999908447266,93.45999908447266,19400
2025-01-10,92.19000244140624,92.19000244140624,88.12999725341797,90.0999984741211,90.0999984741211,26600
2025-01-13,87.02999877929688,88.65499877929688,86.52999877929688,88.65499877929688,88.65499877929688,47600
2025-01-14,90.41000366210938,90.55899810791016,86.9000015258789,87.875,87.875,19700
2025-01-15,90.54000091552734,93.41999816894533,90.17400360107422,92.89800262451172,92.89800262451172,17100
2025-01-16,94.62000274658205,94.62000274658205,91.18499755859376,91.18499755859376,91.18499755859376,10500
2025-01-17,94.44000244140624,94.9000015258789,92.37000274658205,93.91300201416016,93.91300201416016,11900
2025-01-21,95.41000366210938,96.33999633789062,94.0999984741211,96.13999938964844,96.13999938964844,20900
2025-01-22,100.0500030517578,102.17400360107422,99.97000122070312,100.87000274658205,100.87000274658205,31600
2025-01-23,100.86000061035156,102.16300201416016,100.4000015258789,102.16300201416016,102.16300201416016,15700
2025-01-24,103.48999786376952,103.51000213623048,100.81400299072266,101.30999755859376,101.30999755859376,13900
2025-01-27,93.12999725341795,97.2300033569336,92.27999877929688,94.31300354003906,94.31300354003906,44900
2025-01-28,95.72000122070312,101.29000091552734,94.33999633789062,101.29000091552734,101.29000091552734,42100
2025-01-29,100.62999725341795,100.62999725341795,97.5,98.12999725341795,98.12999725341795,17600
2025-01-30,98.22000122070312,98.3499984741211,94.80999755859376,97.0500030517578,97.0500030517578,12200
2025-01-31,98.01000213623048,100.5199966430664,96.84500122070312,97.62000274658205,97.62000274658205,14000
2025-02-03,93.48999786376952,96.4000015258789,92.69000244140624,96.01000213623048,96.01000213623048,15500
2025-02-04,96.58499908447266,98.4800033569336,96.58499908447266,98.3209991455078,98.3209991455078,8700
2025-02-05,96.83000183105467,99.27999877929688,96.66000366210938,98.8499984741211,98.8499984741211,14700
2025-02-06,98.9000015258789,100.51000213623048,98.9000015258789,100.35199737548828,100.35199737548828,6200
2025-02-07,100.51000213623048,101.12999725341795,97.3499984741211,97.85299682617188,97.85299682617188,10300
2025-02-10,98.8499984741211,101.47799682617188,98.8499984741211,100.51000213623048,100.51000213623048,13200
2025-02-11,99.7300033569336,100.625,99.0,100.12000274658205,100.12000274658205,5900
2025-02-12,98.62999725341795,100.4749984741211,98.08000183105467,99.9499969482422,99.9499969482422,9800
2025-02-13,100.0,102.9990005493164,99.5,102.9990005493164,102.9990005493164,21700
2025-02-14,103.06999969482422,104.37999725341795,101.99500274658205,104.37999725341795,104.37999725341795,9600
2025-02-18,104.44000244140624,104.44000244140624,100.87000274658205,101.87000274658205,101.87000274658205,23700
2025-02-19,102.55999755859376,102.55999755859376,99.95999908447266,101.66999816894533,101.66999816894533,14300
2025-02-20,101.98999786376952,101.98999786376952,97.27999877929688,99.9000015258789,99.9000015258789,7900
2025-02-21,100.20999908447266,100.20999908447266,93.16999816894533,94.0,94.0,34600
2025-02-24,94.5999984741211,95.43000030517578,89.83999633789062,89.83999633789062,89.83999633789062,28500
2025-02-25,89.2300033569336,89.2300033569336,85.0,87.11000061035156,87.11000061035156,23100
2025-02-26,88.2300033569336,91.6999969482422,88.2300033569336,90.58000183105467,90.58000183105467,21300
2025-02-27,92.01000213623048,92.0999984741211,83.33999633789062,83.33999633789062,83.33999633789062,41600
2025-02-28,83.0,86.55999755859375,82.5999984741211,86.36000061035156,86.36000061035156,18500
2025-03-03,88.18000030517578,88.41999816894531,80.19999694824219,81.38600158691406,81.38600158691406,23100
2025-03-04,79.54000091552734,83.91000366210938,75.61000061035156,82.0,82.0,67300
2025-03-05,80.92500305175781,83.58999633789062,78.86000061035156,83.05000305175781,83.05000305175781,36700
2025-03-06,78.76000213623047,81.55000305175781,75.48999786376953,76.65799713134766,76.65799713134766,54700
2025-03-07,76.62000274658203,77.77999877929688,71.81999969482422,76.36699676513672,76.36699676513672,31300
2025-03-10,73.18000030517578,73.18000030517578,67.0,68.83300018310547,68.83300018310547,67800
2025-03-11,69.06999969482422,73.41999816894531,69.06999969482422,71.43900299072266,71.43900299072266,30700
2025-03-12,74.62000274658203,75.86000061035156,73.70999908447266,74.86000061035156,74.86000061035156,22800
2025-03-13,74.12000274658203,74.12000274658203,70.12000274658203,70.46199798583984,70.46199798583984,20100
2025-03-14,72.93000030517578,75.37999725341797,72.87000274658203,75.36599731445312,75.36599731445312,26800
2025-03-17,75.30000305175781,77.2699966430664,74.62999725341797,75.94100189208984,75.94100189208984,36100
2025-03-18,74.125,74.23999786376953,71.73999786376953,73.0,73.0,13700
2025-03-19,73.29000091552734,77.01000213623047,73.13999938964844,75.56400299072266,75.56400299072266,25400
2025-03-20,75.33999633789062,76.87000274658203,73.69999694824219,74.4000015258789,74.4000015258789,16700
2025-03-21,72.5,74.83999633789062,72.5,74.83999633789062,74.83999633789062,8000
2025-03-24,77.44999694824219,78.31300354003906,77.0,78.31300354003906,78.31300354003906,20900
2025-03-25,79.02999877929688,80.73999786376953,79.02999877929688,80.11599731445312,80.11599731445312,18000
2025-03-26,78.0999984741211,78.0999984741211,74.91000366210938,75.33399963378906,75.33399963378906,13100
2025-03-27,74.8499984741211,75.44000244140625,74.0,74.16699981689453,74.16699981689453,10400
2025-03-28,72.80999755859375,73.3499984741211,68.31999969482422,68.86699676513672,68.86699676513672,48700
2025-03-31,66.2300033569336,68.43000030517578,64.0,68.24199676513672,68.24199676513672,35000
2025-04-01,69.0199966430664,70.0,67.83000183105469,69.88999938964844,69.88999938964844,12400
2025-04-02,67.54000091552734,72.4000015258789,67.54000091552734,71.30999755859375,71.30999755859375,15500
2025-04-03,63.97999954223633,64.76000213623047,61.95600128173828,61.95600128173828,61.95600128173828,28800
2025-04-04,57.880001068115234,58.209999084472656,54.650001525878906,54.650001525878906,54.650001525878906,79800
2025-04-07,48.66999816894531,60.43000030517578,48.66999816894531,56.47200012207031,56.47200012207031,125200
2025-04-08,62.09000015258789,63.02999877929688,53.56800079345703,55.40999984741211,55.40999984741211,55700
2025-04-09,55.130001068115234,71.05000305175781,55.130001068115234,71.05000305175781,71.05000305175781,70700
2025-04-10,66.62999725341797,66.63999938964844,59.93999862670898,64.41000366210938,64.41000366210938,38500
2025-04-11,62.68999862670898,66.80000305175781,62.68999862670898,66.80000305175781,66.80000305175781,25600
2025-04-14,70.05999755859375,70.05999755859375,65.69999694824219,66.13999938964844,66.13999938964844,28600
2025-04-15,67.59700012207031,68.98999786376953,67.19999694824219,67.63700103759766,67.63700103759766,10200
2025-04-16,64.80000305175781,66.08000183105469,61.0,62.77999877929688,62.77999877929688,16800
2025-04-17,64.37999725341797,64.37999725341797,61.5099983215332,61.8650016784668,61.8650016784668,8000
2025-04-21,60.040000915527344,60.060001373291016,57.02000045776367,58.540000915527344,58.540000915527344,16100
2025-04-22,60.61000061035156,62.81999969482422,60.54999923706055,61.935001373291016,61.935001373291016,17200
2025-04-23,66.80000305175781,68.73999786376953,65.58999633789062,66.1500015258789,66.1500015258789,42000
2025-04-24,68.44000244140625,73.19400024414062,68.41999816894531,73.19400024414062,73.19400024414062,22900
2025-04-25,74.37000274658203,75.9800033569336,73.01000213623047,75.9800033569336,75.9800033569336,22100
2025-04-28,76.16000366210938,76.16000366210938,73.0,75.47000122070312,75.47000122070312,25100
2025-04-29,74.87000274658203,76.38999938964844,74.87000274658203,76.1760025024414,76.1760025024414,9200
2025-04-30,73.0,76.0,71.26000213623047,76.0,76.0,18900
2025-05-01,80.44000244140625,81.29000091552734,78.9749984741211,79.55000305175781,79.55000305175781,34300
2025-05-02,81.30999755859375,82.86399841308594,80.08000183105469,82.16000366210938,82.16000366210938,25500
2025-05-05,80.91999816894531,82.08999633789062,80.01000213623047,80.56900024414062,80.56900024414062,21200
2025-05-06,79.5,81.16000366210938,78.5510025024414,80.0,80.0,31200
2025-05-07,78.7699966430664,80.80000305175781,77.4000015258789,79.02999877929688,79.02999877929688,24200
2025-05-08,81.80999755859375,82.55999755859375,79.79499816894531,81.70999908447266,81.70999908447266,22100
2025-05-09,80.99500274658203,81.18000030517578,78.46199798583984,79.87000274658203,79.87000274658203,25300
2025-05-12,86.05000305175781,87.30999755859375,84.26000213623047,86.19999694824219,86.19999694824219,59200
2025-05-13,88.0,92.64700317382812,87.41999816894531,91.3499984741211,91.3499984741211,88700
2025-05-14,91.87000274658205,93.16999816894533,90.81999969482422,92.12999725341795,92.12999725341795,29700
2025-05-15,90.23999786376952,92.88999938964844,90.13999938964844,90.80999755859376,90.80999755859376,25400
2025-05-16,91.80999755859376,93.54000091552734,90.62999725341795,92.51000213623048,92.51000213623048,79200
2025-05-19,89.9800033569336,92.76000213623048,89.66999816894531,92.76000213623048,92.76000213623048,67700
2025-05-20,91.36000061035156,91.94000244140624,90.58000183105467,91.7699966430664,91.7699966430664,24700
2025-05-21,90.0999984741211,93.69000244140624,89.01000213623047,90.27999877929688,90.27999877929688,30500
2025-05-22,90.43000030517578,92.66999816894533,90.0199966430664,91.08999633789062,91.08999633789062,15800
2025-05-23,88.5,90.69000244140624,87.68000030517578,89.94000244140625,89.94000244140625,20500
2025-05-27,92.41999816894533,94.61000061035156,91.79000091552734,94.61000061035156,94.61000061035156,30500
2025-05-28,94.93000030517578,95.58999633789062,93.38099670410156,94.93000030517578,94.93000030517578,23100
2025-05-29,97.2300033569336,97.2300033569336,93.04000091552734,94.0,94.0,29300
2025-05-30,94.33000183105467,94.33000183105467,90.37999725341795,94.23500061035156,94.23500061035156,18400
2025-06-02,92.9000015258789,96.51000213623048,92.9000015258789,96.2030029296875,96.2030029296875,16100
2025-06-03,97.13999938964844,98.4499969482422,96.0,97.57599639892578,97.57599639892578,30200
2025-06-04,97.01000213623048,98.5500030517578,96.8000030517578,98.18299865722656,98.18299865722656,19500
2025-06-05,98.61000061035156,100.63999938964844,97.77899932861328,98.5999984741211,98.5999984741211,32100
2025-06-06,100.0,100.375,99.05999755859376,99.4000015258789,99.4000015258789,19800
2025-06-09,99.98999786376952,100.0999984741211,98.83000183105467,99.23999786376952,99.23999786376952,14400
2025-06-10,99.0,99.88999938964844,97.80999755859376,99.55999755859376,99.55999755859376,20200
2025-06-11,99.72000122070312,100.95999908447266,99.02999877929688,99.47599792480467,99.47599792480467,14800
2025-06-12,99.08000183105467,100.83999633789062,99.08000183105467,100.28900146484376,100.28900146484376,45500
2025-06-13,97.62999725341795,99.54000091552734,97.08000183105467,98.22000122070312,98.22000122070312,41600
2025-06-16,99.16999816894533,100.8499984741211,99.12999725341795,100.13500213623048,100.13500213623048,22700
2025-06-17,99.1999969482422,100.52999877929688,99.16999816894533,99.96299743652344,99.96299743652344,16700
2025-06-18,100.30999755859376,100.93000030517578,98.73999786376952,98.8499984741211,98.8499984741211,20400
2025-06-20,99.44000244140624,100.0,96.23899841308594,96.8499984741211,96.8499984741211,22900
2025-06-23,96.1999969482422,98.7229995727539,94.66000366210938,98.7229995727539,98.7229995727539,20400
2025-06-24,100.79000091552734,101.87999725341795,100.27999877929688,101.22000122070312,101.22000122070312,26400
2025-06-25,102.31999969482422,104.51000213623048,102.31999969482422,103.9499969482422,103.9499969482422,39000
2025-06-26,104.4800033569336,107.5270004272461,104.08000183105467,107.4499969482422,107.4499969482422,60900
2025-06-27,108.16999816894533,109.31999969482422,106.36000061035156,109.31999969482422,109.31999969482422,51700
2025-06-30,110.9000015258789,110.91999816894533,108.9800033569336,110.52999877929688,110.52999877929688,29000
2025-07-01,109.52999877929688,110.04000091552734,105.0999984741211,106.0999984741211,106.0999984741211,27300
2025-07-02,106.16000366210938,108.3000030517578,105.81099700927734,107.87000274658205,107.87000274658205,25800
2025-07-03,109.6999969482422,111.98999786376952,109.45999908447266,111.10700225830078,111.10700225830078,28900
2025-07-07,110.0999984741211,110.52999877929688,109.1449966430664,109.91000366210938,109.91000366210938,23700
2025-07-08,110.06999969482422,110.06999969482422,107.76000213623048,108.80999755859376,108.80999755859376,16000
2025-07-09,110.02999877929688,111.5,109.73999786376952,111.02799987792967,111.02799987792967,28800
2025-07-10,111.0,111.0,107.11000061035156,108.0,108.0,33500
2025-07-11,107.5,108.16999816894533,106.79000091552734,107.7300033569336,107.7300033569336,26600
2025-07-14,106.47000122070312,108.80500030517578,105.51000213623048,108.26000213623048,108.26000213623048,133300
2025-07-15,110.0,110.88999938964844,109.3499984741211,109.375,109.375,62800
2025-07-16,109.73999786376952,109.73999786376952,107.12999725341795,108.4540023803711,108.4540023803711,76400
2025-07-17,108.9000015258789,110.83999633789062,108.51499938964844,110.4250030517578,110.4250030517578,56300
2025-07-18,110.22000122070312,110.22000122070312,107.70999908447266,109.39700317382812,109.39700317382812,23800
2025-07-21,109.37999725341795,111.80999755859376,109.37999725341795,111.09500122070312,111.09500122070312,29100
2025-07-22,111.41000366210938,111.41000366210938,107.55699920654295,108.60399627685548,108.60399627685548,40200
2025-07-23,108.58999633789062,109.1999969482422,106.94000244140624,108.54000091552734,108.54000091552734,17900
2025-07-24,112.2300033569336,113.0,110.38999938964844,111.11000061035156,111.11000061035156,23000
2025-07-25,112.13999938964844,112.25,111.0,111.69000244140624,111.69000244140624,27900
2025-07-28,112.6500015258789,113.125,111.9250030517578,112.7699966430664,112.7699966430664,16100
2025-07-29,113.98999786376952,114.72000122070312,111.5500030517578,111.5500030517578,111.5500030517578,24400
2025-07-30,111.72000122070312,112.79000091552734,111.01000213623048,112.16999816894533,112.16999816894533,9900
2025-07-31,118.37999725341795,118.37999725341795,112.11000061035156,112.7519989013672,112.7519989013672,26500
2025-08-01,108.95999908447266,109.22000122070312,105.0,107.44000244140624,107.44000244140624,38200
2025-08-04,108.6500015258789,111.33999633789062,108.6500015258789,110.4800033569336,110.4800033569336,25200
2025-08-05,111.54000091552734,111.93699645996094,107.9000015258789,107.9000015258789,107.9000015258789,13800
2025-08-06,108.48999786376952,112.48999786376952,108.48999786376952,112.48999786376952,112.48999786376952,19800
2025-08-07,113.72000122070312,114.02999877929688,109.19000244140624,110.7300033569336,110.7300033569336,11700
2025-08-08,111.58000183105467,113.48999786376952,111.5,113.33000183105467,113.33000183105467,10800
2025-08-11,113.98999786376952,114.9800033569336,112.25900268554688,112.7959976196289,112.7959976196289,20000
2025-08-12,115.0999984741211,116.19000244140624,113.12000274658205,115.78399658203124,115.78399658203124,6400
2025-08-13,117.0,117.02999877929688,114.62100219726562,115.33000183105467,115.33000183105467,11300
2025-08-14,114.37999725341795,116.97000122070312,114.37999725341795,116.01000213623048,116.01000213623048,22100
2025-08-15,116.0199966430664,116.37000274658205,115.01000213623048,115.81600189208984,115.81600189208984,13300
2025-08-18,115.29000091552734,115.80999755859376,113.9000015258789,115.45999908447266,115.45999908447266,22400
2025-08-19,113.79000091552734,113.8000030517578,110.37999725341795,111.12000274658205,111.12000274658205,18600
2025-08-20,110.47000122070312,110.47000122070312,106.27999877929688,109.4800033569336,109.4800033569336,20200
2025-08-21,109.61000061035156,109.61000061035156,107.22000122070312,107.86000061035156,107.86000061035156,6900
2025-08-22,107.94000244140624,112.30999755859376,107.94000244140624,112.30999755859376,112.30999755859376,16100
2025-08-25,110.9800033569336,113.8499984741211,110.9800033569336,112.12899780273438,112.12899780273438,9800
2025-08-26,111.88999938964844,112.37999725341795,111.37000274658205,112.05999755859376,112.05999755859376,6700
2025-08-27,112.4000015258789,113.95999908447266,112.4000015258789,113.38999938964844,113.38999938964844,18100
2025-08-28,113.0999984741211,117.76000213623048,113.0999984741211,117.58499908447266,117.58499908447266,15900
2025-08-29,116.63999938964844,116.63999938964844,112.5,113.41999816894533,113.41999816894533,20000
2025-09-02,110.08999633789062,111.55999755859376,108.02999877929688,110.4000015258789,110.4000015258789,14600
2025-09-03,114.22000122070312,115.45099639892578,113.04499816894533,114.87999725341795,114.87999725341795,16400
2025-09-04,116.3499984741211,117.79000091552734,114.04199981689452,117.73999786376952,117.73999786376952,8100
2025-09-05,121.11000061035156,121.97000122070312,118.16999816894533,118.41000366210938,118.41000366210938,32600
2025-09-08,120.02999877929688,122.98999786376952,120.02999877929688,121.76000213623048,121.76000213623048,18100
2025-09-09,122.0199966430664,122.33899688720705,120.86000061035156,121.77999877929688,121.77999877929688,14900
2025-09-10,124.47000122070312,125.1449966430664,122.01000213623048,123.76000213623048,123.76000213623048,15200
2025-09-11,124.01000213623048,124.8000030517578,122.6500015258789,123.12799835205078,123.12799835205078,15800
2025-09-12,122.8000030517578,123.9000015258789,122.55999755859376,123.13800048828124,123.13800048828124,7100
2025-09-15,124.58999633789062,127.5500030517578,124.25,127.5500030517578,127.5500030517578,14500
2025-09-16,128.13999938964844,128.13999938964844,126.0199966430664,126.9800033569336,126.9800033569336,13500
2025-09-17,125.8000030517578,126.3499984741211,122.0999984741211,125.52999877929688,125.52999877929688,23100
2025-09-18,128.97000122070312,129.2100067138672,127.6790008544922,128.8800048828125,128.8800048828125,28300
2025-09-19,129.2100067138672,131.1199951171875,129.2010040283203,130.61000061035156,130.61000061035156,9900
2025-09-22,130.27000427246094,131.1999969482422,129.16000366210938,129.22000122070312,129.22000122070312,30700
2025-09-23,130.1999969482422,130.25999450683594,126.12999725341795,126.37000274658205,126.37000274658205,18000
2025-09-24,128.75999450683594,128.75999450683594,124.28800201416016,125.83000183105467,125.83000183105467,10700
2025-09-25,123.52999877929688,125.56999969482422,122.6999969482422,124.8000030517578,124.8000030517578,10900
2025-09-26,125.31999969482422,125.86299896240234,124.0,125.40399932861328,125.40399932861328,13700
2025-09-29,125.41000366210938,128.1199951171875,125.41000366210938,125.98999786376952,125.98999786376952,13300
2025-09-30,125.26000213623048,125.88999938964844,123.10299682617188,125.33999633789062,125.33999633789062,14000
2025-10-01,123.01000213623048,126.27999877929688,123.01000213623048,125.87999725341795,125.87999725341795,20300
2025-10-02,126.6999969482422,126.6999969482422,125.0,126.25399780273438,126.25399780273438,11900
2025-10-03,127.31199645996094,127.31199645996094,124.34300231933594,125.10099792480467,125.10099792480467,10400
2025-10-06,124.02999877929688,126.3499984741211,124.0,125.75,125.75,16400
2025-10-07,126.25499725341795,126.25499725341795,123.33000183105467,124.30999755859376,124.30999755859376,37100
2025-10-08,124.81999969482422,128.9080047607422,124.81999969482422,128.3090057373047,128.3090057373047,10200
2025-10-09,128.99000549316406,129.24899291992188,127.37000274658205,129.08799743652344,129.08799743652344,9500
2025-10-10,130.0,130.49400329589844,120.16999816894533,120.29299926757812,120.29299926757812,30500
2025-10-13,126.16999816894533,127.4010009765625,124.0,126.62999725341795,126.62999725341795,11600
2025-10-14,124.1999969482422,125.9000015258789,121.0,122.68000030517578,122.68000030517578,14900
2025-10-15,124.9499969482422,125.95999908447266,123.22000122070312,123.2699966430664,123.2699966430664,9200
2025-10-16,124.26000213623048,126.25,121.0,122.19000244140624,122.19000244140624,11900
2025-10-17,121.12000274658205,124.16999816894533,120.4499969482422,124.08300018310548,124.08300018310548,14900
2025-10-20,124.81999969482422,128.83399963378906,124.81999969482422,127.73999786376952,127.73999786376952,15000
2025-10-21,129.16000366210938,129.16000366210938,127.51399993896484,128.61000061035156,128.61000061035156,6000
2025-10-22,127.3000030517578,127.3000030517578,122.5199966430664,124.83200073242188,124.83200073242188,12300
2025-10-23,126.12000274658205,127.3499984741211,125.55999755859376,126.93399810791016,126.93399810791016,6800
2025-10-24,128.72000122070312,130.25999450683594,128.72000122070312,130.2100067138672,130.2100067138672,11700
2025-10-27,133.49899291992188,134.30499267578125,132.60299682617188,133.91099548339844,133.91099548339844,19800
2025-10-28,136.8000030517578,138.4949951171875,135.65499877929688,138.30999755859375,138.30999755859375,12600
2025-10-29,139.75999450683594,140.86900329589844,138.0,139.85400390625,139.85400390625,7700
2025-10-30,137.5800018310547,138.0800018310547,134.3300018310547,134.3300018310547,134.3300018310547,19300
2025-10-31,140.00999450683594,140.5399932861328,136.00999450683594,136.33900451660156,136.33900451660156,8600
2025-11-03,139.9600067138672,139.9600067138672,136.61000061035156,136.82000732421875,136.82000732421875,12600
2025-11-04,133.9600067138672,135.95199584960938,131.0800018310547,131.55299377441406,131.55299377441406,24800
2025-11-05,130.57000732421875,133.02200317382812,130.47000122070312,132.2239990234375,132.2239990234375,7300
2025-11-06,130.5,130.5,127.4499969482422,128.56199645996094,128.56199645996094,11900
2025-11-07,126.5,127.36000061035156,122.56999969482422,127.36000061035156,127.36000061035156,18500
2025-11-10,132.38999938964844,133.9499969482422,131.44000244140625,133.8560028076172,133.8560028076172,23100
2025-11-11,133.4600067138672,133.70199584960938,131.3179931640625,133.45399475097656,133.45399475097656,8000
2025-11-12,131.5,132.0050048828125,130.0,131.98599243164062,131.98599243164062,8000
2025-11-13,128.1999969482422,130.0,125.0,126.37999725341795,126.37999725341795,13400
2025-11-14,122.01000213623048,127.95999908447266,121.0,126.41200256347656,126.41200256347656,12900
2025-11-17,126.58000183105467,127.8499984741211,122.8499984741211,124.12999725341795,124.12999725341795,8400
2025-11-18,122.27999877929688,122.98699951171876,119.62999725341795,121.20999908447266,121.20999908447266,19700
2025-11-19,120.66999816894533,125.20999908447266,120.66999816894533,122.66999816894533,122.66999816894533,16900
2025-11-20,127.75599670410156,129.00999450683594,117.4499969482422,117.99099731445312,117.99099731445312,22500
2025-11-21,118.43000030517578,120.2699966430664,114.45999908447266,117.55999755859376,117.55999755859376,24100
2025-11-24,120.12999725341795,126.13200378417967,120.12999725341795,126.13200378417967,126.13200378417967,19900
2025-11-25,126.8000030517578,127.93399810791016,123.0,127.93399810791016,127.93399810791016,8200
2025-11-26,128.6199951171875,129.90899658203125,126.87999725341795,128.30499267578125,128.30499267578125,8200
2025-11-28,128.88999938964844,130.25,128.88999938964844,130.21400451660156,130.21400451660156,3800
2025-12-01,128.61000061035156,129.13699340820312,127.5,128.93800354003906,128.93800354003906,3700
2025-12-02,130.02999877929688,132.0,129.99000549316406,131.0749969482422,131.0749969482422,8200
2025-12-03,128.83999633789062,129.8800048828125,126.2699966430664,128.58999633789062,128.58999633789062,16600
2025-12-04,130.69000244140625,130.69000244140625,128.13999938964844,128.7790069580078,128.7790069580078,2800
2025-12-05,128.67999267578125,130.42999267578125,128.67999267578125,129.41000366210938,129.41000366210938,5200
2025-12-08,130.84300231933594,131.27000427246094,128.79299926757812,128.822998046875,128.822998046875,8800
2025-12-09,128.50999450683594,130.072998046875,128.22000122070312,129.6199951171875,129.6199951171875,9700
2025-12-10,129.0,130.0,127.83999633789062,129.66200256347656,129.66200256347656,8100
2025-12-11,128.1999969482422,128.92100524902344,126.16999816894533,128.0800018310547,128.0800018310547,8900
2025-12-12,127.08000183105467,127.08000183105467,121.33000183105467,122.18900299072266,122.18900299072266,11600
2025-12-15,121.22000122070312,121.22000122070312,116.0199966430664,116.18000030517578,116.18000030517578,29400
2025-12-16,116.1500015258789,118.27999877929688,115.94000244140624,117.30999755859376,117.30999755859376,5300
2025-12-17,117.33999633789062,117.33999633789062,113.0999984741211,113.0999984741211,113.0999984741211,10700
2025-12-18,116.16000366210938,116.33999633789062,114.33000183105467,115.18000030517578,115.18000030517578,7000
2025-12-19,117.4499969482422,118.22000122070312,116.70999908447266,117.70999908447266,117.70999908447266,12400
2025-12-22,118.79000091552734,119.19200134277344,118.2300033569336,118.64299774169922,118.64299774169922,5000
2025-12-23,119.0,121.0199966430664,119.0,120.8209991455078,120.8209991455078,8900
2025-12-24,120.56999969482422,121.31600189208984,120.5199966430664,121.31600189208984,121.31600189208984,3200
2025-12-26,120.93000030517578,121.58000183105467,120.90799713134766,120.90799713134766,120.90799713134766,6300
2025-12-29,120.04000091552734,120.79000091552734,118.4000015258789,118.9800033569336,118.9800033569336,21900
2025-12-30,118.45999908447266,119.71900177001952,117.9499969482422,117.9499969482422,117.9499969482422,4300
2025-12-31,118.0,118.95999908447266,116.52999877929688,116.52999877929688,116.52999877929688,16900
2026-01-02,119.76000213623048,119.76000213623048,112.75,112.94000244140624,112.94000244140624,15200
2026-01-05,115.27999877929688,115.6999969482422,114.05999755859376,114.19000244140624,114.19000244140624,8300
2026-01-06,114.7249984741211,116.20999908447266,113.38999938964844,115.98999786376952,115.98999786376952,10600
2026-01-07,116.0,119.5500030517578,116.0,117.76000213623048,117.76000213623048,7000
2026-01-08,118.01000213623048,118.01000213623048,114.51000213623048,115.1719970703125,115.1719970703125,3800
2026-01-09,115.26000213623048,116.93000030517578,115.02999877929688,116.75299835205078,116.75299835205078,7000
2026-01-12,116.05999755859376,117.66000366210938,115.4800033569336,116.7300033569336,116.7300033569336,11100
2026-01-13,116.69000244140624,118.08100128173828,115.0,116.47000122070312,116.47000122070312,4700
2026-01-14,115.48999786376952,115.48999786376952,111.0,112.4800033569336,112.4800033569336,13800
2026-01-15,114.93000030517578,115.1510009765625,112.6719970703125,112.6719970703125,112.6719970703125,6700
2026-01-16,113.72000122070312,114.18000030517578,112.0,112.0199966430664,112.0199966430664,6900
2026-01-20,108.33999633789062,109.37000274658205,105.48999786376952,105.48999786376952,105.48999786376952,19000
2026-01-21,104.88999938964844,107.0,103.05999755859376,105.52999877929688,105.52999877929688,42000
2026-01-22,108.33000183105467,108.41000366210938,107.12999725341795,107.63800048828124,107.63800048828124,9200
2026-01-23,107.7699966430664,110.6449966430664,107.30999755859376,109.80999755859376,109.80999755859376,7000
2026-01-26,110.16000366210938,113.43000030517578,110.16000366210938,111.9000015258789,111.9000015258789,13200
2026-01-27,113.47000122070312,115.0,113.47000122070312,114.3499984741211,114.3499984741211,17300
2026-01-28,115.33000183105467,115.5,112.4530029296875,112.81999969482422,112.81999969482422,18900
2026-01-29,110.0,110.95899963378906,105.4800033569336,110.87000274658205,110.87000274658205,18400
2026-01-30,109.66000366210938,110.81999969482422,108.4000015258789,108.77999877929688,108.77999877929688,11400
2026-02-02,108.3499984741211,110.8949966430664,108.3499984741211,108.8499984741211,108.8499984741211,19400
2026-02-03,111.30999755859376,111.30999755859376,103.41000366210938,105.5,105.5,19200
2026-02-04,105.12999725341795,105.1999969482422,98.2699966430664,100.29000091552734,100.29000091552734,22800
2026-02-05,98.30999755859376,99.61000061035156,94.79000091552734,95.48999786376952,95.48999786376952,17200
2026-02-06,96.63999938964844,99.43000030517578,94.9540023803711,98.7699966430664,98.7699966430664,26700
2026-02-09,98.5999984741211,102.8249969482422,98.08999633789062,102.02999877929688,102.02999877929688,8400
2026-02-10,102.79000091552734,102.79000091552734,100.63999938964844,100.63999938964844,100.63999938964844,2800
2026-02-11,101.87000274658205,102.01300048828124,98.63999938964844,98.9800033569336,98.9800033569336,10800
2026-02-12,99.4499969482422,99.4499969482422,93.35099792480467,93.7300033569336,93.7300033569336,12700
2026-02-13,92.87999725341795,95.27999877929688,92.44000244140624,92.9000015258789,92.9000015258789,6800
2026-02-17,91.58999633789062,94.25700378417967,89.94000244140625,93.54000091552734,93.54000091552734,13900
2026-02-18,94.06999969482422,96.77999877929688,93.54000091552734,95.11000061035156,95.11000061035156,8900
2026-02-19,94.48999786376952,95.66999816894533,94.17400360107422,94.83999633789062,94.83999633789062,9600
2026-02-20,94.0199966430664,98.55999755859376,94.0199966430664,96.28700256347656,96.28700256347656,24600
2026-02-23,95.43000030517578,95.45999908447266,90.83000183105467,91.31999969482422,91.31999969482422,22400
2026-02-24,90.73999786376952,92.94000244140624,90.73999786376952,92.37000274658205,92.37000274658205,9000
2026-02-25,93.97000122070312,97.0,93.97000122070312,96.6999969482422,96.6999969482422,13600
2026-02-26,96.70999908447266,96.70999908447266,94.0,95.5,95.5,8900
2026-02-27,94.83999633789062,95.9010009765625,93.7300033569336,95.9010009765625,95.9010009765625,3100
2026-03-02,94.06999969482422,98.66000366210938,94.06999969482422,98.0999984741211,98.0999984741211,7400
2026-03-03,94.63999938964844,98.5,94.3249969482422,98.16999816894533,98.16999816894533,13600
2026-03-04,98.43000030517578,102.4469985961914,98.43000030517578,101.48999786376952,101.48999786376952,7500
2026-03-05,102.58999633789062,103.98999786376952,101.5,103.16000366210938,103.16000366210938,12700
2026-03-06,101.22000122070312,103.41699981689452,101.22000122070312,101.44000244140624,101.44000244140624,8500
2026-03-09,99.05999755859376,104.19400024414062,99.05999755859376,103.81999969482422,103.81999969482422,10800
2026-03-10,104.66000366210938,104.66000366210938,102.5500030517578,103.33000183105467,103.33000183105467,8700
2026-03-11,104.31999969482422,105.1999969482422,102.36000061035156,103.1999969482422,103.1999969482422,9700
2026-03-12,102.55500030517578,102.55500030517578,100.83999633789062,101.0,101.0,2800
2026-03-13,100.9499969482422,101.47000122070312,97.63999938964844,97.70999908447266,97.70999908447266,8000
2026-03-16,99.68000030517578,99.68000030517578,99.04000091552734,99.06999969482422,99.06999969482422,6600
2026-03-17,100.62999725341795,100.62999725341795,99.4990005493164,99.83000183105467,99.83000183105467,5400
2026-03-18,99.04000091552734,100.41500091552734,97.54000091552734,97.54000091552734,97.54000091552734,2000
2026-03-19,96.5,96.6989974975586,95.4729995727539,96.6989974975586,96.6989974975586,15100
2026-03-20,95.58000183105467,95.58000183105467,91.4499969482422,91.9800033569336,91.9800033569336,6800
2026-03-23,94.97000122070312,96.625,94.36000061035156,95.09600067138672,95.09600067138672,11200
2026-03-24,93.97000122070312,94.13999938964844,91.02999877929688,91.15899658203124,91.15899658203124,8000
2026-03-25,92.6999969482422,93.33999633789062,91.74199676513672,91.96199798583984,91.96199798583984,5800
2026-03-26,90.22000122070312,90.22000122070312,86.05000305175781,86.05000305175781,86.05000305175781,5100
2026-03-27,85.0999984741211,85.0999984741211,82.06999969482422,82.42500305175781,82.42500305175781,21800
2026-03-30,83.5,83.5,79.05500030517578,80.09300231933594,80.09300231933594,6800
2026-03-31,81.81999969482422,87.4800033569336,81.81999969482422,87.2490005493164,87.2490005493164,18500
2026-04-01,88.93000030517578,91.48999786376952,88.66000366210938,89.82099914550781,89.82099914550781,6500
2026-04-02,86.2699966430664,90.9810028076172,86.18199920654297,90.74600219726562,90.74600219726562,10700
2026-04-06,92.16999816894533,92.58999633789062,91.23999786376952,91.80699920654295,91.80699920654295,12600
2026-04-07,91.5199966430664,93.30999755859376,89.69999694824219,93.30999755859376,93.30999755859376,8300
2026-04-08,100.20999908447266,100.20999908447266,97.11000061035156,98.13999938964844,98.13999938964844,17400
2026-04-09,99.01000213623048,100.31500244140624,96.55999755859376,100.31500244140624,100.31500244140624,12700
2026-04-10,100.83999633789062,102.44000244140624,100.83999633789062,101.75900268554688,101.75900268554688,11500
2026-04-13,101.15499877929688,104.3949966430664,100.91000366210938,104.3949966430664,104.3949966430664,8200
2026-04-14,106.01000213623048,111.0,106.01000213623048,110.8730010986328,110.8730010986328,23600
2026-04-15,111.91999816894533,115.23600006103516,111.91999816894533,115.23600006103516,115.23600006103516,23800
2026-04-16,116.08000183105467,116.43000030517578,113.5999984741211,115.88300323486328,115.88300323486328,14500
2026-04-17,115.68000030517578,117.1999969482422,115.23500061035156,116.48899841308594,116.48899841308594,18500
2026-04-20,115.55999755859376,115.55999755859376,111.6999969482422,113.7040023803711,113.7040023803711,16500
2026-04-21,113.98999786376952,115.02999877929688,112.71399688720705,112.71399688720705,112.71399688720705,4700
2026-04-22,115.6500015258789,119.6259994506836,115.6500015258789,119.53500366210938,119.53500366210938,16800
2026-04-23,118.1999969482422,118.61100006103516,114.91000366210938,115.72000122070312,115.72000122070312,12000
2026-04-24,116.62000274658205,119.66100311279295,116.0,119.66100311279295,119.66100311279295,12900
2026-04-27,119.43499755859376,121.21700286865234,119.37999725341795,121.0719985961914,121.0719985961914,17300
2026-04-28,117.93000030517578,119.08999633789062,116.58000183105467,118.6750030517578,118.6750030517578,8600
2026-04-29,118.48999786376952,119.0,117.08999633789062,118.47000122070312,118.47000122070312,3800
2026-04-30,120.0,120.0,114.91000366210938,118.63400268554688,118.63400268554688,14000
2026-05-01,120.91000366210938,122.56500244140624,120.91000366210938,121.59600067138672,121.59600067138672,8300
2026-05-04,123.0199966430664,123.9800033569336,121.5999984741211,122.68099975585938,122.68099975585938,14800
2026-05-05,124.52999877929688,126.23999786376952,124.52999877929688,125.27999877929688,125.27999877929688,11500
2026-05-06,125.875,128.66099548339844,125.875,128.66099548339844,128.66099548339844,8900
2026-05-07,128.30999755859375,131.25,127.9800033569336,128.0019989013672,128.0019989013672,11300
2026-05-08,131.80499267578125,134.48899841308594,131.80499267578125,134.48899841308594,134.48899841308594,7100
2026-05-11,133.9499969482422,135.9600067138672,133.9499969482422,134.9499969482422,134.9499969482422,11400
2026-05-12,133.11000061035156,133.3939971923828,128.44000244140625,133.06199645996094,133.06199645996094,11600
2026-05-13,134.42999267578125,137.1750030517578,132.47999572753906,136.50999450683594,136.50999450683594,8300
2026-05-14,138.36000061035156,139.6199951171875,138.36000061035156,138.77099609375,138.77099609375,4300
2026-05-15,133.8800048828125,135.16000366210938,133.57000732421875,133.69200134277344,133.69200134277344,7400
2026-05-18,132.0,132.3800048828125,129.5,131.33399963378906,131.33399963378906,6500
2026-05-19,130.22000122070312,131.0,128.03799438476562,129.10899353027344,129.10899353027344,4500
2026-05-20,131.02999877929688,133.07899475097656,130.22999572753906,132.9949951171875,132.9949951171875,4600
2026-05-21,132.77000427246094,135.2100067138672,132.77000427246094,134.61700439453125,134.61700439453125,3200
2026-05-22,133.19500732421875,134.85499572753906,132.94000244140625,133.36399841308594,133.36399841308594,4500
2026-05-26,137.7899932861328,141.00999450683594,137.7899932861328,140.77000427246094,140.77000427246094,7200
2026-05-27,142.19000244140625,143.22999572753906,140.5,142.8470001220703,142.8470001220703,5100
2026-05-28,143.0,146.05499267578125,143.0,145.7790069580078,145.7790069580078,2800
2026-05-29,148.25999450683594,152.22999572753906,148.1199951171875,151.38499450683594,151.38499450683594,5100
2026-06-01,155.75,157.49899291992188,154.0,155.6320037841797,155.6320037841797,10200
2026-06-02,156.00999450683594,156.00999450683594,153.4290008544922,154.6999969482422,154.6999969482422,8400
2026-06-03,152.0399932861328,152.0399932861328,149.1999969482422,151.06100463867188,151.06100463867188,4900
2026-06-04,143.75999450683594,145.4199981689453,142.64100646972656,144.49400329589844,144.49400329589844,8800
2026-06-05,138.52999877929688,138.52999877929688,128.80999755859375,129.11000061035156,129.11000061035156,9300
2026-06-08,134.0,134.47000122070312,132.24000549316406,132.39599609375,132.39599609375,7400
2026-06-09,135.60000610351562,135.60000610351562,121.4000015258789,128.48300170898438,128.48300170898438,16000
2026-06-10,125.70999908447266,126.4800033569336,122.31999969482422,123.44200134277344,123.44200134277344,8400
2026-06-11,122.45999908447266,129.0,120.7750015258789,128.96800231933594,128.96800231933594,9800
2026-06-12,125.27999877929688,127.88999938964844,125.27999877929688,126.90799713134766,126.90799713134766,11200
2026-06-15,133.99000549316406,138.39599609375,133.99000549316406,137.7449951171875,137.7449951171875,7600
2026-06-16,138.2100067138672,138.2100067138672,132.66000366210938,133.20199584960938,133.20199584960938,4700
2026-06-17,134.07000732421875,134.07000732421875,129.05999755859375,129.84300231933594,129.84300231933594,5700
2026-06-18,135.5,138.88499450683594,135.5,138.2570037841797,138.2570037841797,3000
2026-06-22,136.08999633789062,136.08999633789062,130.0,130.27699279785156,130.27699279785156,4800
2026-06-23,125.0,126.66000366210938,124.26699829101562,124.26699829101562,124.26699829101562,4100
2026-06-24,121.1999969482422,121.34100341796876,121.06999969482422,121.34100341796876,121.34100341796876,1500
2026-06-25,123.03500366210938,123.03500366210938,119.01000213623048,119.40499877929688,119.40499877929688,4300
2026-06-26,118.52999877929688,123.12999725341795,118.52999877929688,120.55999755859376,120.55999755859376,4500
2026-06-29,123.80999755859376,125.30500030517578,123.70500183105467,124.43299865722656,124.43299865722656,3000
2026-06-30,125.5,126.47000122070312,125.5,126.47000122070312,126.47000122070312,3100
2026-07-01,130.0050048828125,130.77000427246094,128.77000427246094,129.4949951171875,129.4949951171875,6700
2026-07-02,129.14999389648438,131.64999389648438,128.6300048828125,129.14700317382812,129.14700317382812,10100
2026-07-06,129.97000122070312,132.125,129.96099853515625,131.9250030517578,131.9250030517578,6300
2026-07-07,131.27999877929688,133.25999450683594,130.3699951171875,131.822998046875,131.822998046875,4400
2026-07-08,130.06500244140625,132.36700439453125,130.06500244140625,132.36700439453125,132.36700439453125,1600
2026-07-09,131.05999755859375,135.0540008544922,131.05999755859375,135.0540008544922,135.0540008544922,3800
2026-07-10,135.13499450683594,136.57000732421875,134.51499938964844,136.0659942626953,136.0659942626953,1639
2026-07-13,133.72999572753906,134.2220001220703,133.1300048828125,133.5749969482422,133.5749969482422,1414
2026-07-14,136.14999389648438,137.64999389648438,135.57000732421875,136.91900634765625,136.91900634765625,2347
2026-07-15,137.61000061035156,139.72030639648438,138.83999633789062,139.72000122070312,139.72000122070312,2366
2026-07-16,137.0,137.38499450683594,133.7100067138672,134.8000030517578,134.8000030517578,3159
