Date,Open,High,Low,Close,Adj Close,Volume
2020-12-02,25.01000022888184,25.09000015258789,25.01000022888184,25.09000015258789,20.57521629333496,999500
2020-12-03,25.424999237060547,25.424999237060547,25.424999237060547,25.424999237060547,20.84993362426757,0
2020-12-04,25.2450008392334,25.2450008392334,25.2450008392334,25.2450008392334,20.70232582092285,0
2020-12-07,25.43000030517578,25.43000030517578,25.43000030517578,25.43000030517578,20.854034423828125,0
2020-12-08,25.229999542236328,25.229999542236328,25.229999542236328,25.229999542236328,20.69002342224121,100
2020-12-09,25.530000686645508,25.530000686645508,25.43000030517578,25.43000030517578,20.854034423828125,400
2020-12-10,25.27499961853028,25.27499961853028,25.27499961853028,25.27499961853028,20.726926803588867,0
2020-12-11,25.32999992370605,25.32999992370605,25.32999992370605,25.32999992370605,20.772029876708984,0
2020-12-14,25.46999931335449,25.479999542236328,25.388999938964844,25.388999938964844,20.82041358947754,400
2020-12-15,25.5,25.5,25.5,25.5,20.911439895629883,0
2020-12-16,25.44700050354004,25.44700050354004,25.44700050354004,25.44700050354004,20.867977142333984,0
2020-12-17,25.700000762939453,25.700000762939453,25.700000762939453,25.700000762939453,21.0754508972168,100
2020-12-18,25.541000366210938,25.541000366210938,25.541000366210938,25.541000366210938,20.94506454467773,100
2020-12-21,25.665000915527344,25.665000915527344,25.665000915527344,25.665000915527344,21.046751022338867,0
2020-12-22,25.378999710083008,25.378999710083008,25.378999710083008,25.378999710083008,20.81221389770508,0
2020-12-23,25.8439998626709,25.8439998626709,25.8439998626709,25.8439998626709,21.19354057312012,0
2020-12-24,25.70499992370605,25.70499992370605,25.70499992370605,25.70499992370605,21.07954978942871,100
2020-12-28,25.45499992370605,25.45499992370605,25.45499992370605,25.45499992370605,20.874536514282227,0
2020-12-29,26.09000015258789,26.13999938964844,26.09000015258789,26.13999938964844,21.436277389526367,300
2020-12-30,26.518999099731445,26.518999099731445,26.475000381469727,26.475000381469727,21.710996627807617,300
2020-12-31,26.450000762939453,26.450000762939453,26.44599914550781,26.44599914550781,21.68721389770508,200
2021-01-04,26.36800003051757,26.36800003051757,26.36800003051757,26.36800003051757,21.623247146606445,200
2021-01-05,26.895000457763672,26.895000457763672,26.895000457763672,26.895000457763672,22.055419921875,100
2021-01-06,26.64999961853028,26.732999801635746,26.64999961853028,26.732999801635746,21.922569274902344,100
2021-01-07,26.46999931335449,26.46999931335449,26.46999931335449,26.46999931335449,21.70689392089844,100
2021-01-08,26.405000686645508,26.405000686645508,26.405000686645508,26.405000686645508,21.65359306335449,100
2021-01-11,25.96500015258789,25.96500015258789,25.96500015258789,25.96500015258789,21.29276657104492,100
2021-01-12,26.604999542236328,26.621999740600582,26.604999542236328,26.621999740600582,21.83154296875,100
2021-01-13,26.472000122070312,26.472000122070312,26.472000122070312,26.472000122070312,21.70853614807129,100
2021-01-14,26.96999931335449,26.975000381469727,26.94799995422364,26.94799995422364,22.098880767822266,300
2021-01-15,26.440000534057617,26.440000534057617,26.440000534057617,26.440000534057617,21.682292938232425,100
2021-01-19,26.69099998474121,26.69099998474121,26.69099998474121,26.69099998474121,21.888126373291016,100
2021-01-20,26.84000015258789,26.850000381469727,26.71299934387207,26.71299934387207,21.906169891357425,300
2021-01-21,26.83799934387207,26.83799934387207,26.83799934387207,26.83799934387207,22.008676528930664,100
2021-01-22,26.43000030517578,26.43000030517578,26.43000030517578,26.43000030517578,21.674091339111328,0
2021-01-25,26.507999420166016,26.507999420166016,26.507999420166016,26.507999420166016,21.73805809020996,100
2021-01-26,26.80500030517578,26.80500030517578,26.80500030517578,26.80500030517578,21.981613159179688,100
2021-01-27,26.709999084472656,26.709999084472656,26.5,26.5,21.73149681091309,200
2021-01-28,26.690000534057617,26.690000534057617,26.479999542236328,26.479999542236328,21.71509552001953,200
2021-01-29,26.6200008392334,26.6200008392334,26.599000930786133,26.599000930786133,21.81268310546875,300
2021-02-01,26.405000686645508,26.405000686645508,26.405000686645508,26.405000686645508,21.65359306335449,600
2021-02-02,26.405000686645508,26.405000686645508,26.405000686645508,26.405000686645508,21.65359306335449,600
2021-02-03,26.597000122070312,26.597000122070312,26.597000122070312,26.597000122070312,21.8110408782959,0
2021-02-04,26.395000457763672,26.395000457763672,26.395000457763672,26.395000457763672,21.6453914642334,0
2021-02-05,26.600000381469727,26.690000534057617,26.600000381469727,26.690000534057617,21.88730812072754,400
2021-02-08,27.020000457763672,27.020000457763672,26.975000381469727,26.975000381469727,22.121023178100582,100
2021-02-09,27.170000076293945,27.170000076293945,27.170000076293945,27.170000076293945,22.28093338012696,100
2021-02-10,27.006999969482425,27.03499984741211,26.996000289916992,27.03499984741211,22.17022705078125,200
2021-02-11,27.040000915527344,27.040000915527344,27.03499984741211,27.03499984741211,22.17022705078125,400
2021-02-12,27.13999938964844,27.145000457763672,27.13999938964844,27.145000457763672,22.260433197021484,200
2021-02-16,27.475000381469727,27.475000381469727,27.475000381469727,27.475000381469727,22.531051635742188,100
2021-02-17,27.299999237060547,27.299999237060547,27.28499984741211,27.28499984741211,22.37524032592773,400
2021-02-18,27.559999465942383,27.559999465942383,27.545000076293945,27.545000076293945,22.58845329284668,100
2021-02-19,27.875,27.875,27.756000518798828,27.756000518798828,22.76148796081543,1200
2021-02-22,28.23600006103516,28.23600006103516,28.23600006103516,28.23600006103516,23.15511512756348,0
2021-02-23,28.3799991607666,28.3799991607666,28.3799991607666,28.3799991607666,23.273202896118164,100
2021-02-24,28.56999969482422,28.763999938964844,28.549999237060547,28.763999938964844,23.588104248046875,900
2021-02-25,28.700000762939453,28.733999252319336,28.68000030517578,28.733999252319336,23.563501358032227,1100
2021-02-26,28.28499984741211,28.299999237060547,28.1299991607666,28.145000457763672,23.080490112304688,2500
2021-03-01,28.0,28.0,27.766000747680664,27.766000747680664,22.769689559936523,4200
2021-03-02,27.8799991607666,27.88999938964844,27.815000534057617,27.815000534057617,22.80986976623535,1300
2021-03-03,27.8700008392334,27.920000076293945,27.8700008392334,27.920000076293945,22.89597511291504,300
2021-03-04,28.020000457763672,28.02499961853028,28.020000457763672,28.02499961853028,22.98208236694336,1000
2021-03-05,28.2450008392334,28.2450008392334,28.2450008392334,28.2450008392334,23.162494659423828,0
2021-03-08,28.09499931335449,28.09499931335449,28.09499931335449,28.09499931335449,23.039485931396484,100
2021-03-09,27.959999084472656,27.959999084472656,27.8700008392334,27.8700008392334,22.8549747467041,3800
2021-03-10,27.895000457763672,27.895000457763672,27.895000457763672,27.895000457763672,22.87547492980957,100
2021-03-11,28.184999465942383,28.184999465942383,28.184999465942383,28.184999465942383,23.113290786743164,0
2021-03-12,28.209999084472656,28.40999984741211,28.209999084472656,28.40999984741211,23.29780387878418,900
2021-03-15,28.350000381469727,28.350000381469727,28.350000381469727,28.350000381469727,23.24860000610352,100
2021-03-16,28.2549991607666,28.2549991607666,28.2549991607666,28.2549991607666,23.17069435119629,0
2021-03-17,28.209999084472656,28.209999084472656,28.209999084472656,28.209999084472656,23.13379096984864,0
2021-03-18,27.766000747680664,27.766000747680664,27.766000747680664,27.766000747680664,22.769689559936523,700
2021-03-19,27.790000915527344,27.85199928283692,27.790000915527344,27.85199928283692,22.84021377563477,400
2021-03-22,28.1299991607666,28.1299991607666,27.780000686645508,27.790000915527344,22.789369583129883,7400
2021-03-23,27.549999237060547,27.549999237060547,27.299999237060547,27.299999237060547,22.387540817260746,300
2021-03-24,27.39999961853028,27.39999961853028,27.39999961853028,27.39999961853028,22.46954727172852,0
2021-03-25,27.530000686645508,27.530000686645508,27.059999465942383,27.059999465942383,22.19072914123535,900
2021-03-26,27.3799991607666,27.3799991607666,27.371000289916992,27.371000289916992,22.445764541625977,200
2021-03-29,27.600000381469727,27.700000762939453,27.56999969482422,27.700000762939453,22.715564727783203,2000
2021-03-30,27.420000076293945,27.420000076293945,27.420000076293945,27.420000076293945,22.48594856262207,0
2021-03-31,27.780000686645508,27.780000686645508,27.43000030517578,27.60099983215332,22.63437843322754,5900
2021-04-01,27.68000030517578,27.68000030517578,27.489999771118164,27.489999771118164,22.543352127075195,600
2021-04-05,27.5,27.549999237060547,27.5,27.549999237060547,22.592554092407227,200
2021-04-06,27.65999984741211,27.690000534057617,27.56999969482422,27.56999969482422,22.60895729064941,3400
2021-04-07,27.459999084472656,27.541000366210938,27.459999084472656,27.541000366210938,22.585174560546875,200
2021-04-08,27.38999938964844,27.43000030517578,27.38999938964844,27.43000030517578,22.494150161743164,700
2021-04-09,28.76000022888184,28.76000022888184,27.625,27.625,22.65406036376953,1900
2021-04-12,27.459999084472656,27.459999084472656,27.459999084472656,27.459999084472656,22.518749237060547,100
2021-04-13,27.420000076293945,27.420000076293945,27.420000076293945,27.420000076293945,22.48594856262207,1600
2021-04-14,27.989999771118164,27.989999771118164,27.989999771118164,27.989999771118164,22.9533805847168,0
2021-04-15,27.96500015258789,27.96500015258789,27.96500015258789,27.96500015258789,22.932880401611328,0
2021-04-16,28.0,28.0,28.0,28.0,22.96158218383789,0
2021-04-19,27.94300079345703,28.01000022888184,27.94300079345703,27.959999084472656,22.92877960205078,600
2021-04-20,28.1200008392334,28.1200008392334,28.1200008392334,28.1200008392334,23.05998992919922,100
2021-04-21,28.084999084472656,28.084999084472656,28.084999084472656,28.084999084472656,23.03128433227539,0
2021-04-22,28.3799991607666,28.3799991607666,28.3799991607666,28.3799991607666,23.273202896118164,100
2021-04-23,28.520000457763672,28.520000457763672,28.440000534057617,28.440000534057617,23.322406768798828,600
2021-04-26,28.795000076293945,28.795000076293945,28.795000076293945,28.795000076293945,23.613525390625,100
2021-04-27,29.05500030517578,29.05500030517578,29.05500030517578,29.05500030517578,23.82674026489257,0
2021-04-28,28.86800003051757,28.86800003051757,28.86800003051757,28.86800003051757,23.673389434814453,100
2021-04-29,29.270000457763672,29.270000457763672,29.184999465942383,29.184999465942383,23.933347702026367,100
2021-04-30,29.27499961853028,29.27499961853028,29.27499961853028,29.27499961853028,24.007152557373047,100
2021-05-03,29.100000381469727,29.100000381469727,29.100000381469727,29.100000381469727,23.8636417388916,100
2021-05-04,29.290000915527344,29.290000915527344,29.290000915527344,29.290000915527344,24.01945686340332,100
2021-05-05,29.43199920654297,29.43199920654297,29.43199920654297,29.43199920654297,24.135900497436523,100
2021-05-06,29.450000762939453,29.479999542236328,29.450000762939453,29.46999931335449,24.16706275939941,300
2021-05-07,29.61000061035156,29.61000061035156,29.61000061035156,29.61000061035156,24.281871795654297,0
2021-05-10,29.46999931335449,29.46999931335449,29.46999931335449,29.46999931335449,24.16706275939941,100
2021-05-11,29.73699951171875,29.81599998474121,29.73699951171875,29.81599998474121,24.450803756713867,400
2021-05-12,29.86000061035156,30.440000534057617,29.86000061035156,30.41900062561035,24.94529914855957,2200
2021-05-13,29.507999420166016,29.507999420166016,29.3799991607666,29.3799991607666,24.09325790405273,200
2021-05-14,29.39999961853028,29.39999961853028,29.39999961853028,29.39999961853028,24.10966110229492,700
2021-05-17,29.63999938964844,29.63999938964844,29.63999938964844,29.63999938964844,24.306472778320312,100
2021-05-18,29.608999252319336,29.608999252319336,29.608999252319336,29.608999252319336,24.281051635742188,0
2021-05-19,29.26000022888184,29.35300064086914,29.26000022888184,29.35300064086914,24.071117401123047,200
2021-05-20,29.549999237060547,29.559999465942383,28.920000076293945,28.920000076293945,23.716033935546875,2800
2021-05-21,29.136999130249023,29.136999130249023,29.136999130249023,29.136999130249023,23.893983840942383,100
2021-05-24,29.268999099731445,29.268999099731445,29.268999099731445,29.268999099731445,24.00223159790039,0
2021-05-25,28.90999984741211,28.90999984741211,28.90999984741211,28.90999984741211,23.70783233642578,100
2021-05-26,29.26000022888184,29.26000022888184,29.215999603271484,29.215999603271484,23.958770751953125,700
2021-05-27,29.354999542236328,29.354999542236328,29.354999542236328,29.354999542236328,24.07275581359864,0
2021-05-28,29.030000686645508,29.277999877929688,29.030000686645508,29.277999877929688,24.00961303710937,1100
2021-06-01,29.82999992370605,29.82999992370605,29.82999992370605,29.82999992370605,24.462282180786133,100
2021-06-02,29.799999237060547,29.799999237060547,29.670000076293945,29.670000076293945,24.331073760986328,800
2021-06-03,29.709999084472656,29.709999084472656,29.709999084472656,29.709999084472656,24.36387634277344,100
2021-06-04,29.81999969482422,29.81999969482422,29.81999969482422,29.81999969482422,24.454084396362305,0
2021-06-07,29.93000030517578,29.93000030517578,29.55500030517578,29.55500030517578,24.23677062988281,500
2021-06-08,29.75,29.75,29.75,29.75,24.39668083190918,100
2021-06-09,29.559999465942383,29.57999992370605,29.46500015258789,29.46500015258789,24.162961959838867,600
2021-06-10,29.5,29.5,29.5,29.5,24.191665649414062,100
2021-06-11,29.46999931335449,29.46999931335449,29.46999931335449,29.46999931335449,24.16706275939941,0
2021-06-14,29.5049991607666,29.5049991607666,29.5049991607666,29.5049991607666,24.19576644897461,0
2021-06-15,29.44799995422364,29.44799995422364,29.44799995422364,29.44799995422364,24.14902114868164,100
2021-06-16,29.489999771118164,29.51000022888184,29.29599952697754,29.29599952697754,24.02437400817871,1000
2021-06-17,28.507999420166016,28.507999420166016,28.507999420166016,28.507999420166016,23.3781681060791,0
2021-06-18,28.059999465942383,28.2509994506836,28.059999465942383,28.2509994506836,23.167415618896484,1000
2021-06-21,28.325000762939453,28.325000762939453,28.325000762939453,28.325000762939453,23.22810173034668,100
2021-06-22,28.150999069213867,28.150999069213867,28.150999069213867,28.150999069213867,23.08540916442871,0
2021-06-23,28.51000022888184,28.51000022888184,28.5049991607666,28.5049991607666,23.375707626342773,400
2021-06-24,28.77499961853028,28.77499961853028,28.77499961853028,28.77499961853028,23.597124099731445,0
2021-06-25,28.770000457763672,28.770000457763672,28.770000457763672,28.770000457763672,23.5930233001709,0
2021-06-28,28.77499961853028,28.77499961853028,28.77499961853028,28.77499961853028,23.597124099731445,0
2021-06-29,28.799999237060547,28.799999237060547,28.799999237060547,28.799999237060547,23.61762428283692,0
2021-06-30,29.215999603271484,29.215999603271484,29.215999603271484,29.215999603271484,23.958770751953125,0
2021-07-01,29.163000106811523,29.163000106811523,29.163000106811523,29.163000106811523,23.915307998657227,0
2021-07-02,29.200000762939453,29.21999931335449,29.1200008392334,29.1200008392334,23.880046844482425,700
2021-07-06,28.549999237060547,28.549999237060547,28.549999237060547,28.549999237060547,23.412612915039062,100
2021-07-07,27.8799991607666,28.96999931335449,27.8799991607666,28.22800064086914,23.1485538482666,18900
2021-07-08,28.309999465942383,28.309999465942383,28.309999465942383,28.309999465942383,23.215797424316406,100
2021-07-09,28.53899955749512,28.53899955749512,28.53899955749512,28.53899955749512,23.40359115600586,0
2021-07-12,28.38500022888184,28.38500022888184,28.38500022888184,28.38500022888184,23.27730369567871,100
2021-07-13,28.59000015258789,28.59000015258789,28.59000015258789,28.59000015258789,23.44541549682617,0
2021-07-14,28.23500061035156,28.23500061035156,28.23500061035156,28.23500061035156,23.154294967651367,200
2021-07-15,28.295000076293945,28.295000076293945,28.295000076293945,28.295000076293945,23.20349884033203,200
2021-07-16,28.32999992370605,28.32999992370605,28.32999992370605,28.32999992370605,23.2322006225586,0
2021-07-19,27.670000076293945,27.670000076293945,27.51000022888184,27.64900016784668,22.673742294311523,6900
2021-07-20,27.915000915527344,27.915000915527344,27.915000915527344,27.915000915527344,22.891876220703125,1000
2021-07-21,28.040000915527344,28.05900001525879,27.82999992370605,27.944000244140625,22.91565704345703,400
2021-07-22,28.5,28.52899932861328,28.420000076293945,28.420000076293945,23.30600547790528,300
2021-07-23,28.65999984741211,28.670000076293945,28.434999465942383,28.434999465942383,23.31830596923828,900
2021-07-26,28.670000076293945,28.68000030517578,28.597999572753903,28.68000030517578,23.51922035217285,500
2021-07-27,28.3700008392334,28.3700008392334,28.3700008392334,28.3700008392334,23.26500129699707,0
2021-07-28,28.55500030517578,28.55500030517578,28.55500030517578,28.55500030517578,23.416711807250977,0
2021-07-29,28.655000686645508,28.655000686645508,28.655000686645508,28.655000686645508,23.49871826171875,100
2021-07-30,28.38999938964844,28.38999938964844,28.38999938964844,28.38999938964844,23.28140449523925,100
2021-08-02,28.6200008392334,28.64999961853028,28.6200008392334,28.64999961853028,23.494617462158203,100
2021-08-03,28.354999542236328,28.354999542236328,28.354999542236328,28.354999542236328,23.252700805664062,100
2021-08-04,28.3700008392334,28.3700008392334,28.21999931335449,28.21999931335449,23.14199447631836,200
2021-08-05,28.540000915527344,28.540000915527344,28.43199920654297,28.43199920654297,23.31584548950196,300
2021-08-06,28.51000022888184,28.51000022888184,28.39800071716309,28.39800071716309,23.2879638671875,100
2021-08-09,28.09499931335449,28.09499931335449,28.09499931335449,28.09499931335449,23.039485931396484,0
2021-08-10,28.57999992370605,28.57999992370605,28.57999992370605,28.57999992370605,23.43721389770508,0
2021-08-11,28.834999084472656,28.834999084472656,28.834999084472656,28.834999084472656,23.64632606506348,500
2021-08-12,28.875,28.875,28.875,28.875,23.679128646850582,100
2021-08-13,28.815000534057617,28.815000534057617,28.815000534057617,28.815000534057617,23.629928588867188,100
2021-08-16,28.700000762939453,28.700000762939453,28.700000762939453,28.700000762939453,23.535619735717773,0
2021-08-17,28.440000534057617,28.440000534057617,28.440000534057617,28.440000534057617,23.322406768798828,0
2021-08-18,28.31999969482422,28.31999969482422,28.31999969482422,28.31999969482422,23.2239990234375,0
2021-08-19,28.09499931335449,28.09499931335449,28.09499931335449,28.09499931335449,23.039485931396484,100
2021-08-20,27.78199958801269,27.78199958801269,27.73500061035156,27.73500061035156,22.7442684173584,100
2021-08-23,27.98900032043457,27.98900032043457,27.98900032043457,27.98900032043457,22.952560424804688,0
2021-08-24,28.239999771118164,28.239999771118164,28.239999771118164,28.239999771118164,23.15839385986328,0
2021-08-25,28.343000411987305,28.489999771118164,28.343000411987305,28.489999771118164,23.3634090423584,200
2021-08-26,28.53899955749512,28.53899955749512,28.53899955749512,28.53899955749512,23.40359115600586,0
2021-08-27,28.836000442504883,28.850000381469727,28.722000122070312,28.722000122070312,23.553661346435547,1300
2021-08-30,28.566999435424805,28.566999435424805,28.566999435424805,28.566999435424805,23.42655372619629,100
2021-08-31,28.11000061035156,28.288000106811523,28.030000686645508,28.288000106811523,23.19775581359864,5000
2021-09-01,28.100000381469727,28.13999938964844,28.06999969482422,28.084999084472656,23.03128433227539,5900
2021-09-02,28.28499984741211,28.28499984741211,28.28499984741211,28.28499984741211,23.195297241210938,100
2021-09-03,28.14999961853028,28.225000381469727,28.14999961853028,28.225000381469727,23.146095275878903,200
2021-09-07,28.059999465942383,28.059999465942383,28.059999465942383,28.059999465942383,23.01078414916992,100
2021-09-08,28.128999710083008,28.128999710083008,28.128999710083008,28.128999710083008,23.067367553710938,100
2021-09-09,28.059999465942383,28.059999465942383,28.059999465942383,28.059999465942383,23.01078414916992,0
2021-09-10,28.179000854492188,28.179000854492188,28.179000854492188,28.179000854492188,23.10837173461914,0
2021-09-13,28.290000915527344,28.290000915527344,28.290000915527344,28.290000915527344,23.199398040771484,0
2021-09-14,28.43000030517578,28.440000534057617,28.354999542236328,28.354999542236328,23.252700805664062,4600
2021-09-15,28.69499969482422,28.69499969482422,28.69499969482422,28.69499969482422,23.53152084350586,0
2021-09-16,28.559999465942383,28.559999465942383,28.559999465942383,28.559999465942383,23.420812606811523,700
2021-09-17,28.50900077819824,28.50900077819824,28.434999465942383,28.434999465942383,23.31830596923828,200
2021-09-20,28.420000076293945,28.420000076293945,28.420000076293945,28.420000076293945,23.30600547790528,0
2021-09-21,28.0,28.1200008392334,28.0,28.1200008392334,23.05998992919922,200
2021-09-22,28.38500022888184,28.38500022888184,28.38500022888184,28.38500022888184,23.27730369567871,100
2021-09-23,28.614999771118164,28.614999771118164,28.614999771118164,28.614999771118164,23.465913772583008,0
2021-09-24,28.709999084472656,28.709999084472656,28.709999084472656,28.709999084472656,23.543819427490234,0
2021-09-27,28.92399978637696,28.92399978637696,28.92399978637696,28.92399978637696,23.719314575195312,100
2021-09-28,29.170000076293945,29.209999084472656,28.84000015258789,28.84000015258789,23.650428771972656,3400
2021-09-29,28.924999237060547,28.924999237060547,28.924999237060547,28.924999237060547,23.72013282775879,0
2021-09-30,28.89900016784668,28.989999771118164,28.850000381469727,28.989999771118164,23.773435592651367,1400
2021-10-01,28.8700008392334,29.020000457763672,28.8700008392334,28.96500015258789,23.7529354095459,2300
2021-10-04,29.40900039672852,29.5,29.36000061035156,29.36000061035156,24.07685852050781,4800
2021-10-05,29.51000022888184,29.56999969482422,29.5009994506836,29.56999969482422,24.249069213867188,500
2021-10-06,29.424999237060547,29.424999237060547,29.424999237060547,29.424999237060547,24.13016128540039,100
2021-10-07,29.299999237060547,30.114999771118164,29.299999237060547,29.450000762939453,24.150665283203125,2400
2021-10-08,29.65999984741211,29.65999984741211,29.56999969482422,29.56999969482422,24.249069213867188,400
2021-10-11,30.0,30.049999237060547,29.71999931335449,30.04599952697754,24.6394157409668,2200
2021-10-12,29.799999237060547,29.799999237060547,29.68000030517578,29.69499969482422,24.35157585144043,6100
2021-10-13,29.450000762939453,29.48500061035156,29.450000762939453,29.48500061035156,24.179367065429688,1500
2021-10-14,29.489999771118164,31.049999237060547,29.489999771118164,29.59000015258789,24.26547241210937,31800
2021-10-15,29.920000076293945,29.93000030517578,29.8799991607666,29.93000030517578,24.54429054260254,2300
2021-10-18,30.040000915527344,30.040000915527344,29.8700008392334,29.8799991607666,24.503286361694336,3800
2021-10-19,29.850000381469727,29.86000061035156,29.71999931335449,29.86000061035156,24.48688697814941,2500
2021-10-20,29.597999572753903,29.88500022888184,29.597999572753903,29.88500022888184,24.507387161254883,2000
2021-10-21,29.684999465942383,29.917999267578125,29.6200008392334,29.917999267578125,24.53445053100586,300
2021-10-22,29.850000381469727,29.86000061035156,29.850000381469727,29.86000061035156,24.48688697814941,1300
2021-10-25,29.979999542236328,30.01000022888184,29.959999084472656,29.959999084472656,24.568891525268555,6400
2021-10-26,29.89999961853028,29.950000762939453,29.89999961853028,29.950000762939453,24.560691833496094,400
2021-10-27,29.89999961853028,29.89999961853028,29.600000381469727,29.75,24.39668083190918,2900
2021-10-28,29.76000022888184,29.76000022888184,29.459999084472656,29.54199981689453,24.22610855102539,3200
2021-10-29,30.040000915527344,30.0939998626709,30.02199935913086,30.0939998626709,24.67877960205078,1100
2021-11-01,29.950000762939453,29.950000762939453,29.90800094604492,29.90800094604492,24.52624893188477,700
2021-11-02,29.82999992370605,29.89999961853028,29.81999969482422,29.89999961853028,24.51968765258789,1700
2021-11-03,29.75,29.790000915527344,29.434999465942383,29.434999465942383,24.13836097717285,1400
2021-11-04,29.670000076293945,29.68000030517578,29.46500015258789,29.5049991607666,24.19576644897461,400
2021-11-05,29.450000762939453,29.450000762939453,29.21999931335449,29.21999931335449,23.96204948425293,200
2021-11-08,29.440000534057617,29.479999542236328,29.440000534057617,29.479999542236328,24.175264358520508,3400
2021-11-09,29.31999969482422,29.32999992370605,29.28499984741211,29.30900001525879,24.0350341796875,1200
2021-11-10,29.71999931335449,29.836000442504883,29.71999931335449,29.836000442504883,24.467205047607425,100
2021-11-11,29.85700035095215,29.85700035095215,29.85700035095215,29.85700035095215,24.48442649841309,100
2021-11-12,29.575000762939453,29.575000762939453,29.575000762939453,29.575000762939453,24.25317001342773,0
2021-11-15,29.63999938964844,29.81800079345703,29.63999938964844,29.81800079345703,24.45244407653809,100
2021-11-16,29.86000061035156,30.31999969482422,29.815000534057617,30.27199935913086,24.82474899291992,3500
2021-11-17,30.100000381469727,30.114999771118164,29.80500030517578,29.80500030517578,24.441781997680664,700
2021-11-18,29.709999084472656,29.76499938964844,29.709999084472656,29.76499938964844,24.408981323242188,200
2021-11-19,29.753999710083008,29.753999710083008,29.753999710083008,29.753999710083008,24.399959564208984,0
2021-11-22,30.06999969482422,30.06999969482422,30.00200080871582,30.00200080871582,24.603334426879883,200
2021-11-23,30.3700008392334,30.3700008392334,30.33699989318848,30.33699989318848,24.8780517578125,300
2021-11-24,30.38800048828125,30.38800048828125,30.38800048828125,30.38800048828125,24.919878005981445,100
2021-11-26,29.5,29.5,29.05900001525879,29.163000106811523,23.915307998657227,1500
2021-11-29,29.290000915527344,29.290000915527344,29.084999084472656,29.084999084472656,23.8513412475586,200
2021-11-30,29.01000022888184,29.01000022888184,28.420000076293945,28.48200035095215,23.35684967041016,1400
2021-12-01,28.249000549316406,28.249000549316406,28.249000549316406,28.249000549316406,23.165775299072266,600
2021-12-02,28.364999771118164,28.43000030517578,28.309999465942383,28.43000030517578,23.31420516967773,300
2021-12-03,28.40999984741211,28.40999984741211,28.31100082397461,28.31100082397461,23.21661949157715,300
2021-12-06,28.5,28.5,28.5,28.5,23.37161064147949,100
2021-12-07,28.43000030517578,28.724000930786133,28.43000030517578,28.71999931335449,23.552021026611328,800
2021-12-08,28.836000442504883,28.836000442504883,28.836000442504883,28.836000442504883,23.64714813232422,0
2021-12-09,28.799999237060547,28.809999465942383,28.684999465942383,28.684999465942383,23.52331924438477,800
2021-12-10,28.71699905395508,28.71699905395508,28.71699905395508,28.71699905395508,23.549560546875,0
2021-12-13,28.724000930786133,28.724000930786133,28.724000930786133,28.724000930786133,23.5553035736084,100
2021-12-14,28.700000762939453,28.700000762939453,28.700000762939453,28.700000762939453,23.535619735717773,200
2021-12-15,28.450000762939453,28.49799919128418,28.450000762939453,28.49799919128418,23.36996841430664,1000
2021-12-16,28.459999084472656,28.459999084472656,28.459999084472656,28.459999084472656,23.33880615234375,100
2021-12-17,28.46999931335449,28.46999931335449,28.45800018310547,28.45800018310547,23.337167739868164,126100
2021-12-20,28.31999969482422,28.440000534057617,27.670000076293945,28.391000747680664,23.28222274780273,3100
2021-12-21,28.549999237060547,28.59000015258789,28.549999237060547,28.59000015258789,23.44541549682617,400
2021-12-22,28.56100082397461,28.63999938964844,28.56100082397461,28.63999938964844,23.48641586303711,200
2021-12-23,28.57099914550781,28.690000534057617,28.56999969482422,28.690000534057617,23.527420043945312,600
2021-12-27,28.780000686645508,28.780000686645508,28.780000686645508,28.780000686645508,23.601224899291992,100
2021-12-28,28.780000686645508,28.780000686645508,28.780000686645508,28.780000686645508,23.601224899291992,300
2021-12-29,26.8700008392334,26.950000762939453,26.82099914550781,26.8799991607666,23.546913146972656,1400
2021-12-30,26.950000762939453,26.950000762939453,26.71500015258789,26.71500015258789,23.40237236022949,8700
2021-12-31,26.674999237060547,26.68000030517578,26.489999771118164,26.5,23.21403312683105,1200
2022-01-03,26.73900032043457,26.739999771118164,26.64999961853028,26.690000534057617,23.38047218322754,3200
2022-01-04,26.731000900268555,26.808000564575195,26.709999084472656,26.808000564575195,23.483842849731445,3200
2022-01-05,26.79400062561035,26.79400062561035,26.79400062561035,26.79400062561035,23.47157859802246,0
2022-01-06,26.88999938964844,26.88999938964844,26.88999938964844,26.88999938964844,23.555673599243164,100
2022-01-07,26.850000381469727,26.850000381469727,26.815000534057617,26.815000534057617,23.489973068237305,200
2022-01-10,26.729999542236328,26.729999542236328,26.729999542236328,26.729999542236328,23.415512084960938,100
2022-01-11,26.75,26.809999465942383,26.75,26.809999465942383,23.485593795776367,300
2022-01-12,26.670000076293945,26.7189998626709,26.670000076293945,26.7189998626709,23.40587615966797,2200
2022-01-13,26.700000762939453,26.700000762939453,26.554000854492188,26.554000854492188,23.26133728027344,400
2022-01-14,26.86199951171875,26.86199951171875,26.86199951171875,26.86199951171875,23.531145095825195,0
2022-01-18,28.030000686645508,28.030000686645508,27.049999237060547,27.16699981689453,23.79832649230957,3900
2022-01-19,27.18899917602539,27.18899917602539,27.18899917602539,27.18899917602539,23.817598342895508,0
2022-01-20,27.290000915527344,27.989999771118164,27.26000022888184,27.26000022888184,23.87979507446289,27300
2022-01-21,27.170000076293945,27.190000534057617,27.125,27.125,23.761533737182617,2500
2022-01-24,27.14999961853028,27.19300079345703,27.099000930786133,27.19300079345703,23.821102142333984,900
2022-01-25,27.34000015258789,27.34000015258789,27.34000015258789,27.34000015258789,23.949874877929688,100
2022-01-26,27.63500022888184,27.718000411987305,27.604999542236328,27.718000411987305,24.28100204467773,600
2022-01-27,27.809999465942383,27.968000411987305,27.809999465942383,27.968000411987305,24.500003814697266,200
2022-01-28,28.1200008392334,28.1299991607666,27.89999961853028,27.959999084472656,24.49299430847168,800
2022-01-31,27.864999771118164,27.8799991607666,27.80599975585937,27.834999084472656,24.38349342346192,2700
2022-02-01,28.059999465942383,28.059999465942383,27.90999984741211,27.957000732421875,24.490367889404297,800
2022-02-02,27.96999931335449,28.14999961853028,27.96999931335449,28.059999465942383,24.58059501647949,5500
2022-02-03,28.270000457763672,28.270000457763672,28.1879997253418,28.1879997253418,24.69272422790528,300
2022-02-04,28.679000854492188,28.75,28.52899932861328,28.575000762939453,25.03173446655273,400
2022-02-07,28.39999961853028,28.450000762939453,28.270000457763672,28.334999084472656,24.821495056152344,6000
2022-02-08,28.479999542236328,28.479999542236328,28.41699981689453,28.41699981689453,24.89332771301269,200
2022-02-09,28.270000457763672,28.350000381469727,28.17799949645996,28.350000381469727,24.83463478088379,2100
2022-02-10,28.58099937438965,28.58099937438965,28.58099937438965,28.58099937438965,25.03699111938477,100
2022-02-11,28.440000534057617,28.58099937438965,28.440000534057617,28.58099937438965,25.03699111938477,1600
2022-02-14,28.96999931335449,29.0049991607666,28.8700008392334,29.0049991607666,25.40841484069824,4100
2022-02-15,28.66399955749512,28.76000022888184,28.66399955749512,28.709999084472656,25.14999389648437,6500
2022-02-16,28.76000022888184,28.76000022888184,28.700000762939453,28.700000762939453,25.1412353515625,800
2022-02-17,28.700000762939453,28.700000762939453,28.44599914550781,28.5049991607666,24.97041320800781,3400
2022-02-18,28.770000457763672,28.770000457763672,28.61000061035156,28.61000061035156,25.062397003173828,3000
2022-02-22,29.25,29.25,28.82999992370605,28.94099998474121,25.352352142333984,8600
2022-02-23,29.099000930786133,29.14999961853028,29.09000015258789,29.13800048828125,25.5249252319336,2800
2022-02-24,29.200000762939453,30.200000762939453,29.200000762939453,29.540000915527344,25.877077102661133,152300
2022-02-25,29.0,29.059999465942383,28.69799995422364,28.69799995422364,25.13948440551757,8300
2022-02-28,28.95499992370605,29.09000015258789,28.91900062561035,28.934999465942383,25.34709548950196,500
2022-03-01,29.52499961853028,29.53899955749512,29.52499961853028,29.53899955749512,25.87619972229004,200
2022-03-02,30.1560001373291,30.39999961853028,30.1560001373291,30.308000564575195,26.54984474182129,900
2022-03-03,30.88999938964844,31.170000076293945,30.70499992370605,30.87800025939941,27.04916763305664,6400
2022-03-04,31.51000022888184,31.51000022888184,30.5,31.24799919128418,27.37328720092773,5600
2022-03-07,32.72999954223633,32.72999954223633,31.391000747680664,31.81100082397461,27.86647605895996,5600
2022-03-08,32.59000015258789,32.59000015258789,31.530000686645508,32.38600158691406,28.37017822265625,4800
2022-03-09,32.38999938964844,32.38999938964844,30.643999099731445,30.709999084472656,26.90199851989746,11900
2022-03-10,30.858999252319336,30.920000076293945,30.729999542236328,30.777000427246094,26.960691452026367,6000
2022-03-11,31.309999465942383,31.309999465942383,31.23500061035156,31.23500061035156,27.361900329589844,700
2022-03-14,31.43000030517578,31.43000030517578,31.0,31.145999908447266,27.283935546875,3200
2022-03-15,30.64999961853028,30.69099998474121,30.64999961853028,30.69099998474121,26.885353088378903,400
2022-03-16,32.5,32.5,30.3799991607666,30.3799991607666,26.612916946411133,3400
2022-03-17,30.90999984741211,31.07299995422364,30.90999984741211,31.07299995422364,27.21998786926269,800
2022-03-18,31.11000061035156,31.1200008392334,31.11000061035156,31.1200008392334,27.26115798950196,500
2022-03-21,31.57999992370605,32.125,31.57999992370605,32.01100158691406,28.041677474975582,6700
2022-03-22,32.08000183105469,32.099998474121094,32.0099983215332,32.099998474121094,28.119638442993164,4800
2022-03-23,32.310001373291016,32.470001220703125,32.20000076293945,32.303001403808594,28.29747009277344,3100
2022-03-24,32.790000915527344,32.790000915527344,32.459999084472656,32.499000549316406,28.469167709350582,700
2022-03-25,32.849998474121094,32.888999938964844,32.849998474121094,32.888999938964844,28.810806274414062,400
2022-03-28,33.0,33.0,32.08000183105469,32.08000183105469,28.10211944580078,2700
2022-03-29,31.170000076293945,31.607999801635746,30.989999771118164,31.607999801635746,27.68864822387696,9900
2022-03-30,31.979999542236328,31.979999542236328,31.8700008392334,31.93000030517578,27.97072029113769,7200
2022-03-31,31.940000534057617,31.940000534057617,31.577999114990234,31.577999114990234,27.66236686706543,9600
2022-04-01,31.940000534057617,32.0,31.489999771118164,31.57999992370605,27.664121627807617,9200
2022-04-04,31.950000762939453,32.08000183105469,31.768999099731445,31.878999710083008,27.926044464111328,3200
2022-04-05,32.52000045776367,32.599998474121094,32.33100128173828,32.33100128173828,28.321996688842773,1600
2022-04-06,32.75,32.80500030517578,32.189998626708984,32.369998931884766,28.35616111755371,3700
2022-04-07,32.689998626708984,32.689998626708984,32.20000076293945,32.479000091552734,28.451642990112305,8200
2022-04-08,32.970001220703125,32.970001220703125,32.814998626708984,32.89400100708008,28.81518745422364,800
2022-04-11,33.20000076293945,33.31999969482422,32.994998931884766,33.117000579833984,29.01053237915039,12400
2022-04-12,33.470001220703125,33.650001525878906,33.209999084472656,33.584999084472656,29.420499801635746,7200
2022-04-13,34.130001068115234,34.189998626708984,33.51499938964844,33.92900085449219,29.72184562683105,8100
2022-04-14,34.189998626708984,34.849998474121094,34.189998626708984,34.709999084472656,30.406003952026367,4100
2022-04-18,35.099998474121094,35.67499923706055,34.970001220703125,35.38600158691406,30.998180389404297,24400
2022-04-19,35.25,35.25,34.56999969482422,34.75,30.441041946411133,20200
2022-04-20,34.349998474121094,34.349998474121094,33.900001525878906,34.29100036621094,30.03896141052246,11100
2022-04-21,34.689998626708984,34.849998474121094,34.57500076293945,34.76300048828125,30.45243263244629,33700
2022-04-22,34.689998626708984,34.81999969482422,34.28799819946289,34.28799819946289,30.036327362060547,22000
2022-04-25,34.0,34.0,33.349998474121094,33.763999938964844,29.577306747436523,10500
2022-04-26,34.099998474121094,34.349998474121094,33.790000915527344,34.349998474121094,30.090639114379883,5200
2022-04-27,34.31999969482422,34.779998779296875,34.15999984741211,34.757999420166016,30.44804954528809,13500
2022-04-28,34.970001220703125,35.189998626708984,34.810001373291016,35.060001373291016,30.71260452270508,18800
2022-04-29,35.130001068115234,35.130001068115234,34.65800094604492,34.65800094604492,30.36045265197754,5500
2022-05-02,35.66999816894531,35.66999816894531,34.30099868774414,35.347999572753906,30.96489143371582,23400
2022-05-03,35.400001525878906,35.4900016784668,35.042999267578125,35.369998931884766,30.98416519165039,17900
2022-05-04,35.970001220703125,35.970001220703125,35.48500061035156,35.5629997253418,31.15323257446289,23100
2022-05-05,35.9900016784668,36.540000915527344,35.97999954223633,36.25899887084961,31.762928009033203,38300
2022-05-06,36.59999847412109,36.59999847412109,35.72999954223633,36.41999816894531,31.903961181640625,40800
2022-05-09,36.06999969482422,36.06999969482422,35.0,35.34000015258789,30.957883834838867,31000
2022-05-10,35.0,35.22700119018555,34.89099884033203,35.10900115966797,30.755529403686523,24500
2022-05-11,35.209999084472656,35.59000015258789,35.20000076293945,35.59000015258789,31.17688369750977,14400
2022-05-12,35.349998474121094,35.810001373291016,35.06999969482422,35.810001373291016,31.36960220336914,26900
2022-05-13,35.93000030517578,35.97999954223633,35.67100143432617,35.83100128173828,31.388002395629883,17700
2022-05-16,36.400001525878906,36.43999862670898,36.16699981689453,36.2599983215332,31.763805389404297,23200
2022-05-17,36.52000045776367,36.65999984741211,36.33000183105469,36.44100189208984,31.92235946655273,24900
2022-05-18,36.59999847412109,36.59999847412109,35.65999984741211,35.8650016784668,31.417787551879883,14200
2022-05-19,34.84000015258789,35.400001525878906,34.66999816894531,35.13999938964844,30.782684326171875,28300
2022-05-20,35.31999969482422,35.779998779296875,35.31999969482422,35.57500076293945,31.16374397277832,107000
2022-05-23,35.75,36.02000045776367,35.09600067138672,35.66600036621094,31.24346351623535,44300
2022-05-24,35.66999816894531,35.66999816894531,35.20000076293945,35.34000015258789,30.957883834838867,14500
2022-05-25,35.630001068115234,35.72999954223633,35.48099899291992,35.55400085449219,31.14534950256348,4800
2022-05-26,35.619998931884766,36.13999938964844,35.470001220703125,35.470001220703125,31.071765899658203,23500
2022-05-27,35.380001068115234,35.54899978637695,34.720001220703125,35.41899871826172,31.027088165283203,57300
2022-05-31,35.849998474121094,36.18999862670898,35.209999084472656,35.31999969482422,30.94036674499512,45800
2022-06-01,35.5099983215332,36.400001525878906,35.5099983215332,36.14400100708008,31.662187576293945,67200
2022-06-02,35.97999954223633,36.61000061035156,35.64799880981445,35.66999816894531,31.24696350097656,1241000
2022-06-03,35.72999954223633,36.68999862670898,35.72999954223633,36.2400016784668,31.746288299560547,30800
2022-06-06,36.93000030517578,37.290000915527344,36.45299911499024,37.290000915527344,32.66608810424805,27000
2022-06-07,37.38999938964844,37.400001525878906,36.810001373291016,37.2400016784668,32.622291564941406,217200
2022-06-08,37.459999084472656,37.63999938964844,37.02000045776367,37.25600051879883,32.63630294799805,24500
2022-06-09,37.459999084472656,38.220001220703125,37.25,37.68000030517578,33.00772857666016,62700
2022-06-10,37.97999954223633,38.36000061035156,37.84999847412109,38.119998931884766,33.39316940307617,100400
2022-06-13,38.88999938964844,39.22999954223633,38.20000076293945,38.84000015258789,34.02389144897461,230400
2022-06-14,40.459999084472656,40.459999084472656,38.0,38.65999984741211,33.866207122802734,129300
2022-06-15,38.70000076293945,38.70000076293945,37.29999923706055,37.34000015258789,32.70988845825195,52900
2022-06-16,37.869998931884766,38.22999954223633,37.33000183105469,37.66999816894531,32.99896240234375,201000
2022-06-17,38.04999923706055,38.04999923706055,36.97999954223633,37.25,32.631046295166016,59500
2022-06-21,37.04999923706055,37.56999969482422,37.04999923706055,37.560001373291016,32.902610778808594,77300
2022-06-22,36.91999816894531,36.970001220703125,36.5,36.540000915527344,32.00908279418945,50800
2022-06-23,36.5,36.505001068115234,35.5,35.849998474121094,31.40464401245117,101300
2022-06-24,35.5,36.15999984741211,35.5,36.040000915527344,31.57108688354492,39000
2022-06-27,35.95000076293945,36.40999984741211,35.59000015258789,36.2400016784668,31.746288299560547,28200
2022-06-28,36.5,36.81999969482422,36.40999984741211,36.68999862670898,32.14048385620117,39900
2022-06-29,36.83000183105469,37.060001373291016,36.060001373291016,36.25,31.75504493713379,54500
2022-06-30,36.150001525878906,36.150001525878906,34.72999954223633,34.810001373291016,30.49360466003418,87600
2022-07-01,35.119998931884766,35.59000015258789,34.75,35.04999923706055,30.70384407043457,1325300
2022-07-05,35.59000015258789,35.59000015258789,33.97999954223633,34.0,29.78404426574707,132200
2022-07-06,34.150001525878906,34.150001525878906,33.5,33.7400016784668,29.55628204345703,467500
2022-07-07,33.93000030517578,34.90999984741211,33.93000030517578,34.79999923706055,30.484844207763672,25800
2022-07-08,34.79999923706055,35.63999938964844,34.79999923706055,35.369998931884766,30.98416519165039,180900
2022-07-11,35.900001525878906,35.97999954223633,35.54399871826172,35.7599983215332,31.3257999420166,105500
2022-07-12,35.7599983215332,35.7599983215332,34.314998626708984,34.650001525878906,30.353445053100582,35700
2022-07-13,34.5,35.45000076293945,34.5,34.90999984741211,30.581201553344727,19800
2022-07-14,35.209999084472656,35.70899963378906,35.03200149536133,35.38999938964844,31.001686096191406,16200
2022-07-15,35.0,35.29999923706055,34.880001068115234,35.29999923706055,30.92284202575684,28100
2022-07-18,35.689998626708984,35.689998626708984,35.35499954223633,35.5,31.09804344177246,39600
2022-07-19,35.099998474121094,35.459999084472656,34.80899810791016,35.439998626708984,31.04548454284668,24600
2022-07-20,35.08000183105469,35.689998626708984,35.08000183105469,35.27000045776367,30.89656639099121,17300
2022-07-21,35.400001525878906,35.400001525878906,34.70000076293945,35.130001068115234,30.773923873901367,51400
2022-07-22,34.77000045776367,34.77000045776367,34.00600051879883,34.35699844360352,30.096773147583008,37500
2022-07-25,34.0,34.91999816894531,34.0,34.90999984741211,30.581201553344727,51700
2022-07-26,35.099998474121094,35.099998474121094,34.68000030517578,35.06999969482422,30.721364974975582,39200
2022-07-27,34.97999954223633,35.040000915527344,34.512001037597656,34.619998931884766,30.3271598815918,16700
2022-07-28,34.27000045776367,34.40999984741211,33.805999755859375,34.130001068115234,29.89792251586914,88100
2022-07-29,34.27000045776367,34.52199935913086,33.779998779296875,33.939998626708984,29.731481552124023,107500
2022-08-01,32.63999938964844,33.24700164794922,32.63999938964844,33.20000076293945,29.08324432373047,56400
2022-08-02,33.20600128173828,33.93000030517578,32.91999816894531,33.91999816894531,29.713960647583008,310500
2022-08-03,33.93000030517578,34.03900146484375,33.47999954223633,33.95000076293945,29.74024200439453,35000
2022-08-04,33.59199905395508,33.689998626708984,33.040000915527344,33.040000915527344,28.94308090209961,14600
2022-08-05,33.77000045776367,34.279998779296875,33.65999984741211,33.65999984741211,29.486202239990234,21000
2022-08-08,33.2400016784668,33.560001373291016,33.17499923706055,33.560001373291016,29.39860343933105,16900
2022-08-09,33.880001068115234,34.0099983215332,33.599998474121094,34.0099983215332,29.792800903320312,23400
2022-08-10,33.25,33.66999816894531,32.40399932861328,33.209999084472656,29.09199905395508,27900
2022-08-11,33.512001037597656,34.220001220703125,33.5,34.20000076293945,29.95924568176269,8900
2022-08-12,33.650001525878906,34.369998931884766,33.650001525878906,33.9630012512207,29.751632690429688,15800
2022-08-15,33.79999923706055,33.97999954223633,33.61399841308594,33.95000076293945,29.74024200439453,12900
2022-08-16,34.13999938964844,34.2400016784668,34.0,34.2400016784668,29.99428367614746,32700
2022-08-17,34.560001373291016,35.119998931884766,34.54999923706055,35.0,30.660045623779297,100800
2022-08-18,35.189998626708984,35.6349983215332,35.150001525878906,35.630001068115234,31.2119255065918,44200
2022-08-19,35.900001525878906,36.11000061035156,35.74599838256836,35.90999984741211,31.45720291137696,42500
2022-08-22,36.29999923706055,36.4900016784668,35.8380012512207,36.25,31.75504493713379,44600
2022-08-23,36.81999969482422,36.81999969482422,36.20000076293945,36.38999938964844,31.87768745422364,32800
2022-08-24,36.25,36.84999847412109,36.25,36.47999954223633,31.956523895263672,22600
2022-08-25,36.20000076293945,36.58000183105469,36.02299880981445,36.220001220703125,31.72876739501953,34200
2022-08-26,36.10499954223633,36.57799911499024,36.06999969482422,36.41999816894531,31.903961181640625,23400
2022-08-29,36.91999816894531,36.93999862670898,36.47999954223633,36.81999969482422,32.254364013671875,60800
2022-08-30,36.70000076293945,36.95000076293945,36.52000045776367,36.790000915527344,32.22808837890625,20600
2022-08-31,36.869998931884766,37.03499984741211,36.58000183105469,36.88999938964844,32.3156852722168,50000
2022-09-01,36.959999084472656,37.290000915527344,36.900001525878906,37.04999923706055,32.45584487915039,79100
2022-09-02,37.18000030517578,37.18000030517578,36.51100158691406,37.04999923706055,32.45584487915039,45400
2022-09-06,37.400001525878906,37.59999847412109,37.09199905395508,37.380001068115234,32.744930267333984,76500
2022-09-07,37.34000015258789,37.34000015258789,36.13999938964844,36.209999084472656,31.72000312805176,341400
2022-09-08,36.59999847412109,37.0,36.5,36.619998931884766,32.07916259765625,33100
2022-09-09,36.650001525878906,36.650001525878906,36.196998596191406,36.435001373291016,31.917104721069336,237700
2022-09-12,36.209999084472656,36.58000183105469,36.15999984741211,36.45000076293945,31.93024635314941,50900
2022-09-13,36.79999923706055,37.45000076293945,36.79999923706055,37.34999847412109,32.71864318847656,94900
2022-09-14,37.470001220703125,37.470001220703125,36.869998931884766,37.125,32.52154541015625,49300
2022-09-15,37.16999816894531,37.18999862670898,36.77399826049805,37.09999847412109,32.4996452331543,70200
2022-09-16,36.77000045776367,37.2400016784668,36.630001068115234,36.70000076293945,32.14924621582031,48300
2022-09-19,36.68999862670898,37.34999847412109,36.68999862670898,37.18000030517578,32.56972885131836,46100
2022-09-20,37.5,37.68000030517578,37.29899978637695,37.310001373291016,32.68360900878906,127100
2022-09-21,37.63999938964844,37.63999938964844,37.13100051879883,37.2400016784668,32.622291564941406,113800
2022-09-22,37.650001525878906,37.7400016784668,37.36000061035156,37.5099983215332,32.85880661010742,79600
2022-09-23,38.369998931884766,38.369998931884766,37.71799850463867,38.150001525878906,33.41944885253906,189800
2022-09-26,38.4900016784668,39.20500183105469,38.27000045776367,39.060001373291016,34.216609954833984,524900
2022-09-27,39.27999877929688,39.66999816894531,38.810001373291016,39.18999862670898,34.33048629760742,241200
2022-09-28,39.380001068115234,39.380001068115234,37.84999847412109,37.93999862670898,33.2354850769043,153600
2022-09-29,38.33000183105469,38.650001525878906,38.02999877929688,38.40999984741211,33.64720916748047,171000
2022-09-30,38.68999862670898,38.68999862670898,38.084999084472656,38.36000061035156,33.60340881347656,114400
2022-10-03,37.209999084472656,37.84999847412109,37.20000076293945,37.560001373291016,32.902610778808594,151000
2022-10-04,36.959999084472656,37.29999923706055,36.68999862670898,36.83000183105469,32.26313018798828,177700
2022-10-05,37.29999923706055,38.04999923706055,37.29999923706055,37.7760009765625,33.09182357788086,49600
2022-10-06,38.209999084472656,38.77999877929688,38.209999084472656,38.68999862670898,33.892486572265625,75700
2022-10-07,38.970001220703125,39.18999862670898,38.810001373291016,39.08000183105469,34.234130859375,92600
2022-10-10,39.20000076293945,39.7400016784668,39.13999938964844,39.380001068115234,34.49692916870117,139600
2022-10-11,39.45000076293945,39.72999954223633,38.97999954223633,39.57500076293945,34.667747497558594,185600
2022-10-12,39.970001220703125,40.04100036621094,39.2400016784668,39.43000030517578,34.54072952270508,208600
2022-10-13,40.18999862670898,40.18999862670898,38.9900016784668,39.25,34.3830451965332,69800
2022-10-14,39.150001525878906,40.0,38.75,39.93999862670898,34.98748779296875,176200
2022-10-17,39.13999938964844,39.13999938964844,38.40999984741211,39.04999923706055,34.207847595214844,308500
2022-10-18,39.13999938964844,39.13999938964844,38.59999847412109,38.61000061035156,33.82240676879883,213400
2022-10-19,39.13999938964844,39.150001525878906,38.709999084472656,39.04999923706055,34.207847595214844,130900
2022-10-20,39.04999923706055,39.20000076293945,38.54999923706055,39.09999847412109,34.25164794921875,504400
2022-10-21,39.459999084472656,39.470001220703125,38.45000076293945,38.66999816894531,33.87496566772461,242400
2022-10-24,38.790000915527344,38.790000915527344,38.40999984741211,38.54999923706055,33.76984786987305,273300
2022-10-25,38.0,38.02000045776367,37.560001373291016,37.93999862670898,33.2354850769043,750900
2022-10-26,37.56999969482422,37.630001068115234,37.04999923706055,37.18999862670898,32.578487396240234,418600
2022-10-27,36.970001220703125,37.18999862670898,36.59999847412109,36.880001068115234,32.306922912597656,314000
2022-10-28,36.88999938964844,37.470001220703125,36.88999938964844,37.34000015258789,32.70988845825195,546000
2022-10-31,37.65999984741211,37.83300018310547,37.52000045776367,37.81999969482422,33.130367279052734,186000
2022-11-01,37.18999862670898,37.78499984741211,37.18999862670898,37.65999984741211,32.99020767211914,209200
2022-11-02,37.54999923706055,38.150001525878906,37.310001373291016,38.060001373291016,33.340606689453125,117100
2022-11-03,38.720001220703125,38.84999847412109,38.15999984741211,38.68000030517578,33.88372802734375,496300
2022-11-04,38.459999084472656,38.540000915527344,37.94100189208984,38.09999847412109,33.37564468383789,136300
2022-11-07,38.040000915527344,38.18999862670898,37.75,38.09000015258789,33.36688995361328,181800
2022-11-08,38.2400016784668,38.2599983215332,37.36000061035156,37.59999847412109,32.937644958496094,418000
2022-11-09,37.650001525878906,37.65999984741211,37.220001220703125,37.43999862670898,32.7974853515625,224400
2022-11-10,35.849998474121094,36.220001220703125,35.5,35.5,31.09804344177246,540600
2022-11-11,35.290000915527344,35.571998596191406,35.029998779296875,35.119998931884766,30.76516342163086,192700
2022-11-14,35.0,35.426998138427734,35.0,35.34000015258789,30.957883834838867,169400
2022-11-15,34.81999969482422,35.16600036621094,34.79999923706055,34.900001525878906,30.572444915771484,154400
2022-11-16,34.900001525878906,34.900001525878906,34.459999084472656,34.47999954223633,30.20452308654785,230500
2022-11-17,34.52000045776367,35.13999938964844,34.52000045776367,34.939998626708984,30.60748291015625,248600
2022-11-18,34.83000183105469,35.150001525878906,34.77799987792969,35.04999923706055,30.70384407043457,133000
2022-11-21,35.16999816894531,35.279998779296875,35.020999908447266,35.15999984741211,30.800201416015625,1122200
2022-11-22,35.11000061035156,35.130001068115234,34.75,34.810001373291016,30.49360466003418,273700
2022-11-23,34.459999084472656,34.459999084472656,33.849998474121094,33.849998474121094,29.65264129638672,207900
2022-11-25,34.0,34.25,33.900001525878906,33.97200012207031,29.75951385498047,45000
2022-11-28,34.029998779296875,34.45000076293945,34.029998779296875,34.369998931884766,30.10816192626953,395500
2022-11-29,34.34000015258789,34.529998779296875,34.15999984741211,34.529998779296875,30.24832344055176,61400
2022-11-30,34.529998779296875,34.69599914550781,33.959999084472656,34.02000045776367,29.80156135559082,85100
2022-12-01,33.630001068115234,33.630001068115234,33.13999938964844,33.20000076293945,29.08324432373047,545100
2022-12-02,33.36000061035156,33.64799880981445,33.130001068115234,33.130001068115234,29.02192497253418,105600
2022-12-05,33.279998779296875,33.7400016784668,33.279998779296875,33.650001525878906,29.477441787719727,90200
2022-12-06,33.619998931884766,33.62099838256836,33.40999984741211,33.529998779296875,29.3723201751709,150100
2022-12-07,33.369998931884766,33.439998626708984,33.11000061035156,33.21099853515625,29.09287452697754,143400
2022-12-08,33.08000183105469,33.41999816894531,33.08000183105469,33.25,29.127042770385746,123800
2022-12-09,33.400001525878906,33.70000076293945,33.35699844360352,33.630001068115234,29.459922790527344,141100
2022-12-12,33.5,33.84000015258789,33.27000045776367,33.689998626708984,29.512481689453125,273700
2022-12-13,33.0,33.34000015258789,32.779998779296875,33.2599983215332,29.135799407958984,234100
2022-12-14,33.20000076293945,33.5,33.040000915527344,33.220001220703125,29.10076332092285,110000
2022-12-15,33.29999923706055,33.86000061035156,33.29999923706055,33.86000061035156,29.66140556335449,106500
2022-12-16,34.18000030517578,34.29999923706055,33.93000030517578,34.119998931884766,29.88916206359864,155100
2022-12-19,34.43000030517578,34.43000030517578,34.119998931884766,34.20000076293945,29.95924568176269,196700
2022-12-20,34.47999954223633,34.47999954223633,34.220001220703125,34.28499984741211,30.03370475769043,100200
2022-12-21,34.279998779296875,34.349998474121094,34.060001373291016,34.349998474121094,30.090639114379883,33000
2022-12-22,34.38999938964844,34.720001220703125,34.38999938964844,34.630001068115234,30.33592414855957,261600
2022-12-23,34.720001220703125,34.810001373291016,34.470001220703125,34.61000061035156,30.31840705871582,95800
2022-12-27,34.400001525878906,34.59600067138672,34.209999084472656,34.400001525878906,30.13444328308105,115800
2022-12-28,30.8799991607666,31.04599952697754,30.0,30.86000061035156,29.13465118408203,145900
2022-12-29,30.75,31.14999961853028,30.61000061035156,30.6200008392334,28.908069610595703,93000
2022-12-30,30.89999961853028,30.940000534057617,30.549999237060547,30.549999237060547,28.841981887817383,243400
2023-01-03,30.549999237060547,30.81999969482422,30.3799991607666,30.739999771118164,29.021360397338867,258000
2023-01-04,30.43000030517578,30.549999237060547,30.280000686645508,30.40999984741211,28.709810256958008,137400
2023-01-05,30.71999931335449,30.959999084472656,30.57900047302246,30.799999237060547,29.078004837036133,225900
2023-01-06,30.56999969482422,30.780000686645508,30.040000915527344,30.049999237060547,28.369935989379883,102800
2023-01-09,30.100000381469727,30.100000381469727,29.709999084472656,29.8700008392334,28.200000762939453,86600
2023-01-10,30.100000381469727,30.36400032043457,30.100000381469727,30.15999984741211,28.473785400390625,91700
2023-01-11,29.82999992370605,29.959999084472656,29.540000915527344,29.59000015258789,27.93565559387207,116400
2023-01-12,29.1299991607666,29.5,29.06999969482422,29.14999961853028,27.52025413513184,111500
2023-01-13,29.190000534057617,29.46999931335449,29.020000457763672,29.290000915527344,27.65242958068848,86900
2023-01-17,29.299999237060547,29.299999237060547,29.11599922180176,29.17200088500977,27.541025161743164,202700
2023-01-18,28.780000686645508,29.07999992370605,28.56999969482422,29.020000457763672,27.397523880004883,169200
2023-01-19,29.13999938964844,29.13999938964844,29.0,29.06999969482422,27.444726943969727,72200
2023-01-20,29.299999237060547,29.299999237060547,29.10300064086914,29.200000762939453,27.567459106445312,137600
2023-01-23,29.200000762939453,29.200000762939453,29.059999465942383,29.06999969482422,27.444726943969727,114100
2023-01-24,29.18000030517578,29.25,29.049999237060547,29.049999237060547,27.425844192504883,133500
2023-01-25,29.06999969482422,29.11000061035156,28.96999931335449,29.084999084472656,27.45888900756836,68300
2023-01-26,29.299999237060547,29.405000686645508,29.202999114990234,29.32999992370605,27.690189361572266,44100
2023-01-27,29.39999961853028,29.46999931335449,29.299999237060547,29.39999961853028,27.756277084350582,179900
2023-01-30,29.65999984741211,29.690000534057617,29.530000686645508,29.68000030517578,28.0206241607666,133800
2023-01-31,29.729999542236328,29.757999420166016,29.6299991607666,29.670000076293945,28.011180877685547,60700
2023-02-01,29.6200008392334,29.709999084472656,29.520000457763672,29.57999992370605,27.92621421813965,116600
2023-02-02,29.690000534057617,29.690000534057617,29.03499984741211,29.34000015258789,27.69963264465332,152700
2023-02-03,29.739999771118164,29.739999771118164,29.36000061035156,29.420000076293945,27.77515983581543,162400
2023-02-06,29.64999961853028,29.64999961853028,29.46999931335449,29.6200008392334,27.963979721069336,93400
2023-02-07,29.739999771118164,29.739999771118164,29.40999984741211,29.479999542236328,27.83180427551269,51400
2023-02-08,29.63999938964844,29.670000076293945,29.530000686645508,29.65999984741211,28.00174140930176,38100
2023-02-09,29.549999237060547,29.690000534057617,29.549999237060547,29.68000030517578,28.0206241607666,33700
2023-02-10,29.809999465942383,29.809999465942383,29.458999633789062,29.520000457763672,27.869569778442383,70700
2023-02-13,29.780000686645508,29.780000686645508,29.64999961853028,29.75,28.08670997619629,49700
2023-02-14,29.8700008392334,29.8700008392334,29.76000022888184,29.834999084472656,28.166955947875977,30400
2023-02-15,29.68000030517578,29.89999961853028,29.68000030517578,29.89999961853028,28.22832298278809,77100
2023-02-16,30.13999938964844,30.13999938964844,29.8700008392334,30.06999969482422,28.388818740844727,48000
2023-02-17,30.270000457763672,30.270000457763672,30.100000381469727,30.1200008392334,28.43602561950684,78200
2023-02-21,30.200000762939453,30.71999931335449,30.200000762939453,30.68000030517578,28.96471405029297,195900
2023-02-22,30.670000076293945,30.670000076293945,30.420000076293945,30.450000762939453,28.747573852539062,284700
2023-02-23,30.39999961853028,30.479999542236328,30.15999984741211,30.190000534057617,28.50210952758789,196500
2023-02-24,30.299999237060547,30.489999771118164,30.200000762939453,30.270000457763672,28.57763671875,125200
2023-02-27,30.5,30.5,30.28199958801269,30.36000061035156,28.66260528564453,258200
2023-02-28,30.59000015258789,30.59000015258789,30.170000076293945,30.190000534057617,28.50210952758789,79500
2023-03-01,30.38999938964844,30.479999542236328,30.299999237060547,30.3700008392334,28.67204666137696,205700
2023-03-02,30.3700008392334,30.51000022888184,30.26099967956543,30.440000534057617,28.73813247680664,234900
2023-03-03,30.459999084472656,30.459999084472656,30.027999877929688,30.09000015258789,28.40770149230957,241000
2023-03-06,30.21999931335449,30.51000022888184,30.21999931335449,30.440000534057617,28.73813247680664,156200
2023-03-07,30.43000030517578,30.6200008392334,30.270000457763672,30.6200008392334,28.908069610595703,96400
2023-03-08,30.6200008392334,30.739999771118164,30.5,30.65999984741211,28.945831298828125,316300
2023-03-09,30.489999771118164,30.81999969482422,30.450000762939453,30.809999465942383,29.087446212768555,209600
2023-03-10,30.270000457763672,30.270000457763672,30.025999069213867,30.11000061035156,28.42658233642578,372300
2023-03-13,29.3700008392334,29.3700008392334,28.86000061035156,29.209999084472656,27.5768985748291,394300
2023-03-14,29.450000762939453,29.690000534057617,29.450000762939453,29.6299991607666,27.97341728210449,770800
2023-03-15,29.26000022888184,29.520000457763672,29.030000686645508,29.43000030517578,27.78459930419922,660400
2023-03-16,29.31999969482422,29.64999961853028,29.25,29.57999992370605,27.92621421813965,143000
2023-03-17,29.26000022888184,29.299999237060547,29.049999237060547,29.239999771118164,27.605222702026367,183800
2023-03-20,29.1200008392334,29.40999984741211,29.1200008392334,29.25,27.61466407775879,115900
2023-03-21,29.61000061035156,29.76000022888184,29.5310001373291,29.549999237060547,27.897890090942383,79100
2023-03-22,29.850000381469727,29.89800071716309,29.450000762939453,29.549999237060547,27.897890090942383,31400
2023-03-23,29.448999404907227,29.459999084472656,29.309999465942383,29.36000061035156,27.718515396118164,47400
2023-03-24,29.100000381469727,29.299999237060547,29.040000915527344,29.170000076293945,27.53913688659668,110800
2023-03-27,29.489999771118164,29.600000381469727,29.325000762939453,29.39999961853028,27.756277084350582,112600
2023-03-28,29.440000534057617,29.530000686645508,29.36000061035156,29.440000534057617,27.79404067993164,54600
2023-03-29,29.520000457763672,29.64999961853028,29.36100006103516,29.64999961853028,27.992300033569336,52600
2023-03-30,29.690000534057617,29.8700008392334,29.68000030517578,29.84000015258789,28.17167854309082,94700
2023-03-31,29.64999961853028,29.690000534057617,29.479999542236328,29.479999542236328,27.83180427551269,469400
2023-04-03,29.38999938964844,29.38999938964844,29.059999465942383,29.25,27.61466407775879,163100
2023-04-04,29.51000022888184,29.51000022888184,29.270000457763672,29.32999992370605,27.690189361572266,110800
2023-04-05,29.39999961853028,29.39999961853028,29.18000030517578,29.270000457763672,27.633544921875,55700
2023-04-06,29.270000457763672,29.597999572753903,29.270000457763672,29.56999969482422,27.916772842407227,159400
2023-04-10,29.57999992370605,29.57999992370605,29.43000030517578,29.489999771118164,27.84124565124512,174000
2023-04-11,29.57999992370605,29.71999931335449,29.57999992370605,29.665000915527344,28.00646209716797,24400
2023-04-12,29.65999984741211,29.799999237060547,29.65999984741211,29.799999237060547,28.133913040161133,149000
2023-04-13,30.0,30.0,29.81999969482422,29.90999984741211,28.237764358520508,313000
2023-04-14,29.850000381469727,29.913000106811523,29.64999961853028,29.799999237060547,28.133913040161133,419700
2023-04-17,29.655000686645508,29.71999931335449,29.61000061035156,29.690000534057617,28.030065536499023,130700
2023-04-18,29.600000381469727,29.81999969482422,29.600000381469727,29.74399948120117,28.08104515075684,31200
2023-04-19,30.07999992370605,30.100000381469727,29.950000762939453,30.09000015258789,28.40770149230957,36900
2023-04-20,30.25,30.290000915527344,30.170000076293945,30.280000686645508,28.587078094482425,99600
2023-04-21,30.280000686645508,30.290000915527344,30.11000061035156,30.290000915527344,28.596519470214844,41400
2023-04-24,30.440000534057617,30.450000762939453,30.21999931335449,30.43000030517578,28.72869110107422,56100
2023-04-25,30.420000076293945,30.42399978637696,30.25,30.38999938964844,28.690927505493164,31200
2023-04-26,30.700000762939453,30.799999237060547,30.559999465942383,30.799999237060547,29.078004837036133,56800
2023-04-27,30.89999961853028,30.989999771118164,30.780000686645508,30.950000762939453,29.21961975097656,86600
2023-04-28,30.979999542236328,30.979999542236328,30.76499938964844,30.81999969482422,29.096885681152344,90400
2023-05-01,31.030000686645508,31.030000686645508,30.69700050354004,30.81999969482422,29.096885681152344,82400
2023-05-02,31.229999542236328,31.229999542236328,30.934999465942383,31.020000457763672,29.28570556640625,49800
2023-05-03,31.299999237060547,31.299999237060547,31.020000457763672,31.21999931335449,29.47452163696289,270200
2023-05-04,31.3700008392334,31.3700008392334,31.0,31.15999984741211,29.417877197265625,55800
2023-05-05,31.25,31.34000015258789,30.940000534057617,31.1200008392334,29.38011360168457,53100
2023-05-08,31.59000015258789,31.59000015258789,30.739999771118164,30.979999542236328,29.247941970825195,401200
2023-05-09,30.950000762939453,31.1200008392334,30.82999992370605,30.920000076293945,29.191295623779297,99200
2023-05-10,30.93000030517578,31.0,30.709999084472656,30.93000030517578,29.20073699951172,96500
2023-05-11,30.86000061035156,31.114999771118164,30.67200088500977,30.84000015258789,29.115768432617188,57200
2023-05-12,30.75,31.040000915527344,30.690000534057617,30.989999771118164,29.257381439208984,127800
2023-05-15,31.0,31.0,30.68000030517578,30.709999084472656,28.9930362701416,40200
2023-05-16,30.600000381469727,30.770000457763672,30.465999603271484,30.770000457763672,29.0496826171875,63500
2023-05-17,31.540000915527344,31.540000915527344,30.57999992370605,30.770000457763672,29.0496826171875,32000
2023-05-18,30.850000381469727,30.950000762939453,30.65999984741211,30.709999084472656,28.9930362701416,79500
2023-05-19,30.65999984741211,31.01000022888184,30.65999984741211,30.96999931335449,29.238500595092773,48000
2023-05-22,31.1299991607666,31.1299991607666,30.93000030517578,31.030000686645508,29.295146942138672,278800
2023-05-23,31.11000061035156,31.11000061035156,30.809999465942383,30.90999984741211,29.181856155395508,47800
2023-05-24,30.82999992370605,30.89999961853028,30.670000076293945,30.84000015258789,29.115768432617188,42900
2023-05-25,31.06999969482422,31.299999237060547,30.86000061035156,31.15999984741211,29.417877197265625,42100
2023-05-26,31.170000076293945,31.239999771118164,31.09000015258789,31.1299991607666,29.389554977416992,68500
2023-05-30,31.34000015258789,31.479999542236328,31.299999237060547,31.450000762939453,29.69166374206543,50500
2023-05-31,31.32999992370605,31.46999931335449,31.200000762939453,31.26000022888184,29.51228713989257,370100
2023-06-01,31.34000015258789,31.34000015258789,31.05500030517578,31.21999931335449,29.47452163696289,87500
2023-06-02,30.93000030517578,31.100000381469727,30.84000015258789,30.88999938964844,29.16297149658203,86000
2023-06-05,30.739999771118164,30.959999084472656,30.691999435424805,30.940000534057617,29.21017837524414,45800
2023-06-06,30.89999961853028,30.89999961853028,30.70400047302246,30.850000381469727,29.12521171569824,79900
2023-06-07,30.950000762939453,30.950000762939453,30.700000762939453,30.84000015258789,29.115768432617188,276200
2023-06-08,30.850000381469727,31.07999992370605,30.82999992370605,30.93000030517578,29.20073699951172,69400
2023-06-09,31.020000457763672,31.06999969482422,30.8700008392334,30.989999771118164,29.257381439208984,92800
2023-06-12,31.040000915527344,31.32999992370605,31.0,31.18000030517578,29.43675994873047,40800
2023-06-13,30.780000686645508,31.170000076293945,30.780000686645508,31.170000076293945,29.427318572998047,73300
2023-06-14,31.030000686645508,31.280000686645508,31.01000022888184,31.21999931335449,29.47452163696289,43800
2023-06-15,30.959999084472656,31.0,30.530000686645508,30.57999992370605,28.87030601501465,1777800
2023-06-16,30.549999237060547,30.809999465942383,30.309999465942383,30.36000061035156,28.66260528564453,46100
2023-06-20,30.489999771118164,30.65999984741211,30.32999992370605,30.34000015258789,28.643722534179688,266600
2023-06-21,30.450000762939453,30.52300071716309,29.950000762939453,30.01000022888184,28.33217430114746,46100
2023-06-22,30.229999542236328,30.46999931335449,30.11000061035156,30.3799991607666,28.681486129760746,44600
2023-06-23,30.56999969482422,30.56999969482422,30.01000022888184,30.030000686645508,28.351055145263672,47400
2023-06-26,30.440000534057617,30.440000534057617,29.770000457763672,29.8700008392334,28.200000762939453,53800
2023-06-27,29.979999542236328,30.440000534057617,29.924999237060547,30.25,28.55875587463379,27200
2023-06-28,30.30500030517578,30.60199928283692,30.13999938964844,30.25,28.55875587463379,30600
2023-06-29,30.440000534057617,30.54700088500977,30.319000244140625,30.459999084472656,28.75701332092285,54400
2023-06-30,30.64999961853028,30.64999961853028,30.319000244140625,30.468000411987305,28.76456642150879,49100
2023-07-03,30.34000015258789,30.84000015258789,30.34000015258789,30.709999084472656,28.9930362701416,68000
2023-07-05,30.61400032043457,30.81999969482422,30.61400032043457,30.76000022888184,29.04024124145508,86000
2023-07-06,30.989999771118164,31.30900001525879,30.989999771118164,31.13500022888184,29.394275665283203,65700
2023-07-07,31.25,31.38500022888184,31.09000015258789,31.280000686645508,29.531169891357425,147000
2023-07-10,31.280000686645508,31.280000686645508,31.040000915527344,31.200000762939453,29.455642700195312,126200
2023-07-11,31.10199928283692,31.170000076293945,31.049999237060547,31.14999961853028,29.40843772888184,70300
2023-07-12,31.020000457763672,31.190000534057617,30.86000061035156,31.049999237060547,29.314027786254883,156200
2023-07-13,31.049999237060547,31.07999992370605,30.89999961853028,30.959999084472656,29.22905731201172,75300
2023-07-14,30.920000076293945,31.239999771118164,30.920000076293945,31.1299991607666,29.389554977416992,71200
2023-07-17,31.1200008392334,31.21999931335449,30.979999542236328,31.14999961853028,29.40843772888184,34200
2023-07-18,31.040000915527344,31.040000915527344,30.799999237060547,30.93000030517578,29.20073699951172,93300
2023-07-19,30.780000686645508,30.780000686645508,30.5,30.57999992370605,28.87030601501465,42800
2023-07-20,30.459999084472656,30.700000762939453,30.459999084472656,30.56999969482422,28.860864639282227,83000
2023-07-21,30.90999984741211,30.90999984741211,30.520999908447266,30.739999771118164,29.021360397338867,65600
2023-07-24,30.59000015258789,30.59000015258789,30.299999237060547,30.32999992370605,28.634281158447266,63500
2023-07-25,30.32999992370605,30.709999084472656,30.31999969482422,30.32900047302246,28.633338928222656,25000
2023-07-26,30.600000381469727,30.670000076293945,30.40999984741211,30.670000076293945,28.955272674560547,19000
2023-07-27,30.63999938964844,30.729999542236328,30.40999984741211,30.530000686645508,28.82310104370117,122400
2023-07-28,30.5,30.76000022888184,30.46999931335449,30.51000022888184,28.804218292236328,64000
2023-07-31,30.43000030517578,30.81999969482422,30.43000030517578,30.68000030517578,28.96471405029297,81800
2023-08-01,30.88999938964844,31.049999237060547,30.76000022888184,30.96999931335449,29.238500595092773,68600
2023-08-02,31.0,31.0,30.729999542236328,30.75,29.03080177307129,39500
2023-08-03,30.88999938964844,31.0,30.82999992370605,31.0,29.266822814941406,26000
2023-08-04,30.940000534057617,30.940000534057617,30.700000762939453,30.700000762939453,28.98359680175781,52700
2023-08-07,30.51000022888184,30.79400062561035,30.51000022888184,30.63999938964844,28.92695045471192,27000
2023-08-08,30.51000022888184,30.51000022888184,30.200000762939453,30.350000381469727,28.653165817260746,49100
2023-08-09,30.200000762939453,30.530000686645508,30.14999961853028,30.31999969482422,28.62484169006348,50800
2023-08-10,30.530000686645508,30.709999084472656,30.3799991607666,30.61000061035156,28.89862823486328,49700
2023-08-11,30.68000030517578,31.07999992370605,30.68000030517578,30.950000762939453,29.21961975097656,165100
2023-08-14,31.049999237060547,31.18000030517578,30.950000762939453,30.96999931335449,29.238500595092773,26100
2023-08-15,31.229999542236328,31.34000015258789,31.07999992370605,31.174999237060547,29.43203926086425,34000
2023-08-16,31.3700008392334,31.440000534057617,31.190000534057617,31.190000534057617,29.44620132446289,216700
2023-08-17,31.43000030517578,31.6200008392334,31.301000595092773,31.350000381469727,29.59725379943848,214600
2023-08-18,31.34000015258789,31.3700008392334,31.1299991607666,31.200000762939453,29.455642700195312,151700
2023-08-21,31.209999084472656,31.51499938964844,31.209999084472656,31.43000030517578,29.67278289794922,73000
2023-08-22,31.43000030517578,31.45499992370605,31.26499938964844,31.34000015258789,29.587814331054688,26500
2023-08-23,31.100000381469727,31.100000381469727,30.83799934387207,30.950000762939453,29.21961975097656,78600
2023-08-24,31.200000762939453,31.200000762939453,30.8700008392334,30.96999931335449,29.238500595092773,46600
2023-08-25,30.96999931335449,31.450000762939453,30.96999931335449,31.40999984741211,29.65390014648437,70100
2023-08-28,31.1299991607666,31.520000457763672,31.1299991607666,31.39999961853028,29.64445877075196,13900
2023-08-29,31.440000534057617,31.51499938964844,31.233999252319336,31.350000381469727,29.59725379943848,41300
2023-08-30,31.290000915527344,31.5,31.270000457763672,31.280000686645508,29.531169891357425,42000
2023-08-31,31.309999465942383,31.3700008392334,31.1200008392334,31.1299991607666,29.389554977416992,30300
2023-09-01,31.21999931335449,31.5,31.21999931335449,31.420000076293945,29.6633415222168,38000
2023-09-05,31.68000030517578,32.189998626708984,31.68000030517578,31.950000762939453,30.16370964050293,64900
2023-09-06,31.959999084472656,32.13999938964844,31.850000381469727,31.959999084472656,30.17314910888672,30000
2023-09-07,31.924999237060547,32.06999969482422,31.809999465942383,31.96999931335449,30.18259048461914,28300
2023-09-08,31.950000762939453,32.13999938964844,31.89999961853028,32.13999938964844,30.34308624267578,72900
2023-09-11,32.310001373291016,32.310001373291016,32.09199905395508,32.22999954223633,30.428054809570312,37600
2023-09-12,32.22999954223633,32.29999923706055,32.06999969482422,32.25,30.446935653686523,43000
2023-09-13,32.290000915527344,32.290000915527344,32.020999908447266,32.15999984741211,30.361968994140625,88000
2023-09-14,32.029998779296875,32.2599983215332,31.989999771118164,32.2599983215332,30.456377029418945,21800
2023-09-15,32.36000061035156,32.36000061035156,32.119998931884766,32.20000076293945,30.399734497070312,41300
2023-09-18,32.459999084472656,32.5,32.224998474121094,32.36000061035156,30.5507869720459,143400
2023-09-19,32.400001525878906,32.47999954223633,32.31800079345703,32.43000030517578,30.616872787475582,37700
2023-09-20,32.310001373291016,32.310001373291016,32.08000183105469,32.20000076293945,30.399734497070312,25000
2023-09-21,32.47999954223633,32.53499984741211,32.33000183105469,32.459999084472656,30.64519500732422,52800
2023-09-22,32.5,32.52000045776367,32.209999084472656,32.290000915527344,30.48470115661621,231100
2023-09-25,32.290000915527344,32.709999084472656,32.263999938964844,32.40599822998047,30.594215393066406,235200
2023-09-26,32.41999816894531,32.474998474121094,32.097999572753906,32.41999816894531,30.607431411743164,115400
2023-09-27,32.36000061035156,32.7599983215332,32.28499984741211,32.66999816894531,30.84345245361328,206300
2023-09-28,32.77000045776367,32.86199951171875,32.619998931884766,32.630001068115234,30.80569267272949,47400
2023-09-29,32.4900016784668,32.59000015258789,32.189998626708984,32.56999969482422,30.749048233032227,161600
2023-10-02,32.63999938964844,32.86000061035156,32.630001068115234,32.77000045776367,30.937864303588867,168300
2023-10-03,32.849998474121094,32.880001068115234,32.61000061035156,32.84000015258789,31.003950119018555,114300
2023-10-04,32.63999938964844,32.65999984741211,32.2599983215332,32.34000015258789,30.531906127929688,92700
2023-10-05,32.11000061035156,32.150001525878906,31.6299991607666,31.799999237060547,30.0220947265625,81600
2023-10-06,32.150001525878906,32.150001525878906,31.809999465942383,31.82999992370605,30.05041885375977,44600
2023-10-09,32.13999938964844,32.13999938964844,31.66699981689453,31.76000022888184,29.98433303833008,79100
2023-10-10,31.8799991607666,31.950000762939453,31.58099937438965,31.63999938964844,29.87104225158692,25600
2023-10-11,31.5,31.614999771118164,31.31999969482422,31.34000015258789,29.587814331054688,47800
2023-10-12,31.51000022888184,31.940000534057617,31.51000022888184,31.8799991607666,30.09762382507324,45100
2023-10-13,31.75900077819824,32.040000915527344,31.709999084472656,31.8799991607666,30.09762382507324,24600
2023-10-16,31.90999984741211,32.2599983215332,31.90999984741211,32.099998474121094,30.305322647094727,450400
2023-10-17,32.40999984741211,32.47999954223633,32.23099899291992,32.459999084472656,30.64519500732422,64500
2023-10-18,32.70000076293945,32.75,32.47200012207031,32.720001220703125,30.89065933227539,75600
2023-10-19,32.95000076293945,32.970001220703125,32.540000915527344,32.900001525878906,31.06059837341309,128000
2023-10-20,32.9900016784668,32.9900016784668,32.599998474121094,32.83000183105469,30.9945125579834,79700
2023-10-23,32.810001373291016,32.97800064086914,32.27799987792969,32.380001068115234,30.56966781616211,66400
2023-10-24,32.34000015258789,32.49800109863281,32.22999954223633,32.279998779296875,30.475255966186523,44500
2023-10-25,32.380001068115234,32.790000915527344,32.380001068115234,32.75,30.918981552124023,53500
2023-10-26,32.7400016784668,32.7400016784668,32.279998779296875,32.310001373291016,30.503582000732425,40000
2023-10-27,32.33000183105469,32.4900016784668,32.150001525878906,32.40999984741211,30.59799194335937,193700
2023-10-30,32.540000915527344,32.560001373291016,32.20000076293945,32.31999969482422,30.513023376464844,62800
2023-10-31,32.27000045776367,32.5,32.2400016784668,32.349998474121094,30.54134559631348,108400
2023-11-01,32.41999816894531,32.65399932861328,32.0,32.16999816894531,30.37140846252441,50800
2023-11-02,31.61000061035156,32.02000045776367,31.56999969482422,31.89999961853028,30.116504669189453,145000
2023-11-03,31.39999961853028,31.39999961853028,30.959999084472656,31.14999961853028,29.40843772888184,273700
2023-11-06,31.21999931335449,31.64900016784668,31.21999931335449,31.559999465942383,29.79551315307617,142700
2023-11-07,31.530000686645508,31.6200008392334,31.299999237060547,31.309999465942383,29.55949211120605,31800
2023-11-08,31.299999237060547,31.299999237060547,31.0,31.059999465942383,29.323467254638672,29700
2023-11-09,31.1299991607666,31.65999984741211,31.1299991607666,31.5,29.738868713378903,104200
2023-11-10,31.350000381469727,31.88999938964844,31.350000381469727,31.6299991607666,29.86159896850586,27700
2023-11-13,32.060001373291016,32.060001373291016,31.549999237060547,31.71999931335449,29.94656753540039,32700
2023-11-14,31.059999465942383,31.059999465942383,30.77499961853028,30.790000915527344,29.06856346130371,73400
2023-11-15,30.770000457763672,31.170000076293945,30.770000457763672,31.059999465942383,29.323467254638672,49300
2023-11-16,30.89999961853028,30.89999961853028,30.54700088500977,30.700000762939453,28.98359680175781,44300
2023-11-17,30.600000381469727,30.88999938964844,30.57999992370605,30.709999084472656,28.9930362701416,22300
2023-11-20,30.81999969482422,30.989999771118164,30.729999542236328,30.8700008392334,29.144092559814453,65300
2023-11-21,30.850000381469727,31.0,30.61000061035156,30.920000076293945,29.191295623779297,55400
2023-11-22,30.670000076293945,30.96500015258789,30.61000061035156,30.940000534057617,29.21017837524414,159200
2023-11-24,31.5,31.5,30.940000534057617,30.940000534057617,29.21017837524414,36500
2023-11-27,30.709999084472656,30.979999542236328,30.600000381469727,30.86000061035156,29.13465118408203,208700
2023-11-28,30.950000762939453,30.950000762939453,30.61000061035156,30.666000366210938,28.95149612426757,181100
2023-11-29,30.5,30.670000076293945,30.280000686645508,30.459999084472656,28.75701332092285,109200
2023-11-30,30.559999465942383,30.84000015258789,30.32999992370605,30.440000534057617,28.73813247680664,126400
2023-12-01,30.15999984741211,30.420000076293945,29.71999931335449,29.71999931335449,28.058385848999023,81700
2023-12-04,29.8799991607666,30.18000030517578,29.81999969482422,29.93000030517578,28.25664520263672,81700
2023-12-05,30.09000015258789,30.09000015258789,29.51000022888184,29.520000457763672,27.869569778442383,69400
2023-12-06,29.25,29.40999984741211,29.170000076293945,29.3799991607666,27.737394332885746,68100
2023-12-07,29.39999961853028,29.39999961853028,28.950000762939453,29.11000061035156,27.48249244689941,70300
2023-12-08,29.39999961853028,29.450000762939453,29.21999931335449,29.450000762939453,27.80348396301269,83600
2023-12-11,29.459999084472656,29.8799991607666,29.459999084472656,29.780000686645508,28.11503219604492,69400
2023-12-12,29.780000686645508,29.81999969482422,29.44499969482422,29.5,27.850685119628903,301500
2023-12-13,29.40999984741211,29.540000915527344,29.05599975585937,29.06999969482422,27.444726943969727,102000
2023-12-14,28.809999465942383,29.0,28.809999465942383,28.8700008392334,27.255908966064453,107600
2023-12-15,28.809999465942383,28.89999961853028,28.61000061035156,28.71999931335449,27.114295959472656,71200
2023-12-18,28.76000022888184,28.90999984741211,28.71999931335449,28.84000015258789,27.22758674621582,203200
2023-12-19,28.979999542236328,29.11000061035156,28.8700008392334,28.93000030517578,27.31255531311035,74600
2023-12-20,29.0,29.0,28.881000518798828,28.959999084472656,27.340877532958984,175600
2023-12-21,28.76000022888184,28.89999961853028,28.75,28.76000022888184,27.15205955505371,170800
2023-12-22,28.940000534057617,28.940000534057617,28.709999084472656,28.75,27.14261817932129,236600
2023-12-26,28.739999771118164,28.86000061035156,28.61000061035156,28.71999931335449,27.114295959472656,103400
2023-12-27,28.76000022888184,28.89999961853028,28.65999984741211,28.850000381469727,27.23702812194824,63300
2023-12-28,28.600000381469727,28.81800079345703,28.59600067138672,28.709999084472656,27.1048526763916,152900
2023-12-29,28.59000015258789,28.84000015258789,28.59000015258789,28.81999969482422,27.208703994750977,346300
2024-01-02,28.82999992370605,28.82999992370605,28.59000015258789,28.65999984741211,27.05765151977539,318700
2024-01-03,28.65999984741211,28.89999961853028,28.617000579833984,28.76000022888184,27.15205955505371,54800
2024-01-04,28.76000022888184,28.799999237060547,28.5,28.690000534057617,27.085973739624023,360200
2024-01-05,28.63999938964844,28.82999992370605,28.5,28.75,27.14261817932129,165100
2024-01-08,29.1200008392334,29.1200008392334,28.65999984741211,28.82999992370605,27.21814727783203,60800
2024-01-09,28.65999984741211,28.799999237060547,28.5,28.64999961853028,27.048208236694336,130900
2024-01-10,28.600000381469727,28.790000915527344,28.600000381469727,28.780000686645508,27.170942306518555,46200
2024-01-11,28.75,28.780000686645508,28.59000015258789,28.76000022888184,27.15205955505371,21200
2024-01-12,28.90999984741211,28.90999984741211,28.739999771118164,28.88999938964844,27.274791717529297,696900
2024-01-16,28.809999465942383,28.82999992370605,28.59000015258789,28.690000534057617,27.085973739624023,38000
2024-01-17,28.614999771118164,28.65999984741211,28.459999084472656,28.520000457763672,26.925477981567383,103300
2024-01-18,28.600000381469727,28.670000076293945,28.39999961853028,28.39999961853028,26.81218719482422,50000
2024-01-19,28.68000030517578,28.770000457763672,28.40999984741211,28.63999938964844,27.03876686096192,76400
2024-01-22,28.86000061035156,28.8700008392334,28.559999465942383,28.729999542236328,27.12373733520508,119000
2024-01-23,28.729999542236328,28.729999542236328,28.450000762939453,28.46999931335449,26.87827110290528,86100
2024-01-24,28.40999984741211,28.575000762939453,28.06999969482422,28.11000061035156,26.53840065002441,206500
2024-01-25,28.049999237060547,28.479999542236328,28.049999237060547,28.309999465942383,26.72721672058105,182400
2024-01-26,28.31999969482422,28.65999984741211,28.31999969482422,28.479999542236328,26.88771247863769,47200
2024-01-29,28.57999992370605,28.8799991607666,28.57999992370605,28.850000381469727,27.23702812194824,71300
2024-01-30,28.64999961853028,28.75,28.395000457763672,28.56999969482422,26.972681045532227,677000
2024-01-31,28.64999961853028,28.790000915527344,28.51000022888184,28.530000686645508,26.934919357299805,34200
2024-02-01,28.65999984741211,28.799999237060547,28.559999465942383,28.739999771118164,27.133176803588867,104800
2024-02-02,28.790000915527344,28.790000915527344,28.5,28.709999084472656,27.1048526763916,79100
2024-02-05,28.540000915527344,28.809999465942383,28.540000915527344,28.770000457763672,27.1614990234375,316200
2024-02-06,28.71999931335449,28.81999969482422,28.621999740600582,28.709999084472656,27.1048526763916,91200
2024-02-07,28.71999931335449,28.89999961853028,28.71999931335449,28.89999961853028,27.28423118591309,52600
2024-02-08,28.780000686645508,29.06999969482422,28.780000686645508,29.06999969482422,27.444726943969727,38300
2024-02-09,29.14999961853028,29.200000762939453,28.95199966430664,29.200000762939453,27.567459106445312,24900
2024-02-12,29.290000915527344,29.290000915527344,29.020000457763672,29.270000457763672,27.633544921875,68200
2024-02-13,29.40999984741211,29.489999771118164,29.288000106811523,29.354999542236328,27.71379280090332,26100
2024-02-14,29.07999992370605,29.483999252319336,29.07999992370605,29.364999771118164,27.723234176635746,44000
2024-02-15,29.57999992370605,29.57999992370605,29.350000381469727,29.549999237060547,27.897890090942383,23700
2024-02-16,29.36000061035156,29.57999992370605,29.26000022888184,29.57999992370605,27.92621421813965,62600
2024-02-20,29.309999465942383,29.5,29.25,29.25,27.61466407775879,73000
2024-02-21,29.09000015258789,29.239999771118164,29.09000015258789,29.1200008392334,27.49193382263184,79500
2024-02-22,29.15999984741211,29.290000915527344,29.073999404907227,29.290000915527344,27.65242958068848,48600
2024-02-23,29.200000762939453,29.450000762939453,29.200000762939453,29.3799991607666,27.737394332885746,40000
2024-02-26,29.3799991607666,29.450000762939453,29.21999931335449,29.39999961853028,27.756277084350582,47500
2024-02-27,29.350000381469727,29.38800048828125,29.11000061035156,29.299999237060547,27.66186714172364,55200
2024-02-28,29.229999542236328,29.32999992370605,29.07200050354004,29.11000061035156,27.48249244689941,76500
2024-02-29,29.11000061035156,29.290000915527344,29.11000061035156,29.209999084472656,27.5768985748291,38300
2024-03-01,29.38999938964844,29.520000457763672,29.350000381469727,29.43000030517578,27.78459930419922,45000
2024-03-04,29.309999465942383,29.48900032043457,29.25,29.34000015258789,27.69963264465332,64800
2024-03-05,29.520000457763672,29.520000457763672,29.11000061035156,29.200000762939453,27.567459106445312,97000
2024-03-06,29.25,29.299999237060547,29.100000381469727,29.1200008392334,27.49193382263184,49700
2024-03-07,29.049999237060547,29.25,29.040000915527344,29.11000061035156,27.48249244689941,43400
2024-03-08,29.049999237060547,29.23500061035156,29.01000022888184,29.01000022888184,27.38808250427246,82700
2024-03-11,29.049999237060547,29.14999961853028,28.961000442504883,29.049999237060547,27.425844192504883,110400
2024-03-12,28.979999542236328,29.299999237060547,28.979999542236328,29.15999984741211,27.52969551086425,62200
2024-03-13,29.170000076293945,29.39999961853028,29.13999938964844,29.350000381469727,27.709074020385746,49200
2024-03-14,29.290000915527344,29.65800094604492,29.290000915527344,29.540000915527344,27.8884506225586,65000
2024-03-15,29.700000762939453,29.790000915527344,29.549999237060547,29.64900016784668,27.991355895996094,43400
2024-03-18,29.64999961853028,29.959999084472656,29.64999961853028,29.850000381469727,28.18111991882324,48800
2024-03-19,29.850000381469727,29.979999542236328,29.809999465942383,29.89999961853028,28.22832298278809,34400
2024-03-20,29.979999542236328,30.0,29.729999542236328,29.799999237060547,28.133913040161133,436100
2024-03-21,29.709999084472656,29.89999961853028,29.66699981689453,29.71999931335449,28.058385848999023,46300
2024-03-22,29.71999931335449,29.8700008392334,29.71999931335449,29.791000366210938,28.125417709350582,58200
2024-03-25,29.809999465942383,29.979999542236328,29.683000564575195,29.920000076293945,28.24720573425293,129900
2024-03-26,29.81999969482422,29.920000076293945,29.670000076293945,29.790000915527344,28.124475479125977,60900
2024-03-27,29.770000457763672,30.0,29.770000457763672,29.96999931335449,28.294408798217773,42100
2024-03-28,30.0,30.0,29.71999931335449,29.88999938964844,28.218881607055664,99600
2024-04-01,29.89999961853028,30.25,29.840999603271484,30.190000534057617,28.50210952758789,332100
2024-04-02,30.13999938964844,30.36800003051757,30.049999237060547,30.36000061035156,28.66260528564453,112800
2024-04-03,30.489999771118164,30.5,30.13999938964844,30.34000015258789,28.643722534179688,183100
2024-04-04,30.59000015258789,30.59000015258789,30.209999084472656,30.350000381469727,28.653165817260746,184900
2024-04-05,30.36000061035156,30.49799919128418,30.350000381469727,30.36000061035156,28.66260528564453,172200
2024-04-08,30.36000061035156,30.5,30.21999931335449,30.3700008392334,28.67204666137696,68000
2024-04-09,30.479999542236328,30.5,30.28499984741211,30.440000534057617,28.73813247680664,247300
2024-04-10,30.440000534057617,30.799999237060547,30.424999237060547,30.690000534057617,28.97415542602539,69900
2024-04-11,30.76000022888184,30.97900009155273,30.66900062561035,30.850000381469727,29.12521171569824,67600
2024-04-12,31.049999237060547,31.15800094604492,30.8700008392334,30.8799991607666,29.15353202819824,81700
2024-04-15,31.26000022888184,31.350000381469727,30.961000442504883,31.34000015258789,29.587814331054688,212300
2024-04-16,31.350000381469727,31.39999961853028,31.16200065612793,31.280000686645508,29.531169891357425,187600
2024-04-17,31.209999084472656,31.39999961853028,31.049999237060547,31.059999465942383,29.323467254638672,31700
2024-04-18,31.059999465942383,31.200000762939453,30.950000762939453,31.200000762939453,29.455642700195312,52300
2024-04-19,31.239999771118164,31.25,30.94700050354004,31.10199928283692,29.36311912536621,35700
2024-04-22,31.100000381469727,31.100000381469727,30.75,30.86000061035156,29.13465118408203,151900
2024-04-23,30.76000022888184,30.780000686645508,30.51000022888184,30.68000030517578,28.96471405029297,56800
2024-04-24,30.69099998474121,30.94700050354004,30.69099998474121,30.809999465942383,29.087446212768555,24200
2024-04-25,30.96999931335449,31.052000045776367,30.809999465942383,30.98600006103516,29.253604888916016,52300
2024-04-26,31.229999542236328,31.229999542236328,30.950000762939453,31.11000061035156,29.37067413330078,66200
2024-04-29,31.059999465942383,31.06399917602539,30.6299991607666,30.799999237060547,29.078004837036133,98500
2024-04-30,30.84000015258789,31.15999984741211,30.76000022888184,31.13999938964844,29.39899635314941,81500
2024-05-01,30.850000381469727,31.190000534057617,30.738000869750977,30.950000762939453,29.21961975097656,51700
2024-05-02,30.729999542236328,30.729999542236328,30.13999938964844,30.215999603271484,28.526655197143555,84500
2024-05-03,29.520000457763672,29.8700008392334,29.520000457763672,29.670000076293945,28.011180877685547,53000
2024-05-06,29.75,29.90999984741211,29.40999984741211,29.549999237060547,27.897890090942383,368000
2024-05-07,29.600000381469727,29.600000381469727,29.309999465942383,29.5,27.850685119628903,71900
2024-05-08,29.600000381469727,29.90999984741211,29.600000381469727,29.82999992370605,28.16223526000977,106200
2024-05-09,29.670000076293945,29.850000381469727,29.64999961853028,29.665000915527344,28.00646209716797,72600
2024-05-10,29.559999465942383,29.89999961853028,29.559999465942383,29.76000022888184,28.09614944458008,67000
2024-05-13,29.71999931335449,29.850000381469727,29.530000686645508,29.729999542236328,28.067827224731445,41600
2024-05-14,29.68000030517578,29.76099967956543,29.56999969482422,29.64999961853028,27.992300033569336,43900
2024-05-15,29.46999931335449,29.520000457763672,29.14299964904785,29.36000061035156,27.718515396118164,77600
2024-05-16,29.26000022888184,29.479999542236328,29.1200008392334,29.3700008392334,27.72795486450196,194600
2024-05-17,29.559999465942383,29.68000030517578,29.3799991607666,29.520000457763672,27.869569778442383,62300
2024-05-20,29.770000457763672,29.770000457763672,29.2549991607666,29.36000061035156,27.718515396118164,70200
2024-05-21,29.43000030517578,29.459999084472656,29.15999984741211,29.3700008392334,27.72795486450196,80500
2024-05-22,29.295000076293945,29.349000930786133,29.01000022888184,29.11000061035156,27.48249244689941,79300
2024-05-23,28.989999771118164,29.23500061035156,28.863000869750977,29.13999938964844,27.51081275939941,96700
2024-05-24,29.200000762939453,29.350000381469727,29.15999984741211,29.239999771118164,27.605222702026367,56100
2024-05-28,29.170000076293945,29.5049991607666,29.170000076293945,29.440000534057617,27.79404067993164,98800
2024-05-29,29.6299991607666,29.979999542236328,29.530000686645508,29.93000030517578,28.25664520263672,329000
2024-05-30,29.6200008392334,29.82999992370605,29.59000015258789,29.68000030517578,28.0206241607666,96000
2024-05-31,29.64999961853028,29.68000030517578,29.479999542236328,29.600000381469727,27.94509506225586,89500
2024-06-03,29.36000061035156,29.49300003051757,29.15900039672852,29.190000534057617,27.558019638061523,71400
2024-06-04,29.100000381469727,29.100000381469727,28.834999084472656,28.90999984741211,27.293672561645508,134600
2024-06-05,29.040000915527344,29.040000915527344,28.75,28.81999969482422,27.208703994750977,93100
2024-06-06,28.81999969482422,28.89999961853028,28.674999237060547,28.770000457763672,27.1614990234375,100700
2024-06-07,28.920000076293945,28.929000854492188,28.75,28.75,27.14261817932129,185100
2024-06-10,28.850000381469727,28.989999771118164,28.799999237060547,28.959999084472656,27.340877532958984,211800
2024-06-11,28.920000076293945,28.950000762939453,28.75,28.799999237060547,27.189821243286133,68200
2024-06-12,28.64999961853028,28.670000076293945,28.46999931335449,28.65999984741211,27.05765151977539,149100
2024-06-13,28.57999992370605,28.670000076293945,28.40999984741211,28.489999771118164,26.89715385437012,101700
2024-06-14,28.670000076293945,28.670000076293945,28.32699966430664,28.489999771118164,26.89715385437012,81700
2024-06-17,28.76000022888184,28.790000915527344,28.520000457763672,28.670000076293945,27.06709098815918,152000
2024-06-18,28.809999465942383,28.809999465942383,28.450000762939453,28.549999237060547,26.953800201416016,158800
2024-06-20,28.86000061035156,28.8700008392334,28.56999969482422,28.8700008392334,27.255908966064453,182300
2024-06-21,29.0,29.0,28.6299991607666,28.850000381469727,27.23702812194824,76000
2024-06-24,28.850000381469727,28.85099983215332,28.600000381469727,28.61000061035156,27.01044654846192,65400
2024-06-25,28.6200008392334,28.82299995422364,28.6200008392334,28.81999969482422,27.208703994750977,28600
2024-06-26,29.01000022888184,29.01000022888184,28.83699989318848,28.96999931335449,27.350317001342773,65000
2024-06-27,28.989999771118164,28.989999771118164,28.85300064086914,28.944000244140625,27.32577133178711,113500
2024-06-28,28.959999084472656,29.229999542236328,28.959999084472656,29.15999984741211,27.52969551086425,97200
2024-07-01,29.56999969482422,29.56999969482422,29.209999084472656,29.31999969482422,27.68074989318848,153400
2024-07-02,29.209999084472656,29.31999969482422,29.170000076293945,29.26000022888184,27.62410545349121,2467400
2024-07-03,29.229999542236328,29.450000762939453,29.190000534057617,29.25,27.61466407775879,36900
2024-07-05,29.479999542236328,29.559999465942383,29.26000022888184,29.46999931335449,27.82236289978028,74500
2024-07-08,29.5,29.690000534057617,29.5,29.59000015258789,27.93565559387207,82100
2024-07-09,29.600000381469727,29.780000686645508,29.5,29.600000381469727,27.94509506225586,67800
2024-07-10,29.6299991607666,29.84000015258789,29.600000381469727,29.799999237060547,28.133913040161133,56600
2024-07-11,29.540000915527344,29.76000022888184,29.540000915527344,29.700000762939453,28.03950500488281,42300
2024-07-12,29.89999961853028,29.959999084472656,29.71999931335449,29.7549991607666,28.0914306640625,130100
2024-07-15,29.850000381469727,30.0,29.81100082397461,29.989999771118164,28.313291549682617,50700
2024-07-16,29.950000762939453,29.99799919128418,29.90999984741211,29.989999771118164,28.313291549682617,66300
2024-07-17,30.0,30.04199981689453,29.809999465942383,29.959999084472656,28.28496742248535,72600
2024-07-18,29.89999961853028,30.030000686645508,29.86000061035156,29.90999984741211,28.237764358520508,53000
2024-07-19,29.89999961853028,29.958999633789062,29.739999771118164,29.739999771118164,28.077268600463867,82600
2024-07-22,29.600000381469727,29.700000762939453,29.530000686645508,29.549999237060547,27.897890090942383,81600
2024-07-23,29.6200008392334,29.6200008392334,29.437000274658203,29.549999237060547,27.897890090942383,126300
2024-07-24,29.64999961853028,29.670000076293945,29.4379997253418,29.530000686645508,27.87900924682617,45600
2024-07-25,29.450000762939453,29.489999771118164,29.30599975585937,29.489999771118164,27.84124565124512,74700
2024-07-26,29.549999237060547,29.71999931335449,29.5,29.71999931335449,28.058385848999023,77800
2024-07-29,29.690000534057617,29.729999542236328,29.5,29.709999084472656,28.0489444732666,65200
2024-07-30,29.6299991607666,29.700000762939453,29.54899978637696,29.64999961853028,27.992300033569336,71600
2024-07-31,29.51000022888184,29.739999771118164,29.51000022888184,29.71999931335449,28.058385848999023,189200
2024-08-01,29.6299991607666,29.799999237060547,29.57999992370605,29.770000457763672,28.1055908203125,38000
2024-08-02,29.6299991607666,29.6299991607666,29.309999465942383,29.440000534057617,27.79404067993164,337100
2024-08-05,29.13999938964844,29.18000030517578,29.0,29.09000015258789,27.46360969543457,73800
2024-08-06,29.09000015258789,29.09000015258789,28.857999801635746,28.959999084472656,27.340877532958984,145300
2024-08-07,28.920000076293945,29.018999099731445,28.81999969482422,28.81999969482422,27.208703994750977,52600
2024-08-08,28.940000534057617,28.989999771118164,28.75,28.84000015258789,27.22758674621582,52300
2024-08-09,28.950000762939453,29.045000076293945,28.81999969482422,28.950000762939453,27.331438064575195,74500
2024-08-12,28.86000061035156,29.239999771118164,28.86000061035156,29.020000457763672,27.397523880004883,171500
2024-08-13,29.15999984741211,29.31999969482422,29.1200008392334,29.239999771118164,27.605222702026367,126600
2024-08-14,29.26000022888184,29.290000915527344,29.152000427246094,29.229999542236328,27.595781326293945,78300
2024-08-15,29.229999542236328,29.350000381469727,29.059999465942383,29.290000915527344,27.65242958068848,61900
2024-08-16,29.290000915527344,29.520000457763672,29.290000915527344,29.3700008392334,27.72795486450196,155000
2024-08-19,29.350000381469727,29.51000022888184,29.288000106811523,29.440000534057617,27.79404067993164,61700
2024-08-20,29.549999237060547,29.61000061035156,29.43899917602539,29.59000015258789,27.93565559387207,79300
2024-08-21,29.600000381469727,29.739999771118164,29.549999237060547,29.709999084472656,28.0489444732666,24200
2024-08-22,29.709999084472656,29.709999084472656,29.56999969482422,29.690000534057617,28.030065536499023,40000
2024-08-23,29.65999984741211,29.65999984741211,29.549999237060547,29.63999938964844,27.98285865783692,51400
2024-08-26,29.450000762939453,29.499000549316406,29.38999938964844,29.459999084472656,27.812923431396484,47100
2024-08-27,29.38999938964844,29.38999938964844,29.229999542236328,29.36000061035156,27.718515396118164,61900
2024-08-28,29.38999938964844,29.429000854492188,29.339000701904297,29.3700008392334,27.72795486450196,20600
2024-08-29,29.299999237060547,29.299999237060547,29.100000381469727,29.170000076293945,27.53913688659668,49000
2024-08-30,29.18000030517578,29.229999542236328,29.049999237060547,29.1200008392334,27.49193382263184,53700
2024-09-03,29.290000915527344,29.38999938964844,29.13800048828125,29.270000457763672,27.633544921875,223300
2024-09-04,29.3799991607666,29.51000022888184,29.31999969482422,29.51000022888184,27.86012840270996,90900
2024-09-05,29.5,29.64999961853028,29.39999961853028,29.63999938964844,27.98285865783692,53300
2024-09-06,29.75,29.850000381469727,29.36800003051757,29.76000022888184,28.09614944458008,202300
2024-09-09,29.799999237060547,29.850000381469727,29.700000762939453,29.75,28.08670997619629,104900
2024-09-10,29.90999984741211,30.15999984741211,29.790000915527344,30.14999961853028,28.46434593200684,94900
2024-09-11,30.0,30.190000534057617,29.950000762939453,30.040000915527344,28.360496520996094,90300
2024-09-12,30.01000022888184,30.01000022888184,29.770000457763672,29.8799991607666,28.20944023132324,131700
2024-09-13,29.959999084472656,30.049999237060547,29.81999969482422,29.93000030517578,28.25664520263672,79400
2024-09-16,29.96999931335449,30.15999984741211,29.96999931335449,30.11000061035156,28.42658233642578,67000
2024-09-17,29.88999938964844,29.959999084472656,29.780000686645508,29.8700008392334,28.200000762939453,92300
2024-09-18,29.780000686645508,29.86000061035156,29.565000534057617,29.61000061035156,27.95453643798828,47500
2024-09-19,29.420000076293945,29.565000534057617,29.420000076293945,29.565000534057617,27.912052154541016,98900
2024-09-20,29.479999542236328,29.479999542236328,29.290000915527344,29.34000015258789,27.69963264465332,75200
2024-09-23,29.26000022888184,29.34000015258789,28.950000762939453,29.270000457763672,27.633544921875,57300
2024-09-24,29.030000686645508,29.354999542236328,28.948999404907227,29.280000686645508,27.64298820495605,53500
2024-09-25,29.200000762939453,29.23500061035156,29.01000022888184,29.01000022888184,27.38808250427246,32100
2024-09-26,29.170000076293945,29.40999984741211,29.100000381469727,29.40999984741211,27.765718460083008,103700
2024-09-27,29.46999931335449,29.589000701904297,29.30699920654297,29.420000076293945,27.77515983581543,45800
2024-09-30,29.270000457763672,29.358999252319336,29.15999984741211,29.229999542236328,27.595781326293945,64400
2024-10-01,29.39999961853028,29.434999465942383,28.979999542236328,29.15999984741211,27.52969551086425,57400
2024-10-02,28.89999961853028,28.89999961853028,28.51000022888184,28.81999969482422,27.208703994750977,73900
2024-10-03,28.5,28.5,28.21999931335449,28.25,26.67057228088379,126400
2024-10-04,27.90999984741211,27.94700050354004,27.76000022888184,27.920000076293945,26.35902214050293,71900
2024-10-07,27.75,27.780000686645508,27.56999969482422,27.63999938964844,26.094676971435547,87600
2024-10-08,27.770000457763672,27.950000762939453,27.7450008392334,27.920000076293945,26.35902214050293,53800
2024-10-09,27.88999938964844,27.90999984741211,27.709999084472656,27.780000686645508,26.226850509643555,39200
2024-10-10,27.770000457763672,27.770000457763672,27.549999237060547,27.68000030517578,26.1324405670166,287700
2024-10-11,27.559999465942383,27.843000411987305,27.559999465942383,27.82999992370605,26.27405548095703,65800
2024-10-14,27.850000381469727,28.01000022888184,27.725000381469727,28.01000022888184,26.44399070739746,43700
2024-10-15,28.280000686645508,28.39200019836425,28.27199935913086,28.31999969482422,26.73665809631348,76100
2024-10-16,28.32999992370605,28.40800094604492,28.309999465942383,28.39999961853028,26.81218719482422,43000
2024-10-17,28.34000015258789,28.3700008392334,28.25,28.280000686645508,26.69889640808105,41300
2024-10-18,28.479999542236328,28.600000381469727,28.46999931335449,28.600000381469727,27.00100517272949,70800
2024-10-21,28.40999984741211,28.40999984741211,28.18000030517578,28.21999931335449,26.64225006103516,106500
2024-10-22,28.170000076293945,28.20499992370605,27.950000762939453,28.06999969482422,26.50063705444336,101400
2024-10-23,28.049999237060547,28.07999992370605,27.90999984741211,27.950000762939453,26.387346267700195,54600
2024-10-24,27.989999771118164,28.049999237060547,27.89999961853028,27.89999961853028,26.34014129638672,239100
2024-10-25,28.059999465942383,28.059999465942383,27.8700008392334,27.90999984741211,26.349580764770508,233500
2024-10-28,28.25,28.38599967956543,28.25,28.3799991607666,26.79330444335937,45200
2024-10-29,28.34000015258789,28.3700008392334,28.23500061035156,28.25,26.67057228088379,79400
2024-10-30,28.25,28.343000411987305,28.14999961853028,28.14999961853028,26.57616233825684,57900
2024-10-31,28.27899932861328,28.32999992370605,28.09000015258789,28.165000915527344,26.5903263092041,67600
2024-11-01,28.209999084472656,28.239999771118164,28.09000015258789,28.200000762939453,26.623369216918945,585300
2024-11-04,28.049999237060547,28.1200008392334,27.950000762939453,27.989999771118164,26.42510986328125,81200
2024-11-05,27.96999931335449,28.07999992370605,27.90999984741211,28.049999237060547,26.48175430297852,86700
2024-11-06,28.11100006103516,28.15999984741211,27.920000076293945,27.920000076293945,26.35902214050293,58600
2024-11-07,28.18000030517578,28.229999542236328,27.96999931335449,27.979999542236328,26.415666580200195,60100
2024-11-08,28.0,28.07999992370605,27.950000762939453,28.05500030517578,26.486474990844727,75000
2024-11-11,28.07999992370605,28.100000381469727,27.964000701904297,28.020000457763672,26.453432083129883,60600
2024-11-12,27.950000762939453,28.11000061035156,27.93400001525879,28.059999465942383,26.491195678710938,38900
2024-11-13,28.049999237060547,28.21500015258789,28.006000518798828,28.100000381469727,26.528961181640625,87300
2024-11-14,28.100000381469727,28.46999931335449,28.100000381469727,28.46999931335449,26.87827110290528,49400
2024-11-15,28.450000762939453,28.459999084472656,28.22599983215332,28.350000381469727,26.764982223510746,39200
2024-11-18,28.299999237060547,28.299999237060547,27.950000762939453,27.96999931335449,26.406227111816406,128300
2024-11-19,27.89999961853028,28.0049991607666,27.809999465942383,27.96999931335449,26.406227111816406,65200
2024-11-20,28.01000022888184,28.020000457763672,27.82099914550781,27.90999984741211,26.349580764770508,55500
2024-11-21,27.61000061035156,27.788000106811523,27.58099937438965,27.700000762939453,26.151323318481445,79200
2024-11-22,27.82999992370605,27.95800018310547,27.799999237060547,27.84000015258789,26.28349494934082,29700
2024-11-25,27.65999984741211,27.75,27.600000381469727,27.65999984741211,26.11355972290039,242500
2024-11-26,27.729999542236328,27.88999938964844,27.67399978637696,27.770000457763672,26.21741104125977,67200
2024-11-27,27.799999237060547,27.799999237060547,27.65999984741211,27.729999542236328,26.17964553833008,125200
2024-11-29,27.59000015258789,27.607999801635746,27.46999931335449,27.51000022888184,25.97194480895996,48000
2024-12-02,27.75,27.90999984741211,27.63999938964844,27.700000762939453,26.151323318481445,656600
2024-12-03,27.6299991607666,27.809999465942383,27.57099914550781,27.809999465942383,26.255170822143555,74300
2024-12-04,27.950000762939453,27.950000762939453,27.780000686645508,27.89900016784668,26.33919715881348,50900
2024-12-05,27.690000534057617,27.815000534057617,27.6200008392334,27.684999465942383,26.13716125488281,52300
2024-12-06,27.81999969482422,27.979999542236328,27.71999931335449,27.979999542236328,26.415666580200195,61000
2024-12-09,27.76000022888184,27.89999961853028,27.670000076293945,27.81999969482422,26.26461410522461,65700
2024-12-10,27.81999969482422,28.01000022888184,27.81999969482422,27.89999961853028,26.34014129638672,165400
2024-12-11,27.920000076293945,27.979999542236328,27.80900001525879,27.934999465942383,26.37318420410156,32900
2024-12-12,27.920000076293945,28.020000457763672,27.850000381469727,27.950000762939453,26.387346267700195,57000
2024-12-13,28.040000915527344,28.167999267578125,28.020000457763672,28.07999992370605,26.51007652282715,137100
2024-12-16,28.09000015258789,28.229999542236328,28.09000015258789,28.15999984741211,26.58560562133789,189300
2024-12-17,28.170000076293945,28.20499992370605,28.040000915527344,28.09000015258789,26.737903594970703,73800
2024-12-18,28.1299991607666,28.520000457763672,27.979999542236328,28.450000762939453,27.080575942993164,222500
2024-12-19,28.489999771118164,28.59000015258789,28.38999938964844,28.59000015258789,27.213836669921875,140600
2024-12-20,28.459999084472656,28.479999542236328,28.174999237060547,28.200000762939453,26.84260940551757,176400
2024-12-23,28.459999084472656,28.511999130249023,28.32999992370605,28.43000030517578,27.061538696289062,149900
2024-12-24,28.420000076293945,28.420000076293945,28.299999237060547,28.3799991607666,27.01394271850586,69600
2024-12-26,28.3799991607666,28.503999710083008,28.3799991607666,28.40999984741211,27.042499542236328,117200
2024-12-27,28.290000915527344,28.46999931335449,28.261999130249023,28.420000076293945,27.05201911926269,91500
2024-12-30,28.040000915527344,28.15999984741211,27.90999984741211,28.01000022888184,26.661754608154297,106700
2024-12-31,28.100000381469727,28.21999931335449,28.07999992370605,28.100000381469727,26.74742317199707,101000
2025-01-02,28.040000915527344,28.31999969482422,28.040000915527344,28.290000915527344,26.92827796936035,462100
2025-01-03,28.299999237060547,28.46999931335449,28.24300003051757,28.46999931335449,27.09961128234864,152600
2025-01-06,28.479999542236328,28.64999961853028,28.049999237060547,28.170000076293945,26.81405258178711,341800
2025-01-07,28.14999961853028,28.31999969482422,28.025999069213867,28.309999465942383,26.94731330871582,143400
2025-01-08,28.5,28.59000015258789,28.420000076293945,28.549999237060547,27.17576026916504,145000
2025-01-10,28.229999542236328,28.57999992370605,28.229999542236328,28.450000762939453,27.080575942993164,99200
2025-01-13,28.3799991607666,28.3799991607666,28.15999984741211,28.239999771118164,26.88068389892578,94500
2025-01-14,28.21999931335449,28.26000022888184,28.121999740600582,28.190000534057617,26.83308982849121,49200
2025-01-15,27.75,27.86000061035156,27.621000289916992,27.739999771118164,26.40475082397461,209300
2025-01-16,27.739999771118164,27.849000930786133,27.56999969482422,27.700000762939453,26.366676330566406,125900
2025-01-17,27.8700008392334,27.88999938964844,27.71699905395508,27.88999938964844,26.54752922058105,83100
2025-01-21,27.520000457763672,27.64999961853028,27.424999237060547,27.489999771118164,26.166784286499023,80700
2025-01-22,27.39999961853028,27.645000457763672,27.39999961853028,27.559999465942383,26.233413696289062,59400
2025-01-23,27.65999984741211,27.690000534057617,27.46999931335449,27.59000015258789,26.26197052001953,48200
2025-01-24,27.489999771118164,27.599000930786133,27.39999961853028,27.450000762939453,26.12870979309082,85800
2025-01-27,27.25,27.38999938964844,27.239999771118164,27.38999938964844,26.071596145629883,57900
2025-01-28,27.39999961853028,27.54700088500977,27.39999961853028,27.530000686645508,26.204858779907227,30200
2025-01-29,27.540000915527344,27.540000915527344,27.420000076293945,27.5,26.17630195617676,35700
2025-01-30,27.299999237060547,27.381999969482425,27.233999252319336,27.3799991607666,26.06207847595215,42700
2025-01-31,27.38999938964844,27.5,27.229999542236328,27.489999771118164,26.166784286499023,189900
2025-02-03,27.5,27.624000549316406,27.39999961853028,27.56999969482422,26.24293327331543,141900
2025-02-04,27.40999984741211,27.600000381469727,27.09000015258789,27.09000015258789,25.78603744506836,195100
2025-02-05,26.950000762939453,26.959999084472656,26.785999298095703,26.959999084472656,25.662294387817383,130400
2025-02-06,26.93000030517578,26.996000289916992,26.84199905395508,26.8799991607666,25.586145401000977,129200
2025-02-07,26.959999084472656,27.07999992370605,26.940000534057617,26.950000762939453,25.65277671813965,162200
2025-02-10,26.979999542236328,27.21999931335449,26.979999542236328,27.100000381469727,25.795557022094727,88300
2025-02-11,27.25,27.299999237060547,27.15999984741211,27.15999984741211,25.85266876220703,40500
2025-02-12,27.43000030517578,27.54400062561035,27.309999465942383,27.3700008392334,26.05256080627441,65800
2025-02-13,27.26000022888184,27.309999465942383,27.020000457763672,27.020000457763672,25.71940803527832,98200
2025-02-14,26.979999542236328,26.979999542236328,26.799999237060547,26.81999969482422,25.529033660888672,91400
2025-02-18,26.979999542236328,27.200000762939453,26.959999084472656,27.15999984741211,25.85266876220703,123300
2025-02-19,27.350000381469727,27.46999931335449,27.31999969482422,27.46999931335449,26.14774703979492,107800
2025-02-20,27.239999771118164,27.268999099731445,27.07999992370605,27.09000015258789,25.78603744506836,31300
2025-02-21,27.21999931335449,27.21999931335449,26.972999572753903,26.979999542236328,25.681331634521484,66200
2025-02-24,27.01000022888184,27.200000762939453,26.979999542236328,27.155000686645508,25.847909927368164,316400
2025-02-25,26.93000030517578,27.02199935913086,26.856000900268555,26.89999961853028,25.60518264770508,384800
2025-02-26,26.979999542236328,27.030000686645508,26.8799991607666,26.88999938964844,25.595664978027344,164900
2025-02-27,27.170000076293945,27.2549991607666,27.14999961853028,27.229999542236328,25.91929817199707,99800
2025-02-28,27.13999938964844,27.17799949645996,27.062000274658203,27.1299991607666,25.82411193847656,165300
2025-03-03,27.18000030517578,27.309999465942383,27.07999992370605,27.190000534057617,25.8812255859375,235700
2025-03-04,27.25,27.450000762939453,27.249000549316406,27.32999992370605,26.01448631286621,149900
2025-03-05,27.34000015258789,27.53899955749512,27.239999771118164,27.52499961853028,26.20009994506836,212300
2025-03-06,27.350000381469727,27.46999931335449,27.200000762939453,27.200000762939453,25.890743255615234,141300
2025-03-07,27.020000457763672,27.417999267578125,27.020000457763672,27.36000061035156,26.043041229248047,105500
2025-03-10,27.25,27.450000762939453,27.239999771118164,27.32999992370605,26.01448631286621,158300
2025-03-11,27.38999938964844,27.489999771118164,27.38999938964844,27.40999984741211,26.090635299682617,57200
2025-03-12,27.496999740600582,27.53899955749512,27.25,27.25,25.93833541870117,44400
2025-03-13,27.32999992370605,27.450000762939453,27.32900047302246,27.36000061035156,26.043041229248047,3517900
2025-03-14,27.350000381469727,27.429000854492188,27.31999969482422,27.32999992370605,26.01448631286621,78500
2025-03-17,27.239999771118164,27.325000762939453,27.21999931335449,27.229999542236328,25.91929817199707,72100
2025-03-18,27.229999542236328,27.32999992370605,27.21199989318848,27.229999542236328,25.91929817199707,63600
2025-03-19,27.3799991607666,27.503999710083008,27.3700008392334,27.3700008392334,26.05256080627441,284500
2025-03-20,27.420000076293945,27.499000549316406,27.34000015258789,27.34000015258789,26.024003982543945,60000
2025-03-21,27.38999938964844,27.45400047302246,27.350000381469727,27.350000381469727,26.033523559570312,53700
2025-03-24,27.440000534057617,27.479999542236328,27.34000015258789,27.34000015258789,26.024003982543945,81700
2025-03-25,27.36000061035156,27.479999542236328,27.36000061035156,27.39999961853028,26.08111572265625,41600
2025-03-26,27.3799991607666,27.43000030517578,27.350000381469727,27.38599967956543,26.06778907775879,32800
2025-03-27,27.299999237060547,27.520000457763672,27.299999237060547,27.39999961853028,26.08111572265625,158000
2025-03-28,27.464000701904297,27.46999931335449,27.3799991607666,27.440000534057617,26.11919212341309,51800
2025-03-31,27.420000076293945,27.459999084472656,27.280000686645508,27.280000686645508,25.96689224243164,144900
2025-04-01,27.229999542236328,27.229999542236328,27.06999969482422,27.170000076293945,25.86218643188477,216800
2025-04-02,27.11000061035156,27.190000534057617,27.09000015258789,27.190000534057617,25.8812255859375,208700
2025-04-03,27.0,27.0,26.81999969482422,26.88999938964844,25.595664978027344,382700
2025-04-04,26.93000030517578,27.040000915527344,26.81999969482422,26.8700008392334,25.57662773132324,140700
2025-04-07,26.8700008392334,26.97100067138672,26.780000686645508,26.790000915527344,25.50047874450684,144600
2025-04-08,26.82999992370605,26.8700008392334,26.68000030517578,26.709999084472656,25.4243278503418,92900
2025-04-09,26.8700008392334,27.020000457763672,26.81999969482422,27.0,25.70037078857422,221600
2025-04-10,26.809999465942383,26.854999542236328,26.520000457763672,26.530000686645508,25.25299453735352,80700
2025-04-11,26.520000457763672,26.6200008392334,26.440000534057617,26.51000022888184,25.23395538330078,62700
2025-04-14,26.5,26.542999267578125,26.3799991607666,26.51000022888184,25.23395538330078,144400
2025-04-15,26.3700008392334,26.506999969482425,26.36000061035156,26.420000076293945,25.14828872680664,43100
2025-04-16,26.32999992370605,26.39999961853028,26.290000915527344,26.290000915527344,25.024545669555664,83700
2025-04-17,26.21999931335449,26.29400062561035,26.19499969482422,26.229999542236328,24.96743392944336,54900
2025-04-21,26.308000564575195,26.44300079345703,26.231000900268555,26.25,24.98647117614746,54000
2025-04-22,26.350000381469727,26.350000381469727,26.170000076293945,26.229999542236328,24.96743392944336,49400
2025-04-23,26.229999542236328,26.34000015258789,26.138999938964844,26.25,24.98647117614746,38300
2025-04-24,26.167999267578125,26.170000076293945,26.10199928283692,26.11000061035156,24.85321044921875,62600
2025-04-25,26.125,26.14999961853028,26.049999237060547,26.059999465942383,24.80561637878418,21100
2025-04-28,26.18000030517578,26.38999938964844,26.18000030517578,26.31999969482422,25.0531005859375,29600
2025-04-29,26.350000381469727,26.51000022888184,26.350000381469727,26.43000030517578,25.15780639648437,63800
2025-04-30,26.31999969482422,26.420000076293945,26.200000762939453,26.31999969482422,25.0531005859375,45100
2025-05-01,26.231000900268555,26.350000381469727,26.14999961853028,26.200000762939453,24.938879013061523,171500
2025-05-02,26.299999237060547,26.40999984741211,26.280000686645508,26.40999984741211,25.13876914978028,50100
2025-05-05,26.440000534057617,26.540000915527344,26.43099975585937,26.459999084472656,25.18636131286621,51100
2025-05-06,26.450000762939453,26.55500030517578,26.38999938964844,26.459999084472656,25.18636131286621,62100
2025-05-07,26.459999084472656,26.584999084472656,26.450000762939453,26.450000762939453,25.17684555053711,98200
2025-05-08,26.3700008392334,26.450000762939453,26.170000076293945,26.299999237060547,25.0340633392334,67600
2025-05-09,26.36000061035156,26.3700008392334,26.26000022888184,26.309999465942383,25.04358291625977,27600
2025-05-12,25.959999084472656,26.166000366210938,25.950000762939453,26.06999969482422,24.81513404846192,103700
2025-05-13,26.06999969482422,26.124000549316406,25.93000030517578,26.049999237060547,24.79609680175781,89900
2025-05-14,26.020000457763672,26.0939998626709,25.940000534057617,26.059999465942383,24.80561637878418,271700
2025-05-15,26.100000381469727,26.200000762939453,26.049999237060547,26.049999237060547,24.79609680175781,66600
2025-05-16,26.0,26.106000900268555,26.0,26.0,24.748504638671875,58200
2025-05-19,26.200000762939453,26.25,26.14999961853028,26.14999961853028,24.89128303527832,57100
2025-05-20,26.13999938964844,26.29899978637696,26.13999938964844,26.290000915527344,25.024545669555664,30300
2025-05-21,26.270000457763672,26.450000762939453,26.270000457763672,26.440000534057617,25.167325973510746,43100
2025-05-22,26.489999771118164,26.52499961853028,26.39999961853028,26.459999084472656,25.18636131286621,26700
2025-05-23,26.39999961853028,26.59000015258789,26.39999961853028,26.59000015258789,25.310104370117188,84900
2025-05-27,26.520000457763672,26.57999992370605,26.381999969482425,26.40999984741211,25.13876914978028,100900
2025-05-28,26.36000061035156,26.479999542236328,26.34000015258789,26.39999961853028,25.129249572753903,35600
2025-05-29,26.440000534057617,26.559999465942383,26.43000030517578,26.43000030517578,25.15780639648437,13200
2025-05-30,26.5,26.57999992370605,26.459999084472656,26.459999084472656,25.18636131286621,39400
2025-06-02,26.51000022888184,26.729999542236328,26.51000022888184,26.71999931335449,25.433847427368164,165600
2025-06-03,26.56999969482422,26.61000061035156,26.45499992370605,26.56999969482422,25.29106712341309,84600
2025-06-04,26.5,26.621000289916992,26.450000762939453,26.530000686645508,25.25299453735352,37200
2025-06-05,26.58099937438965,26.652000427246094,26.540000915527344,26.64999961853028,25.36721611022949,24000
2025-06-06,26.55500030517578,26.600000381469727,26.450000762939453,26.5,25.224437713623047,23100
2025-06-09,26.6299991607666,26.6299991607666,26.479999542236328,26.479999542236328,25.205398559570312,31400
2025-06-10,26.43000030517578,26.450000762939453,26.31999969482422,26.3799991607666,25.110212326049805,58500
2025-06-11,26.270000457763672,26.350000381469727,26.209999084472656,26.209999084472656,24.948394775390625,196100
2025-06-12,26.309999465942383,26.465999603271484,26.28499984741211,26.34000015258789,25.072139739990234,50700
2025-06-13,26.09000015258789,26.176000595092773,25.90999984741211,26.07999992370605,24.82465362548828,46400
2025-06-16,26.1200008392334,26.299999237060547,26.01000022888184,26.01000022888184,24.75802421569824,18100
2025-06-17,25.88999938964844,26.01000022888184,25.600000381469727,25.64999961853028,24.41535186767578,40200
2025-06-18,25.6200008392334,25.6200008392334,25.38999938964844,25.40999984741211,24.18690299987793,137100
2025-06-20,25.5,25.51300048828125,25.302000045776367,25.36000061035156,24.139310836791992,21700
2025-06-23,25.280000686645508,25.81999969482422,25.280000686645508,25.81999969482422,24.577167510986328,89100
2025-06-24,25.940000534057617,26.030000686645508,25.902999877929688,25.959999084472656,24.71042823791504,53900
2025-06-25,26.042999267578125,26.114999771118164,26.020999908447266,26.06999969482422,24.81513404846192,27100
2025-06-26,26.229999542236328,26.32999992370605,26.229999542236328,26.270000457763672,25.00550842285156,142400
2025-06-27,26.270000457763672,26.27499961853028,26.14999961853028,26.190000534057617,24.92935943603516,31700
2025-06-30,26.270000457763672,26.424999237060547,26.22100067138672,26.374000549316406,25.104501724243164,32600
2025-07-01,26.479999542236328,26.59000015258789,26.3700008392334,26.40999984741211,25.13876914978028,39500
2025-07-02,26.559999465942383,26.58799934387207,26.43000030517578,26.56999969482422,25.29106712341309,43300
2025-07-03,26.479999542236328,26.489999771118164,26.34000015258789,26.34000015258789,25.072139739990234,28000
2025-07-07,26.309999465942383,26.40999984741211,26.25,26.31999969482422,25.0531005859375,70400
2025-07-08,26.479999542236328,26.79899978637696,26.450000762939453,26.690000534057617,25.405292510986328,70900
2025-07-09,26.75,26.82999992370605,26.6299991607666,26.64999961853028,25.36721611022949,79400
2025-07-10,26.68000030517578,26.79899978637696,26.65999984741211,26.700000762939453,25.414810180664062,31400
2025-07-11,26.74799919128418,26.93000030517578,26.74799919128418,26.89999961853028,25.60518264770508,30300
2025-07-14,26.780000686645508,26.86000061035156,26.670000076293945,26.674999237060547,25.39101219177246,139100
2025-07-15,26.68000030517578,26.799999237060547,26.652999877929688,26.799999237060547,25.50999641418457,70000
2025-07-16,26.690000534057617,26.81999969482422,26.57999992370605,26.6299991607666,25.34817886352539,74400
2025-07-17,26.6200008392334,26.790000915527344,26.52300071716309,26.790000915527344,25.50047874450684,25700
2025-07-18,26.74099922180176,26.84000015258789,26.61000061035156,26.71999931335449,25.433847427368164,35300
2025-07-21,26.61000061035156,26.8700008392334,26.61000061035156,26.86000061035156,25.567110061645508,35100
2025-07-22,26.86000061035156,26.94599914550781,26.724000930786133,26.89999961853028,25.60518264770508,16700
2025-07-23,27.09000015258789,27.350000381469727,27.059999465942383,27.270000457763672,25.957374572753903,65200
2025-07-24,27.479999542236328,27.479999542236328,27.07999992370605,27.09000015258789,25.78603744506836,69100
2025-07-25,27.170000076293945,27.170000076293945,27.040000915527344,27.049999237060547,25.74796295166016,84200
2025-07-28,27.0,27.02199935913086,26.82999992370605,26.82999992370605,25.53855323791504,71200
2025-07-29,26.8700008392334,26.93000030517578,26.670000076293945,26.739999771118164,25.452884674072266,33300
2025-07-30,26.729999542236328,26.770000457763672,26.239999771118164,26.290000915527344,25.024545669555664,39700
2025-07-31,26.18000030517578,26.27899932861328,26.084999084472656,26.14999961853028,24.89128303527832,60300
2025-08-01,26.14999961853028,26.163000106811523,26.030000686645508,26.054000854492188,24.79990577697754,31900
2025-08-04,26.100000381469727,26.209999084472656,26.07200050354004,26.190000534057617,24.92935943603516,94700
2025-08-05,26.249000549316406,26.249000549316406,26.13999938964844,26.20499992370605,24.94363594055176,18700
2025-08-06,26.31999969482422,26.457000732421875,26.18000030517578,26.190000534057617,24.92935943603516,74300
2025-08-07,26.36000061035156,26.4060001373291,26.239999771118164,26.31999969482422,25.0531005859375,43500
2025-08-08,26.39699935913086,26.5629997253418,26.38999938964844,26.39999961853028,25.129249572753903,15000
2025-08-11,26.34000015258789,26.452999114990234,26.190000534057617,26.190000534057617,24.92935943603516,29200
2025-08-12,26.46999931335449,26.63999938964844,26.43600082397461,26.530000686645508,25.25299453735352,24200
2025-08-13,26.530000686645508,26.61199951171875,26.350000381469727,26.350000381469727,25.08165740966797,20800
2025-08-14,26.5,26.614999771118164,26.374000549316406,26.55699920654297,25.2786922454834,51600
2025-08-15,26.520000457763672,26.714000701904297,26.4950008392334,26.68000030517578,25.39577293395996,39300
2025-08-18,26.670000076293945,26.76000022888184,26.558000564575195,26.75,25.46240425109864,38600
2025-08-19,26.770000457763672,26.89999961853028,26.68000030517578,26.81999969482422,25.529033660888672,84200
2025-08-20,26.729999542236328,26.82999992370605,26.600000381469727,26.739999771118164,25.452884674072266,34100
2025-08-21,26.71999931335449,26.770000457763672,26.60199928283692,26.770000457763672,25.48144149780273,27300
2025-08-22,26.739999771118164,26.959999084472656,26.641000747680664,26.86000061035156,25.567110061645508,96800
2025-08-25,26.020000457763672,26.910999298095703,26.020000457763672,26.799999237060547,25.50999641418457,125100
2025-08-26,26.799999237060547,26.913000106811523,26.700000762939453,26.790000915527344,25.50047874450684,36900
2025-08-27,26.84000015258789,26.89999961853028,26.65999984741211,26.82999992370605,25.53855323791504,23200
2025-08-28,26.790000915527344,26.900999069213867,26.6299991607666,26.63999938964844,25.35769844055176,90500
2025-08-29,26.770000457763672,26.88999938964844,26.670000076293945,26.729999542236328,25.4433650970459,107100
2025-09-02,26.93000030517578,27.0,26.8799991607666,26.940000534057617,25.64325904846192,78000
2025-09-03,26.940000534057617,26.96500015258789,26.8799991607666,26.950000762939453,25.65277671813965,24600
2025-09-04,26.850000381469727,26.959999084472656,26.82999992370605,26.833999633789062,25.542360305786133,65700
2025-09-05,26.809999465942383,26.950000762939453,26.809999465942383,26.850000381469727,25.55759048461914,55000
2025-09-08,26.96999931335449,27.030000686645508,26.88999938964844,26.89999961853028,25.60518264770508,147300
2025-09-09,26.93600082397461,26.959999084472656,26.790000915527344,26.8799991607666,25.586145401000977,90100
2025-09-10,26.82999992370605,26.89999961853028,26.780000686645508,26.82999992370605,25.53855323791504,32400
2025-09-11,26.82999992370605,26.89999961853028,26.799999237060547,26.815000534057617,25.524274826049805,22100
2025-09-12,26.895000457763672,26.99300003051757,26.871000289916992,26.950000762939453,25.65277671813965,47800
2025-09-15,26.950000762939453,27.0,26.934999465942383,26.979999542236328,25.681331634521484,63900
2025-09-16,26.979999542236328,27.14999961853028,26.948999404907227,27.02899932861328,25.72797393798828,27800
2025-09-17,26.90999984741211,27.0310001373291,26.90999984741211,27.020000457763672,25.71940803527832,21500
2025-09-18,26.98500061035156,27.059999465942383,26.950000762939453,27.049999237060547,25.74796295166016,32400
2025-09-19,26.96999931335449,27.059999465942383,26.950000762939453,27.030000686645508,25.72892570495605,42100
2025-09-22,27.049999237060547,27.26499938964844,27.049999237060547,27.229999542236328,25.91929817199707,32300
2025-09-23,27.209999084472656,27.33099937438965,27.13999938964844,27.26000022888184,25.94785499572754,322200
2025-09-24,27.030000686645508,27.11000061035156,26.93000030517578,26.93000030517578,25.633739471435547,142500
2025-09-25,26.96999931335449,26.96999931335449,26.823999404907227,26.86000061035156,25.567110061645508,25200
2025-09-26,26.950000762939453,27.007999420166016,26.82999992370605,26.989999771118164,25.69085121154785,89900
2025-09-29,27.07999992370605,27.100000381469727,26.88999938964844,26.950000762939453,25.65277671813965,75600
2025-09-30,26.8799991607666,27.0,26.83099937438965,26.93000030517578,25.633739471435547,112700
2025-10-01,26.96999931335449,27.11000061035156,26.81999969482422,26.81999969482422,25.529033660888672,113700
2025-10-02,26.81999969482422,26.86000061035156,26.600000381469727,26.64999961853028,25.36721611022949,86500
2025-10-03,26.729999542236328,26.77199935913086,26.660999298095703,26.71999931335449,25.433847427368164,57100
2025-10-06,26.780000686645508,26.875,26.68000030517578,26.86000061035156,25.567110061645508,80200
2025-10-07,26.86000061035156,26.989999771118164,26.81100082397461,26.86000061035156,25.567110061645508,42700
2025-10-08,26.850000381469727,26.98900032043457,26.850000381469727,26.8700008392334,25.57662773132324,81100
2025-10-09,26.940000534057617,26.979999542236328,26.8799991607666,26.89999961853028,25.60518264770508,58200
2025-10-10,26.940000534057617,27.07999992370605,26.8700008392334,27.0,25.70037078857422,169000
2025-10-13,27.1200008392334,27.23500061035156,27.09000015258789,27.170000076293945,25.86218643188477,60700
2025-10-14,27.11000061035156,27.131999969482425,27.0,27.1200008392334,25.814594268798828,37000
2025-10-15,27.200000762939453,27.229999542236328,27.1299991607666,27.15999984741211,25.85266876220703,57200
2025-10-16,27.270000457763672,27.270000457763672,27.03400039672852,27.225000381469727,25.914539337158203,111000
2025-10-17,27.25,27.326000213623047,27.07900047302246,27.174999237060547,25.86694526672364,111000
2025-10-20,27.170000076293945,27.200000762939453,27.040000915527344,27.07999992370605,25.776519775390625,158000
2025-10-21,26.989999771118164,27.100000381469727,26.920000076293945,26.920000076293945,25.62421989440918,15900
2025-10-22,26.8799991607666,26.93000030517578,26.82999992370605,26.86000061035156,25.567110061645508,26400
2025-10-23,26.940000534057617,27.01000022888184,26.850000381469727,26.850000381469727,25.55759048461914,39200
2025-10-24,26.989999771118164,27.13999938964844,26.920000076293945,26.950000762939453,25.65277671813965,124900
2025-10-27,26.950000762939453,27.020000457763672,26.82200050354004,27.020000457763672,25.71940803527832,46400
2025-10-28,26.8799991607666,26.989999771118164,26.7810001373291,26.90999984741211,25.614702224731445,184400
2025-10-29,27.01000022888184,27.01000022888184,26.795000076293945,26.82999992370605,25.53855323791504,64800
2025-10-30,26.739999771118164,26.93000030517578,26.71999931335449,26.76000022888184,25.471921920776367,15500
2025-10-31,26.770000457763672,26.81999969482422,26.56999969482422,26.709999084472656,25.4243278503418,36600
2025-11-03,26.56999969482422,26.670000076293945,26.420000076293945,26.450000762939453,25.17684555053711,143200
2025-11-04,26.450000762939453,26.51000022888184,26.290000915527344,26.334999084472656,25.06737899780273,65800
2025-11-05,26.39999961853028,26.40999984741211,26.290000915527344,26.327999114990234,25.060714721679688,35200
2025-11-06,26.40999984741211,26.559999465942383,26.40999984741211,26.496000289916992,25.22063064575196,31500
2025-11-07,26.479999542236328,26.63400077819824,26.450000762939453,26.549999237060547,25.272029876708984,48400
2025-11-10,26.51000022888184,26.729999542236328,26.51000022888184,26.64200019836425,25.359601974487305,108800
2025-11-11,26.739999771118164,26.815000534057617,26.64999961853028,26.799999237060547,25.50999641418457,109800
2025-11-12,26.799999237060547,26.799999237060547,26.64999961853028,26.71999931335449,25.433847427368164,116700
2025-11-13,26.780000686645508,26.780000686645508,26.520000457763672,26.63999938964844,25.35769844055176,76000
2025-11-14,26.46999931335449,26.59000015258789,26.45400047302246,26.59000015258789,25.310104370117188,109600
2025-11-17,26.56999969482422,26.59000015258789,26.40999984741211,26.540000915527344,25.26251220703125,71600
2025-11-18,26.56999969482422,26.700000762939453,26.549999237060547,26.6299991607666,25.34817886352539,75400
2025-11-19,26.5,26.56999969482422,26.43000030517578,26.46500015258789,25.19112205505371,113400
2025-11-20,26.59000015258789,26.6200008392334,26.415000915527344,26.44700050354004,25.17398834228516,91600
2025-11-21,26.36000061035156,26.440000534057617,26.323999404907227,26.39900016784668,25.12829971313477,58000
2025-11-24,26.39999961853028,26.479999542236328,26.26000022888184,26.39999961853028,25.129249572753903,95400
2025-11-25,26.57999992370605,26.57999992370605,26.46999931335449,26.540000915527344,25.26251220703125,48900
2025-11-26,26.59000015258789,26.68899917602539,26.520000457763672,26.665000915527344,25.38149642944336,92000
2025-11-28,26.709999084472656,26.739999771118164,26.645000457763672,26.709999084472656,25.4243278503418,34700
2025-12-01,26.709999084472656,26.71999931335449,26.6200008392334,26.6200008392334,25.338661193847656,90800
2025-12-02,26.700000762939453,26.700000762939453,26.530000686645508,26.559999465942383,25.28154945373535,102600
2025-12-03,26.81999969482422,26.81999969482422,26.670000076293945,26.684999465942383,25.400531768798828,54100
2025-12-04,26.700000762939453,26.78300094604492,26.57999992370605,26.600000381469727,25.319623947143555,38400
2025-12-05,26.625,26.628999710083008,26.489999771118164,26.5,25.224437713623047,44000
2025-12-08,26.450000762939453,26.64999961853028,26.415000915527344,26.64999961853028,25.36721611022949,36400
2025-12-09,26.700000762939453,26.729999542236328,26.6200008392334,26.729999542236328,25.4433650970459,57300
2025-12-10,26.700000762939453,26.7810001373291,26.64999961853028,26.770000457763672,25.48144149780273,62600
2025-12-11,26.850000381469727,27.020000457763672,26.850000381469727,27.01000022888184,25.70988845825196,149600
2025-12-12,27.0,27.018999099731445,26.850000381469727,26.924999237060547,25.628978729248047,66500
2025-12-15,27.040000915527344,27.07999992370605,26.959999084472656,26.96999931335449,25.67181396484375,77900
2025-12-16,27.030000686645508,27.09000015258789,26.96999931335449,26.98500061035156,25.686092376708984,24400
2025-12-17,27.049999237060547,27.059999465942383,26.989999771118164,27.0,25.70037078857422,30800
2025-12-18,27.13999938964844,27.18000030517578,26.959999084472656,27.18000030517578,25.871706008911133,98100
2025-12-19,27.18000030517578,27.24099922180176,27.06999969482422,27.06999969482422,25.76700019836425,32800
2025-12-22,26.040000915527344,26.040000915527344,25.89999961853028,25.989999771118164,25.989999771118164,153200
2025-12-23,26.0,26.0,25.8700008392334,25.95499992370605,25.95499992370605,145500
2025-12-24,25.959999084472656,25.979999542236328,25.8700008392334,25.90699958801269,25.90699958801269,23500
2025-12-26,25.950000762939453,26.099000930786133,25.90999984741211,25.93000030517578,25.93000030517578,88500
2025-12-29,25.8799991607666,25.91900062561035,25.770000457763672,25.780000686645508,25.780000686645508,111800
2025-12-30,25.8799991607666,26.030000686645508,25.8799991607666,25.96999931335449,25.96999931335449,80400
2025-12-31,25.96999931335449,26.020000457763672,25.89800071716309,25.950000762939453,25.950000762939453,118500
2026-01-02,26.299999237060547,26.299999237060547,26.06999969482422,26.100000381469727,26.100000381469727,167100
2026-01-05,26.36000061035156,26.40999984741211,26.295000076293945,26.31999969482422,26.31999969482422,134200
2026-01-06,26.39999961853028,26.450000762939453,26.32999992370605,26.450000762939453,26.450000762939453,116500
2026-01-07,26.39999961853028,26.39999961853028,26.100000381469727,26.100000381469727,26.100000381469727,105000
2026-01-08,26.100000381469727,26.209999084472656,26.07299995422364,26.209999084472656,26.209999084472656,65500
2026-01-09,26.34000015258789,26.36000061035156,26.26000022888184,26.347000122070312,26.347000122070312,90800
2026-01-12,26.32999992370605,26.6299991607666,26.32999992370605,26.51000022888184,26.51000022888184,76700
2026-01-13,26.61000061035156,26.64800071716309,26.43000030517578,26.51000022888184,26.51000022888184,54800
2026-01-14,26.520000457763672,26.700000762939453,26.520000457763672,26.670000076293945,26.670000076293945,142400
2026-01-15,26.57999992370605,26.6299991607666,26.506999969482425,26.57999992370605,26.57999992370605,71900
2026-01-16,26.5,26.520000457763672,26.350000381469727,26.39999961853028,26.39999961853028,47600
2026-01-20,26.309999465942383,26.440000534057617,26.309999465942383,26.40999984741211,26.40999984741211,134800
2026-01-21,26.21999931335449,26.350000381469727,26.209999084472656,26.209999084472656,26.209999084472656,78700
2026-01-22,26.13999938964844,26.3700008392334,26.07999992370605,26.36000061035156,26.36000061035156,135200
2026-01-23,26.36000061035156,26.458999633789062,26.28700065612793,26.31999969482422,26.31999969482422,111900
2026-01-26,26.459999084472656,26.56999969482422,26.32999992370605,26.36000061035156,26.36000061035156,217200
2026-01-27,26.420000076293945,26.65999984741211,26.32999992370605,26.59000015258789,26.59000015258789,55800
2026-01-28,26.5,26.690000534057617,26.434999465942383,26.690000534057617,26.690000534057617,146700
2026-01-29,26.850000381469727,26.850000381469727,26.364999771118164,26.57999992370605,26.57999992370605,110800
2026-01-30,26.299999237060547,26.440000534057617,25.950000762939453,25.959999084472656,25.959999084472656,249000
2026-02-02,26.270000457763672,26.540000915527344,26.270000457763672,26.420000076293945,26.420000076293945,145600
2026-02-03,26.59000015258789,26.739999771118164,26.59000015258789,26.670000076293945,26.670000076293945,134600
2026-02-04,26.68000030517578,26.770000457763672,26.51000022888184,26.6200008392334,26.6200008392334,100600
2026-02-05,26.489999771118164,26.489999771118164,26.200000762939453,26.200000762939453,26.200000762939453,201200
2026-02-06,26.440000534057617,26.68000030517578,26.375,26.6259994506836,26.6259994506836,204800
2026-02-09,26.700000762939453,26.96999931335449,26.700000762939453,26.88999938964844,26.88999938964844,113100
2026-02-10,26.93000030517578,26.93000030517578,26.71999931335449,26.84000015258789,26.84000015258789,154900
2026-02-11,26.8700008392334,26.8799991607666,26.729999542236328,26.799999237060547,26.799999237060547,103900
2026-02-12,26.68000030517578,26.739999771118164,26.420000076293945,26.440000534057617,26.440000534057617,120800
2026-02-13,26.46999931335449,26.57999992370605,26.440000534057617,26.530000686645508,26.530000686645508,100500
2026-02-17,26.420000076293945,26.57999992370605,26.3700008392334,26.530000686645508,26.530000686645508,177700
2026-02-18,26.6299991607666,26.749000549316406,26.6299991607666,26.68000030517578,26.68000030517578,108500
2026-02-19,26.549999237060547,26.76000022888184,26.520000457763672,26.68000030517578,26.68000030517578,101900
2026-02-20,26.690000534057617,26.739999771118164,26.625,26.65999984741211,26.65999984741211,98300
2026-02-23,26.71999931335449,26.799999237060547,26.67099952697754,26.770000457763672,26.770000457763672,158200
2026-02-24,26.709999084472656,26.88999938964844,26.670000076293945,26.850000381469727,26.850000381469727,93700
2026-02-25,26.882999420166016,27.0,26.86000061035156,26.86000061035156,26.86000061035156,88100
2026-02-26,26.89999961853028,26.989999771118164,26.84000015258789,26.96999931335449,26.96999931335449,75800
2026-02-27,27.100000381469727,27.100000381469727,26.979999542236328,27.059999465942383,27.059999465942383,96100
2026-03-02,27.100000381469727,27.290000915527344,27.07999992370605,27.25,27.25,136700
2026-03-03,27.020000457763672,27.138999938964844,26.920000076293945,27.02499961853028,27.02499961853028,147700
2026-03-04,27.1299991607666,27.36000061035156,27.1299991607666,27.36000061035156,27.36000061035156,100600
2026-03-05,27.280000686645508,27.350000381469727,27.229999542236328,27.280000686645508,27.280000686645508,83500
2026-03-06,27.270000457763672,27.530000686645508,27.25,27.479999542236328,27.479999542236328,183000
2026-03-09,27.6299991607666,27.770000457763672,27.14999961853028,27.40999984741211,27.40999984741211,1810700
2026-03-10,27.670000076293945,27.739999771118164,27.31999969482422,27.6299991607666,27.6299991607666,226300
2026-03-11,27.540000915527344,27.82999992370605,27.540000915527344,27.82999992370605,27.82999992370605,329700
2026-03-12,27.850000381469727,28.05500030517578,27.850000381469727,28.049999237060547,28.049999237060547,235700
2026-03-13,27.8799991607666,27.90999984741211,27.81999969482422,27.8799991607666,27.8799991607666,205300
2026-03-16,27.96999931335449,28.059999465942383,27.86000061035156,27.93000030517578,27.93000030517578,181100
2026-03-17,28.07999992370605,28.229999542236328,28.069000244140625,28.229999542236328,28.229999542236328,131500
2026-03-18,28.57999992370605,28.57999992370605,28.09000015258789,28.170000076293945,28.170000076293945,169300
2026-03-19,27.82999992370605,28.39900016784668,27.729999542236328,27.84000015258789,27.84000015258789,148000
2026-03-20,27.989999771118164,28.040000915527344,27.839000701904297,27.96999931335449,27.96999931335449,217700
2026-03-23,27.799999237060547,27.799999237060547,27.17099952697754,27.350000381469727,27.350000381469727,363800
2026-03-24,27.440000534057617,27.584999084472656,27.43000030517578,27.51000022888184,27.51000022888184,172800
2026-03-25,27.229999542236328,27.520000457763672,27.229999542236328,27.479999542236328,27.479999542236328,123700
2026-03-26,27.729999542236328,27.86000061035156,27.6200008392334,27.739999771118164,27.739999771118164,115900
2026-03-27,27.73500061035156,28.155000686645508,27.73500061035156,28.06999969482422,28.06999969482422,184100
2026-03-30,28.200000762939453,28.36000061035156,28.200000762939453,28.280000686645508,28.280000686645508,175500
2026-03-31,28.200000762939453,28.31999969482422,28.0,28.200000762939453,28.200000762939453,279000
2026-04-01,28.040000915527344,28.040000915527344,27.8799991607666,27.989999771118164,27.989999771118164,402300
2026-04-02,28.5,28.5,28.229999542236328,28.34000015258789,28.34000015258789,105200
2026-04-06,28.31999969482422,28.540000915527344,28.31999969482422,28.489999771118164,28.489999771118164,218100
2026-04-07,28.549999237060547,28.72900009155273,28.38999938964844,28.530000686645508,28.530000686645508,227900
2026-04-08,27.63999938964844,27.940000534057617,27.46999931335449,27.86000061035156,27.86000061035156,227600
2026-04-09,28.15999984741211,28.559999465942383,27.8799991607666,28.07999992370605,28.07999992370605,170400
2026-04-10,28.21999931335449,28.336000442504883,28.1200008392334,28.1200008392334,28.1200008392334,137500
2026-04-13,28.559999465942383,28.71999931335449,28.26000022888184,28.40999984741211,28.40999984741211,281100
2026-04-14,28.3799991607666,28.40999984741211,28.09000015258789,28.200000762939453,28.200000762939453,455400
2026-04-15,28.15999984741211,28.38999938964844,28.14999961853028,28.299999237060547,28.299999237060547,151000
2026-04-16,28.31999969482422,28.59000015258789,28.31999969482422,28.51000022888184,28.51000022888184,172000
2026-04-17,27.850000381469727,27.93000030517578,27.549999237060547,27.8799991607666,27.8799991607666,265000
2026-04-20,28.09000015258789,28.200000762939453,27.959999084472656,28.100000381469727,28.100000381469727,1346500
2026-04-21,28.1299991607666,28.57999992370605,28.1200008392334,28.57999992370605,28.57999992370605,103600
2026-04-22,28.450000762939453,28.65999984741211,28.440000534057617,28.63500022888184,28.63500022888184,90200
2026-04-23,28.64999961853028,29.059999465942383,28.64999961853028,28.950000762939453,28.950000762939453,113600
2026-04-24,28.8799991607666,29.0,28.75,28.86000061035156,28.86000061035156,146700
2026-04-27,28.88999938964844,29.21999931335449,28.88999938964844,29.209999084472656,29.209999084472656,1507800
2026-04-28,29.290000915527344,29.489999771118164,29.170000076293945,29.46999931335449,29.46999931335449,148300
2026-04-29,29.68000030517578,29.959999084472656,29.64299964904785,29.940000534057617,29.940000534057617,168600
2026-04-30,29.520000457763672,29.780000686645508,29.479999542236328,29.63999938964844,29.63999938964844,229600
2026-05-01,29.309999465942383,29.43000030517578,29.18000030517578,29.32999992370605,29.32999992370605,208400
2026-05-04,29.229999542236328,29.5,29.190000534057617,29.459999084472656,29.459999084472656,245300
2026-05-05,29.46999931335449,29.51000022888184,29.34000015258789,29.51000022888184,29.51000022888184,159200
2026-05-06,29.06999969482422,29.1299991607666,28.950000762939453,29.040000915527344,29.040000915527344,199700
2026-05-07,28.81999969482422,29.209999084472656,28.770000457763672,29.18000030517578,29.18000030517578,158800
2026-05-08,28.89999961853028,29.21999931335449,28.89999961853028,29.18000030517578,29.18000030517578,143900
2026-05-11,29.299999237060547,29.59000015258789,29.299999237060547,29.530000686645508,29.530000686645508,222100
2026-05-12,29.89999961853028,30.170000076293945,29.88999938964844,30.170000076293945,30.170000076293945,222000
2026-05-13,29.989999771118164,30.11000061035156,29.815000534057617,29.8799991607666,29.8799991607666,126600
2026-05-14,29.690000534057617,30.05500030517578,29.459999084472656,29.6299991607666,29.6299991607666,169900
2026-05-15,29.709999084472656,29.8700008392334,29.64200019836425,29.84000015258789,29.84000015258789,282200
2026-05-18,29.850000381469727,30.09000015258789,29.81999969482422,29.90999984741211,29.90999984741211,230800
2026-05-19,29.96999931335449,29.989999771118164,29.84000015258789,29.940000534057617,29.940000534057617,132500
2026-05-20,29.780000686645508,29.780000686645508,29.36000061035156,29.420000076293945,29.420000076293945,352300
2026-05-21,29.440000534057617,29.53899955749512,29.020000457763672,29.190000534057617,29.190000534057617,120900
2026-05-22,29.15900039672852,29.29700088500977,29.11100006103516,29.21500015258789,29.21500015258789,103100
2026-05-26,28.96999931335449,29.0,28.854999542236328,28.88999938964844,28.88999938964844,203700
2026-05-27,28.450000762939453,28.690000534057617,28.450000762939453,28.600000381469727,28.600000381469727,268200
2026-05-28,28.68000030517578,28.739999771118164,28.3799991607666,28.540000915527344,28.540000915527344,128700
2026-05-29,28.36000061035156,28.459999084472656,28.184999465942383,28.270000457763672,28.270000457763672,411500
2026-06-01,28.63999938964844,28.82999992370605,28.549999237060547,28.549999237060547,28.549999237060547,1783900
2026-06-02,28.6299991607666,28.700000762939453,28.51000022888184,28.700000762939453,28.700000762939453,164600
2026-06-03,28.729999542236328,28.825000762939453,28.690000534057617,28.75,28.75,178000
2026-06-04,28.559999465942383,28.559999465942383,28.34000015258789,28.479999542236328,28.479999542236328,164900
2026-06-05,28.489999771118164,28.57999992370605,28.309999465942383,28.3799991607666,28.3799991607666,104700
2026-06-08,28.489999771118164,28.600000381469727,28.43400001525879,28.5,28.5,301300
2026-06-09,28.43000030517578,28.479999542236328,28.229999542236328,28.34000015258789,28.34000015258789,81000
2026-06-10,28.549999237060547,29.0,28.0,28.520000457763672,28.520000457763672,261300
2026-06-11,28.39999961853028,28.604999542236328,28.200000762939453,28.26000022888184,28.26000022888184,211000
2026-06-12,28.190000534057617,28.290000915527344,28.06999969482422,28.11000061035156,28.11000061035156,206800
2026-06-15,27.84000015258789,28.007999420166016,27.799999237060547,28.0,28.0,212000
2026-06-16,27.799999237060547,27.84499931335449,27.6299991607666,27.7450008392334,27.7450008392334,213300
2026-06-17,27.670000076293945,27.98900032043457,27.670000076293945,27.770000457763672,27.770000457763672,205100
2026-06-18,27.739999771118164,27.88500022888184,27.64999961853028,27.81999969482422,27.81999969482422,219700
2026-06-22,27.88999938964844,27.979999542236328,27.850000381469727,27.979999542236328,27.979999542236328,174000
2026-06-23,27.979999542236328,27.979999542236328,27.690000534057617,27.76000022888184,27.76000022888184,255400
2026-06-24,27.5,27.5,27.36000061035156,27.39999961853028,27.39999961853028,213600
2026-06-25,27.43000030517578,27.59000015258789,27.316999435424805,27.59000015258789,27.59000015258789,173300
2026-06-26,27.270000457763672,27.295000076293945,27.15999984741211,27.270000457763672,27.270000457763672,97900
2026-06-29,27.3700008392334,27.43000030517578,27.309999465942383,27.350000381469727,27.350000381469727,428900
2026-06-30,27.479999542236328,27.63999938964844,27.420000076293945,27.520000457763672,27.520000457763672,275600
2026-07-01,27.559999465942383,27.63999938964844,27.450000762939453,27.540000915527344,27.540000915527344,175800
2026-07-02,27.43000030517578,27.450000762939453,27.34000015258789,27.43000030517578,27.43000030517578,99500
2026-07-06,27.540000915527344,27.6299991607666,27.520000457763672,27.549999237060547,27.549999237060547,129000
2026-07-07,27.65999984741211,27.799999237060547,27.549999237060547,27.76000022888184,27.76000022888184,207500
2026-07-08,27.959999084472656,28.270000457763672,27.920000076293945,28.165000915527344,28.165000915527344,241200
2026-07-09,28.07999992370605,28.14999961853028,28.049999237060547,28.100000381469727,28.100000381469727,208200
2026-07-10,28.190000534057617,28.209999084472656,28.020000457763672,28.100000381469727,28.100000381469727,235200
2026-07-13,28.34000015258789,28.75,28.32999992370605,28.690000534057617,28.690000534057617,274000
2026-07-14,28.790000915527344,28.84000015258789,28.6299991607666,28.809999465942383,28.809999465942383,124700
2026-07-15,28.8700008392334,28.96999931335449,28.64999961853028,28.82999992370605,28.82999992370605,190300
2026-07-16,29.0,29.040000915527344,28.920000076293945,28.959999084472656,28.959999084472656,94300
2026-07-17,29.01000022888184,29.020000457763672,28.8700008392334,28.98500061035156,28.98500061035156,215700
2026-07-20,29.0,29.25,29.0,29.25,29.25,1725800
2026-07-21,29.309999465942383,29.440000534057617,29.290000915527344,29.440000534057617,29.440000534057617,160700
2026-07-22,29.559999465942383,29.559999465942383,29.43000030517578,29.459999084472656,29.459999084472656,117700
2026-07-23,29.75,29.950000762939453,29.75,29.86000061035156,29.86000061035156,235000
2026-07-24,29.850000381469727,29.850000381469727,29.479999542236328,29.6200008392334,29.6200008392334,205300
2026-07-27,29.40999984741211,29.415000915527344,29.270000457763672,29.34000015258789,29.34000015258789,1697500
2026-07-28,29.350000381469727,29.350000381469727,29.07999992370605,29.229999542236328,29.229999542236328,159800
2026-07-29,29.40999984741211,29.6299991607666,29.40999984741211,29.549999237060547,29.549999237060547,167500
2026-07-30,29.450000762939453,29.459999084472656,29.18000030517578,29.239999771118164,29.239999771118164,232600
2026-07-31,29.489999771118164,29.489999771118164,29.299999237060547,29.309999465942383,29.309999465942383,166300
2026-08-03,28.729999542236328,28.809999465942383,28.61000061035156,28.709999084472656,28.709999084472656,363900
2026-08-04,28.709999084472656,28.709999084472656,28.350000381469727,28.350000381469727,28.350000381469727,408300
2026-08-05,28.309999465942383,28.39999961853028,28.25,28.3799991607666,28.3799991607666,235200
2026-08-06,28.3799991607666,28.6200008392334,28.3799991607666,28.61000061035156,28.61000061035156,294600
2026-08-07,28.299999237060547,28.388999938964844,28.200000762939453,28.209999084472656,28.209999084472656,169000
2026-08-10,28.670000076293945,28.850000381469727,28.6200008392334,28.799999237060547,28.799999237060547,1655600
2026-08-11,28.729999542236328,28.82999992370605,28.59000015258789,28.82999992370605,28.82999992370605,115900
2026-08-12,28.71999931335449,28.89999961853028,28.63999938964844,28.89999961853028,28.89999961853028,147000
2026-08-13,28.780000686645508,28.840999603271484,28.670000076293945,28.799999237060547,28.799999237060547,136000
2026-08-14,28.84000015258789,29.13999938964844,28.777000427246094,29.13999938964844,29.13999938964844,184300
2026-08-17,29.200000762939453,29.46999931335449,29.141000747680664,29.450000762939453,29.450000762939453,247500
2026-08-18,29.5,29.5,29.32999992370605,29.36000061035156,29.36000061035156,218700
2026-08-19,29.049999237060547,29.1299991607666,29.0,29.01000022888184,29.01000022888184,189700
2026-08-20,29.11000061035156,29.26000022888184,29.11000061035156,29.239999771118164,29.239999771118164,99200
2026-08-21,29.239999771118164,29.395000457763672,29.280000686645508,29.350000381469727,29.350000381469727,214356
2026-08-24,29.209999084472656,29.209999084472656,29.01000022888184,29.100000381469727,29.100000381469727,306330
2026-08-25,28.86000061035156,28.940000534057617,28.71999931335449,28.81999969482422,28.81999969482422,262032
2026-08-26,28.82999992370605,29.200000762939453,28.86590003967285,29.1200008392334,29.1200008392334,200044
2026-08-27,29.1299991607666,29.39999961853028,29.065000534057617,29.39999961853028,29.39999961853028,247200
2026-08-28,29.479999542236328,29.675500869750977,29.290000915527344,29.63999938964844,29.63999938964844,353676
2026-08-31,29.90999984741211,29.89999961853028,29.76049995422364,29.89999961853028,29.89999961853028,284298
2026-09-01,30.100000381469727,30.46999931335449,30.11000061035156,30.440000534057617,30.440000534057617,743160
2026-09-02,30.31999969482422,30.4950008392334,30.29030036926269,30.34000015258789,30.34000015258789,330600
2026-09-03,29.790000915527344,30.0,29.728900909423828,30.0,30.0,271338
