Date,Open,High,Low,Close,Adj Close,Volume
2011-10-06,184.13333129882807,195.9555511474609,181.9555511474609,181.9555511474609,181.9555511474609,720
2011-10-07,192.1777801513672,192.1777801513672,192.1777801513672,192.1777801513672,192.1777801513672,473
2011-10-10,187.022216796875,187.46665954589844,187.022216796875,187.46665954589844,187.46665954589844,45
2011-10-11,188.3555603027344,191.42222595214844,183.1555633544922,183.1555633544922,183.1555633544922,9585
2011-10-12,185.7777709960937,191.0666656494141,185.7777709960937,191.022216796875,191.022216796875,3938
2011-10-13,192.1777801513672,192.62222290039065,188.933334350586,188.933334350586,188.933334350586,3938
2011-10-14,186.44444274902344,186.44444274902344,177.5111083984375,177.5111083984375,177.5111083984375,698
2011-10-17,177.5111083984375,177.5111083984375,177.5111083984375,177.5111083984375,177.5111083984375,0
2011-10-18,187.6444396972656,191.46665954589844,187.6444396972656,191.46665954589844,191.46665954589844,473
2011-10-19,187.9111175537109,189.6000061035156,186.933334350586,188.26666259765625,188.26666259765625,3488
2011-10-20,188.26666259765625,188.26666259765625,188.26666259765625,188.26666259765625,188.26666259765625,0
2011-10-21,188.26666259765625,188.26666259765625,188.26666259765625,188.26666259765625,188.26666259765625,0
2011-10-24,188.26666259765625,188.26666259765625,188.26666259765625,188.26666259765625,188.26666259765625,0
2011-10-25,187.7333374023437,187.7333374023437,187.7333374023437,187.7333374023437,187.7333374023437,608
2011-10-26,191.3777770996093,193.1555633544922,191.3777770996093,193.1555633544922,193.1555633544922,113
2011-10-27,195.6888885498047,195.6888885498047,188.75555419921875,193.55555725097656,193.55555725097656,720
2011-10-28,182.933334350586,184.75555419921875,179.46665954589844,180.26666259765625,180.26666259765625,10980
2011-10-31,181.42222595214844,181.42222595214844,181.42222595214844,181.42222595214844,181.42222595214844,1373
2011-11-01,190.3999938964844,190.3999938964844,188.5333404541016,190.08888244628903,190.08888244628903,2070
2011-11-02,194.4888916015625,194.4888916015625,190.4888916015625,193.6444396972656,193.6444396972656,1845
2011-11-03,186.22222900390625,192.26666259765625,185.9555511474609,192.26666259765625,192.26666259765625,1395
2011-11-04,188.933334350586,194.04444885253903,188.04444885253903,194.04444885253903,194.04444885253903,1508
2011-11-07,202.3999938964844,202.3999938964844,200.5333404541016,200.5333404541016,200.5333404541016,698
2011-11-08,202.5777740478516,202.5777740478516,197.5111083984375,197.5111083984375,197.5111083984375,1013
2011-11-09,203.46665954589844,206.08888244628903,201.7777709960937,205.24444580078125,205.24444580078125,1238
2011-11-10,206.977783203125,209.9111175537109,204.22222900390625,208.5333404541016,208.5333404541016,1778
2011-11-11,214.3111114501953,214.3111114501953,210.62222290039065,212.7111053466797,212.7111053466797,1058
2011-11-14,221.6444396972656,224.88888549804688,221.6444396972656,224.5333404541016,224.5333404541016,6660
2011-11-15,225.9111175537109,232.62222290039065,224.8444366455078,230.3999938964844,230.3999938964844,6165
2011-11-16,227.9111175537109,240.933334350586,227.9111175537109,238.75555419921875,238.75555419921875,4298
2011-11-17,234.933334350586,238.4888916015625,224.13333129882807,226.13333129882807,226.13333129882807,6233
2011-11-18,230.75555419921875,240.62222290039065,230.08888244628903,238.13333129882807,238.13333129882807,4748
2011-11-21,235.8222198486328,238.3111114501953,225.24444580078125,227.46665954589844,227.46665954589844,7133
2011-11-22,232.5333404541016,232.5777740478516,230.62222290039065,230.8444366455078,230.8444366455078,968
2011-11-23,235.022216796875,236.08888244628903,220.5777740478516,222.44444274902344,222.44444274902344,1553
2011-11-25,216.08888244628903,218.4888916015625,216.0,218.13333129882807,218.13333129882807,2768
2011-11-28,222.75555419921875,230.8444366455078,222.75555419921875,230.4888916015625,230.4888916015625,2430
2011-11-29,221.6888885498047,225.5111083984375,217.6444396972656,217.6444396972656,217.6444396972656,6390
2011-11-30,224.62222290039065,227.11111450195312,218.5333404541016,225.9555511474609,225.9555511474609,2993
2011-12-01,226.44444274902344,226.8444366455078,210.6666717529297,215.6000061035156,215.6000061035156,1755
2011-12-02,221.2888946533203,221.9111175537109,221.2888946533203,221.9111175537109,221.9111175537109,1485
2011-12-05,232.7111053466797,239.6000061035156,231.6000061035156,237.46665954589844,237.46665954589844,2228
2011-12-06,239.2888946533203,240.3999938964844,232.6666717529297,235.11111450195312,235.11111450195312,3443
2011-12-07,240.0,242.3555603027344,240.0,242.04444885253903,242.04444885253903,1845
2011-12-08,235.6888885498047,238.5333404541016,235.6888885498047,237.6000061035156,237.6000061035156,1485
2011-12-09,248.7111053466797,256.31109619140625,248.62222290039065,254.977783203125,254.977783203125,2543
2011-12-12,266.1333312988281,266.1333312988281,263.9111022949219,265.7333374023437,265.7333374023437,2160
2011-12-13,268.5777893066406,268.5777893066406,259.4666748046875,260.4444580078125,260.4444580078125,2408
2011-12-14,272.9333190917969,281.022216796875,272.4444580078125,279.6000061035156,279.6000061035156,2723
2011-12-15,275.022216796875,282.26666259765625,272.3555603027344,281.1111145019531,281.1111145019531,6615
2011-12-16,280.79998779296875,284.9333190917969,275.4666748046875,279.8666687011719,279.8666687011719,2948
2011-12-19,293.9111022949219,293.9111022949219,284.04443359375,284.04443359375,284.04443359375,4725
2011-12-20,286.0,287.5111083984375,279.3333435058594,279.3333435058594,279.3333435058594,563
2011-12-21,286.3555603027344,287.20001220703125,270.5777893066406,274.6666564941406,274.6666564941406,3623
2011-12-22,272.0,283.95556640625,270.04443359375,276.5777893066406,276.5777893066406,1418
2011-12-23,278.22222900390625,286.79998779296875,278.22222900390625,286.79998779296875,286.79998779296875,248
2011-12-27,277.7777709960937,286.9333190917969,277.7777709960937,286.9333190917969,286.9333190917969,315
2011-12-28,290.8444519042969,290.8888854980469,290.8444519042969,290.8888854980469,290.8888854980469,383
2011-12-29,303.95556640625,310.31109619140625,303.95556640625,310.31109619140625,310.31109619140625,338
2011-12-30,310.8444519042969,319.4666748046875,310.5777893066406,319.4666748046875,319.4666748046875,1778
2012-01-03,315.3333435058594,327.7777709960937,312.3555603027344,315.5111083984375,315.5111083984375,3308
2012-01-04,306.3555603027344,308.977783203125,294.6666564941406,294.6666564941406,294.6666564941406,1350
2012-01-05,306.1333312988281,318.977783203125,306.1333312988281,314.5777893066406,314.5777893066406,293
2012-01-06,308.4444580078125,311.28887939453125,298.4444580078125,298.5777893066406,298.5777893066406,1688
2012-01-09,306.1777648925781,309.4666748046875,304.04443359375,306.3555603027344,306.3555603027344,630
2012-01-10,311.1111145019531,326.3555603027344,310.6666564941406,326.3555603027344,326.3555603027344,1238
2012-01-11,348.8444519042969,366.3555603027344,348.22222900390625,357.7333374023437,357.7333374023437,6278
2012-01-12,373.73333740234375,385.4666748046875,369.6000061035156,370.4888916015625,370.4888916015625,6795
2012-01-13,377.73333740234375,395.9111022949219,373.68890380859375,395.9111022949219,395.9111022949219,7853
2012-01-17,420.1777648925781,446.3999938964844,418.3999938964844,436.4444580078125,436.4444580078125,8505
2012-01-18,424.8888854980469,448.04443359375,419.4666748046875,437.1111145019531,437.1111145019531,3308
2012-01-19,459.5555419921875,501.1111145019531,457.5555419921875,493.68890380859375,493.68890380859375,7020
2012-01-20,487.1111145019531,499.4666748046875,471.5555419921875,478.8444519042969,478.8444519042969,11115
2012-01-23,444.7111206054688,453.2000122070313,392.5777893066406,393.3333435058594,393.3333435058594,50783
2012-01-24,385.1555480957031,413.2444458007813,369.022216796875,395.77777099609375,395.77777099609375,18383
2012-01-25,385.77777099609375,385.77777099609375,334.3999938964844,342.79998779296875,342.79998779296875,17505
2012-01-26,360.6222229003906,390.2222290039063,340.71112060546875,380.2222290039063,380.2222290039063,20250
2012-01-27,389.1555480957031,395.5111083984375,342.8888854980469,344.6222229003906,344.6222229003906,14445
2012-01-30,341.9111022949219,373.68890380859375,333.5555419921875,373.3333435058594,373.3333435058594,8168
2012-01-31,400.0888977050781,425.5111083984375,398.3110961914063,425.2444458007813,425.2444458007813,9360
2012-02-01,442.3110961914063,461.3333435058594,431.8222351074219,454.0,454.0,5400
2012-02-02,448.8444519042969,451.77777099609375,383.022216796875,392.5333251953125,392.5333251953125,13478
2012-02-03,409.8222351074219,417.9111022949219,391.022216796875,401.95556640625,401.95556640625,8370
2012-02-06,396.4444580078125,412.8888854980469,380.1333312988281,382.5333251953125,382.5333251953125,4770
2012-02-07,374.5777893066406,416.4444580078125,374.5777893066406,408.3555603027344,408.3555603027344,5243
2012-02-08,415.3333435058594,421.6444396972656,395.73333740234375,420.8444519042969,420.8444519042969,4410
2012-02-09,412.6666564941406,427.77777099609375,375.68890380859375,410.2222290039063,410.2222290039063,8258
2012-02-10,402.5333251953125,412.1777648925781,400.04443359375,402.1333312988281,402.1333312988281,1418
2012-02-13,417.1111145019531,418.6666564941406,406.3110961914063,413.6444396972656,413.6444396972656,5108
2012-02-14,395.4666748046875,399.3777770996094,386.7111206054688,392.2222290039063,392.2222290039063,3150
2012-02-15,406.2222290039063,423.95556640625,404.4444580078125,415.8666687011719,415.8666687011719,3060
2012-02-16,411.68890380859375,414.6666564941406,387.77777099609375,394.0,394.0,5108
2012-02-17,373.5111083984375,380.6666564941406,353.3333435058594,360.8888854980469,360.8888854980469,9428
2012-02-21,377.3333435058594,389.8666687011719,371.1111145019531,372.7999877929688,372.7999877929688,4163
2012-02-22,380.5777893066406,391.9111022949219,367.4666748046875,367.77777099609375,367.77777099609375,3983
2012-02-23,368.5777893066406,390.5333251953125,367.3777770996094,379.8666687011719,379.8666687011719,2408
2012-02-24,388.04443359375,398.2222290039063,388.04443359375,394.5333251953125,394.5333251953125,2678
2012-02-27,390.6222229003906,420.4444580078125,389.2000122070313,415.6444396972656,415.6444396972656,4118
2012-02-28,437.8222351074219,447.8222351074219,435.022216796875,441.95556640625,441.95556640625,4703
2012-02-29,442.8444519042969,448.3110961914063,415.77777099609375,425.1111145019531,425.1111145019531,2250
2012-03-01,437.2444458007813,462.2222290039063,437.2444458007813,457.8222351074219,457.8222351074219,9000
2012-03-02,449.1555480957031,455.2000122070313,444.977783203125,455.2000122070313,455.2000122070313,1148
2012-03-05,485.6444396972656,495.68890380859375,481.68890380859375,493.6444396972656,493.6444396972656,3600
2012-03-06,487.68890380859375,502.2222290039063,486.6222229003906,500.3555603027344,500.3555603027344,4253
2012-03-07,526.933349609375,529.6889038085938,484.0,522.933349609375,522.933349609375,2858
2012-03-08,528.977783203125,552.4000244140625,517.6444702148438,522.977783203125,522.977783203125,3398
2012-03-09,530.6666870117188,538.7111206054688,510.977783203125,515.95556640625,515.95556640625,3713
2012-03-12,537.066650390625,548.2666625976562,532.888916015625,540.4888916015625,540.4888916015625,3330
2012-03-13,550.933349609375,556.1333618164062,502.4444580078125,505.68890380859375,505.68890380859375,4455
2012-03-14,505.8222351074219,524.04443359375,502.5777893066406,516.3555297851562,516.3555297851562,1935
2012-03-15,521.111083984375,521.2888793945312,496.1777648925781,521.2888793945312,521.2888793945312,2880
2012-03-16,507.2000122070313,510.1333312988281,497.3333435058594,503.5555419921875,503.5555419921875,1373
2012-03-19,505.2888793945313,505.2888793945313,480.2222290039063,495.5555419921875,495.5555419921875,3015
2012-03-20,496.5777893066406,509.4222106933594,496.5777893066406,508.2222290039063,508.2222290039063,2588
2012-03-21,513.95556640625,515.5555419921875,498.26666259765625,502.5333251953125,502.5333251953125,1260
2012-03-22,508.04443359375,534.0,508.04443359375,534.0,534.0,5018
2012-03-23,519.5555419921875,532.6666870117188,511.77777099609375,532.6666870117188,532.6666870117188,2498
2012-03-26,551.2444458007812,558.1777954101562,544.04443359375,544.6221923828125,544.6221923828125,2543
2012-03-27,560.6666870117188,583.2000122070312,560.6221923828125,583.2000122070312,583.2000122070312,1845
2012-03-28,576.888916015625,582.3110961914062,559.1555786132812,577.022216796875,577.022216796875,4253
2012-03-29,590.977783203125,642.4444580078125,578.3555297851562,633.7333374023438,633.7333374023438,6413
2012-03-30,634.8444213867188,670.3110961914062,632.6221923828125,657.95556640625,657.95556640625,4500
2012-04-02,674.4444580078125,675.2444458007812,630.5333251953125,636.5333251953125,636.5333251953125,5175
2012-04-03,631.1555786132812,637.111083984375,606.933349609375,624.0,624.0,2273
2012-04-04,621.7777709960938,647.5999755859375,610.2666625976562,644.977783203125,644.977783203125,2318
2012-04-05,643.2888793945312,674.4444580078125,636.977783203125,672.6666870117188,672.6666870117188,2903
2012-04-09,672.6666870117188,675.7333374023438,654.5333251953125,659.5555419921875,659.5555419921875,2273
2012-04-10,683.022216796875,710.8444213867188,681.7333374023438,709.5111083984375,709.5111083984375,3713
2012-04-11,702.0,739.7333374023438,697.7777709960938,739.7333374023438,739.7333374023438,2318
2012-04-12,742.0888671875,751.2444458007812,680.0,744.5777587890625,744.5777587890625,3915
2012-04-13,745.4222412109375,759.4666748046875,744.977783203125,751.6889038085938,751.6889038085938,2025
2012-04-16,735.5999755859375,758.5333251953125,735.5999755859375,742.1777954101562,742.1777954101562,1913
2012-04-17,759.066650390625,780.0,757.1555786132812,773.7777709960938,773.7777709960938,1688
2012-04-18,780.4444580078125,791.8222045898438,761.6444702148438,791.3778076171875,791.3778076171875,5040
2012-04-19,798.7555541992188,822.1777954101562,780.0,819.5555419921875,819.5555419921875,3420
2012-04-20,817.4222412109375,819.6444702148438,803.3333129882812,805.6889038085938,805.6889038085938,1530
2012-04-23,794.0888671875,794.0888671875,741.7777709960938,744.5777587890625,744.5777587890625,4343
2012-04-24,753.2000122070312,769.8222045898438,748.3555297851562,769.8222045898438,769.8222045898438,1283
2012-04-25,771.111083984375,771.111083984375,683.3333129882812,685.066650390625,685.066650390625,4433
2012-04-26,662.888916015625,718.6666870117188,627.4666748046875,718.6666870117188,718.6666870117188,6548
2012-04-27,699.2000122070312,705.5999755859375,673.8222045898438,673.8222045898438,673.8222045898438,2138
2012-04-30,696.888916015625,698.3555297851562,620.4444580078125,620.4444580078125,620.4444580078125,3150
2012-05-01,613.5555419921875,618.5777587890625,580.4000244140625,591.3333129882812,591.3333129882812,5108
2012-05-02,602.8444213867188,646.7555541992188,597.7777709960938,636.933349609375,636.933349609375,2475
2012-05-03,605.3333129882812,614.1777954101562,577.9111328125,597.5555419921875,597.5555419921875,1980
2012-05-04,620.888916015625,630.888916015625,617.8666381835938,623.5555419921875,623.5555419921875,653
2012-05-07,600.4888916015625,611.066650390625,595.95556640625,600.04443359375,600.04443359375,788
2012-05-08,626.1333618164062,626.1333618164062,543.111083984375,549.9111328125,549.9111328125,2678
2012-05-09,556.4000244140625,558.5333251953125,522.1777954101562,547.4666748046875,547.4666748046875,5310
2012-05-10,540.3555297851562,560.0,516.888916015625,535.2000122070312,535.2000122070312,6885
2012-05-11,521.066650390625,541.8666381835938,521.066650390625,523.4666748046875,523.4666748046875,795
2012-05-14,535.4666748046875,564.1333618164062,535.4666748046875,563.4666748046875,563.4666748046875,3968
2012-05-15,533.5999755859375,545.2000122070312,524.4000244140625,524.4000244140625,524.4000244140625,1425
2012-05-16,506.6666564941406,510.5333251953125,471.8666687011719,475.8666687011719,475.8666687011719,3083
2012-05-17,483.3333435058594,515.5999755859375,462.0,467.4666748046875,467.4666748046875,4140
2012-05-18,454.1333312988281,461.0666809082031,413.0666809082031,439.8666687011719,439.8666687011719,4770
2012-05-21,454.0,476.3999938964844,447.3333435058594,464.1333312988281,464.1333312988281,2220
2012-05-22,450.6666564941406,450.6666564941406,435.73333740234375,442.3999938964844,442.3999938964844,1703
2012-05-23,449.4666748046875,456.5333251953125,432.0,435.3333435058594,435.3333435058594,690
2012-05-24,433.6000061035156,467.2000122070313,433.6000061035156,459.3333435058594,459.3333435058594,3330
2012-05-25,475.6000061035156,503.0666809082031,475.6000061035156,495.0666809082031,495.0666809082031,1710
2012-05-29,504.1333312988281,544.0,494.0,535.3333129882812,535.3333129882812,3278
2012-05-30,559.5999755859375,581.066650390625,553.3333129882812,566.0,566.0,5318
2012-05-31,580.2666625976562,583.066650390625,533.3333129882812,568.933349609375,568.933349609375,4088
2012-06-01,595.066650390625,619.066650390625,592.1333618164062,616.2666625976562,616.2666625976562,3825
2012-06-04,583.2000122070312,590.0,556.7999877929688,560.0,560.0,2130
2012-06-05,541.2000122070312,562.4000244140625,536.7999877929688,562.4000244140625,562.4000244140625,1523
2012-06-06,556.0,572.0,538.4000244140625,560.1333618164062,560.1333618164062,1163
2012-06-07,574.2666625976562,638.4000244140625,571.066650390625,626.6666870117188,626.6666870117188,2588
2012-06-08,630.5333251953125,630.5333251953125,606.6666870117188,614.2666625976562,614.2666625976562,2250
2012-06-11,640.0,666.6666870117188,628.6666870117188,662.933349609375,662.933349609375,1088
2012-06-12,642.2666625976562,658.0,627.7333374023438,658.0,658.0,998
2012-06-13,668.1333618164062,684.1333618164062,658.1333618164062,676.7999877929688,676.7999877929688,1088
2012-06-14,666.6666870117188,668.0,488.3999938964844,496.5333251953125,496.5333251953125,7950
2012-06-15,519.066650390625,519.066650390625,503.73333740234375,510.5333251953125,510.5333251953125,2775
2012-06-18,492.5333251953125,502.26666259765625,440.0,452.1333312988281,452.1333312988281,4748
2012-06-19,473.3333435058594,498.0,467.6000061035156,478.5333251953125,478.5333251953125,2970
2012-06-20,469.6000061035156,497.73333740234375,465.0666809082031,488.0,488.0,1785
2012-06-21,487.8666687011719,493.2000122070313,448.6666564941406,466.6666564941406,466.6666564941406,2858
2012-06-22,469.8666687011719,472.6666564941406,441.6000061035156,447.3333435058594,447.3333435058594,2633
2012-06-25,431.6000061035156,442.5333251953125,422.7999877929688,436.1333312988281,436.1333312988281,3113
2012-06-26,434.1333312988281,439.73333740234375,406.9333190917969,410.0,410.0,2723
2012-06-27,380.0,423.2000122070313,375.2000122070313,413.0666809082031,413.0666809082031,7328
2012-06-28,410.3999938964844,452.1333312988281,406.9333190917969,422.3999938964844,422.3999938964844,4043
2012-06-29,429.3333435058594,437.3333435058594,401.73333740234375,401.73333740234375,401.73333740234375,2858
2012-07-02,423.0666809082031,423.3333435058594,398.1333312988281,402.7999877929688,402.7999877929688,1635
2012-07-03,398.5333251953125,398.5333251953125,390.3999938964844,390.3999938964844,390.3999938964844,1110
2012-07-05,375.4666748046875,384.9333190917969,370.6666564941406,375.2000122070313,375.2000122070313,3398
2012-07-06,375.3333435058594,418.0,350.0,411.0666809082031,411.0666809082031,5708
2012-07-09,393.3333435058594,394.3999938964844,382.26666259765625,386.6666564941406,386.6666564941406,2453
2012-07-10,401.6000061035156,426.6666564941406,401.6000061035156,423.3333435058594,423.3333435058594,3203
2012-07-11,411.3333435058594,417.8666687011719,392.0,392.6666564941406,392.6666564941406,2123
2012-07-12,401.73333740234375,426.6666564941406,374.6666564941406,383.8666687011719,383.8666687011719,4035
2012-07-13,392.7999877929688,392.7999877929688,373.4666748046875,384.5333251953125,384.5333251953125,825
2012-07-16,386.0,408.0,386.0,402.3999938964844,402.3999938964844,1943
2012-07-17,402.26666259765625,406.6666564941406,396.6666564941406,405.2000122070313,405.2000122070313,795
2012-07-18,386.6666564941406,390.9333190917969,356.9333190917969,361.3333435058594,361.3333435058594,7193
2012-07-19,362.0,366.7999877929688,343.6000061035156,344.6666564941406,344.6666564941406,5715
2012-07-20,337.3333435058594,352.3999938964844,326.6666564941406,329.0666809082031,329.0666809082031,3053
2012-07-23,336.5333251953125,336.5333251953125,319.20001220703125,321.6000061035156,321.6000061035156,3375
2012-07-24,315.4666748046875,320.0,306.6666564941406,310.0,310.0,3023
2012-07-25,315.4666748046875,333.3333435058594,312.79998779296875,330.0,330.0,3600
2012-07-26,323.7333374023437,340.79998779296875,308.1333312988281,322.6666564941406,322.6666564941406,3503
2012-07-27,337.0666809082031,345.0666809082031,330.3999938964844,334.5333251953125,334.5333251953125,2768
2012-07-30,306.26666259765625,307.20001220703125,290.6666564941406,296.1333312988281,296.1333312988281,7425
2012-07-31,295.7333374023437,303.6000061035156,282.0,291.3333435058594,291.3333435058594,5415
2012-08-01,305.6000061035156,310.1333312988281,290.6666564941406,302.9333190917969,302.9333190917969,10643
2012-08-02,315.0666809082031,350.6666564941406,300.0,348.0,348.0,14018
2012-08-03,349.8666687011719,361.0666809082031,341.3333435058594,356.0,356.0,7890
2012-08-06,361.73333740234375,373.3333435058594,346.9333190917969,350.79998779296875,350.79998779296875,9750
2012-08-07,348.3999938964844,348.5333251953125,331.20001220703125,338.6666564941406,338.6666564941406,4343
2012-08-08,345.3333435058594,350.9333190917969,330.5333251953125,342.1333312988281,342.1333312988281,1800
2012-08-09,347.7333374023437,349.8666687011719,306.6666564941406,349.8666687011719,349.8666687011719,5490
2012-08-10,362.0,376.1333312988281,361.6000061035156,371.3333435058594,371.3333435058594,10095
2012-08-13,375.8666687011719,384.26666259765625,373.3333435058594,381.4666748046875,381.4666748046875,3855
2012-08-14,380.6666564941406,381.73333740234375,362.1333312988281,365.4666748046875,365.4666748046875,3285
2012-08-15,375.0666809082031,385.8666687011719,373.8666687011719,380.9333190917969,380.9333190917969,2520
2012-08-16,383.0666809082031,398.1333312988281,353.0666809082031,394.6666564941406,394.6666564941406,6465
2012-08-17,392.1333312988281,396.0,387.0666809082031,389.0666809082031,389.0666809082031,2078
2012-08-20,390.0,397.0666809082031,378.5333251953125,380.26666259765625,380.26666259765625,1973
2012-08-21,376.6666564941406,400.0,370.1333312988281,376.9333190917969,376.9333190917969,3210
2012-08-22,375.3333435058594,381.3333435058594,365.2000122070313,366.6666564941406,366.6666564941406,2213
2012-08-23,371.4666748046875,401.3333435058594,367.73333740234375,370.6666564941406,370.6666564941406,6818
2012-08-24,374.6666564941406,397.3333435058594,370.9333190917969,396.3999938964844,396.3999938964844,5783
2012-08-27,395.0666809082031,416.5333251953125,392.0,415.0666809082031,415.0666809082031,6263
2012-08-28,416.26666259765625,430.3999938964844,412.0,430.3999938964844,430.3999938964844,7230
2012-08-29,428.0,428.0,408.6666564941406,410.6666564941406,410.6666564941406,4163
2012-08-30,408.5333251953125,426.6666564941406,393.3333435058594,396.1333312988281,396.1333312988281,6375
2012-08-31,400.6666564941406,400.9333190917969,383.3333435058594,386.7999877929688,386.7999877929688,1658
2012-09-04,376.7999877929688,395.73333740234375,367.3333435058594,377.8666687011719,377.8666687011719,5003
2012-09-05,388.1333312988281,394.26666259765625,381.0666809082031,390.3999938964844,390.3999938964844,4328
2012-09-06,400.6666564941406,400.6666564941406,373.2000122070313,399.73333740234375,399.73333740234375,7485
2012-09-07,419.73333740234375,426.6666564941406,397.73333740234375,417.6000061035156,417.6000061035156,4868
2012-09-10,413.6000061035156,418.6666564941406,382.26666259765625,384.0,384.0,8738
2012-09-11,357.3333435058594,364.6666564941406,342.9333190917969,344.3999938964844,344.3999938964844,16733
2012-09-12,349.0666809082031,351.0666809082031,325.20001220703125,327.6000061035156,327.6000061035156,11678
2012-09-13,332.79998779296875,346.0,327.0666809082031,333.6000061035156,333.6000061035156,12053
2012-09-14,348.1333312988281,353.3333435058594,339.7333374023437,345.0666809082031,345.0666809082031,7200
2012-09-17,362.1333312988281,364.0,357.7333374023437,360.7999877929688,360.7999877929688,8078
2012-09-18,354.1333312988281,378.9333190917969,350.79998779296875,375.2000122070313,375.2000122070313,5895
2012-09-19,365.0666809082031,381.4666748046875,361.3333435058594,375.0666809082031,375.0666809082031,5843
2012-09-20,373.0666809082031,378.7999877929688,366.9333190917969,372.7999877929688,372.7999877929688,5543
2012-09-21,364.3999938964844,364.3999938964844,346.5333251953125,350.1333312988281,350.1333312988281,8243
2012-09-24,358.6666564941406,363.4666748046875,348.79998779296875,352.6666564941406,352.6666564941406,3555
2012-09-25,350.3999938964844,352.3999938964844,337.20001220703125,337.8666687011719,337.8666687011719,3855
2012-09-26,333.20001220703125,334.0,310.26666259765625,320.3999938964844,320.3999938964844,11415
2012-09-27,307.3333435058594,315.8666687011719,296.1333312988281,302.26666259765625,302.26666259765625,12758
2012-09-28,306.1333312988281,307.7333374023437,293.8666687011719,295.20001220703125,295.20001220703125,6413
2012-10-01,277.3333435058594,278.79998779296875,266.26666259765625,268.3999938964844,268.3999938964844,14168
2012-10-02,273.20001220703125,276.5333251953125,258.6666564941406,261.6000061035156,261.6000061035156,10200
2012-10-03,276.9333190917969,285.6000061035156,272.5333251953125,274.9333190917969,274.9333190917969,15608
2012-10-04,274.3999938964844,283.3333435058594,268.1333312988281,276.3999938964844,276.3999938964844,8625
2012-10-05,279.3333435058594,288.5333251953125,275.8666687011719,280.1333312988281,280.1333312988281,7568
2012-10-08,286.26666259765625,286.26666259765625,273.8666687011719,277.7333374023437,277.7333374023437,6638
2012-10-09,283.8666687011719,284.79998779296875,261.4666748046875,266.6666564941406,266.6666564941406,8835
2012-10-10,267.3333435058594,272.0,261.7333374023437,266.3999938964844,266.3999938964844,5048
2012-10-11,262.5333251953125,264.3999938964844,248.5333404541016,248.6666717529297,248.6666717529297,10710
2012-10-12,257.8666687011719,260.0,254.933334350586,257.20001220703125,257.20001220703125,4995
2012-10-15,268.9333190917969,272.5333251953125,265.7333374023437,267.6000061035156,267.6000061035156,5310
2012-10-16,267.8666687011719,272.6666564941406,266.9333190917969,267.0666809082031,267.0666809082031,3300
2012-10-17,264.1333312988281,264.1333312988281,257.7333374023437,260.1333312988281,260.1333312988281,4350
2012-10-18,263.8666687011719,267.8666687011719,248.933334350586,250.5333404541016,250.5333404541016,8633
2012-10-19,248.5333404541016,248.8000030517578,242.5333404541016,247.86666870117188,247.86666870117188,4785
2012-10-22,246.13333129882807,265.7333374023437,245.1999969482422,264.9333190917969,264.9333190917969,13013
2012-10-23,260.79998779296875,260.79998779296875,251.6000061035156,255.0666656494141,255.0666656494141,7545
2012-10-24,257.7333374023437,266.79998779296875,257.6000061035156,264.9333190917969,264.9333190917969,7478
2012-10-25,265.8666687011719,272.1333312988281,259.6000061035156,264.3999938964844,264.3999938964844,9593
2012-10-26,267.6000061035156,273.3333435058594,266.0,270.9333190917969,270.9333190917969,5078
2012-10-31,268.3999938964844,275.7333374023437,263.4666748046875,275.0666809082031,275.0666809082031,2835
2012-11-01,275.3333435058594,280.26666259765625,270.0,278.5333251953125,278.5333251953125,2640
2012-11-02,286.5333251953125,297.6000061035156,284.26666259765625,296.6666564941406,296.6666564941406,8123
2012-11-05,294.9333190917969,297.0666809082031,291.0666809082031,293.3333435058594,293.3333435058594,2400
2012-11-06,294.26666259765625,294.26666259765625,283.6000061035156,285.4666748046875,285.4666748046875,2258
2012-11-07,292.1333312988281,292.1333312988281,288.0,290.0,290.0,2678
2012-11-08,295.7333374023437,296.3999938964844,285.4666748046875,286.9333190917969,286.9333190917969,2138
2012-11-09,294.79998779296875,304.0,294.1333312988281,301.6000061035156,301.6000061035156,8873
2012-11-12,298.3999938964844,301.7333374023437,287.6000061035156,290.5333251953125,290.5333251953125,3015
2012-11-13,272.79998779296875,274.6666564941406,264.79998779296875,265.3333435058594,265.3333435058594,7298
2012-11-14,263.0666809082031,266.79998779296875,254.5333404541016,263.6000061035156,263.6000061035156,4320
2012-11-15,260.79998779296875,272.1333312988281,255.1999969482422,272.1333312988281,272.1333312988281,6998
2012-11-16,266.9333190917969,266.9333190917969,258.0,258.9333190917969,258.9333190917969,4545
2012-11-19,262.26666259765625,268.79998779296875,257.7333374023437,266.5333251953125,266.5333251953125,3368
2012-11-20,263.6000061035156,263.6000061035156,251.6000061035156,253.0666656494141,253.0666656494141,5730
2012-11-21,253.46665954589844,254.0,240.13333129882807,242.8000030517578,242.8000030517578,9300
2012-11-23,247.46665954589844,248.5333404541016,239.86666870117188,241.7333374023437,241.7333374023437,2573
2012-11-26,258.79998779296875,263.6000061035156,257.20001220703125,258.26666259765625,258.26666259765625,9105
2012-11-27,261.4666748046875,263.6000061035156,257.3333435058594,258.9333190917969,258.9333190917969,1073
2012-11-28,269.7333374023437,277.4666748046875,268.5333251953125,268.6666564941406,268.6666564941406,3728
2012-11-29,278.79998779296875,292.1333312988281,278.1333312988281,291.0666809082031,291.0666809082031,7395
2012-11-30,287.6000061035156,307.3333435058594,287.6000061035156,302.26666259765625,302.26666259765625,6345
2012-12-03,301.4666748046875,304.9333190917969,293.7333374023437,300.26666259765625,300.26666259765625,9923
2012-12-04,306.5333251953125,308.79998779296875,300.9333190917969,307.8666687011719,307.8666687011719,13800
2012-12-05,297.6000061035156,298.5333251953125,277.6000061035156,283.4666748046875,283.4666748046875,5310
2012-12-06,285.6000061035156,295.3333435058594,269.4666748046875,289.20001220703125,289.20001220703125,10080
2012-12-07,288.79998779296875,305.0666809082031,284.1333312988281,303.3333435058594,303.3333435058594,2813
2012-12-10,319.4666748046875,326.6666564941406,317.4666748046875,320.79998779296875,320.79998779296875,6683
2012-12-11,322.26666259765625,330.9333190917969,318.3999938964844,327.7333374023437,327.7333374023437,7275
2012-12-12,330.0,335.6000061035156,323.20001220703125,329.6000061035156,329.6000061035156,3870
2012-12-13,339.6000061035156,347.20001220703125,324.1333312988281,337.7333374023437,337.7333374023437,6015
2012-12-14,344.0,350.26666259765625,332.26666259765625,342.3999938964844,342.3999938964844,5895
2012-12-17,336.1333312988281,346.3999938964844,328.0,337.7333374023437,337.7333374023437,1995
2012-12-18,328.0,330.1333312988281,318.26666259765625,329.4666748046875,329.4666748046875,2258
2012-12-19,346.0,348.0,336.9333190917969,337.4666748046875,337.4666748046875,3218
2012-12-20,326.9333190917969,330.0,313.3333435058594,315.7333374023437,315.7333374023437,5190
2012-12-21,313.0666809082031,319.4666748046875,307.3333435058594,317.6000061035156,317.6000061035156,4043
2012-12-24,330.5333251953125,333.4666748046875,327.8666687011719,332.1333312988281,332.1333312988281,1380
2012-12-26,329.8666687011719,331.3333435058594,324.6666564941406,330.5333251953125,330.5333251953125,578
2012-12-27,338.3999938964844,338.3999938964844,326.6666564941406,331.4666748046875,331.4666748046875,2318
2012-12-28,317.3333435058594,323.3333435058594,316.6666564941406,320.26666259765625,320.26666259765625,2003
2012-12-31,333.0666809082031,341.7333374023437,332.0,338.79998779296875,338.79998779296875,5310
2013-01-02,362.0,373.3333435058594,360.7999877929688,361.6000061035156,361.6000061035156,4403
2013-01-03,375.3333435058594,377.3333435058594,363.2000122070313,373.8666687011719,373.8666687011719,4343
2013-01-04,361.3333435058594,364.1333312988281,348.5333251953125,353.8666687011719,353.8666687011719,4800
2013-01-07,340.1333312988281,360.1333312988281,339.0666809082031,355.6000061035156,355.6000061035156,3083
2013-01-08,363.4666748046875,369.6000061035156,353.3333435058594,363.4666748046875,363.4666748046875,2963
2013-01-09,380.5333251953125,393.8666687011719,378.3999938964844,387.2000122070313,387.2000122070313,12983
2013-01-10,384.6666564941406,384.6666564941406,366.6666564941406,370.6666564941406,370.6666564941406,5543
2013-01-11,353.7333374023437,356.6666564941406,338.26666259765625,340.3999938964844,340.3999938964844,6210
2013-01-14,327.6000061035156,333.20001220703125,324.9333190917969,332.79998779296875,332.79998779296875,7770
2013-01-15,331.4666748046875,337.3333435058594,316.1333312988281,320.79998779296875,320.79998779296875,7928
2013-01-16,321.20001220703125,333.3333435058594,318.6666564941406,321.20001220703125,321.20001220703125,3458
2013-01-17,324.9333190917969,326.26666259765625,303.4666748046875,310.9333190917969,310.9333190917969,10763
2013-01-18,307.3333435058594,310.3999938964844,295.6000061035156,296.0,296.0,5798
2013-01-22,296.26666259765625,306.79998779296875,293.3333435058594,299.6000061035156,299.6000061035156,9743
2013-01-23,303.20001220703125,304.3999938964844,294.26666259765625,298.79998779296875,298.79998779296875,6780
2013-01-24,296.79998779296875,315.8666687011719,293.4666748046875,312.79998779296875,312.79998779296875,13830
2013-01-25,312.9333190917969,319.20001220703125,308.6666564941406,313.8666687011719,313.8666687011719,7613
2013-01-28,339.8666687011719,344.6666564941406,326.9333190917969,344.6666564941406,344.6666564941406,10343
2013-01-29,352.26666259765625,355.20001220703125,345.4666748046875,352.0,352.0,6473
2013-01-30,346.0,348.9333190917969,334.0,335.6000061035156,335.6000061035156,7800
2013-01-31,339.0666809082031,353.3333435058594,324.5333251953125,335.3333435058594,335.3333435058594,10028
2013-02-01,331.20001220703125,346.9333190917969,326.1333312988281,343.20001220703125,343.20001220703125,4080
2013-02-04,344.3999938964844,344.3999938964844,332.6666564941406,338.3999938964844,338.3999938964844,4335
2013-02-05,335.0666809082031,339.20001220703125,318.0,320.0,320.0,8288
2013-02-06,314.9333190917969,320.0,311.20001220703125,314.9333190917969,314.9333190917969,5730
2013-02-07,318.1333312988281,343.3333435058594,317.8666687011719,340.79998779296875,340.79998779296875,10898
2013-02-08,339.0666809082031,348.5333251953125,336.1333312988281,347.7333374023437,347.7333374023437,7208
2013-02-11,355.0666809082031,356.26666259765625,341.4666748046875,343.4666748046875,343.4666748046875,4965
2013-02-12,342.6666564941406,355.6000061035156,341.20001220703125,350.79998779296875,350.79998779296875,2775
2013-02-13,348.1333312988281,348.1333312988281,335.7333374023437,341.4666748046875,341.4666748046875,5625
2013-02-14,345.6000061035156,370.5333251953125,343.3333435058594,364.26666259765625,364.26666259765625,9225
2013-02-15,361.0666809082031,370.9333190917969,361.0666809082031,366.3999938964844,366.3999938964844,3098
2013-02-19,351.8666687011719,353.4666748046875,343.8666687011719,345.7333374023437,345.7333374023437,4455
2013-02-20,342.0,347.4666748046875,341.0666809082031,346.0,346.0,3518
2013-02-21,350.5333251953125,355.3333435058594,336.0,351.7333374023437,351.7333374023437,6345
2013-02-22,348.3999938964844,353.3333435058594,341.4666748046875,344.5333251953125,344.5333251953125,1755
2013-02-25,322.79998779296875,327.7333374023437,317.20001220703125,321.7333374023437,321.7333374023437,14603
2013-02-26,320.3999938964844,325.6000061035156,317.20001220703125,323.6000061035156,323.6000061035156,4995
2013-02-27,317.20001220703125,329.6000061035156,304.26666259765625,329.6000061035156,329.6000061035156,18788
2013-02-28,323.0666809082031,326.6666564941406,312.0,316.9333190917969,316.9333190917969,7868
2013-03-01,317.7333374023437,322.3999938964844,310.9333190917969,320.3999938964844,320.3999938964844,4650
2013-03-04,314.3999938964844,316.0,307.3333435058594,307.7333374023437,307.7333374023437,9750
2013-03-05,302.3999938964844,311.20001220703125,298.5333251953125,308.9333190917969,308.9333190917969,10883
2013-03-06,309.8666687011719,318.3999938964844,306.79998779296875,315.3333435058594,315.3333435058594,5798
2013-03-07,313.6000061035156,313.6000061035156,294.26666259765625,299.6000061035156,299.6000061035156,16448
2013-03-08,299.0666809082031,299.20001220703125,290.0,290.5333251953125,290.5333251953125,9803
2013-03-11,295.6000061035156,295.6000061035156,288.6666564941406,290.0,290.0,5895
2013-03-12,288.6666564941406,292.79998779296875,286.26666259765625,291.4666748046875,291.4666748046875,2573
2013-03-13,285.6000061035156,287.20001220703125,281.6000061035156,283.7333374023437,283.7333374023437,7193
2013-03-14,275.4666748046875,276.0,262.0,262.3999938964844,262.3999938964844,15210
2013-03-15,254.5333404541016,260.26666259765625,249.3333282470703,258.6666564941406,258.6666564941406,14528
2013-03-18,247.3333282470703,258.0,244.26666259765625,257.20001220703125,257.20001220703125,12143
2013-03-19,252.933334350586,253.1999969482422,243.7333374023437,245.7333374023437,245.7333374023437,9615
2013-03-20,250.3999938964844,252.0,244.933334350586,248.0,248.0,25515
2013-03-21,243.3333282470703,252.933334350586,237.6000061035156,249.7333374023437,249.7333374023437,21698
2013-03-22,241.0666656494141,251.3333282470703,240.3999938964844,248.8000030517578,248.8000030517578,8633
2013-03-25,243.3333282470703,258.3999938964844,242.933334350586,257.20001220703125,257.20001220703125,9503
2013-03-26,254.933334350586,256.6666564941406,243.3333282470703,244.13333129882807,244.13333129882807,26115
2013-03-27,236.6666717529297,239.3333282470703,231.0666656494141,233.3333282470703,233.3333282470703,16815
2013-03-28,237.6000061035156,245.3333282470703,230.13333129882807,240.8000030517578,240.8000030517578,16935
2013-04-01,246.13333129882807,246.3999938964844,238.26666259765625,238.933334350586,238.933334350586,4748
2013-04-02,246.0,249.46665954589844,243.7333374023437,246.933334350586,246.933334350586,11580
2013-04-03,248.26666259765625,255.0666656494141,246.3999938964844,254.3999938964844,254.3999938964844,6788
2013-04-04,251.6000061035156,258.79998779296875,245.86666870117188,249.1999969482422,249.1999969482422,10958
2013-04-05,235.7333374023437,238.5333404541016,225.3333282470703,225.86666870117188,225.86666870117188,30968
2013-04-08,220.5333404541016,234.8000030517578,220.26666259765625,230.3999938964844,230.3999938964844,13058
2013-04-09,232.933334350586,238.6666717529297,232.933334350586,236.5333404541016,236.5333404541016,5010
2013-04-10,228.8000030517578,231.86666870117188,221.7333374023437,229.6000061035156,229.6000061035156,11610
2013-04-11,229.86666870117188,234.8000030517578,219.46665954589844,222.3999938964844,222.3999938964844,12420
2013-04-12,218.6666717529297,219.46665954589844,212.933334350586,213.6000061035156,213.6000061035156,14138
2013-04-15,212.933334350586,225.7333374023437,212.5333404541016,223.7333374023437,223.7333374023437,13770
2013-04-16,223.7333374023437,230.933334350586,220.0,220.26666259765625,220.26666259765625,7920
2013-04-17,218.8000030517578,223.0666656494141,216.0,217.46665954589844,217.46665954589844,10733
2013-04-18,217.1999969482422,219.86666870117188,196.13333129882807,196.933334350586,196.933334350586,27630
2013-04-19,200.5333404541016,201.3333282470703,197.0666656494141,197.6000061035156,197.6000061035156,4560
2013-04-22,206.13333129882807,210.3999938964844,205.7333374023437,209.46665954589844,209.46665954589844,16800
2013-04-23,209.1999969482422,212.8000030517578,205.3333282470703,212.5333404541016,212.5333404541016,6443
2013-04-24,209.0666656494141,218.933334350586,208.3999938964844,218.3999938964844,218.3999938964844,8775
2013-04-25,220.8000030517578,221.7333374023437,210.6666717529297,220.3999938964844,220.3999938964844,11775
2013-04-26,220.933334350586,230.26666259765625,213.3333282470703,214.3999938964844,214.3999938964844,14325
2013-04-29,208.0,209.0666656494141,198.933334350586,200.0,200.0,17610
2013-04-30,200.26666259765625,204.8000030517578,198.5333404541016,203.1999969482422,203.1999969482422,9495
2013-05-01,199.1999969482422,205.7333374023437,193.7333374023437,205.0666656494141,205.0666656494141,13950
2013-05-02,205.7333374023437,233.86666870117188,200.5333404541016,229.46665954589844,229.46665954589844,42458
2013-05-03,233.0666656494141,235.0666656494141,228.0,228.933334350586,228.933334350586,12713
2013-05-06,235.0666656494141,237.3333282470703,229.46665954589844,232.5333404541016,232.5333404541016,16793
2013-05-07,237.1999969482422,244.6666717529297,236.3999938964844,242.0,242.0,16050
2013-05-08,238.26666259765625,242.13333129882807,236.3999938964844,237.0666656494141,237.0666656494141,6900
2013-05-09,240.0,248.8000030517578,233.46665954589844,238.26666259765625,238.26666259765625,15855
2013-05-10,237.0666656494141,246.26666259765625,235.6000061035156,246.0,246.0,10005
2013-05-13,241.7333374023437,245.86666870117188,238.0,244.3999938964844,244.3999938964844,6668
2013-05-14,236.3999938964844,237.86666870117188,232.5333404541016,233.3333282470703,233.3333282470703,9780
2013-05-15,228.26666259765625,230.3999938964844,226.3999938964844,226.933334350586,226.933334350586,6450
2013-05-16,231.3333282470703,244.13333129882807,231.1999969482422,241.1999969482422,241.1999969482422,14415
2013-05-17,240.8000030517578,240.8000030517578,222.5333404541016,227.3333282470703,227.3333282470703,14715
2013-05-20,217.6000061035156,225.86666870117188,217.0666656494141,223.6000061035156,223.6000061035156,14385
2013-05-21,216.0,216.6666717529297,210.6666717529297,212.3999938964844,212.3999938964844,17318
2013-05-22,213.86666870117188,216.13333129882807,212.3999938964844,213.7333374023437,213.7333374023437,5460
2013-05-23,214.933334350586,215.7333374023437,204.8000030517578,206.0,206.0,14378
2013-05-24,207.6000061035156,209.1999969482422,207.1999969482422,207.7333374023437,207.7333374023437,5805
2013-05-28,214.8000030517578,216.6666717529297,210.3999938964844,214.5333404541016,214.5333404541016,8760
2013-05-29,218.6666717529297,224.0,216.8000030517578,218.8000030517578,218.8000030517578,5685
2013-05-30,223.6000061035156,234.8000030517578,219.3333282470703,233.3333282470703,233.3333282470703,10343
2013-05-31,232.933334350586,238.8000030517578,230.933334350586,238.0,238.0,9450
2013-06-03,238.26666259765625,239.86666870117188,232.5333404541016,237.7333374023437,237.7333374023437,4958
2013-06-04,237.1999969482422,237.6000061035156,234.26666259765625,237.3333282470703,237.3333282470703,1005
2013-06-05,238.6666717529297,239.0666656494141,235.0666656494141,236.3999938964844,236.3999938964844,1013
2013-06-06,244.8000030517578,257.4666748046875,244.26666259765625,252.933334350586,252.933334350586,21750
2013-06-07,256.6666564941406,257.3333435058594,253.7333374023437,256.5333251953125,256.5333251953125,5205
2013-06-10,256.1000061035156,263.8999938964844,252.3333282470703,261.1333312988281,261.1333312988281,6570
2013-06-11,265.6666564941406,271.4666748046875,264.0333251953125,271.0,271.0,15180
2013-06-12,268.70001220703125,268.79998779296875,262.29998779296875,263.76666259765625,263.76666259765625,13620
2013-06-13,268.79998779296875,270.5666809082031,254.0333404541016,257.2333374023437,257.2333374023437,20970
2013-06-14,262.0,268.9333190917969,261.6666564941406,268.26666259765625,268.26666259765625,14220
2013-06-17,256.4666748046875,257.1666564941406,246.5333404541016,248.46665954589844,248.46665954589844,11580
2013-06-18,245.433334350586,250.6999969482422,240.76666259765625,245.433334350586,245.433334350586,7860
2013-06-19,238.933334350586,240.6999969482422,237.46665954589844,239.96665954589844,239.96665954589844,3240
2013-06-20,246.7333374023437,251.7333374023437,244.1000061035156,248.26666259765625,248.26666259765625,14850
2013-06-21,252.6000061035156,263.0,252.0333404541016,259.6666564941406,259.6666564941406,12420
2013-06-24,264.3333435058594,267.0,259.4666748046875,266.0333251953125,266.0333251953125,4350
2013-06-25,269.29998779296875,279.4333190917969,269.26666259765625,276.4666748046875,276.4666748046875,10890
2013-06-26,274.79998779296875,278.6000061035156,268.0666809082031,269.1333312988281,269.1333312988281,6750
2013-06-27,273.5,293.7333374023437,269.4333190917969,291.1333312988281,291.1333312988281,15960
2013-06-28,293.3666687011719,300.9666748046875,289.20001220703125,293.3333435058594,293.3333435058594,11010
2013-07-01,290.8999938964844,298.3333435058594,288.1666564941406,292.6000061035156,292.6000061035156,7650
2013-07-02,289.70001220703125,290.3666687011719,279.2333374023437,279.8999938964844,279.8999938964844,6000
2013-07-03,290.1000061035156,290.8333435058594,279.2333374023437,284.6000061035156,284.6000061035156,2640
2013-07-05,285.0666809082031,289.3333435058594,285.0666809082031,287.76666259765625,287.76666259765625,300
2013-07-08,266.9333190917969,269.20001220703125,262.3333435058594,267.7333374023437,267.7333374023437,7860
2013-07-09,271.0333251953125,279.7333374023437,270.6666564941406,276.3999938964844,276.3999938964844,1140
2013-07-10,267.9333190917969,278.0,267.4333190917969,275.3999938964844,275.3999938964844,1890
2013-07-11,280.1333312988281,286.3333435058594,271.9666748046875,282.9666748046875,282.9666748046875,1890
2013-07-12,276.4666748046875,278.8666687011719,273.6333312988281,278.4666748046875,278.4666748046875,1620
2013-07-15,286.0333251953125,293.20001220703125,275.0333251953125,275.0333251953125,275.0333251953125,7560
2013-07-16,280.20001220703125,280.70001220703125,269.26666259765625,273.20001220703125,273.20001220703125,3960
2013-07-17,276.4666748046875,281.20001220703125,276.4666748046875,281.1000061035156,281.1000061035156,900
2013-07-18,272.6000061035156,273.4666748046875,249.63333129882807,253.3333282470703,253.3333282470703,8010
2013-07-19,255.433334350586,259.8666687011719,255.433334350586,256.6000061035156,256.6000061035156,1350
2013-07-22,265.26666259765625,275.0,265.26666259765625,269.29998779296875,269.29998779296875,4290
2013-07-23,259.70001220703125,263.0666809082031,259.0666809082031,261.4333190917969,261.4333190917969,1440
2013-07-24,263.6000061035156,267.0,256.8666687011719,265.8999938964844,265.8999938964844,2550
2013-07-25,262.5,274.6666564941406,262.5,273.6333312988281,273.6333312988281,12390
2013-07-26,279.3999938964844,287.8666687011719,279.3999938964844,285.70001220703125,285.70001220703125,1470
2013-07-29,306.1333312988281,308.6666564941406,298.8999938964844,300.3666687011719,300.3666687011719,6690
2013-07-30,303.3333435058594,310.0666809082031,300.0,306.5,306.5,1980
2013-07-31,303.20001220703125,310.1000061035156,303.20001220703125,307.5333251953125,307.5333251953125,4170
2013-08-01,310.0333251953125,324.1000061035156,310.0,316.6666564941406,316.6666564941406,14640
2013-08-02,315.76666259765625,325.1333312988281,314.6666564941406,324.4333190917969,324.4333190917969,4320
2013-08-05,324.4333190917969,331.5666809082031,322.0,325.5666809082031,325.5666809082031,7860
2013-08-06,327.6333312988281,331.20001220703125,325.0333251953125,330.9333190917969,330.9333190917969,2940
2013-08-07,339.3666687011719,344.5333251953125,338.9333190917969,343.4333190917969,343.4333190917969,5250
2013-08-08,344.3999938964844,368.1666564941406,327.76666259765625,328.1000061035156,328.1000061035156,19860
2013-08-09,333.26666259765625,346.6666564941406,329.7333374023437,346.3999938964844,346.3999938964844,4290
2013-08-12,326.1000061035156,330.5666809082031,319.26666259765625,330.20001220703125,330.20001220703125,8220
2013-08-13,335.1000061035156,335.1000061035156,328.76666259765625,329.7333374023437,329.7333374023437,3630
2013-08-14,324.8333435058594,324.8666687011719,319.3999938964844,324.5666809082031,324.5666809082031,4020
2013-08-15,327.6666564941406,327.6666564941406,310.8333435058594,312.1666564941406,312.1666564941406,4740
2013-08-16,318.1333312988281,320.6333312988281,318.0,320.0666809082031,320.0666809082031,3330
2013-08-19,299.6333312988281,304.70001220703125,297.5,304.5,304.5,6030
2013-08-20,300.0,304.8999938964844,297.0,304.70001220703125,304.70001220703125,1590
2013-08-21,298.29998779296875,301.1666564941406,297.8333435058594,300.4666748046875,300.4666748046875,1830
2013-08-22,295.29998779296875,296.0666809082031,286.8333435058594,289.70001220703125,289.70001220703125,6900
2013-08-23,293.8999938964844,296.79998779296875,292.6666564941406,296.6000061035156,296.6000061035156,1200
2013-08-26,295.3666687011719,295.3666687011719,291.76666259765625,294.1666564941406,294.1666564941406,630
2013-08-27,302.0,302.0,288.5,288.5,288.5,5490
2013-08-28,292.3999938964844,295.5,288.5666809082031,289.5666809082031,289.5666809082031,3300
2013-08-29,281.70001220703125,298.29998779296875,279.6000061035156,283.6000061035156,283.6000061035156,15570
2013-08-30,287.79998779296875,289.3999938964844,282.2333374023437,284.0333251953125,284.0333251953125,3660
2013-09-03,278.5,279.6000061035156,275.1000061035156,277.8666687011719,277.8666687011719,6840
2013-09-04,279.1666564941406,281.8333435058594,276.5,277.5666809082031,277.5666809082031,2070
2013-09-05,273.0,292.29998779296875,273.0,290.70001220703125,290.70001220703125,11160
2013-09-06,296.29998779296875,299.1000061035156,294.6000061035156,298.7333374023437,298.7333374023437,4890
2013-09-09,290.0,294.6666564941406,287.3333435058594,287.5666809082031,287.5666809082031,3630
2013-09-10,294.1666564941406,297.29998779296875,291.2333374023437,292.26666259765625,292.26666259765625,3150
2013-09-11,297.3999938964844,300.3999938964844,286.6000061035156,295.2333374023437,295.2333374023437,3420
2013-09-12,296.4666748046875,296.4666748046875,280.0,282.70001220703125,282.70001220703125,8850
2013-09-13,285.7333374023437,285.7333374023437,276.0333251953125,277.5333251953125,277.5333251953125,6630
2013-09-16,273.8999938964844,273.8999938964844,266.29998779296875,267.8333435058594,267.8333435058594,15960
2013-09-17,265.76666259765625,269.8666687011719,264.6333312988281,269.3333435058594,269.3333435058594,3120
2013-09-18,271.1333312988281,276.5,270.0666809082031,270.8333435058594,270.8333435058594,2850
2013-09-19,266.6000061035156,275.1000061035156,256.8999938964844,272.0666809082031,272.0666809082031,3690
2013-09-20,277.6666564941406,278.5,274.79998779296875,274.79998779296875,274.79998779296875,2100
2013-09-23,280.0,287.70001220703125,278.1666564941406,287.2333374023437,287.2333374023437,1590
2013-09-24,292.5,305.1666564941406,292.5,303.1666564941406,303.1666564941406,2940
2013-09-25,302.0,308.1666564941406,300.1333312988281,306.5,306.5,2400
2013-09-26,315.26666259765625,321.26666259765625,301.4333190917969,303.3666687011719,303.3666687011719,6330
2013-09-27,307.7333374023437,307.7333374023437,298.6333312988281,298.7333374023437,298.7333374023437,6960
2013-09-30,310.1666564941406,312.6666564941406,304.6666564941406,306.20001220703125,306.20001220703125,1500
2013-10-01,299.29998779296875,300.5,291.26666259765625,296.6666564941406,296.6666564941406,5640
2013-10-02,295.5666809082031,308.3333435058594,295.5666809082031,308.26666259765625,308.26666259765625,1470
2013-10-03,307.4333190917969,316.8666687011719,307.29998779296875,314.1666564941406,314.1666564941406,3720
2013-10-04,310.4333190917969,317.3666687011719,310.1000061035156,313.2333374023437,313.2333374023437,720
2013-10-07,296.3999938964844,297.76666259765625,287.4666748046875,291.6000061035156,291.6000061035156,4110
2013-10-08,282.1666564941406,282.29998779296875,277.8333435058594,278.29998779296875,278.29998779296875,6540
2013-10-09,281.2333374023437,283.0,279.0,283.0,283.0,1950
2013-10-10,274.6000061035156,278.1666564941406,269.3333435058594,276.6000061035156,276.6000061035156,9090
2013-10-11,272.5,273.1000061035156,270.0,270.6333312988281,270.6333312988281,3900
2013-10-14,265.79998779296875,272.6333312988281,265.79998779296875,267.1000061035156,267.1000061035156,4620
2013-10-15,266.2333374023437,271.5,266.0,269.0666809082031,269.0666809082031,5130
2013-10-16,265.8666687011719,276.3999938964844,263.0,275.5,275.5,7830
2013-10-17,279.8999938964844,280.0333251953125,276.6666564941406,276.6666564941406,276.6666564941406,5070
2013-10-18,281.8999938964844,285.1666564941406,273.6000061035156,276.26666259765625,276.26666259765625,7770
2013-10-21,276.1666564941406,290.8999938964844,276.1666564941406,290.0,290.0,3510
2013-10-22,295.8333435058594,303.3333435058594,292.9333190917969,301.26666259765625,301.26666259765625,8580
2013-10-23,300.0,300.0,298.3333435058594,298.4333190917969,298.4333190917969,1500
2013-10-24,305.8999938964844,308.3333435058594,295.6333312988281,296.79998779296875,296.79998779296875,4200
2013-10-25,293.2333374023437,294.1666564941406,286.76666259765625,287.76666259765625,287.76666259765625,1290
2013-10-28,307.0,311.5666809082031,304.5,310.5,310.5,4650
2013-10-29,312.9666748046875,318.2333374023437,308.29998779296875,312.3333435058594,312.3333435058594,6450
2013-10-30,313.20001220703125,316.0333251953125,309.9666748046875,314.26666259765625,314.26666259765625,2970
2013-10-31,316.3999938964844,325.0,316.3999938964844,323.6333312988281,323.6333312988281,5550
2013-11-01,333.3333435058594,336.5666809082031,331.9666748046875,335.5,335.5,3150
2013-11-04,352.3333435058594,354.70001220703125,348.3999938964844,348.5333251953125,348.5333251953125,4470
2013-11-05,352.9666748046875,352.9666748046875,339.6000061035156,340.6000061035156,340.6000061035156,3420
2013-11-06,342.8333435058594,342.9333190917969,330.1666564941406,337.6666564941406,337.6666564941406,3510
2013-11-07,324.29998779296875,340.2333374023437,323.3999938964844,338.70001220703125,338.70001220703125,4860
2013-11-08,336.0666809082031,336.0666809082031,326.6666564941406,329.6000061035156,329.6000061035156,2340
2013-11-11,328.3999938964844,334.29998779296875,327.70001220703125,330.5333251953125,330.5333251953125,1500
2013-11-12,322.5333251953125,322.5333251953125,316.6000061035156,317.9666748046875,317.9666748046875,2850
2013-11-13,323.29998779296875,331.8999938964844,320.29998779296875,330.7333374023437,330.7333374023437,990
2013-11-14,341.20001220703125,342.70001220703125,320.79998779296875,322.26666259765625,322.26666259765625,5220
2013-11-15,319.0666809082031,321.1666564941406,313.76666259765625,316.0666809082031,316.0666809082031,1710
2013-11-18,312.7333374023437,321.79998779296875,311.5,321.3333435058594,321.3333435058594,1470
2013-11-19,321.26666259765625,333.3333435058594,321.20001220703125,333.0333251953125,333.0333251953125,1980
2013-11-20,317.6000061035156,323.6000061035156,311.6000061035156,312.26666259765625,312.26666259765625,1680
2013-11-21,308.0666809082031,311.6000061035156,302.5,308.1666564941406,308.1666564941406,1320
2013-11-22,297.8666687011719,298.7333374023437,294.0,294.3999938964844,294.3999938964844,2400
2013-11-25,288.5666809082031,295.2333374023437,287.76666259765625,290.3333435058594,290.3333435058594,4230
2013-11-26,291.7333374023437,299.2333374023437,286.6666564941406,287.5333251953125,287.5333251953125,2790
2013-11-27,288.3333435058594,288.3333435058594,280.5,281.3333435058594,281.3333435058594,4140
2013-11-29,280.1666564941406,281.0,275.5333251953125,280.6666564941406,280.6666564941406,1200
2013-12-02,279.9666748046875,280.3999938964844,269.5,273.3666687011719,273.3666687011719,4500
2013-12-03,272.1333312988281,273.8999938964844,266.1666564941406,272.5666809082031,272.5666809082031,4260
2013-12-04,268.26666259765625,273.5333251953125,266.6666564941406,273.26666259765625,273.26666259765625,2520
2013-12-05,270.5666809082031,270.6333312988281,248.63333129882807,249.46665954589844,249.46665954589844,14970
2013-12-06,245.6999969482422,252.933334350586,242.1999969482422,250.6666717529297,250.6666717529297,7170
2013-12-09,242.0666656494141,244.433334350586,236.6666717529297,237.6000061035156,237.6000061035156,10470
2013-12-10,233.433334350586,240.1000061035156,233.2333374023437,236.0666656494141,236.0666656494141,3180
2013-12-11,237.3000030517578,239.0,226.0666656494141,226.3000030517578,226.3000030517578,9570
2013-12-12,219.433334350586,228.433334350586,218.5,223.26666259765625,223.26666259765625,20010
2013-12-13,222.3333282470703,224.0,216.6666717529297,221.3000030517578,221.3000030517578,5670
2013-12-16,232.1666717529297,233.1999969482422,227.36666870117188,230.86666870117188,230.86666870117188,12030
2013-12-17,232.6999969482422,236.8000030517578,223.6999969482422,228.433334350586,228.433334350586,7230
2013-12-18,226.2333374023437,229.1999969482422,225.0,228.3333282470703,228.3333282470703,9270
2013-12-19,220.8000030517578,221.8999938964844,206.6000061035156,208.8999938964844,208.8999938964844,20760
2013-12-20,209.46665954589844,210.6999969482422,203.6999969482422,208.0,208.0,11670
2013-12-23,202.86666870117188,204.6000061035156,200.8333282470703,202.8333282470703,202.8333282470703,7110
2013-12-24,208.13333129882807,212.6999969482422,208.0,209.0,209.0,5010
2013-12-26,211.0,215.3333282470703,208.3000030517578,209.46665954589844,209.46665954589844,3420
2013-12-27,215.933334350586,221.96665954589844,213.8333282470703,221.96665954589844,221.96665954589844,18030
2013-12-30,211.6999969482422,215.6666717529297,210.5333404541016,214.3999938964844,214.3999938964844,7140
2013-12-31,221.433334350586,233.3333282470703,221.433334350586,231.1999969482422,231.1999969482422,16410
2014-01-02,225.3333282470703,227.1999969482422,222.0,222.46665954589844,222.46665954589844,3870
2014-01-03,226.3000030517578,231.7333374023437,215.0,221.1000061035156,221.1000061035156,18330
2014-01-06,222.0,227.1000061035156,220.0,223.13333129882807,223.13333129882807,4980
2014-01-07,213.46665954589844,227.8333282470703,212.8333282470703,222.63333129882807,222.63333129882807,11040
2014-01-08,225.46665954589844,235.0666656494141,222.8000030517578,234.46665954589844,234.46665954589844,12240
2014-01-09,240.7333374023437,256.4666748046875,236.26666259765625,250.3999938964844,250.3999938964844,22500
2014-01-10,251.6666717529297,253.46665954589844,246.1666717529297,247.76666259765625,247.76666259765625,5040
2014-01-13,230.3000030517578,232.8000030517578,222.1666717529297,222.5,222.5,16170
2014-01-14,218.8000030517578,222.5,214.3999938964844,216.433334350586,216.433334350586,11580
2014-01-15,212.76666259765625,219.96665954589844,210.0,219.0333404541016,219.0333404541016,16230
2014-01-16,204.13333129882807,217.6999969482422,204.0,215.3999938964844,215.3999938964844,49650
2014-01-17,220.3000030517578,223.5,216.6666717529297,223.5,223.5,13170
2014-01-21,211.6000061035156,215.5,209.6666717529297,210.8333282470703,210.8333282470703,17850
2014-01-22,198.96665954589844,200.46665954589844,190.0,192.26666259765625,192.26666259765625,52950
2014-01-23,182.8999938964844,195.933334350586,179.93333435058594,186.933334350586,186.933334350586,35310
2014-01-24,175.6999969482422,177.6666717529297,153.3333282470703,156.3333282470703,156.3333282470703,124020
2014-01-27,162.1666717529297,176.6666717529297,158.8333282470703,169.76666259765625,169.76666259765625,65220
2014-01-28,168.93333435058594,169.60000610351562,153.86666870117188,158.1666717529297,158.1666717529297,62310
2014-01-29,152.10000610351562,154.06666564941406,122.43333435058594,124.93333435058594,124.93333435058594,262380
2014-01-30,135.13333129882812,148.8333282470703,130.60000610351562,148.0,148.0,108810
2014-01-31,147.26666259765625,159.13333129882812,145.6666717529297,149.26666259765625,149.26666259765625,96690
2014-02-03,152.26666259765625,153.5,145.96665954589844,147.5,147.5,29880
2014-02-04,129.63333129882812,131.93333435058594,119.4000015258789,123.93333435058594,123.93333435058594,135120
2014-02-05,116.23332977294922,137.43333435058594,113.33333587646484,130.76666259765625,130.76666259765625,145770
2014-02-06,129.39999389648438,142.36666870117188,128.39999389648438,136.60000610351562,136.60000610351562,66900
2014-02-07,146.53334045410156,151.36666870117188,139.1666717529297,149.26666259765625,149.26666259765625,69360
2014-02-10,152.06666564941406,161.6666717529297,150.06666564941406,159.53334045410156,159.53334045410156,72030
2014-02-11,154.10000610351562,155.13333129882812,143.3333282470703,143.53334045410156,143.53334045410156,49290
2014-02-12,144.8333282470703,148.13333129882812,140.1666717529297,146.8333282470703,146.8333282470703,35160
2014-02-13,144.0,145.0,138.3333282470703,140.6666717529297,140.6666717529297,75750
2014-02-14,137.53334045410156,144.86666870117188,136.3333282470703,143.6666717529297,143.6666717529297,64980
2014-02-18,136.10000610351562,137.26666259765625,133.8333282470703,135.43333435058594,135.43333435058594,87030
2014-02-19,130.8333282470703,132.46665954589844,127.33333587646484,132.03334045410156,132.03334045410156,114240
2014-02-20,129.8333282470703,134.63333129882812,128.6666717529297,133.53334045410156,133.53334045410156,79920
2014-02-21,132.56666564941406,135.73333740234375,127.93333435058594,130.0,130.0,90720
2014-02-24,127.0,142.0,126.66666412353516,136.3000030517578,136.3000030517578,121020
2014-02-25,144.23333740234375,144.23333740234375,133.6666717529297,140.3333282470703,140.3333282470703,91380
2014-02-26,142.23333740234375,145.1666717529297,138.93333435058594,143.6999969482422,143.6999969482422,75000
2014-02-27,144.96665954589844,147.26666259765625,140.23333740234375,145.60000610351562,145.60000610351562,55110
2014-02-28,140.73333740234375,141.73333740234375,135.73333740234375,139.0,139.0,53550
2014-03-03,136.56666564941406,146.13333129882812,135.56666564941406,144.36666870117188,144.36666870117188,36180
2014-03-04,137.89999389648438,142.8333282470703,135.6666717529297,138.43333435058594,138.43333435058594,33360
2014-03-05,138.86666870117188,142.93333435058594,135.0,139.10000610351562,139.10000610351562,30150
2014-03-06,139.46665954589844,141.10000610351562,132.46665954589844,135.60000610351562,135.60000610351562,41850
2014-03-07,134.53334045410156,138.8333282470703,134.43333435058594,136.3333282470703,136.3333282470703,22230
2014-03-10,136.63333129882812,139.36666870117188,134.0,136.1666717529297,136.1666717529297,20460
2014-03-11,138.3000030517578,139.0,136.1999969482422,138.1666717529297,138.1666717529297,15870
2014-03-12,144.1666717529297,144.6666717529297,140.8000030517578,142.43333435058594,142.43333435058594,55290
2014-03-13,147.60000610351562,150.8333282470703,145.3333282470703,148.89999389648438,148.89999389648438,74220
2014-03-14,147.73333740234375,149.6999969482422,145.46665954589844,146.06666564941406,146.06666564941406,14460
2014-03-17,139.53334045410156,141.6999969482422,138.8000030517578,141.6999969482422,141.6999969482422,37530
2014-03-18,143.10000610351562,145.0,142.1666717529297,144.3000030517578,144.3000030517578,11700
2014-03-19,145.6666717529297,146.60000610351562,142.23333740234375,143.06666564941406,143.06666564941406,7860
2014-03-20,147.03334045410156,150.3333282470703,144.8000030517578,148.8000030517578,148.8000030517578,39600
2014-03-21,152.3333282470703,154.1666717529297,151.46665954589844,152.3000030517578,152.3000030517578,38160
2014-03-24,153.8333282470703,155.53334045410156,152.53334045410156,153.06666564941406,153.06666564941406,9960
2014-03-25,146.73333740234375,147.86666870117188,143.46665954589844,144.46665954589844,144.46665954589844,31350
2014-03-26,146.1999969482422,148.3333282470703,143.46665954589844,146.26666259765625,146.26666259765625,11910
2014-03-27,143.53334045410156,145.6999969482422,134.1666717529297,137.8000030517578,137.8000030517578,61980
2014-03-28,136.43333435058594,139.73333740234375,136.43333435058594,139.5,139.5,12780
2014-03-31,145.76666259765625,148.3333282470703,144.8000030517578,145.6999969482422,145.6999969482422,46560
2014-04-01,149.06666564941406,152.73333740234375,148.39999389648438,152.1999969482422,152.1999969482422,32670
2014-04-02,148.26666259765625,149.06666564941406,144.60000610351562,146.23333740234375,146.23333740234375,26280
2014-04-03,143.39999389648438,146.13333129882812,138.6999969482422,141.63333129882812,141.63333129882812,29790
2014-04-04,140.86666870117188,142.26666259765625,139.0,142.23333740234375,142.23333740234375,17400
2014-04-07,136.93333435058594,139.43333435058594,136.1666717529297,138.73333740234375,138.73333740234375,27570
2014-04-08,136.6666717529297,136.6666717529297,134.36666870117188,135.39999389648438,135.39999389648438,24900
2014-04-09,136.3333282470703,136.93333435058594,132.43333435058594,133.36666870117188,133.36666870117188,15150
2014-04-10,135.26666259765625,135.96665954589844,126.33333587646484,129.36666870117188,129.36666870117188,55170
2014-04-11,129.36666870117188,130.53334045410156,128.6666717529297,130.0,130.0,12030
2014-04-14,133.6666717529297,134.3333282470703,132.46665954589844,132.86666870117188,132.86666870117188,12090
2014-04-15,131.6666717529297,134.5,129.3333282470703,132.36666870117188,132.36666870117188,12300
2014-04-16,132.6666717529297,135.0,132.6666717529297,134.56666564941406,134.56666564941406,3330
2014-04-17,136.0,137.6666717529297,123.5,123.8000030517578,123.8000030517578,60870
2014-04-21,123.3000030517578,125.56666564941406,121.66666412353516,125.33333587646484,125.33333587646484,37890
2014-04-22,124.26667022705078,125.0,122.66666412353516,123.0,123.0,13290
2014-04-23,122.23332977294922,123.8000030517578,121.33333587646484,123.1999969482422,123.1999969482422,19170
2014-04-24,122.0,126.23332977294922,120.96666717529295,125.3000030517578,125.3000030517578,17820
2014-04-25,126.66666412353516,128.8000030517578,126.33333587646484,128.03334045410156,128.03334045410156,15540
2014-04-28,123.23332977294922,123.66666412353516,120.43333435058594,122.53333282470705,122.53333282470705,18150
2014-04-29,121.66666412353516,121.66666412353516,118.8000030517578,119.03333282470705,119.03333282470705,16290
2014-04-30,122.0999984741211,122.96666717529295,117.96666717529295,120.66666412353516,120.66666412353516,9000
2014-05-01,121.16666412353516,124.9000015258789,120.5,124.86666870117188,124.86666870117188,10620
2014-05-02,124.33333587646484,127.16666412353516,123.66666412353516,126.66666412353516,126.66666412353516,11040
2014-05-05,126.4000015258789,127.16666412353516,125.9000015258789,126.03333282470705,126.03333282470705,2820
2014-05-06,122.96666717529295,123.4000015258789,120.1999969482422,120.1999969482422,120.1999969482422,10530
2014-05-07,121.33333587646484,125.26667022705078,121.33333587646484,123.86666870117188,123.86666870117188,7980
2014-05-08,125.23332977294922,133.0,125.23332977294922,132.0,132.0,42390
2014-05-09,134.1666717529297,136.76666259765625,134.13333129882812,134.86666870117188,134.86666870117188,24300
2014-05-12,138.93333435058594,142.0,138.39999389648438,141.53334045410156,141.53334045410156,45720
2014-05-13,142.0,146.53334045410156,141.06666564941406,145.1999969482422,145.1999969482422,30300
2014-05-14,144.36666870117188,147.0,143.26666259765625,144.1666717529297,144.1666717529297,14190
2014-05-15,146.53334045410156,148.3333282470703,136.0,140.1666717529297,140.1666717529297,38130
2014-05-16,141.6666717529297,142.26666259765625,139.86666870117188,141.6666717529297,141.6666717529297,10260
2014-05-19,137.13333129882812,138.89999389648438,135.1999969482422,138.53334045410156,138.53334045410156,12120
2014-05-20,137.1999969482422,137.3333282470703,132.8333282470703,134.03334045410156,134.03334045410156,14760
2014-05-21,135.06666564941406,138.1666717529297,134.03334045410156,137.3333282470703,137.3333282470703,6870
2014-05-22,138.26666259765625,145.56666564941406,137.5,144.26666259765625,144.26666259765625,17850
2014-05-23,142.43333435058594,144.39999389648438,141.73333740234375,142.03334045410156,142.03334045410156,5280
2014-05-27,140.6666717529297,140.6666717529297,135.1666717529297,136.56666564941406,136.56666564941406,10050
2014-05-28,134.3333282470703,134.6999969482422,128.46665954589844,129.86666870117188,129.86666870117188,34200
2014-05-29,128.13333129882812,134.0,127.0,131.13333129882812,131.13333129882812,21030
2014-05-30,135.53334045410156,136.36666870117188,130.6666717529297,132.36666870117188,132.36666870117188,8310
2014-06-02,133.60000610351562,134.06666564941406,128.6999969482422,128.93333435058594,128.93333435058594,7560
2014-06-03,127.06666564941406,129.86666870117188,126.4000015258789,129.8333282470703,129.8333282470703,8550
2014-06-04,129.8333282470703,129.8333282470703,126.83333587646484,127.33333587646484,127.33333587646484,9030
2014-06-05,125.93333435058594,130.53334045410156,123.03333282470705,125.26667022705078,125.26667022705078,21780
2014-06-06,125.0,125.13333129882812,122.66666412353516,123.13333129882812,123.13333129882812,13770
2014-06-09,124.5999984741211,127.5,123.33333587646484,126.5999984741211,126.5999984741211,12330
2014-06-10,129.93333435058594,133.5,129.26666259765625,132.86666870117188,132.86666870117188,32130
2014-06-11,131.6666717529297,134.06666564941406,131.46665954589844,133.26666259765625,133.26666259765625,12510
2014-06-12,131.39999389648438,132.23333740234375,119.23332977294922,120.36666870117188,120.36666870117188,51930
2014-06-13,120.46666717529295,120.86666870117188,118.66666412353516,119.46666717529295,119.46666717529295,28020
2014-06-16,121.1999969482422,122.93333435058594,118.1999969482422,121.26667022705078,121.26667022705078,12240
2014-06-17,122.13333129882812,122.36666870117188,119.8000030517578,121.16666412353516,121.16666412353516,7620
2014-06-18,121.1999969482422,124.23332977294922,120.83333587646484,123.56666564941406,123.56666564941406,9450
2014-06-19,123.33333587646484,128.06666564941406,122.13333129882812,127.06666564941406,127.06666564941406,34470
2014-06-20,129.06666564941406,130.53334045410156,128.1999969482422,128.1999969482422,128.1999969482422,19080
2014-06-23,132.73333740234375,134.5,131.93333435058594,134.10000610351562,134.10000610351562,30330
2014-06-24,133.26666259765625,133.3333282470703,128.86666870117188,130.8000030517578,130.8000030517578,8160
2014-06-25,128.3333282470703,130.8000030517578,127.5999984741211,129.3000030517578,129.3000030517578,5220
2014-06-26,129.36666870117188,138.23333740234375,129.03334045410156,135.73333740234375,135.73333740234375,29220
2014-06-27,138.3333282470703,140.43333435058594,136.46665954589844,136.86666870117188,136.86666870117188,20040
2014-06-30,137.0,140.0,133.26666259765625,134.76666259765625,134.76666259765625,21960
2014-07-01,136.26666259765625,136.8333282470703,133.43333435058594,136.1999969482422,136.1999969482422,4860
2014-07-02,138.13333129882812,141.6666717529297,138.13333129882812,139.8000030517578,139.8000030517578,30930
2014-07-03,141.60000610351562,142.5,137.8333282470703,139.8333282470703,139.8333282470703,9900
2014-07-07,144.86666870117188,150.3000030517578,144.46665954589844,147.39999389648438,147.39999389648438,43200
2014-07-08,150.0,155.3333282470703,148.23333740234375,148.3333282470703,148.3333282470703,37710
2014-07-09,149.3333282470703,152.73333740234375,148.60000610351562,152.60000610351562,152.60000610351562,8040
2014-07-10,151.96665954589844,156.60000610351562,151.46665954589844,156.1666717529297,156.1666717529297,21570
2014-07-11,155.73333740234375,157.0,154.26666259765625,154.5,154.5,7470
2014-07-14,154.03334045410156,158.3333282470703,153.0,154.0,154.0,7860
2014-07-15,154.1999969482422,158.6666717529297,153.96665954589844,158.36666870117188,158.36666870117188,6600
2014-07-16,155.26666259765625,156.6666717529297,154.03334045410156,156.6666717529297,156.6666717529297,4920
2014-07-17,160.6666717529297,169.3333282470703,160.26666259765625,166.6666717529297,166.6666717529297,58620
2014-07-18,167.6666717529297,169.3000030517578,167.1999969482422,168.63333129882812,168.63333129882812,5790
2014-07-21,173.0,177.53334045410156,173.0,175.1666717529297,175.1666717529297,13710
2014-07-22,177.6666717529297,183.3333282470703,177.6666717529297,183.2333374023437,183.2333374023437,23850
2014-07-23,181.6666717529297,184.5333404541016,179.36666870117188,184.46665954589844,184.46665954589844,14850
2014-07-24,183.3000030517578,183.3000030517578,173.53334045410156,176.8000030517578,176.8000030517578,19230
2014-07-25,180.96665954589844,184.3333282470703,180.5333404541016,182.5,182.5,10980
2014-07-28,177.3000030517578,186.6000061035156,176.0,184.3000030517578,184.3000030517578,7320
2014-07-29,184.63333129882807,187.0,178.56666564941406,179.43333435058594,179.43333435058594,7440
2014-07-30,182.8000030517578,185.6666717529297,182.1666717529297,183.433334350586,183.433334350586,6030
2014-07-31,183.3333282470703,184.6666717529297,172.6999969482422,177.3333282470703,177.3333282470703,14040
2014-08-01,182.0,182.0,174.3000030517578,180.8333282470703,180.8333282470703,13530
2014-08-04,180.26666259765625,180.5666656494141,175.93333435058594,175.93333435058594,175.93333435058594,7290
2014-08-05,172.56666564941406,173.13333129882812,170.6666717529297,172.3333282470703,172.3333282470703,9990
2014-08-06,171.8000030517578,172.8000030517578,167.56666564941406,167.8000030517578,167.8000030517578,5280
2014-08-07,166.6666717529297,175.0,164.63333129882812,172.73333740234375,172.73333740234375,17580
2014-08-08,169.36666870117188,170.43333435058594,165.0,165.43333435058594,165.43333435058594,7560
2014-08-11,163.6666717529297,169.06666564941406,163.13333129882812,164.06666564941406,164.06666564941406,5580
2014-08-12,165.6999969482422,166.06666564941406,162.1666717529297,163.93333435058594,163.93333435058594,5790
2014-08-13,170.1999969482422,176.3333282470703,169.73333740234375,175.26666259765625,175.26666259765625,17070
2014-08-14,174.1666717529297,174.6666717529297,166.6666717529297,170.36666870117188,170.36666870117188,13380
2014-08-15,177.73333740234375,181.0,177.39999389648438,178.56666564941406,178.56666564941406,18390
2014-08-18,177.93333435058594,178.86666870117188,175.8333282470703,178.23333740234375,178.23333740234375,2160
2014-08-19,170.96665954589844,172.10000610351562,167.86666870117188,170.53334045410156,170.53334045410156,11760
2014-08-20,172.93333435058594,177.1999969482422,172.93333435058594,174.13333129882812,174.13333129882812,6690
2014-08-21,170.3000030517578,176.3333282470703,167.3333282470703,169.3333282470703,169.3333282470703,9360
2014-08-22,169.3333282470703,172.86666870117188,168.26666259765625,172.1999969482422,172.1999969482422,1680
2014-08-25,166.3000030517578,166.3000030517578,163.6666717529297,163.89999389648438,163.89999389648438,10230
2014-08-26,163.3333282470703,166.0,162.63333129882812,164.93333435058594,164.93333435058594,4470
2014-08-27,162.46665954589844,167.73333740234375,161.3333282470703,161.96665954589844,161.96665954589844,6090
2014-08-28,159.1666717529297,164.96665954589844,156.6666717529297,159.3000030517578,159.3000030517578,12510
2014-08-29,161.76666259765625,162.0,157.60000610351562,157.86666870117188,157.86666870117188,4200
2014-09-02,166.36666870117188,172.0,165.23333740234375,171.0,171.0,16140
2014-09-03,174.96665954589844,177.26666259765625,173.86666870117188,175.3333282470703,175.3333282470703,9390
2014-09-04,174.1999969482422,181.1000061035156,173.53334045410156,177.06666564941406,177.06666564941406,18150
2014-09-05,177.5,181.6666717529297,177.0,179.26666259765625,179.26666259765625,4890
2014-09-08,175.36666870117188,177.60000610351562,172.06666564941406,172.56666564941406,172.56666564941406,3660
2014-09-09,164.3000030517578,165.6999969482422,162.6999969482422,164.96665954589844,164.96665954589844,13980
2014-09-10,165.6666717529297,167.0,164.39999389648438,166.39999389648438,166.39999389648438,2310
2014-09-11,171.46665954589844,177.39999389648438,170.73333740234375,174.93333435058594,174.93333435058594,15450
2014-09-12,179.1666717529297,179.8000030517578,173.6666717529297,174.43333435058594,174.43333435058594,4650
2014-09-15,167.3333282470703,167.73333740234375,165.5,166.63333129882812,166.63333129882812,5220
2014-09-16,171.06666564941406,171.3000030517578,160.26666259765625,160.26666259765625,160.26666259765625,15390
2014-09-17,159.1666717529297,160.73333740234375,158.3333282470703,159.06666564941406,159.06666564941406,4650
2014-09-18,159.03334045410156,167.39999389648438,159.03334045410156,166.6999969482422,166.6999969482422,13950
2014-09-19,171.36666870117188,173.3000030517578,170.89999389648438,172.53334045410156,172.53334045410156,5250
2014-09-22,170.76666259765625,175.10000610351562,170.0,171.8000030517578,171.8000030517578,2610
2014-09-23,170.6666717529297,176.06666564941406,168.39999389648438,174.6666717529297,174.6666717529297,6000
2014-09-24,175.06666564941406,177.0,166.10000610351562,168.60000610351562,168.60000610351562,11790
2014-09-25,171.96665954589844,174.8000030517578,163.3000030517578,163.96665954589844,163.96665954589844,8490
2014-09-26,166.0,166.13333129882812,161.03334045410156,163.3333282470703,163.3333282470703,3030
2014-09-29,159.6666717529297,160.53334045410156,151.6666717529297,155.06666564941406,155.06666564941406,20700
2014-09-30,153.3333282470703,155.53334045410156,151.86666870117188,154.93333435058594,154.93333435058594,7830
2014-10-01,152.0,162.3333282470703,152.0,161.53334045410156,161.53334045410156,20610
2014-10-02,165.3333282470703,170.8333282470703,160.63333129882812,165.96665954589844,165.96665954589844,25230
2014-10-03,165.93333435058594,166.3333282470703,159.1666717529297,160.10000610351562,160.10000610351562,3600
2014-10-06,170.06666564941406,171.76666259765625,168.1999969482422,170.03334045410156,170.03334045410156,12810
2014-10-07,170.3333282470703,170.5,165.5,166.6999969482422,166.6999969482422,4350
2014-10-08,169.39999389648438,175.3333282470703,169.39999389648438,173.76666259765625,173.76666259765625,8820
2014-10-09,175.03334045410156,177.63333129882812,166.8000030517578,172.5,172.5,7200
2014-10-10,173.3000030517578,175.23333740234375,171.6999969482422,174.3333282470703,174.3333282470703,750
2014-10-13,173.3333282470703,173.3333282470703,169.0,170.23333740234375,170.23333740234375,1350
2014-10-14,168.06666564941406,178.63333129882812,167.8000030517578,177.1999969482422,177.1999969482422,11430
2014-10-15,180.3333282470703,181.933334350586,177.63333129882812,178.13333129882812,178.13333129882812,6720
2014-10-16,178.6666717529297,183.3333282470703,177.3333282470703,177.96665954589844,177.96665954589844,7530
2014-10-17,181.3999938964844,185.3333282470703,179.8000030517578,180.63333129882807,180.63333129882807,9930
2014-10-20,186.6666717529297,190.5666656494141,186.6666717529297,189.5333404541016,189.5333404541016,16230
2014-10-21,190.6666717529297,192.3999938964844,186.3000030517578,186.76666259765625,186.76666259765625,2970
2014-10-22,189.5,192.3333282470703,188.0,191.5,191.5,3570
2014-10-23,195.0333404541016,198.3333282470703,190.0,192.1999969482422,192.1999969482422,11070
2014-10-24,199.1000061035156,201.8333282470703,195.1999969482422,195.1999969482422,195.1999969482422,6360
2014-10-27,202.3333282470703,204.0333404541016,198.2333374023437,202.36666870117188,202.36666870117188,3570
2014-10-28,202.0,203.3333282470703,190.0,190.96665954589844,190.96665954589844,6270
2014-10-29,187.6666717529297,190.0,182.63333129882807,187.1000061035156,187.1000061035156,4020
2014-10-30,183.3333282470703,187.433334350586,182.7333374023437,183.0666656494141,183.0666656494141,12360
2014-10-31,178.73333740234375,179.13333129882812,173.3333282470703,178.63333129882812,178.63333129882812,5190
2014-11-03,166.5,168.3333282470703,161.73333740234375,162.8000030517578,162.8000030517578,18600
2014-11-04,159.1666717529297,160.1666717529297,152.03334045410156,153.8333282470703,153.8333282470703,9180
2014-11-05,151.36666870117188,154.53334045410156,149.93333435058594,150.73333740234375,150.73333740234375,10440
2014-11-06,152.26666259765625,156.86666870117188,134.1999969482422,135.93333435058594,135.93333435058594,20190
2014-11-07,142.0,143.60000610351562,132.6666717529297,137.43333435058594,137.43333435058594,14130
2014-11-10,134.76666259765625,144.5,133.39999389648438,143.86666870117188,143.86666870117188,12270
2014-11-11,150.60000610351562,150.60000610351562,141.76666259765625,146.13333129882812,146.13333129882812,12120
2014-11-12,150.3000030517578,151.53334045410156,147.13333129882812,150.8333282470703,150.8333282470703,7920
2014-11-13,154.5,164.56666564941406,151.8333282470703,163.13333129882812,163.13333129882812,22320
2014-11-14,161.96665954589844,166.1999969482422,156.43333435058594,156.43333435058594,156.43333435058594,11130
2014-11-17,150.3000030517578,150.3000030517578,135.76666259765625,138.60000610351562,138.60000610351562,20130
2014-11-18,140.26666259765625,145.93333435058594,136.03334045410156,138.96665954589844,138.96665954589844,12780
2014-11-19,128.1666717529297,131.6999969482422,124.6999969482422,129.93333435058594,129.93333435058594,36090
2014-11-20,126.6999969482422,135.86666870117188,123.33333587646484,125.1999969482422,125.1999969482422,37530
2014-11-21,131.3333282470703,135.86666870117188,130.10000610351562,135.39999389648438,135.39999389648438,22350
2014-11-24,145.3333282470703,146.0,141.26666259765625,142.96665954589844,142.96665954589844,20040
2014-11-25,145.03334045410156,145.1999969482422,133.56666564941406,134.0,134.0,13980
2014-11-26,134.36666870117188,139.60000610351562,128.06666564941406,139.1666717529297,139.1666717529297,10230
2014-11-28,145.6666717529297,151.03334045410156,144.96665954589844,150.3333282470703,150.3333282470703,16830
2014-12-01,163.0,167.39999389648438,158.93333435058594,160.23333740234375,160.23333740234375,15300
2014-12-02,168.3333282470703,173.3333282470703,165.39999389648438,171.53334045410156,171.53334045410156,14130
2014-12-03,176.10000610351562,182.2333374023437,174.53334045410156,178.13333129882812,178.13333129882812,6660
2014-12-04,183.0,193.7333374023437,183.0,193.13333129882807,193.13333129882807,11670
2014-12-05,184.36666870117188,186.86666870117188,175.60000610351562,177.8333282470703,177.8333282470703,20070
2014-12-08,187.8333282470703,196.3333282470703,186.46665954589844,192.13333129882807,192.13333129882807,8460
2014-12-09,192.2333374023437,193.63333129882807,184.3999938964844,190.8999938964844,190.8999938964844,6090
2014-12-10,188.96665954589844,191.6666717529297,180.5333404541016,182.8333282470703,182.8333282470703,8340
2014-12-11,184.63333129882807,192.0,177.73333740234375,190.1000061035156,190.1000061035156,7050
2014-12-12,179.03334045410156,181.6999969482422,173.96665954589844,176.93333435058594,176.93333435058594,4830
2014-12-15,173.39999389648438,183.13333129882807,171.5,180.5666656494141,180.5666656494141,7770
2014-12-16,187.6666717529297,191.8333282470703,185.2333374023437,189.6666717529297,189.6666717529297,7050
2014-12-17,185.3000030517578,188.5333404541016,183.3333282470703,185.1999969482422,185.1999969482422,3210
2014-12-18,178.3333282470703,188.26666259765625,176.03334045410156,185.3333282470703,185.3333282470703,7770
2014-12-19,200.46665954589844,207.0,199.8000030517578,205.0,205.0,16650
2014-12-22,232.6999969482422,241.8999938964844,227.36666870117188,233.3333282470703,233.3333282470703,34080
2014-12-23,243.0333404541016,245.0,234.1999969482422,235.6999969482422,235.6999969482422,15180
2014-12-24,245.0,257.0666809082031,242.63333129882807,253.7333374023437,253.7333374023437,10170
2014-12-26,257.5333251953125,264.29998779296875,253.8333282470703,255.7333374023437,255.7333374023437,5730
2014-12-29,248.3333282470703,250.5,232.63333129882807,236.933334350586,236.933334350586,7890
2014-12-30,249.1999969482422,249.86666870117188,245.1000061035156,247.6000061035156,247.6000061035156,3930
2014-12-31,255.0333404541016,280.0,255.0333404541016,273.4333190917969,273.4333190917969,10380
2015-01-02,265.6666564941406,267.4666748046875,244.13333129882807,266.0,266.0,10620
2015-01-05,243.76666259765625,281.0,243.76666259765625,271.70001220703125,271.70001220703125,5520
2015-01-06,283.6666564941406,289.8666687011719,268.0333251953125,270.3333435058594,270.3333435058594,15570
2015-01-07,270.3333435058594,291.26666259765625,258.8333435058594,279.20001220703125,279.20001220703125,9360
2015-01-08,286.0,289.29998779296875,265.1000061035156,265.26666259765625,265.26666259765625,14610
2015-01-09,265.5333251953125,277.1666564941406,262.6666564941406,262.6666564941406,262.6666564941406,5040
2015-01-12,279.0,296.6666564941406,277.3999938964844,291.6333312988281,291.6333312988281,18960
2015-01-13,284.5333251953125,288.8999938964844,262.1333312988281,264.0,264.0,9030
2015-01-14,240.8333282470703,241.8000030517578,209.0666656494141,210.13333129882807,210.13333129882807,18930
2015-01-15,212.6999969482422,239.8000030517578,203.3333282470703,223.0333404541016,223.0333404541016,17400
2015-01-16,242.1666717529297,242.63333129882807,221.6666717529297,235.1999969482422,235.1999969482422,16890
2015-01-20,256.70001220703125,273.26666259765625,256.4333190917969,260.3333435058594,260.3333435058594,13920
2015-01-21,255.76666259765625,267.0,246.0,247.5,247.5,12660
2015-01-22,258.8999938964844,277.8333435058594,255.6999969482422,263.0666809082031,263.0666809082031,12570
2015-01-23,252.0,253.7333374023437,242.13333129882807,246.0666656494141,246.0666656494141,7140
2015-01-26,256.6333312988281,266.6666564941406,249.3333282470703,261.3333435058594,261.3333435058594,19620
2015-01-27,249.86666870117188,251.8333282470703,240.0,251.1999969482422,251.1999969482422,19320
2015-01-28,259.6333312988281,268.0,254.7333374023437,258.5666809082031,258.5666809082031,17400
2015-01-29,260.9333190917969,291.70001220703125,258.8999938964844,283.3333435058594,283.3333435058594,22170
2015-01-30,294.3333435058594,297.1333312988281,284.8666687011719,291.2333374023437,291.2333374023437,14640
2015-02-02,296.29998779296875,306.6666564941406,289.5333251953125,291.8333435058594,291.8333435058594,11940
2015-02-03,294.8999938964844,297.9333190917969,269.1333312988281,274.3999938964844,274.3999938964844,12570
2015-02-04,281.3333435058594,295.6000061035156,281.3333435058594,293.6000061035156,293.6000061035156,6480
2015-02-05,300.6666564941406,308.9333190917969,295.1333312988281,307.4333190917969,307.4333190917969,16080
2015-02-06,307.6666564941406,312.5,301.26666259765625,311.8333435058594,311.8333435058594,4620
2015-02-09,306.3333435058594,312.1666564941406,303.20001220703125,304.5333251953125,304.5333251953125,4560
2015-02-10,291.6333312988281,294.2333374023437,274.0,287.6666564941406,287.6666564941406,11970
2015-02-11,256.6666564941406,273.3333435058594,255.46665954589844,261.6333312988281,261.6333312988281,11640
2015-02-12,266.6666564941406,285.70001220703125,264.1000061035156,280.29998779296875,280.29998779296875,6660
2015-02-13,286.3333435058594,287.6000061035156,263.8999938964844,266.26666259765625,266.26666259765625,9330
2015-02-17,266.9666748046875,282.3333435058594,266.8666687011719,266.8666687011719,266.8666687011719,11250
2015-02-18,268.2333374023437,271.4666748046875,254.96665954589844,260.3999938964844,260.3999938964844,8700
2015-02-19,257.9666748046875,264.5333251953125,250.0,255.8333282470703,255.8333282470703,15450
2015-02-20,237.2333374023437,243.8333282470703,232.0,237.933334350586,237.933334350586,26610
2015-02-23,240.3000030517578,254.433334350586,237.8333282470703,252.0666656494141,252.0666656494141,16800
2015-02-24,250.5666656494141,253.0,237.6000061035156,251.0333404541016,251.0333404541016,12000
2015-02-25,245.0,259.7333374023437,242.3333282470703,254.8000030517578,254.8000030517578,11370
2015-02-26,264.0,283.7333374023437,261.79998779296875,283.0,283.0,19470
2015-02-27,277.4333190917969,280.29998779296875,273.6666564941406,278.70001220703125,278.70001220703125,12360
2015-03-02,275.5,281.70001220703125,271.0666809082031,281.6000061035156,281.6000061035156,5010
2015-03-03,281.1666564941406,286.3333435058594,276.0666809082031,280.0333251953125,280.0333251953125,13320
2015-03-04,269.6666564941406,273.5333251953125,267.0,267.20001220703125,267.20001220703125,7770
2015-03-05,268.6666564941406,268.70001220703125,250.5666656494141,254.2333374023437,254.2333374023437,15390
2015-03-06,260.0,261.6000061035156,250.0,255.3333282470703,255.3333282470703,8190
2015-03-09,279.0333251953125,284.6666564941406,273.5666809082031,280.79998779296875,280.79998779296875,17430
2015-03-10,275.9666748046875,278.3333435058594,272.4666748046875,274.9666748046875,274.9666748046875,9570
2015-03-11,265.6666564941406,267.29998779296875,251.6666717529297,255.8000030517578,255.8000030517578,20640
2015-03-12,255.3333282470703,272.6666564941406,248.433334350586,269.5,269.5,26880
2015-03-13,279.20001220703125,281.0333251953125,269.1000061035156,272.5,272.5,11400
2015-03-16,281.29998779296875,282.3666687011719,271.4333190917969,271.4333190917969,271.4333190917969,12000
2015-03-17,254.3333282470703,263.7333374023437,249.1999969482422,251.26666259765625,251.26666259765625,23070
2015-03-18,260.0,261.5333251953125,236.86666870117188,241.1666717529297,241.1666717529297,15930
2015-03-19,250.2333374023437,260.0,249.13333129882807,254.3333282470703,254.3333282470703,19050
2015-03-20,244.6666717529297,262.3333435058594,238.26666259765625,259.26666259765625,259.26666259765625,24420
2015-03-23,271.6666564941406,275.6666564941406,265.1000061035156,267.1333312988281,267.1333312988281,8160
2015-03-24,257.2333374023437,262.6666564941406,254.3999938964844,260.0,260.0,10050
2015-03-25,265.76666259765625,272.1000061035156,264.9666748046875,270.4333190917969,270.4333190917969,6840
2015-03-26,268.6000061035156,285.26666259765625,266.0333251953125,281.9333190917969,281.9333190917969,15300
2015-03-27,288.6666564941406,296.70001220703125,288.6333312988281,289.3333435058594,289.3333435058594,10950
2015-03-30,285.0333251953125,291.9333190917969,284.2333374023437,291.5666809082031,291.5666809082031,2460
2015-03-31,290.5666809082031,291.79998779296875,285.6666564941406,291.79998779296875,291.79998779296875,2070
2015-04-01,296.0333251953125,303.9666748046875,295.7333374023437,299.2333374023437,299.2333374023437,6870
2015-04-02,294.6333312988281,295.0,273.3333435058594,275.5,275.5,12450
2015-04-06,288.8999938964844,289.1333312988281,284.20001220703125,286.4333190917969,286.4333190917969,5460
2015-04-07,285.70001220703125,285.70001220703125,276.8666687011719,283.5333251953125,283.5333251953125,5070
2015-04-08,288.3333435058594,294.7333374023437,285.6000061035156,292.8999938964844,292.8999938964844,4770
2015-04-09,294.5333251953125,314.79998779296875,291.6666564941406,310.7333374023437,310.7333374023437,11970
2015-04-10,309.0,319.4333190917969,309.0,317.4666748046875,317.4666748046875,6090
2015-04-13,316.0,324.5333251953125,311.5,319.8666687011719,319.8666687011719,6330
2015-04-14,309.8999938964844,317.70001220703125,309.8666687011719,313.9333190917969,313.9333190917969,4110
2015-04-15,310.79998779296875,310.79998779296875,293.20001220703125,298.29998779296875,298.29998779296875,12720
2015-04-16,302.7333374023437,308.9666748046875,279.29998779296875,279.7333374023437,279.7333374023437,22590
2015-04-17,285.1000061035156,289.79998779296875,283.3333435058594,288.29998779296875,288.29998779296875,9270
2015-04-20,306.26666259765625,308.9333190917969,303.0666809082031,307.20001220703125,307.20001220703125,14730
2015-04-21,298.20001220703125,302.26666259765625,295.1333312988281,299.1666564941406,299.1666564941406,5220
2015-04-22,293.0333251953125,294.3999938964844,288.6000061035156,292.4333190917969,292.4333190917969,3480
2015-04-23,301.8666687011719,309.8999938964844,299.6666564941406,306.1000061035156,306.1000061035156,10470
2015-04-24,306.0,312.5333251953125,304.3333435058594,309.8999938964844,309.8999938964844,2940
2015-04-27,327.0,329.5666809082031,323.9333190917969,325.0,325.0,3690
2015-04-28,320.8666687011719,324.3666687011719,318.20001220703125,319.4666748046875,319.4666748046875,2250
2015-04-29,316.29998779296875,316.29998779296875,301.6666564941406,305.3333435058594,305.3333435058594,12060
2015-04-30,309.3333435058594,310.6666564941406,266.6000061035156,273.1000061035156,273.1000061035156,17880
2015-05-01,270.6666564941406,270.6666564941406,259.9333190917969,263.4666748046875,263.4666748046875,6210
2015-05-04,265.8666687011719,266.4666748046875,255.0,255.7333374023437,255.7333374023437,9000
2015-05-05,259.1000061035156,263.6333312988281,255.13333129882807,261.3999938964844,261.3999938964844,4350
2015-05-06,261.1666564941406,264.5,255.933334350586,264.0,264.0,3420
2015-05-07,258.9666748046875,275.5666809082031,258.76666259765625,270.4666748046875,270.4666748046875,8670
2015-05-08,248.0,253.76666259765625,243.3333282470703,246.2333374023437,246.2333374023437,12390
2015-05-11,246.933334350586,255.5,243.2333374023437,254.86666870117188,254.86666870117188,5970
2015-05-12,242.6666717529297,243.8000030517578,234.6666717529297,238.76666259765625,238.76666259765625,11760
2015-05-13,243.1000061035156,243.933334350586,227.8000030517578,233.3999938964844,233.3999938964844,6660
2015-05-14,238.26666259765625,238.6666717529297,220.8000030517578,221.3999938964844,221.3999938964844,14550
2015-05-15,220.6000061035156,226.0,217.26666259765625,220.0,220.0,10740
2015-05-18,215.6666717529297,223.5,215.1666717529297,219.76666259765625,219.76666259765625,12930
2015-05-19,211.3333282470703,231.2333374023437,208.3333282470703,227.36666870117188,227.36666870117188,24060
2015-05-20,224.3333282470703,237.0,223.36666870117188,232.3333282470703,232.3333282470703,9540
2015-05-21,228.8999938964844,232.86666870117188,218.1666717529297,228.433334350586,228.433334350586,20610
2015-05-22,235.1999969482422,242.5,232.5333404541016,242.2333374023437,242.2333374023437,8580
2015-05-26,253.3999938964844,258.3333435058594,252.13333129882807,253.1666717529297,253.1666717529297,17220
2015-05-27,255.13333129882807,258.3333435058594,251.1999969482422,254.26666259765625,254.26666259765625,4320
2015-05-28,263.9333190917969,279.1666564941406,262.7333374023437,276.4333190917969,276.4333190917969,18630
2015-05-29,284.0333251953125,293.0333251953125,283.6666564941406,289.7333374023437,289.7333374023437,6900
2015-06-01,293.0,294.1000061035156,286.3333435058594,289.29998779296875,289.29998779296875,5550
2015-06-02,293.1000061035156,301.3333435058594,278.9666748046875,278.9666748046875,278.9666748046875,11220
2015-06-03,287.6666564941406,294.5333251953125,285.8666687011719,292.0,292.0,6540
2015-06-04,295.5666809082031,309.1666564941406,286.29998779296875,294.29998779296875,294.29998779296875,35970
2015-06-05,304.1333312988281,304.1333312988281,297.6666564941406,303.1333312988281,303.1333312988281,4680
2015-06-08,283.6666564941406,286.9333190917969,274.3333435058594,275.8333435058594,275.8333435058594,11820
2015-06-09,256.76666259765625,259.20001220703125,247.3333282470703,249.1999969482422,249.1999969482422,20520
2015-06-10,243.6666717529297,250.3333282470703,238.2333374023437,239.76666259765625,239.76666259765625,12840
2015-06-11,238.6000061035156,251.5,237.933334350586,251.0333404541016,251.0333404541016,17220
2015-06-12,256.0,263.9666748046875,252.36666870117188,262.0,262.0,12450
2015-06-15,249.3333282470703,250.1999969482422,236.3333282470703,237.1000061035156,237.1000061035156,15030
2015-06-16,243.96665954589844,247.86666870117188,237.0,237.0,237.0,14730
2015-06-17,233.6666717529297,245.7333374023437,228.3999938964844,242.1666717529297,242.1666717529297,17580
2015-06-18,245.6000061035156,257.1666564941406,242.6666717529297,254.96665954589844,254.96665954589844,11250
2015-06-19,260.6666564941406,260.6666564941406,246.63333129882807,251.5,251.5,8250
2015-06-22,254.0,265.5,254.0,262.9666748046875,262.9666748046875,9780
2015-06-23,255.6666717529297,267.0,254.46665954589844,264.6666564941406,264.6666564941406,3930
2015-06-24,262.2333374023437,265.1666564941406,257.6333312988281,258.4333190917969,258.4333190917969,4530
2015-06-25,255.8999938964844,256.0,243.6999969482422,244.7333374023437,244.7333374023437,22170
2015-06-26,254.5333404541016,259.9333190917969,251.46665954589844,258.6000061035156,258.6000061035156,9570
2015-06-29,257.0,259.3999938964844,246.6666717529297,252.8999938964844,252.8999938964844,9120
2015-06-30,261.6666564941406,261.8333435058594,249.5,250.6666717529297,250.6666717529297,7560
2015-07-01,252.6666717529297,260.0,252.1999969482422,257.9666748046875,257.9666748046875,6150
2015-07-02,249.433334350586,251.76666259765625,239.3333282470703,249.13333129882807,249.13333129882807,14820
2015-07-06,260.8666687011719,262.3333435058594,257.6666564941406,261.76666259765625,261.76666259765625,8220
2015-07-07,267.1666564941406,274.6666564941406,267.1666564941406,268.1000061035156,268.1000061035156,3870
2015-07-08,265.3999938964844,277.5333251953125,265.3999938964844,275.5333251953125,275.5333251953125,2580
2015-07-09,275.5333251953125,283.5333251953125,266.6666564941406,266.6666564941406,266.6666564941406,5430
2015-07-10,257.26666259765625,260.0,253.2333374023437,257.9666748046875,257.9666748046875,3810
2015-07-13,246.3000030517578,255.3999938964844,239.96665954589844,244.96665954589844,244.96665954589844,9720
2015-07-14,238.0333404541016,250.0,237.6666717529297,249.0,249.0,9600
2015-07-15,241.26666259765625,243.3333282470703,235.1999969482422,237.46665954589844,237.46665954589844,11340
2015-07-16,237.6666717529297,246.0666656494141,235.5666656494141,242.6666717529297,242.6666717529297,16800
2015-07-17,243.6666717529297,246.6666717529297,239.1666717529297,239.433334350586,239.433334350586,4500
2015-07-20,251.3333282470703,253.1666717529297,240.0,247.0333404541016,247.0333404541016,7440
2015-07-21,238.6666717529297,241.26666259765625,236.0666656494141,236.5333404541016,236.5333404541016,8520
2015-07-22,236.0,244.1999969482422,234.3333282470703,236.1999969482422,236.1999969482422,9270
2015-07-23,233.6666717529297,250.3000030517578,228.36666870117188,248.0666656494141,248.0666656494141,17460
2015-07-24,253.1666717529297,256.6666564941406,251.63333129882807,255.1999969482422,255.1999969482422,12300
2015-07-27,253.6666717529297,255.0666656494141,250.46665954589844,253.8333282470703,253.8333282470703,3090
2015-07-28,248.86666870117188,253.933334350586,243.7333374023437,249.86666870117188,249.86666870117188,5130
2015-07-29,243.0333404541016,246.1000061035156,240.26666259765625,241.8333282470703,241.8333282470703,5280
2015-07-30,249.433334350586,256.79998779296875,246.2333374023437,254.0,254.0,23550
2015-07-31,256.0,267.1666564941406,255.3999938964844,265.4666748046875,265.4666748046875,8580
2015-08-03,262.8333435058594,266.6666564941406,259.79998779296875,259.79998779296875,259.79998779296875,5400
2015-08-04,248.3333282470703,253.6666717529297,246.7333374023437,248.6666717529297,248.6666717529297,6720
2015-08-05,242.13333129882807,253.1999969482422,240.8333282470703,253.1999969482422,253.1999969482422,7980
2015-08-06,255.7333374023437,262.20001220703125,243.6666717529297,249.1666717529297,249.1666717529297,11130
2015-08-07,251.3333282470703,256.76666259765625,248.13333129882807,250.76666259765625,250.76666259765625,10140
2015-08-10,241.8999938964844,246.5,241.13333129882807,242.6666717529297,242.6666717529297,4470
2015-08-11,244.0333404541016,249.0333404541016,240.6000061035156,241.1999969482422,241.1999969482422,3090
2015-08-12,236.3333282470703,236.3333282470703,229.0666656494141,230.86666870117188,230.86666870117188,10140
2015-08-13,230.8333282470703,247.933334350586,229.2333374023437,244.46665954589844,244.46665954589844,19440
2015-08-14,246.63333129882807,247.8333282470703,244.1666717529297,245.26666259765625,245.26666259765625,2340
2015-08-17,255.0,257.6666564941406,254.3999938964844,255.1999969482422,255.1999969482422,8790
2015-08-18,263.20001220703125,263.6000061035156,258.79998779296875,260.1666564941406,260.1666564941406,10260
2015-08-19,263.6666564941406,265.5,262.9333190917969,263.9333190917969,263.9333190917969,4860
2015-08-20,264.7333374023437,264.7333374023437,252.3000030517578,255.5333404541016,255.5333404541016,9240
2015-08-21,263.4666748046875,271.5,263.20001220703125,269.8666687011719,269.8666687011719,8250
2015-08-24,278.5,280.29998779296875,269.0,276.4666748046875,276.4666748046875,8220
2015-08-25,276.3666687011719,280.79998779296875,273.0,273.1333312988281,273.1333312988281,3000
2015-08-26,272.0333251953125,274.1666564941406,270.8333435058594,272.8666687011719,272.8666687011719,3300
2015-08-27,276.1000061035156,281.9666748046875,270.0,276.26666259765625,276.26666259765625,9420
2015-08-28,270.8666687011719,273.5,268.6666564941406,269.1000061035156,269.1000061035156,1470
2015-08-31,279.0333251953125,281.76666259765625,275.0333251953125,276.26666259765625,276.26666259765625,3390
2015-09-01,271.5666809082031,278.6000061035156,270.9666748046875,276.20001220703125,276.20001220703125,1740
2015-09-02,280.5,285.8333435058594,280.0333251953125,285.0,285.0,3900
2015-09-03,285.1000061035156,285.1000061035156,265.76666259765625,269.3999938964844,269.3999938964844,5490
2015-09-04,275.1000061035156,279.6333312988281,274.0,278.79998779296875,278.79998779296875,5640
2015-09-08,268.5,269.8666687011719,266.6666564941406,269.4333190917969,269.4333190917969,4080
2015-09-09,276.6666564941406,279.5333251953125,275.4666748046875,278.6666564941406,278.6666564941406,2880
2015-09-10,275.0,276.6666564941406,265.8333435058594,275.0666809082031,275.0666809082031,4440
2015-09-11,271.20001220703125,272.5333251953125,268.7333374023437,270.8333435058594,270.8333435058594,1200
2015-09-14,269.1666564941406,269.9666748046875,259.6666564941406,260.70001220703125,260.70001220703125,6120
2015-09-15,262.4333190917969,267.0,259.4666748046875,265.5666809082031,265.5666809082031,5760
2015-09-16,271.7333374023437,277.76666259765625,271.1666564941406,276.0,276.0,5520
2015-09-17,276.8999938964844,279.1666564941406,275.8333435058594,279.0,279.0,3840
2015-09-18,284.5666809082031,290.70001220703125,283.5333251953125,290.70001220703125,290.70001220703125,2610
2015-09-21,297.8999938964844,299.6666564941406,293.5333251953125,298.5333251953125,298.5333251953125,2400
2015-09-22,298.2333374023437,298.3666687011719,295.5333251953125,298.29998779296875,298.29998779296875,990
2015-09-23,298.79998779296875,299.8999938964844,292.8666687011719,298.9666748046875,298.9666748046875,1890
2015-09-24,299.5,306.79998779296875,289.6666564941406,290.6666564941406,290.6666564941406,3180
2015-09-25,297.29998779296875,306.1333312988281,297.29998779296875,299.5666809082031,299.5666809082031,2070
2015-09-28,279.3999938964844,294.1666564941406,278.6666564941406,290.8999938964844,290.8999938964844,6150
2015-09-29,300.70001220703125,309.29998779296875,299.9666748046875,308.79998779296875,308.79998779296875,1680
2015-09-30,312.1333312988281,326.29998779296875,312.1333312988281,322.79998779296875,322.79998779296875,3180
2015-10-01,331.0666809082031,351.0666809082031,328.6000061035156,348.6666564941406,348.6666564941406,5190
2015-10-02,349.3333435058594,349.70001220703125,339.1333312988281,341.3333435058594,341.3333435058594,1830
2015-10-05,339.6666564941406,344.1666564941406,332.79998779296875,339.6666564941406,339.6666564941406,4260
2015-10-06,341.70001220703125,343.3333435058594,332.1333312988281,336.3333435058594,336.3333435058594,7620
2015-10-07,323.5,334.20001220703125,319.4666748046875,333.4666748046875,333.4666748046875,1740
2015-10-08,331.0,331.0,322.5666809082031,329.3333435058594,329.3333435058594,2490
2015-10-09,330.4666748046875,330.4666748046875,323.26666259765625,323.3999938964844,323.3999938964844,3090
2015-10-12,323.4333190917969,323.8333435058594,317.0,317.20001220703125,317.20001220703125,1470
2015-10-13,316.6666564941406,328.1000061035156,316.6666564941406,324.20001220703125,324.20001220703125,1440
2015-10-14,324.3333435058594,328.6000061035156,319.26666259765625,319.4666748046875,319.4666748046875,1110
2015-10-15,316.3666687011719,333.7333374023437,313.3333435058594,331.3333435058594,331.3333435058594,2850
2015-10-16,334.1333312988281,340.6000061035156,334.1333312988281,340.5333251953125,340.5333251953125,2490
2015-10-19,337.1333312988281,340.0,332.0666809082031,338.0,338.0,1830
2015-10-20,331.9333190917969,336.6666564941406,329.79998779296875,334.5333251953125,334.5333251953125,5610
2015-10-21,346.29998779296875,355.0,346.29998779296875,350.3999938964844,350.3999938964844,3210
2015-10-22,354.9666748046875,364.2000122070313,348.2333374023437,361.4666748046875,361.4666748046875,6330
2015-10-23,372.2999877929688,384.6666564941406,372.0,380.7999877929688,380.7999877929688,9750
2015-10-26,392.23333740234375,418.6666564941406,392.23333740234375,413.6666564941406,413.6666564941406,3960
2015-10-27,407.4333190917969,412.6000061035156,395.0,411.0333251953125,411.0333251953125,3630
2015-10-28,429.7000122070313,441.9333190917969,428.4666748046875,434.6000061035156,434.6000061035156,5850
2015-10-29,421.5666809082031,452.6666564941406,413.2999877929688,450.0,450.0,5640
2015-10-30,459.1000061035156,459.3999938964844,418.4666748046875,421.4333190917969,421.4333190917969,6810
2015-11-02,434.0666809082031,444.9333190917969,434.0666809082031,438.0666809082031,438.0666809082031,3180
2015-11-03,433.2000122070313,433.2000122070313,422.3666687011719,427.0,427.0,3960
2015-11-04,417.6666564941406,438.3333435058594,417.0666809082031,435.8666687011719,435.8666687011719,1530
2015-11-05,423.8999938964844,425.2000122070313,399.5,401.23333740234375,401.23333740234375,7680
2015-11-06,413.26666259765625,418.5333251953125,397.9666748046875,413.9666748046875,413.9666748046875,7560
2015-11-09,426.3666687011719,441.0,425.7000122070313,431.3333435058594,431.3333435058594,5880
2015-11-10,418.3999938964844,423.3333435058594,413.73333740234375,420.2000122070313,420.2000122070313,1110
2015-11-11,418.26666259765625,432.7999877929688,418.26666259765625,430.3666687011719,430.3666687011719,1920
2015-11-12,432.3333435058594,437.8666687011719,423.0666809082031,423.7999877929688,423.7999877929688,5520
2015-11-13,418.6000061035156,422.26666259765625,399.8333435058594,400.4333190917969,400.4333190917969,11490
2015-11-16,404.8999938964844,407.8666687011719,389.2000122070313,405.0666809082031,405.0666809082031,10320
2015-11-17,420.2000122070313,420.3333435058594,398.5,403.8999938964844,403.8999938964844,3090
2015-11-18,404.2000122070313,418.5,404.2000122070313,418.5,418.5,3960
2015-11-19,421.8999938964844,448.3333435058594,409.2999877929688,448.3333435058594,448.3333435058594,10410
2015-11-20,463.3999938964844,486.3333435058594,463.3999938964844,484.3333435058594,484.3333435058594,9750
2015-11-23,478.0,485.26666259765625,461.4666748046875,470.5333251953125,470.5333251953125,12990
2015-11-24,490.1333312988281,494.2999877929688,468.26666259765625,475.2000122070313,475.2000122070313,12840
2015-11-25,483.3333435058594,488.6666564941406,466.23333740234375,481.6000061035156,481.6000061035156,4920
2015-11-27,511.3333435058594,518.4000244140625,504.9666748046875,515.0999755859375,515.0999755859375,4800
2015-11-30,514.7999877929688,514.7999877929688,500.0333251953125,510.0,510.0,4290
2015-12-01,506.23333740234375,523.3333129882812,496.23333740234375,509.9666748046875,509.9666748046875,4920
2015-12-02,519.7333374023438,542.0,519.7333374023438,536.1666870117188,536.1666870117188,5610
2015-12-03,550.3333129882812,550.3333129882812,521.5333251953125,525.3333129882812,525.3333129882812,5730
2015-12-04,524.9000244140625,533.066650390625,524.9000244140625,529.7333374023438,529.7333374023438,1290
2015-12-07,553.3333129882812,586.5999755859375,553.3333129882812,584.7666625976562,584.7666625976562,4740
2015-12-08,599.2000122070312,599.3333129882812,576.5333251953125,576.5333251953125,576.5333251953125,2100
2015-12-09,575.5333251953125,593.066650390625,567.4666748046875,588.5333251953125,588.5333251953125,1890
2015-12-10,601.6666870117188,615.0,578.4666748046875,613.8333129882812,613.8333129882812,3390
2015-12-11,631.6666870117188,637.2666625976562,619.2000122070312,629.6333618164062,629.6333618164062,3720
2015-12-14,678.6666870117188,687.3666381835938,669.0,674.0999755859375,674.0999755859375,6450
2015-12-15,699.6666870117188,734.5333251953125,699.6666870117188,730.0,730.0,4680
2015-12-16,723.3333129882812,743.0333251953125,679.9666748046875,694.1333618164062,694.1333618164062,4740
2015-12-17,688.3666381835938,707.7333374023438,671.5,707.7333374023438,707.7333374023438,6810
2015-12-18,692.3333129882812,711.7000122070312,686.7666625976562,706.5333251953125,706.5333251953125,3240
2015-12-21,680.5333251953125,684.0,621.2666625976562,630.933349609375,630.933349609375,13470
2015-12-22,644.2000122070312,666.0999755859375,642.7666625976562,652.2666625976562,652.2666625976562,2220
2015-12-23,664.2333374023438,666.2333374023438,603.7333374023438,612.6333618164062,612.6333618164062,3300
2015-12-24,590.6333618164062,614.8333129882812,590.0,599.4000244140625,599.4000244140625,3390
2015-12-28,579.2999877929688,579.2999877929688,500.0,502.26666259765625,502.26666259765625,8640
2015-12-29,462.0,480.3333435058594,454.9333190917969,479.0,479.0,7650
2015-12-30,501.6666564941406,524.3333129882812,496.3333435058594,497.0,497.0,5550
2015-12-31,469.5,477.8333435058594,449.1666564941406,465.5333251953125,465.5333251953125,10170
2016-01-04,463.6000061035156,484.73333740234375,454.6000061035156,480.9333190917969,480.9333190917969,4380
2016-01-05,497.23333740234375,497.4666748046875,467.5333251953125,471.0,471.0,2880
2016-01-06,466.6666564941406,500.1333312988281,458.3333435058594,490.0,490.0,3240
2016-01-07,486.23333740234375,486.23333740234375,433.3333435058594,451.1333312988281,451.1333312988281,8070
2016-01-08,442.0,445.1666564941406,417.0333251953125,422.26666259765625,422.26666259765625,9030
2016-01-11,445.0,459.1666564941406,441.3333435058594,457.2999877929688,457.2999877929688,3420
2016-01-12,481.0,500.0666809082031,478.3333435058594,495.5333251953125,495.5333251953125,4980
2016-01-13,490.5,490.5,468.7999877929688,482.3666687011719,482.3666687011719,3480
2016-01-14,507.5333251953125,535.2333374023438,500.4666748046875,528.0,528.0,6690
2016-01-15,543.8333129882812,561.8333129882812,541.1333618164062,550.4000244140625,550.4000244140625,5820
2016-01-19,533.7000122070312,568.4666748046875,533.7000122070312,565.7333374023438,565.7333374023438,6660
2016-01-20,560.7333374023438,575.0,544.8666381835938,546.5333251953125,546.5333251953125,5250
2016-01-21,541.7000122070312,569.6666870117188,528.8666381835938,536.8666381835938,536.8666381835938,3750
2016-01-22,547.3666381835938,556.4666748046875,535.5999755859375,537.1333618164062,537.1333618164062,1230
2016-01-25,564.433349609375,576.3333129882812,539.433349609375,547.6333618164062,547.6333618164062,4050
2016-01-26,537.0,558.6666870117188,531.8666381835938,544.0999755859375,544.0999755859375,1110
2016-01-27,534.4666748046875,550.2000122070312,518.0999755859375,545.0,545.0,870
2016-01-28,566.566650390625,571.3333129882812,506.5,506.5,506.5,3840
2016-01-29,478.3333435058594,486.5333251953125,463.8666687011719,467.5666809082031,467.5666809082031,2790
2016-02-01,524.0,536.6666870117188,524.0,531.066650390625,531.066650390625,2250
2016-02-02,599.0,612.066650390625,582.7999877929688,586.6333618164062,586.6333618164062,3570
2016-02-03,596.566650390625,607.8333129882812,574.3333129882812,577.5999755859375,577.5999755859375,1710
2016-02-04,611.5,632.4000244140625,596.3333129882812,611.7333374023438,611.7333374023438,4800
2016-02-05,583.3333129882812,588.7000122070312,563.7333374023438,569.4000244140625,569.4000244140625,2070
2016-02-08,522.6666870117188,545.0,513.3666381835938,531.933349609375,531.933349609375,1920
2016-02-09,544.066650390625,553.6666870117188,535.1333618164062,549.7999877929688,549.7999877929688,1560
2016-02-10,566.5,582.1333618164062,564.6666870117188,568.566650390625,568.566650390625,1380
2016-02-11,566.0,598.566650390625,560.2999877929688,589.433349609375,589.433349609375,1890
2016-02-12,605.6666870117188,617.2000122070312,605.2000122070312,606.8333129882812,606.8333129882812,2310
2016-02-16,645.0,657.4666748046875,640.6666870117188,642.4666748046875,642.4666748046875,3600
2016-02-17,646.2333374023438,646.2333374023438,612.5333251953125,619.7999877929688,619.7999877929688,2280
2016-02-18,638.3666381835938,667.1333618164062,632.5999755859375,666.066650390625,666.066650390625,2370
2016-02-19,677.433349609375,706.6666870117188,675.5333251953125,701.6666870117188,701.6666870117188,5010
2016-02-22,707.2000122070312,714.7333374023438,693.3333129882812,705.2666625976562,705.2666625976562,14790
2016-02-23,720.3333129882812,735.3333129882812,720.3333129882812,733.0999755859375,733.0999755859375,2730
2016-02-24,742.0,742.0,724.3333129882812,724.3333129882812,724.3333129882812,1170
2016-02-25,754.3333129882812,782.5,745.7999877929688,762.4000244140625,762.4000244140625,5160
2016-02-26,764.3333129882812,806.0333251953125,753.066650390625,755.0,755.0,1590
2016-02-29,818.5,819.5999755859375,784.433349609375,816.933349609375,816.933349609375,2850
2016-03-01,799.6666870117188,805.933349609375,748.7333374023438,769.7666625976562,769.7666625976562,5640
2016-03-02,816.6666870117188,818.2666625976562,786.6666870117188,814.933349609375,814.933349609375,2490
2016-03-03,842.3333129882812,850.066650390625,809.433349609375,848.066650390625,848.066650390625,2670
2016-03-04,843.5,843.5,818.3333129882812,819.2999877929688,819.2999877929688,1230
2016-03-07,839.3333129882812,839.3333129882812,775.0,799.6666870117188,799.6666870117188,2490
2016-03-08,833.8333129882812,833.933349609375,803.2333374023438,809.0333251953125,809.0333251953125,1410
2016-03-09,790.2000122070312,790.2000122070312,753.2000122070312,760.2000122070312,760.2000122070312,2070
2016-03-10,733.3333129882812,779.4000244140625,719.2999877929688,719.2999877929688,719.2999877929688,2580
2016-03-11,701.3333129882812,716.4666748046875,695.8666381835938,716.2666625976562,716.2666625976562,1320
2016-03-14,726.3333129882812,726.3333129882812,693.3333129882812,718.8666381835938,718.8666381835938,4590
2016-03-15,666.5333251953125,703.0,663.3333129882812,688.7666625976562,688.7666625976562,1230
2016-03-16,707.6666870117188,707.6666870117188,680.4000244140625,682.8666381835938,682.8666381835938,750
2016-03-17,675.3333129882812,694.2000122070312,639.9666748046875,641.7333374023438,641.7333374023438,2820
2016-03-18,644.0333251953125,673.3333129882812,637.2666625976562,671.1333618164062,671.1333618164062,1320
2016-03-21,676.1333618164062,725.2000122070312,676.1333618164062,718.7333374023438,718.7333374023438,3330
2016-03-22,693.3333129882812,720.1333618164062,686.6666870117188,687.0,687.0,1830
2016-03-23,675.5999755859375,750.3333129882812,675.5999755859375,749.2999877929688,749.2999877929688,2760
2016-03-24,746.2000122070312,749.2999877929688,713.933349609375,723.0,723.0,1140
2016-03-28,728.7999877929688,736.7999877929688,682.8666381835938,686.6666870117188,686.6666870117188,2220
2016-03-29,694.566650390625,699.5999755859375,648.4666748046875,649.8666381835938,649.8666381835938,2970
2016-03-30,650.0,663.066650390625,640.0,649.0,649.0,1320
2016-03-31,632.2999877929688,683.3333129882812,626.6666870117188,659.2666625976562,659.2666625976562,2040
2016-04-01,675.6666870117188,682.4000244140625,669.7999877929688,669.7999877929688,669.7999877929688,510
2016-04-04,623.4000244140625,648.3666381835938,590.2000122070312,631.5999755859375,631.5999755859375,2580
2016-04-05,663.3333129882812,681.6666870117188,663.3333129882812,668.8666381835938,668.8666381835938,1260
2016-04-06,700.6666870117188,710.0999755859375,686.6666870117188,706.2999877929688,706.2999877929688,1680
2016-04-07,653.3333129882812,658.3333129882812,616.6666870117188,616.7000122070312,616.7000122070312,3150
2016-04-08,625.0,638.7000122070312,624.6666870117188,638.7000122070312,638.7000122070312,1020
2016-04-11,681.9666748046875,683.7333374023438,673.3666381835938,677.5,677.5,1950
2016-04-12,655.4000244140625,655.4000244140625,617.4000244140625,621.6666870117188,621.6666870117188,2340
2016-04-13,621.8666381835938,627.5,604.0,604.2000122070312,604.2000122070312,1830
2016-04-14,625.7333374023438,637.3333129882812,616.6666870117188,636.6666870117188,636.6666870117188,1560
2016-04-15,666.6666870117188,666.7999877929688,656.566650390625,665.5,665.5,2070
2016-04-18,655.5999755859375,655.5999755859375,633.5333251953125,636.6666870117188,636.6666870117188,1440
2016-04-19,600.2333374023438,600.2333374023438,552.2000122070312,558.3333129882812,558.3333129882812,5820
2016-04-20,558.2333374023438,566.7999877929688,536.6666870117188,559.3333129882812,559.3333129882812,1050
2016-04-21,552.5,552.5,536.6666870117188,544.1333618164062,544.1333618164062,630
2016-04-22,535.2000122070312,537.5333251953125,503.3333435058594,520.4000244140625,520.4000244140625,3000
2016-04-25,540.9000244140625,550.0,536.7999877929688,536.7999877929688,536.7999877929688,1230
2016-04-26,556.6666870117188,560.0,549.9666748046875,551.6333618164062,551.6333618164062,720
2016-04-27,564.0333251953125,566.6666870117188,541.0999755859375,545.4666748046875,545.4666748046875,660
2016-04-28,573.3333129882812,575.0,564.6333618164062,572.933349609375,572.933349609375,1260
2016-04-29,572.1333618164062,572.1333618164062,531.5999755859375,549.2999877929688,549.2999877929688,1500
2016-05-02,573.3333129882812,585.2666625976562,573.2333374023438,585.2666625976562,585.2666625976562,810
2016-05-03,568.5333251953125,568.5333251953125,556.6666870117188,567.5999755859375,567.5999755859375,480
2016-05-04,540.0333251953125,544.7000122070312,540.0,544.7000122070312,544.7000122070312,570
2016-05-05,555.9000244140625,570.0,550.433349609375,570.0,570.0,930
2016-05-06,576.1666870117188,576.1666870117188,563.7000122070312,570.2000122070312,570.2000122070312,510
2016-05-09,564.0,576.7333374023438,564.0,569.933349609375,569.933349609375,300
2016-05-10,548.8666381835938,550.6666870117188,540.066650390625,543.6333618164062,543.6333618164062,1050
2016-05-11,560.0,560.0,539.066650390625,544.5,544.5,930
2016-05-12,543.3333129882812,553.933349609375,538.1666870117188,542.2000122070312,542.2000122070312,720
2016-05-13,560.6666870117188,563.2999877929688,560.6666870117188,562.566650390625,562.566650390625,240
2016-05-16,593.3333129882812,600.0,592.3666381835938,594.933349609375,594.933349609375,2580
2016-05-17,592.3333129882812,595.0,592.3333129882812,593.1333618164062,593.1333618164062,780
2016-05-18,611.5999755859375,624.3333129882812,610.7000122070312,617.1333618164062,617.1333618164062,2370
2016-05-19,633.4000244140625,645.3333129882812,582.933349609375,591.5333251953125,591.5333251953125,2340
2016-05-20,573.566650390625,586.2000122070312,573.566650390625,586.2000122070312,586.2000122070312,2160
2016-05-23,555.0,583.6333618164062,551.6666870117188,580.0333251953125,580.0333251953125,3780
2016-05-24,601.6666870117188,606.4000244140625,598.5333251953125,606.4000244140625,606.4000244140625,720
2016-05-25,619.5,619.7666625976562,592.7666625976562,600.0999755859375,600.0999755859375,1530
2016-05-26,600.6666870117188,615.9666748046875,599.6666870117188,612.2333374023438,612.2333374023438,2340
2016-05-27,596.6666870117188,600.0,591.6666870117188,600.0,600.0,720
2016-05-31,553.3333129882812,556.433349609375,526.6666870117188,535.2666625976562,535.2666625976562,2580
2016-06-01,501.3333435058594,513.6666870117188,487.6000061035156,487.6000061035156,487.6000061035156,1350
2016-06-02,485.6333312988281,486.8333435058594,476.6666564941406,483.3999938964844,483.3999938964844,660
2016-06-03,474.0,483.3333435058594,466.6666564941406,480.3999938964844,480.3999938964844,1020
2016-06-06,473.0,480.0,453.4333190917969,453.4333190917969,453.4333190917969,1500
2016-06-07,464.5333251953125,467.4333190917969,450.0,450.0,450.0,690
2016-06-08,451.9333190917969,451.9333190917969,446.5333251953125,451.0666809082031,451.0666809082031,390
2016-06-09,453.8666687011719,455.3999938964844,396.8666687011719,408.1666564941406,408.1666564941406,4050
2016-06-10,410.7999877929688,423.26666259765625,410.7999877929688,415.5333251953125,415.5333251953125,930
2016-06-13,408.2000122070313,413.0,404.4333190917969,413.0,413.0,360
2016-06-14,421.0,421.0,416.6666564941406,416.6666564941406,416.6666564941406,420
2016-06-15,409.4666748046875,412.0666809082031,406.6666564941406,410.6000061035156,410.6000061035156,450
2016-06-16,417.6000061035156,420.3666687011719,404.1333312988281,417.73333740234375,417.73333740234375,930
2016-06-17,413.5333251953125,413.5333251953125,406.2000122070313,406.2000122070313,406.2000122070313,480
2016-06-20,396.6666564941406,396.6666564941406,378.2000122070313,380.2000122070313,380.2000122070313,1170
2016-06-21,374.5333251953125,381.6666564941406,372.6333312988281,375.5,375.5,1020
2016-06-22,375.1666564941406,400.0,374.26666259765625,396.73333740234375,396.73333740234375,1770
2016-06-23,401.0,406.7000122070313,390.0,391.6666564941406,391.6666564941406,1440
2016-06-24,398.8333435058594,403.3333435058594,398.3333435058594,398.3333435058594,398.3333435058594,930
2016-06-27,396.7000122070313,396.7000122070313,390.6333312988281,391.0,391.0,510
2016-06-28,367.0,367.0,350.0,350.0,350.0,4590
2016-06-29,349.3333435058594,358.7333374023437,348.5666809082031,356.0333251953125,356.0333251953125,1080
2016-06-30,347.5,355.5,340.26666259765625,340.5666809082031,340.5666809082031,1440
2016-07-01,343.6000061035156,343.6000061035156,326.0333251953125,326.6666564941406,326.6666564941406,2370
2016-07-05,358.9666748046875,375.8333435058594,358.9666748046875,375.8333435058594,375.8333435058594,2640
2016-07-06,378.0666809082031,383.3333435058594,365.3999938964844,366.7999877929688,366.7999877929688,870
2016-07-07,361.2999877929688,388.2999877929688,358.3333435058594,375.6666564941406,375.6666564941406,6450
2016-07-08,368.2000122070313,371.6666564941406,365.0666809082031,367.2999877929688,367.2999877929688,1560
2016-07-11,370.5,393.3333435058594,369.5333251953125,390.7999877929688,390.7999877929688,7080
2016-07-12,386.6666564941406,397.3333435058594,383.6666564941406,386.7000122070313,386.7000122070313,7320
2016-07-13,385.3333435058594,394.76666259765625,380.8666687011719,387.8999938964844,387.8999938964844,900
2016-07-14,383.3999938964844,393.3333435058594,380.8999938964844,386.6666564941406,386.6666564941406,2520
2016-07-15,398.3333435058594,401.9333190917969,376.3666687011719,381.6666564941406,381.6666564941406,1170
2016-07-18,382.4666748046875,382.5,382.4666748046875,382.5,382.5,90
2016-07-19,382.3666687011719,389.0333251953125,381.26666259765625,388.8666687011719,388.8666687011719,270
2016-07-20,400.0,413.3333435058594,400.0,410.6666564941406,410.6666564941406,810
2016-07-21,408.0,413.3333435058594,400.5666809082031,407.6666564941406,407.6666564941406,1170
2016-07-22,380.0,380.0,367.8666687011719,375.0333251953125,375.0333251953125,1230
2016-07-25,376.7000122070313,387.8999938964844,376.7000122070313,387.8999938964844,387.8999938964844,210
2016-07-26,399.0,401.0,381.2999877929688,393.2000122070313,393.2000122070313,370
2016-07-27,387.7000122070313,399.6000061035156,384.5,399.6000061035156,399.6000061035156,90
2016-07-28,392.7000122070313,392.7000122070313,329.5,339.0,339.0,3730
2016-07-29,335.70001220703125,338.79998779296875,329.5,338.79998779296875,338.79998779296875,820
2016-08-01,337.79998779296875,359.79998779296875,337.79998779296875,359.79998779296875,359.79998779296875,2430
2016-08-02,359.5,367.5,357.0,365.2000122070313,365.2000122070313,830
2016-08-03,351.29998779296875,351.29998779296875,333.0,337.20001220703125,337.20001220703125,890
2016-08-04,335.0,344.3999938964844,329.5,343.0,343.0,780
2016-08-05,348.0,360.0,348.0,360.0,360.0,1160
2016-08-08,372.0,372.0,362.8999938964844,363.0,363.0,390
2016-08-09,374.3999938964844,389.7999877929688,374.3999938964844,389.7999877929688,389.7999877929688,1050
2016-08-10,389.0,404.3999938964844,389.0,402.2999877929688,402.2999877929688,700
2016-08-11,406.0,413.3999938964844,394.5,410.7000122070313,410.7000122070313,1130
2016-08-12,398.0,404.0,390.1000061035156,399.6000061035156,399.6000061035156,530
2016-08-15,393.0,405.0,391.3999938964844,405.0,405.0,1030
2016-08-16,399.0,402.7999877929688,394.2999877929688,394.2999877929688,394.2999877929688,2880
2016-08-17,399.8999938964844,402.1000061035156,394.2000122070313,396.7999877929688,396.7999877929688,230
2016-08-18,399.3999938964844,399.3999938964844,379.2000122070313,385.0,385.0,1150
2016-08-19,402.5,413.2000122070313,401.8999938964844,412.6000061035156,412.6000061035156,5100
2016-08-22,390.0,395.7999877929688,385.2000122070313,395.0,395.0,500
2016-08-23,386.0,387.6000061035156,368.7000122070313,370.8999938964844,370.8999938964844,2550
2016-08-24,363.0,363.0,354.20001220703125,360.5,360.5,5400
2016-08-25,353.1000061035156,355.20001220703125,341.3999938964844,349.29998779296875,349.29998779296875,8830
2016-08-26,351.5,352.29998779296875,336.3999938964844,344.20001220703125,344.20001220703125,7590
2016-08-29,345.6000061035156,351.1000061035156,337.3999938964844,347.8999938964844,347.8999938964844,2210
2016-08-30,342.29998779296875,364.0,340.0,362.2000122070313,362.2000122070313,650
2016-08-31,356.0,357.3999938964844,347.6000061035156,348.0,348.0,440
2016-09-01,358.20001220703125,371.0,358.20001220703125,368.8999938964844,368.8999938964844,1520
2016-09-02,368.8999938964844,374.3999938964844,365.0,373.7999877929688,373.7999877929688,4120
2016-09-06,380.7000122070313,387.6000061035156,380.5,384.0,384.0,2190
2016-09-07,384.0,396.3999938964844,384.0,393.0,393.0,440
2016-09-08,385.0,385.0,361.6000061035156,367.0,367.0,4490
2016-09-09,360.6000061035156,375.3999938964844,360.5,375.3999938964844,375.3999938964844,660
2016-09-12,354.29998779296875,354.29998779296875,346.29998779296875,352.0,352.0,3880
2016-09-13,344.20001220703125,353.1000061035156,343.8999938964844,347.20001220703125,347.20001220703125,2940
2016-09-14,342.6000061035156,358.3999938964844,341.20001220703125,350.3999938964844,350.3999938964844,3030
2016-09-15,359.79998779296875,361.0,340.0,346.29998779296875,346.29998779296875,4050
2016-09-16,351.0,352.29998779296875,336.3999938964844,337.8999938964844,337.8999938964844,5100
2016-09-19,346.0,348.8999938964844,343.0,343.29998779296875,343.29998779296875,1740
2016-09-20,326.20001220703125,327.3999938964844,313.70001220703125,316.3999938964844,316.3999938964844,3450
2016-09-21,316.0,320.20001220703125,312.0,314.79998779296875,314.79998779296875,2200
2016-09-22,313.79998779296875,330.3999938964844,312.5,330.0,330.0,2680
2016-09-23,327.70001220703125,342.20001220703125,327.70001220703125,335.0,335.0,1190
2016-09-26,333.5,333.5,325.29998779296875,326.0,326.0,2020
2016-09-27,332.20001220703125,332.29998779296875,327.70001220703125,329.79998779296875,329.79998779296875,5100
2016-09-28,347.1000061035156,352.5,341.20001220703125,341.3999938964844,341.3999938964844,1450
2016-09-29,350.0,350.0,340.79998779296875,348.0,348.0,800
2016-09-30,353.1000061035156,365.6000061035156,353.1000061035156,361.3999938964844,361.3999938964844,2340
2016-10-03,370.0,372.5,360.7000122070313,360.7000122070313,360.7000122070313,680
2016-10-04,367.0,367.7999877929688,343.6000061035156,345.0,345.0,1060
2016-10-05,353.1000061035156,353.1000061035156,328.1000061035156,332.0,332.0,500
2016-10-06,332.6000061035156,341.5,325.0,330.79998779296875,330.79998779296875,3530
2016-10-07,321.0,321.3999938964844,293.5,300.20001220703125,300.20001220703125,8110
2016-10-10,294.79998779296875,294.79998779296875,282.5,285.0,285.0,4520
2016-10-11,289.8999938964844,293.20001220703125,286.0,290.29998779296875,290.29998779296875,6630
2016-10-12,290.20001220703125,293.29998779296875,286.3999938964844,291.3999938964844,291.3999938964844,2440
2016-10-13,292.29998779296875,299.0,269.79998779296875,273.20001220703125,273.20001220703125,7690
2016-10-14,276.0,278.0,275.6000061035156,276.8999938964844,276.8999938964844,1360
2016-10-17,280.29998779296875,282.70001220703125,277.3999938964844,277.3999938964844,277.3999938964844,1330
2016-10-18,272.5,276.0,268.6000061035156,274.6000061035156,274.6000061035156,2340
2016-10-19,283.8999938964844,285.70001220703125,281.1000061035156,283.6000061035156,283.6000061035156,2460
2016-10-20,287.0,292.0,283.3999938964844,284.6000061035156,284.6000061035156,1170
2016-10-21,291.20001220703125,298.20001220703125,291.20001220703125,297.3999938964844,297.3999938964844,2140
2016-10-24,298.5,305.0,298.5,302.1000061035156,302.1000061035156,1100
2016-10-25,318.0,329.3999938964844,312.0,327.20001220703125,327.20001220703125,4910
2016-10-26,342.1000061035156,366.3999938964844,340.3999938964844,350.0,350.0,2140
2016-10-27,352.79998779296875,357.0,339.20001220703125,341.20001220703125,341.20001220703125,2120
2016-10-28,339.6000061035156,341.8999938964844,332.8999938964844,335.0,335.0,850
2016-10-31,329.29998779296875,353.0,329.29998779296875,352.6000061035156,352.6000061035156,1310
2016-11-01,376.6000061035156,382.1000061035156,368.7000122070313,380.6000061035156,380.6000061035156,1420
2016-11-02,392.7999877929688,402.2999877929688,384.0,402.2999877929688,402.2999877929688,1580
2016-11-03,405.5,410.0,394.3999938964844,410.0,410.0,1240
2016-11-04,409.0,414.0,403.1000061035156,408.0,408.0,640
2016-11-07,397.2999877929688,409.0,397.0,397.6000061035156,397.6000061035156,150
2016-11-08,431.0,455.2999877929688,427.2999877929688,453.5,453.5,1830
2016-11-09,469.6000061035156,473.0,417.2999877929688,432.3999938964844,432.3999938964844,2430
2016-11-10,454.2000122070313,460.2000122070313,438.7000122070313,438.7000122070313,438.7000122070313,1560
2016-11-11,432.5,435.2000122070313,422.5,432.6000061035156,432.6000061035156,620
2016-11-14,404.5,412.2999877929688,400.0,408.6000061035156,408.6000061035156,860
2016-11-15,398.5,423.6000061035156,395.8999938964844,419.8999938964844,419.8999938964844,1090
2016-11-16,409.5,418.5,409.0,409.0,409.0,180
2016-11-17,422.0,428.2000122070313,414.6000061035156,424.2000122070313,424.2000122070313,790
2016-11-18,395.7999877929688,398.6000061035156,389.7999877929688,392.8999938964844,392.8999938964844,490
2016-11-21,372.7000122070313,373.2000122070313,362.1000061035156,362.6000061035156,362.6000061035156,1440
2016-11-22,360.5,370.0,355.0,369.3999938964844,369.3999938964844,970
2016-11-23,369.0,369.0,343.70001220703125,350.79998779296875,350.79998779296875,1650
2016-11-25,344.0,344.0,332.0,335.79998779296875,335.79998779296875,1360
2016-11-28,315.6000061035156,319.0,307.1000061035156,308.3999938964844,308.3999938964844,2060
2016-11-29,311.6000061035156,319.6000061035156,307.6000061035156,310.3999938964844,310.3999938964844,3150
2016-11-30,306.8999938964844,311.6000061035156,305.20001220703125,308.0,308.0,2640
2016-12-01,290.8999938964844,291.8999938964844,275.79998779296875,276.3999938964844,276.3999938964844,3050
2016-12-02,284.0,297.6000061035156,276.6000061035156,287.79998779296875,287.79998779296875,2210
2016-12-05,265.0,265.0,254.6000061035156,263.3999938964844,263.3999938964844,5950
2016-12-06,254.0,261.0,245.5,258.3999938964844,258.3999938964844,4710
2016-12-07,242.8000030517578,266.0,238.8999938964844,263.6000061035156,263.6000061035156,4380
2016-12-08,258.29998779296875,263.3999938964844,242.1999969482422,244.1999969482422,244.1999969482422,8480
2016-12-09,240.0,249.3999938964844,235.6000061035156,241.3999938964844,241.3999938964844,4660
2016-12-12,261.29998779296875,271.20001220703125,258.79998779296875,267.5,267.5,6740
2016-12-13,264.3999938964844,275.0,262.79998779296875,273.6000061035156,273.6000061035156,2080
2016-12-14,271.0,271.20001220703125,257.3999938964844,257.3999938964844,257.3999938964844,2130
2016-12-15,262.5,277.8999938964844,245.0,272.0,272.0,3660
2016-12-16,283.1000061035156,284.0,275.0,277.3999938964844,277.3999938964844,2630
2016-12-19,269.6000061035156,278.79998779296875,267.79998779296875,276.3999938964844,276.3999938964844,2260
2016-12-20,293.0,299.20001220703125,288.8999938964844,292.5,292.5,3470
2016-12-21,273.8999938964844,273.8999938964844,248.6999969482422,250.3999938964844,250.3999938964844,5460
2016-12-22,252.0,260.0,246.0,257.79998779296875,257.79998779296875,4850
2016-12-23,247.0,247.0,234.1999969482422,238.0,238.0,5640
2016-12-27,234.5,236.8000030517578,227.5,231.6000061035156,231.6000061035156,3620
2016-12-28,233.0,233.1999969482422,214.3999938964844,219.0,219.0,4330
2016-12-29,222.1999969482422,228.1000061035156,217.6000061035156,222.8000030517578,222.8000030517578,5080
2016-12-30,223.3000030517578,234.5,223.3000030517578,230.5,230.5,2610
2017-01-03,263.0,281.20001220703125,261.0,274.79998779296875,274.79998779296875,10150
2017-01-04,283.0,291.8999938964844,281.3999938964844,290.0,290.0,3160
2017-01-05,291.29998779296875,301.3999938964844,273.5,278.0,278.0,3650
2017-01-06,276.1000061035156,284.1000061035156,274.79998779296875,280.0,280.0,1790
2017-01-09,302.29998779296875,310.8999938964844,302.29998779296875,308.20001220703125,308.20001220703125,3540
2017-01-10,286.0,288.0,273.29998779296875,280.1000061035156,280.1000061035156,4270
2017-01-11,277.3999938964844,288.20001220703125,273.0,278.3999938964844,278.3999938964844,1500
2017-01-12,265.0,268.79998779296875,251.8999938964844,263.5,263.5,5050
2017-01-13,260.0,265.29998779296875,256.20001220703125,258.20001220703125,258.20001220703125,2120
2017-01-17,263.79998779296875,263.79998779296875,256.1000061035156,260.5,260.5,1680
2017-01-18,271.1000061035156,274.79998779296875,262.6000061035156,272.0,272.0,4830
2017-01-19,276.20001220703125,281.8999938964844,257.3999938964844,269.79998779296875,269.79998779296875,7400
2017-01-20,270.3999938964844,286.8999938964844,265.0,283.6000061035156,283.6000061035156,4520
2017-01-23,285.0,286.5,274.0,274.0,274.0,3110
2017-01-24,264.3999938964844,272.6000061035156,262.5,268.8999938964844,268.8999938964844,1960
2017-01-25,264.5,268.70001220703125,259.3999938964844,259.8999938964844,259.8999938964844,3890
2017-01-26,245.6999969482422,258.3999938964844,237.5,256.6000061035156,256.6000061035156,7610
2017-01-27,268.0,268.70001220703125,254.0,258.6000061035156,258.6000061035156,1990
2017-01-30,277.70001220703125,278.79998779296875,274.6000061035156,278.79998779296875,278.79998779296875,2970
2017-01-31,297.0,298.8999938964844,293.20001220703125,294.3999938964844,294.3999938964844,2070
2017-02-01,292.0,292.20001220703125,287.3999938964844,291.3999938964844,291.3999938964844,1580
2017-02-02,297.0,297.0,284.0,287.0,287.0,1090
2017-02-03,307.5,310.0,304.20001220703125,308.1000061035156,308.1000061035156,2250
2017-02-06,315.29998779296875,315.29998779296875,307.3999938964844,310.79998779296875,310.79998779296875,1890
2017-02-07,292.3999938964844,296.5,291.5,291.6000061035156,291.6000061035156,1770
2017-02-08,297.1000061035156,297.79998779296875,288.20001220703125,293.29998779296875,293.29998779296875,2580
2017-02-09,286.0,297.20001220703125,284.3999938964844,294.3999938964844,294.3999938964844,2590
2017-02-10,309.29998779296875,310.0,305.0,308.3999938964844,308.3999938964844,2790
2017-02-13,320.0,325.6000061035156,316.0,324.3999938964844,324.3999938964844,2260
2017-02-14,330.0,333.0,322.5,325.5,325.5,1500
2017-02-15,318.0,323.3999938964844,314.79998779296875,323.3999938964844,323.3999938964844,1110
2017-02-16,326.0,342.5,323.79998779296875,340.5,340.5,6290
2017-02-17,340.0,343.6000061035156,337.79998779296875,343.5,343.5,2230
2017-02-21,375.3999938964844,398.0,375.3999938964844,393.0,393.0,6190
2017-02-22,393.5,399.8999938964844,385.5,390.7000122070313,390.7000122070313,1620
2017-02-23,375.6000061035156,392.1000061035156,373.8999938964844,384.0,384.0,5190
2017-02-24,386.3999938964844,387.0,372.2000122070313,373.0,373.0,2870
2017-02-27,397.7000122070313,400.0,392.8999938964844,395.0,395.0,1540
2017-02-28,380.0,381.0,366.7999877929688,371.7999877929688,371.7999877929688,2170
2017-03-01,364.7999877929688,364.8999938964844,356.6000061035156,361.2000122070313,361.2000122070313,1500
2017-03-02,365.5,370.0,357.5,358.20001220703125,358.20001220703125,1720
2017-03-03,358.5,362.6000061035156,352.0,352.20001220703125,352.20001220703125,1790
2017-03-06,333.79998779296875,350.0,327.6000061035156,350.0,350.0,3840
2017-03-07,353.1000061035156,356.1000061035156,349.79998779296875,355.79998779296875,355.79998779296875,690
2017-03-08,332.79998779296875,344.70001220703125,331.3999938964844,344.70001220703125,344.70001220703125,1700
2017-03-09,335.0,335.0,325.0,326.6000061035156,326.6000061035156,2010
2017-03-10,316.1000061035156,328.70001220703125,314.5,314.79998779296875,314.79998779296875,1560
2017-03-13,312.29998779296875,323.79998779296875,310.70001220703125,321.79998779296875,321.79998779296875,1310
2017-03-14,322.8999938964844,338.1000061035156,322.8999938964844,336.3999938964844,336.3999938964844,3530
2017-03-15,326.79998779296875,330.5,324.5,328.6000061035156,328.6000061035156,2540
2017-03-16,337.6000061035156,343.5,328.8999938964844,342.0,342.0,4390
2017-03-17,337.5,340.0,331.0,334.6000061035156,334.6000061035156,2950
2017-03-20,326.0,326.0,306.5,306.5,306.5,5120
2017-03-21,300.0,312.1000061035156,299.3999938964844,303.20001220703125,303.20001220703125,3290
2017-03-22,312.0,317.5,307.0,316.1000061035156,316.1000061035156,1930
2017-03-23,314.0,320.0,304.0,304.70001220703125,304.70001220703125,5560
2017-03-24,304.3999938964844,304.5,299.0,301.0,301.0,2230
2017-03-27,298.20001220703125,304.70001220703125,297.3999938964844,304.70001220703125,304.70001220703125,660
2017-03-28,300.70001220703125,303.3999938964844,294.0,295.79998779296875,295.79998779296875,4170
2017-03-29,287.0,288.6000061035156,281.20001220703125,287.79998779296875,287.79998779296875,2700
2017-03-30,292.8999938964844,295.0,286.20001220703125,292.0,292.0,1390
2017-03-31,285.3999938964844,294.1000061035156,285.3999938964844,292.5,292.5,540
2017-04-03,300.29998779296875,302.8999938964844,298.6000061035156,301.8999938964844,301.8999938964844,1100
2017-04-04,291.5,291.5,270.6000061035156,274.0,274.0,4690
2017-04-05,266.29998779296875,278.0,266.29998779296875,276.1000061035156,276.1000061035156,3920
2017-04-06,274.0,274.0,264.70001220703125,268.0,268.0,7000
2017-04-07,270.79998779296875,277.3999938964844,270.79998779296875,277.3999938964844,277.3999938964844,1880
2017-04-10,280.0,281.6000061035156,277.0,279.3999938964844,279.3999938964844,2810
2017-04-11,290.0,295.79998779296875,287.20001220703125,292.20001220703125,292.20001220703125,3910
2017-04-12,290.6000061035156,292.0,286.6000061035156,287.79998779296875,287.79998779296875,890
2017-04-13,282.6000061035156,288.29998779296875,279.6000061035156,280.5,280.5,1940
2017-04-17,287.0,289.3999938964844,279.20001220703125,287.79998779296875,287.79998779296875,3030
2017-04-18,290.0,292.0,286.1000061035156,291.1000061035156,291.1000061035156,1180
2017-04-19,282.3999938964844,284.70001220703125,279.1000061035156,283.6000061035156,283.6000061035156,460
2017-04-20,283.20001220703125,292.0,283.20001220703125,287.20001220703125,287.20001220703125,1390
2017-04-21,287.6000061035156,301.6000061035156,287.0,296.79998779296875,296.79998779296875,2980
2017-04-24,303.20001220703125,310.0,297.79998779296875,303.20001220703125,303.20001220703125,4450
2017-04-25,305.0,309.3999938964844,300.20001220703125,300.20001220703125,300.20001220703125,3490
2017-04-26,290.5,290.79998779296875,282.79998779296875,284.29998779296875,284.29998779296875,2220
2017-04-27,291.0,293.3999938964844,284.79998779296875,287.79998779296875,287.79998779296875,2690
2017-04-28,282.0,283.5,279.6000061035156,281.70001220703125,281.70001220703125,1110
2017-05-01,284.5,295.0,284.5,290.20001220703125,290.20001220703125,1210
2017-05-02,290.70001220703125,298.29998779296875,282.79998779296875,298.0,298.0,1070
2017-05-03,297.6000061035156,297.6000061035156,289.1000061035156,292.3999938964844,292.3999938964844,650
2017-05-04,289.5,299.0,289.5,294.5,294.5,2050
2017-05-05,287.20001220703125,289.1000061035156,281.5,282.0,282.0,1600
2017-05-08,297.0,301.3999938964844,295.20001220703125,296.20001220703125,296.20001220703125,3990
2017-05-09,293.6000061035156,293.6000061035156,285.0,287.8999938964844,287.8999938964844,900
2017-05-10,281.6000061035156,282.3999938964844,270.0,278.0,278.0,3870
2017-05-11,270.0,272.20001220703125,261.79998779296875,265.3999938964844,265.3999938964844,2820
2017-05-12,261.20001220703125,261.70001220703125,256.3999938964844,259.79998779296875,259.79998779296875,1930
2017-05-15,266.0,267.6000061035156,264.5,266.0,266.0,1500
2017-05-16,279.0,285.5,276.29998779296875,284.79998779296875,284.79998779296875,7850
2017-05-17,287.6000061035156,294.5,287.20001220703125,288.6000061035156,288.6000061035156,6680
2017-05-18,289.1000061035156,293.0,284.79998779296875,289.8999938964844,289.8999938964844,4220
2017-05-19,283.0,283.79998779296875,275.5,278.6000061035156,278.6000061035156,4830
2017-05-22,270.3999938964844,271.0,265.8999938964844,267.1000061035156,267.1000061035156,4930
2017-05-23,268.79998779296875,284.0,268.3999938964844,281.8999938964844,281.8999938964844,4790
2017-05-24,288.6000061035156,289.1000061035156,281.20001220703125,286.6000061035156,286.6000061035156,2060
2017-05-25,281.5,296.29998779296875,281.5,289.0,289.0,6960
2017-05-26,287.20001220703125,292.70001220703125,280.8999938964844,286.20001220703125,286.20001220703125,7060
2017-05-30,305.3999938964844,312.5,305.3999938964844,310.79998779296875,310.79998779296875,7220
2017-05-31,317.79998779296875,328.29998779296875,315.5,325.0,325.0,12500
2017-06-01,324.3999938964844,343.29998779296875,324.3999938964844,330.8999938964844,330.8999938964844,10200
2017-06-02,336.29998779296875,343.8999938964844,334.6000061035156,340.8999938964844,340.8999938964844,3060
2017-06-05,343.5,348.5,337.29998779296875,345.29998779296875,345.29998779296875,4820
2017-06-06,333.0,337.5,330.0,331.20001220703125,331.20001220703125,3860
2017-06-07,323.70001220703125,337.8999938964844,323.70001220703125,337.6000061035156,337.6000061035156,5880
2017-06-08,337.6000061035156,345.5,327.0,332.8999938964844,332.8999938964844,5640
2017-06-09,332.29998779296875,334.6000061035156,331.6000061035156,334.6000061035156,334.6000061035156,340
2017-06-12,327.70001220703125,341.0,326.6000061035156,340.5,340.5,5750
2017-06-13,338.29998779296875,353.20001220703125,338.0,351.8999938964844,351.8999938964844,10590
2017-06-14,357.5,360.2999877929688,347.5,359.20001220703125,359.20001220703125,9990
2017-06-15,360.20001220703125,361.0,327.0,328.29998779296875,328.29998779296875,10040
2017-06-16,332.0,334.8999938964844,327.5,334.0,334.0,2660
2017-06-19,360.20001220703125,362.5,356.6000061035156,361.0,361.0,6530
2017-06-20,361.8999938964844,362.8999938964844,355.8999938964844,358.8999938964844,358.8999938964844,5650
2017-06-21,350.0,364.1000061035156,349.5,359.6000061035156,359.6000061035156,1760
2017-06-22,357.8999938964844,363.7000122070313,345.5,359.3999938964844,359.3999938964844,6730
2017-06-23,354.8999938964844,354.8999938964844,349.79998779296875,352.5,352.5,2690
2017-06-26,331.79998779296875,335.1000061035156,325.0,326.79998779296875,326.79998779296875,2930
2017-06-27,330.1000061035156,330.8999938964844,322.70001220703125,327.5,327.5,5800
2017-06-28,319.29998779296875,322.6000061035156,317.5,322.6000061035156,322.6000061035156,5180
2017-06-29,321.3999938964844,330.5,315.6000061035156,329.20001220703125,329.20001220703125,6280
2017-06-30,336.0,344.29998779296875,330.8999938964844,333.29998779296875,333.29998779296875,3800
2017-07-03,329.6000061035156,345.8999938964844,328.0,342.70001220703125,342.70001220703125,7890
2017-07-05,360.2999877929688,377.2000122070313,359.20001220703125,372.0,372.0,9340
2017-07-06,368.8999938964844,369.2999877929688,363.3999938964844,363.7999877929688,363.7999877929688,5900
2017-07-07,351.3999938964844,373.0,351.3999938964844,371.1000061035156,371.1000061035156,11050
2017-07-10,353.5,358.1000061035156,351.0,355.20001220703125,355.20001220703125,6250
2017-07-11,340.29998779296875,340.29998779296875,324.79998779296875,329.3999938964844,329.3999938964844,18020
2017-07-12,337.0,342.20001220703125,333.0,336.20001220703125,336.20001220703125,12870
2017-07-13,346.6000061035156,346.79998779296875,333.6000061035156,343.0,343.0,15190
2017-07-14,346.29998779296875,346.6000061035156,336.79998779296875,340.0,340.0,10960
2017-07-17,331.1000061035156,334.8999938964844,325.6000061035156,330.6000061035156,330.6000061035156,12480
2017-07-18,317.6000061035156,323.20001220703125,316.20001220703125,319.3999938964844,319.3999938964844,10890
2017-07-19,317.0,321.29998779296875,315.5,319.8999938964844,319.8999938964844,4100
2017-07-20,316.6000061035156,330.29998779296875,313.3999938964844,328.0,328.0,7910
2017-07-21,328.29998779296875,347.8999938964844,327.8999938964844,343.29998779296875,343.29998779296875,13960
2017-07-24,348.1000061035156,362.0,345.6000061035156,358.1000061035156,358.1000061035156,7160
2017-07-25,348.5,351.5,346.29998779296875,347.3999938964844,347.3999938964844,4080
2017-07-26,349.8999938964844,357.6000061035156,348.79998779296875,348.8999938964844,348.8999938964844,13540
2017-07-27,348.20001220703125,350.20001220703125,333.1000061035156,338.6000061035156,338.6000061035156,13440
2017-07-28,336.20001220703125,344.6000061035156,335.6000061035156,343.29998779296875,343.29998779296875,2850
2017-07-31,363.1000061035156,381.5,363.1000061035156,370.8999938964844,370.8999938964844,9110
2017-08-01,383.7999877929688,386.7999877929688,370.1000061035156,371.7000122070313,371.7000122070313,5640
2017-08-02,374.2000122070313,374.5,368.7999877929688,373.3999938964844,373.3999938964844,3510
2017-08-03,366.8999938964844,378.1000061035156,364.3999938964844,378.0,378.0,5280
2017-08-04,379.2999877929688,385.1000061035156,377.8999938964844,380.7999877929688,380.7999877929688,4960
2017-08-07,379.3999938964844,379.7999877929688,374.3999938964844,375.2000122070313,375.2000122070313,1070
2017-08-08,377.0,380.2000122070313,370.0,372.8999938964844,372.8999938964844,1190
2017-08-09,359.8999938964844,361.0,352.1000061035156,357.79998779296875,357.79998779296875,5250
2017-08-10,353.0,354.0,330.5,335.1000061035156,335.1000061035156,9620
2017-08-11,333.5,336.3999938964844,333.29998779296875,335.29998779296875,335.29998779296875,3810
2017-08-14,335.3999938964844,345.3999938964844,335.1000061035156,337.3999938964844,337.3999938964844,4680
2017-08-15,340.5,343.0,337.3999938964844,342.3999938964844,342.3999938964844,4600
2017-08-16,350.0,351.0,342.20001220703125,348.3999938964844,348.3999938964844,4040
2017-08-17,351.8999938964844,355.70001220703125,339.1000061035156,343.0,343.0,7160
2017-08-18,345.5,348.1000061035156,343.70001220703125,347.20001220703125,347.20001220703125,4120
2017-08-21,351.5,352.0,330.6000061035156,336.6000061035156,336.6000061035156,7360
2017-08-22,332.3999938964844,343.5,332.20001220703125,340.3999938964844,340.3999938964844,7040
2017-08-23,345.6000061035156,347.79998779296875,340.8999938964844,341.70001220703125,341.70001220703125,1870
2017-08-24,338.0,341.3999938964844,331.79998779296875,337.6000061035156,337.6000061035156,11340
2017-08-25,345.20001220703125,352.29998779296875,345.20001220703125,348.70001220703125,348.70001220703125,5790
2017-08-28,355.0,356.70001220703125,335.3999938964844,342.29998779296875,342.29998779296875,7420
2017-08-29,339.29998779296875,345.29998779296875,336.29998779296875,338.20001220703125,338.20001220703125,4510
2017-08-30,345.79998779296875,347.1000061035156,343.8999938964844,344.70001220703125,344.70001220703125,3090
2017-08-31,351.29998779296875,351.29998779296875,324.3999938964844,329.6000061035156,329.6000061035156,15850
2017-09-01,329.79998779296875,331.70001220703125,315.6000061035156,320.29998779296875,320.29998779296875,5890
2017-09-05,336.1000061035156,337.1000061035156,334.70001220703125,335.6000061035156,335.6000061035156,3040
2017-09-06,329.29998779296875,334.0,327.0,330.1000061035156,330.1000061035156,2840
2017-09-07,328.79998779296875,337.29998779296875,328.79998779296875,334.5,334.5,5320
2017-09-08,346.5,355.5,346.0,351.20001220703125,351.20001220703125,6780
2017-09-11,345.20001220703125,347.0,341.29998779296875,342.20001220703125,342.20001220703125,5400
2017-09-12,326.8999938964844,331.6000061035156,321.29998779296875,330.3999938964844,330.3999938964844,9750
2017-09-13,319.5,321.6000061035156,315.70001220703125,321.29998779296875,321.29998779296875,4100
2017-09-14,322.79998779296875,323.79998779296875,311.6000061035156,318.1000061035156,318.1000061035156,11090
2017-09-15,325.8999938964844,329.3999938964844,323.6000061035156,324.6000061035156,324.6000061035156,4920
2017-09-18,306.70001220703125,309.0,300.6000061035156,302.3999938964844,302.3999938964844,14510
2017-09-19,302.29998779296875,307.5,301.29998779296875,307.3999938964844,307.3999938964844,6270
2017-09-20,304.79998779296875,313.3999938964844,303.70001220703125,313.1000061035156,313.1000061035156,7090
2017-09-21,322.0,339.3999938964844,322.0,336.20001220703125,336.20001220703125,14060
2017-09-22,336.1000061035156,337.70001220703125,332.79998779296875,337.20001220703125,337.20001220703125,3200
2017-09-25,339.3999938964844,345.29998779296875,336.3999938964844,343.0,343.0,3750
2017-09-26,337.70001220703125,346.5,337.70001220703125,341.79998779296875,341.79998779296875,2700
2017-09-27,325.29998779296875,329.0,324.1000061035156,327.20001220703125,327.20001220703125,10990
2017-09-28,332.29998779296875,338.5,322.79998779296875,334.20001220703125,334.20001220703125,6150
2017-09-29,340.5,340.5,334.1000061035156,336.3999938964844,336.3999938964844,3020
2017-10-02,354.1000061035156,365.0,354.1000061035156,356.20001220703125,356.20001220703125,9030
2017-10-03,363.7999877929688,365.1000061035156,357.79998779296875,362.6000061035156,362.6000061035156,5900
2017-10-04,350.1000061035156,355.3999938964844,347.6000061035156,354.0,354.0,9320
2017-10-05,349.0,363.6000061035156,341.79998779296875,362.6000061035156,362.6000061035156,10120
2017-10-06,362.3999938964844,373.2999877929688,362.3999938964844,369.8999938964844,369.8999938964844,7760
2017-10-09,369.2000122070313,380.3999938964844,369.2000122070313,379.0,379.0,2660
2017-10-10,369.8999938964844,370.2000122070313,364.6000061035156,367.0,367.0,4270
2017-10-11,351.1000061035156,367.0,351.1000061035156,364.1000061035156,364.1000061035156,3900
2017-10-12,356.20001220703125,357.0,343.29998779296875,348.6000061035156,348.6000061035156,6460
2017-10-13,342.6000061035156,346.6000061035156,340.5,345.1000061035156,345.1000061035156,4530
2017-10-16,358.1000061035156,360.3999938964844,349.5,349.5,349.5,2690
2017-10-17,343.6000061035156,355.6000061035156,341.0,355.6000061035156,355.6000061035156,1400
2017-10-18,358.0,361.2000122070313,356.79998779296875,356.79998779296875,356.79998779296875,4020
2017-10-19,358.79998779296875,370.2000122070313,351.0,353.79998779296875,353.79998779296875,7210
2017-10-20,356.0,357.29998779296875,348.79998779296875,352.29998779296875,352.29998779296875,3510
2017-10-23,340.3999938964844,345.6000061035156,338.5,345.6000061035156,345.6000061035156,9670
2017-10-24,346.1000061035156,349.0,344.20001220703125,344.8999938964844,344.8999938964844,2790
2017-10-25,354.0,358.29998779296875,350.20001220703125,355.6000061035156,355.6000061035156,8000
2017-10-26,364.3999938964844,365.7000122070313,359.6000061035156,363.6000061035156,363.6000061035156,4270
2017-10-27,379.0,384.8999938964844,378.1000061035156,379.7000122070313,379.7000122070313,7710
2017-10-30,379.0,382.0,372.2000122070313,378.2999877929688,378.2999877929688,4380
2017-10-31,387.2000122070313,401.7999877929688,387.2000122070313,397.1000061035156,397.1000061035156,7910
2017-11-01,407.3999938964844,407.7999877929688,399.2000122070313,399.3999938964844,399.3999938964844,9900
2017-11-02,396.1000061035156,398.6000061035156,386.7000122070313,391.7000122070313,391.7000122070313,9170
2017-11-03,382.1000061035156,384.6000061035156,378.3999938964844,381.2999877929688,381.2999877929688,6890
2017-11-06,361.5,362.1000061035156,346.29998779296875,352.8999938964844,352.8999938964844,11380
2017-11-07,352.3999938964844,354.79998779296875,339.6000061035156,344.6000061035156,344.6000061035156,7320
2017-11-08,339.8999938964844,343.0,337.5,342.70001220703125,342.70001220703125,3610
2017-11-09,333.70001220703125,341.3999938964844,331.6000061035156,332.6000061035156,332.6000061035156,7690
2017-11-10,335.0,338.6000061035156,331.3999938964844,331.6000061035156,331.6000061035156,2000
2017-11-13,341.5,348.79998779296875,329.70001220703125,345.70001220703125,345.70001220703125,7100
2017-11-14,359.8999938964844,361.7000122070313,353.29998779296875,358.0,358.0,3790
2017-11-15,349.79998779296875,364.0,345.1000061035156,357.70001220703125,357.70001220703125,5410
2017-11-16,354.8999938964844,365.6000061035156,353.79998779296875,361.2999877929688,361.2999877929688,4080
2017-11-17,357.8999938964844,360.20001220703125,350.0,351.1000061035156,351.1000061035156,3840
2017-11-20,367.7000122070313,370.3999938964844,362.7000122070313,368.2000122070313,368.2000122070313,3190
2017-11-21,367.3999938964844,374.7000122070313,363.7999877929688,373.7999877929688,373.7999877929688,4420
2017-11-22,385.0,387.7000122070313,379.3999938964844,385.7999877929688,385.7999877929688,14090
2017-11-24,401.3999938964844,424.7000122070313,401.3999938964844,419.0,419.0,9930
2017-11-27,400.3999938964844,401.8999938964844,388.2999877929688,389.6000061035156,389.6000061035156,7340
2017-11-28,374.0,374.0,357.70001220703125,364.2000122070313,364.2000122070313,11780
2017-11-29,346.79998779296875,356.79998779296875,346.1000061035156,353.3999938964844,353.3999938964844,8410
2017-11-30,372.8999938964844,389.5,371.2999877929688,382.2000122070313,382.2000122070313,17190
2017-12-01,371.8999938964844,378.8999938964844,365.8999938964844,376.3999938964844,376.3999938964844,6110
2017-12-04,381.2000122070313,404.6000061035156,381.2000122070313,396.7999877929688,396.7999877929688,10780
2017-12-05,417.8999938964844,423.6000061035156,410.7999877929688,414.7999877929688,414.7999877929688,16620
2017-12-06,406.6000061035156,422.3999938964844,406.6000061035156,416.0,416.0,3600
2017-12-07,438.1000061035156,460.7999877929688,438.1000061035156,455.3999938964844,455.3999938964844,16440
2017-12-08,448.8999938964844,458.0,446.5,452.8999938964844,452.8999938964844,6940
2017-12-11,440.0,445.2000122070313,433.6000061035156,445.2000122070313,445.2000122070313,2830
2017-12-12,437.0,482.6000061035156,437.0,478.2000122070313,478.2000122070313,9060
2017-12-13,475.0,489.6000061035156,459.1000061035156,474.7000122070313,474.7000122070313,6320
2017-12-14,475.7000122070313,493.7999877929688,471.7999877929688,477.3999938964844,477.3999938964844,6250
2017-12-15,482.2999877929688,513.0,478.1000061035156,499.2000122070313,499.2000122070313,6660
2017-12-18,461.6000061035156,464.3999938964844,449.8999938964844,462.0,462.0,6860
2017-12-19,462.0,480.0,454.5,473.0,473.0,6390
2017-12-20,482.2999877929688,507.8999938964844,482.2999877929688,498.0,498.0,4280
2017-12-21,509.7000122070313,521.2000122070312,494.6000061035156,513.5999755859375,513.5999755859375,9630
2017-12-22,501.3999938964844,502.5,490.0,490.7000122070313,490.7000122070313,2330
2017-12-26,491.3999938964844,497.3999938964844,481.2999877929688,494.2999877929688,494.2999877929688,2660
2017-12-27,458.7999877929688,469.5,458.2999877929688,462.6000061035156,462.6000061035156,6850
2017-12-28,418.8999938964844,421.3999938964844,394.6000061035156,402.5,402.5,6480
2017-12-29,388.0,401.1000061035156,381.0,396.5,396.5,7590
2018-01-02,371.0,390.6000061035156,369.0,380.5,380.5,9060
2018-01-03,387.3999938964844,397.5,385.0,391.0,391.0,6720
2018-01-04,390.1000061035156,427.1000061035156,381.2000122070313,419.5,419.5,5910
2018-01-05,441.7000122070313,446.6000061035156,435.2000122070313,440.0,440.0,7440
2018-01-08,429.3999938964844,443.1000061035156,425.0,435.1000061035156,435.1000061035156,4120
2018-01-09,425.0,432.8999938964844,396.0,399.2000122070313,399.2000122070313,4310
2018-01-10,397.0,422.0,394.8999938964844,414.2999877929688,414.2999877929688,3590
2018-01-11,390.8999938964844,406.3999938964844,382.5,386.6000061035156,386.6000061035156,9310
2018-01-12,384.2000122070313,386.7000122070313,364.8999938964844,369.6000061035156,369.6000061035156,10530
2018-01-16,382.2000122070313,390.2000122070313,370.2999877929688,378.0,378.0,4120
2018-01-17,364.0,367.8999938964844,354.20001220703125,358.0,358.0,7310
2018-01-18,362.3999938964844,385.0,362.0,365.3999938964844,365.3999938964844,10310
2018-01-19,372.0,380.1000061035156,363.7000122070313,376.7999877929688,376.7999877929688,8150
2018-01-22,384.0,385.1000061035156,376.7000122070313,377.2000122070313,377.2000122070313,4860
2018-01-23,353.79998779296875,359.0,335.0,345.1000061035156,345.1000061035156,24700
2018-01-24,340.20001220703125,354.70001220703125,331.20001220703125,350.1000061035156,350.1000061035156,17350
2018-01-25,335.20001220703125,342.0,323.20001220703125,337.8999938964844,337.8999938964844,18320
2018-01-26,324.0,324.79998779296875,317.1000061035156,322.6000061035156,322.6000061035156,17010
2018-01-29,340.0,340.0,319.79998779296875,321.1000061035156,321.1000061035156,17690
2018-01-30,315.0,323.8999938964844,307.0,322.3999938964844,322.3999938964844,21160
2018-01-31,345.0,365.0,344.3999938964844,363.8999938964844,363.8999938964844,27570
2018-02-01,377.0,394.7999877929688,374.1000061035156,383.3999938964844,383.3999938964844,23000
2018-02-02,390.1000061035156,394.3999938964844,385.1000061035156,387.6000061035156,387.6000061035156,6880
2018-02-05,407.7000122070313,423.2000122070313,404.2999877929688,418.6000061035156,418.6000061035156,14220
2018-02-06,432.5,432.5,414.3999938964844,416.1000061035156,416.1000061035156,4950
2018-02-07,432.0,437.7000122070313,426.5,435.2000122070313,435.2000122070313,3490
2018-02-08,426.8999938964844,439.0,422.5,436.2999877929688,436.2999877929688,5240
2018-02-09,453.0,469.1000061035156,453.0,458.8999938964844,458.8999938964844,4520
2018-02-12,473.8999938964844,475.3999938964844,467.3999938964844,470.5,470.5,2510
2018-02-13,455.7000122070313,457.2000122070313,452.0,456.7999877929688,456.7999877929688,1680
2018-02-14,468.0,468.0,453.1000061035156,455.0,455.0,3440
2018-02-15,465.0,468.3999938964844,456.8999938964844,460.1000061035156,460.1000061035156,1820
2018-02-16,466.0,468.7999877929688,463.0,464.1000061035156,464.1000061035156,4400
2018-02-20,445.0,452.1000061035156,444.0,448.0,448.0,4070
2018-02-21,439.7000122070313,446.6000061035156,435.7999877929688,442.5,442.5,4890
2018-02-22,443.2999877929688,449.2000122070313,439.2999877929688,447.6000061035156,447.6000061035156,2310
2018-02-23,449.8999938964844,454.8999938964844,443.2999877929688,445.2999877929688,445.2999877929688,3500
2018-02-26,436.0,448.7000122070313,435.0,439.5,439.5,2690
2018-02-27,443.3999938964844,445.8999938964844,434.0,438.0,438.0,3780
2018-02-28,436.0,445.5,432.1000061035156,443.2999877929688,443.2999877929688,1890
2018-03-01,437.5,442.7000122070313,425.8999938964844,435.5,435.5,3080
2018-03-02,430.8999938964844,433.6000061035156,428.3999938964844,429.2000122070313,429.2000122070313,2200
2018-03-05,430.3999938964844,434.6000061035156,427.7000122070313,430.6000061035156,430.6000061035156,930
2018-03-06,420.0,421.6000061035156,416.6000061035156,416.6000061035156,416.6000061035156,1420
2018-03-07,408.7999877929688,412.2999877929688,407.5,408.2000122070313,408.2000122070313,1010
2018-03-08,411.2999877929688,418.3999938964844,411.0,417.6000061035156,417.6000061035156,1850
2018-03-09,422.2000122070313,424.3999938964844,419.8999938964844,424.2000122070313,424.2000122070313,1130
2018-03-12,411.0,412.2999877929688,404.0,408.2999877929688,408.2999877929688,2280
2018-03-13,407.0,411.1000061035156,406.7999877929688,407.5,407.5,860
2018-03-14,424.0,428.6000061035156,420.7000122070313,420.7000122070313,420.7000122070313,4350
2018-03-15,419.5,440.7999877929688,419.2999877929688,436.2999877929688,436.2999877929688,2250
2018-03-16,440.0,440.0,432.0,432.7999877929688,432.7999877929688,1080
2018-03-19,449.0,449.7000122070313,445.0,446.0,446.0,2040
2018-03-20,441.8999938964844,446.2000122070313,434.1000061035156,439.6000061035156,439.6000061035156,1510
2018-03-21,433.3999938964844,452.0,433.3999938964844,448.8999938964844,448.8999938964844,3540
2018-03-22,449.3999938964844,456.6000061035156,441.2000122070313,456.5,456.5,1070
2018-03-23,465.7999877929688,465.7999877929688,455.8999938964844,463.7999877929688,463.7999877929688,1010
2018-03-26,456.6000061035156,457.3999938964844,449.0,449.3999938964844,449.3999938964844,3580
2018-03-27,444.5,450.0,433.1000061035156,435.3999938964844,435.3999938964844,4640
2018-03-28,439.5,442.2999877929688,437.3999938964844,438.3999938964844,438.3999938964844,2520
2018-03-29,419.5,429.7999877929688,418.8999938964844,428.2999877929688,428.2999877929688,5100
2018-04-02,448.5,453.7000122070313,443.8999938964844,445.8999938964844,445.8999938964844,4130
2018-04-03,441.7999877929688,442.7999877929688,437.5,439.7999877929688,439.7999877929688,1520
2018-04-04,429.3999938964844,437.7000122070313,425.5,437.0,437.0,4070
2018-04-05,438.8999938964844,451.7000122070313,438.8999938964844,445.7000122070313,445.7000122070313,2270
2018-04-06,437.3999938964844,440.0,435.2000122070313,438.1000061035156,438.1000061035156,1750
2018-04-09,441.0,456.0,439.2000122070313,439.8999938964844,439.8999938964844,2320
2018-04-10,451.2999877929688,455.5,450.2000122070313,451.8999938964844,451.8999938964844,2230
2018-04-11,447.0,449.7999877929688,444.2000122070313,449.6000061035156,449.6000061035156,1480
2018-04-12,445.8999938964844,450.0,442.8999938964844,447.0,447.0,890
2018-04-13,431.5,433.0,425.0,431.7999877929688,431.7999877929688,2070
2018-04-16,424.0,426.2000122070313,420.5,426.2000122070313,426.2000122070313,1590
2018-04-17,427.0,429.2999877929688,423.7999877929688,429.2999877929688,429.2999877929688,540
2018-04-18,421.0,431.0,416.0,427.7999877929688,427.7999877929688,2190
2018-04-19,443.0,451.0,431.5,446.8999938964844,446.8999938964844,6660
2018-04-20,443.5,443.5,429.0,429.5,429.5,2420
2018-04-23,433.1000061035156,433.1000061035156,425.7999877929688,428.5,428.5,1680
2018-04-24,422.1000061035156,422.1000061035156,417.0,417.5,417.5,2660
2018-04-25,421.1000061035156,424.2000122070313,417.6000061035156,417.6000061035156,417.6000061035156,4270
2018-04-26,417.7000122070313,418.2999877929688,408.6000061035156,412.5,412.5,5020
2018-04-27,422.2999877929688,428.2000122070313,422.0,428.0,428.0,3720
2018-04-30,435.0,440.2999877929688,430.3999938964844,430.7000122070313,430.7000122070313,1630
2018-05-01,418.2999877929688,426.6000061035156,416.0,419.2000122070313,419.2000122070313,4670
2018-05-02,429.1000061035156,434.7999877929688,428.2000122070313,432.7000122070313,432.7000122070313,4550
2018-05-03,441.0,449.2999877929688,440.2000122070313,441.0,441.0,4530
2018-05-04,443.6000061035156,450.7999877929688,443.3999938964844,447.3999938964844,447.3999938964844,2000
2018-05-07,437.0,442.2999877929688,433.3999938964844,441.6000061035156,441.6000061035156,3980
2018-05-08,442.0,450.5,438.7999877929688,441.5,441.5,4900
2018-05-09,443.2000122070313,443.7999877929688,437.2999877929688,443.1000061035156,443.1000061035156,2490
2018-05-10,434.8999938964844,438.2000122070313,419.6000061035156,422.2000122070313,422.2000122070313,11610
2018-05-11,424.0,426.7999877929688,419.7999877929688,420.3999938964844,420.3999938964844,3640
2018-05-14,422.3999938964844,422.3999938964844,411.6000061035156,413.6000061035156,413.6000061035156,4720
2018-05-15,409.0,415.5,407.2000122070313,414.2000122070313,414.2000122070313,1700
2018-05-16,416.8999938964844,420.0,416.0,418.7999877929688,418.7999877929688,3800
2018-05-17,423.0,425.0,403.2999877929688,405.7999877929688,405.7999877929688,7130
2018-05-18,406.1000061035156,408.2999877929688,399.6000061035156,408.2999877929688,408.2999877929688,2810
2018-05-21,407.0,414.2999877929688,407.0,411.0,411.0,2960
2018-05-22,400.2999877929688,402.3999938964844,388.1000061035156,390.0,390.0,3690
2018-05-23,385.0,386.2000122070313,378.6000061035156,382.7999877929688,382.7999877929688,2400
2018-05-24,384.2999877929688,386.6000061035156,378.8999938964844,379.1000061035156,379.1000061035156,3520
2018-05-25,374.3999938964844,386.7000122070313,373.7999877929688,381.7999877929688,381.7999877929688,6340
2018-05-29,397.7999877929688,406.8999938964844,396.7000122070313,397.3999938964844,397.3999938964844,5590
2018-05-30,404.0,404.0,399.2999877929688,400.1000061035156,400.1000061035156,2970
2018-05-31,390.0,390.0,374.7999877929688,382.7000122070313,382.7000122070313,8010
2018-06-01,382.7000122070313,387.1000061035156,377.5,378.5,378.5,4660
2018-06-04,383.5,390.2999877929688,381.2000122070313,389.7000122070313,389.7000122070313,4090
2018-06-05,401.6000061035156,402.0,396.2000122070313,399.8999938964844,399.8999938964844,4110
2018-06-06,398.0,404.1000061035156,395.6000061035156,397.2999877929688,397.2999877929688,3430
2018-06-07,384.0,390.0,379.2000122070313,388.7000122070313,388.7000122070313,8820
2018-06-08,400.0,402.0,395.7999877929688,395.7999877929688,395.7999877929688,2960
2018-06-11,383.0,388.5,382.0,387.0,387.0,3670
2018-06-12,387.0,392.8999938964844,385.8999938964844,387.3999938964844,387.3999938964844,4410
2018-06-13,383.0,383.7999877929688,378.1000061035156,383.1000061035156,383.1000061035156,6020
2018-06-14,382.5,389.2000122070313,377.7000122070313,378.5,378.5,4900
2018-06-15,370.7000122070313,370.7000122070313,363.0,363.0,363.0,5660
2018-06-18,372.3999938964844,379.8999938964844,369.2000122070313,378.2000122070313,378.2000122070313,5290
2018-06-19,387.5,394.8999938964844,387.3999938964844,387.3999938964844,387.3999938964844,4820
2018-06-20,375.0,378.7000122070313,375.0,375.2000122070313,375.2000122070313,1620
2018-06-21,369.3999938964844,380.2999877929688,366.0,374.5,374.5,3340
2018-06-22,384.0,386.0,380.7999877929688,381.2999877929688,381.2999877929688,3320
2018-06-25,391.3999938964844,392.0,385.5,385.5,385.5,1590
2018-06-26,389.2999877929688,391.6000061035156,382.7000122070313,382.7000122070313,382.7000122070313,1460
2018-06-27,372.3999938964844,378.7999877929688,368.8999938964844,372.7000122070313,372.7000122070313,6640
2018-06-28,367.0,384.0,363.7999877929688,378.2000122070313,378.2000122070313,4940
2018-06-29,384.2999877929688,388.6000061035156,380.8999938964844,386.2000122070313,386.2000122070313,1740
2018-07-02,401.0,402.7000122070313,399.7999877929688,401.0,401.0,4630
2018-07-03,401.5,401.5,391.7999877929688,395.0,395.0,2980
2018-07-05,406.7000122070313,411.1000061035156,406.6000061035156,411.1000061035156,411.1000061035156,2760
2018-07-06,411.1000061035156,411.2999877929688,404.2999877929688,406.0,406.0,2460
2018-07-09,410.7000122070313,416.2000122070313,409.2000122070313,413.7999877929688,413.7999877929688,3010
2018-07-10,415.3999938964844,426.7000122070313,415.3999938964844,426.7000122070313,426.7000122070313,2250
2018-07-11,418.0,420.5,413.1000061035156,414.5,414.5,1510
2018-07-12,419.0,424.5,414.7999877929688,422.2000122070313,422.2000122070313,2380
2018-07-13,428.0,435.6000061035156,428.0,432.1000061035156,432.1000061035156,1460
2018-07-16,433.0,439.0,430.0,432.3999938964844,432.3999938964844,1800
2018-07-17,433.5,442.6000061035156,433.5,441.5,441.5,1050
2018-07-18,442.1000061035156,446.2000122070313,442.0,443.2999877929688,443.2999877929688,1720
2018-07-19,450.7000122070313,451.7999877929688,430.0,431.2000122070313,431.2000122070313,2700
2018-07-20,429.3999938964844,434.0,428.2000122070313,434.0,434.0,1590
2018-07-23,443.0,447.3999938964844,443.0,445.3999938964844,445.3999938964844,1420
2018-07-24,441.2000122070313,442.2000122070313,435.5,435.5,435.5,580
2018-07-25,425.0,426.8999938964844,424.1000061035156,424.3999938964844,424.3999938964844,1040
2018-07-26,420.2000122070313,424.1000061035156,418.0,423.5,423.5,1510
2018-07-27,416.8999938964844,416.8999938964844,412.7999877929688,416.5,416.5,1540
2018-07-30,419.7999877929688,420.3999938964844,408.7999877929688,411.7999877929688,411.7999877929688,1780
2018-07-31,404.0,419.2000122070313,402.8999938964844,416.5,416.5,1170
2018-08-01,421.7000122070313,425.0,418.3999938964844,423.3999938964844,423.3999938964844,2060
2018-08-02,424.2999877929688,424.2999877929688,402.7000122070313,406.8999938964844,406.8999938964844,1320
2018-08-03,398.2000122070313,400.7999877929688,393.1000061035156,397.3999938964844,397.3999938964844,2090
2018-08-06,397.5,397.5,394.5,394.5,394.5,240
2018-08-07,388.1000061035156,388.1000061035156,383.1000061035156,383.7999877929688,383.7999877929688,830
2018-08-08,374.2000122070313,374.2000122070313,370.0,371.3999938964844,371.3999938964844,3470
2018-08-09,370.1000061035156,373.1000061035156,368.2000122070313,368.6000061035156,368.6000061035156,3080
2018-08-10,375.8999938964844,376.7000122070313,370.0,370.7999877929688,370.7999877929688,2430
2018-08-13,372.8999938964844,375.6000061035156,372.1000061035156,372.7999877929688,372.7999877929688,620
2018-08-14,368.2000122070313,368.2000122070313,363.6000061035156,367.0,367.0,2030
2018-08-15,368.7000122070313,371.1000061035156,367.5,369.8999938964844,369.8999938964844,1500
2018-08-16,369.0,381.3999938964844,368.7999877929688,377.7999877929688,377.7999877929688,3010
2018-08-17,368.7999877929688,370.6000061035156,365.6000061035156,369.6000061035156,369.6000061035156,2440
2018-08-20,371.5,374.0,370.8999938964844,372.2000122070313,372.2000122070313,1920
2018-08-21,369.0,370.8999938964844,365.7000122070313,365.7000122070313,365.7000122070313,1870
2018-08-22,369.3999938964844,372.0,369.3999938964844,371.1000061035156,371.1000061035156,790
2018-08-23,371.7999877929688,375.2000122070313,366.6000061035156,367.6000061035156,367.6000061035156,2350
2018-08-24,374.7999877929688,380.3999938964844,374.7999877929688,380.3999938964844,380.3999938964844,1940
2018-08-27,387.6000061035156,391.7999877929688,386.5,391.0,391.0,2850
2018-08-28,394.2999877929688,401.1000061035156,394.2999877929688,397.3999938964844,397.3999938964844,3070
2018-08-29,395.0,401.0,391.2000122070313,391.7000122070313,391.7000122070313,2250
2018-08-30,388.3999938964844,396.0,387.7999877929688,387.7999877929688,387.7999877929688,3300
2018-08-31,378.2999877929688,380.3999938964844,376.3999938964844,379.6000061035156,379.6000061035156,1160
2018-09-04,398.5,408.0,392.5,406.7000122070313,406.7000122070313,2390
2018-09-05,405.3999938964844,414.7999877929688,404.5,413.0,413.0,1170
2018-09-06,414.8999938964844,421.2999877929688,414.8999938964844,418.2000122070313,418.2000122070313,2670
2018-09-07,423.0,423.2000122070313,419.0,419.6000061035156,419.6000061035156,1020
2018-09-10,427.3999938964844,427.3999938964844,413.0,414.7999877929688,414.7999877929688,2870
2018-09-11,419.2999877929688,419.8999938964844,407.3999938964844,409.7999877929688,409.7999877929688,1160
2018-09-12,402.2999877929688,413.2000122070313,401.7000122070313,412.7999877929688,412.7999877929688,2860
2018-09-13,409.2000122070313,418.6000061035156,406.5,417.7999877929688,417.7999877929688,3560
2018-09-14,425.7999877929688,432.5,425.7999877929688,431.2000122070313,431.2000122070313,4980
2018-09-17,426.1000061035156,426.1000061035156,418.2000122070313,423.5,423.5,4130
2018-09-18,416.5,417.1000061035156,386.7000122070313,391.0,391.0,8370
2018-09-19,388.0,391.7000122070313,385.3999938964844,390.3999938964844,390.3999938964844,4250
2018-09-20,384.6000061035156,391.7000122070313,366.1000061035156,373.2000122070313,373.2000122070313,4500
2018-09-21,369.2000122070313,370.2000122070313,364.7000122070313,365.7000122070313,365.7000122070313,6150
2018-09-24,362.6000061035156,362.6000061035156,351.6000061035156,352.0,352.0,15230
2018-09-25,353.29998779296875,353.3999938964844,345.70001220703125,348.6000061035156,348.6000061035156,14490
2018-09-26,350.3999938964844,366.7000122070313,346.1000061035156,363.3999938964844,363.3999938964844,6200
2018-09-27,357.70001220703125,357.70001220703125,333.8999938964844,345.6000061035156,345.6000061035156,5500
2018-09-28,357.0,362.7000122070313,355.20001220703125,356.5,356.5,18920
2018-10-01,343.5,343.5,331.1000061035156,332.5,332.5,3440
2018-10-02,330.0,332.20001220703125,314.1000061035156,322.0,322.0,10610
2018-10-03,315.6000061035156,315.6000061035156,301.3999938964844,303.8999938964844,303.8999938964844,12780
2018-10-04,304.1000061035156,325.79998779296875,303.8999938964844,315.3999938964844,315.3999938964844,10900
2018-10-05,312.0,330.29998779296875,311.70001220703125,322.6000061035156,322.6000061035156,4300
2018-10-08,304.20001220703125,304.20001220703125,294.5,299.0,299.0,6280
2018-10-09,297.0,302.79998779296875,293.0,295.20001220703125,295.20001220703125,3310
2018-10-10,285.8999938964844,297.6000061035156,281.0,296.20001220703125,296.20001220703125,8780
2018-10-11,305.8999938964844,311.20001220703125,299.29998779296875,299.29998779296875,299.29998779296875,3500
2018-10-12,303.3999938964844,313.79998779296875,303.3999938964844,312.6000061035156,312.6000061035156,6830
2018-10-15,300.1000061035156,302.1000061035156,293.1000061035156,293.79998779296875,293.79998779296875,1540
2018-10-16,296.0,299.0,293.5,296.3999938964844,296.3999938964844,2310
2018-10-17,290.70001220703125,296.1000061035156,284.0,285.29998779296875,285.29998779296875,8330
2018-10-18,294.29998779296875,305.5,293.8999938964844,299.70001220703125,299.70001220703125,6930
2018-10-19,304.5,304.5,293.79998779296875,294.6000061035156,294.6000061035156,4220
2018-10-22,307.0,312.6000061035156,303.6000061035156,311.6000061035156,311.6000061035156,11640
2018-10-23,302.5,304.1000061035156,294.6000061035156,298.70001220703125,298.70001220703125,13620
2018-10-24,296.0,310.79998779296875,296.0,304.8999938964844,304.8999938964844,7650
2018-10-25,306.1000061035156,314.20001220703125,300.3999938964844,308.20001220703125,308.20001220703125,3860
2018-10-26,317.70001220703125,322.0,305.0,306.0,306.0,3870
2018-10-29,324.1000061035156,326.0,314.3999938964844,316.6000061035156,316.6000061035156,3470
2018-10-30,307.70001220703125,320.0,306.79998779296875,314.20001220703125,314.20001220703125,3550
2018-10-31,310.79998779296875,316.0,301.20001220703125,302.20001220703125,302.20001220703125,5420
2018-11-01,305.1000061035156,314.79998779296875,302.1000061035156,310.20001220703125,310.20001220703125,4140
2018-11-02,320.70001220703125,321.20001220703125,300.29998779296875,304.8999938964844,304.8999938964844,6140
2018-11-05,260.20001220703125,269.20001220703125,254.8000030517578,257.3999938964844,257.3999938964844,12870
2018-11-06,256.0,258.6000061035156,253.6000061035156,257.29998779296875,257.29998779296875,4860
2018-11-07,259.5,263.8999938964844,256.3999938964844,259.79998779296875,259.79998779296875,4710
2018-11-08,258.8999938964844,264.5,255.8000030517578,256.6000061035156,256.6000061035156,42550
2018-11-09,241.6999969482422,241.6999969482422,221.1999969482422,234.8999938964844,234.8999938964844,67410
2018-11-12,225.6000061035156,230.0,213.8999938964844,214.1999969482422,214.1999969482422,41190
2018-11-13,206.3000030517578,206.3000030517578,183.3999938964844,187.3999938964844,187.3999938964844,101480
2018-11-14,156.10000610351562,159.39999389648438,112.5,117.1999969482422,117.1999969482422,136360
2018-11-15,141.5,167.10000610351562,139.60000610351562,167.0,167.0,110910
2018-11-16,149.6999969482422,152.39999389648438,132.0,133.10000610351562,133.10000610351562,55690
2018-11-19,122.0999984741211,127.5,106.0,117.1999969482422,117.1999969482422,89070
2018-11-20,121.5999984741211,132.6999969482422,116.9000015258789,119.5,119.5,70550
2018-11-21,116.1999969482422,125.0,109.0,122.3000030517578,122.3000030517578,57780
2018-11-23,125.3000030517578,125.3000030517578,116.1999969482422,121.4000015258789,121.4000015258789,26070
2018-11-26,141.5,142.60000610351562,131.3000030517578,134.8000030517578,134.8000030517578,49010
2018-11-27,139.60000610351562,142.39999389648438,130.60000610351562,137.39999389648438,137.39999389648438,27790
2018-11-28,125.3000030517578,129.0,107.1999969482422,110.0,110.0,68380
2018-11-29,114.5,119.4000015258789,109.9000015258789,113.5999984741211,113.5999984741211,57010
2018-11-30,112.5,118.5999984741211,110.0999984741211,111.9000015258789,111.9000015258789,105800
2018-12-03,125.6999969482422,129.6999969482422,123.0999984741211,125.3000030517578,125.3000030517578,55450
2018-12-04,115.0,119.0999984741211,112.8000030517578,117.1999969482422,117.1999969482422,35890
2018-12-06,126.4000015258789,128.1999969482422,122.4000015258789,123.1999969482422,123.1999969482422,31760
2018-12-07,121.3000030517578,121.5999984741211,111.5,115.4000015258789,115.4000015258789,37390
2018-12-10,116.5999984741211,118.5,108.3000030517578,116.3000030517578,116.3000030517578,36600
2018-12-11,118.9000015258789,123.4000015258789,118.5,122.3000030517578,122.3000030517578,28660
2018-12-12,131.39999389648438,135.6999969482422,128.60000610351562,134.3000030517578,134.3000030517578,31380
2018-12-13,125.0,136.6999969482422,124.1999969482422,132.89999389648438,132.89999389648438,56020
2018-12-14,144.10000610351562,152.6999969482422,143.0,152.39999389648438,152.39999389648438,55890
2018-12-17,161.0,176.5,161.0,172.89999389648438,172.89999389648438,47880
2018-12-18,161.10000610351562,164.0,147.6999969482422,150.8000030517578,150.8000030517578,37250
2018-12-19,165.0,168.1999969482422,151.10000610351562,154.10000610351562,154.10000610351562,24750
2018-12-20,146.5,164.39999389648438,145.1999969482422,154.5,154.5,24970
2018-12-21,157.0,161.10000610351562,146.1999969482422,155.5,155.5,34690
2018-12-24,167.10000610351562,169.0,163.5,164.39999389648438,164.39999389648438,18600
2018-12-26,174.60000610351562,179.39999389648438,167.0,173.39999389648438,173.39999389648438,41110
2018-12-27,173.3000030517578,177.8000030517578,162.0,167.1999969482422,167.1999969482422,21280
2018-12-28,177.1999969482422,183.3000030517578,172.1999969482422,180.8000030517578,180.8000030517578,28050
2018-12-31,198.3999938964844,216.3000030517578,198.0,212.1999969482422,212.1999969482422,29930
2019-01-02,218.1000061035156,220.3999938964844,209.5,217.3000030517578,217.3000030517578,15280
2019-01-03,221.0,227.3999938964844,218.5,223.6000061035156,223.6000061035156,14720
2019-01-04,214.0,223.0,206.8999938964844,210.1999969482422,210.1999969482422,14690
2019-01-07,216.5,218.1999969482422,210.3999938964844,215.6000061035156,215.6000061035156,8180
2019-01-08,205.0,217.5,202.8999938964844,214.1999969482422,214.1999969482422,13230
2019-01-09,216.3999938964844,220.0,212.3000030517578,214.0,214.0,10130
2019-01-10,211.1999969482422,220.8000030517578,208.3999938964844,217.6000061035156,217.6000061035156,7680
2019-01-11,209.6000061035156,211.6000061035156,192.5,196.3999938964844,196.3999938964844,10780
2019-01-14,173.10000610351562,173.10000610351562,151.60000610351562,154.3000030517578,154.3000030517578,67010
2019-01-15,154.10000610351562,161.60000610351562,152.3000030517578,160.0,160.0,24360
2019-01-16,147.5,169.89999389648438,146.0,164.5,164.5,47740
2019-01-17,154.0,166.8000030517578,153.6999969482422,164.1999969482422,164.1999969482422,34710
2019-01-18,174.1999969482422,174.1999969482422,156.8000030517578,162.0,162.0,36350
2019-01-22,176.1999969482422,184.1999969482422,173.8000030517578,181.3999938964844,181.3999938964844,41190
2019-01-23,176.5,192.5,174.8000030517578,185.3000030517578,185.3000030517578,23120
2019-01-24,179.1999969482422,183.6000061035156,173.0,176.39999389648438,176.39999389648438,32440
2019-01-25,183.0,183.0,168.60000610351562,170.89999389648438,170.89999389648438,25250
2019-01-28,190.3999938964844,194.0,187.6000061035156,191.3999938964844,191.3999938964844,34430
2019-01-29,198.1000061035156,198.6000061035156,186.8000030517578,189.5,189.5,10230
2019-01-30,192.3000030517578,196.1000061035156,190.3000030517578,193.1999969482422,193.1999969482422,9900
2019-01-31,192.0,202.1999969482422,191.6000061035156,198.1999969482422,198.1999969482422,18600
2019-02-01,204.6000061035156,212.1000061035156,201.8999938964844,211.1000061035156,211.1000061035156,16960
2019-02-04,221.6000061035156,223.8000030517578,218.5,222.6000061035156,222.6000061035156,9010
2019-02-05,220.5,224.1000061035156,215.5,218.8000030517578,218.8000030517578,9860
2019-02-06,221.6999969482422,225.0,217.6999969482422,220.8000030517578,220.8000030517578,5910
2019-02-07,228.5,241.6999969482422,228.5,238.3000030517578,238.3000030517578,14070
2019-02-08,235.8000030517578,240.0,231.0,231.1999969482422,231.1999969482422,4520
2019-02-11,216.1999969482422,225.6999969482422,215.5,225.0,225.0,12510
2019-02-12,224.8999938964844,224.8999938964844,216.8000030517578,221.3999938964844,221.3999938964844,11270
2019-02-13,230.8000030517578,232.6000061035156,226.0,229.1999969482422,229.1999969482422,6640
2019-02-14,230.0,234.1999969482422,228.5,233.8000030517578,233.8000030517578,13670
2019-02-15,229.6000061035156,234.1999969482422,225.3000030517578,226.1999969482422,226.1999969482422,18500
2019-02-19,226.5,226.8999938964844,219.3999938964844,221.1000061035156,221.1000061035156,33970
2019-02-20,218.6999969482422,224.8999938964844,217.8000030517578,223.1000061035156,223.1000061035156,10260
2019-02-21,219.1000061035156,220.6999969482422,215.0,215.8000030517578,215.8000030517578,19680
2019-02-22,218.0,218.1000061035156,212.5,215.6000061035156,215.6000061035156,8170
2019-02-25,207.1000061035156,210.3999938964844,202.3000030517578,203.6000061035156,203.6000061035156,12100
2019-02-26,200.3999938964844,210.1000061035156,200.1999969482422,208.3999938964844,208.3999938964844,9640
2019-02-27,209.5,210.6000061035156,203.8000030517578,204.0,204.0,5700
2019-02-28,201.1999969482422,207.0,200.1000061035156,204.6000061035156,204.6000061035156,8060
2019-03-01,196.8000030517578,200.8999938964844,196.6999969482422,199.1999969482422,199.1999969482422,9120
2019-03-04,198.0,201.1999969482422,197.1000061035156,198.8999938964844,198.8999938964844,4370
2019-03-05,197.5,200.0,194.3999938964844,194.8000030517578,194.8000030517578,7160
2019-03-06,197.1999969482422,201.6000061035156,196.6999969482422,198.6999969482422,198.6999969482422,6970
2019-03-07,198.6999969482422,200.8999938964844,195.6000061035156,196.5,196.5,4140
2019-03-08,195.8000030517578,197.3999938964844,195.6000061035156,197.1000061035156,197.1000061035156,6760
2019-03-11,206.0,209.0,205.5,208.0,208.0,6730
2019-03-12,208.3999938964844,210.1999969482422,204.6999969482422,205.0,205.0,4510
2019-03-13,203.6999969482422,203.6999969482422,200.5,200.8000030517578,200.8000030517578,3010
2019-03-14,198.8000030517578,202.6999969482422,197.3000030517578,198.5,198.5,8400
2019-03-15,201.6000061035156,205.6000061035156,201.1999969482422,205.3000030517578,205.3000030517578,6620
2019-03-18,200.8000030517578,200.8000030517578,196.5,198.5,198.5,9100
2019-03-19,196.5,197.8999938964844,195.1999969482422,196.5,196.5,3250
2019-03-20,199.5,202.3000030517578,199.5,200.0,200.0,2410
2019-03-21,204.0,205.0,201.0,201.3999938964844,201.3999938964844,8600
2019-03-22,208.1000061035156,210.5,207.8999938964844,208.6000061035156,208.6000061035156,8890
2019-03-25,212.0,212.0,207.6999969482422,209.3000030517578,209.3000030517578,6240
2019-03-26,210.5,213.0,210.3000030517578,212.6000061035156,212.6000061035156,2870
2019-03-27,219.0,221.6000061035156,215.8000030517578,216.6000061035156,216.6000061035156,8560
2019-03-28,217.1000061035156,218.6000061035156,215.1999969482422,216.8000030517578,216.8000030517578,3590
2019-03-29,222.6000061035156,226.8000030517578,221.8000030517578,225.1000061035156,225.1000061035156,3900
2019-04-01,220.6999969482422,220.6999969482422,214.8999938964844,219.3999938964844,219.3999938964844,5470
2019-04-02,221.6000061035156,224.0,220.3000030517578,221.6000061035156,221.6000061035156,2290
2019-04-03,224.1999969482422,226.6999969482422,222.5,224.1999969482422,224.1999969482422,2110
2019-04-04,224.3999938964844,230.3000030517578,224.0,229.8000030517578,229.8000030517578,7390
2019-04-05,227.8000030517578,228.1000061035156,224.6000061035156,224.6000061035156,224.6000061035156,1450
2019-04-08,221.3999938964844,221.3999938964844,216.5,217.8000030517578,217.8000030517578,4120
2019-04-09,221.1999969482422,221.3000030517578,218.3999938964844,218.3999938964844,218.3999938964844,1310
2019-04-10,219.5,220.3000030517578,217.3999938964844,219.8999938964844,219.8999938964844,1990
2019-04-11,222.8999938964844,226.1999969482422,220.1000061035156,224.1000061035156,224.1000061035156,3130
2019-04-12,223.0,226.8000030517578,222.6000061035156,226.1999969482422,226.1999969482422,6660
2019-04-15,233.1000061035156,237.1000061035156,232.8999938964844,236.1999969482422,236.1999969482422,4890
2019-04-16,236.3999938964844,239.3999938964844,236.3000030517578,239.1000061035156,239.1000061035156,5590
2019-04-17,245.1999969482422,251.0,244.8999938964844,250.6000061035156,250.6000061035156,4860
2019-04-18,251.6000061035156,255.3000030517578,249.8999938964844,254.5,254.5,14030
2019-04-22,250.3000030517578,251.8000030517578,248.3000030517578,250.3000030517578,250.3000030517578,5070
2019-04-23,257.5,263.0,257.5,262.1000061035156,262.1000061035156,3150
2019-04-24,259.0,262.6000061035156,258.6000061035156,261.5,261.5,820
2019-04-25,261.29998779296875,264.5,251.0,253.8999938964844,253.8999938964844,3740
2019-04-26,247.3999938964844,248.1999969482422,243.3000030517578,245.6999969482422,245.6999969482422,3820
2019-04-29,248.1999969482422,253.0,244.8999938964844,244.8999938964844,244.8999938964844,1700
2019-04-30,245.5,249.8999938964844,245.0,249.3000030517578,249.3000030517578,2130
2019-05-01,243.8999938964844,244.8999938964844,240.6000061035156,242.3999938964844,242.3999938964844,7470
2019-05-02,247.3999938964844,252.0,246.0,248.6000061035156,248.6000061035156,2960
2019-05-03,251.8000030517578,254.3999938964844,251.1000061035156,253.1999969482422,253.1999969482422,3300
2019-05-06,258.0,261.70001220703125,256.79998779296875,259.8999938964844,259.8999938964844,1910
2019-05-07,256.70001220703125,259.3999938964844,254.3999938964844,257.1000061035156,257.1000061035156,730
2019-05-08,249.3000030517578,249.3000030517578,242.8000030517578,243.8000030517578,243.8000030517578,6110
2019-05-09,247.6000061035156,250.6000061035156,246.0,246.6000061035156,246.6000061035156,2140
2019-05-10,247.3000030517578,247.3000030517578,236.6999969482422,241.0,241.0,3050
2019-05-13,238.0,243.1999969482422,236.6000061035156,241.6999969482422,241.6999969482422,7280
2019-05-14,237.6999969482422,239.3999938964844,235.0,236.6000061035156,236.6000061035156,5160
2019-05-15,239.0,245.6000061035156,239.0,244.0,244.0,6360
2019-05-16,241.0,243.1999969482422,237.3999938964844,237.6999969482422,237.6999969482422,3060
2019-05-17,236.1999969482422,240.3999938964844,235.0,240.3999938964844,240.3999938964844,3250
2019-05-20,232.0,234.1999969482422,228.5,233.8999938964844,233.8999938964844,4560
2019-05-21,239.1000061035156,243.3999938964844,238.6999969482422,242.0,242.0,4730
2019-05-22,248.1999969482422,258.20001220703125,248.1999969482422,256.6000061035156,256.6000061035156,6480
2019-05-23,254.5,258.70001220703125,249.6000061035156,251.6000061035156,251.6000061035156,3540
2019-05-24,257.70001220703125,258.0,246.3000030517578,248.6999969482422,248.6999969482422,2510
2019-05-28,257.0,257.6000061035156,251.8000030517578,253.3999938964844,253.3999938964844,2310
2019-05-29,242.8000030517578,247.0,241.0,245.6000061035156,245.6000061035156,20460
2019-05-30,251.8999938964844,261.6000061035156,251.8999938964844,257.0,257.0,3430
2019-05-31,269.3999938964844,278.1000061035156,266.8999938964844,277.5,277.5,3380
2019-06-03,281.5,294.20001220703125,281.5,290.20001220703125,290.20001220703125,6600
2019-06-04,291.1000061035156,291.1000061035156,278.3999938964844,284.79998779296875,284.79998779296875,2540
2019-06-05,291.6000061035156,301.20001220703125,290.20001220703125,296.6000061035156,296.6000061035156,4140
2019-06-06,300.70001220703125,313.29998779296875,293.0,306.1000061035156,306.1000061035156,7040
2019-06-07,307.8999938964844,313.5,301.79998779296875,304.6000061035156,304.6000061035156,19810
2019-06-10,304.79998779296875,306.1000061035156,298.79998779296875,299.79998779296875,299.79998779296875,5980
2019-06-11,304.70001220703125,305.0,287.20001220703125,289.79998779296875,289.79998779296875,5190
2019-06-12,294.0,297.0,291.20001220703125,295.1000061035156,295.1000061035156,2590
2019-06-13,297.79998779296875,307.6000061035156,296.1000061035156,305.5,305.5,19370
2019-06-14,300.0,301.29998779296875,288.20001220703125,289.79998779296875,289.79998779296875,6400
2019-06-17,290.20001220703125,297.0,290.0,295.29998779296875,295.29998779296875,8480
2019-06-18,300.6000061035156,312.0,298.3999938964844,309.3999938964844,309.3999938964844,9650
2019-06-19,304.1000061035156,323.1000061035156,303.8999938964844,321.1000061035156,321.1000061035156,2920
2019-06-20,321.0,360.0,319.3999938964844,345.0,345.0,13590
2019-06-21,351.20001220703125,354.6000061035156,345.29998779296875,350.3999938964844,350.3999938964844,5730
2019-06-24,329.8999938964844,333.1000061035156,310.79998779296875,315.79998779296875,315.79998779296875,19840
2019-06-25,320.0,326.6000061035156,311.3999938964844,319.8999938964844,319.8999938964844,8810
2019-06-26,318.5,321.70001220703125,310.0,317.8999938964844,317.8999938964844,4880
2019-06-27,317.29998779296875,317.29998779296875,299.3999938964844,304.0,304.0,10830
2019-06-28,294.5,307.0,292.70001220703125,305.79998779296875,305.79998779296875,6670
2019-07-01,320.1000061035156,330.0,317.3999938964844,320.29998779296875,320.29998779296875,5010
2019-07-02,316.6000061035156,327.5,316.6000061035156,325.6000061035156,325.6000061035156,2250
2019-07-03,316.1000061035156,322.20001220703125,313.5,314.6000061035156,314.6000061035156,1860
2019-07-05,287.0,287.20001220703125,270.8999938964844,279.79998779296875,279.79998779296875,19630
2019-07-08,281.1000061035156,286.6000061035156,276.5,276.70001220703125,276.70001220703125,6380
2019-07-09,279.3999938964844,281.8999938964844,269.3999938964844,272.8999938964844,272.8999938964844,3450
2019-07-10,262.1000061035156,270.5,257.5,266.79998779296875,266.79998779296875,7980
2019-07-11,261.8999938964844,278.79998779296875,258.8999938964844,276.70001220703125,276.70001220703125,10020
2019-07-12,265.0,268.3999938964844,261.1000061035156,266.20001220703125,266.20001220703125,5630
2019-07-15,273.5,282.79998779296875,273.0,277.8999938964844,277.8999938964844,12790
2019-07-16,295.0,302.20001220703125,293.70001220703125,296.6000061035156,296.6000061035156,11730
2019-07-17,298.0,305.79998779296875,292.0,300.29998779296875,300.29998779296875,3770
2019-07-18,297.8999938964844,310.5,291.0,306.1000061035156,306.1000061035156,6080
2019-07-19,315.20001220703125,317.70001220703125,313.20001220703125,314.1000061035156,314.1000061035156,6860
2019-07-22,307.0,307.0,292.79998779296875,298.3999938964844,298.3999938964844,9660
2019-07-23,301.70001220703125,303.29998779296875,297.6000061035156,303.29998779296875,303.29998779296875,1860
2019-07-24,313.0,323.70001220703125,313.0,319.6000061035156,319.6000061035156,3850
2019-07-25,312.70001220703125,319.5,308.0,316.3999938964844,316.3999938964844,5960
2019-07-26,332.79998779296875,336.20001220703125,328.79998779296875,332.3999938964844,332.3999938964844,6070
2019-07-29,340.5,350.70001220703125,340.0,345.8999938964844,345.8999938964844,5830
2019-07-30,347.3999938964844,347.3999938964844,338.6000061035156,340.3999938964844,340.3999938964844,3740
2019-07-31,318.1000061035156,320.79998779296875,298.3999938964844,307.6000061035156,307.6000061035156,14920
2019-08-01,290.0,327.20001220703125,287.70001220703125,327.20001220703125,327.20001220703125,5890
2019-08-02,341.1000061035156,353.0,334.8999938964844,335.5,335.5,13310
2019-08-05,366.1000061035156,366.1000061035156,345.79998779296875,353.70001220703125,353.70001220703125,7940
2019-08-06,348.6000061035156,349.1000061035156,336.3999938964844,345.20001220703125,345.20001220703125,2070
2019-08-07,343.0,353.5,337.3999938964844,352.20001220703125,352.20001220703125,4020
2019-08-08,341.0,346.29998779296875,329.70001220703125,339.1000061035156,339.1000061035156,3720
2019-08-09,341.70001220703125,342.6000061035156,333.5,340.20001220703125,340.20001220703125,2360
2019-08-12,333.5,348.0,333.5,343.8999938964844,343.8999938964844,1810
2019-08-13,336.0,340.3999938964844,325.5,332.8999938964844,332.8999938964844,3770
2019-08-14,335.20001220703125,341.29998779296875,331.8999938964844,332.0,332.0,2770
2019-08-15,330.0,332.5,301.3999938964844,314.79998779296875,314.79998779296875,13580
2019-08-16,321.0,326.6000061035156,319.5,321.20001220703125,321.20001220703125,4060
2019-08-19,333.3999938964844,333.3999938964844,319.1000061035156,322.3999938964844,322.3999938964844,6200
2019-08-20,322.20001220703125,325.3999938964844,317.3999938964844,319.29998779296875,319.29998779296875,2940
2019-08-21,321.70001220703125,333.20001220703125,321.70001220703125,328.8999938964844,328.8999938964844,5780
2019-08-22,327.3999938964844,337.8999938964844,325.79998779296875,335.6000061035156,335.6000061035156,6400
2019-08-23,342.5,343.5,335.0,337.29998779296875,337.29998779296875,3260
2019-08-26,321.0,324.0,314.0,316.5,316.5,5420
2019-08-27,328.0,328.29998779296875,322.1000061035156,325.0,325.0,5490
2019-08-28,310.5,319.0,304.0,314.5,314.5,4270
2019-08-29,301.20001220703125,310.0,297.1000061035156,300.6000061035156,300.6000061035156,5350
2019-08-30,305.6000061035156,306.0,299.3999938964844,304.79998779296875,304.79998779296875,1630
2019-09-03,288.0,290.5,283.79998779296875,286.8999938964844,286.8999938964844,3090
2019-09-04,275.6000061035156,280.70001220703125,260.0,263.0,263.0,6020
2019-09-05,264.3999938964844,272.5,257.6000061035156,261.79998779296875,261.79998779296875,7890
2019-09-06,265.0,265.0,249.0,251.3999938964844,251.3999938964844,6200
2019-09-09,243.3999938964844,243.3999938964844,233.3000030517578,233.8999938964844,233.8999938964844,6550
2019-09-10,230.8000030517578,237.3999938964844,230.8000030517578,235.5,235.5,6790
2019-09-11,242.0,243.1000061035156,234.5,242.6999969482422,242.6999969482422,8140
2019-09-12,244.3999938964844,247.1999969482422,236.8999938964844,239.0,239.0,6580
2019-09-13,236.6999969482422,241.8999938964844,226.1999969482422,229.1999969482422,229.1999969482422,6110
2019-09-16,221.5,224.6999969482422,215.8999938964844,217.3000030517578,217.3000030517578,5920
2019-09-17,222.8000030517578,223.5,216.8000030517578,222.6999969482422,222.6999969482422,10880
2019-09-18,224.1999969482422,233.0,223.6999969482422,228.6000061035156,228.6000061035156,5680
2019-09-19,233.6999969482422,244.1999969482422,233.6999969482422,242.0,242.0,10310
2019-09-20,239.0,251.8999938964844,239.0,245.5,245.5,7240
2019-09-23,250.3999938964844,253.0,243.6000061035156,245.3000030517578,245.3000030517578,4440
2019-09-24,243.5,254.0,243.5,252.3000030517578,252.3000030517578,4680
2019-09-25,261.0,262.20001220703125,250.0,253.8999938964844,253.8999938964844,6640
2019-09-26,257.6000061035156,274.5,257.29998779296875,267.20001220703125,267.20001220703125,8900
2019-09-27,281.0,282.20001220703125,270.6000061035156,277.8999938964844,277.8999938964844,4600
2019-09-30,291.5,295.20001220703125,286.70001220703125,294.70001220703125,294.70001220703125,4880
2019-10-01,302.0,309.20001220703125,299.8999938964844,303.20001220703125,303.20001220703125,6500
2019-10-02,305.20001220703125,315.5,304.0,311.5,311.5,4250
2019-10-03,319.20001220703125,327.29998779296875,287.70001220703125,290.20001220703125,290.20001220703125,8770
2019-10-04,301.29998779296875,301.29998779296875,276.0,286.8999938964844,286.8999938964844,7440
2019-10-07,296.8999938964844,301.0,289.29998779296875,298.3999938964844,298.3999938964844,6010
2019-10-08,303.8999938964844,306.29998779296875,301.29998779296875,301.29998779296875,301.29998779296875,3240
2019-10-09,305.20001220703125,315.8999938964844,303.1000061035156,314.8999938964844,314.8999938964844,3070
2019-10-10,313.5,323.20001220703125,311.3999938964844,323.0,323.0,1670
2019-10-11,322.29998779296875,327.3999938964844,310.0,311.20001220703125,311.20001220703125,4940
2019-10-14,300.1000061035156,312.20001220703125,300.1000061035156,303.6000061035156,303.6000061035156,4860
2019-10-15,303.1000061035156,306.29998779296875,298.0,298.0,298.0,9970
2019-10-16,296.1000061035156,310.3999938964844,292.29998779296875,309.1000061035156,309.1000061035156,5280
2019-10-17,303.1000061035156,307.5,298.1000061035156,300.29998779296875,300.29998779296875,9470
2019-10-18,304.29998779296875,306.1000061035156,295.3999938964844,295.3999938964844,295.3999938964844,5560
2019-10-21,316.0,320.6000061035156,313.29998779296875,313.29998779296875,313.29998779296875,8720
2019-10-22,312.0,316.70001220703125,309.6000061035156,315.8999938964844,315.8999938964844,4720
2019-10-23,318.6000061035156,326.6000061035156,318.6000061035156,323.5,323.5,5310
2019-10-24,320.79998779296875,327.8999938964844,313.70001220703125,314.79998779296875,314.79998779296875,7920
2019-10-25,316.6000061035156,319.20001220703125,313.5,316.1000061035156,316.1000061035156,3260
2019-10-28,297.29998779296875,305.70001220703125,288.79998779296875,293.6000061035156,293.6000061035156,13920
2019-10-29,276.5,281.70001220703125,265.79998779296875,281.6000061035156,281.6000061035156,17300
2019-10-30,264.1000061035156,272.3999938964844,263.3999938964844,267.3999938964844,267.3999938964844,15000
2019-10-31,263.29998779296875,281.8999938964844,263.29998779296875,276.79998779296875,276.79998779296875,11480
2019-11-01,283.79998779296875,283.79998779296875,261.29998779296875,265.1000061035156,265.1000061035156,13690
2019-11-04,245.0,249.3000030517578,241.6000061035156,244.8999938964844,244.8999938964844,13040
2019-11-05,236.5,241.8999938964844,233.0,235.6000061035156,235.6000061035156,7990
2019-11-06,235.6999969482422,244.1000061035156,233.6000061035156,241.8999938964844,241.8999938964844,12290
2019-11-07,248.0,255.0,235.6999969482422,248.3999938964844,248.3999938964844,26690
2019-11-08,246.0,253.5,246.0,249.0,249.0,28550
2019-11-11,269.3999938964844,277.0,269.1000061035156,273.3999938964844,273.3999938964844,9800
2019-11-12,270.20001220703125,279.0,270.0,275.79998779296875,275.79998779296875,12750
2019-11-13,282.5,287.0,267.1000061035156,267.3999938964844,267.3999938964844,14270
2019-11-14,272.3999938964844,277.79998779296875,266.79998779296875,275.20001220703125,275.20001220703125,13730
2019-11-15,274.70001220703125,278.3999938964844,261.79998779296875,270.0,270.0,8290
2019-11-18,285.29998779296875,295.29998779296875,281.0,294.70001220703125,294.70001220703125,28470
2019-11-19,302.0,305.1000061035156,298.29998779296875,304.79998779296875,304.79998779296875,11240
2019-11-20,298.29998779296875,301.0,291.5,295.0,295.0,13020
2019-11-21,296.8999938964844,304.3999938964844,289.79998779296875,290.70001220703125,290.70001220703125,15850
2019-11-22,282.70001220703125,283.79998779296875,270.79998779296875,274.5,274.5,33480
2019-11-25,295.0,300.79998779296875,294.3999938964844,299.20001220703125,299.20001220703125,15720
2019-11-26,312.79998779296875,318.29998779296875,310.20001220703125,311.8999938964844,311.8999938964844,32720
2019-11-27,314.8999938964844,321.29998779296875,311.29998779296875,318.70001220703125,318.70001220703125,11190
2019-11-29,349.1000061035156,365.7999877929688,349.1000061035156,364.5,364.5,8710
2019-12-02,360.0,370.6000061035156,354.6000061035156,355.70001220703125,355.70001220703125,10360
2019-12-03,331.3999938964844,336.0,304.3999938964844,323.8999938964844,323.8999938964844,26430
2019-12-04,337.79998779296875,343.70001220703125,330.0,331.70001220703125,331.70001220703125,5580
2019-12-05,326.70001220703125,330.8999938964844,318.5,330.3999938964844,330.3999938964844,11080
2019-12-06,331.20001220703125,353.29998779296875,331.20001220703125,348.70001220703125,348.70001220703125,11960
2019-12-09,383.3999938964844,392.5,375.5,375.5,375.5,11780
2019-12-10,376.2999877929688,381.7000122070313,366.0,370.7999877929688,370.7999877929688,5900
2019-12-11,366.0,378.0,362.8999938964844,377.5,377.5,5680
2019-12-12,366.2000122070313,371.8999938964844,345.8999938964844,351.70001220703125,351.70001220703125,5690
2019-12-13,365.5,369.0,356.79998779296875,363.6000061035156,363.6000061035156,19230
2019-12-16,351.3999938964844,353.8999938964844,346.70001220703125,351.79998779296875,351.79998779296875,6050
2019-12-17,361.3999938964844,364.0,355.0,359.20001220703125,359.20001220703125,5400
2019-12-18,368.2999877929688,374.0,368.2999877929688,369.1000061035156,369.1000061035156,2510
2019-12-19,378.3999938964844,379.1000061035156,362.2000122070313,368.0,368.0,5510
2019-12-20,356.3999938964844,366.1000061035156,356.20001220703125,359.79998779296875,359.79998779296875,5920
2019-12-23,381.7999877929688,385.7999877929688,380.7999877929688,382.6000061035156,382.6000061035156,9620
2019-12-24,391.5,394.6000061035156,388.1000061035156,389.7000122070313,389.7000122070313,2600
2019-12-26,372.1000061035156,373.2000122070313,365.5,371.7000122070313,371.7000122070313,7010
2019-12-27,385.8999938964844,393.5,375.3999938964844,375.3999938964844,375.3999938964844,6180
2019-12-30,377.0,385.6000061035156,375.3999938964844,384.2999877929688,384.2999877929688,2470
2019-12-31,392.5,395.5,382.7999877929688,388.2000122070313,388.2000122070313,3130
2020-01-02,396.2000122070313,410.0,395.6000061035156,404.8999938964844,404.8999938964844,9720
2020-01-03,404.2999877929688,406.7000122070313,393.6000061035156,403.7999877929688,403.7999877929688,4720
2020-01-06,392.0,400.5,388.8999938964844,388.8999938964844,388.8999938964844,12810
2020-01-07,394.6000061035156,394.6000061035156,381.1000061035156,388.8999938964844,388.8999938964844,3200
2020-01-08,394.5,403.2000122070313,389.0,389.2999877929688,389.2999877929688,3580
2020-01-09,398.3999938964844,405.0,386.0,389.5,389.5,3840
2020-01-10,380.7000122070313,383.3999938964844,375.7999877929688,380.1000061035156,380.1000061035156,3990
2020-01-13,388.5,395.0,381.5,382.7999877929688,382.7999877929688,4930
2020-01-14,369.8999938964844,388.2000122070313,368.5,388.0,388.0,5930
2020-01-15,406.0,410.5,404.2999877929688,407.7000122070313,407.7000122070313,4490
2020-01-16,409.0,427.7999877929688,393.0,424.8999938964844,424.8999938964844,7590
2020-01-17,443.2000122070313,452.7999877929688,442.1000061035156,451.8999938964844,451.8999938964844,11180
2020-01-21,479.2999877929688,505.7999877929688,474.3999938964844,487.7999877929688,487.7999877929688,12180
2020-01-22,484.7000122070313,489.6000061035156,474.7000122070313,482.7999877929688,482.7999877929688,5670
2020-01-23,473.0,489.7999877929688,463.2999877929688,482.0,482.0,4810
2020-01-24,498.6000061035156,508.2999877929688,497.5,502.3999938964844,502.3999938964844,10670
2020-01-27,473.0,505.1000061035156,473.0,501.3999938964844,501.3999938964844,13860
2020-01-28,483.3999938964844,489.2000122070313,475.3999938964844,483.5,483.5,13750
2020-01-29,499.7000122070313,508.6000061035156,498.0,500.2999877929688,500.2999877929688,7540
2020-01-30,520.0,531.4000244140625,506.3999938964844,522.9000244140625,522.9000244140625,9690
2020-01-31,516.0,521.2000122070312,509.2000122070313,518.7000122070312,518.7000122070312,2710
2020-02-03,516.0999755859375,533.0,515.4000244140625,531.0999755859375,531.0999755859375,3540
2020-02-04,520.5999755859375,523.5,491.0,497.3999938964844,497.3999938964844,7740
2020-02-05,521.7000122070312,523.4000244140625,500.1000061035156,501.3999938964844,501.3999938964844,9680
2020-02-06,513.9000244140625,516.2000122070312,484.0,504.5,504.5,11820
2020-02-07,491.7000122070313,512.0,487.5,512.0,512.0,4870
2020-02-10,546.0,558.9000244140625,540.0,554.7999877929688,554.7999877929688,6760
2020-02-11,553.2000122070312,558.4000244140625,540.5,543.2999877929688,543.2999877929688,24010
2020-02-12,521.5,526.0999755859375,506.5,512.7000122070312,512.7000122070312,3790
2020-02-13,510.7999877929688,525.7999877929688,503.2999877929688,523.5,523.5,4370
2020-02-14,520.7000122070312,527.4000244140625,518.5,527.4000244140625,527.4000244140625,2520
2020-02-18,479.7999877929688,491.0,472.0,477.7999877929688,477.7999877929688,8400
2020-02-19,475.2999877929688,479.2000122070313,463.0,468.7000122070313,468.7000122070313,3140
2020-02-20,480.0,490.5,447.3999938964844,489.7999877929688,489.7999877929688,5190
2020-02-21,500.7999877929688,502.2000122070313,487.6000061035156,495.8999938964844,495.8999938964844,21130
2020-02-24,515.5999755859375,528.7999877929688,513.0,521.7000122070312,521.7000122070312,4720
2020-02-25,513.0,529.5,513.0,526.7000122070312,526.7000122070312,2270
2020-02-26,513.0,540.7000122070312,510.2999877929688,540.2000122070312,540.2000122070312,2110
2020-02-27,581.2000122070312,593.0999755859375,576.7999877929688,584.0,584.0,3260
2020-02-28,607.5999755859375,624.9000244140625,595.0999755859375,619.5999755859375,619.5999755859375,3110
2020-03-02,584.7999877929688,592.0,570.0,576.5999755859375,576.5999755859375,2880
2020-03-03,544.0999755859375,560.0,526.0,549.7000122070312,549.7000122070312,5070
2020-03-04,530.0,549.7999877929688,525.5999755859375,529.2000122070312,529.2000122070312,1560
2020-03-05,538.0,567.5999755859375,538.0,566.7999877929688,566.7999877929688,2300
2020-03-06,575.2000122070312,603.5999755859375,572.5,592.2000122070312,592.2000122070312,3690
2020-03-09,587.5999755859375,619.5,529.4000244140625,530.2999877929688,530.2999877929688,7860
2020-03-10,514.2000122070312,514.2000122070312,448.3999938964844,456.3999938964844,456.3999938964844,8870
2020-03-11,438.2000122070313,489.2999877929688,427.0,480.3999938964844,480.3999938964844,7540
2020-03-12,519.7000122070312,527.0,484.8999938964844,503.3999938964844,503.3999938964844,7680
2020-03-13,458.0,496.7999877929688,453.5,473.2999877929688,473.2999877929688,9650
2020-03-16,525.0,534.0,503.3999938964844,529.2999877929688,529.2999877929688,3690
2020-03-17,522.7999877929688,569.5999755859375,522.2999877929688,566.2000122070312,566.2000122070312,6130
2020-03-18,619.4000244140625,673.7999877929688,607.0999755859375,615.0,615.0,11840
2020-03-19,618.5,632.2999877929688,576.5999755859375,578.5,578.5,6110
2020-03-20,568.4000244140625,631.4000244140625,567.4000244140625,626.7000122070312,626.7000122070312,6530
2020-03-23,621.2999877929688,634.2999877929688,604.0,619.0,619.0,5490
2020-03-24,570.5999755859375,586.0,558.4000244140625,566.2999877929688,566.2999877929688,18440
2020-03-25,571.5,591.5,564.0999755859375,578.0,578.0,3610
2020-03-26,592.2000122070312,609.7000122070312,566.7999877929688,599.2000122070312,599.2000122070312,7100
2020-03-27,611.0,614.9000244140625,598.2999877929688,608.7999877929688,608.7999877929688,4780
2020-03-30,629.9000244140625,630.5999755859375,590.4000244140625,596.2999877929688,596.2999877929688,16040
2020-03-31,584.5999755859375,634.2000122070312,584.5999755859375,620.2000122070312,620.2000122070312,4060
2020-04-01,649.9000244140625,680.4000244140625,649.4000244140625,676.4000244140625,676.4000244140625,6590
2020-04-02,700.7999877929688,721.5999755859375,685.0,704.7000122070312,704.7000122070312,5490
2020-04-03,702.2000122070312,702.2000122070312,616.7999877929688,624.4000244140625,624.4000244140625,7140
2020-04-06,595.0999755859375,595.0999755859375,543.5,545.7000122070312,545.7000122070312,4320
2020-04-07,501.7999877929688,508.7999877929688,460.5,461.2000122070313,461.2000122070313,3020
2020-04-08,471.2000122070313,510.0,464.8999938964844,502.6000061035156,502.6000061035156,5270
2020-04-09,510.0,527.5,499.2000122070313,519.7999877929688,519.7999877929688,3960
2020-04-13,498.0,527.2000122070312,492.5,508.3999938964844,508.3999938964844,1890
2020-04-14,536.4000244140625,550.0,526.7000122070312,550.0,550.0,2360
2020-04-15,559.0999755859375,590.0,557.0,589.0999755859375,589.0999755859375,2000
2020-04-16,609.5,613.7999877929688,522.0999755859375,532.7999877929688,532.7999877929688,4570
2020-04-17,498.3999938964844,522.0,488.2000122070313,512.7000122070312,512.7000122070312,1900
2020-04-20,488.2000122070313,497.1000061035156,426.6000061035156,434.7999877929688,434.7999877929688,6250
2020-04-21,423.6000061035156,469.0,419.0,456.2999877929688,456.2999877929688,6580
2020-04-22,454.2000122070313,454.7000122070313,419.0,431.5,431.5,9890
2020-04-23,440.2000122070313,463.7000122070313,432.6000061035156,458.7999877929688,458.7999877929688,4900
2020-04-24,458.2000122070313,485.0,458.2000122070313,480.7999877929688,480.7999877929688,6790
2020-04-27,508.6000061035156,518.7999877929688,463.6000061035156,465.1000061035156,465.1000061035156,5890
2020-04-28,442.7999877929688,459.2999877929688,442.3999938964844,456.2000122070313,456.2000122070313,3810
2020-04-29,469.7000122070313,488.8999938964844,466.2000122070313,484.8999938964844,484.8999938964844,4470
2020-04-30,478.7000122070313,487.6000061035156,450.7000122070313,456.3999938964844,456.3999938964844,5510
2020-05-01,447.5,472.2000122070313,441.0,470.8999938964844,470.8999938964844,6110
2020-05-04,434.0,445.6000061035156,422.7999877929688,424.2999877929688,424.2999877929688,3860
2020-05-05,390.5,407.5,374.6000061035156,405.7000122070313,405.7000122070313,5090
2020-05-06,431.0,443.2000122070313,429.5,436.6000061035156,436.6000061035156,5140
2020-05-07,440.6000061035156,463.7000122070313,433.3999938964844,458.1000061035156,458.1000061035156,4460
2020-05-08,475.1000061035156,484.2000122070313,466.7999877929688,476.2999877929688,476.2999877929688,3280
2020-05-11,462.6000061035156,486.2999877929688,459.8999938964844,470.2000122070313,470.2000122070313,3860
2020-05-12,496.7000122070313,537.2999877929688,492.0,535.2999877929688,535.2999877929688,8330
2020-05-13,548.5999755859375,598.7000122070312,548.0,576.0999755859375,576.0999755859375,11960
2020-05-14,580.7000122070312,586.2999877929688,545.7999877929688,582.9000244140625,582.9000244140625,8670
2020-05-15,553.4000244140625,606.7999877929688,553.4000244140625,602.4000244140625,602.4000244140625,2140
2020-05-18,537.4000244140625,537.4000244140625,480.7999877929688,518.5,518.5,10550
2020-05-19,489.7000122070313,511.6000061035156,489.7000122070313,503.5,503.5,4590
2020-05-20,495.7999877929688,557.5,492.8999938964844,544.9000244140625,544.9000244140625,9750
2020-05-21,571.2000122070312,588.2000122070312,565.7000122070312,566.0,566.0,3740
2020-05-22,575.5999755859375,581.5,546.0,557.4000244140625,557.4000244140625,1650
2020-05-26,528.0,546.4000244140625,519.4000244140625,528.0999755859375,528.0999755859375,2620
2020-05-27,540.2000122070312,562.0,530.5999755859375,557.7000122070312,557.7000122070312,7000
2020-05-28,564.7000122070312,591.0999755859375,558.2000122070312,588.5999755859375,588.5999755859375,2800
2020-05-29,600.0,628.5,573.0999755859375,581.7000122070312,581.7000122070312,5500
2020-06-01,622.4000244140625,623.2000122070312,590.7000122070312,615.7999877929688,615.7999877929688,20310
2020-06-02,612.7999877929688,623.4000244140625,602.5999755859375,619.4000244140625,619.4000244140625,2920
2020-06-03,565.5999755859375,606.5999755859375,561.2999877929688,595.2000122070312,595.2000122070312,14080
2020-06-04,584.7999877929688,602.5999755859375,570.0,585.9000244140625,585.9000244140625,2750
2020-06-05,571.2999877929688,612.7999877929688,570.2999877929688,601.2000122070312,601.2000122070312,2550
2020-06-08,609.7000122070312,617.2000122070312,596.9000244140625,597.5999755859375,597.5999755859375,9090
2020-06-09,618.2999877929688,630.0,612.7999877929688,626.5999755859375,626.5999755859375,25630
2020-06-10,617.4000244140625,620.4000244140625,603.0,613.0,613.0,2620
2020-06-11,601.0,620.0,589.0999755859375,597.2000122070312,597.2000122070312,1620
2020-06-12,609.0,649.0,609.0,642.0999755859375,642.0999755859375,2610
2020-06-15,665.0,689.5999755859375,664.2000122070312,681.7000122070312,681.7000122070312,5660
2020-06-16,720.7000122070312,733.2000122070312,709.5999755859375,723.7999877929688,723.7999877929688,4370
2020-06-17,725.2000122070312,731.2000122070312,704.0,711.2000122070312,711.2000122070312,2620
2020-06-18,725.0999755859375,726.0999755859375,690.4000244140625,710.0999755859375,710.0999755859375,3690
2020-06-19,699.0999755859375,700.5999755859375,680.0,694.2999877929688,694.2999877929688,2470
2020-06-22,690.2999877929688,715.7000122070312,669.5999755859375,707.7999877929688,707.7999877929688,7210
2020-06-23,722.4000244140625,744.0999755859375,717.5999755859375,739.9000244140625,739.9000244140625,7370
2020-06-24,743.7999877929688,760.2000122070312,720.2000122070312,759.0999755859375,759.0999755859375,5770
2020-06-25,795.5999755859375,872.9000244140625,787.4000244140625,862.9000244140625,862.9000244140625,11960
2020-06-26,871.9000244140625,871.9000244140625,837.5999755859375,859.7999877929688,859.7999877929688,11590
2020-06-29,731.2000122070312,739.2999877929688,656.5,708.0,708.0,29500
2020-06-30,658.9000244140625,701.4000244140625,653.5999755859375,672.0999755859375,672.0999755859375,43560
2020-07-01,710.7999877929688,733.7999877929688,698.0999755859375,707.5999755859375,707.5999755859375,60670
2020-07-02,713.0999755859375,713.0999755859375,666.0,678.4000244140625,678.4000244140625,28520
2020-07-06,615.0,629.0,584.2000122070312,589.9000244140625,589.9000244140625,36970
2020-07-07,547.0999755859375,564.4000244140625,529.0,563.4000244140625,563.4000244140625,53310
2020-07-08,577.7999877929688,600.0,571.5999755859375,592.0,592.0,33540
2020-07-09,568.0999755859375,633.2000122070312,563.2000122070312,630.2999877929688,630.2999877929688,48630
2020-07-10,610.5,619.4000244140625,594.0,611.2999877929688,611.2999877929688,39850
2020-07-13,617.2000122070312,654.7000122070312,608.7000122070312,653.9000244140625,653.9000244140625,35680
2020-07-14,660.7999877929688,667.7999877929688,632.9000244140625,648.0999755859375,648.0999755859375,25770
2020-07-15,641.0,665.9000244140625,623.2999877929688,627.0999755859375,627.0999755859375,22130
2020-07-16,633.5,671.9000244140625,615.7999877929688,659.7999877929688,659.7999877929688,36620
2020-07-17,654.0999755859375,679.7000122070312,648.2999877929688,675.0,675.0,27580
2020-07-20,710.5999755859375,755.2999877929688,710.5999755859375,726.2999877929688,726.2999877929688,55330
2020-07-21,702.0,720.5999755859375,700.0999755859375,712.0,712.0,20420
2020-07-22,731.2000122070312,737.0,684.5999755859375,690.5,690.5,23440
2020-07-23,679.5999755859375,700.2999877929688,590.2999877929688,606.5,606.5,108220
2020-07-24,615.5999755859375,619.0999755859375,580.0,586.0,586.0,86530
2020-07-27,600.5,643.5999755859375,592.0,634.9000244140625,634.9000244140625,58970
2020-07-28,578.0999755859375,615.0999755859375,576.0,582.7000122070312,582.7000122070312,62660
2020-07-29,571.2999877929688,577.2000122070312,532.4000244140625,551.4000244140625,551.4000244140625,86860
2020-07-30,559.5999755859375,598.4000244140625,554.7000122070312,590.5999755859375,590.5999755859375,57090
2020-07-31,593.0999755859375,622.2999877929688,585.5,609.0999755859375,609.0999755859375,59610
2020-08-03,482.8999938964844,489.3999938964844,371.0,403.7999877929688,403.7999877929688,304390
2020-08-04,405.2000122070313,414.3999938964844,367.8999938964844,374.2999877929688,374.2999877929688,155560
2020-08-05,365.2999877929688,380.6000061035156,350.3999938964844,365.2999877929688,365.2999877929688,134930
2020-08-06,342.79998779296875,390.1000061035156,340.20001220703125,387.5,387.5,149990
2020-08-07,359.1000061035156,376.6000061035156,348.79998779296875,352.3999938964844,352.3999938964844,152290
2020-08-10,366.8999938964844,390.6000061035156,364.7000122070313,377.6000061035156,377.6000061035156,112350
2020-08-11,367.7000122070313,380.6000061035156,363.0,380.0,380.0,57320
2020-08-12,392.1000061035156,396.0,372.8999938964844,376.6000061035156,376.6000061035156,95740
2020-08-13,375.2999877929688,377.5,363.2999877929688,366.2999877929688,366.2999877929688,67690
2020-08-14,345.3999938964844,348.8999938964844,330.1000061035156,337.3999938964844,337.3999938964844,160260
2020-08-17,334.6000061035156,345.0,330.5,336.6000061035156,336.6000061035156,95000
2020-08-18,320.6000061035156,326.5,315.3999938964844,323.3999938964844,323.3999938964844,102160
2020-08-19,322.79998779296875,326.20001220703125,319.0,322.1000061035156,322.1000061035156,58600
2020-08-20,323.0,333.29998779296875,320.5,333.0,333.0,113420
2020-08-21,347.70001220703125,348.70001220703125,319.1000061035156,324.0,324.0,159890
2020-08-24,317.1000061035156,322.5,311.20001220703125,320.6000061035156,320.6000061035156,134330
2020-08-25,324.1000061035156,327.29998779296875,319.70001220703125,326.70001220703125,326.70001220703125,107620
2020-08-26,325.20001220703125,340.20001220703125,321.0,338.5,338.5,107360
2020-08-27,320.6000061035156,321.1000061035156,301.20001220703125,305.6000061035156,305.6000061035156,177430
2020-08-28,307.8999938964844,315.8999938964844,304.0,309.20001220703125,309.20001220703125,111760
2020-08-31,326.29998779296875,331.20001220703125,303.0,307.3999938964844,307.3999938964844,136400
2020-09-01,313.0,321.0,302.0,313.79998779296875,313.79998779296875,135340
2020-09-02,310.8999938964844,314.5,296.0,303.6000061035156,303.6000061035156,93120
2020-09-03,300.70001220703125,313.0,300.1000061035156,307.1000061035156,307.1000061035156,61080
2020-09-04,309.8999938964844,315.29998779296875,290.5,293.20001220703125,293.20001220703125,88370
2020-09-08,304.8999938964844,319.5,301.8999938964844,318.8999938964844,318.8999938964844,85410
2020-09-09,310.29998779296875,323.3999938964844,310.1000061035156,318.6000061035156,318.6000061035156,79620
2020-09-10,327.5,335.5,321.5,334.20001220703125,334.20001220703125,70710
2020-09-11,339.29998779296875,351.1000061035156,338.70001220703125,350.5,350.5,50650
2020-09-14,332.70001220703125,352.5,328.5,347.3999938964844,347.3999938964844,55790
2020-09-15,350.0,350.79998779296875,340.29998779296875,349.5,349.5,31530
2020-09-16,352.1000061035156,372.5,351.79998779296875,368.7000122070313,368.7000122070313,43620
2020-09-17,388.0,412.0,386.2999877929688,397.6000061035156,397.6000061035156,92380
2020-09-18,386.5,393.5,367.5,370.5,370.5,47400
2020-09-21,375.2999877929688,385.2000122070313,344.5,351.1000061035156,351.1000061035156,77960
2020-09-22,371.7000122070313,389.2999877929688,371.2000122070313,380.1000061035156,380.1000061035156,37510
2020-09-23,346.0,349.29998779296875,309.20001220703125,320.0,320.0,137190
2020-09-24,311.8999938964844,326.6000061035156,291.8999938964844,304.5,304.5,120160
2020-09-25,308.6000061035156,320.70001220703125,304.0,316.5,316.5,55760
2020-09-28,336.20001220703125,339.3999938964844,316.5,324.5,324.5,74160
2020-09-29,361.7000122070313,389.3999938964844,356.79998779296875,388.7999877929688,388.7999877929688,121550
2020-09-30,378.8999938964844,397.0,368.5,380.1000061035156,380.1000061035156,72670
2020-10-01,382.0,408.8999938964844,378.8999938964844,392.2999877929688,392.2999877929688,66840
2020-10-02,400.7000122070313,411.5,376.0,400.7000122070313,400.7000122070313,97260
2020-10-05,340.1000061035156,351.8999938964844,313.29998779296875,342.70001220703125,342.70001220703125,287140
2020-10-06,359.6000061035156,380.0,344.0,374.5,374.5,117790
2020-10-07,333.3999938964844,369.7000122070313,330.0,350.70001220703125,350.70001220703125,104390
2020-10-08,362.5,367.1000061035156,340.8999938964844,345.6000061035156,345.6000061035156,117190
2020-10-09,315.3999938964844,327.20001220703125,309.0,322.8999938964844,322.8999938964844,211260
2020-10-12,299.70001220703125,315.8999938964844,297.6000061035156,313.1000061035156,313.1000061035156,132790
2020-10-13,316.1000061035156,319.6000061035156,307.0,315.1000061035156,315.1000061035156,84330
2020-10-14,326.20001220703125,326.5,314.5,317.5,317.5,90640
2020-10-15,304.79998779296875,311.0,301.70001220703125,306.29998779296875,306.29998779296875,85050
2020-10-16,302.79998779296875,310.20001220703125,297.1000061035156,306.70001220703125,306.70001220703125,93180
2020-10-19,304.6000061035156,308.29998779296875,299.5,301.0,301.0,73330
2020-10-20,296.6000061035156,309.20001220703125,295.0,306.0,306.0,71900
2020-10-21,293.1000061035156,296.20001220703125,290.29998779296875,294.1000061035156,294.1000061035156,103200
2020-10-22,298.5,307.20001220703125,295.29998779296875,305.8999938964844,305.8999938964844,81530
2020-10-23,315.0,320.29998779296875,311.8999938964844,319.3999938964844,319.3999938964844,53320
2020-10-26,304.5,317.20001220703125,301.79998779296875,310.20001220703125,310.20001220703125,69440
2020-10-27,320.20001220703125,320.20001220703125,295.20001220703125,300.8999938964844,300.8999938964844,105200
2020-10-28,303.1000061035156,305.29998779296875,297.79998779296875,303.70001220703125,303.70001220703125,74950
2020-10-29,320.6000061035156,325.29998779296875,293.0,298.3999938964844,298.3999938964844,137230
2020-10-30,307.20001220703125,308.0,289.70001220703125,290.29998779296875,290.29998779296875,85820
2020-11-02,309.20001220703125,313.0,304.0,309.20001220703125,309.20001220703125,72220
2020-11-03,332.20001220703125,343.5,331.70001220703125,339.6000061035156,339.6000061035156,89080
2020-11-04,346.3999938964844,351.29998779296875,335.70001220703125,341.6000061035156,341.6000061035156,54120
2020-11-05,338.6000061035156,366.7999877929688,331.29998779296875,364.7000122070313,364.7000122070313,88620
2020-11-06,366.1000061035156,381.2999877929688,366.0,374.5,374.5,73330
2020-11-09,379.2999877929688,388.7999877929688,375.0,383.3999938964844,383.3999938964844,46440
2020-11-10,379.1000061035156,379.1000061035156,350.3999938964844,363.2999877929688,363.2999877929688,103420
2020-11-11,357.29998779296875,372.2000122070313,342.70001220703125,345.79998779296875,345.79998779296875,84850
2020-11-12,353.3999938964844,364.3999938964844,344.3999938964844,363.6000061035156,363.6000061035156,70580
2020-11-13,341.20001220703125,359.1000061035156,338.1000061035156,355.3999938964844,355.3999938964844,90850
2020-11-16,395.2000122070313,416.3999938964844,395.2000122070313,415.0,415.0,74580
2020-11-17,412.2000122070313,426.6000061035156,410.5,417.5,417.5,44770
2020-11-18,406.7999877929688,422.6000061035156,400.2999877929688,419.7000122070313,419.7000122070313,53450
2020-11-19,467.3999938964844,471.8999938964844,438.7000122070313,449.3999938964844,449.3999938964844,92900
2020-11-20,436.7000122070313,443.2000122070313,429.2999877929688,435.0,435.0,53020
2020-11-23,428.2000122070313,430.7999877929688,415.0,421.0,421.0,49510
2020-11-24,400.0,407.1000061035156,394.5,399.5,399.5,78840
2020-11-25,396.5,405.3999938964844,368.7999877929688,383.5,383.5,84290
2020-11-27,399.1000061035156,413.8999938964844,397.7000122070313,412.2000122070313,412.2000122070313,43240
2020-11-30,370.7000122070313,400.3999938964844,366.6000061035156,384.7000122070313,384.7000122070313,116070
2020-12-01,393.2999877929688,412.3999938964844,392.2000122070313,399.7999877929688,399.7999877929688,83500
2020-12-02,400.7000122070313,438.5,396.8999938964844,436.6000061035156,436.6000061035156,89480
2020-12-03,487.2999877929688,517.7999877929688,487.2999877929688,508.7000122070313,508.7000122070313,128470
2020-12-04,500.7999877929688,500.8999938964844,464.2999877929688,487.2000122070313,487.2000122070313,99630
2020-12-07,548.5,555.7999877929688,536.0,539.4000244140625,539.4000244140625,73930
2020-12-08,535.7999877929688,562.2000122070312,522.9000244140625,531.7000122070312,531.7000122070312,67050
2020-12-09,508.6000061035156,540.0999755859375,504.6000061035156,535.5,535.5,81370
2020-12-10,517.5,523.0,467.5,478.5,478.5,116630
2020-12-11,478.7999877929688,479.3999938964844,460.7999877929688,472.2000122070313,472.2000122070313,65650
2020-12-14,446.5,468.2999877929688,440.8999938964844,455.7000122070313,455.7000122070313,57620
2020-12-15,462.5,467.0,443.6000061035156,451.7999877929688,451.7999877929688,83150
2020-12-16,460.2999877929688,460.5,441.7000122070313,446.8999938964844,446.8999938964844,56820
2020-12-17,444.0,470.3999938964844,438.0,454.7999877929688,454.7999877929688,66570
2020-12-18,443.7999877929688,456.5,437.8999938964844,443.1000061035156,443.1000061035156,44510
2020-12-21,445.1000061035156,455.5,442.3999938964844,444.8999938964844,444.8999938964844,31400
2020-12-22,424.2999877929688,434.3999938964844,416.2000122070313,429.3999938964844,429.3999938964844,62960
2020-12-23,448.0,481.8999938964844,443.1000061035156,472.0,472.0,84420
2020-12-24,476.0,488.3999938964844,464.0,487.6000061035156,487.6000061035156,29920
2020-12-28,583.9000244140625,588.5,548.4000244140625,557.2999877929688,557.2999877929688,68830
2020-12-29,533.5,534.7000122070312,495.5,511.3999938964844,511.3999938964844,65750
2020-12-30,512.2999877929688,534.5,504.2999877929688,515.5,515.5,44060
2020-12-31,497.7000122070313,510.1000061035156,472.2999877929688,473.7999877929688,473.7999877929688,77050
2021-01-04,446.7000122070313,465.6000061035156,439.2000122070313,453.1000061035156,453.1000061035156,51770
2021-01-05,427.1000061035156,431.3999938964844,413.5,423.0,423.0,94980
2021-01-06,433.8999938964844,434.5,403.7999877929688,420.0,420.0,68980
2021-01-07,418.6000061035156,431.7999877929688,408.2000122070313,431.7000122070313,431.7000122070313,79770
2021-01-08,433.2999877929688,440.0,418.1000061035156,428.6000061035156,428.6000061035156,68520
2021-01-11,448.6000061035156,450.0,396.1000061035156,402.7999877929688,402.7999877929688,109020
2021-01-12,384.1000061035156,421.0,379.5,413.8999938964844,413.8999938964844,89460
2021-01-13,409.5,421.3999938964844,394.3999938964844,411.5,411.5,84420
2021-01-14,413.5,435.0,397.0,430.7000122070313,430.7000122070313,67370
2021-01-15,398.8999938964844,422.1000061035156,397.7999877929688,408.3999938964844,408.3999938964844,83460
2021-01-19,452.7999877929688,470.0,450.2000122070313,464.7999877929688,464.7999877929688,83890
2021-01-20,480.2000122070313,488.5,454.8999938964844,461.5,461.5,67720
2021-01-21,481.2999877929688,487.7000122070313,470.6000061035156,472.8999938964844,472.8999938964844,55370
2021-01-22,489.7000122070313,496.0,481.0,489.6000061035156,489.6000061035156,50650
2021-01-25,454.2000122070313,457.7000122070313,430.0,432.6000061035156,432.6000061035156,73300
2021-01-26,427.3999938964844,435.8999938964844,418.5,420.7999877929688,420.7999877929688,51710
2021-01-27,404.7999877929688,411.6000061035156,388.2999877929688,406.2000122070313,406.2000122070313,78730
2021-01-28,412.1000061035156,432.5,402.3999938964844,404.7999877929688,404.7999877929688,93710
2021-01-29,415.3999938964844,444.2000122070313,402.2000122070313,439.2000122070313,439.2000122070313,78820
2021-02-01,357.20001220703125,363.8999938964844,337.79998779296875,351.79998779296875,351.79998779296875,182680
2021-02-02,312.79998779296875,352.79998779296875,311.3999938964844,346.5,346.5,179490
2021-02-03,348.29998779296875,367.7999877929688,346.20001220703125,362.8999938964844,362.8999938964844,180790
2021-02-04,355.1000061035156,360.0,312.29998779296875,316.20001220703125,316.20001220703125,197630
2021-02-05,296.8999938964844,339.20001220703125,296.6000061035156,333.20001220703125,333.20001220703125,185400
2021-02-08,331.0,340.3999938964844,326.5,330.3999938964844,330.3999938964844,115270
2021-02-09,346.0,350.3999938964844,337.5,344.3999938964844,344.3999938964844,89590
2021-02-10,334.3999938964844,338.79998779296875,318.20001220703125,321.0,321.0,170440
2021-02-11,315.5,342.20001220703125,315.29998779296875,341.0,341.0,181210
2021-02-12,332.70001220703125,339.0,318.79998779296875,327.29998779296875,327.29998779296875,147970
2021-02-16,299.8999938964844,322.8999938964844,299.70001220703125,309.1000061035156,309.1000061035156,231780
2021-02-17,310.1000061035156,315.20001220703125,295.5,299.1000061035156,299.1000061035156,253080
2021-02-18,304.29998779296875,316.5,304.29998779296875,316.20001220703125,316.20001220703125,182430
2021-02-19,302.79998779296875,309.79998779296875,298.6000061035156,306.1000061035156,306.1000061035156,186180
2021-02-22,321.0,325.29998779296875,308.0,315.6000061035156,315.6000061035156,210590
2021-02-23,323.0,331.1000061035156,322.1000061035156,327.20001220703125,327.20001220703125,126320
2021-02-24,333.5,343.3999938964844,332.0,340.5,340.5,116120
2021-02-25,345.8999938964844,349.6000061035156,334.20001220703125,348.5,348.5,106550
2021-02-26,355.1000061035156,358.20001220703125,342.79998779296875,347.6000061035156,347.6000061035156,79250
2021-03-01,351.8999938964844,353.0,341.5,345.1000061035156,345.1000061035156,85550
2021-03-02,338.1000061035156,340.20001220703125,326.29998779296875,329.1000061035156,329.1000061035156,134510
2021-03-03,329.70001220703125,338.0,326.70001220703125,337.0,337.0,101500
2021-03-04,345.20001220703125,363.7000122070313,343.1000061035156,351.8999938964844,351.8999938964844,162470
2021-03-05,352.1000061035156,366.7999877929688,350.0,361.8999938964844,361.8999938964844,79160
2021-03-08,378.2999877929688,381.0,372.0,373.6000061035156,373.6000061035156,103790
2021-03-09,377.1000061035156,380.7000122070313,365.7000122070313,372.0,372.0,111940
2021-03-10,380.5,385.0,361.0,366.2999877929688,366.2999877929688,67200
2021-03-11,370.2999877929688,378.0,362.7999877929688,372.1000061035156,372.1000061035156,81240
2021-03-12,374.5,394.5,370.7999877929688,392.5,392.5,71550
2021-03-15,410.0,424.7999877929688,409.7000122070313,417.7000122070313,417.7000122070313,93420
2021-03-16,414.0,416.2999877929688,397.6000061035156,400.2999877929688,400.2999877929688,62120
2021-03-17,406.0,420.0,403.2999877929688,412.0,412.0,69270
2021-03-18,438.2999877929688,441.7000122070313,412.1000061035156,424.7999877929688,424.7999877929688,102720
2021-03-19,430.2000122070313,432.1000061035156,404.0,404.2999877929688,404.2999877929688,81340
2021-03-22,405.5,407.5,387.0,393.2000122070313,393.2000122070313,93760
2021-03-23,399.1000061035156,410.0,393.1000061035156,408.2999877929688,408.2999877929688,93050
2021-03-24,400.7999877929688,406.8999938964844,397.0,406.2000122070313,406.2000122070313,36070
2021-03-25,402.0,410.0,385.5,389.8999938964844,389.8999938964844,61080
2021-03-26,386.3999938964844,392.1000061035156,383.1000061035156,388.1000061035156,388.1000061035156,47060
2021-03-29,387.8999938964844,399.0,377.6000061035156,382.5,382.5,52990
2021-03-30,384.5,393.6000061035156,379.0,387.0,387.0,38700
2021-03-31,395.3999938964844,400.7999877929688,387.6000061035156,393.2000122070313,393.2000122070313,38970
2021-04-01,382.5,392.5,374.0,385.0,385.0,67290
2021-04-05,399.2999877929688,425.2999877929688,399.2999877929688,418.5,418.5,78370
2021-04-06,404.2999877929688,438.7000122070313,404.0,434.3999938964844,434.3999938964844,69500
2021-04-07,424.6000061035156,426.1000061035156,405.2999877929688,417.0,417.0,66970
2021-04-08,414.2999877929688,422.7999877929688,409.7000122070313,414.3999938964844,414.3999938964844,60070
2021-04-09,405.6000061035156,416.0,405.6000061035156,415.5,415.5,35550
2021-04-12,396.3999938964844,411.3999938964844,396.1000061035156,402.0,402.0,43320
2021-04-13,390.2999877929688,391.6000061035156,380.1000061035156,385.5,385.5,72390
2021-04-14,381.2999877929688,388.5,379.7000122070313,387.2000122070313,387.2000122070313,51600
2021-04-15,389.8999938964844,393.5,373.2999877929688,375.6000061035156,375.6000061035156,83090
2021-04-16,371.7999877929688,374.5,369.0,370.7000122070313,370.7000122070313,57950
2021-04-19,366.2999877929688,366.8999938964844,355.1000061035156,357.1000061035156,357.1000061035156,50290
2021-04-20,358.1000061035156,360.7999877929688,355.6000061035156,359.6000061035156,359.6000061035156,39570
2021-04-21,368.5,371.7000122070313,364.7999877929688,365.7999877929688,365.7999877929688,33040
2021-04-22,371.1000061035156,372.1000061035156,346.0,352.70001220703125,352.70001220703125,69440
2021-04-23,355.70001220703125,358.70001220703125,349.6000061035156,358.0,358.0,43370
2021-04-26,365.7000122070313,365.7999877929688,341.20001220703125,342.29998779296875,342.29998779296875,85450
2021-04-27,335.70001220703125,336.5,328.1000061035156,330.0,330.0,89410
2021-04-28,322.79998779296875,330.29998779296875,319.6000061035156,326.70001220703125,326.70001220703125,78390
2021-04-29,326.0,341.5,325.20001220703125,338.0,338.0,102180
2021-04-30,329.0,334.5,328.0,331.70001220703125,331.70001220703125,40330
2021-05-03,330.29998779296875,333.0,323.3999938964844,324.8999938964844,324.8999938964844,54650
2021-05-04,325.5,332.0,323.0,324.0,324.0,76630
2021-05-05,324.70001220703125,336.0,323.29998779296875,329.79998779296875,329.79998779296875,51460
2021-05-06,332.3999938964844,337.29998779296875,324.5,331.3999938964844,331.3999938964844,72770
2021-05-07,332.1000061035156,337.5,320.0,327.1000061035156,327.1000061035156,87210
2021-05-10,335.8999938964844,337.0,330.29998779296875,333.3999938964844,333.3999938964844,57050
2021-05-11,341.5,342.3999938964844,324.1000061035156,327.20001220703125,327.20001220703125,88700
2021-05-12,326.70001220703125,327.70001220703125,319.70001220703125,321.6000061035156,321.6000061035156,34330
2021-05-13,328.3999938964844,329.79998779296875,316.8999938964844,322.1000061035156,322.1000061035156,81490
2021-05-14,319.5,326.6000061035156,319.0,321.5,321.5,51200
2021-05-17,289.8999938964844,294.6000061035156,283.1000061035156,289.3999938964844,289.3999938964844,179630
2021-05-18,299.5,309.29998779296875,299.20001220703125,308.20001220703125,308.20001220703125,100460
2021-05-19,314.70001220703125,322.1000061035156,312.20001220703125,317.3999938964844,317.3999938964844,100680
2021-05-20,319.3999938964844,329.5,319.3999938964844,321.20001220703125,321.20001220703125,75010
2021-05-21,328.5,331.5,325.79998779296875,329.79998779296875,329.79998779296875,34230
2021-05-24,339.0,340.20001220703125,330.70001220703125,332.0,332.0,65780
2021-05-25,326.79998779296875,332.3999938964844,324.20001220703125,324.5,324.5,48160
2021-05-26,324.8999938964844,328.5,313.1000061035156,318.6000061035156,318.6000061035156,86500
2021-05-27,323.3999938964844,340.5,320.0,331.1000061035156,331.1000061035156,79260
2021-05-28,317.0,326.3999938964844,316.5,323.79998779296875,323.79998779296875,66070
2021-06-01,298.5,302.5,289.8999938964844,299.29998779296875,299.29998779296875,130150
2021-06-02,300.1000061035156,309.8999938964844,297.5,306.20001220703125,306.20001220703125,74220
2021-06-03,310.1000061035156,313.29998779296875,304.5,307.6000061035156,307.6000061035156,63610
2021-06-04,310.3999938964844,315.0,295.70001220703125,300.20001220703125,300.20001220703125,103830
2021-06-07,309.6000061035156,309.6000061035156,302.20001220703125,303.6000061035156,303.6000061035156,44510
2021-06-08,283.70001220703125,296.0,280.79998779296875,294.0,294.0,141360
2021-06-09,287.5,294.8999938964844,286.5,288.70001220703125,288.70001220703125,100550
2021-06-10,287.20001220703125,293.0,281.79998779296875,289.3999938964844,289.3999938964844,115330
2021-06-11,270.5,271.20001220703125,257.29998779296875,265.70001220703125,265.70001220703125,203970
2021-06-14,262.0,266.70001220703125,253.5,253.6999969482422,253.6999969482422,144680
2021-06-15,257.29998779296875,275.5,254.6999969482422,275.5,275.5,131870
2021-06-16,276.3999938964844,277.3999938964844,265.0,269.6000061035156,269.6000061035156,98460
2021-06-17,275.20001220703125,278.70001220703125,267.5,269.29998779296875,269.29998779296875,110960
2021-06-18,274.70001220703125,275.6000061035156,267.6000061035156,274.79998779296875,274.79998779296875,74350
2021-06-21,283.79998779296875,286.6000061035156,275.79998779296875,277.20001220703125,277.20001220703125,56540
2021-06-22,268.6000061035156,270.5,265.5,267.5,267.5,79020
2021-06-23,254.0,259.29998779296875,247.8000030517578,259.29998779296875,259.29998779296875,126240
2021-06-24,258.6000061035156,259.20001220703125,240.3999938964844,243.8000030517578,243.8000030517578,206820
2021-06-25,240.1999969482422,240.3999938964844,230.8000030517578,230.8000030517578,230.8000030517578,110640
2021-06-28,220.3999938964844,223.3999938964844,214.5,221.0,221.0,175590
2021-06-29,206.3000030517578,218.1999969482422,195.8999938964844,213.5,213.5,268070
2021-06-30,208.8000030517578,220.6000061035156,196.8999938964844,204.3999938964844,204.3999938964844,212120
2021-07-01,211.1000061035156,221.8999938964844,209.8000030517578,214.3000030517578,214.3000030517578,154660
2021-07-02,213.8000030517578,215.5,205.5,211.0,211.0,83680
2021-07-06,213.6999969482422,220.3000030517578,210.6000061035156,211.6000061035156,211.6000061035156,115830
2021-07-07,220.6000061035156,230.6999969482422,219.8999938964844,222.0,222.0,159740
2021-07-08,220.5,221.1999969482422,206.1999969482422,210.6000061035156,210.6000061035156,178740
2021-07-09,207.6999969482422,211.1000061035156,205.6999969482422,209.3999938964844,209.3999938964844,65510
2021-07-12,203.3000030517578,207.3000030517578,201.0,202.3999938964844,202.3999938964844,146180
2021-07-13,208.3000030517578,210.1000061035156,204.8000030517578,207.5,207.5,93130
2021-07-14,204.0,215.5,203.6999969482422,211.6000061035156,211.6000061035156,103750
2021-07-15,212.8999938964844,217.8000030517578,209.0,216.0,216.0,84280
2021-07-16,210.5,213.3000030517578,208.6999969482422,209.8999938964844,209.8999938964844,63870
2021-07-19,200.5,205.8999938964844,198.3000030517578,199.8000030517578,199.8000030517578,151950
2021-07-20,191.3000030517578,193.3999938964844,186.1999969482422,186.5,186.5,139000
2021-07-21,185.1999969482422,185.1999969482422,179.6999969482422,183.8999938964844,183.8999938964844,166910
2021-07-22,182.8999938964844,185.1999969482422,175.89999389648438,176.10000610351562,176.10000610351562,131920
2021-07-23,175.60000610351562,176.39999389648438,169.8000030517578,173.0,173.0,90570
2021-07-26,164.39999389648438,173.1999969482422,163.39999389648438,168.89999389648438,168.89999389648438,159720
2021-07-27,173.89999389648438,180.8999938964844,172.60000610351562,180.8999938964844,180.8999938964844,144710
2021-07-28,175.8000030517578,179.39999389648438,171.10000610351562,178.1999969482422,178.1999969482422,162750
2021-07-29,174.3000030517578,175.39999389648438,165.0,169.3000030517578,169.3000030517578,232920
2021-07-30,181.5,185.1999969482422,178.60000610351562,179.10000610351562,179.10000610351562,205020
2021-08-02,173.89999389648438,178.89999389648438,168.60000610351562,176.89999389648438,176.89999389648438,134930
2021-08-03,172.10000610351562,173.10000610351562,166.0,166.6999969482422,166.6999969482422,152150
2021-08-04,162.8000030517578,163.10000610351562,155.10000610351562,158.8000030517578,158.8000030517578,203150
2021-08-05,157.3000030517578,160.89999389648438,155.3000030517578,158.39999389648438,158.39999389648438,133590
2021-08-06,159.5,162.1999969482422,156.5,161.10000610351562,161.10000610351562,95300
2021-08-09,164.89999389648438,170.89999389648438,164.5,168.8000030517578,168.8000030517578,132130
2021-08-10,163.60000610351562,165.6999969482422,161.10000610351562,163.1999969482422,163.1999969482422,104720
2021-08-11,171.60000610351562,172.1999969482422,165.0,166.39999389648438,166.39999389648438,144010
2021-08-12,170.10000610351562,179.0,168.10000610351562,178.0,178.0,170500
2021-08-13,177.0,183.6999969482422,174.6999969482422,183.5,183.5,110180
2021-08-16,175.89999389648438,175.89999389648438,170.8000030517578,174.39999389648438,174.39999389648438,115820
2021-08-17,181.3999938964844,186.8000030517578,180.6999969482422,184.6000061035156,184.6000061035156,111300
2021-08-18,182.3999938964844,188.5,181.3000030517578,185.3999938964844,185.3999938964844,86110
2021-08-19,189.5,193.0,180.6999969482422,182.6999969482422,182.6999969482422,177140
2021-08-20,176.10000610351562,184.6000061035156,174.8000030517578,183.8000030517578,183.8000030517578,78490
2021-08-23,180.10000610351562,182.6000061035156,173.89999389648438,175.10000610351562,175.10000610351562,97710
2021-08-24,177.10000610351562,179.1999969482422,176.0,178.5,178.5,79710
2021-08-25,176.60000610351562,179.1999969482422,169.10000610351562,175.89999389648438,175.89999389648438,181980
2021-08-26,170.0,170.1999969482422,150.6999969482422,153.8000030517578,153.8000030517578,408670
2021-08-27,143.89999389648438,145.6999969482422,140.39999389648438,140.6999969482422,140.6999969482422,320840
2021-08-30,149.0,151.1999969482422,143.5,144.60000610351562,144.60000610351562,171160
2021-08-31,147.8000030517578,148.39999389648438,138.5,140.5,140.5,198830
2021-09-01,135.89999389648438,136.5,120.6999969482422,126.1999969482422,126.1999969482422,573660
2021-09-02,124.4000015258789,126.5,120.3000030517578,124.8000030517578,124.8000030517578,314560
2021-09-03,121.5,123.6999969482422,120.8000030517578,121.3000030517578,121.3000030517578,245030
2021-09-07,123.1999969482422,128.60000610351562,122.8000030517578,127.9000015258789,127.9000015258789,241010
2021-09-08,113.1999969482422,115.0999984741211,104.0,108.5,108.5,880910
2021-09-09,109.9000015258789,113.1999969482422,103.4000015258789,105.1999969482422,105.1999969482422,484330
2021-09-10,105.5,109.3000030517578,105.5,106.8000030517578,106.8000030517578,297380
2021-09-13,99.1999969482422,99.5999984741211,92.9000015258789,96.8000030517578,96.8000030517578,655410
2021-09-14,93.6999969482422,96.0,91.1999969482422,92.6999969482422,92.6999969482422,495430
2021-09-15,83.69999694824219,92.4000015258789,80.30000305175781,86.69999694824219,86.69999694824219,985560
2021-09-16,89.4000015258789,93.9000015258789,88.30000305175781,92.1999969482422,92.1999969482422,701020
2021-09-17,95.1999969482422,101.0999984741211,93.5999984741211,100.6999969482422,100.6999969482422,570020
2021-09-20,99.5999984741211,106.5999984741211,96.5,104.8000030517578,104.8000030517578,598700
2021-09-21,108.5,114.0,107.5999984741211,109.1999969482422,109.1999969482422,636230
2021-09-22,111.3000030517578,112.4000015258789,108.1999969482422,112.3000030517578,112.3000030517578,207740
2021-09-23,107.8000030517578,107.9000015258789,99.3000030517578,99.6999969482422,99.6999969482422,530230
2021-09-24,98.5999984741211,101.6999969482422,93.9000015258789,94.5,94.5,393750
2021-09-27,82.4000015258789,84.69999694824219,71.69999694824219,72.19999694824219,72.19999694824219,1502530
2021-09-28,70.30000305175781,78.0,66.19999694824219,73.4000015258789,73.4000015258789,1829270
2021-09-29,78.80000305175781,83.19999694824219,77.30000305175781,82.80000305175781,82.80000305175781,1124670
2021-09-30,80.19999694824219,81.19999694824219,69.5,71.19999694824219,71.19999694824219,1449480
2021-10-01,74.69999694824219,77.5,72.69999694824219,77.5,77.5,990040
2021-10-04,68.0,72.5,64.0999984741211,68.80000305175781,68.80000305175781,1780580
2021-10-05,64.0999984741211,64.19999694824219,56.59999847412109,58.900001525878906,58.900001525878906,2533320
2021-10-06,66.4000015258789,70.5999984741211,65.5999984741211,69.4000015258789,69.4000015258789,2328610
2021-10-07,70.9000015258789,75.4000015258789,67.4000015258789,68.30000305175781,68.30000305175781,1813720
2021-10-08,70.80000305175781,73.4000015258789,70.0,72.0999984741211,72.0999984741211,822470
2021-10-11,77.4000015258789,79.5,74.9000015258789,76.9000015258789,76.9000015258789,1384060
2021-10-12,79.5,80.19999694824219,73.30000305175781,75.19999694824219,75.19999694824219,1095450
2021-10-13,76.0999984741211,77.69999694824219,68.9000015258789,69.9000015258789,69.9000015258789,1082380
2021-10-14,66.5,71.30000305175781,62.900001525878906,69.80000305175781,69.80000305175781,1173500
2021-10-15,72.5,74.9000015258789,70.69999694824219,74.19999694824219,74.19999694824219,1166320
2021-10-18,78.9000015258789,84.9000015258789,77.69999694824219,84.69999694824219,84.69999694824219,1138900
2021-10-19,87.0999984741211,87.5999984741211,80.19999694824219,81.4000015258789,81.4000015258789,998460
2021-10-20,84.9000015258789,85.0999984741211,76.5,78.0,78.0,1039940
2021-10-21,79.5999984741211,83.19999694824219,77.4000015258789,77.9000015258789,77.9000015258789,931110
2021-10-22,74.5,80.30000305175781,73.69999694824219,76.5999984741211,76.5999984741211,965800
2021-10-25,66.5,66.9000015258789,59.20000076293945,60.20000076293945,60.20000076293945,2617190
2021-10-26,65.9000015258789,67.5,61.20000076293945,62.900001525878906,62.900001525878906,1583790
2021-10-27,58.900001525878906,64.0999984741211,56.79999923706055,59.79999923706055,59.79999923706055,2730020
2021-10-28,63.79999923706055,67.5,62.400001525878906,66.19999694824219,66.19999694824219,1671680
2021-10-29,70.69999694824219,74.30000305175781,69.4000015258789,71.0999984741211,71.0999984741211,1278530
2021-11-01,77.19999694824219,81.5999984741211,74.9000015258789,79.0999984741211,79.0999984741211,1080280
2021-11-02,72.4000015258789,74.4000015258789,69.19999694824219,70.30000305175781,70.30000305175781,1393230
2021-11-03,69.19999694824219,70.19999694824219,62.79999923706055,62.900001525878906,62.900001525878906,1538300
2021-11-04,63.59999847412109,69.19999694824219,62.0,65.69999694824219,65.69999694824219,1557810
2021-11-05,68.80000305175781,70.0,66.69999694824219,67.0999984741211,67.0999984741211,1033630
2021-11-08,69.19999694824219,73.0999984741211,67.9000015258789,73.0,73.0,951770
2021-11-09,81.0,86.30000305175781,79.5999984741211,84.80000305175781,84.80000305175781,1569680
2021-11-10,91.1999969482422,92.3000030517578,84.80000305175781,86.19999694824219,86.19999694824219,985010
2021-11-11,84.69999694824219,86.30000305175781,76.9000015258789,78.30000305175781,78.30000305175781,1096030
2021-11-12,81.69999694824219,89.4000015258789,80.19999694824219,87.5999984741211,87.5999984741211,1222460
2021-11-15,85.0999984741211,87.19999694824219,79.0,79.69999694824219,79.69999694824219,896560
2021-11-16,72.9000015258789,76.9000015258789,68.5999984741211,76.0999984741211,76.0999984741211,1418070
2021-11-17,81.5,85.69999694824219,79.69999694824219,83.19999694824219,83.19999694824219,1032560
2021-11-18,78.4000015258789,83.9000015258789,77.5999984741211,82.4000015258789,82.4000015258789,904060
2021-11-19,80.69999694824219,83.19999694824219,74.5,78.5999984741211,78.5999984741211,1003350
2021-11-22,89.0999984741211,89.19999694824219,84.30000305175781,85.9000015258789,85.9000015258789,1040110
2021-11-23,79.69999694824219,81.5,76.0,77.5999984741211,77.5999984741211,1110820
2021-11-24,77.80000305175781,79.4000015258789,74.5999984741211,77.9000015258789,77.9000015258789,928310
2021-11-26,70.30000305175781,77.0999984741211,70.19999694824219,70.9000015258789,70.9000015258789,1190830
2021-11-29,81.5999984741211,82.5999984741211,79.0999984741211,81.69999694824219,81.69999694824219,1529270
2021-11-30,92.8000030517578,93.8000030517578,86.9000015258789,89.69999694824219,89.69999694824219,1590140
2021-12-01,98.0999984741211,105.1999969482422,96.8000030517578,103.9000015258789,103.9000015258789,994960
2021-12-02,102.9000015258789,113.8000030517578,100.8000030517578,110.3000030517578,110.3000030517578,827210
2021-12-03,109.0,112.4000015258789,102.1999969482422,112.1999969482422,112.1999969482422,606150
2021-12-06,130.3000030517578,135.1999969482422,128.89999389648438,132.8000030517578,132.8000030517578,842070
2021-12-07,128.3000030517578,133.10000610351562,121.5,129.10000610351562,129.10000610351562,670300
2021-12-08,117.0999984741211,123.5999984741211,117.0999984741211,122.8000030517578,122.8000030517578,540240
2021-12-09,122.0,125.3000030517578,115.9000015258789,124.6999969482422,124.6999969482422,458700
2021-12-10,117.5999984741211,121.6999969482422,113.0999984741211,118.0999984741211,118.0999984741211,501450
2021-12-13,109.6999969482422,124.0,107.3000030517578,119.9000015258789,119.9000015258789,643510
2021-12-14,124.0,129.0,122.0,123.0999984741211,123.0999984741211,456900
2021-12-15,117.5,123.5,116.9000015258789,122.4000015258789,122.4000015258789,517930
2021-12-16,118.9000015258789,127.8000030517578,117.1999969482422,125.3000030517578,125.3000030517578,761730
2021-12-17,129.60000610351562,132.8000030517578,122.8000030517578,131.8000030517578,131.8000030517578,573950
2021-12-20,121.4000015258789,127.4000015258789,118.5,124.3000030517578,124.3000030517578,606580
2021-12-21,125.6999969482422,126.0,120.6999969482422,125.0999984741211,125.0999984741211,583690
2021-12-22,117.1999969482422,120.9000015258789,114.5,120.4000015258789,120.4000015258789,485640
2021-12-23,131.3000030517578,137.5,127.4000015258789,131.1999969482422,131.1999969482422,887270
2021-12-27,124.0,124.4000015258789,110.5,112.6999969482422,112.6999969482422,855840
2021-12-28,118.0,118.8000030517578,112.1999969482422,113.0999984741211,113.0999984741211,453070
2021-12-29,110.6999969482422,118.9000015258789,108.5,117.5999984741211,117.5999984741211,873950
2021-12-30,121.3000030517578,134.60000610351562,119.6999969482422,131.6999969482422,131.6999969482422,969740
2021-12-31,123.6999969482422,129.8000030517578,118.3000030517578,121.0999984741211,121.0999984741211,777020
2022-01-03,121.1999969482422,127.6999969482422,113.5,113.9000015258789,113.9000015258789,831670
2022-01-04,115.1999969482422,121.8000030517578,113.9000015258789,119.5,119.5,761750
2022-01-05,115.0,118.6999969482422,110.6999969482422,114.1999969482422,114.1999969482422,675250
2022-01-06,114.0,116.1999969482422,111.6999969482422,112.3000030517578,112.3000030517578,570970
2022-01-07,110.1999969482422,112.0,106.6999969482422,111.4000015258789,111.4000015258789,735880
2022-01-10,103.0,109.0999984741211,101.5,102.1999969482422,102.1999969482422,858090
2022-01-11,104.5999984741211,105.6999969482422,97.0999984741211,98.1999969482422,98.1999969482422,623920
2022-01-12,88.30000305175781,91.0,78.69999694824219,80.9000015258789,80.9000015258789,2086380
2022-01-13,86.9000015258789,92.0999984741211,86.0,91.3000030517578,91.3000030517578,1230470
2022-01-14,92.63999938964844,93.1999969482422,87.76000213623047,89.26000213623047,89.26000213623047,523750
2022-01-18,86.81999969482422,91.76000213623048,86.23999786376953,88.45999908447266,88.45999908447266,554350
2022-01-19,89.13999938964844,99.33999633789062,88.9000015258789,99.1999969482422,99.1999969482422,682050
2022-01-20,105.22000122070312,109.77999877929688,104.18000030517578,108.08000183105467,108.08000183105467,668100
2022-01-21,104.45999908447266,107.0,98.0999984741211,102.86000061035156,102.86000061035156,495400
2022-01-24,98.4000015258789,100.3000030517578,93.9000015258789,99.31999969482422,99.31999969482422,971700
2022-01-25,96.77999877929688,99.13999938964844,93.6999969482422,95.6999969482422,95.6999969482422,266500
2022-01-26,83.22000122070312,91.0199966430664,83.0,89.81999969482422,89.81999969482422,794450
2022-01-27,86.0199966430664,87.5199966430664,71.4000015258789,75.0199966430664,75.0199966430664,1702650
2022-01-28,59.5,65.83999633789062,56.7599983215332,63.97999954223633,63.97999954223633,3179350
2022-01-31,58.86000061035156,62.81999969482422,55.040000915527344,57.97999954223633,57.97999954223633,2498750
2022-02-01,60.619998931884766,63.13999938964844,57.20000076293945,57.220001220703125,57.220001220703125,2010300
2022-02-02,46.15999984741211,47.81999969482422,39.81999969482422,42.619998931884766,42.619998931884766,7399050
2022-02-03,51.31999969482422,51.84000015258789,48.79999923706055,49.880001068115234,49.880001068115234,3747050
2022-02-04,52.560001373291016,59.47999954223633,50.459999084472656,58.68000030517578,58.68000030517578,2761050
2022-02-07,64.0999984741211,68.77999877929688,62.959999084472656,64.5199966430664,64.5199966430664,2391400
2022-02-08,63.400001525878906,67.05999755859375,61.900001525878906,66.69999694824219,66.69999694824219,1732750
2022-02-09,71.4800033569336,73.44000244140625,70.83999633789062,72.63999938964844,72.63999938964844,1842200
2022-02-10,75.36000061035156,76.80000305175781,72.68000030517578,73.91999816894531,73.91999816894531,1123650
2022-02-11,76.0,76.62000274658203,70.81999969482422,73.23999786376953,73.23999786376953,1724950
2022-02-14,69.83999633789062,70.37999725341797,65.27999877929688,66.72000122070312,66.72000122070312,989750
2022-02-15,62.93999862670898,66.05999755859375,61.619998931884766,62.220001220703125,62.220001220703125,1669550
2022-02-16,59.08000183105469,59.81999969482422,53.79999923706055,55.91999816894531,55.91999816894531,2020400
2022-02-17,55.959999084472656,59.2400016784668,54.220001220703125,56.86000061035156,56.86000061035156,1800450
2022-02-18,53.900001525878906,59.380001068115234,53.79999923706055,58.7599983215332,58.7599983215332,1074850
2022-02-22,54.5,57.7400016784668,53.08000183105469,56.65999984741211,56.65999984741211,995800
2022-02-23,54.400001525878906,54.70000076293945,50.84000015258789,53.68000030517578,53.68000030517578,1027200
2022-02-24,48.0,53.220001220703125,46.41999816894531,52.43999862670898,52.43999862670898,1574900
2022-02-25,54.58000183105469,57.13999938964844,54.040000915527344,55.560001373291016,55.560001373291016,1155750
2022-02-28,55.77999877929688,58.31999969482422,55.08000183105469,57.959999084472656,57.959999084472656,626750
2022-03-01,56.040000915527344,56.31999969482422,51.70000076293945,52.880001068115234,52.880001068115234,1123150
2022-03-02,48.20000076293945,51.18000030517578,45.79999923706055,47.27999877929688,47.27999877929688,1389950
2022-03-03,50.220001220703125,51.31999969482422,47.380001068115234,49.58000183105469,49.58000183105469,1379750
2022-03-04,47.380001068115234,47.43999862670898,42.81999969482422,44.900001525878906,44.900001525878906,1742050
2022-03-07,44.31999969482422,47.31999969482422,43.86000061035156,46.720001220703125,46.720001220703125,1516750
2022-03-08,51.2400016784668,52.36000061035156,48.79999923706055,51.2599983215332,51.2599983215332,1598350
2022-03-09,51.7400016784668,52.7400016784668,50.63999938964844,52.27999877929688,52.27999877929688,932900
2022-03-10,51.040000915527344,51.65999984741211,48.720001220703125,49.36000061035156,49.36000061035156,744300
2022-03-11,47.2599983215332,48.59999847412109,46.08000183105469,46.619998931884766,46.619998931884766,750450
2022-03-14,48.5,50.720001220703125,48.040000915527344,48.47999954223633,48.47999954223633,790750
2022-03-15,52.060001373291016,52.84000015258789,49.15999984741211,49.720001220703125,49.720001220703125,919150
2022-03-16,47.380001068115234,49.09999847412109,46.34000015258789,46.91999816894531,46.91999816894531,1376900
2022-03-17,44.65999984741211,44.900001525878906,42.18000030517578,43.0,43.0,2468000
2022-03-18,43.20000076293945,44.7599983215332,43.13999938964844,43.70000076293945,43.70000076293945,903450
2022-03-21,45.70000076293945,46.2599983215332,42.400001525878906,42.619998931884766,42.619998931884766,1188000
2022-03-22,39.81999969482422,41.2400016784668,38.2400016784668,39.119998931884766,39.119998931884766,2236900
2022-03-23,37.400001525878906,39.65999984741211,36.880001068115234,39.36000061035156,39.36000061035156,1818550
2022-03-24,38.63999938964844,40.0,34.5,35.5,35.5,3081100
2022-03-25,33.36000061035156,34.939998626708984,33.099998474121094,33.52000045776367,33.52000045776367,2563050
2022-03-28,34.540000915527344,34.63999938964844,33.31999969482422,34.41999816894531,34.41999816894531,1934400
2022-03-29,34.68000030517578,36.720001220703125,34.599998474121094,36.59999847412109,36.59999847412109,2141550
2022-03-30,35.02000045776367,35.20000076293945,32.599998474121094,33.47999954223633,33.47999954223633,2224150
2022-03-31,32.439998626708984,32.63999938964844,30.200000762939453,32.279998779296875,32.279998779296875,3427950
2022-04-01,32.29999923706055,32.84000015258789,30.84000015258789,31.6200008392334,31.6200008392334,2077050
2022-04-04,31.07999992370605,31.940000534057617,29.979999542236328,31.200000762939453,31.200000762939453,2227900
2022-04-05,29.0,29.040000915527344,26.18000030517578,28.0,28.0,4920900
2022-04-06,25.959999084472656,28.34000015258789,25.0,27.540000915527344,27.540000915527344,5053700
2022-04-07,27.440000534057617,28.34000015258789,24.26000022888184,24.6200008392334,24.6200008392334,4694400
2022-04-08,24.459999084472656,25.76000022888184,24.21999931335449,25.15999984741211,25.15999984741211,3603200
2022-04-11,23.15999984741211,23.81999969482422,22.39999961853028,22.479999542236328,22.479999542236328,5147800
2022-04-12,22.200000762939453,22.920000076293945,20.6200008392334,22.200000762939453,22.200000762939453,6373750
2022-04-13,21.6200008392334,21.71999931335449,19.63999938964844,19.81999969482422,19.81999969482422,6905200
2022-04-14,19.979999542236328,20.31999969482422,18.1200008392334,18.1200008392334,18.1200008392334,7487100
2022-04-18,16.979999542236328,17.020000457763672,14.520000457763672,15.859999656677246,15.859999656677246,14173050
2022-04-19,18.239999771118164,19.239999771118164,18.020000457763672,18.34000015258789,18.34000015258789,13644800
2022-04-20,18.65999984741211,20.21999931335449,18.540000915527344,19.76000022888184,19.76000022888184,9298100
2022-04-21,18.63999938964844,20.559999465942383,18.36000061035156,19.39999961853028,19.39999961853028,8325650
2022-04-22,19.959999084472656,22.13999938964844,19.459999084472656,21.89999961853028,21.89999961853028,7738350
2022-04-25,21.780000686645508,21.8799991607666,18.739999771118164,19.1200008392334,19.1200008392334,6017050
2022-04-26,19.26000022888184,20.559999465942383,18.600000381469727,19.84000015258789,19.84000015258789,5949900
2022-04-27,18.6200008392334,18.940000534057617,16.579999923706055,17.5,17.5,7108050
2022-04-28,18.34000015258789,19.63999938964844,18.21999931335449,19.239999771118164,19.239999771118164,5047600
2022-04-29,18.36000061035156,18.84000015258789,17.079999923706055,17.420000076293945,17.420000076293945,4807500
2022-05-02,16.860000610351562,17.0,16.059999465942383,16.200000762939453,16.200000762939453,4566950
2022-05-03,14.520000457763672,15.239999771118164,13.5600004196167,15.100000381469728,15.100000381469728,10228200
2022-05-04,12.979999542236328,13.479999542236328,12.739999771118164,12.84000015258789,12.84000015258789,11532200
2022-05-05,13.100000381469728,13.84000015258789,11.739999771118164,11.84000015258789,11.84000015258789,11971800
2022-05-06,12.5,13.979999542236328,12.399999618530272,13.640000343322754,13.640000343322754,14232400
2022-05-09,15.100000381469728,17.420000076293945,15.079999923706056,16.860000610351562,16.860000610351562,11375650
2022-05-10,18.440000534057617,18.440000534057617,15.079999923706056,16.020000457763672,16.020000457763672,13220100
2022-05-11,14.5,14.800000190734863,14.0,14.15999984741211,14.15999984741211,4527000
2022-05-12,15.0,15.0600004196167,13.739999771118164,14.039999961853027,14.039999961853027,4931900
2022-05-13,13.68000030517578,14.699999809265137,13.65999984741211,14.220000267028809,14.220000267028809,4628600
2022-05-16,12.68000030517578,14.15999984741211,12.31999969482422,12.979999542236328,12.979999542236328,7609300
2022-05-17,12.100000381469728,12.5600004196167,11.81999969482422,12.0600004196167,12.0600004196167,8261800
2022-05-18,11.699999809265137,12.300000190734863,11.5,12.0,12.0,11734050
2022-05-19,12.18000030517578,12.460000038146973,11.4399995803833,12.399999618530272,12.399999618530272,9822500
2022-05-20,12.800000190734863,12.84000015258789,12.300000190734863,12.640000343322754,12.640000343322754,8022250
2022-05-23,12.479999542236328,12.539999961853027,10.420000076293944,10.539999961853027,10.539999961853027,13179350
2022-05-24,10.579999923706056,10.899999618530272,10.359999656677246,10.5,10.5,7695300
2022-05-25,9.65999984741211,10.479999542236328,9.15999984741211,10.199999809265137,10.199999809265137,13748950
2022-05-26,10.06999969482422,11.0649995803833,9.204999923706056,10.710000038146973,10.710000038146973,16171200
2022-05-27,11.5600004196167,11.859999656677246,10.645000457763672,10.859999656677246,10.859999656677246,16243200
2022-05-31,11.295000076293944,12.335000038146973,11.154999732971191,12.020000457763672,12.020000457763672,15927200
2022-06-01,11.074999809265137,11.3149995803833,10.369999885559082,10.395000457763672,10.395000457763672,12568200
2022-06-02,9.984999656677246,11.375,9.920000076293944,11.114999771118164,11.114999771118164,14332200
2022-06-03,11.0,11.364999771118164,10.81999969482422,10.975000381469728,10.975000381469728,7932400
2022-06-06,9.46500015258789,9.729999542236328,8.8149995803833,8.885000228881836,8.885000228881836,22753000
2022-06-07,9.0,9.125,8.734999656677246,8.90999984741211,8.90999984741211,13341200
2022-06-08,8.640000343322754,10.65999984741211,8.279999732971191,10.19499969482422,10.19499969482422,41707000
2022-06-09,11.56999969482422,11.710000038146973,9.369999885559082,9.520000457763672,9.520000457763672,27946600
2022-06-10,9.9399995803833,10.21500015258789,9.56999969482422,9.93000030517578,9.93000030517578,11184200
2022-06-13,9.664999961853027,10.770000457763672,9.609999656677246,10.15999984741211,10.15999984741211,15020200
2022-06-14,11.864999771118164,14.104999542236328,11.854999542236328,13.289999961853027,13.289999961853027,34958000
2022-06-15,12.31999969482422,13.289999961853027,11.845000267028809,12.609999656677246,12.609999656677246,10044400
2022-06-16,11.300000190734863,13.300000190734863,10.925000190734863,12.885000228881836,12.885000228881836,12869600
2022-06-17,13.18000030517578,14.854999542236328,13.085000038146973,14.46500015258789,14.46500015258789,11699600
2022-06-21,15.600000381469728,15.869999885559082,14.475000381469728,15.024999618530272,15.024999618530272,8432800
2022-06-22,15.53499984741211,15.729999542236328,14.399999618530272,14.984999656677246,14.984999656677246,4484000
2022-06-23,15.274999618530272,17.350000381469727,15.100000381469728,17.239999771118164,17.239999771118164,7774600
2022-06-24,17.4950008392334,17.885000228881836,16.5,17.40999984741211,17.40999984741211,4122600
2022-06-27,18.09000015258789,18.104999542236328,15.46500015258789,16.045000076293945,16.045000076293945,5538800
2022-06-28,15.3100004196167,16.075000762939453,14.885000228881836,15.265000343322754,15.265000343322754,4868600
2022-06-29,14.94499969482422,16.31999969482422,14.614999771118164,16.270000457763672,16.270000457763672,4033800
2022-06-30,15.885000228881836,21.84499931335449,15.524999618530272,20.01000022888184,20.01000022888184,15113600
2022-07-01,18.084999084472656,19.68000030517578,17.5,19.190000534057617,19.190000534057617,7222400
2022-07-05,19.700000762939453,21.125,18.73500061035156,20.625,20.625,6068800
2022-07-06,19.799999237060547,21.34000015258789,19.600000381469727,20.11000061035156,20.11000061035156,4347200
2022-07-07,18.34000015258789,18.76000022888184,14.010000228881836,14.954999923706056,14.954999923706056,13585800
2022-07-08,15.140000343322754,16.024999618530273,14.55500030517578,15.835000038146973,15.835000038146973,6359200
2022-07-11,13.015000343322754,14.449999809265137,12.880000114440918,13.845000267028809,13.845000267028809,8296600
2022-07-12,13.4399995803833,15.93000030517578,13.295000076293944,14.970000267028809,14.970000267028809,10296400
2022-07-13,13.420000076293944,13.93000030517578,12.0,12.81999969482422,12.81999969482422,17457800
2022-07-14,12.085000038146973,12.9399995803833,11.755000114440918,12.494999885559082,12.494999885559082,13700200
2022-07-15,12.55500030517578,12.895000457763672,10.760000228881836,10.779999732971191,10.779999732971191,14864600
2022-07-18,10.109999656677246,10.15999984741211,9.420000076293944,9.734999656677246,9.734999656677246,19682000
2022-07-19,10.369999885559082,10.470000267028809,9.770000457763672,10.045000076293944,10.045000076293944,12862200
2022-07-20,9.609999656677246,10.010000228881836,8.0600004196167,8.369999885559082,8.369999885559082,31081200
2022-07-21,8.5600004196167,8.875,7.824999809265137,8.25,8.25,25551800
2022-07-22,7.735000133514404,7.769999980926514,7.284999847412109,7.449999809265137,7.449999809265137,25067600
2022-07-25,7.235000133514404,7.445000171661377,6.590000152587891,6.715000152587891,6.715000152587891,28880200
2022-07-26,5.914999961853027,6.650000095367432,5.894999980926514,6.525000095367432,6.525000095367432,56781600
2022-07-27,6.635000228881836,7.085000038146973,6.510000228881836,6.675000190734863,6.675000190734863,31085200
2022-07-28,6.78000020980835,7.514999866485596,6.34499979019165,7.304999828338623,7.304999828338623,29900200
2022-07-29,7.079999923706055,7.675000190734863,7.034999847412109,7.159999847412109,7.159999847412109,40119800
2022-08-01,7.900000095367432,8.03499984741211,7.15500020980835,7.21999979019165,7.21999979019165,27691000
2022-08-02,7.949999809265137,8.350000381469727,7.789999961853027,8.279999732971191,8.279999732971191,22779200
2022-08-03,8.295000076293945,8.505000114440918,6.550000190734863,6.980000019073486,6.980000019073486,34861400
2022-08-04,7.224999904632568,7.724999904632568,7.045000076293945,7.144999980926514,7.144999980926514,25870200
2022-08-05,7.429999828338623,7.53000020980835,7.014999866485596,7.465000152587891,7.465000152587891,15614000
2022-08-08,8.045000076293945,8.28499984741211,7.835000038146973,8.135000228881836,8.135000228881836,16239000
2022-08-09,7.784999847412109,8.0,7.554999828338623,7.699999809265137,7.699999809265137,11334400
2022-08-10,7.664999961853027,7.784999847412109,6.849999904632568,6.900000095367432,6.900000095367432,20787200
2022-08-11,6.570000171661377,6.849999904632568,5.679999828338623,6.019999980926514,6.019999980926514,43535200
2022-08-12,5.880000114440918,6.110000133514404,5.784999847412109,5.960000038146973,5.960000038146973,17963800
2022-08-15,6.375,6.480000019073486,5.75,5.860000133514404,5.860000133514404,24474600
2022-08-16,5.375,5.630000114440918,5.144999980926514,5.199999809265137,5.199999809265137,39231200
2022-08-17,5.099999904632568,5.460000038146973,5.085000038146973,5.320000171661377,5.320000171661377,25322400
2022-08-18,5.320000171661377,5.684999942779541,4.849999904632568,5.355000019073486,5.355000019073486,54045200
2022-08-19,5.46999979019165,5.53000020980835,5.144999980926514,5.244999885559082,5.244999885559082,19964400
2022-08-22,4.675000190734863,5.09499979019165,4.659999847412109,4.715000152587891,4.715000152587891,37235000
2022-08-23,4.664999961853027,5.46999979019165,4.53000020980835,5.204999923706055,5.204999923706055,49510800
2022-08-24,5.25,5.429999828338623,5.039999961853027,5.25,5.25,25727000
2022-08-25,5.139999866485596,5.324999809265137,5.059999942779541,5.105000019073486,5.105000019073486,19949200
2022-08-26,4.920000076293945,5.304999828338623,4.795000076293945,5.215000152587891,5.215000152587891,30955000
2022-08-29,5.315000057220459,5.385000228881836,4.889999866485596,5.224999904632568,5.224999904632568,24156400
2022-08-30,5.460000038146973,5.630000114440918,5.284999847412109,5.400000095367432,5.400000095367432,26361800
2022-08-31,5.599999904632568,5.695000171661377,5.159999847412109,5.320000171661377,5.320000171661377,24763000
2022-09-01,5.170000076293945,5.315000057220459,5.039999961853027,5.275000095367432,5.275000095367432,24016000
2022-09-02,5.474999904632568,5.889999866485596,5.46999979019165,5.590000152587891,5.590000152587891,43373000
2022-09-06,6.28000020980835,7.039999961853027,6.079999923706055,6.715000152587891,6.715000152587891,47446400
2022-09-07,6.829999923706055,7.119999885559082,6.704999923706055,7.079999923706055,7.079999923706055,28671000
2022-09-08,6.809999942779541,6.989999771118164,6.639999866485596,6.835000038146973,6.835000038146973,21691000
2022-09-09,6.744999885559082,6.954999923706055,6.650000095367432,6.679999828338623,6.679999828338623,17710800
2022-09-12,6.755000114440918,6.755000114440918,6.099999904632568,6.150000095367432,6.150000095367432,23400400
2022-09-13,6.289999961853027,6.489999771118164,6.050000190734863,6.110000133514404,6.110000133514404,19578000
2022-09-14,5.559999942779541,5.739999771118164,4.909999847412109,5.079999923706055,5.079999923706055,44164400
2022-09-15,5.75,6.079999923706055,5.679999828338623,5.954999923706055,5.954999923706055,31125800
2022-09-16,6.364999771118164,6.769999980926514,6.275000095367432,6.65500020980835,6.65500020980835,27387800
2022-09-19,6.914999961853027,6.949999809265137,6.440000057220459,6.460000038146973,6.460000038146973,24186200
2022-09-20,6.659999847412109,6.889999866485596,6.315000057220459,6.804999828338623,6.804999828338623,19959400
2022-09-21,6.40500020980835,7.050000190734863,6.400000095367432,6.65500020980835,6.65500020980835,16211000
2022-09-22,6.860000133514404,7.795000076293945,6.829999923706055,7.505000114440918,7.505000114440918,27118400
2022-09-23,8.364999771118164,8.454999923706055,7.760000228881836,8.164999961853027,8.164999961853027,50329000
2022-09-26,8.654999732971191,8.885000228881836,7.974999904632568,8.085000038146973,8.085000038146973,18945800
2022-09-27,8.515000343322754,8.770000457763672,8.050000190734863,8.614999771118164,8.614999771118164,18737800
2022-09-28,8.9350004196167,9.09000015258789,8.055000305175781,8.119999885559082,8.119999885559082,17470400
2022-09-29,8.649999618530273,9.100000381469728,8.170000076293945,8.399999618530273,8.399999618530273,17887400
2022-09-30,8.675000190734863,8.824999809265137,8.005000114440918,8.604999542236328,8.604999542236328,16274200
2022-10-03,9.4350004196167,9.859999656677246,9.225000381469728,9.265000343322754,9.265000343322754,14963200
2022-10-04,9.109999656677246,9.15999984741211,8.25,8.40999984741211,8.40999984741211,20341600
2022-10-05,8.074999809265137,8.34000015258789,8.010000228881836,8.0600004196167,8.0600004196167,11299600
2022-10-06,7.920000076293945,8.28499984741211,7.679999828338623,8.145000457763672,8.145000457763672,12598800
2022-10-07,8.425000190734863,8.805000305175781,8.149999618530273,8.760000228881836,8.760000228881836,13116200
2022-10-10,8.305000305175781,9.354999542236328,8.194999694824219,9.039999961853027,9.039999961853027,11867800
2022-10-11,8.885000228881836,9.350000381469728,8.675000190734863,8.899999618530273,8.899999618530273,11470600
2022-10-12,8.600000381469727,9.375,8.529999732971191,9.289999961853027,9.289999961853027,8904000
2022-10-13,9.260000228881836,9.489999771118164,8.40999984741211,8.614999771118164,8.614999771118164,14145400
2022-10-14,8.850000381469727,9.125,8.739999771118164,8.885000228881836,8.885000228881836,8640400
2022-10-17,9.895000457763672,9.984999656677246,9.5600004196167,9.854999542236328,9.854999542236328,14637600
2022-10-18,9.859999656677246,10.720000267028809,9.6850004196167,10.5,10.5,12379000
2022-10-19,11.1899995803833,11.454999923706056,10.899999618530272,11.449999809265137,11.449999809265137,8264600
2022-10-20,11.699999809265137,12.015000343322754,11.255000114440918,11.739999771118164,11.739999771118164,7974400
2022-10-21,12.920000076293944,13.345000267028809,12.734999656677246,12.864999771118164,12.864999771118164,9660000
2022-10-24,12.520000457763672,12.520000457763672,11.43000030517578,11.78499984741211,11.78499984741211,8405600
2022-10-25,11.31999969482422,11.460000038146973,10.164999961853027,10.175000190734863,10.175000190734863,12968800
2022-10-26,11.010000228881836,11.010000228881836,10.109999656677246,10.30500030517578,10.30500030517578,13855600
2022-10-27,10.760000228881836,11.739999771118164,10.475000381469728,11.260000228881836,11.260000228881836,10782000
2022-10-28,11.925000190734863,12.350000381469728,11.40999984741211,11.46500015258789,11.46500015258789,8659600
2022-10-31,9.800000190734863,10.414999961853027,9.255000114440918,9.395000457763672,9.395000457763672,16101000
2022-11-01,10.260000228881836,10.96500015258789,10.220000267028809,10.354999542236328,10.354999542236328,11887600
2022-11-02,9.3100004196167,9.614999771118164,8.859999656677246,9.21500015258789,9.21500015258789,15890000
2022-11-03,9.43000030517578,9.96500015258789,9.149999618530272,9.824999809265137,9.824999809265137,13412800
2022-11-04,9.255000114440918,9.770000457763672,8.074999809265137,8.225000381469727,8.225000381469727,18983400
2022-11-07,7.130000114440918,7.800000190734863,6.519999980926514,7.5,7.5,34518600
2022-11-08,8.074999809265137,8.704999923706055,8.069999694824219,8.234999656677246,8.234999656677246,19384400
2022-11-09,9.300000190734863,9.604999542236328,8.869999885559082,9.149999618530272,9.149999618530272,15359600
2022-11-10,8.800000190734863,9.154999732971191,8.145000457763672,8.390000343322754,8.390000343322754,9815400
2022-11-11,8.020000457763672,9.279999732971191,7.585000038146973,8.885000228881836,8.885000228881836,17021400
2022-11-14,7.769999980926514,9.05500030517578,7.71999979019165,8.649999618530273,8.649999618530273,22422600
2022-11-15,9.0600004196167,9.265000343322754,8.430000305175781,8.449999809265137,8.449999809265137,10924400
2022-11-16,9.239999771118164,9.399999618530272,8.039999961853027,8.130000114440918,8.130000114440918,17832000
2022-11-17,7.715000152587891,8.109999656677246,7.369999885559082,7.730000019073486,7.730000019073486,23383800
2022-11-18,8.420000076293945,8.420000076293945,7.574999809265137,7.755000114440918,7.755000114440918,22200200
2022-11-21,7.215000152587891,7.25,6.539999961853027,6.764999866485596,6.764999866485596,28599000
2022-11-22,6.889999866485596,6.994999885559082,6.054999828338623,6.15500020980835,6.15500020980835,30861400
2022-11-23,5.175000190734863,6.010000228881836,5.164999961853027,5.764999866485596,5.764999866485596,97627200
2022-11-25,6.005000114440918,6.215000152587891,5.739999771118164,6.175000190734863,6.175000190734863,32486600
2022-11-28,6.815000057220459,6.840000152587891,6.255000114440918,6.349999904632568,6.349999904632568,35618600
2022-11-29,6.53000020980835,6.789999961853027,6.199999809265137,6.489999771118164,6.489999771118164,33173800
2022-11-30,6.480000019073486,7.300000190734863,6.449999809265137,7.0,7.0,35295200
2022-12-01,6.735000133514404,7.534999847412109,6.585000038146973,7.224999904632568,7.224999904632568,19639200
2022-12-02,8.055000305175781,8.645000457763672,7.610000133514404,8.53499984741211,8.53499984741211,22594600
2022-12-05,9.744999885559082,10.4399995803833,9.619999885559082,10.244999885559082,10.244999885559082,23267600
2022-12-06,10.600000381469728,11.30500030517578,10.1850004196167,11.164999961853027,11.164999961853027,17743800
2022-12-07,10.204999923706056,11.074999809265137,9.399999618530272,9.489999771118164,9.489999771118164,26704200
2022-12-08,9.34000015258789,9.475000381469728,8.375,8.949999809265137,8.949999809265137,26018000
2022-12-09,8.03499984741211,8.824999809265137,7.894999980926514,8.03499984741211,8.03499984741211,41983800
2022-12-12,6.795000076293945,7.605000019073486,6.735000133514404,7.550000190734863,7.550000190734863,41045000
2022-12-13,6.659999847412109,7.019999980926514,6.400000095367432,6.639999866485596,6.639999866485596,52897200
2022-12-14,7.340000152587891,7.809999942779541,7.135000228881836,7.760000228881836,7.760000228881836,31560800
2022-12-15,7.309999942779541,7.909999847412109,6.880000114440918,7.230000019073486,7.230000019073486,38586200
2022-12-16,7.989999771118164,8.050000190734863,7.429999828338623,7.695000171661377,7.695000171661377,21013000
2022-12-19,8.529999732971191,8.904999732971191,8.399999618530273,8.795000076293945,8.795000076293945,17870600
2022-12-20,9.979999542236328,10.1899995803833,9.779999732971191,9.954999923706056,9.954999923706056,21673400
2022-12-21,9.539999961853027,10.1899995803833,9.520000457763672,9.899999618530272,9.899999618530272,15402600
2022-12-22,10.390000343322754,11.795000076293944,10.0649995803833,11.289999961853027,11.289999961853027,22039000
2022-12-23,12.3100004196167,12.40999984741211,11.024999618530272,11.53499984741211,11.53499984741211,17926400
2022-12-27,11.654999732971191,12.06999969482422,11.380000114440918,11.55500030517578,11.55500030517578,11714000
2022-12-28,12.789999961853027,13.460000038146973,12.630000114440918,12.675000190734863,12.675000190734863,11966000
2022-12-29,13.539999961853027,13.994999885559082,13.095000267028809,13.255000114440918,13.255000114440918,10689200
2022-12-30,13.925000190734863,14.079999923706056,13.114999771118164,13.779999732971191,13.779999732971191,8423800
2023-01-03,15.725000381469728,16.709999084472656,15.3100004196167,16.280000686645508,16.280000686645508,9904200
2023-01-04,15.81999969482422,16.475000381469727,15.0,15.324999809265137,15.324999809265137,10343200
2023-01-05,17.204999923706055,18.23500061035156,16.940000534057617,17.7549991607666,17.7549991607666,10393000
2023-01-06,18.645000457763672,18.989999771118164,17.65999984741211,18.299999237060547,18.299999237060547,11479400
2023-01-09,17.3700008392334,17.53499984741211,15.0,16.815000534057617,16.815000534057617,13234200
2023-01-10,18.3700008392334,19.295000076293945,18.09000015258789,19.27499961853028,19.27499961853028,7763000
2023-01-11,19.170000076293945,20.979999542236328,18.010000228881836,18.239999771118164,18.239999771118164,10668400
2023-01-12,16.450000762939453,18.700000762939453,16.44499969482422,18.375,18.375,9912600
2023-01-13,19.7549991607666,20.52499961853028,19.125,20.02499961853028,20.02499961853028,5872600
2023-01-17,18.270000457763672,19.75,18.200000762939453,18.854999542236328,18.854999542236328,7841000
2023-01-18,21.0,21.52499961853028,20.27499961853028,21.315000534057617,21.315000534057617,6299000
2023-01-19,20.924999237060547,21.78499984741211,20.420000076293945,21.709999084472656,21.709999084472656,4847000
2023-01-20,20.96999931335449,23.03499984741211,20.174999237060547,22.700000762939453,22.700000762939453,9278000
2023-01-23,21.315000534057617,22.895000457763672,19.280000686645508,19.4950008392334,19.4950008392334,11805400
2023-01-24,20.31999969482422,21.790000915527344,19.98500061035156,21.27499961853028,21.27499961853028,5708600
2023-01-25,22.645000457763672,24.174999237060547,22.19499969482422,24.125,24.125,6109200
2023-01-26,26.56999969482422,27.309999465942383,24.315000534057617,25.165000915527344,25.165000915527344,9543800
2023-01-27,24.69499969482422,25.979999542236328,23.59000015258789,24.114999771118164,24.114999771118164,8448800
2023-01-30,26.725000381469727,27.834999084472656,25.934999465942383,27.7450008392334,27.7450008392334,4603600
2023-01-31,28.290000915527344,28.559999465942383,26.09499931335449,26.53499984741211,26.53499984741211,9542800
2023-02-01,28.934999465942383,31.950000762939453,28.415000915527344,31.350000381469727,31.350000381469727,6136000
2023-02-02,30.420000076293945,32.79499816894531,28.575000762939453,32.32500076293945,32.32500076293945,5706200
2023-02-03,32.95500183105469,35.14500045776367,32.4900016784668,33.7599983215332,33.7599983215332,7379400
2023-02-06,33.154998779296875,34.55500030517578,31.07999992370605,31.229999542236328,31.229999542236328,5591800
2023-02-07,31.18000030517578,31.30500030517578,28.0049991607666,28.520000457763672,28.520000457763672,6272600
2023-02-08,29.809999465942383,33.400001525878906,29.31999969482422,32.474998474121094,32.474998474121094,4657000
2023-02-09,32.20500183105469,33.04499816894531,29.790000915527344,31.82999992370605,31.82999992370605,5441800
2023-02-10,31.600000381469727,31.834999084472656,28.209999084472656,28.315000534057617,28.315000534057617,5073600
2023-02-13,30.88999938964844,32.08000183105469,29.375,30.915000915527344,30.915000915527344,4036400
2023-02-14,29.75,30.07999992370605,28.05500030517578,28.32999992370605,28.32999992370605,4063400
2023-02-15,29.875,31.13999938964844,28.68000030517578,30.790000915527344,30.790000915527344,3457400
2023-02-16,30.14999961853028,32.834999084472656,30.0,32.029998779296875,32.029998779296875,3407600
2023-02-17,34.810001373291016,36.59999847412109,34.32500076293945,35.71500015258789,35.71500015258789,4907200
2023-02-21,38.77999877929688,41.40499877929688,38.40499877929688,40.6349983215332,40.6349983215332,4831000
2023-02-22,37.709999084472656,38.56999969482422,33.0,36.42499923706055,36.42499923706055,6844400
2023-02-23,33.68000030517578,35.5099983215332,30.979999542236328,31.850000381469727,31.850000381469727,7745400
2023-02-24,30.15999984741211,31.674999237060547,28.850000381469727,29.02499961853028,29.02499961853028,5758600
2023-02-27,26.56999969482422,28.57999992370605,25.89999961853028,26.354999542236328,26.354999542236328,7958000
2023-02-28,26.690000534057617,28.834999084472656,25.4950008392334,25.59000015258789,25.59000015258789,7714200
2023-03-01,26.80500030517578,26.915000915527344,24.01499938964844,24.325000762939453,24.325000762939453,7044600
2023-03-02,23.90999984741211,25.96500015258789,23.89999961853028,24.89999961853028,24.89999961853028,5487200
2023-03-03,24.075000762939453,24.559999465942383,20.73500061035156,21.02499961853028,21.02499961853028,11106000
2023-03-06,25.61000061035156,26.9950008392334,25.299999237060547,25.39999961853028,25.39999961853028,8053600
2023-03-07,25.27499961853028,26.07999992370605,24.14999961853028,24.729999542236328,24.729999542236328,4512600
2023-03-08,25.05500030517578,26.96500015258789,25.040000915527344,25.6299991607666,25.6299991607666,5845000
2023-03-09,25.6200008392334,28.46999931335449,25.114999771118164,28.09000015258789,28.09000015258789,5469400
2023-03-10,28.049999237060547,29.684999465942383,27.459999084472656,29.549999237060547,29.549999237060547,5214200
2023-03-13,28.01000022888184,28.3700008392334,25.155000686645508,25.56999969482422,25.56999969482422,6768400
2023-03-14,25.8799991607666,27.15999984741211,25.51000022888184,26.13999938964844,26.13999938964844,4885000
2023-03-15,28.6299991607666,30.200000762939453,28.049999237060547,28.95499992370605,28.95499992370605,4767800
2023-03-16,28.64999961853028,29.174999237060547,26.989999771118164,27.225000381469727,27.225000381469727,3820600
2023-03-17,29.709999084472656,31.3700008392334,29.3799991607666,30.770000457763672,30.770000457763672,4153000
2023-03-20,31.71500015258789,34.29499816894531,31.5,33.349998474121094,33.349998474121094,3401800
2023-03-21,35.97999954223633,36.03499984741211,29.38500022888184,30.4950008392334,30.4950008392334,5699600
2023-03-22,31.21999931335449,34.27000045776367,30.59499931335449,33.1349983215332,33.1349983215332,4836600
2023-03-23,33.60499954223633,35.125,31.6200008392334,34.970001220703125,34.970001220703125,4087600
2023-03-24,33.029998779296875,34.0,31.600000381469727,33.375,33.375,4090200
2023-03-27,35.005001068115234,36.9900016784668,34.65999984741211,35.64500045776367,35.64500045776367,3814600
2023-03-28,36.935001373291016,38.540000915527344,35.07500076293945,38.040000915527344,38.040000915527344,3542600
2023-03-29,38.93000030517578,39.775001525878906,35.599998474121094,37.220001220703125,37.220001220703125,5367200
2023-03-30,38.994998931884766,40.58000183105469,37.80500030517578,39.54499816894531,39.54499816894531,3459400
2023-03-31,36.970001220703125,37.470001220703125,34.709999084472656,36.209999084472656,36.209999084472656,6702400
2023-04-03,38.685001373291016,39.970001220703125,37.81999969482422,38.67499923706055,38.67499923706055,4992600
2023-04-04,39.150001525878906,40.130001068115234,38.34999847412109,39.595001220703125,39.595001220703125,4089600
2023-04-05,35.85499954223633,38.8650016784668,35.82500076293945,37.58000183105469,37.58000183105469,4270000
2023-04-06,38.220001220703125,42.790000915527344,37.875,41.7400016784668,41.7400016784668,4479400
2023-04-10,35.92499923706055,36.93999862670898,33.400001525878906,35.720001220703125,35.720001220703125,8045400
2023-04-11,35.16999816894531,36.90999984741211,34.03499984741211,34.22999954223633,34.22999954223633,5136200
2023-04-12,36.25,38.45500183105469,35.42499923706055,37.935001373291016,37.935001373291016,3821600
2023-04-13,38.92499923706055,40.584999084472656,38.84000015258789,39.720001220703125,39.720001220703125,3241200
2023-04-14,40.67499923706055,41.08000183105469,36.04999923706055,36.45000076293945,36.45000076293945,4366800
2023-04-17,33.255001068115234,34.349998474121094,32.810001373291016,33.54499816894531,33.54499816894531,7664600
2023-04-18,32.904998779296875,34.0,31.34000015258789,31.59000015258789,31.59000015258789,7916600
2023-04-19,33.98500061035156,34.95500183105469,33.58000183105469,34.619998931884766,34.619998931884766,6248800
2023-04-20,34.595001220703125,36.5,33.400001525878906,34.42499923706055,34.42499923706055,4961800
2023-04-21,34.16999816894531,34.92499923706055,33.43000030517578,34.595001220703125,34.595001220703125,3130800
2023-04-24,34.90999984741211,35.05500030517578,32.224998474121094,32.83000183105469,32.83000183105469,5275600
2023-04-25,33.459999084472656,34.40999984741211,33.154998779296875,34.33000183105469,34.33000183105469,5968000
2023-04-26,36.16999816894531,37.40999984741211,36.16999816894531,36.540000915527344,36.540000915527344,3876400
2023-04-27,36.0,37.54499816894531,34.79999923706055,35.529998779296875,35.529998779296875,3885800
2023-04-28,35.224998474121094,35.8849983215332,33.959999084472656,34.685001373291016,34.685001373291016,4977000
2023-05-01,35.46500015258789,37.35499954223633,35.375,36.81499862670898,36.81499862670898,2844600
2023-05-02,38.244998931884766,39.85499954223633,38.244998931884766,38.79499816894531,38.79499816894531,2375800
2023-05-03,40.89500045776367,42.43999862670898,40.375,41.459999084472656,41.459999084472656,2571400
2023-05-04,41.755001068115234,43.70000076293945,41.66999816894531,43.64500045776367,43.64500045776367,2399600
2023-05-05,42.52000045776367,43.22999954223633,41.1150016784668,43.0099983215332,43.0099983215332,2195000
2023-05-08,39.755001068115234,40.84999847412109,38.630001068115234,39.25,39.25,2769200
2023-05-09,38.19499969482422,39.9900016784668,37.75,38.5,38.5,3507800
2023-05-10,40.64500045776367,41.93000030517578,39.95500183105469,41.31499862670898,41.31499862670898,3251400
2023-05-11,40.88999938964844,41.8849983215332,39.400001525878906,41.1150016784668,41.1150016784668,2876600
2023-05-12,40.720001220703125,41.01499938964844,35.834999084472656,37.59000015258789,37.59000015258789,5971600
2023-05-15,35.744998931884766,36.275001525878906,34.314998626708984,34.70000076293945,34.70000076293945,4666600
2023-05-16,33.0,35.459999084472656,32.20500183105469,35.28499984741211,35.28499984741211,4697800
2023-05-17,36.20000076293945,36.400001525878906,34.220001220703125,35.20000076293945,35.20000076293945,3922000
2023-05-18,34.86000061035156,35.720001220703125,28.850000381469727,29.209999084472656,29.209999084472656,9832000
2023-05-19,28.2549991607666,29.989999771118164,27.420000076293945,29.46500015258789,29.46500015258789,7335800
2023-05-22,32.14500045776367,34.0,32.095001220703125,33.189998626708984,33.189998626708984,4866600
2023-05-23,34.45500183105469,34.93000030517578,33.06999969482422,34.31999969482422,34.31999969482422,3370000
2023-05-24,32.78499984741211,33.650001525878906,32.44499969482422,32.595001220703125,32.595001220703125,2789600
2023-05-25,33.310001373291016,36.17499923706055,32.5,35.290000915527344,35.290000915527344,3833000
2023-05-26,36.915000915527344,37.619998931884766,35.279998779296875,36.6349983215332,36.6349983215332,2768200
2023-05-30,39.59000015258789,41.4900016784668,39.060001373291016,39.994998931884766,39.994998931884766,3448800
2023-05-31,37.26499938964844,42.02000045776367,37.04499816894531,41.755001068115234,41.755001068115234,3198400
2023-06-01,44.6349983215332,46.17499923706055,44.04999923706055,45.2400016784668,45.2400016784668,3251600
2023-06-02,43.790000915527344,45.20500183105469,42.27999877929688,44.45000076293945,44.45000076293945,2027800
2023-06-05,39.775001525878906,42.57500076293945,38.85499954223633,41.560001373291016,41.560001373291016,1757800
2023-06-06,42.095001220703125,42.54999923706055,40.10499954223633,41.19499969482422,41.19499969482422,1923000
2023-06-07,39.07500076293945,40.90999984741211,38.290000915527344,38.86000061035156,38.86000061035156,3006000
2023-06-08,40.0,40.59000015258789,37.29499816894531,38.790000915527344,38.790000915527344,3080400
2023-06-09,40.72999954223633,41.540000915527344,39.45500183105469,41.084999084472656,41.084999084472656,2766000
2023-06-12,42.43000030517578,43.03499984741211,40.505001068115234,40.81499862670898,40.81499862670898,2726400
2023-06-13,37.81999969482422,39.61000061035156,37.81999969482422,38.77999877929688,38.77999877929688,2216400
2023-06-14,38.470001220703125,39.29499816894531,37.97499847412109,38.29499816894531,38.29499816894531,2603600
2023-06-15,36.08000183105469,36.560001373291016,31.725000381469727,32.005001068115234,32.005001068115234,6462600
2023-06-16,31.895000457763672,32.96500015258789,29.655000686645508,30.395000457763672,30.395000457763672,4747800
2023-06-20,30.34000015258789,33.32500076293945,29.799999237060547,33.15999984741211,33.15999984741211,3939800
2023-06-21,33.23500061035156,33.334999084472656,30.375,30.395000457763672,30.395000457763672,3059600
2023-06-22,30.44499969482422,31.815000534057617,29.690000534057617,30.02499961853028,30.02499961853028,3603000
2023-06-23,31.59000015258789,31.690000534057617,26.75,27.155000686645508,27.155000686645508,5275800
2023-06-26,25.940000534057617,27.03499984741211,25.280000686645508,26.23500061035156,26.23500061035156,3336000
2023-06-27,26.94499969482422,28.59499931335449,26.309999465942383,27.7549991607666,27.7549991607666,3602800
2023-06-28,27.989999771118164,30.6200008392334,27.979999542236328,30.5,30.5,3668000
2023-06-29,30.604999542236328,30.75,28.334999084472656,29.565000534057617,29.565000534057617,4299000
2023-06-30,29.799999237060547,30.045000076293945,26.989999771118164,27.725000381469727,27.725000381469727,4585400
2023-07-03,29.104999542236328,29.76499938964844,28.77499961853028,29.0,29.0,1791800
2023-07-05,27.96999931335449,30.479999542236328,27.78499984741211,30.18000030517578,30.18000030517578,2896400
2023-07-06,30.309999465942383,31.65999984741211,29.434999465942383,30.674999237060547,30.674999237060547,3766800
2023-07-07,31.045000076293945,32.939998626708984,29.68000030517578,32.28499984741211,32.28499984741211,4121600
2023-07-10,30.45499992370605,30.95499992370605,29.559999465942383,30.270000457763672,30.270000457763672,4168000
2023-07-11,29.725000381469727,29.920000076293945,28.48500061035156,28.979999542236328,28.979999542236328,4345600
2023-07-12,30.5,31.325000762939453,30.0,30.729999542236328,30.729999542236328,2656000
2023-07-13,31.440000534057617,32.71500015258789,30.5,32.439998626708984,32.439998626708984,2646400
2023-07-14,31.36000061035156,33.75,31.2549991607666,32.64500045776367,32.64500045776367,2325800
2023-07-17,33.38999938964844,34.05500030517578,32.380001068115234,32.915000915527344,32.915000915527344,2211600
2023-07-18,31.25,31.65999984741211,29.94499969482422,30.61000061035156,30.61000061035156,3527600
2023-07-19,30.3700008392334,31.229999542236328,29.799999237060547,30.420000076293945,30.420000076293945,2560200
2023-07-20,28.1299991607666,28.55500030517578,26.940000534057617,27.950000762939453,27.950000762939453,6960600
2023-07-21,28.239999771118164,28.540000915527344,27.69499969482422,28.104999542236328,28.104999542236328,3077000
2023-07-24,28.7549991607666,29.01000022888184,27.795000076293945,28.280000686645508,28.280000686645508,2867600
2023-07-25,28.4950008392334,28.59000015258789,26.7549991607666,27.45499992370605,27.45499992370605,4179200
2023-07-26,28.7549991607666,29.13500022888184,28.125,28.43000030517578,28.43000030517578,3278400
2023-07-27,29.55500030517578,31.27499961853028,29.184999465942383,30.13500022888184,30.13500022888184,3492400
2023-07-28,28.94499969482422,30.36000061035156,28.834999084472656,29.34000015258789,29.34000015258789,2406200
2023-07-31,29.690000534057617,30.030000686645508,29.2549991607666,29.26000022888184,29.26000022888184,2195600
2023-08-01,31.55500030517578,31.584999084472656,30.690000534057617,30.725000381469727,30.725000381469727,1773600
2023-08-02,32.435001373291016,33.61000061035156,32.345001220703125,33.08000183105469,33.08000183105469,1611200
2023-08-03,31.450000762939453,32.07500076293945,30.25,30.959999084472656,30.959999084472656,2350800
2023-08-04,29.84499931335449,30.975000381469727,29.80500030517578,30.3799991607666,30.3799991607666,1550200
2023-08-07,27.76000022888184,28.11000061035156,26.38500022888184,26.549999237060547,26.549999237060547,6329200
2023-08-08,26.76499938964844,27.15999984741211,25.61000061035156,25.700000762939453,25.700000762939453,5215600
2023-08-09,22.40999984741211,23.71500015258789,22.125,22.665000915527344,22.665000915527344,11201400
2023-08-10,23.63500022888184,25.125,23.420000076293945,24.625,24.625,7266200
2023-08-11,25.375,25.450000762939453,24.05500030517578,24.114999771118164,24.114999771118164,5297400
2023-08-14,24.229999542236328,24.7450008392334,23.924999237060547,24.020000457763672,24.020000457763672,2990800
2023-08-15,24.875,25.420000076293945,24.75,25.15999984741211,25.15999984741211,4124200
2023-08-16,25.88500022888184,26.40999984741211,25.82999992370605,26.19499969482422,26.19499969482422,3260000
2023-08-17,25.790000915527344,26.21999931335449,25.28499984741211,25.915000915527344,25.915000915527344,2497800
2023-08-18,26.770000457763672,27.06999969482422,26.489999771118164,26.82999992370605,26.82999992370605,3182400
2023-08-21,26.325000762939453,26.84499931335449,26.049999237060547,26.809999465942383,26.809999465942383,2305600
2023-08-22,26.815000534057617,28.270000457763672,26.815000534057617,28.06999969482422,28.06999969482422,2432000
2023-08-23,28.6299991607666,29.309999465942383,28.44499969482422,29.295000076293945,29.295000076293945,1955000
2023-08-24,29.61000061035156,30.01499938964844,27.280000686645508,28.3700008392334,28.3700008392334,3415200
2023-08-25,28.575000762939453,28.8799991607666,27.14999961853028,27.239999771118164,27.239999771118164,2187400
2023-08-28,25.780000686645508,28.38500022888184,25.76000022888184,27.915000915527344,27.915000915527344,3578600
2023-08-29,28.489999771118164,29.415000915527344,28.2450008392334,28.6200008392334,28.6200008392334,2139400
2023-08-30,27.96500015258789,28.28499984741211,26.325000762939453,26.38999938964844,26.38999938964844,3643800
2023-08-31,27.0,27.600000381469727,25.565000534057617,27.145000457763672,27.145000457763672,4537200
2023-09-01,26.450000762939453,27.979999542236328,26.0,27.84499931335449,27.84499931335449,3526800
2023-09-05,29.825000762939453,30.155000686645508,29.5,29.69499969482422,29.69499969482422,2092200
2023-09-06,30.924999237060547,31.1200008392334,30.239999771118164,30.674999237060547,30.674999237060547,1411000
2023-09-07,31.64999961853028,31.729999542236328,29.559999465942383,30.46500015258789,30.46500015258789,2222200
2023-09-08,30.2549991607666,30.604999542236328,29.78499984741211,30.27499961853028,30.27499961853028,957200
2023-09-11,31.25,31.26000022888184,30.25,30.709999084472656,30.709999084472656,1312400
2023-09-12,30.315000534057617,31.11000061035156,28.38999938964844,29.325000762939453,29.325000762939453,3310600
2023-09-13,30.11000061035156,30.520000457763672,28.82999992370605,29.40999984741211,29.40999984741211,3125000
2023-09-14,28.78499984741211,30.125,28.290000915527344,30.0,30.0,2866400
2023-09-15,30.190000534057617,31.065000534057617,29.71500015258789,30.84499931335449,30.84499931335449,1662600
2023-09-18,30.43000030517578,30.940000534057617,29.375,29.76000022888184,29.76000022888184,2459800
2023-09-19,29.239999771118164,29.78499984741211,28.155000686645508,29.059999465942383,29.059999465942383,3998200
2023-09-20,31.114999771118164,31.299999237060547,30.52499961853028,30.989999771118164,30.989999771118164,2553600
2023-09-21,30.89999961853028,32.959999084472656,30.28499984741211,32.52000045776367,32.52000045776367,2448200
2023-09-22,32.07500076293945,32.65999984741211,31.63500022888184,31.834999084472656,31.834999084472656,1442800
2023-09-25,31.354999542236328,31.88500022888184,30.6299991607666,31.475000381469727,31.475000381469727,1713200
2023-09-26,32.650001525878906,33.02000045776367,31.61000061035156,32.57500076293945,32.57500076293945,2386800
2023-09-27,31.98500061035156,32.08000183105469,30.3799991607666,31.670000076293945,31.670000076293945,3342600
2023-09-28,30.51000022888184,31.270000457763672,29.63500022888184,30.459999084472656,30.459999084472656,3715800
2023-09-29,31.38500022888184,31.420000076293945,29.729999542236328,30.520000457763672,30.520000457763672,3551200
2023-10-02,31.690000534057617,32.68000030517578,31.100000381469727,32.32500076293945,32.32500076293945,2816400
2023-10-03,31.25,31.57999992370605,29.770000457763672,30.20499992370605,30.20499992370605,4551200
2023-10-04,28.059999465942383,30.0,27.94499969482422,29.1200008392334,29.1200008392334,4323400
2023-10-05,28.46500015258789,28.540000915527344,24.975000381469727,25.4950008392334,25.4950008392334,8211600
2023-10-06,25.1299991607666,25.299999237060547,22.665000915527344,23.14999961853028,23.14999961853028,8932800
2023-10-09,22.924999237060547,23.184999465942383,22.165000915527344,22.52499961853028,22.52499961853028,5430600
2023-10-10,22.475000381469727,23.049999237060547,22.13999938964844,22.2450008392334,22.2450008392334,4982600
2023-10-11,23.315000534057617,24.03499984741211,21.94499969482422,22.225000381469727,22.225000381469727,8595000
2023-10-12,22.825000762939453,23.0,21.8700008392334,22.604999542236328,22.604999542236328,5243600
2023-10-13,23.475000381469727,23.770000457763672,23.0049991607666,23.39999961853028,23.39999961853028,3595200
2023-10-16,24.424999237060547,24.850000381469727,24.045000076293945,24.440000534057617,24.440000534057617,5118000
2023-10-17,24.75,25.34000015258789,24.5,24.854999542236328,24.854999542236328,3319400
2023-10-18,23.98500061035156,24.895000457763672,23.90999984741211,24.739999771118164,24.739999771118164,2200800
2023-10-19,24.96500015258789,26.420000076293945,24.739999771118164,26.334999084472656,26.334999084472656,4341000
2023-10-20,27.295000076293945,27.475000381469727,26.93000030517578,27.28499984741211,27.28499984741211,2854600
2023-10-23,27.45499992370605,27.709999084472656,26.86000061035156,27.174999237060547,27.174999237060547,1992400
2023-10-24,27.280000686645508,27.53499984741211,26.155000686645508,26.225000381469727,26.225000381469727,2298000
2023-10-25,25.86000061035156,26.31999969482422,25.290000915527344,25.32999992370605,25.32999992370605,1935400
2023-10-26,25.364999771118164,25.729999542236328,23.63500022888184,23.93000030517578,23.93000030517578,4292000
2023-10-27,23.31999969482422,24.71999931335449,23.229999542236328,24.584999084472656,24.584999084472656,5002800
2023-10-30,26.114999771118164,26.280000686645508,25.63500022888184,26.18000030517578,26.18000030517578,2518200
2023-10-31,24.104999542236328,24.13500022888184,22.030000686645508,22.43000030517578,22.43000030517578,9388400
2023-11-01,24.14999961853028,24.299999237060547,22.684999465942383,23.459999084472656,23.459999084472656,5267200
2023-11-02,24.1200008392334,24.280000686645508,23.030000686645508,23.114999771118164,23.114999771118164,3553200
2023-11-03,23.09499931335449,23.3700008392334,22.19499969482422,23.309999465942383,23.309999465942383,3240400
2023-11-06,25.100000381469727,25.854999542236328,24.854999542236328,25.559999465942383,25.559999465942383,4704800
2023-11-07,26.8799991607666,27.280000686645508,26.3700008392334,26.604999542236328,26.604999542236328,3270600
2023-11-08,28.0,29.05500030517578,26.9950008392334,27.950000762939453,27.950000762939453,3603400
2023-11-09,29.104999542236328,29.8799991607666,28.920000076293945,29.350000381469727,29.350000381469727,2356200
2023-11-10,29.725000381469727,30.23500061035156,29.690000534057617,29.96999931335449,29.96999931335449,1906600
2023-11-13,28.39999961853028,29.295000076293945,27.43000030517578,27.600000381469727,27.600000381469727,2652200
2023-11-14,28.61000061035156,29.700000762939453,27.82999992370605,29.61000061035156,29.61000061035156,2554600
2023-11-15,28.350000381469727,29.209999084472656,27.11000061035156,29.125,29.125,2883600
2023-11-16,29.28499984741211,31.5049991607666,29.020000457763672,30.84000015258789,30.84000015258789,3356600
2023-11-17,33.04999923706055,33.974998474121094,32.599998474121094,32.73500061035156,32.73500061035156,2775600
2023-11-20,34.40999984741211,34.66999816894531,33.459999084472656,34.540000915527344,34.540000915527344,2248600
2023-11-21,35.16999816894531,35.95000076293945,34.029998779296875,35.86000061035156,35.86000061035156,1718000
2023-11-22,35.875,36.54999923706055,34.31999969482422,34.64500045776367,34.64500045776367,1471800
2023-11-24,36.459999084472656,36.709999084472656,34.89500045776367,35.474998474121094,35.474998474121094,1027000
2023-11-27,37.48500061035156,38.3650016784668,36.81999969482422,37.0,37.0,1331200
2023-11-28,38.2400016784668,40.86000061035156,37.01499938964844,40.70000076293945,40.70000076293945,2353600
2023-11-29,38.8650016784668,40.92499923706055,38.75,40.86000061035156,40.86000061035156,2050400
2023-11-30,39.90499877929688,41.790000915527344,39.35499954223633,40.470001220703125,40.470001220703125,1802600
2023-12-01,41.45000076293945,41.8849983215332,39.43000030517578,41.52000045776367,41.52000045776367,2792600
2023-12-04,44.18000030517578,44.959999084472656,42.98500061035156,43.095001220703125,43.095001220703125,2429000
2023-12-05,40.94499969482422,44.28499984741211,40.73500061035156,43.19499969482422,43.19499969482422,1706800
2023-12-06,43.0099983215332,48.56999969482422,42.76499938964844,47.875,47.875,3322200
2023-12-07,47.93000030517578,49.415000915527344,46.0,47.76499938964844,47.76499938964844,2089600
2023-12-08,47.60499954223633,49.0,46.44499969482422,48.41999816894531,48.41999816894531,1527000
2023-12-11,56.625,57.790000915527344,52.375,52.65999984741211,52.65999984741211,3023000
2023-12-12,56.40499877929688,58.45000076293945,54.650001525878906,58.29499816894531,58.29499816894531,1977000
2023-12-13,58.29499816894531,58.65999984741211,51.93999862670898,55.09000015258789,55.09000015258789,2967800
2023-12-14,54.77000045776367,54.869998931884766,50.75,50.77000045776367,50.77000045776367,2582800
2023-12-15,50.06499862670898,51.619998931884766,47.85499954223633,50.08000183105469,50.08000183105469,2150000
2023-12-18,46.80500030517578,49.900001525878906,46.584999084472656,49.54999923706055,49.54999923706055,1803400
2023-12-19,53.75,55.060001373291016,49.970001220703125,50.21500015258789,50.21500015258789,3159200
2023-12-20,52.34999847412109,55.084999084472656,50.959999084472656,54.970001220703125,54.970001220703125,3043000
2023-12-21,52.470001220703125,53.505001068115234,48.22499847412109,49.36000061035156,49.36000061035156,3594600
2023-12-22,51.42499923706055,51.48500061035156,48.45000076293945,48.59000015258789,48.59000015258789,2513000
2023-12-26,51.3650016784668,52.75,50.525001525878906,50.720001220703125,50.720001220703125,3190600
2023-12-27,47.83000183105469,50.39500045776367,45.845001220703125,49.79999923706055,49.79999923706055,3540800
2023-12-28,47.369998931884766,48.0,45.56499862670898,46.20000076293945,46.20000076293945,4712600
2023-12-29,47.040000915527344,48.85499954223633,45.7400016784668,48.20500183105469,48.20500183105469,3387600
2024-01-02,45.32500076293945,47.09999847412109,45.25,45.78499984741211,45.78499984741211,3653000
2024-01-03,42.310001373291016,44.48500061035156,41.17499923706055,42.375,42.375,4622400
2024-01-04,39.84999847412109,41.9900016784668,38.45000076293945,38.6150016784668,38.6150016784668,6837800
2024-01-05,41.29999923706055,41.54999923706055,37.130001068115234,38.150001525878906,38.150001525878906,5917600
2024-01-08,41.68999862670898,42.57500076293945,37.69499969482422,38.720001220703125,38.720001220703125,6302400
2024-01-09,36.09999847412109,38.69499969482422,32.505001068115234,35.02000045776367,35.02000045776367,16065000
2024-01-10,37.79499816894531,39.38999938964844,36.8650016784668,39.209999084472656,39.209999084472656,7928000
2024-01-11,38.51499938964844,39.84000015258789,36.2400016784668,39.6150016784668,39.6150016784668,9651600
2024-01-12,37.0,38.72499847412109,36.19499969482422,36.42499923706055,36.42499923706055,9355000
2024-01-16,41.11000061035156,42.25,40.005001068115234,42.06499862670898,42.06499862670898,5303000
2024-01-17,41.77000045776367,42.39500045776367,39.67499923706055,41.02999877929688,41.02999877929688,4781200
2024-01-18,42.13999938964844,44.595001220703125,41.97999954223633,43.10499954223633,43.10499954223633,5801600
2024-01-19,45.875,49.18000030517578,45.875,49.18000030517578,49.18000030517578,4270800
2024-01-22,54.19499969482422,54.685001373291016,52.77000045776367,54.18000030517578,54.18000030517578,3060000
2024-01-23,55.68000030517578,55.68000030517578,51.29999923706055,51.52999877929688,51.52999877929688,3113800
2024-01-24,48.775001525878906,50.56499862670898,46.59999847412109,46.8650016784668,46.8650016784668,3699800
2024-01-25,47.005001068115234,51.96500015258789,46.720001220703125,51.334999084472656,51.334999084472656,3348800
2024-01-26,52.0099983215332,55.07500076293945,50.80500030517578,51.20500183105469,51.20500183105469,2859800
2024-01-29,54.125,57.290000915527344,53.8650016784668,56.38999938964844,56.38999938964844,2584800
2024-01-30,54.790000915527344,56.75,53.40999984741211,54.6150016784668,54.6150016784668,1682800
2024-01-31,53.935001373291016,54.7599983215332,51.41999816894531,53.36000061035156,53.36000061035156,1818800
2024-02-01,54.630001068115234,57.959999084472656,53.39500045776367,57.5,57.5,1838000
2024-02-02,56.10499954223633,56.79999923706055,54.435001373291016,54.81499862670898,54.81499862670898,1573800
2024-02-05,55.56499862670898,56.85499954223633,54.31999969482422,55.415000915527344,55.415000915527344,1489200
2024-02-06,58.42499923706055,60.0,57.275001525878906,59.71500015258789,59.71500015258789,1448800
2024-02-07,58.630001068115234,62.31499862670898,58.59999847412109,61.57500076293945,61.57500076293945,1111600
2024-02-08,63.025001525878906,67.62000274658203,62.5,66.72000122070312,66.72000122070312,1560200
2024-02-09,66.81500244140625,69.67500305175781,66.55999755859375,68.62000274658203,68.62000274658203,1369000
2024-02-12,69.47000122070312,76.58999633789062,67.91000366210938,75.68000030517578,75.68000030517578,1682600
2024-02-13,79.9000015258789,81.0,77.90499877929688,79.81500244140625,79.81500244140625,1791200
2024-02-14,82.83499908447266,87.09500122070312,81.0,86.74500274658203,86.74500274658203,1635600
2024-02-15,84.91000366210938,88.48500061035156,83.54000091552734,85.76000213623047,85.76000213623047,1250200
2024-02-16,85.66999816894531,85.83999633789062,80.6500015258789,82.78500366210938,82.78500366210938,1460600
2024-02-20,86.375,87.9749984741211,84.48999786376953,86.27999877929688,86.27999877929688,1587600
2024-02-21,66.69499969482422,71.20500183105469,63.775001525878906,64.73500061035156,64.73500061035156,2525600
2024-02-22,67.7699966430664,71.125,64.86000061035156,65.97000122070312,65.97000122070312,1619000
2024-02-23,70.96499633789062,74.47000122070312,70.76000213623047,73.56999969482422,73.56999969482422,1473800
2024-02-26,66.75499725341797,72.61000061035156,66.6449966430664,69.87000274658203,69.87000274658203,1771800
2024-02-27,65.01499938964844,67.5,63.095001220703125,65.12000274658203,65.12000274658203,2396800
2024-02-28,62.40499877929688,62.79499816894531,58.119998931884766,59.8849983215332,59.8849983215332,2834200
2024-02-29,60.79499816894531,62.744998931884766,58.5,62.34000015258789,62.34000015258789,1899000
2024-03-01,64.27999877929688,64.4000015258789,62.31499862670898,63.67499923706055,63.67499923706055,1285600
2024-03-04,56.80500030517578,58.45500183105469,53.625,56.71500015258789,56.71500015258789,2897400
2024-03-05,57.53499984741211,59.18000030517578,53.0,55.97499847412109,55.97499847412109,1836000
2024-03-06,55.91999816894531,57.915000915527344,55.7400016784668,57.64500045776367,57.64500045776367,1007800
2024-03-07,59.22499847412109,65.5250015258789,57.5,65.27999877929688,65.27999877929688,1822800
2024-03-08,65.38500213623047,66.2300033569336,63.84999847412109,65.97000122070312,65.97000122070312,1211600
2024-03-11,68.30000305175781,70.70500183105469,68.18499755859375,70.43000030517578,70.43000030517578,1163600
2024-03-12,68.08999633789062,74.80999755859375,67.8499984741211,73.38500213623047,73.38500213623047,1194400
2024-03-13,77.04499816894531,77.63999938964844,74.05000305175781,76.13500213623047,76.13500213623047,1199800
2024-03-14,75.38500213623047,75.81999969482422,68.0,69.88500213623047,69.88500213623047,2148400
2024-03-15,71.0199966430664,75.58999633789062,71.0199966430664,73.0999984741211,73.0999984741211,1623600
2024-03-18,69.44000244140625,73.99500274658203,68.81500244140625,71.20999908447266,71.20999908447266,1376600
2024-03-19,68.62999725341797,70.70500183105469,67.01499938964844,68.06999969482422,68.06999969482422,1477600
2024-03-20,70.80000305175781,71.0999984741211,69.25,70.70500183105469,70.70500183105469,1155000
2024-03-21,71.375,73.84500122070312,70.5199966430664,71.18499755859375,71.18499755859375,1425400
2024-03-22,74.15499877929688,74.37999725341797,72.07499694824219,72.9800033569336,72.9800033569336,783600
2024-03-25,74.54000091552734,75.19000244140625,72.37000274658203,73.75499725341797,73.75499725341797,1294800
2024-03-26,73.0999984741211,75.83499908447266,72.83000183105469,74.7750015258789,74.7750015258789,1017800
2024-03-27,80.05999755859375,81.83499908447266,79.2300033569336,80.9749984741211,80.9749984741211,1087200
2024-03-28,78.41000366210938,80.65499877929688,74.5,78.3499984741211,78.3499984741211,1470000
2024-04-01,71.12999725341797,73.06500244140625,68.75,69.81500244140625,69.81500244140625,2135800
2024-04-02,72.29000091552734,72.81500244140625,66.70999908447266,68.83000183105469,68.83000183105469,2082400
2024-04-03,65.75499725341797,70.07499694824219,65.59500122070312,69.1500015258789,69.1500015258789,1243400
2024-04-04,70.03500366210938,75.16999816894531,69.69499969482422,74.3550033569336,74.3550033569336,1263400
2024-04-05,74.11000061035156,74.93000030517578,70.75,74.36000061035156,74.36000061035156,1123200
2024-04-08,72.31999969482422,72.84500122070312,69.0,69.375,69.375,1430800
2024-04-09,66.68000030517578,70.34500122070312,65.18000030517578,67.1449966430664,67.1449966430664,1709200
2024-04-10,67.20500183105469,69.5250015258789,66.73500061035156,68.69999694824219,68.69999694824219,1009200
2024-04-11,69.72000122070312,72.69999694824219,69.62000274658203,72.05999755859375,72.05999755859375,892800
2024-04-12,72.22000122070312,72.80999755859375,69.9800033569336,70.19999694824219,70.19999694824219,444300
2024-04-15,74.47000122070312,75.98999786376953,73.37999725341797,75.76000213623047,75.76000213623047,647000
2024-04-16,75.97000122070312,77.0,68.51000213623047,72.08999633789062,72.08999633789062,989800
2024-04-17,75.02999877929688,75.9000015258789,72.93000030517578,73.0,73.0,434500
2024-04-18,72.87000274658203,73.66999816894531,71.55000305175781,73.19999694824219,73.19999694824219,492600
2024-04-19,70.87999725341797,73.48999786376953,70.16999816894531,72.19000244140625,72.19000244140625,891400
2024-04-22,69.7300033569336,70.69999694824219,68.19999694824219,68.45999908447266,68.45999908447266,750200
2024-04-23,68.91999816894531,69.2300033569336,65.0999984741211,65.5,65.5,994300
2024-04-24,68.61000061035156,72.5,68.44999694824219,71.94999694824219,71.94999694824219,878500
2024-04-25,72.54000091552734,73.19000244140625,69.80000305175781,71.22000122070312,71.22000122070312,536100
2024-04-26,73.08000183105469,74.16000366210938,71.9000015258789,73.6500015258789,73.6500015258789,439600
2024-04-29,71.33999633789062,71.5999984741211,67.23999786376953,67.58999633789062,67.58999633789062,1225600
2024-04-30,67.62999725341797,72.05000305175781,67.56999969482422,72.0,72.0,1041100
2024-05-01,74.05999755859375,74.94999694824219,72.76000213623047,74.4800033569336,74.4800033569336,506300
2024-05-02,73.20999908447266,73.41999816894531,69.41000366210938,70.2699966430664,70.2699966430664,1040700
2024-05-03,69.4800033569336,70.55000305175781,64.25,64.87999725341797,64.87999725341797,2156800
2024-05-06,61.77999877929688,62.84000015258789,59.31999969482422,62.43999862670898,62.43999862670898,2183600
2024-05-07,62.77000045776367,63.66999816894531,61.34000015258789,61.77999877929688,61.77999877929688,997600
2024-05-08,60.68999862670898,63.04999923706055,60.470001220703125,62.27999877929688,62.27999877929688,1593400
2024-05-09,60.970001220703125,61.25,57.58000183105469,58.27999877929688,58.27999877929688,1831000
2024-05-10,59.619998931884766,61.33000183105469,59.45000076293945,61.130001068115234,61.130001068115234,1097400
2024-05-13,60.70000076293945,60.880001068115234,56.09000015258789,56.75,56.75,1760100
2024-05-14,57.83000183105469,58.31999969482422,55.209999084472656,57.08000183105469,57.08000183105469,1471400
2024-05-15,57.43999862670898,58.16999816894531,53.900001525878906,54.54999923706055,54.54999923706055,2256900
2024-05-16,52.290000915527344,53.63999938964844,49.15999984741211,52.040000915527344,52.040000915527344,2983400
2024-05-17,50.040000915527344,50.119998931884766,47.27000045776367,47.70000076293945,47.70000076293945,2608900
2024-05-20,46.900001525878906,46.93000030517578,43.97999954223633,44.150001525878906,44.150001525878906,2382000
2024-05-21,45.2400016784668,47.060001373291016,43.810001373291016,45.59999847412109,45.59999847412109,3130500
2024-05-22,44.91999816894531,45.630001068115234,38.900001525878906,40.2599983215332,40.2599983215332,4632400
2024-05-23,37.040000915527344,43.04999923706055,36.310001373291016,41.86000061035156,41.86000061035156,6773500
2024-05-24,43.970001220703125,46.9900016784668,43.970001220703125,46.540000915527344,46.540000915527344,3139000
2024-05-28,47.0099983215332,47.7400016784668,44.34999847412109,44.79999923706055,44.79999923706055,2041500
2024-05-29,47.13999938964844,50.380001068115234,47.04999923706055,50.27000045776367,50.27000045776367,2435200
2024-05-30,52.5,53.95000076293945,51.40999984741211,53.90999984741211,53.90999984741211,2389500
2024-05-31,53.0,54.95000076293945,51.380001068115234,53.619998931884766,53.619998931884766,1758100
2024-06-03,47.209999084472656,51.2599983215332,45.5,45.7599983215332,45.7599983215332,2882500
2024-06-04,47.0099983215332,52.150001525878906,46.27000045776367,50.0,50.0,2880700
2024-06-05,48.790000915527344,49.25,44.0099983215332,44.560001373291016,44.560001373291016,3132000
2024-06-06,42.11000061035156,45.4900016784668,41.0099983215332,42.84000015258789,42.84000015258789,3619100
2024-06-07,42.25,42.7599983215332,38.41999816894531,39.06999969482422,39.06999969482422,4535700
2024-06-10,36.29999923706055,41.290000915527344,35.400001525878906,39.15999984741211,39.15999984741211,6371200
2024-06-11,36.880001068115234,37.77000045776367,33.939998626708984,33.959999084472656,33.959999084472656,5979400
2024-06-12,35.47999954223633,36.900001525878906,34.40999984741211,36.06999969482422,36.06999969482422,4035300
2024-06-13,36.880001068115234,39.25,36.5099983215332,38.5,38.5,3489200
2024-06-14,38.54999923706055,39.959999084472656,37.83000183105469,39.31999969482422,39.31999969482422,2546200
2024-06-17,41.43000030517578,42.84999847412109,41.18000030517578,42.02000045776367,42.02000045776367,2105100
2024-06-18,41.77999877929688,41.810001373291016,38.540000915527344,38.790000915527344,38.790000915527344,2428500
2024-06-20,40.68000030517578,42.52999877929688,40.61000061035156,42.22999954223633,42.22999954223633,2048700
2024-06-21,41.91999816894531,42.97999954223633,41.150001525878906,42.790000915527344,42.790000915527344,1498000
2024-06-24,42.59000015258789,42.83000183105469,39.20000076293945,39.27999877929688,39.27999877929688,1861000
2024-06-25,41.33000183105469,42.369998931884766,40.150001525878906,42.119998931884766,42.119998931884766,1354200
2024-06-26,43.0,44.959999084472656,42.959999084472656,44.79999923706055,44.79999923706055,1741200
2024-06-27,45.720001220703125,46.9900016784668,44.060001373291016,46.43999862670898,46.43999862670898,1766300
2024-06-28,46.650001525878906,49.59999847412109,46.36000061035156,49.18999862670898,49.18999862670898,1688300
2024-07-01,50.900001525878906,53.59999847412109,50.2400016784668,53.40999984741211,53.40999984741211,1281000
2024-07-02,54.4900016784668,55.7400016784668,53.90999984741211,54.08000183105469,54.08000183105469,1291200
2024-07-03,55.15999984741211,55.93000030517578,52.79999923706055,54.31999969482422,54.31999969482422,783300
2024-07-05,56.63999938964844,59.84000015258789,55.88999938964844,59.209999084472656,59.209999084472656,1222800
2024-07-08,57.93000030517578,58.880001068115234,57.060001373291016,57.91999816894531,57.91999816894531,1049500
2024-07-09,56.02999877929688,59.36000061035156,55.810001373291016,58.84999847412109,58.84999847412109,1023100
2024-07-10,59.77999877929688,61.52999877929688,58.97999954223633,60.70000076293945,60.70000076293945,976600
2024-07-11,61.88999938964844,63.45000076293945,61.369998931884766,63.0099983215332,63.0099983215332,881900
2024-07-12,63.77999877929688,63.77999877929688,59.09000015258789,61.09999847412109,61.09999847412109,921600
2024-07-15,65.83000183105469,68.94000244140625,64.16999816894531,67.94000244140625,67.94000244140625,1548900
2024-07-16,66.80000305175781,68.12999725341797,64.91000366210938,67.08999633789062,67.08999633789062,812000
2024-07-17,70.41000366210938,75.83000183105469,70.22000122070312,74.55000305175781,74.55000305175781,1475400
2024-07-18,72.37999725341797,72.62000274658203,67.5999984741211,69.81999969482422,69.81999969482422,1046800
2024-07-19,70.27999877929688,71.37999725341797,67.2300033569336,68.1500015258789,68.1500015258789,730600
2024-07-22,63.75,63.900001525878906,59.5,61.119998931884766,61.119998931884766,1273300
2024-07-23,62.29999923706055,64.33999633789062,61.68000030517578,62.31999969482422,62.31999969482422,884900
2024-07-24,67.3499984741211,67.80000305175781,64.91999816894531,67.0999984741211,67.0999984741211,628300
2024-07-25,69.81999969482422,73.37000274658203,68.47000122070312,72.55000305175781,72.55000305175781,843900
2024-07-26,73.31999969482422,75.13999938964844,72.0,74.9800033569336,74.9800033569336,479700
2024-07-29,75.05000305175781,78.11000061035156,73.18000030517578,74.29000091552734,74.29000091552734,783600
2024-07-30,78.05999755859375,78.2699966430664,68.19999694824219,69.44000244140625,69.44000244140625,1048500
2024-07-31,73.05999755859375,75.5,71.36000061035156,73.76000213623047,73.76000213623047,606700
2024-08-01,69.19000244140625,79.80000305175781,68.04000091552734,78.81999969482422,78.81999969482422,1374700
2024-08-02,76.12999725341797,83.45999908447266,75.33000183105469,79.33999633789062,79.33999633789062,873100
2024-08-05,81.27999877929688,85.19999694824219,79.4000015258789,80.66000366210938,80.66000366210938,759900
2024-08-06,76.0999984741211,80.33000183105469,74.22000122070312,75.68000030517578,75.68000030517578,1001200
2024-08-07,70.61000061035156,72.37999725341797,67.87999725341797,69.26000213623047,69.26000213623047,1011100
2024-08-08,71.93000030517578,73.05999755859375,63.79999923706055,66.0,66.0,1540300
2024-08-09,65.98999786376953,68.0999984741211,64.75,65.19000244140625,65.19000244140625,967000
2024-08-12,62.70000076293945,65.44999694824219,61.91999816894531,64.5999984741211,64.5999984741211,782700
2024-08-13,63.0,67.41000366210938,62.560001373291016,66.23999786376953,66.23999786376953,671900
2024-08-14,63.59999847412109,65.3499984741211,62.09999847412109,64.31999969482422,64.31999969482422,1087100
2024-08-15,64.19999694824219,66.0999984741211,61.59999847412109,65.83999633789062,65.83999633789062,812900
2024-08-16,68.12000274658203,70.94000244140625,67.38999938964844,70.5199966430664,70.5199966430664,563000
2024-08-19,67.62999725341797,67.7300033569336,64.44000244140625,66.08999633789062,66.08999633789062,1257200
2024-08-20,67.26000213623047,68.0,66.0,66.30999755859375,66.30999755859375,739400
2024-08-21,66.13999938964844,68.88999938964844,65.41000366210938,66.62999725341797,66.62999725341797,500200
2024-08-22,69.58000183105469,73.45999908447266,69.16999816894531,71.62000274658203,71.62000274658203,965700
2024-08-23,73.98999786376953,74.05999755859375,72.4000015258789,72.4800033569336,72.4800033569336,311900
2024-08-26,73.81999969482422,75.76000213623047,72.18000030517578,74.9800033569336,74.9800033569336,546700
2024-08-27,76.79000091552734,78.76000213623047,76.30999755859375,77.02999877929688,77.02999877929688,480900
2024-08-28,78.31999969482422,79.0,73.83000183105469,75.72000122070312,75.72000122070312,797300
2024-08-29,79.69000244140625,80.16999816894531,74.6500015258789,75.33999633789062,75.33999633789062,936700
2024-08-30,76.86000061035156,78.63999938964844,74.9800033569336,77.5999984741211,77.5999984741211,690100
2024-09-03,79.75,81.1500015258789,73.12000274658203,73.87999725341797,73.87999725341797,1025300
2024-09-04,72.41999816894531,77.16000366210938,72.11000061035156,77.13999938964844,77.13999938964844,565300
2024-09-05,74.04000091552734,74.04000091552734,70.2699966430664,72.0999984741211,72.0999984741211,1068100
2024-09-06,71.66999816894531,73.41999816894531,70.56999969482422,70.9000015258789,70.9000015258789,537100
2024-09-09,73.83000183105469,76.58999633789062,73.47000122070312,76.20999908447266,76.20999908447266,734400
2024-09-10,73.41999816894531,76.01000213623047,73.0,73.95999908447266,73.95999908447266,843400
2024-09-11,73.27999877929688,74.3499984741211,71.22000122070312,72.72000122070312,72.72000122070312,881800
2024-09-12,74.25,74.61000061035156,67.4000015258789,69.1500015258789,69.1500015258789,1446100
2024-09-13,68.87999725341797,72.25,68.31999969482422,71.9000015258789,71.9000015258789,1138800
2024-09-16,73.25,73.33000183105469,67.91000366210938,68.73999786376953,68.73999786376953,1226200
2024-09-17,66.7699966430664,70.68000030517578,66.19000244140625,70.58999633789062,70.58999633789062,1570200
2024-09-18,68.9000015258789,73.02999877929688,68.9000015258789,72.47000122070312,72.47000122070312,998700
2024-09-19,74.80000305175781,75.94999694824219,70.62000274658203,70.79000091552734,70.79000091552734,1047500
2024-09-20,70.94000244140625,71.68000030517578,63.0,63.54999923706055,63.54999923706055,2479000
2024-09-23,61.77999877929688,62.18999862670898,57.40999984741211,57.47999954223633,57.47999954223633,2624300
2024-09-24,58.93000030517578,61.02000045776367,57.59000015258789,59.38999938964844,59.38999938964844,2041800
2024-09-25,57.84999847412109,60.25,57.36000061035156,59.040000915527344,59.040000915527344,1993600
2024-09-26,57.93999862670898,62.900001525878906,57.790000915527344,62.0,62.0,2144800
2024-09-27,58.70000076293945,59.119998931884766,54.18000030517578,54.84000015258789,54.84000015258789,3506200
2024-09-30,55.93999862670898,56.0099983215332,53.56999969482422,55.220001220703125,55.220001220703125,2107800
2024-10-01,55.790000915527344,57.040000915527344,53.86000061035156,54.83000183105469,54.83000183105469,2453800
2024-10-02,53.130001068115234,56.52000045776367,52.2599983215332,54.75,54.75,3516000
2024-10-03,53.02999877929688,54.220001220703125,52.04999923706055,52.68999862670898,52.68999862670898,2316300
2024-10-04,55.02000045776367,57.650001525878906,54.38999938964844,57.59000015258789,57.59000015258789,2582800
2024-10-07,59.61000061035156,62.7400016784668,59.4900016784668,61.66999816894531,61.66999816894531,1686600
2024-10-08,61.29999923706055,62.86000061035156,60.310001373291016,62.65999984741211,62.65999984741211,1125400
2024-10-09,63.68999862670898,66.25,62.68000030517578,65.8499984741211,65.8499984741211,1365500
2024-10-10,66.87999725341797,67.8499984741211,64.33000183105469,65.01000213623047,65.01000213623047,1587000
2024-10-11,66.0999984741211,68.11000061035156,65.69999694824219,67.44000244140625,67.44000244140625,873200
2024-10-14,69.79000091552734,72.29000091552734,69.54000091552734,72.13999938964844,72.13999938964844,693600
2024-10-15,70.7300033569336,71.52999877929688,68.61000061035156,71.36000061035156,71.36000061035156,1228200
2024-10-16,72.69000244140625,75.55000305175781,72.5199966430664,74.70999908447266,74.70999908447266,1134500
2024-10-17,74.0199966430664,76.12000274658203,72.94999694824219,75.63999938964844,75.63999938964844,1242900
2024-10-18,77.6500015258789,78.33999633789062,77.29000091552734,77.62000274658203,77.62000274658203,749400
2024-10-21,76.73999786376953,77.05000305175781,75.31999969482422,75.5199966430664,75.5199966430664,1019900
2024-10-22,75.37999725341797,75.44999694824219,71.62999725341797,72.97000122070312,72.97000122070312,2160200
2024-10-23,73.37000274658203,74.54000091552734,69.36000061035156,70.5999984741211,70.5999984741211,1592900
2024-10-24,70.23999786376953,72.87000274658203,66.44000244140625,66.66000366210938,66.66000366210938,1900500
2024-10-25,68.58000183105469,68.91000366210938,64.55000305175781,65.31999969482422,65.31999969482422,1790900
2024-10-28,73.33000183105469,75.36000061035156,72.37999725341797,74.1500015258789,74.1500015258789,1837200
2024-10-29,73.27999877929688,75.08000183105469,72.11000061035156,73.5,73.5,1002100
2024-10-30,76.55000305175781,76.93000030517578,73.22000122070312,75.36000061035156,75.36000061035156,1253700
2024-10-31,78.44999694824219,81.23999786376953,77.12999725341797,80.80000305175781,80.80000305175781,1060500
2024-11-01,80.55999755859375,84.0,80.0,82.7300033569336,82.7300033569336,875300
2024-11-04,81.91000366210938,82.43000030517578,76.04000091552734,76.52999877929688,76.52999877929688,1543800
2024-11-05,76.4800033569336,83.01000213623047,76.37000274658203,82.01000213623047,82.01000213623047,1470100
2024-11-06,78.98999786376953,80.12000274658203,75.6500015258789,78.12999725341797,78.12999725341797,1383500
2024-11-07,80.94999694824219,82.72000122070312,79.81999969482422,80.6500015258789,80.6500015258789,1903300
2024-11-08,79.66999816894531,83.44999694824219,78.12999725341797,82.80999755859375,82.80999755859375,1274200
2024-11-11,70.45999908447266,72.25,68.62999725341797,70.16999816894531,70.16999816894531,1939500
2024-11-12,70.70999908447266,72.83000183105469,66.95999908447266,70.66000366210938,70.66000366210938,2197900
2024-11-13,72.41000366210938,73.0,66.31999969482422,66.51000213623047,66.51000213623047,2818900
2024-11-14,69.16000366210938,74.72000122070312,68.06999969482422,74.4800033569336,74.4800033569336,2433200
2024-11-15,74.86000061035156,75.23999786376953,71.5,71.95999908447266,71.95999908447266,1326100
2024-11-18,70.9800033569336,70.9800033569336,67.25,68.0,68.0,1945800
2024-11-19,67.44999694824219,68.4000015258789,63.7400016784668,66.75,66.75,2291200
2024-11-20,62.16999816894531,63.27000045776367,57.77000045776367,58.540000915527344,58.540000915527344,3264800
2024-11-21,53.470001220703125,58.08000183105469,52.47999954223633,55.400001525878906,55.400001525878906,4413200
2024-11-22,61.88999938964844,63.47999954223633,60.900001525878906,61.630001068115234,61.630001068115234,2785800
2024-11-25,55.68000030517578,57.79999923706055,51.77000045776367,57.18000030517578,57.18000030517578,4230800
2024-11-26,55.54999923706055,58.150001525878906,53.68000030517578,55.15999984741211,55.15999984741211,3024000
2024-11-27,62.70000076293945,64.5999984741211,61.72999954223633,64.58999633789062,64.58999633789062,2041200
2024-11-29,59.810001373291016,60.68000030517578,57.040000915527344,58.70000076293945,58.70000076293945,1801300
2024-12-02,62.52000045776367,64.08000183105469,60.66999816894531,63.290000915527344,63.290000915527344,2118600
2024-12-03,65.83000183105469,70.0,65.79000091552734,69.26000213623047,69.26000213623047,1583000
2024-12-04,70.0,72.54000091552734,67.75,68.66999816894531,68.66999816894531,1488100
2024-12-05,67.12999725341797,69.33000183105469,64.56999969482422,68.1500015258789,68.1500015258789,1766600
2024-12-06,69.08000183105469,69.80000305175781,66.91000366210938,67.61000061035156,67.61000061035156,1133200
2024-12-09,63.88999938964844,65.6500015258789,62.09999847412109,63.95000076293945,63.95000076293945,1506900
2024-12-10,67.54000091552734,68.12999725341797,63.84999847412109,63.900001525878906,63.900001525878906,1479400
2024-12-11,60.560001373291016,60.61000061035156,57.25,58.66999816894531,58.66999816894531,2883600
2024-12-12,59.150001525878906,60.33000183105469,54.619998931884766,56.95000076293945,56.95000076293945,2933200
2024-12-13,58.79999923706055,59.65999984741211,58.119998931884766,59.119998931884766,59.119998931884766,2041200
2024-12-16,61.400001525878906,62.11000061035156,60.79999923706055,61.0,61.0,1346100
2024-12-17,63.34999847412109,64.80000305175781,59.0,59.22999954223633,59.22999954223633,2278900
2024-12-18,58.5,60.20000076293945,57.650001525878906,59.0,59.0,2319600
2024-12-19,56.5,57.70000076293945,53.15999984741211,53.43000030517578,53.43000030517578,2677000
2024-12-20,53.880001068115234,54.869998931884766,49.9900016784668,51.040000915527344,51.040000915527344,3179100
2024-12-23,51.630001068115234,53.04999923706055,50.900001525878906,50.900001525878906,50.900001525878906,2133400
2024-12-24,49.2599983215332,49.29999923706055,48.040000915527344,48.119998931884766,48.119998931884766,1953400
2024-12-26,51.400001525878906,53.150001525878906,51.310001373291016,52.56999969482422,52.56999969482422,2276700
2024-12-27,50.5,51.88999938964844,49.29999923706055,49.560001373291016,49.560001373291016,3607100
2024-12-30,38.869998931884766,42.18999862670898,36.25,40.36000061035156,40.36000061035156,11705800
2024-12-31,42.90999984741211,44.18999862670898,41.630001068115234,42.7400016784668,42.7400016784668,4370500
2025-01-02,41.93000030517578,43.150001525878906,39.52999877929688,42.130001068115234,42.130001068115234,4203700
2025-01-03,45.040000915527344,47.91999816894531,44.5099983215332,47.630001068115234,47.630001068115234,5846400
2025-01-06,42.59999847412109,44.619998931884766,41.29999923706055,41.77000045776367,41.77000045776367,4421800
2025-01-07,42.36000061035156,44.720001220703125,41.5,44.459999084472656,44.459999084472656,3703600
2025-01-08,42.5099983215332,42.68999862670898,40.02999877929688,40.220001220703125,40.220001220703125,4477200
2025-01-10,35.41999816894531,36.220001220703125,34.630001068115234,34.790000915527344,34.790000915527344,6522500
2025-01-13,34.11000061035156,35.439998626708984,33.0099983215332,34.04999923706055,34.04999923706055,4523200
2025-01-14,36.0,36.08000183105469,33.29999923706055,33.880001068115234,33.880001068115234,5221700
2025-01-15,32.779998779296875,33.439998626708984,30.709999084472656,31.0,31.0,7347400
2025-01-16,31.26000022888184,32.349998474121094,27.780000686645508,28.1200008392334,28.1200008392334,10107600
2025-01-17,31.89999961853028,32.560001373291016,30.600000381469727,32.29999923706055,32.29999923706055,6072500
2025-01-21,33.38999938964844,34.86000061035156,33.040000915527344,34.29999923706055,34.29999923706055,3929500
2025-01-22,33.84000015258789,34.099998474121094,30.979999542236328,31.200000762939453,31.200000762939453,4953700
2025-01-23,30.559999465942383,33.099998474121094,30.01000022888184,32.15999984741211,32.15999984741211,6416100
2025-01-24,33.56999969482422,34.34000015258789,31.989999771118164,32.68000030517578,32.68000030517578,4333100
2025-01-27,35.810001373291016,37.4900016784668,35.68000030517578,36.13999938964844,36.13999938964844,6538600
2025-01-28,38.58000183105469,39.90999984741211,37.380001068115234,39.900001525878906,39.900001525878906,4911600
2025-01-29,37.880001068115234,39.619998931884766,37.18999862670898,37.709999084472656,37.709999084472656,4008800
2025-01-30,38.880001068115234,40.970001220703125,37.90999984741211,40.43000030517578,40.43000030517578,3968600
2025-01-31,41.380001068115234,41.84000015258789,39.83000183105469,40.220001220703125,40.220001220703125,3270600
2025-02-03,33.75,34.119998931884766,31.15999984741211,32.7400016784668,32.7400016784668,9183900
2025-02-04,36.0,36.02999877929688,33.220001220703125,34.939998626708984,34.939998626708984,5337800
2025-02-05,35.439998626708984,35.439998626708984,31.950000762939453,31.959999084472656,31.959999084472656,5713300
2025-02-06,33.11000061035156,33.279998779296875,30.809999465942383,31.670000076293945,31.670000076293945,5093700
2025-02-07,32.060001373291016,33.34000015258789,31.450000762939453,33.11000061035156,33.11000061035156,3767300
2025-02-10,31.82999992370605,32.25,29.700000762939453,30.39999961853028,30.39999961853028,6154300
2025-02-11,29.0,29.40999984741211,28.239999771118164,29.15999984741211,29.15999984741211,6250400
2025-02-12,28.63999938964844,29.63999938964844,28.18000030517578,28.57999992370605,28.57999992370605,5068200
2025-02-13,26.670000076293945,28.049999237060547,25.559999465942383,27.780000686645508,27.780000686645508,9853700
2025-02-14,26.700000762939453,26.700000762939453,25.549999237060547,26.450000762939453,26.450000762939453,7575700
2025-02-18,26.5,26.770000457763672,22.709999084472656,23.06999969482422,23.06999969482422,14311400
2025-02-19,21.5,21.59000015258789,19.600000381469727,19.799999237060547,19.799999237060547,20757700
2025-02-20,21.3700008392334,22.229999542236328,21.209999084472656,21.34000015258789,21.34000015258789,11555600
2025-02-21,20.190000534057617,21.309999465942383,19.36000061035156,20.84000015258789,20.84000015258789,18521700
2025-02-24,22.5,22.89999961853028,22.09000015258789,22.209999084472656,22.209999084472656,8656800
2025-02-25,21.979999542236328,22.32999992370605,20.75,21.100000381469727,21.100000381469727,6686500
2025-02-26,21.739999771118164,22.520000457763672,21.63999938964844,22.049999237060547,22.049999237060547,7133800
2025-02-27,21.96999931335449,22.8799991607666,21.309999465942383,22.790000915527344,22.790000915527344,10333400
2025-02-28,23.200000762939453,23.850000381469727,22.88999938964844,23.81999969482422,23.81999969482422,8212700
2025-03-03,23.040000915527344,23.270000457763672,19.8799991607666,20.26000022888184,20.26000022888184,12789900
2025-03-04,17.950000762939453,18.489999771118164,16.399999618530273,18.100000381469727,18.100000381469727,20349400
2025-03-05,18.81999969482422,18.84000015258789,17.200000762939453,17.3700008392334,17.3700008392334,14188000
2025-03-06,17.850000381469727,18.790000915527344,17.84000015258789,18.540000915527344,18.540000915527344,13810200
2025-03-07,19.5,19.59000015258789,17.459999084472656,17.889999389648438,17.889999389648438,13498100
2025-03-10,16.84000015258789,17.280000686645508,16.200000762939453,16.969999313354492,16.969999313354492,13160300
2025-03-11,16.610000610351562,17.799999237060547,16.600000381469727,17.709999084472656,17.709999084472656,9191000
2025-03-12,19.049999237060547,20.13999938964844,18.88999938964844,20.09000015258789,20.09000015258789,13306900
2025-03-13,20.89999961853028,21.040000915527344,18.82999992370605,20.239999771118164,20.239999771118164,11730500
2025-03-14,20.81999969482422,21.01000022888184,19.38999938964844,19.700000762939453,19.700000762939453,8630700
2025-03-17,20.3799991607666,20.920000076293945,19.5,20.75,20.75,6901700
2025-03-18,19.96999931335449,20.450000762939453,19.559999465942383,20.450000762939453,20.450000762939453,7818600
2025-03-19,19.21999931335449,19.600000381469727,18.21999931335449,18.59000015258789,18.59000015258789,12531200
2025-03-20,19.32999992370605,20.68000030517578,19.1299991607666,20.479999542236328,20.479999542236328,8791300
2025-03-21,20.3799991607666,21.200000762939453,20.11000061035156,21.11000061035156,21.11000061035156,7853200
2025-03-24,20.700000762939453,21.61000061035156,20.46999931335449,21.51000022888184,21.51000022888184,6151600
2025-03-25,21.270000457763672,22.8700008392334,21.21999931335449,22.190000534057617,22.190000534057617,6992100
2025-03-26,22.030000686645508,22.64999961853028,21.43000030517578,22.61000061035156,22.61000061035156,5871700
2025-03-27,22.57999992370605,23.1299991607666,21.420000076293945,22.01000022888184,22.01000022888184,8097400
2025-03-28,21.809999465942383,22.59000015258789,20.01000022888184,20.049999237060547,20.049999237060547,8482200
2025-03-31,18.65999984741211,20.31999969482422,18.61000061035156,19.56999969482422,19.56999969482422,6646000
2025-04-01,20.440000534057617,21.459999084472656,20.26000022888184,21.239999771118164,21.239999771118164,5104800
2025-04-02,20.459999084472656,20.739999771118164,19.84000015258789,20.459999084472656,20.459999084472656,5479100
2025-04-03,19.030000686645508,19.82999992370605,18.71999931335449,19.489999771118164,19.489999771118164,7628600
2025-04-04,21.979999542236328,22.46999931335449,21.040000915527344,22.26000022888184,22.26000022888184,12541600
2025-04-07,22.11000061035156,24.950000762939453,21.1200008392334,24.450000762939453,24.450000762939453,9717700
2025-04-08,22.989999771118164,26.770000457763672,22.600000381469727,26.34000015258789,26.34000015258789,10363400
2025-04-09,26.34000015258789,28.040000915527344,21.21999931335449,21.989999771118164,21.989999771118164,14248900
2025-04-10,22.89999961853028,25.030000686645508,22.3700008392334,24.51000022888184,24.51000022888184,8175000
2025-04-11,25.51000022888184,25.56999969482422,23.690000534057617,23.76000022888184,23.76000022888184,7615800
2025-04-14,22.959999084472656,26.51000022888184,22.90999984741211,26.06999969482422,26.06999969482422,7066700
2025-04-15,27.25,27.43000030517578,25.88999938964844,26.209999084472656,26.209999084472656,6368300
2025-04-16,27.0,27.229999542236328,25.920000076293945,26.530000686645508,26.530000686645508,4711600
2025-04-17,26.489999771118164,26.530000686645508,25.09000015258789,26.440000534057617,26.440000534057617,5098800
2025-04-21,27.850000381469727,30.0,27.709999084472656,29.270000457763672,29.270000457763672,6558400
2025-04-22,29.5,31.100000381469727,29.440000534057617,30.170000076293945,30.170000076293945,4737800
2025-04-23,30.21999931335449,30.559999465942383,28.90999984741211,30.020000457763672,30.020000457763672,3879800
2025-04-24,31.239999771118164,32.04999923706055,30.3799991607666,30.64999961853028,30.64999961853028,5325400
2025-04-25,31.309999465942383,31.32999992370605,29.559999465942383,30.049999237060547,30.049999237060547,5026900
2025-04-28,29.21999931335449,29.3700008392334,26.3799991607666,26.989999771118164,26.989999771118164,8849000
2025-04-29,26.09000015258789,26.920000076293945,25.40999984741211,25.82999992370605,25.82999992370605,5449000
2025-04-30,26.5,27.040000915527344,25.40999984741211,25.920000076293945,25.920000076293945,6576400
2025-05-01,25.1299991607666,25.780000686645508,23.049999237060547,24.06999969482422,24.06999969482422,7167300
2025-05-02,22.75,23.200000762939453,21.5,21.600000381469727,21.600000381469727,7955000
2025-05-05,21.479999542236328,22.93000030517578,20.989999771118164,22.36000061035156,22.36000061035156,6933100
2025-05-06,22.38999938964844,23.809999465942383,21.75,23.3700008392334,23.3700008392334,9491400
2025-05-07,22.0,22.489999771118164,21.59000015258789,21.790000915527344,21.790000915527344,7086900
2025-05-08,21.780000686645508,22.71999931335449,21.43000030517578,21.88999938964844,21.88999938964844,7017800
2025-05-09,20.690000534057617,20.81999969482422,19.979999542236328,20.200000762939453,20.200000762939453,11875600
2025-05-12,21.13999938964844,21.6299991607666,21.020000457763672,21.239999771118164,21.239999771118164,6578900
2025-05-13,20.96999931335449,22.15999984741211,20.89999961853028,21.600000381469727,21.600000381469727,5732800
2025-05-14,22.84000015258789,23.34000015258789,22.3799991607666,23.280000686645508,23.280000686645508,6391700
2025-05-15,23.239999771118164,24.530000686645508,22.950000762939453,24.51000022888184,24.51000022888184,6439900
2025-05-16,23.989999771118164,24.979999542236328,23.3799991607666,24.809999465942383,24.809999465942383,5961300
2025-05-19,26.770000457763672,28.0,26.530000686645508,27.93000030517578,27.93000030517578,8043200
2025-05-20,25.600000381469727,25.690000534057617,22.38999938964844,23.06999969482422,23.06999969482422,11073500
2025-05-21,22.88999938964844,23.540000915527344,22.549999237060547,23.26000022888184,23.26000022888184,5365800
2025-05-22,24.09000015258789,24.71999931335449,23.530000686645508,23.989999771118164,23.989999771118164,5458600
2025-05-23,23.81999969482422,24.059999465942383,23.100000381469727,23.420000076293945,23.420000076293945,5928000
2025-05-27,23.920000076293945,24.030000686645508,22.600000381469727,22.76000022888184,22.76000022888184,5667000
2025-05-28,23.479999542236328,25.350000381469727,23.43000030517578,25.31999969482422,25.31999969482422,8033600
2025-05-29,25.350000381469727,26.959999084472656,25.190000534057617,25.739999771118164,25.739999771118164,5631700
2025-05-30,25.61000061035156,26.96999931335449,25.600000381469727,26.690000534057617,26.690000534057617,4342400
2025-06-02,22.739999771118164,23.440000534057617,22.64999961853028,22.780000686645508,22.780000686645508,9115800
2025-06-03,23.63999938964844,23.64999961853028,22.18000030517578,22.559999465942383,22.559999465942383,6609000
2025-06-04,23.200000762939453,23.309999465942383,22.46999931335449,22.700000762939453,22.700000762939453,5282000
2025-06-05,22.46999931335449,23.920000076293945,22.26000022888184,23.280000686645508,23.280000686645508,8823300
2025-06-06,22.8799991607666,23.21999931335449,21.489999771118164,21.90999984741211,21.90999984741211,8231300
2025-06-09,23.81999969482422,24.190000534057617,22.940000534057617,23.43000030517578,23.43000030517578,7304000
2025-06-10,23.920000076293945,24.989999771118164,23.89999961853028,24.739999771118164,24.739999771118164,3861600
2025-06-11,24.01000022888184,25.76000022888184,23.790000915527344,25.01000022888184,25.01000022888184,5313000
2025-06-12,23.76000022888184,25.5,23.76000022888184,24.75,24.75,5211800
2025-06-13,24.82999992370605,24.82999992370605,23.71999931335449,23.84000015258789,23.84000015258789,4060600
2025-06-16,22.670000076293945,23.450000762939453,21.920000076293945,22.100000381469727,22.100000381469727,7145600
2025-06-17,21.21999931335449,21.549999237060547,20.56999969482422,20.61000061035156,20.61000061035156,8090000
2025-06-18,19.75,20.1200008392334,19.39999961853028,19.5,19.5,8187900
2025-06-20,19.489999771118164,21.01000022888184,19.459999084472656,20.32999992370605,20.32999992370605,7554000
2025-06-23,21.700000762939453,22.309999465942383,21.46999931335449,22.190000534057617,22.190000534057617,6910000
2025-06-24,23.190000534057617,23.920000076293945,22.700000762939453,23.670000076293945,23.670000076293945,4331200
2025-06-25,24.200000762939453,24.90999984741211,23.700000762939453,24.57999992370605,24.57999992370605,3414100
2025-06-26,25.18000030517578,26.780000686645508,24.940000534057617,24.979999542236328,24.979999542236328,5671500
2025-06-27,23.57999992370605,23.790000915527344,22.1200008392334,22.3700008392334,22.3700008392334,6120900
2025-06-30,24.549999237060547,25.86000061035156,24.36000061035156,25.61000061035156,25.61000061035156,4937400
2025-07-01,26.770000457763672,27.809999465942383,25.81999969482422,26.32999992370605,26.32999992370605,4815800
2025-07-02,25.43000030517578,25.46999931335449,24.56999969482422,25.200000762939453,25.200000762939453,3099900
2025-07-03,24.479999542236328,26.200000762939453,23.8700008392334,25.690000534057617,25.690000534057617,4163700
2025-07-07,26.76000022888184,26.96999931335449,25.200000762939453,26.190000534057617,26.190000534057617,4695900
2025-07-08,27.030000686645508,27.3700008392334,26.39999961853028,27.049999237060547,27.049999237060547,3029600
2025-07-09,29.020000457763672,30.01000022888184,28.86000061035156,29.299999237060547,29.299999237060547,5327400
2025-07-10,27.940000534057617,28.309999465942383,26.61000061035156,27.18000030517578,27.18000030517578,4889800
2025-07-11,26.36000061035156,27.6200008392334,25.84000015258789,26.68000030517578,26.68000030517578,4344100
2025-07-14,25.309999465942383,25.64999961853028,24.530000686645508,25.09000015258789,25.09000015258789,5573600
2025-07-15,24.950000762939453,25.559999465942383,23.82999992370605,24.190000534057617,24.190000534057617,6971700
2025-07-16,23.459999084472656,24.450000762939453,23.06999969482422,23.520000457763672,23.520000457763672,5755100
2025-07-17,23.06999969482422,24.059999465942383,22.959999084472656,23.82999992370605,23.82999992370605,5114800
2025-07-18,23.1200008392334,24.440000534057617,22.920000076293945,23.3700008392334,23.3700008392334,6495900
2025-07-21,25.90999984741211,27.13999938964844,25.790000915527344,26.950000762939453,26.950000762939453,5928900
2025-07-22,27.959999084472656,28.239999771118164,27.46999931335449,27.709999084472656,27.709999084472656,3687500
2025-07-23,29.549999237060547,30.790000915527344,29.40999984741211,30.559999465942383,30.559999465942383,4904600
2025-07-24,29.34000015258789,30.670000076293945,28.88999938964844,29.8799991607666,29.8799991607666,5712800
2025-07-25,29.84000015258789,30.270000457763672,29.059999465942383,30.06999969482422,30.06999969482422,2791200
2025-07-28,29.96999931335449,31.709999084472656,29.690000534057617,30.780000686645508,30.780000686645508,3615600
2025-07-29,30.01000022888184,30.56999969482422,29.06999969482422,29.63999938964844,29.63999938964844,3163800
2025-07-30,32.09000015258789,32.45000076293945,31.549999237060547,32.130001068115234,32.130001068115234,3436400
2025-07-31,32.900001525878906,33.349998474121094,30.46999931335449,30.89999961853028,30.89999961853028,5685700
2025-08-01,30.979999542236328,31.709999084472656,30.32999992370605,30.81999969482422,30.81999969482422,2783900
2025-08-04,32.56999969482422,34.81999969482422,32.22999954223633,33.84000015258789,33.84000015258789,3720700
2025-08-05,33.119998931884766,33.34000015258789,31.6200008392334,32.529998779296875,32.529998779296875,4551900
2025-08-06,31.479999542236328,31.989999771118164,30.59000015258789,30.809999465942383,30.809999465942383,5129900
2025-08-07,31.15999984741211,31.709999084472656,29.479999542236328,30.920000076293945,30.920000076293945,5112600
2025-08-08,31.64999961853028,33.16999816894531,31.290000915527344,32.45000076293945,32.45000076293945,2325700
2025-08-11,32.70000076293945,33.81999969482422,32.630001068115234,32.97999954223633,32.97999954223633,2084500
2025-08-12,34.790000915527344,36.70000076293945,34.619998931884766,36.5099983215332,36.5099983215332,4811500
2025-08-13,35.68000030517578,36.540000915527344,35.349998474121094,36.09000015258789,36.09000015258789,1715400
2025-08-14,36.58000183105469,37.43999862670898,35.959999084472656,36.130001068115234,36.130001068115234,1934800
2025-08-15,34.709999084472656,34.970001220703125,33.9900016784668,34.70000076293945,34.70000076293945,2611000
2025-08-18,36.18000030517578,36.25,35.02000045776367,35.7400016784668,35.7400016784668,2662700
2025-08-19,37.63999938964844,38.68999862670898,37.63999938964844,38.22999954223633,38.22999954223633,2524100
2025-08-20,38.41999816894531,39.22999954223633,38.38999938964844,38.65999984741211,38.65999984741211,1987000
2025-08-21,38.08000183105469,38.459999084472656,36.93000030517578,37.29999923706055,37.29999923706055,2849500
2025-08-22,38.33000183105469,39.59999847412109,38.20000076293945,39.43000030517578,39.43000030517578,2177300
2025-08-25,40.59999847412109,40.70000076293945,39.18999862670898,39.75,39.75,2006100
2025-08-26,40.20000076293945,41.09999847412109,39.52999877929688,39.56999969482422,39.56999969482422,2020400
2025-08-27,37.900001525878906,38.91999816894531,37.43000030517578,38.400001525878906,38.400001525878906,4456900
2025-08-28,38.310001373291016,38.7599983215332,35.90999984741211,36.63999938964844,36.63999938964844,5461400
2025-08-29,36.20000076293945,37.18000030517578,34.869998931884766,34.93000030517578,34.93000030517578,4861900
2025-09-02,36.54999923706055,37.290000915527344,35.11000061035156,35.40999984741211,35.40999984741211,5391700
2025-09-03,33.869998931884766,35.0099983215332,33.63999938964844,34.25,34.25,4575100
2025-09-04,34.02000045776367,35.52000045776367,33.34000015258789,34.470001220703125,34.470001220703125,3717700
2025-09-05,34.060001373291016,35.75,33.97999954223633,35.63999938964844,35.63999938964844,3290200
2025-09-08,33.7400016784668,35.06999969482422,33.59000015258789,34.83000183105469,34.83000183105469,3031900
2025-09-09,34.59000015258789,36.09999847412109,34.29999923706055,34.720001220703125,34.720001220703125,3583900
2025-09-10,35.79999923706055,36.18999862670898,35.29999923706055,35.93000030517578,35.93000030517578,2520900
2025-09-11,36.369998931884766,38.06999969482422,35.7400016784668,37.970001220703125,37.970001220703125,3454300
2025-09-12,37.02000045776367,38.27999877929688,36.81999969482422,38.18999862670898,38.18999862670898,3397000
2025-09-15,37.75,37.77000045776367,35.70000076293945,35.959999084472656,35.959999084472656,3865900
2025-09-16,35.45000076293945,35.689998626708984,34.20000076293945,34.310001373291016,34.310001373291016,3516500
2025-09-17,33.619998931884766,35.0099983215332,33.29999923706055,34.9900016784668,34.9900016784668,2980700
2025-09-18,35.43000030517578,37.310001373291016,35.310001373291016,37.20000076293945,37.20000076293945,3613400
2025-09-19,38.08000183105469,38.31999969482422,37.22999954223633,37.83000183105469,37.83000183105469,2736800
2025-09-22,38.34000015258789,40.40999984741211,38.18000030517578,40.34000015258789,40.34000015258789,3511700
2025-09-23,40.75,40.93999862670898,38.959999084472656,39.040000915527344,39.040000915527344,3137600
2025-09-24,39.72999954223633,39.790000915527344,38.0,39.0099983215332,39.0099983215332,3114700
2025-09-25,36.880001068115234,38.66999816894531,36.20000076293945,37.54999923706055,37.54999923706055,5050500
2025-09-26,38.810001373291016,39.540000915527344,37.380001068115234,38.22999954223633,38.22999954223633,3440100
2025-09-29,38.130001068115234,38.150001525878906,35.40999984741211,36.16999816894531,36.16999816894531,3695000
2025-09-30,35.08000183105469,35.72999954223633,34.56999969482422,34.790000915527344,34.790000915527344,4660000
2025-10-01,34.2599983215332,35.0099983215332,31.34000015258789,31.780000686645508,31.780000686645508,6792200
2025-10-02,31.559999465942383,32.790000915527344,29.71999931335449,32.63999938964844,32.63999938964844,6520900
2025-10-03,32.9900016784668,34.79999923706055,32.720001220703125,34.52000045776367,34.52000045776367,4892700
2025-10-06,32.93000030517578,34.189998626708984,32.52000045776367,33.189998626708984,33.189998626708984,4624600
2025-10-07,32.11000061035156,32.400001525878906,30.479999542236328,30.739999771118164,30.739999771118164,5412700
2025-10-08,31.93000030517578,33.7400016784668,31.920000076293945,33.58000183105469,33.58000183105469,3905000
2025-10-09,33.2599983215332,35.279998779296875,33.20000076293945,35.2400016784668,35.2400016784668,3581600
2025-10-10,36.34000015258789,37.459999084472656,35.869998931884766,36.68999862670898,36.68999862670898,2799500
2025-10-13,38.20000076293945,38.560001373291016,37.18000030517578,37.63999938964844,37.63999938964844,2576400
2025-10-14,38.83000183105469,39.09999847412109,38.16999816894531,38.88999938964844,38.88999938964844,2963700
2025-10-15,39.540000915527344,40.18999862670898,39.33000183105469,39.630001068115234,39.630001068115234,2522100
2025-10-16,40.09999847412109,40.72999954223633,38.7400016784668,40.59000015258789,40.59000015258789,3092300
2025-10-17,40.560001373291016,40.59999847412109,38.16999816894531,38.459999084472656,38.459999084472656,2514800
2025-10-20,35.40999984741211,35.470001220703125,33.13999938964844,33.54999923706055,33.54999923706055,4281300
2025-10-21,33.720001220703125,34.02000045776367,32.470001220703125,32.630001068115234,32.630001068115234,4663500
2025-10-22,32.61000061035156,33.529998779296875,32.400001525878906,33.16999816894531,33.16999816894531,4170700
2025-10-23,33.369998931884766,33.7400016784668,32.31999969482422,33.5,33.5,4682600
2025-10-24,33.5,35.08000183105469,33.040000915527344,33.5099983215332,33.5099983215332,4702400
2025-10-27,34.16999816894531,34.52000045776367,33.27000045776367,34.040000915527344,34.040000915527344,5292600
2025-10-28,36.08000183105469,36.59000015258789,35.84000015258789,36.540000915527344,36.540000915527344,5122700
2025-10-29,37.220001220703125,37.400001525878906,35.9900016784668,37.2599983215332,37.2599983215332,3945600
2025-10-30,35.88999938964844,36.5,34.470001220703125,34.56999969482422,34.56999969482422,5991000
2025-10-31,33.189998626708984,34.209999084472656,32.060001373291016,32.310001373291016,32.310001373291016,5166400
2025-11-03,32.040000915527344,32.52000045776367,30.049999237060547,30.229999542236328,30.229999542236328,6117300
2025-11-04,30.56999969482422,30.709999084472656,28.63999938964844,29.549999237060547,29.549999237060547,8934700
2025-11-05,29.96999931335449,30.940000534057617,29.13999938964844,30.790000915527344,30.790000915527344,6670200
2025-11-06,29.950000762939453,31.11000061035156,28.46999931335449,28.780000686645508,28.780000686645508,8128800
2025-11-07,29.559999465942383,30.059999465942383,28.780000686645508,29.46999931335449,29.46999931335449,5447000
2025-11-10,29.81999969482422,30.209999084472656,28.809999465942383,28.88999938964844,28.88999938964844,5913000
2025-11-11,28.690000534057617,28.690000534057617,26.559999465942383,27.209999084472656,27.209999084472656,8992900
2025-11-12,27.01000022888184,27.690000534057617,26.5,26.940000534057617,26.940000534057617,7045500
2025-11-13,26.729999542236328,27.030000686645508,25.40999984741211,26.34000015258789,26.34000015258789,8295900
2025-11-14,27.39999961853028,28.59000015258789,26.450000762939453,27.270000457763672,27.270000457763672,7382300
2025-11-17,27.489999771118164,29.040000915527344,26.90999984741211,28.88999938964844,28.88999938964844,6278200
2025-11-18,29.229999542236328,30.239999771118164,28.290000915527344,28.440000534057617,28.440000534057617,7782600
2025-11-19,26.799999237060547,27.1299991607666,25.950000762939453,26.520000457763672,26.520000457763672,6564600
2025-11-20,27.350000381469727,27.75,26.06999969482422,27.56999969482422,27.56999969482422,7959900
2025-11-21,27.26000022888184,27.40999984741211,26.0,26.709999084472656,26.709999084472656,8250700
2025-11-24,27.950000762939453,28.14999961853028,27.270000457763672,27.559999465942383,27.559999465942383,4716900
2025-11-25,30.5,30.739999771118164,29.200000762939453,29.780000686645508,29.780000686645508,6229500
2025-11-26,28.350000381469727,28.81999969482422,27.57999992370605,28.0,28.0,6403700
2025-11-28,26.56999969482422,26.780000686645508,25.56999969482422,26.040000915527344,26.040000915527344,5312100
2025-12-01,24.940000534057617,25.729999542236328,24.0,24.290000915527344,24.290000915527344,8389600
2025-12-02,24.229999542236328,25.420000076293945,24.0,25.13999938964844,25.13999938964844,7226500
2025-12-03,23.8799991607666,23.989999771118164,23.049999237060547,23.39999961853028,23.39999961853028,10667300
2025-12-04,23.989999771118164,24.63999938964844,22.61000061035156,22.790000915527344,22.790000915527344,9985800
2025-12-05,20.770000457763672,20.96999931335449,19.0,20.790000915527344,20.790000915527344,21525200
2025-12-08,23.030000686645508,24.32999992370605,22.770000457763672,24.26000022888184,24.26000022888184,12419800
2025-12-09,25.56999969482422,26.88999938964844,24.84000015258789,26.84000015258789,26.84000015258789,8551100
2025-12-10,26.13999938964844,27.020000457763672,25.6299991607666,26.420000076293945,26.420000076293945,6736900
2025-12-11,28.39999961853028,29.3700008392334,28.01000022888184,29.01000022888184,29.01000022888184,6445300
2025-12-12,30.799999237060547,31.86000061035156,30.549999237060547,31.739999771118164,31.739999771118164,4898800
2025-12-15,32.63999938964844,33.61000061035156,32.38999938964844,32.869998931884766,32.869998931884766,3532000
2025-12-16,34.529998779296875,34.88999938964844,33.4900016784668,34.099998474121094,34.099998474121094,5155200
2025-12-17,32.619998931884766,33.31999969482422,31.93000030517578,32.15999984741211,32.15999984741211,3891100
2025-12-18,32.31999969482422,36.04999923706055,31.84000015258789,35.75,35.75,4854800
2025-12-19,35.720001220703125,36.470001220703125,35.099998474121094,35.45000076293945,35.45000076293945,4048800
2025-12-22,38.4900016784668,39.900001525878906,38.34000015258789,38.540000915527344,38.540000915527344,4797300
2025-12-23,36.709999084472656,37.5,32.70000076293945,32.869998931884766,32.869998931884766,5972500
2025-12-24,33.97999954223633,34.68000030517578,33.310001373291016,34.5,34.5,3341300
2025-12-26,32.810001373291016,33.16999816894531,32.16999816894531,32.619998931884766,32.619998931884766,4545100
2025-12-29,31.709999084472656,32.060001373291016,30.64999961853028,31.809999465942383,31.809999465942383,5925400
2025-12-30,30.190000534057617,31.96999931335449,30.15999984741211,31.670000076293945,31.670000076293945,5473000
2025-12-31,34.09000015258789,35.849998474121094,34.029998779296875,35.27000045776367,35.27000045776367,4709100
2026-01-02,36.9900016784668,37.9900016784668,36.2400016784668,37.27999877929688,37.27999877929688,3295800
2026-01-05,42.36000061035156,42.720001220703125,41.15999984741211,41.470001220703125,41.470001220703125,4805600
2026-01-06,42.900001525878906,43.88999938964844,42.380001068115234,42.56999969482422,42.56999969482422,3662100
2026-01-07,40.81999969482422,41.75,39.65999984741211,40.06999969482422,40.06999969482422,3842300
2026-01-08,41.79999923706055,43.77000045776367,41.720001220703125,43.34000015258789,43.34000015258789,3859900
2026-01-09,46.75,49.470001220703125,46.0099983215332,49.38999938964844,49.38999938964844,5605200
2026-01-12,46.959999084472656,47.47999954223633,40.65999984741211,41.900001525878906,41.900001525878906,3469900
2026-01-13,42.2400016784668,42.77999877929688,39.880001068115234,40.5099983215332,40.5099983215332,2216300
2026-01-14,44.68999862670898,46.900001525878906,44.33000183105469,45.29999923706055,45.29999923706055,3204600
2026-01-15,46.88999938964844,48.68000030517578,45.540000915527344,46.15999984741211,46.15999984741211,1987300
2026-01-16,46.65999984741211,47.540000915527344,45.02999877929688,45.2400016784668,45.2400016784668,2813200
2026-01-20,29.850000381469727,32.599998474121094,27.09000015258789,27.88999938964844,27.88999938964844,16052200
2026-01-21,22.479999542236328,24.770000457763672,22.190000534057617,22.39999961853028,22.39999961853028,21817600
2026-01-22,20.440000534057617,23.25,20.100000381469727,23.01000022888184,23.01000022888184,30787900
2026-01-23,20.729999542236328,22.18000030517578,20.729999542236328,21.350000381469727,21.350000381469727,20700600
2026-01-26,20.489999771118164,20.809999465942383,17.649999618530273,18.51000022888184,18.51000022888184,37700400
2026-01-27,19.459999084472656,20.049999237060547,17.770000457763672,18.809999465942383,18.809999465942383,24742600
2026-01-28,19.450000762939453,19.8799991607666,17.850000381469727,19.26000022888184,19.26000022888184,26382000
2026-01-29,18.6200008392334,19.43000030517578,17.420000076293945,17.809999465942383,17.809999465942383,28589200
2026-01-30,16.020000457763672,16.399999618530273,13.4399995803833,13.579999923706056,13.579999923706056,54026600
2026-02-02,18.59000015258789,21.11000061035156,18.40999984741211,20.170000076293945,20.170000076293945,43791700
2026-02-03,20.15999984741211,20.25,18.56999969482422,19.26000022888184,19.26000022888184,13922200
2026-02-04,17.290000915527344,18.76000022888184,17.290000915527344,17.729999542236328,17.729999542236328,11898600
2026-02-05,17.56999969482422,19.21999931335449,17.219999313354492,17.56999969482422,17.56999969482422,15344400
2026-02-06,17.170000076293945,18.3799991607666,16.450000762939453,18.229999542236328,18.229999542236328,16114300
2026-02-09,20.979999542236328,21.25,20.13999938964844,21.07999992370605,21.07999992370605,13682500
2026-02-10,20.61000061035156,21.43000030517578,20.170000076293945,21.15999984741211,21.15999984741211,8350600
2026-02-11,21.520000457763672,21.600000381469727,20.31999969482422,20.6200008392334,20.6200008392334,7211800
2026-02-12,19.46999931335449,20.690000534057617,19.25,20.600000381469727,20.600000381469727,10841500
2026-02-13,21.280000686645508,21.280000686645508,20.280000686645508,20.6299991607666,20.6299991607666,6132200
2026-02-17,22.190000534057617,22.459999084472656,21.68000030517578,22.11000061035156,22.11000061035156,8733100
2026-02-18,22.5,23.350000381469727,22.13999938964844,22.239999771118164,22.239999771118164,6116100
2026-02-19,21.56999969482422,22.459999084472656,21.479999542236328,22.38999938964844,22.38999938964844,5961200
2026-02-20,22.190000534057617,22.309999465942383,20.3799991607666,21.729999542236328,21.729999542236328,10200800
2026-02-23,21.39999961853028,22.64999961853028,21.190000534057617,22.600000381469727,22.600000381469727,4542900
2026-02-24,23.15999984741211,24.0,22.850000381469727,23.700000762939453,23.700000762939453,4735300
2026-02-25,22.950000762939453,23.5,22.36000061035156,23.1299991607666,23.1299991607666,5003200
2026-02-26,24.209999084472656,24.690000534057617,23.76000022888184,23.93000030517578,23.93000030517578,4166400
2026-02-27,23.46999931335449,23.959999084472656,23.100000381469727,23.450000762939453,23.450000762939453,3800500
2026-03-02,21.76000022888184,22.520000457763672,21.350000381469727,21.520000457763672,21.520000457763672,7380500
2026-03-03,18.75,21.299999237060547,18.56999969482422,20.530000686645508,20.530000686645508,10260700
2026-03-04,21.93000030517578,22.559999465942383,21.59000015258789,22.18000030517578,22.18000030517578,4724100
2026-03-05,21.739999771118164,22.26000022888184,20.36000061035156,21.229999542236328,21.229999542236328,5118400
2026-03-06,19.5,19.96999931335449,17.440000534057617,18.75,18.75,14374400
2026-03-09,17.899999618530273,20.34000015258789,17.40999984741211,20.13999938964844,20.13999938964844,11637000
2026-03-10,20.5,21.420000076293945,20.06999969482422,20.25,20.25,6886500
2026-03-11,19.299999237060547,19.940000534057617,18.1200008392334,18.34000015258789,18.34000015258789,10369100
2026-03-12,17.959999084472656,18.90999984741211,17.670000076293945,18.0,18.0,6994200
2026-03-13,18.780000686645508,19.34000015258789,18.56999969482422,19.059999465942383,19.059999465942383,7865400
2026-03-16,19.39999961853028,20.88999938964844,19.15999984741211,20.38999938964844,20.38999938964844,7811700
2026-03-17,19.790000915527344,20.809999465942383,19.76000022888184,20.51000022888184,20.51000022888184,4411200
2026-03-18,20.520000457763672,20.88999938964844,18.600000381469727,18.93000030517578,18.93000030517578,9489900
2026-03-19,17.969999313354492,19.75,17.6200008392334,19.34000015258789,19.34000015258789,10666000
2026-03-20,20.229999542236328,20.34000015258789,19.46999931335449,19.809999465942383,19.809999465942383,7563700
2026-03-23,21.21999931335449,22.36000061035156,21.030000686645508,21.88999938964844,21.88999938964844,8339600
2026-03-24,21.5,22.170000076293945,21.229999542236328,21.850000381469727,21.850000381469727,5561000
2026-03-25,22.21999931335449,22.39999961853028,21.190000534057617,21.3700008392334,21.3700008392334,5732900
2026-03-26,21.299999237060547,21.670000076293945,20.51000022888184,21.5,21.5,5316600
2026-03-27,19.8799991607666,20.76000022888184,19.530000686645508,19.93000030517578,19.93000030517578,6151200
2026-03-30,21.770000457763672,22.200000762939453,21.549999237060547,21.8700008392334,21.8700008392334,6159600
2026-03-31,20.51000022888184,22.0,20.51000022888184,21.709999084472656,21.709999084472656,6182400
2026-04-01,22.350000381469727,23.25,22.309999465942383,22.84000015258789,22.84000015258789,4594200
2026-04-02,23.01000022888184,23.420000076293945,22.790000915527344,23.100000381469727,23.100000381469727,5269400
2026-04-06,22.170000076293945,23.11000061035156,22.1200008392334,23.030000686645508,23.030000686645508,3413700
2026-04-07,22.100000381469727,22.420000076293945,21.700000762939453,22.31999969482422,22.31999969482422,5334400
2026-04-08,24.0,24.540000915527344,23.51000022888184,24.01000022888184,24.01000022888184,4704100
2026-04-09,24.14999961853028,25.309999465942383,24.1299991607666,24.86000061035156,24.86000061035156,3457200
2026-04-10,25.25,25.540000915527344,24.75,25.13999938964844,25.13999938964844,2649500
2026-04-13,24.32999992370605,25.709999084472656,24.21999931335449,25.5,25.5,2616800
2026-04-14,25.450000762939453,26.63999938964844,25.32999992370605,26.06999969482422,26.06999969482422,3331200
2026-04-15,26.450000762939453,26.68000030517578,25.950000762939453,26.1299991607666,26.1299991607666,2782900
2026-04-16,26.190000534057617,26.270000457763672,25.479999542236328,25.5,25.5,3329400
2026-04-17,26.1299991607666,26.190000534057617,24.96999931335449,25.32999992370605,25.32999992370605,3968500
2026-04-20,25.290000915527344,25.600000381469727,24.799999237060547,25.3700008392334,25.3700008392334,2241500
2026-04-21,25.40999984741211,25.600000381469727,24.84000015258789,25.0,25.0,2621500
2026-04-22,24.65999984741211,25.09000015258789,24.229999542236328,25.020000457763672,25.020000457763672,2705300
2026-04-23,25.920000076293945,27.0,25.88999938964844,26.59000015258789,26.59000015258789,3624800
2026-04-24,27.25,27.86000061035156,27.21999931335449,27.309999465942383,27.309999465942383,3092200
2026-04-27,25.76000022888184,26.68000030517578,25.38999938964844,26.59000015258789,26.59000015258789,3094700
2026-04-28,26.88999938964844,27.479999542236328,26.32999992370605,27.290000915527344,27.290000915527344,1983400
2026-04-29,27.93000030517578,28.31999969482422,27.6299991607666,28.13999938964844,28.13999938964844,2623800
2026-04-30,28.229999542236328,28.26000022888184,25.799999237060547,26.270000457763672,26.270000457763672,4335000
2026-05-01,25.75,26.239999771118164,25.5,25.59000015258789,25.59000015258789,2351800
2026-05-04,24.850000381469727,24.989999771118164,23.96999931335449,24.549999237060547,24.549999237060547,3326800
2026-05-05,24.86000061035156,25.920000076293945,24.63999938964844,25.850000381469727,25.850000381469727,2684600
2026-05-06,26.81999969482422,27.229999542236328,26.540000915527344,26.850000381469727,26.850000381469727,1957600
2026-05-07,27.38999938964844,27.63999938964844,25.670000076293945,26.15999984741211,26.15999984741211,3347800
2026-05-08,25.530000686645508,26.950000762939453,25.290000915527344,26.75,26.75,2127700
2026-05-11,25.40999984741211,25.5,24.32999992370605,24.520000457763672,24.520000457763672,2944900
2026-05-12,25.229999542236328,26.170000076293945,25.209999084472656,25.81999969482422,25.81999969482422,2424400
2026-05-13,24.920000076293945,25.88999938964844,24.8700008392334,25.64999961853028,25.64999961853028,2056200
2026-05-14,26.25,26.559999465942383,24.75,24.96999931335449,24.96999931335449,2961400
2026-05-15,24.520000457763672,25.1299991607666,24.309999465942383,24.489999771118164,24.489999771118164,2474700
2026-05-18,24.0,24.38999938964844,23.31999969482422,23.549999237060547,23.549999237060547,2475500
2026-05-19,22.84000015258789,22.96999931335449,21.93000030517578,22.059999465942383,22.059999465942383,3365600
2026-05-20,22.84000015258789,24.040000915527344,22.549999237060547,23.57999992370605,23.57999992370605,4107600
2026-05-21,23.459999084472656,24.31999969482422,23.06999969482422,24.229999542236328,24.229999542236328,3613200
2026-05-22,25.09000015258789,26.049999237060547,24.81999969482422,25.850000381469727,25.850000381469727,3348600
2026-05-26,24.93000030517578,26.200000762939453,24.600000381469727,26.0,26.0,2018900
2026-05-27,25.15999984741211,25.170000076293945,23.65999984741211,24.71999931335449,24.71999931335449,3988800
2026-05-28,24.290000915527344,24.31999969482422,21.5,21.6200008392334,21.6200008392334,8896600
2026-05-29,20.65999984741211,21.690000534057617,20.44499969482422,21.5,21.5,6625692
2026-06-01,22.600000381469727,23.209999084472656,22.479999542236328,22.920000076293945,22.920000076293945,5607725
2026-06-02,23.68000030517578,23.71999931335449,23.0,23.15999984741211,23.15999984741211,3449635
2026-06-03,23.26000022888184,23.280000686645508,22.0,22.209999084472656,22.209999084472656,2514064
2026-06-04,21.139999389648438,21.270000457763672,20.209999084472656,20.65999984741211,20.65999984741211,7933017
