Date,Open,High,Low,Close,Adj Close,Volume
2005-06-23,4.993332862854004,5.1066670417785645,4.989999771118164,4.989999771118164,4.559682369232178,85500
2005-06-24,4.920000076293945,4.920000076293945,4.896667003631592,4.896667003631592,4.474398612976074,4800
2005-06-27,4.8333330154418945,4.8333330154418945,4.78000020980835,4.78000020980835,4.36779260635376,13800
2005-06-28,4.829999923706055,4.853332996368408,4.829999923706055,4.853332996368408,4.434800624847412,5400
2005-06-29,4.853332996368408,4.860000133514404,4.826666831970215,4.826666831970215,4.410433769226074,3600
2005-06-30,4.8466668128967285,4.8566670417785645,4.820000171661377,4.820000171661377,4.404342174530029,12300
2005-07-01,4.813333034515381,4.816667079925537,4.806666851043701,4.809999942779541,4.395205497741699,28200
2005-07-05,4.866666793823242,4.9033331871032715,4.866666793823242,4.889999866485596,4.468305587768555,7200
2005-07-06,4.920000076293945,4.966667175292969,4.920000076293945,4.940000057220459,4.5139923095703125,43800
2005-07-07,4.880000114440918,4.913332939147949,4.880000114440918,4.906667232513428,4.483536243438721,10500
2005-07-08,4.936666965484619,5.059999942779541,4.936666965484619,5.056666851043701,4.620599746704102,67200
2005-07-11,5.113333225250244,5.190000057220459,5.113333225250244,5.173333168029785,4.727206230163574,83400
2005-07-12,5.186666965484619,5.236667156219482,5.163332939147949,5.2133331298828125,4.763758659362793,190500
2005-07-13,5.22333288192749,5.239999771118164,5.186666965484619,5.230000019073486,4.778986930847168,57900
2005-07-14,5.329999923706055,5.329999923706055,5.25,5.28000020980835,4.8246750831604,73800
2005-07-15,5.263332843780518,5.2733330726623535,5.206666946411133,5.266666889190674,4.812492370605469,90300
2005-07-18,5.25333309173584,5.263332843780518,5.199999809265137,5.22333288192749,4.772893905639648,3325200
2005-07-19,5.266666889190674,5.340000152587891,5.236667156219482,5.340000152587891,4.8795013427734375,1699500
2005-07-20,5.349999904632568,5.429999828338623,5.233333110809326,5.423333168029785,4.955646991729736,1238700
2005-07-21,5.380000114440918,5.396667003631592,5.316667079925537,5.3333330154418945,4.87340784072876,639900
2005-07-22,5.3933329582214355,5.413332939147949,5.306666851043701,5.369999885559082,4.906913757324219,501000
2005-07-25,5.386666774749756,5.4166669845581055,5.323332786560059,5.336667060852051,4.876453399658203,432300
2005-07-26,5.366666793823242,5.4033331871032715,5.336667060852051,5.389999866485596,4.925188064575195,631800
2005-07-27,5.369999885559082,5.380000114440918,5.283332824707031,5.360000133514404,4.897775173187256,570300
2005-07-28,5.360000133514404,5.373332977294922,5.320000171661377,5.366666793823242,4.903869152069092,576900
2005-07-29,5.3566670417785645,5.363333225250244,5.300000190734863,5.343332767486572,4.8825459480285645,375300
2005-08-01,5.380000114440918,5.380000114440918,5.309999942779541,5.336667060852051,4.876453399658203,348600
2005-08-02,5.376667022705078,5.436666965484619,5.366666793823242,5.433332920074463,4.964786529541016,542400
2005-08-03,5.400000095367432,5.406667232513428,5.366666793823242,5.383333206176758,4.919097900390625,418800
2005-08-04,5.383333206176758,5.383333206176758,5.260000228881836,5.269999980926514,4.815536975860596,500400
2005-08-05,5.256667137145996,5.283332824707031,5.233333110809326,5.25333309173584,4.800308704376221,341100
2005-08-08,5.243332862854004,5.263332843780518,5.179999828338623,5.190000057220459,4.742435932159424,512100
2005-08-09,5.199999809265137,5.243332862854004,5.190000057220459,5.216667175292969,4.766803741455078,297300
2005-08-10,5.24666690826416,5.289999961853027,5.1666669845581055,5.183332920074463,4.736343860626221,350400
2005-08-11,5.183332920074463,5.25333309173584,5.170000076293945,5.236667156219482,4.785077095031738,202500
2005-08-12,5.216667175292969,5.216667175292969,5.150000095367432,5.176667213439941,4.730252265930176,167400
2005-08-15,5.1666669845581055,5.293333053588867,5.1666669845581055,5.269999980926514,4.815536975860596,231600
2005-08-16,5.236667156219482,5.236667156219482,5.1533331871032715,5.1666669845581055,4.7211151123046875,183300
2005-08-17,5.203332901000977,5.233333110809326,5.183332920074463,5.210000038146973,4.760709285736084,162300
2005-08-18,5.190000057220459,5.230000019073486,5.1533331871032715,5.203332901000977,4.754618167877197,287400
2005-08-19,5.216667175292969,5.22333288192749,5.190000057220459,5.203332901000977,4.754618167877197,186300
2005-08-22,5.260000228881836,5.2866668701171875,5.210000038146973,5.260000228881836,4.806399822235107,208800
2005-08-23,5.28000020980835,5.283332824707031,5.2133331298828125,5.256667137145996,4.803353786468506,180300
2005-08-24,5.210000038146973,5.296667098999023,5.203332901000977,5.206666946411133,4.757664680480957,104100
2005-08-25,5.206666946411133,5.260000228881836,5.206666946411133,5.24666690826416,4.794216156005859,86400
2005-08-26,5.24666690826416,5.24666690826416,5.176667213439941,5.186666965484619,4.739390850067139,251400
2005-08-29,5.173333168029785,5.27666711807251,5.173333168029785,5.27666711807251,4.821629047393799,78900
2005-08-30,5.256667137145996,5.263332843780518,5.199999809265137,5.25,4.797262668609619,136200
2005-08-31,5.256667137145996,5.326666831970215,5.236667156219482,5.320000171661377,4.861225605010986,171600
2005-09-01,5.293333053588867,5.313333034515381,5.24666690826416,5.24666690826416,4.794216156005859,111900
2005-09-02,5.256667137145996,5.266666889190674,5.2266669273376465,5.233333110809326,4.7820305824279785,120900
2005-09-06,5.25,5.3333330154418945,5.25,5.326666831970215,4.867317199707031,78900
2005-09-07,5.326666831970215,5.326666831970215,5.260000228881836,5.323332786560059,4.864269733428955,72000
2005-09-08,5.323332786560059,5.389999866485596,5.316667079925537,5.363333225250244,4.900820732116699,127800
2005-09-09,5.3933329582214355,5.400000095367432,5.336667060852051,5.389999866485596,4.925188064575195,111300
2005-09-12,5.383333206176758,5.406667232513428,5.366666793823242,5.380000114440918,4.916049480438232,105600
2005-09-13,5.386666774749756,5.443333148956299,5.369999885559082,5.400000095367432,4.934325218200684,195600
2005-09-14,5.433332920074463,5.433332920074463,5.353332996368408,5.3566670417785645,4.894731521606445,49800
2005-09-15,5.369999885559082,5.373332977294922,5.293333053588867,5.306666851043701,4.8490424156188965,190500
2005-09-16,5.316667079925537,5.326666831970215,5.266666889190674,5.309999942779541,4.852087497711182,208200
2005-09-19,5.300000190734863,5.306666851043701,5.233333110809326,5.263332843780518,4.809444904327393,111000
2005-09-20,5.266666889190674,5.309999942779541,5.22333288192749,5.233333110809326,4.7820305824279785,64500
2005-09-21,5.183332920074463,5.183332920074463,5.099999904632568,5.123332977294922,4.681517124176025,342600
2005-09-22,5.0833330154418945,5.139999866485596,5.050000190734863,5.116666793823242,4.675426959991455,175200
2005-09-23,5.073332786560059,5.170000076293945,5.073332786560059,5.163332939147949,4.718067169189453,90600
2005-09-26,5.159999847412109,5.210000038146973,5.156667232513428,5.183332920074463,4.736343860626221,39600
2005-09-27,5.159999847412109,5.163332939147949,5.0833330154418945,5.130000114440918,4.687610149383545,48000
2005-09-28,5.139999866485596,5.170000076293945,5.086667060852051,5.139999866485596,4.696746826171875,82500
2005-09-29,5.116666793823242,5.243332862854004,5.113333225250244,5.243332862854004,4.791168212890625,132900
2005-09-30,5.25333309173584,5.360000133514404,5.25333309173584,5.3333330154418945,4.87340784072876,126000
2005-10-03,5.343332767486572,5.429999828338623,5.343332767486572,5.396667003631592,4.931279182434082,192900
2005-10-04,5.426667213439941,5.426667213439941,5.300000190734863,5.300000190734863,4.842950344085693,99600
2005-10-05,5.283332824707031,5.293333053588867,5.186666965484619,5.190000057220459,4.742435932159424,109800
2005-10-06,5.1666669845581055,5.176667213439941,5.053332805633545,5.1066670417785645,4.666289329528809,228000
2005-10-07,5.133333206176758,5.156667232513428,5.130000114440918,5.1533331871032715,4.708930492401123,101700
2005-10-10,5.133333206176758,5.133333206176758,5.019999980926514,5.0233330726623535,4.590141773223877,81600
2005-10-11,5.033332824707031,5.033332824707031,4.900000095367432,4.909999847412109,4.486583709716797,182400
2005-10-12,4.900000095367432,4.9166669845581055,4.836667060852051,4.880000114440918,4.459168434143066,324600
2005-10-13,4.883333206176758,5.0,4.860000133514404,4.986667156219482,4.556636333465576,156000
2005-10-14,5.013332843780518,5.03000020980835,4.953332901000977,5.0,4.568820953369141,64500
2005-10-17,5.0,5.033332824707031,4.97333288192749,5.00333309173584,4.571866035461426,113100
2005-10-18,4.9766669273376465,5.006667137145996,4.960000038146973,4.9766669273376465,4.5475006103515625,49500
2005-10-19,4.866666793823242,5.006667137145996,4.820000171661377,5.006667137145996,4.5749125480651855,189300
2005-10-20,5.053332805633545,5.090000152587891,4.983333110809326,5.006667137145996,4.5749125480651855,73200
2005-10-21,5.03000020980835,5.079999923706055,5.016666889190674,5.0366668701171875,4.602324962615967,56100
2005-10-24,5.050000190734863,5.0833330154418945,5.019999980926514,5.079999923706055,4.641923904418945,81300
2005-10-25,5.056666851043701,5.0833330154418945,5.0,5.0233330726623535,4.590141773223877,132900
2005-10-26,5.00333309173584,5.063333034515381,5.00333309173584,5.00333309173584,4.571866035461426,192300
2005-10-27,4.956666946411133,4.956666946411133,4.849999904632568,4.853332996368408,4.434800624847412,125700
2005-10-28,4.809999942779541,4.896667003631592,4.756667137145996,4.896667003631592,4.474398612976074,130500
2005-10-31,4.929999828338623,5.033332824707031,4.929999828338623,5.013332843780518,4.581005096435547,95100
2005-11-01,4.986667156219482,4.986667156219482,4.940000057220459,4.953332901000977,4.526177883148193,36900
2005-11-02,4.960000038146973,5.130000114440918,4.960000038146973,5.130000114440918,4.687610149383545,72300
2005-11-03,5.2133331298828125,5.24666690826416,5.186666965484619,5.2266669273376465,4.775940895080566,85500
2005-11-04,5.239999771118164,5.25,5.176667213439941,5.199999809265137,4.751572608947754,50400
2005-11-07,5.2266669273376465,5.300000190734863,5.210000038146973,5.2866668701171875,4.8307671546936035,105000
2005-11-08,5.25,5.2866668701171875,5.2266669273376465,5.25,4.797262668609619,123900
2005-11-09,5.256667137145996,5.283332824707031,5.190000057220459,5.266666889190674,4.812492370605469,109800
2005-11-10,5.296667098999023,5.329999923706055,5.233333110809326,5.323332786560059,4.864269733428955,212400
2005-11-11,5.320000171661377,5.360000133514404,5.296667098999023,5.316667079925537,4.858178615570068,292200
2005-11-14,5.300000190734863,5.366666793823242,5.300000190734863,5.3566670417785645,4.894731521606445,186600
2005-11-15,5.360000133514404,5.4033331871032715,5.309999942779541,5.326666831970215,4.867317199707031,72300
2005-11-16,5.303332805633545,5.309999942779541,5.28000020980835,5.293333053588867,4.83685827255249,105900
2005-11-17,5.2866668701171875,5.380000114440918,5.2866668701171875,5.366666793823242,4.903869152069092,86700
2005-11-18,5.433332920074463,5.510000228881836,5.433332920074463,5.49666690826416,5.022656440734863,223800
2005-11-21,5.49666690826416,5.533332824707031,5.466667175292969,5.5233330726623535,5.047023296356201,87300
2005-11-22,5.50333309173584,5.623332977294922,5.50333309173584,5.586667060852051,5.104895114898682,130500
2005-11-23,5.603332996368408,5.646667003631592,5.5833330154418945,5.5833330154418945,5.1018500328063965,98100
2005-11-25,5.586667060852051,5.650000095367432,5.586667060852051,5.639999866485596,5.153631210327148,45000
2005-11-28,5.650000095367432,5.656667232513428,5.533332824707031,5.533332824707031,5.056161403656006,166500
2005-11-29,5.546667098999023,5.5966668128967285,5.506667137145996,5.519999980926514,5.043979167938232,118500
2005-11-30,5.516666889190674,5.636666774749756,5.516666889190674,5.590000152587891,5.107942581176758,123300
2005-12-01,5.646667003631592,5.803332805633545,5.6433329582214355,5.766666889190674,5.269372940063477,273000
2005-12-02,5.809999942779541,5.8466668128967285,5.783332824707031,5.800000190734863,5.299832820892334,405000
2005-12-05,5.793333053588867,5.793333053588867,5.683332920074463,5.699999809265137,5.208454608917236,388800
2005-12-06,5.75,5.829999923706055,5.730000019073486,5.739999771118164,5.2450056076049805,212400
2005-12-07,5.733333110809326,5.739999771118164,5.656667232513428,5.676667213439941,5.187134742736816,228600
2005-12-08,5.710000038146973,5.72333288192749,5.543333053588867,5.5966668128967285,5.114031791687012,265800
2005-12-09,5.590000152587891,5.683332920074463,5.559999942779541,5.673333168029785,5.184087753295898,580200
2005-12-12,5.683332920074463,5.739999771118164,5.6533331871032715,5.683332920074463,5.193225383758545,219600
2005-12-13,5.6666669845581055,5.769999980926514,5.6666669845581055,5.733333110809326,5.238913536071777,212100
2005-12-14,5.766666889190674,5.77666711807251,5.6666669845581055,5.706666946411133,5.214548110961914,273300
2005-12-15,5.72333288192749,5.72333288192749,5.630000114440918,5.650000095367432,5.1627678871154785,137100
2005-12-16,5.6533331871032715,5.6533331871032715,5.599999904632568,5.619999885559082,5.135354995727539,48000
2005-12-19,5.566667079925537,5.590000152587891,5.47333288192749,5.47333288192749,5.001336574554443,207300
2005-12-20,5.46999979019165,5.553332805633545,5.440000057220459,5.486667156219482,5.013519763946533,201300
2005-12-21,5.550000190734863,5.579999923706055,5.519999980926514,5.533332824707031,5.056161403656006,53700
2005-12-22,5.566667079925537,5.623332977294922,5.553332805633545,5.6066670417785645,5.123170852661133,62700
2005-12-23,5.610000133514404,5.6666669845581055,5.610000133514404,5.630000114440918,5.144493103027344,34500
2005-12-27,5.633333206176758,5.6666669845581055,5.539999961853027,5.539999961853027,5.062252998352051,75300
2005-12-28,5.533332824707031,5.5833330154418945,5.516666889190674,5.573332786560059,5.092710018157959,96000
2005-12-29,5.553332805633545,5.579999923706055,5.519999980926514,5.5233330726623535,5.047023296356201,51300
2005-12-30,5.466667175292969,5.5,5.436666965484619,5.4766669273376465,5.00438117980957,249300
2006-01-03,5.539999961853027,5.679999828338623,5.460000038146973,5.6433329582214355,5.156676292419434,168300
2006-01-04,5.7133331298828125,5.77666711807251,5.6666669845581055,5.756667137145996,5.26023530960083,252300
2006-01-05,5.800000190734863,5.900000095367432,5.800000190734863,5.8933329582214355,5.385114669799805,238500
2006-01-06,5.966667175292969,6.006667137145996,5.880000114440918,5.983333110809326,5.467355728149414,253800
2006-01-09,6.050000190734863,6.0833330154418945,5.989999771118164,6.053332805633545,5.531317234039307,625200
2006-01-10,6.043333053588867,6.090000152587891,6.00333309173584,6.086667060852051,5.561778545379639,211200
2006-01-11,6.133333206176758,6.2133331298828125,6.0966668128967285,6.203332901000977,5.668383598327637,234900
2006-01-12,6.203332901000977,6.233333110809326,6.1066670417785645,6.126667022705078,5.598327159881592,393600
2006-01-13,6.139999866485596,6.139999866485596,6.016666889190674,6.086667060852051,5.561778545379639,639300
2006-01-17,6.050000190734863,6.050000190734863,5.953332901000977,6.0,5.482583999633789,502200
2006-01-18,5.816667079925537,5.99666690826416,5.816667079925537,5.97333288192749,5.458216667175293,375000
2006-01-19,6.0,6.236667156219482,6.0,6.216667175292969,5.680567741394043,358200
2006-01-20,6.216667175292969,6.216667175292969,5.9766669273376465,6.0,5.482583999633789,408300
2006-01-23,5.949999809265137,6.050000190734863,5.949999809265137,5.99666690826416,5.47953987121582,260100
2006-01-24,6.063333034515381,6.139999866485596,6.053332805633545,6.116666793823242,5.589191436767578,228000
2006-01-25,6.173333168029785,6.179999828338623,6.0833330154418945,6.133333206176758,5.604418754577637,160800
2006-01-26,6.203332901000977,6.3566670417785645,6.203332901000977,6.340000152587891,5.793265342712402,611700
2006-01-27,6.466667175292969,6.52666711807251,6.3933329582214355,6.4166669845581055,5.8633198738098145,752100
2006-01-30,6.433332920074463,6.489999771118164,6.406667232513428,6.456666946411133,5.899871349334717,671400
2006-01-31,6.466667175292969,6.466667175292969,6.3933329582214355,6.420000076293945,5.8663649559021,102300
2006-02-01,6.426667213439941,6.5366668701171875,6.380000114440918,6.5366668701171875,5.972970962524414,595200
2006-02-02,6.579999923706055,6.616666793823242,6.4166669845581055,6.483333110809326,5.9242377281188965,240900
2006-02-03,6.426667213439941,6.446667194366455,6.3566670417785645,6.376667022705078,5.826768398284912,782700
2006-02-06,6.386666774749756,6.519999980926514,6.386666774749756,6.519999980926514,5.957740783691406,599400
2006-02-07,6.50333309173584,6.516666889190674,6.389999866485596,6.443333148956299,5.8876872062683105,423600
2006-02-08,6.406667232513428,6.559999942779541,6.406667232513428,6.559999942779541,5.994293689727783,422100
2006-02-09,6.570000171661377,6.659999847412109,6.489999771118164,6.516666889190674,5.954696178436279,1653900
2006-02-10,6.466667175292969,6.5,6.3333330154418945,6.4633331298828125,5.9059624671936035,664200
2006-02-13,6.466667175292969,6.5,6.360000133514404,6.383333206176758,5.83286190032959,351600
2006-02-14,6.3566670417785645,6.460000038146973,6.326666831970215,6.443333148956299,5.8876872062683105,374100
2006-02-15,6.443333148956299,6.47333288192749,6.400000095367432,6.466667175292969,5.909007549285889,79800
2006-02-16,6.516666889190674,6.550000190734863,6.47333288192749,6.539999961853027,5.976017475128174,402900
2006-02-17,6.573332786560059,6.573332786560059,6.47333288192749,6.489999771118164,5.930328845977783,429300
2006-02-21,6.489999771118164,6.489999771118164,6.3466668128967285,6.366666793823242,5.817630767822266,301800
2006-02-22,6.343332767486572,6.456666946411133,6.28000020980835,6.420000076293945,5.8663649559021,406500
2006-02-23,6.400000095367432,6.426667213439941,6.336667060852051,6.340000152587891,5.793265342712402,188100
2006-02-24,6.349999904632568,6.3933329582214355,6.313333034515381,6.369999885559082,5.820676326751709,225600
2006-02-27,6.396667003631592,6.449999809265137,6.383333206176758,6.429999828338623,5.8755035400390625,240000
2006-02-28,6.4033331871032715,6.46999979019165,6.363333225250244,6.369999885559082,5.820676326751709,180600
2006-03-01,6.4166669845581055,6.639999866485596,6.4033331871032715,6.616666793823242,6.046072483062744,732900
2006-03-02,6.586667060852051,6.769999980926514,6.510000228881836,6.586667060852051,6.018657684326172,397200
2006-03-03,6.516666889190674,6.623332977294922,6.506667137145996,6.513332843780518,5.951650142669678,319800
2006-03-06,6.50333309173584,6.533332824707031,6.3933329582214355,6.429999828338623,5.8755035400390625,262500
2006-03-07,6.353332996368408,6.386666774749756,6.25,6.296667098999023,5.753668308258057,303000
2006-03-08,6.303332805633545,6.336667060852051,6.183332920074463,6.289999961853027,5.747578144073486,368700
2006-03-09,6.316667079925537,6.396667003631592,6.21999979019165,6.230000019073486,5.692750930786133,147000
2006-03-10,6.22333288192749,6.309999942779541,6.193333148956299,6.216667175292969,5.680567741394043,104400
2006-03-13,6.296667098999023,6.313333034515381,6.210000038146973,6.22333288192749,5.686657428741455,587100
2006-03-14,6.183332920074463,6.360000133514404,6.179999828338623,6.3466668128967285,5.799356937408447,622200
2006-03-15,6.336667060852051,6.433332920074463,6.336667060852051,6.429999828338623,5.8755035400390625,591300
2006-03-16,6.446667194366455,6.446667194366455,6.216667175292969,6.216667175292969,5.680567741394043,957300
2006-03-17,6.216667175292969,6.266666889190674,6.126667022705078,6.2133331298828125,5.677518844604492,246900
2006-03-20,6.2133331298828125,6.283332824707031,6.159999847412109,6.239999771118164,5.701887130737305,330000
2006-03-21,6.199999809265137,6.400000095367432,6.199999809265137,6.239999771118164,5.701887130737305,350400
2006-03-22,6.216667175292969,6.283332824707031,6.170000076293945,6.260000228881836,5.720163822174072,680400
2006-03-23,6.25333309173584,6.3566670417785645,6.25333309173584,6.340000152587891,5.793265342712402,170400
2006-03-24,6.380000114440918,6.433332920074463,6.3333330154418945,6.429999828338623,5.8755035400390625,305100
2006-03-27,6.480000019073486,6.5,6.453332901000977,6.453332901000977,5.896824836730957,487800
2006-03-28,6.460000038146973,6.480000019073486,6.329999923706055,6.3566670417785645,5.8084940910339355,734100
2006-03-29,6.406667232513428,6.553332805633545,6.389999866485596,6.533332824707031,5.969924449920654,516600
2006-03-30,6.570000171661377,6.630000114440918,6.506667137145996,6.556666851043701,5.991247177124023,199200
2006-03-31,6.533332824707031,6.610000133514404,6.510000228881836,6.533332824707031,5.969924449920654,156600
2006-04-03,6.533332824707031,6.696667194366455,6.533332824707031,6.619999885559082,6.0491180419921875,630300
2006-04-04,6.663332939147949,6.663332939147949,6.5833330154418945,6.613333225250244,6.043027877807617,375000
2006-04-05,6.633333206176758,6.760000228881836,6.623332977294922,6.75333309173584,6.170953750610352,620100
2006-04-06,6.7733330726623535,6.813333034515381,6.71999979019165,6.800000190734863,6.213596820831299,261900
2006-04-07,6.8333330154418945,6.873332977294922,6.673333168029785,6.693333148956299,6.116127014160156,363000
2006-04-10,6.690000057220459,6.690000057220459,6.563333034515381,6.599999904632568,6.0308427810668945,438300
2006-04-11,6.590000152587891,6.636666774749756,6.46999979019165,6.5233330726623535,5.960788726806641,243000
2006-04-12,6.493332862854004,6.5966668128967285,6.493332862854004,6.563333034515381,5.99733829498291,146100
2006-04-13,6.546667098999023,6.646667003631592,6.52666711807251,6.613333225250244,6.043027877807617,112800
2006-04-17,6.590000152587891,6.6533331871032715,6.460000038146973,6.5366668701171875,5.972970962524414,188100
2006-04-18,6.543333053588867,6.78000020980835,6.543333053588867,6.769999980926514,6.186183929443359,165600
2006-04-19,6.840000152587891,6.9166669845581055,6.766666889190674,6.913332939147949,6.3171563148498535,204000
2006-04-20,6.836667060852051,6.896667003631592,6.760000228881836,6.813333034515381,6.225778102874756,171600
2006-04-21,6.8466668128967285,6.8466668128967285,6.650000095367432,6.693333148956299,6.116127014160156,458100
2006-04-24,6.6533331871032715,6.703332901000977,6.599999904632568,6.699999809265137,6.122218132019043,129600
2006-04-25,6.75,6.806666851043701,6.7133331298828125,6.806666851043701,6.219687461853027,118200
2006-04-26,6.849999904632568,6.849999904632568,6.663332939147949,6.699999809265137,6.122218132019043,390600
2006-04-27,6.743332862854004,6.866666793823242,6.613333225250244,6.793333053588867,6.207503795623779,228900
2006-04-28,6.7266669273376465,6.816667079925537,6.699999809265137,6.72333288192749,6.14354133605957,213600
2006-05-01,6.760000228881836,6.783332824707031,6.683332920074463,6.690000057220459,6.113080978393555,105900
2006-05-02,6.766666889190674,6.766666889190674,6.693333148956299,6.710000038146973,6.131357669830322,264900
2006-05-03,6.703332901000977,6.866666793823242,6.703332901000977,6.863333225250244,6.271468639373779,231900
2006-05-04,6.909999847412109,6.99666690826416,6.906667232513428,6.97333288192749,6.371981143951416,379500
2006-05-05,6.980000019073486,7.0,6.896667003631592,6.956666946411133,6.356752872467041,208200
2006-05-08,6.9166669845581055,6.989999771118164,6.9033331871032715,6.923333168029785,6.326292991638184,125400
2006-05-09,6.913332939147949,6.913332939147949,6.826666831970215,6.860000133514404,6.268421649932861,132900
2006-05-10,6.8466668128967285,6.8466668128967285,6.699999809265137,6.699999809265137,6.122218132019043,604800
2006-05-11,6.656667232513428,6.6666669845581055,6.449999809265137,6.466667175292969,5.909007549285889,1106100
2006-05-12,6.386666774749756,6.46999979019165,6.369999885559082,6.376667022705078,5.826768398284912,1319400
2006-05-15,6.383333206176758,6.4033331871032715,6.196667194366455,6.300000190734863,5.756712436676025,923400
2006-05-16,6.266666889190674,6.369999885559082,6.2266669273376465,6.263332843780518,5.723209857940674,562500
2006-05-17,6.269999980926514,6.283332824707031,6.0966668128967285,6.123332977294922,5.595283031463623,496200
2006-05-18,6.173333168029785,6.2266669273376465,6.016666889190674,6.02666711807251,5.50695276260376,401400
2006-05-19,6.0833330154418945,6.170000076293945,6.0233330726623535,6.1433329582214355,5.613557815551758,271500
2006-05-22,6.033332824707031,6.076666831970215,5.8933329582214355,5.980000019073486,5.464310646057129,762000
2006-05-23,6.133333206176758,6.139999866485596,5.900000095367432,5.900000095367432,5.391209125518799,288000
2006-05-24,5.849999904632568,6.033332824707031,5.78000020980835,5.923333168029785,5.412529945373535,988800
2006-05-25,5.966667175292969,5.989999771118164,5.906667232513428,5.966667175292969,5.4521260261535645,295200
2006-05-26,5.99666690826416,6.02666711807251,5.953332901000977,5.993332862854004,5.476493835449219,366600
2006-05-30,5.933332920074463,5.97333288192749,5.853332996368408,5.853332996368408,5.348565101623535,441000
2006-05-31,5.909999847412109,5.99666690826416,5.886666774749756,5.986667156219482,5.470400810241699,259800
2006-06-01,5.989999771118164,6.1666669845581055,5.986667156219482,6.1666669845581055,5.6348795890808105,333000
2006-06-02,6.233333110809326,6.233333110809326,6.079999923706055,6.126667022705078,5.598327159881592,201300
2006-06-05,6.126667022705078,6.130000114440918,5.909999847412109,5.920000076293945,5.409483909606934,161400
2006-06-06,5.929999828338623,5.929999828338623,5.8333330154418945,5.883333206176758,5.375979423522949,444600
2006-06-07,5.866666793823242,5.9033331871032715,5.563333034515381,5.74666690826416,5.251097679138184,971100
2006-06-08,5.673333168029785,5.730000019073486,5.516666889190674,5.683332920074463,5.193225383758545,790500
2006-06-09,5.690000057220459,5.823332786560059,5.6533331871032715,5.676667213439941,5.187134742736816,454200
2006-06-12,5.650000095367432,5.683332920074463,5.466667175292969,5.480000019073486,5.00742769241333,288300
2006-06-13,5.443333148956299,5.599999904632568,5.426667213439941,5.446667194366455,4.976969242095947,321600
2006-06-14,5.5,5.576666831970215,5.46999979019165,5.5366668701171875,5.059208393096924,205800
2006-06-15,5.5833330154418945,5.809999942779541,5.5833330154418945,5.7866668701171875,5.287647724151611,181200
2006-06-16,5.71999979019165,5.736667156219482,5.626667022705078,5.656667232513428,5.168859004974365,326100
2006-06-19,5.670000076293945,5.706666946411133,5.5966668128967285,5.5966668128967285,5.114031791687012,364800
2006-06-20,5.586667060852051,5.656667232513428,5.546667098999023,5.5966668128967285,5.114031791687012,161400
2006-06-21,5.590000152587891,5.7733330726623535,5.590000152587891,5.730000019073486,5.23586893081665,695100
2006-06-22,5.656667232513428,5.710000038146973,5.579999923706055,5.613333225250244,5.129261016845703,315600
2006-06-23,5.563333034515381,5.616666793823242,5.506667137145996,5.563333034515381,5.083575248718262,177600
2006-06-26,5.599999904632568,5.6433329582214355,5.566667079925537,5.619999885559082,5.135354995727539,77700
2006-06-27,5.599999904632568,5.619999885559082,5.4633331298828125,5.47333288192749,5.001336574554443,360900
2006-06-28,5.446667194366455,5.486667156219482,5.383333206176758,5.480000019073486,5.00742769241333,201900
2006-06-29,5.493332862854004,5.74666690826416,5.493332862854004,5.736667156219482,5.241960525512695,485700
2006-06-30,5.77666711807251,5.7866668701171875,5.696667194366455,5.763332843780518,5.266327381134033,193800
2006-07-03,5.78000020980835,5.8333330154418945,5.760000228881836,5.806666851043701,5.305923938751221,192000
2006-07-05,5.72333288192749,5.7266669273376465,5.610000133514404,5.630000114440918,5.144493103027344,113400
2006-07-06,5.636666774749756,5.696667194366455,5.586667060852051,5.610000133514404,5.126215934753418,109200
2006-07-07,5.533332824707031,5.546667098999023,5.47333288192749,5.493332862854004,5.019609451293945,184200
2006-07-10,5.53000020980835,5.556666851043701,5.343332767486572,5.386666774749756,4.922144412994385,319500
2006-07-11,5.363333225250244,5.553332805633545,5.349999904632568,5.5366668701171875,5.059208393096924,432900
2006-07-12,5.5366668701171875,5.543333053588867,5.363333225250244,5.369999885559082,4.906913757324219,157200
2006-07-13,5.243332862854004,5.420000076293945,5.216667175292969,5.256667137145996,4.803353786468506,544500
2006-07-14,5.239999771118164,5.289999961853027,5.179999828338623,5.25,4.797262668609619,357600
2006-07-17,5.256667137145996,5.303332805633545,5.206666946411133,5.2266669273376465,4.775940895080566,130200
2006-07-18,5.236667156219482,5.28000020980835,5.063333034515381,5.196667194366455,4.748529434204102,279000
2006-07-19,5.2133331298828125,5.400000095367432,5.2133331298828125,5.360000133514404,4.897775173187256,402300
2006-07-20,5.396667003631592,5.409999847412109,5.163332939147949,5.1666669845581055,4.7211151123046875,275700
2006-07-21,5.006667137145996,5.0233330726623535,4.9033331871032715,4.9166669845581055,4.492674827575684,327900
2006-07-24,5.0,5.126667022705078,5.0,5.090000152587891,4.651059627532959,299400
2006-07-25,5.133333206176758,5.186666965484619,5.0966668128967285,5.156667232513428,4.711977958679199,341100
2006-07-26,5.073332786560059,5.193333148956299,5.050000190734863,5.1433329582214355,4.699793815612793,195900
2006-07-27,5.216667175292969,5.25,5.119999885559082,5.123332977294922,4.681517124176025,255300
2006-07-28,5.173333168029785,5.3333330154418945,5.173333168029785,5.329999923706055,4.870363235473633,474300
2006-07-31,5.313333034515381,5.380000114440918,5.289999961853027,5.366666793823242,4.903869152069092,250200
2006-08-01,5.309999942779541,5.309999942779541,5.199999809265137,5.236667156219482,4.785077095031738,138900
2006-08-02,5.28000020980835,5.323332786560059,5.243332862854004,5.266666889190674,4.812492370605469,289800
2006-08-03,5.210000038146973,5.3933329582214355,5.210000038146973,5.360000133514404,4.897775173187256,211800
2006-08-04,5.433332920074463,5.460000038146973,5.2266669273376465,5.283332824707031,4.827719211578369,217800
2006-08-07,5.22333288192749,5.2866668701171875,5.22333288192749,5.24666690826416,4.794216156005859,84300
2006-08-08,5.233333110809326,5.340000152587891,5.2266669273376465,5.256667137145996,4.803353786468506,109200
2006-08-09,5.383333206176758,5.383333206176758,5.216667175292969,5.216667175292969,4.766803741455078,162600
2006-08-10,5.179999828338623,5.296667098999023,5.176667213439941,5.293333053588867,4.83685827255249,277200
2006-08-11,5.190000057220459,5.193333148956299,5.073332786560059,5.113333225250244,4.672379970550537,170400
2006-08-14,5.1533331871032715,5.243332862854004,5.133333206176758,5.163332939147949,4.718067169189453,173400
2006-08-15,5.24666690826416,5.376667022705078,5.24666690826416,5.373332977294922,4.909958839416504,217500
2006-08-16,5.436666965484619,5.573332786560059,5.380000114440918,5.543333053588867,5.065299987792969,578400
2006-08-17,5.53000020980835,5.626667022705078,5.510000228881836,5.5233330726623535,5.047023296356201,516600
2006-08-18,5.506667137145996,5.553332805633545,5.420000076293945,5.546667098999023,5.0683465003967285,234000
2006-08-21,5.4633331298828125,5.4633331298828125,5.380000114440918,5.4033331871032715,4.937372207641602,636600
2006-08-22,5.389999866485596,5.506667137145996,5.389999866485596,5.413332939147949,4.946507930755615,425400
2006-08-23,5.446667194366455,5.49666690826416,5.349999904632568,5.360000133514404,4.897775173187256,189000
2006-08-24,5.396667003631592,5.423333168029785,5.3466668128967285,5.409999847412109,4.943464279174805,138000
2006-08-25,5.389999866485596,5.486667156219482,5.389999866485596,5.406667232513428,4.940417766571045,70200
2006-08-28,5.406667232513428,5.50333309173584,5.406667232513428,5.489999771118164,5.016564846038818,200400
2006-08-29,5.516666889190674,5.559999942779541,5.446667194366455,5.553332805633545,5.074435234069824,131400
2006-08-30,5.556666851043701,5.676667213439941,5.556666851043701,5.676667213439941,5.187134742736816,288000
2006-08-31,5.686666965484619,5.693333148956299,5.616666793823242,5.633333206176758,5.1475396156311035,121200
2006-09-01,5.676667213439941,5.676667213439941,5.553332805633545,5.570000171661377,5.089664936065674,156300
2006-09-05,5.566667079925537,5.673333168029785,5.5366668701171875,5.670000076293945,5.181041240692139,124800
2006-09-06,5.603332996368408,5.603332996368408,5.483333110809326,5.489999771118164,5.016564846038818,204000
2006-09-07,5.443333148956299,5.516666889190674,5.386666774749756,5.440000057220459,4.970876693725586,186000
2006-09-08,5.433332920074463,5.4766669273376465,5.4166669845581055,5.460000038146973,4.989151477813721,115200
2006-09-11,5.460000038146973,5.613333225250244,5.460000038146973,5.573332786560059,5.092710018157959,136800
2006-09-12,5.630000114440918,5.803332805633545,5.626667022705078,5.78000020980835,5.281557083129883,154800
2006-09-13,5.783332824707031,5.809999942779541,5.7133331298828125,5.760000228881836,5.263281345367432,346200
2006-09-14,5.739999771118164,5.803332805633545,5.706666946411133,5.7733330726623535,5.275464057922363,163800
2006-09-15,5.829999923706055,5.876667022705078,5.739999771118164,5.769999980926514,5.272420883178711,209100
2006-09-18,5.763332843780518,5.926667213439941,5.763332843780518,5.860000133514404,5.35465669631958,308400
2006-09-19,5.8333330154418945,5.8333330154418945,5.696667194366455,5.763332843780518,5.266327381134033,492300
2006-09-20,5.809999942779541,5.8566670417785645,5.806666851043701,5.8333330154418945,5.330290794372559,191400
2006-09-21,5.860000133514404,5.860000133514404,5.706666946411133,5.706666946411133,5.214548110961914,234600
2006-09-22,5.679999828338623,5.706666946411133,5.619999885559082,5.636666774749756,5.150583267211914,152400
2006-09-25,5.6666669845581055,5.796667098999023,5.619999885559082,5.78000020980835,5.281557083129883,247800
2006-09-26,5.743332862854004,5.816667079925537,5.699999809265137,5.766666889190674,5.269372940063477,130800
2006-09-27,5.766666889190674,5.836667060852051,5.7266669273376465,5.763332843780518,5.266327381134033,134100
2006-09-28,5.75,5.783332824707031,5.7133331298828125,5.760000228881836,5.263281345367432,478200
2006-09-29,5.74666690826416,5.763332843780518,5.690000057220459,5.703332901000977,5.211502552032471,91200
2006-10-02,5.683332920074463,5.743332862854004,5.639999866485596,5.6433329582214355,5.156676292419434,125400
2006-10-03,5.566667079925537,5.639999866485596,5.543333053588867,5.599999904632568,5.117079734802246,255000
2006-10-04,5.5966668128967285,5.75333309173584,5.5966668128967285,5.75,5.254143238067627,125700
2006-10-05,5.75,5.763332843780518,5.706666946411133,5.763332843780518,5.266327381134033,139800
2006-10-06,5.6433329582214355,5.736667156219482,5.623332977294922,5.693333148956299,5.20236349105835,148800
2006-10-09,5.683332920074463,5.836667060852051,5.683332920074463,5.7866668701171875,5.287647724151611,249900
2006-10-10,5.813333034515381,5.820000171661377,5.74666690826416,5.793333053588867,5.293740272521973,95100
2006-10-11,5.766666889190674,5.880000114440918,5.743332862854004,5.8333330154418945,5.330290794372559,142200
2006-10-12,5.863333225250244,5.9033331871032715,5.809999942779541,5.9033331871032715,5.394252777099609,115800
2006-10-13,5.8566670417785645,5.99666690826416,5.8566670417785645,5.986667156219482,5.470400810241699,223200
2006-10-16,5.993332862854004,6.059999942779541,5.993332862854004,6.046667098999023,5.525228023529053,157200
2006-10-17,5.986667156219482,5.986667156219482,5.883333206176758,5.946667194366455,5.433850288391113,196800
2006-10-18,5.9166669845581055,5.9166669845581055,5.739999771118164,5.766666889190674,5.269372940063477,499500
2006-10-19,5.733333110809326,5.816667079925537,5.679999828338623,5.783332824707031,5.284600734710693,103800
2006-10-20,5.733333110809326,5.739999771118164,5.699999809265137,5.716667175292969,5.223686218261719,81300
2006-10-23,5.679999828338623,5.78000020980835,5.679999828338623,5.733333110809326,5.238913536071777,232800
2006-10-24,5.683332920074463,5.743332862854004,5.646667003631592,5.6533331871032715,5.1658124923706055,229200
2006-10-25,5.650000095367432,5.7733330726623535,5.650000095367432,5.756667137145996,5.26023530960083,179700
2006-10-26,5.783332824707031,5.8333330154418945,5.716667175292969,5.829999923706055,5.327245235443115,314100
2006-10-27,5.760000228881836,5.77666711807251,5.626667022705078,5.633333206176758,5.1475396156311035,188700
2006-10-30,5.630000114440918,5.699999809265137,5.630000114440918,5.676667213439941,5.187134742736816,300000
2006-10-31,5.696667194366455,5.716667175292969,5.6533331871032715,5.686666965484619,5.196273326873779,187800
2006-11-01,5.679999828338623,5.683332920074463,5.50333309173584,5.519999980926514,5.043979167938232,409800
2006-11-02,5.486667156219482,5.543333053588867,5.483333110809326,5.516666889190674,5.04093074798584,344100
2006-11-03,5.533332824707031,5.559999942779541,5.46999979019165,5.53000020980835,5.0531158447265625,129000
2006-11-06,5.543333053588867,5.6433329582214355,5.533332824707031,5.633333206176758,5.1475396156311035,136800
2006-11-07,5.6533331871032715,5.769999980926514,5.6533331871032715,5.696667194366455,5.205410957336426,251400
2006-11-08,5.6533331871032715,5.71999979019165,5.626667022705078,5.693333148956299,5.20236349105835,121500
2006-11-09,5.7133331298828125,5.71999979019165,5.570000171661377,5.5833330154418945,5.1018500328063965,200700
2006-11-10,5.593332767486572,5.663332939147949,5.566667079925537,5.663332939147949,5.174950122833252,116400
2006-11-13,5.646667003631592,5.763332843780518,5.646667003631592,5.75,5.254143238067627,141600
2006-11-14,5.800000190734863,5.946667194366455,5.72333288192749,5.946667194366455,5.433850288391113,1696200
2006-11-15,5.9766669273376465,5.99666690826416,5.8933329582214355,5.920000076293945,5.409483909606934,1062600
2006-11-16,5.9033331871032715,5.936666965484619,5.860000133514404,5.913332939147949,5.403390407562256,442200
2006-11-17,5.873332977294922,5.889999866485596,5.8333330154418945,5.853332996368408,5.348565101623535,350400
2006-11-20,5.796667098999023,5.9166669845581055,5.796667098999023,5.913332939147949,5.403390407562256,243000
2006-11-21,5.943333148956299,5.943333148956299,5.853332996368408,5.8933329582214355,5.385114669799805,2639400
2006-11-22,5.906667232513428,5.9766669273376465,5.896667003631592,5.9766669273376465,5.461265563964844,366600
2006-11-24,5.9166669845581055,5.980000019073486,5.913332939147949,5.956666946411133,5.442988872528076,103200
2006-11-27,5.9166669845581055,5.966667175292969,5.77666711807251,5.77666711807251,5.278510093688965,303000
2006-11-28,5.77666711807251,5.789999961853027,5.71999979019165,5.7866668701171875,5.287647724151611,508200
2006-11-29,5.840000152587891,5.840000152587891,5.7266669273376465,5.78000020980835,5.281557083129883,267600
2006-11-30,5.796667098999023,5.886666774749756,5.763332843780518,5.853332996368408,5.348565101623535,193800
2006-12-01,5.869999885559082,5.869999885559082,5.716667175292969,5.796667098999023,5.296787261962891,397500
2006-12-04,5.840000152587891,5.9633331298828125,5.803332805633545,5.923333168029785,5.412529945373535,202200
2006-12-05,5.966667175292969,6.0,5.926667213439941,5.9766669273376465,5.461265563964844,246000
2006-12-06,5.909999847412109,5.983333110809326,5.876667022705078,5.953332901000977,5.43994140625,479400
2006-12-07,6.00333309173584,6.00333309173584,5.873332977294922,5.883333206176758,5.375979423522949,283800
2006-12-08,5.8333330154418945,5.900000095367432,5.789999961853027,5.8566670417785645,5.3516130447387695,277200
2006-12-11,5.8333330154418945,5.913332939147949,5.826666831970215,5.866666793823242,5.360750198364258,294000
2006-12-12,5.800000190734863,5.866666793823242,5.77666711807251,5.820000171661377,5.318108081817627,216000
2006-12-13,5.876667022705078,5.876667022705078,5.77666711807251,5.783332824707031,5.284600734710693,183600
2006-12-14,5.783332824707031,5.900000095367432,5.783332824707031,5.880000114440918,5.372931957244873,193200
2006-12-15,5.929999828338623,5.929999828338623,5.876667022705078,5.896667003631592,5.388161659240723,130800
2006-12-18,5.896667003631592,5.943333148956299,5.820000171661377,5.843332767486572,5.3394269943237305,177000
2006-12-19,5.77666711807251,5.809999942779541,5.739999771118164,5.78000020980835,5.281557083129883,156300
2006-12-20,5.800000190734863,5.863333225250244,5.7733330726623535,5.803332805633545,5.302879333496094,172800
2006-12-21,5.766666889190674,5.803332805633545,5.706666946411133,5.743332862854004,5.248050689697266,133200
2006-12-22,5.71999979019165,5.733333110809326,5.686666965484619,5.690000057220459,5.199316024780273,115800
2006-12-26,5.7133331298828125,5.75,5.7133331298828125,5.74666690826416,5.251097679138184,103500
2006-12-27,5.78000020980835,5.809999942779541,5.766666889190674,5.77666711807251,5.278510093688965,133800
2006-12-28,5.783332824707031,5.803332805633545,5.769999980926514,5.7866668701171875,5.287647724151611,98700
2006-12-29,5.769999980926514,5.826666831970215,5.730000019073486,5.730000019073486,5.23586893081665,106800
2007-01-03,5.783332824707031,5.8566670417785645,5.6533331871032715,5.733333110809326,5.238913536071777,550800
2007-01-04,5.730000019073486,5.8566670417785645,5.696667194366455,5.8566670417785645,5.3516130447387695,187200
2007-01-05,5.7733330726623535,5.7733330726623535,5.686666965484619,5.730000019073486,5.23586893081665,467100
2007-01-08,5.710000038146973,5.800000190734863,5.710000038146973,5.766666889190674,5.269372940063477,238800
2007-01-09,5.74666690826416,5.793333053588867,5.706666946411133,5.766666889190674,5.269372940063477,121800
2007-01-10,5.736667156219482,5.9166669845581055,5.736667156219482,5.900000095367432,5.391209125518799,1020000
2007-01-11,5.943333148956299,6.010000228881836,5.929999828338623,5.9633331298828125,5.449079990386963,1064400
2007-01-12,5.960000038146973,6.00333309173584,5.923333168029785,5.983333110809326,5.467355728149414,332700
2007-01-16,5.986667156219482,5.986667156219482,5.9166669845581055,5.943333148956299,5.430805683135986,241200
2007-01-17,5.923333168029785,5.943333148956299,5.880000114440918,5.900000095367432,5.391209125518799,211800
2007-01-18,5.760000228881836,5.760000228881836,5.610000133514404,5.650000095367432,5.1627678871154785,1379400
2007-01-19,5.613333225250244,5.733333110809326,5.586667060852051,5.676667213439941,5.187134742736816,421200
2007-01-22,5.676667213439941,5.676667213439941,5.603332996368408,5.636666774749756,5.150583267211914,349200
2007-01-23,5.6666669845581055,5.693333148956299,5.619999885559082,5.626667022705078,5.141448497772217,447600
2007-01-24,5.699999809265137,5.766666889190674,5.683332920074463,5.75,5.254143238067627,268800
2007-01-25,5.7866668701171875,5.840000152587891,5.699999809265137,5.710000038146973,5.217591762542725,294900
2007-01-26,5.75333309173584,5.8566670417785645,5.743332862854004,5.829999923706055,5.327245235443115,241200
2007-01-29,5.803332805633545,5.849999904632568,5.769999980926514,5.783332824707031,5.284600734710693,318300
2007-01-30,5.823332786560059,5.823332786560059,5.763332843780518,5.796667098999023,5.296787261962891,135900
2007-01-31,5.783332824707031,5.826666831970215,5.706666946411133,5.816667079925537,5.315061569213867,147600
2007-02-01,5.853332996368408,5.889999866485596,5.809999942779541,5.863333225250244,5.357702732086182,150300
2007-02-02,5.8933329582214355,5.920000076293945,5.853332996368408,5.900000095367432,5.391209125518799,95100
2007-02-05,5.896667003631592,5.953332901000977,5.896667003631592,5.929999828338623,5.418621063232422,137700
2007-02-06,5.943333148956299,5.946667194366455,5.8566670417785645,5.923333168029785,5.412529945373535,150900
2007-02-07,5.949999809265137,6.066667079925537,5.940000057220459,6.033332824707031,5.51304292678833,166200
2007-02-08,6.006667137145996,6.019999980926514,5.9633331298828125,6.0,5.482583999633789,444000
2007-02-09,6.066667079925537,6.070000171661377,5.909999847412109,5.909999847412109,5.4003448486328125,196200
2007-02-12,5.929999828338623,5.929999828338623,5.853332996368408,5.869999885559082,5.363794803619385,162300
2007-02-13,5.9166669845581055,5.966667175292969,5.889999866485596,5.923333168029785,5.412529945373535,135000
2007-02-14,5.966667175292969,6.073332786560059,5.966667175292969,6.043333053588867,5.52217960357666,192600
2007-02-15,6.039999961853027,6.073332786560059,6.0233330726623535,6.070000171661377,5.546547889709473,78000
2007-02-16,6.070000171661377,6.0966668128967285,6.0366668701171875,6.0966668128967285,5.57091760635376,334800
2007-02-20,6.059999942779541,6.123332977294922,6.02666711807251,6.103332996368408,5.577006816864014,156300
2007-02-21,6.059999942779541,6.116666793823242,6.059999942779541,6.113333225250244,5.58614444732666,279600
2007-02-22,6.230000019073486,6.2733330726623535,6.196667194366455,6.269999980926514,5.729302883148193,384600
2007-02-23,6.289999961853027,6.3333330154418945,6.2733330726623535,6.289999961853027,5.747578144073486,189600
2007-02-26,6.336667060852051,6.336667060852051,6.239999771118164,6.283332824707031,5.74148416519165,458700
2007-02-27,6.0833330154418945,6.22333288192749,6.02666711807251,6.033332824707031,5.51304292678833,466500
2007-02-28,6.043333053588867,6.113333225250244,5.980000019073486,6.050000190734863,5.52827262878418,571200
2007-03-01,5.880000114440918,6.053332805633545,5.876667022705078,6.0,5.482583999633789,334800
2007-03-02,5.960000038146973,5.989999771118164,5.869999885559082,5.873332977294922,5.366840839385986,162600
2007-03-05,5.836667060852051,5.933332920074463,5.803332805633545,5.806666851043701,5.305923938751221,267000
2007-03-06,5.920000076293945,6.00333309173584,5.896667003631592,5.986667156219482,5.470400810241699,162600
2007-03-07,5.989999771118164,6.010000228881836,5.9166669845581055,5.960000038146973,5.446033477783203,137400
2007-03-08,6.066667079925537,6.116666793823242,6.0233330726623535,6.063333034515381,5.5404558181762695,317400
2007-03-09,6.1533331871032715,6.159999847412109,6.056666851043701,6.110000133514404,5.583101272583008,249000
2007-03-12,6.119999885559082,6.170000076293945,6.086667060852051,6.150000095367432,5.619650363922119,305400
2007-03-13,6.093332767486572,6.130000114440918,6.006667137145996,6.006667137145996,5.488677024841309,274800
2007-03-14,6.00333309173584,6.019999980926514,5.883333206176758,5.99666690826416,5.47953987121582,502500
2007-03-15,6.0233330726623535,6.02666711807251,5.989999771118164,6.019999980926514,5.500861167907715,176100
2007-03-16,6.033332824707031,6.033332824707031,5.940000057220459,5.97333288192749,5.458216667175293,112200
2007-03-19,6.019999980926514,6.03000020980835,5.949999809265137,5.960000038146973,5.446033477783203,115800
2007-03-20,5.9633331298828125,6.03000020980835,5.946667194366455,6.00333309173584,5.485630512237549,265500
2007-03-21,6.016666889190674,6.1666669845581055,5.99666690826416,6.146667003631592,5.616603851318359,177000
2007-03-22,6.119999885559082,6.119999885559082,6.050000190734863,6.066667079925537,5.543502330780029,174000
2007-03-23,6.093332767486572,6.113333225250244,6.070000171661377,6.090000152587891,5.56482458114624,111000
2007-03-26,6.0966668128967285,6.1066670417785645,6.013332843780518,6.093332767486572,5.567868232727051,159600
2007-03-27,6.059999942779541,6.0966668128967285,6.059999942779541,6.066667079925537,5.543502330780029,132000
2007-03-28,6.019999980926514,6.02666711807251,5.9633331298828125,5.980000019073486,5.464310646057129,150900
2007-03-29,5.983333110809326,6.006667137145996,5.813333034515381,5.889999866485596,5.382071018218994,291600
2007-03-30,5.913332939147949,5.940000057220459,5.869999885559082,5.896667003631592,5.388161659240723,198000
2007-04-02,5.936666965484619,5.936666965484619,5.8466668128967285,5.896667003631592,5.388161659240723,198000
2007-04-03,5.896667003631592,5.966667175292969,5.880000114440918,5.943333148956299,5.430805683135986,352800
2007-04-04,5.946667194366455,6.033332824707031,5.946667194366455,6.0233330726623535,5.503905296325684,176100
2007-04-05,6.039999961853027,6.099999904632568,6.039999961853027,6.099999904632568,5.573960781097412,117900
2007-04-09,6.0966668128967285,6.099999904632568,6.046667098999023,6.0833330154418945,5.558731555938721,83700
2007-04-10,6.053332805633545,6.136666774749756,6.053332805633545,6.136666774749756,5.6074652671813965,81900
2007-04-11,6.136666774749756,6.136666774749756,6.053332805633545,6.076666831970215,5.552639484405518,94800
2007-04-12,6.0833330154418945,6.133333206176758,6.066667079925537,6.126667022705078,5.598327159881592,82800
2007-04-13,6.0966668128967285,6.136666774749756,6.039999961853027,6.136666774749756,5.6074652671813965,81000
2007-04-16,6.150000095367432,6.196667194366455,6.139999866485596,6.190000057220459,5.6561994552612305,119400
2007-04-17,6.173333168029785,6.199999809265137,6.1433329582214355,6.163332939147949,5.631833553314209,99900
2007-04-18,6.233333110809326,6.323332786560059,6.21999979019165,6.28000020980835,5.738440036773682,327600
2007-04-19,6.186666965484619,6.349999904632568,6.156667232513428,6.296667098999023,5.753668308258057,462600
2007-04-20,6.3566670417785645,6.3566670417785645,6.2866668701171875,6.329999923706055,5.784125328063965,5089500
2007-04-23,6.326666831970215,6.326666831970215,6.293333053588867,6.313333034515381,5.768897533416748,1309200
2007-04-24,6.400000095367432,6.466667175292969,6.373332977294922,6.409999847412109,5.857227325439453,795600
2007-04-25,6.426667213439941,6.46999979019165,6.389999866485596,6.460000038146973,5.902916431427002,1485000
2007-04-26,6.5,6.539999961853027,6.440000057220459,6.533332824707031,5.969924449920654,399300
2007-04-27,6.47333288192749,6.519999980926514,6.436666965484619,6.466667175292969,5.909007549285889,227400
2007-04-30,6.429999828338623,6.460000038146973,6.3466668128967285,6.3466668128967285,5.799356937408447,403200
2007-05-01,6.369999885559082,6.3933329582214355,6.293333053588867,6.380000114440918,5.82981538772583,209400
2007-05-02,6.400000095367432,6.486667156219482,6.400000095367432,6.440000057220459,5.884641647338867,344100
2007-05-03,6.480000019073486,6.52666711807251,6.466667175292969,6.47333288192749,5.915099620819092,402900
2007-05-04,6.50333309173584,6.533332824707031,6.47333288192749,6.5233330726623535,5.960788726806641,183900
2007-05-07,6.539999961853027,6.539999961853027,6.480000019073486,6.483333110809326,5.9242377281188965,269700
2007-05-08,6.446667194366455,6.47333288192749,6.400000095367432,6.46999979019165,5.912053108215332,260700
2007-05-09,6.440000057220459,6.586667060852051,6.433332920074463,6.586667060852051,6.018657684326172,214800
2007-05-10,6.519999980926514,6.546667098999023,6.396667003631592,6.409999847412109,5.857227325439453,331200
2007-05-11,6.47333288192749,6.5233330726623535,6.409999847412109,6.5233330726623535,5.960788726806641,177000
2007-05-14,6.563333034515381,6.563333034515381,6.436666965484619,6.4633331298828125,5.9059624671936035,175200
2007-05-15,6.456666946411133,6.489999771118164,6.373332977294922,6.376667022705078,5.826768398284912,116700
2007-05-16,6.373332977294922,6.386666774749756,6.296667098999023,6.386666774749756,5.835906505584717,174600
2007-05-17,6.349999904632568,6.4033331871032715,6.316667079925537,6.343332767486572,5.796311378479004,140400
2007-05-18,6.380000114440918,6.380000114440918,6.289999961853027,6.360000133514404,5.811539649963379,442800
2007-05-21,6.3333330154418945,6.443333148956299,6.3333330154418945,6.3566670417785645,5.8084940910339355,288000
2007-05-22,6.353332996368408,6.423333168029785,6.3333330154418945,6.400000095367432,5.848089694976807,100500
2007-05-23,6.353332996368408,6.396667003631592,6.293333053588867,6.293333053588867,5.750621318817139,607200
2007-05-24,6.263332843780518,6.320000171661377,6.156667232513428,6.176667213439941,5.644016742706299,349200
2007-05-25,6.233333110809326,6.296667098999023,6.21999979019165,6.2866668701171875,5.744531631469727,276900
2007-05-29,6.296667098999023,6.349999904632568,6.296667098999023,6.340000152587891,5.793265342712402,220500
2007-05-30,6.269999980926514,6.306666851043701,6.243332862854004,6.306666851043701,5.762805938720703,216900
2007-05-31,6.353332996368408,6.420000076293945,6.3333330154418945,6.4166669845581055,5.8633198738098145,363000
2007-06-01,6.480000019073486,6.5,6.456666946411133,6.460000038146973,5.902916431427002,252000
2007-06-04,6.429999828338623,6.50333309173584,6.426667213439941,6.449999809265137,5.893779754638672,455400
2007-06-05,6.4633331298828125,6.4633331298828125,6.360000133514404,6.420000076293945,5.8663649559021,117900
2007-06-06,6.366666793823242,6.423333168029785,6.326666831970215,6.340000152587891,5.793265342712402,301200
2007-06-07,6.316667079925537,6.340000152587891,6.2133331298828125,6.216667175292969,5.680567741394043,237300
2007-06-08,6.243332862854004,6.366666793823242,6.230000019073486,6.366666793823242,5.817630767822266,260700
2007-06-11,6.316667079925537,6.386666774749756,6.316667079925537,6.343332767486572,5.796311378479004,165000
2007-06-12,6.293333053588867,6.373332977294922,6.269999980926514,6.306666851043701,5.762805938720703,469200
2007-06-13,6.329999923706055,6.406667232513428,6.329999923706055,6.3933329582214355,5.841997146606445,1803600
2007-06-14,6.429999828338623,6.506667137145996,6.429999828338623,6.486667156219482,5.927285671234131,600900
2007-06-15,6.539999961853027,6.573332786560059,6.5233330726623535,6.559999942779541,5.994293689727783,364800
2007-06-18,6.576666831970215,6.576666831970215,6.5366668701171875,6.553332805633545,5.988198757171631,130800
2007-06-19,6.460000038146973,6.50333309173584,6.446667194366455,6.486667156219482,5.927285671234131,480300
2007-06-20,6.5,6.519999980926514,6.423333168029785,6.433332920074463,5.8785481452941895,652200
2007-06-21,6.483333110809326,6.6066670417785645,6.440000057220459,6.603332996368408,6.033888339996338,550200
2007-06-22,6.593332767486572,6.599999904632568,6.49666690826416,6.52666711807251,5.963834762573242,900600
2007-06-25,6.533332824707031,6.546667098999023,6.436666965484619,6.453332901000977,5.896824836730957,151200
2007-06-26,6.46999979019165,6.46999979019165,6.389999866485596,6.409999847412109,5.857227325439453,1606500
2007-06-27,6.369999885559082,6.576666831970215,6.369999885559082,6.576666831970215,6.009523391723633,1248300
2007-06-28,6.553332805633545,6.570000171661377,6.516666889190674,6.5233330726623535,5.960788726806641,798900
2007-06-29,6.5233330726623535,6.566667079925537,6.4633331298828125,6.480000019073486,5.9211907386779785,1155900
2007-07-02,6.5233330726623535,6.573332786560059,6.5,6.556666851043701,5.991247177124023,130500
2007-07-03,6.556666851043701,6.570000171661377,6.533332824707031,6.556666851043701,5.991247177124023,1038900
2007-07-05,6.513332843780518,6.576666831970215,6.513332843780518,6.573332786560059,6.00647497177124,207300
2007-07-06,6.5833330154418945,6.623332977294922,6.566667079925537,6.619999885559082,6.0491180419921875,215100
2007-07-09,6.619999885559082,6.673333168029785,6.613333225250244,6.656667232513428,6.0826239585876465,222000
2007-07-10,6.616666793823242,6.659999847412109,6.599999904632568,6.6066670417785645,6.036935329437256,1373100
2007-07-11,6.5966668128967285,6.6433329582214355,6.553332805633545,6.616666793823242,6.046072483062744,362100
2007-07-12,6.6433329582214355,6.75333309173584,6.626667022705078,6.75,6.167909145355225,918900
2007-07-13,6.736667156219482,6.763332843780518,6.693333148956299,6.703332901000977,6.125263690948486,331500
2007-07-16,6.710000038146973,6.736667156219482,6.686666965484619,6.716667175292969,6.137450695037842,258300
2007-07-17,6.75,6.900000095367432,6.75,6.849999904632568,6.259285926818848,821700
2007-07-18,6.760000228881836,6.78000020980835,6.683332920074463,6.78000020980835,6.195322513580322,542400
2007-07-19,6.820000171661377,6.840000152587891,6.77666711807251,6.813333034515381,6.225778102874756,1191600
2007-07-20,6.78000020980835,6.803332805633545,6.693333148956299,6.716667175292969,6.137450695037842,390300
2007-07-23,6.756667137145996,6.789999961853027,6.72333288192749,6.730000019073486,6.149631023406982,193500
2007-07-24,6.6433329582214355,6.676667213439941,6.53000020980835,6.53000020980835,5.9668803215026855,281700
2007-07-25,6.6066670417785645,6.633333206176758,6.513332843780518,6.570000171661377,6.003429412841797,458700
2007-07-26,6.433332920074463,6.483333110809326,6.27666711807251,6.373332977294922,5.82372522354126,1198800
2007-07-27,6.349999904632568,6.433332920074463,6.176667213439941,6.289999961853027,5.747578144073486,226800
2007-07-30,6.369999885559082,6.433332920074463,6.300000190734863,6.389999866485596,5.838954448699951,755400
2007-07-31,6.4633331298828125,6.46999979019165,6.269999980926514,6.269999980926514,5.729302883148193,352500
2007-08-01,6.2866668701171875,6.320000171661377,6.1066670417785645,6.2266669273376465,5.6897053718566895,699900
2007-08-02,6.27666711807251,6.289999961853027,6.199999809265137,6.256667137145996,5.7171173095703125,164400
2007-08-03,6.263332843780518,6.293333053588867,6.0366668701171875,6.0366668701171875,5.516088962554932,572100
2007-08-06,6.063333034515381,6.136666774749756,5.983333110809326,6.119999885559082,5.5922369956970215,522900
2007-08-07,6.0833330154418945,6.113333225250244,5.99666690826416,6.059999942779541,5.537409782409668,276000
2007-08-08,6.163332939147949,6.236667156219482,6.099999904632568,6.163332939147949,5.631833553314209,453900
2007-08-09,6.093332767486572,6.1433329582214355,5.96999979019165,5.99666690826416,5.47953987121582,305400
2007-08-10,5.906667232513428,6.126667022705078,5.8333330154418945,6.070000171661377,5.546547889709473,301800
2007-08-13,6.186666965484619,6.2266669273376465,6.086667060852051,6.086667060852051,5.561778545379639,222300
2007-08-14,6.136666774749756,6.1533331871032715,6.006667137145996,6.006667137145996,5.488677024841309,480000
2007-08-15,5.989999771118164,6.053332805633545,5.886666774749756,5.886666774749756,5.379025936126709,482100
2007-08-16,5.869999885559082,5.96999979019165,5.71999979019165,5.943333148956299,5.430805683135986,613200
2007-08-17,6.056666851043701,6.1433329582214355,5.9633331298828125,6.0833330154418945,5.558731555938721,240600
2007-08-20,6.076666831970215,6.119999885559082,6.043333053588867,6.073332786560059,5.549593448638916,155700
2007-08-21,6.0833330154418945,6.159999847412109,6.0833330154418945,6.130000114440918,5.601374626159668,170400
2007-08-22,6.199999809265137,6.233333110809326,6.1666669845581055,6.193333148956299,5.659246921539307,168900
2007-08-23,6.193333148956299,6.203332901000977,6.123332977294922,6.136666774749756,5.6074652671813965,544800
2007-08-24,6.156667232513428,6.2266669273376465,6.133333206176758,6.2133331298828125,5.677518844604492,137100
2007-08-27,6.199999809265137,6.2133331298828125,6.156667232513428,6.173333168029785,5.640969753265381,96900
2007-08-28,6.119999885559082,6.136666774749756,5.980000019073486,5.983333110809326,5.467355728149414,172800
2007-08-29,6.046667098999023,6.163332939147949,6.039999961853027,6.156667232513428,5.625741958618164,1422300
2007-08-30,6.0966668128967285,6.21999979019165,6.0966668128967285,6.136666774749756,5.6074652671813965,240000
2007-08-31,6.196667194366455,6.243332862854004,6.1666669845581055,6.2266669273376465,5.6897053718566895,102600
2007-09-04,6.2266669273376465,6.353332996368408,6.2266669273376465,6.300000190734863,5.756712436676025,616200
2007-09-05,6.27666711807251,6.289999961853027,6.203332901000977,6.230000019073486,5.692750930786133,245400
2007-09-06,6.260000228881836,6.266666889190674,6.1666669845581055,6.24666690826416,5.707980155944824,173700
2007-09-07,6.130000114440918,6.170000076293945,6.043333053588867,6.0966668128967285,5.57091760635376,238800
2007-09-10,6.206666946411133,6.206666946411133,5.986667156219482,6.066667079925537,5.543502330780029,120600
2007-09-11,6.1433329582214355,6.186666965484619,6.073332786560059,6.170000076293945,5.637925148010254,76500
2007-09-12,6.019999980926514,6.173333168029785,5.9766669273376465,6.053332805633545,5.531317234039307,121200
2007-09-13,6.076666831970215,6.090000152587891,6.013332843780518,6.039999961853027,5.519135475158691,103500
2007-09-14,5.9633331298828125,6.033332824707031,5.9633331298828125,6.00333309173584,5.485630512237549,153900
2007-09-17,5.980000019073486,5.993332862854004,5.933332920074463,5.9633331298828125,5.449079990386963,293100
2007-09-18,5.989999771118164,6.210000038146973,5.989999771118164,6.196667194366455,5.662291526794434,250800
2007-09-19,6.239999771118164,6.323332786560059,6.22333288192749,6.266666889190674,5.726254940032959,119400
2007-09-20,6.2866668701171875,6.309999942779541,6.24666690826416,6.263332843780518,5.723209857940674,132600
2007-09-21,6.329999923706055,6.329999923706055,6.283332824707031,6.289999961853027,5.747578144073486,335100
2007-09-24,6.300000190734863,6.309999942779541,6.203332901000977,6.22333288192749,5.686657428741455,114300
2007-09-25,6.199999809265137,6.300000190734863,6.146667003631592,6.283332824707031,5.74148416519165,76500
2007-09-26,6.316667079925537,6.360000133514404,6.25,6.256667137145996,5.7171173095703125,168900
2007-09-27,6.306666851043701,6.3333330154418945,6.233333110809326,6.233333110809326,5.695796012878418,94500
2007-09-28,6.260000228881836,6.316667079925537,6.2266669273376465,6.230000019073486,5.692750930786133,130500
2007-10-01,6.21999979019165,6.409999847412109,6.203332901000977,6.389999866485596,5.838954448699951,1119900
2007-10-02,6.449999809265137,6.449999809265137,6.369999885559082,6.4033331871032715,5.851135730743408,1066500
2007-10-03,6.343332767486572,6.343332767486572,6.22333288192749,6.269999980926514,5.729302883148193,125400
2007-10-04,6.266666889190674,6.2733330726623535,6.216667175292969,6.256667137145996,5.7171173095703125,144300
2007-10-05,6.313333034515381,6.420000076293945,6.296667098999023,6.373332977294922,5.82372522354126,96600
2007-10-08,6.343332767486572,6.386666774749756,6.316667079925537,6.329999923706055,5.784125328063965,91500
2007-10-09,6.316667079925537,6.3466668128967285,6.230000019073486,6.316667079925537,5.77194356918335,117600
2007-10-10,6.306666851043701,6.306666851043701,6.236667156219482,6.283332824707031,5.74148416519165,152400
2007-10-11,6.266666889190674,6.326666831970215,6.0966668128967285,6.133333206176758,5.604418754577637,401400
2007-10-12,6.159999847412109,6.236667156219482,6.159999847412109,6.210000038146973,5.674474716186523,476700
2007-10-15,6.190000057220459,6.236667156219482,6.163332939147949,6.179999828338623,5.647061347961426,92700
2007-10-16,6.1533331871032715,6.233333110809326,6.1533331871032715,6.170000076293945,5.637925148010254,138900
2007-10-17,6.300000190734863,6.3333330154418945,6.216667175292969,6.2866668701171875,5.744531631469727,189000
2007-10-18,6.210000038146973,6.306666851043701,6.199999809265137,6.2866668701171875,5.744531631469727,244200
2007-10-19,6.266666889190674,6.2733330726623535,6.110000133514404,6.110000133514404,5.583101272583008,191100
2007-10-22,6.039999961853027,6.199999809265137,6.0366668701171875,6.190000057220459,5.6561994552612305,155400
2007-10-23,6.266666889190674,6.269999980926514,6.1433329582214355,6.269999980926514,5.729302883148193,288300
2007-10-24,6.156667232513428,6.163332939147949,5.960000038146973,6.116666793823242,5.589191436767578,373200
2007-10-25,6.093332767486572,6.093332767486572,5.836667060852051,5.8933329582214355,5.385114669799805,9293700
2007-10-26,5.933332920074463,5.9766669273376465,5.886666774749756,5.949999809265137,5.436893939971924,631200
2007-10-29,6.013332843780518,6.066667079925537,5.980000019073486,6.02666711807251,5.50695276260376,403500
2007-10-30,5.960000038146973,6.056666851043701,5.956666946411133,6.010000228881836,5.49172306060791,243000
2007-10-31,6.019999980926514,6.116666793823242,6.0,6.086667060852051,5.561778545379639,265800
2007-11-01,6.006667137145996,6.019999980926514,5.933332920074463,5.933332920074463,5.42166805267334,158100
2007-11-02,5.9766669273376465,6.00333309173584,5.9033331871032715,5.96999979019165,5.455171585083008,303900
2007-11-05,5.876667022705078,6.006667137145996,5.876667022705078,5.9166669845581055,5.40643835067749,108000
2007-11-06,5.949999809265137,6.02666711807251,5.909999847412109,6.0233330726623535,5.503905296325684,150600
2007-11-07,6.00333309173584,6.00333309173584,5.866666793823242,5.866666793823242,5.360750198364258,92700
2007-11-08,5.886666774749756,5.929999828338623,5.633333206176758,5.809999942779541,5.308969974517822,6404700
2007-11-09,5.783332824707031,5.816667079925537,5.71999979019165,5.743332862854004,5.248050689697266,1218900
2007-11-12,5.71999979019165,5.7733330726623535,5.5966668128967285,5.6066670417785645,5.123170852661133,301800
2007-11-13,5.679999828338623,5.733333110809326,5.670000076293945,5.7266669273376465,5.232822418212891,225300
2007-11-14,5.5833330154418945,5.800000190734863,5.5833330154418945,5.703332901000977,5.211502552032471,178200
2007-11-15,5.6666669845581055,5.736667156219482,5.599999904632568,5.650000095367432,5.1627678871154785,223500
2007-11-16,5.639999866485596,5.659999847412109,5.586667060852051,5.656667232513428,5.168859004974365,597000
2007-11-19,5.573332786560059,5.656667232513428,5.5233330726623535,5.539999961853027,5.062252998352051,129900
2007-11-20,5.550000190734863,5.576666831970215,5.386666774749756,5.4633331298828125,4.9921979904174805,95700
2007-11-21,5.396667003631592,5.466667175292969,5.289999961853027,5.386666774749756,4.922144412994385,100200
2007-11-23,5.4166669845581055,5.489999771118164,5.396667003631592,5.460000038146973,4.989151477813721,39900
2007-11-26,5.449999809265137,5.516666889190674,5.329999923706055,5.329999923706055,4.870363235473633,97200
2007-11-27,5.389999866485596,5.440000057220459,5.3333330154418945,5.426667213439941,4.958693027496338,143100
2007-11-28,5.556666851043701,5.74666690826416,5.543333053588867,5.716667175292969,5.223686218261719,300600
2007-11-29,5.72333288192749,5.760000228881836,5.676667213439941,5.730000019073486,5.23586893081665,268500
2007-11-30,5.816667079925537,5.836667060852051,5.646667003631592,5.673333168029785,5.184087753295898,195300
2007-12-03,5.676667213439941,5.710000038146973,5.633333206176758,5.633333206176758,5.1475396156311035,96000
2007-12-04,5.50333309173584,5.646667003631592,5.50333309173584,5.5966668128967285,5.114031791687012,85200
2007-12-05,5.670000076293945,5.769999980926514,5.670000076293945,5.730000019073486,5.23586893081665,92400
2007-12-06,5.769999980926514,5.860000133514404,5.769999980926514,5.849999904632568,5.345519065856934,46800
2007-12-07,5.836667060852051,5.8566670417785645,5.803332805633545,5.826666831970215,5.324198246002197,708900
2007-12-10,5.840000152587891,5.880000114440918,5.816667079925537,5.853332996368408,5.348565101623535,323700
2007-12-11,5.900000095367432,5.943333148956299,5.769999980926514,5.7733330726623535,5.275464057922363,153900
2007-12-12,5.966667175292969,5.989999771118164,5.766666889190674,5.840000152587891,5.33638334274292,211500
2007-12-13,5.78000020980835,5.829999923706055,5.730000019073486,5.78000020980835,5.281557083129883,172800
2007-12-14,5.730000019073486,5.78000020980835,5.716667175292969,5.71999979019165,5.2267303466796875,104100
2007-12-17,5.703332901000977,5.703332901000977,5.599999904632568,5.599999904632568,5.117079734802246,201000
2007-12-18,5.636666774749756,5.639999866485596,5.556666851043701,5.623332977294922,5.138399600982666,381300
2007-12-19,5.619999885559082,5.676667213439941,5.599999904632568,5.650000095367432,5.1627678871154785,208800
2007-12-20,5.699999809265137,5.783332824707031,5.686666965484619,5.766666889190674,5.269372940063477,212100
2007-12-21,5.8333330154418945,5.860000133514404,5.813333034515381,5.840000152587891,5.33638334274292,111600
2007-12-24,5.866666793823242,5.906667232513428,5.866666793823242,5.880000114440918,5.372931957244873,37200
2007-12-26,5.869999885559082,5.909999847412109,5.8566670417785645,5.896667003631592,5.388161659240723,69600
2007-12-27,5.896667003631592,5.896667003631592,5.763332843780518,5.77666711807251,5.278510093688965,306600
2007-12-28,5.816667079925537,5.816667079925537,5.75,5.766666889190674,5.269372940063477,162000
2007-12-31,5.763332843780518,5.789999961853027,5.733333110809326,5.75333309173584,5.2571892738342285,480300
2008-01-02,5.75,5.75,5.556666851043701,5.586667060852051,5.104895114898682,245700
2008-01-03,5.613333225250244,5.613333225250244,5.489999771118164,5.510000228881836,5.034839630126953,83700
2008-01-04,5.409999847412109,5.409999847412109,5.210000038146973,5.239999771118164,4.788122653961182,176100
2008-01-07,5.25,5.28000020980835,5.0966668128967285,5.146667003631592,4.702839374542236,966300
2008-01-08,5.133333206176758,5.2133331298828125,4.949999809265137,4.949999809265137,4.523133277893066,473700
2008-01-09,4.983333110809326,5.043333053588867,4.880000114440918,4.99666690826416,4.565775394439697,274500
2008-01-10,4.926667213439941,5.046667098999023,4.926667213439941,5.043333053588867,4.6084160804748535,350700
2008-01-11,4.940000057220459,4.980000019073486,4.853332996368408,4.883333206176758,4.462213516235352,313500
2008-01-14,4.953332901000977,5.0233330726623535,4.940000057220459,5.010000228881836,4.577958583831787,255900
2008-01-15,4.980000019073486,4.983333110809326,4.813333034515381,4.829999923706055,4.41348123550415,124500
2008-01-16,4.733333110809326,4.873332977294922,4.6666669845581055,4.803332805633545,4.38911247253418,208500
2008-01-17,4.789999961853027,4.873332977294922,4.693333148956299,4.696667194366455,4.29164457321167,125100
2008-01-18,4.75,4.8566670417785645,4.74666690826416,4.806666851043701,4.392158508300781,118200
2008-01-22,4.550000190734863,4.813333034515381,4.4166669845581055,4.75,4.340378761291504,158400
2008-01-23,4.573332786560059,4.8333330154418945,4.573332786560059,4.823332786560059,4.407388687133789,304500
2008-01-24,4.809999942779541,4.97333288192749,4.809999942779541,4.9633331298828125,4.535317420959473,103500
2008-01-25,5.046667098999023,5.053332805633545,4.8333330154418945,4.8333330154418945,4.416525363922119,102300
2008-01-28,4.803332805633545,4.896667003631592,4.78000020980835,4.883333206176758,4.462213516235352,93900
2008-01-29,4.883333206176758,4.9166669845581055,4.863333225250244,4.9033331871032715,4.480490207672119,54600
2008-01-30,4.860000133514404,4.943333148956299,4.843332767486572,4.843332767486572,4.425663471221924,204300
2008-01-31,4.78000020980835,4.913332939147949,4.78000020980835,4.886666774749756,4.465261936187744,153600
2008-02-01,4.929999828338623,5.076666831970215,4.9166669845581055,5.059999942779541,4.623645782470703,118200
2008-02-04,5.053332805633545,5.070000171661377,5.0,5.006667137145996,4.5749125480651855,87600
2008-02-05,4.926667213439941,4.929999828338623,4.803332805633545,4.806666851043701,4.392158508300781,101100
2008-02-06,4.820000171661377,4.883333206176758,4.706666946411133,4.716667175292969,4.309919834136963,95100
2008-02-07,4.686666965484619,4.8566670417785645,4.646667003631592,4.796667098999023,4.383022785186768,123900
2008-02-08,4.77666711807251,4.889999866485596,4.77666711807251,4.8466668128967285,4.428709506988525,61500
2008-02-11,4.8933329582214355,4.986667156219482,4.869999885559082,4.940000057220459,4.5139923095703125,67500
2008-02-12,4.993332862854004,5.013332843780518,4.949999809265137,4.949999809265137,4.523133277893066,332100
2008-02-13,5.043333053588867,5.103332996368408,5.006667137145996,5.099999904632568,4.6601972579956055,433800
2008-02-14,5.093332767486572,5.093332767486572,4.9633331298828125,4.9633331298828125,4.535317420959473,605400
2008-02-15,4.956666946411133,4.966667175292969,4.866666793823242,4.900000095367432,4.477446556091309,258300
2008-02-19,4.936666965484619,4.953332901000977,4.8566670417785645,4.876667022705078,4.456122875213623,129000
2008-02-20,4.866666793823242,5.006667137145996,4.849999904632568,4.926667213439941,4.501811504364014,123000
2008-02-21,5.033332824707031,5.099999904632568,4.953332901000977,4.960000038146973,4.53226900100708,53700
2008-02-22,4.9766669273376465,4.986667156219482,4.876667022705078,4.960000038146973,4.53226900100708,37800
2008-02-25,4.953332901000977,5.043333053588867,4.933332920074463,5.03000020980835,4.5962324142456055,319800
2008-02-26,5.02666711807251,5.170000076293945,5.02666711807251,5.139999866485596,4.696746826171875,102900
2008-02-27,5.0833330154418945,5.216667175292969,5.0833330154418945,5.183332920074463,4.736343860626221,100800
2008-02-28,5.1433329582214355,5.1433329582214355,5.063333034515381,5.073332786560059,4.635831356048584,65700
2008-02-29,5.010000228881836,5.013332843780518,4.929999828338623,4.940000057220459,4.5139923095703125,80100
2008-03-03,4.953332901000977,4.953332901000977,4.860000133514404,4.9033331871032715,4.480490207672119,59700
2008-03-04,4.826666831970215,4.960000038146973,4.809999942779541,4.953332901000977,4.526177883148193,84600
2008-03-05,4.986667156219482,5.046667098999023,4.949999809265137,4.993332862854004,4.562728404998779,94800
2008-03-06,4.97333288192749,4.97333288192749,4.853332996368408,4.860000133514404,4.440892696380615,102000
2008-03-07,4.869999885559082,4.989999771118164,4.8466668128967285,4.906667232513428,4.483536243438721,53400
2008-03-10,4.913332939147949,4.936666965484619,4.8466668128967285,4.849999904632568,4.43175745010376,184200
2008-03-11,4.949999809265137,5.0,4.486667156219482,5.0,4.568820953369141,161100
2008-03-12,4.986667156219482,5.070000171661377,4.986667156219482,4.986667156219482,4.556636333465576,58800
2008-03-13,4.876667022705078,5.0833330154418945,4.876667022705078,5.056666851043701,4.620599746704102,69600
2008-03-14,5.146667003631592,5.146667003631592,4.906667232513428,4.960000038146973,4.53226900100708,80400
2008-03-17,4.813333034515381,4.983333110809326,4.813333034515381,4.943333148956299,4.517038822174072,115200
2008-03-18,5.013332843780518,5.150000095367432,4.99666690826416,5.150000095367432,4.705885410308838,117600
2008-03-19,5.1433329582214355,5.1533331871032715,4.966667175292969,4.966667175292969,4.538361072540283,75600
2008-03-20,4.96999979019165,5.063333034515381,4.949999809265137,5.053332805633545,4.6175537109375,79800
2008-03-24,5.156667232513428,5.300000190734863,5.156667232513428,5.233333110809326,4.7820305824279785,36600
2008-03-25,5.233333110809326,5.27666711807251,5.203332901000977,5.25333309173584,4.800308704376221,66000
2008-03-26,5.24666690826416,5.24666690826416,5.1666669845581055,5.199999809265137,4.751572608947754,160500
2008-03-27,5.263332843780518,5.263332843780518,5.099999904632568,5.119999885559082,4.678470134735107,4968000
2008-03-28,5.130000114440918,5.150000095367432,5.043333053588867,5.043333053588867,4.6084160804748535,354600
2008-03-31,5.056666851043701,5.119999885559082,5.039999961853027,5.103332996368408,4.663242340087891,402900
2008-04-01,5.203332901000977,5.2866668701171875,5.190000057220459,5.27666711807251,4.821629047393799,412800
2008-04-02,5.266666889190674,5.353332996368408,5.25333309173584,5.293333053588867,4.83685827255249,505200
2008-04-03,5.216667175292969,5.396667003631592,5.216667175292969,5.376667022705078,4.913006782531738,56100
2008-04-04,5.486667156219482,5.486667156219482,5.303332805633545,5.366666793823242,4.903869152069092,100200
2008-04-07,5.3933329582214355,5.420000076293945,5.320000171661377,5.343332767486572,4.8825459480285645,151200
2008-04-08,5.283332824707031,5.283332824707031,5.233333110809326,5.243332862854004,4.791168212890625,63000
2008-04-09,5.236667156219482,5.269999980926514,5.199999809265137,5.256667137145996,4.803353786468506,175800
2008-04-10,5.293333053588867,5.429999828338623,5.2733330726623535,5.400000095367432,4.934325218200684,62400
2008-04-11,5.303332805633545,5.313333034515381,5.186666965484619,5.186666965484619,4.739390850067139,213000
2008-04-14,5.170000076293945,5.170000076293945,5.090000152587891,5.093332767486572,4.6541056632995605,70500
2008-04-15,5.056666851043701,5.1066670417785645,5.03000020980835,5.103332996368408,4.663242340087891,106800
2008-04-16,5.186666965484619,5.323332786560059,5.186666965484619,5.306666851043701,4.8490424156188965,600000
2008-04-17,5.3333330154418945,5.3333330154418945,5.2133331298828125,5.256667137145996,4.803353786468506,1869300
2008-04-18,5.376667022705078,5.513332843780518,5.326666831970215,5.513332843780518,5.0378851890563965,2774100
2008-04-21,5.406667232513428,5.466667175292969,5.380000114440918,5.460000038146973,4.989151477813721,112500
2008-04-22,5.366666793823242,5.366666793823242,5.269999980926514,5.323332786560059,4.864269733428955,97500
2008-04-23,5.3566670417785645,5.516666889190674,5.3566670417785645,5.4766669273376465,5.00438117980957,135600
2008-04-24,5.456666946411133,5.599999904632568,5.3933329582214355,5.556666851043701,5.077483177185059,106800
2008-04-25,5.586667060852051,5.586667060852051,5.466667175292969,5.563333034515381,5.083575248718262,130800
2008-04-28,5.53000020980835,5.533332824707031,5.489999771118164,5.516666889190674,5.04093074798584,84300
2008-04-29,5.5233330726623535,5.553332805633545,5.5,5.519999980926514,5.043979167938232,66000
2008-04-30,5.5,5.52666711807251,5.4166669845581055,5.449999809265137,4.980013370513916,334200
2008-05-01,5.46999979019165,5.683332920074463,5.466667175292969,5.6533331871032715,5.1658124923706055,562500
2008-05-02,5.699999809265137,5.699999809265137,5.579999923706055,5.650000095367432,5.1627678871154785,355800
2008-05-05,5.646667003631592,5.670000076293945,5.579999923706055,5.610000133514404,5.126215934753418,238500
2008-05-06,5.563333034515381,5.703332901000977,5.563333034515381,5.690000057220459,5.199316024780273,81900
2008-05-07,5.699999809265137,5.763332843780518,5.623332977294922,5.623332977294922,5.138399600982666,82800
2008-05-08,5.630000114440918,5.696667194366455,5.586667060852051,5.6666669845581055,5.17799711227417,54900
2008-05-09,5.603332996368408,5.686666965484619,5.603332996368408,5.6433329582214355,5.156676292419434,81000
2008-05-12,5.659999847412109,5.7266669273376465,5.6533331871032715,5.72333288192749,5.229775905609131,71100
2008-05-13,5.710000038146973,5.74666690826416,5.699999809265137,5.7266669273376465,5.232822418212891,207000
2008-05-14,5.756667137145996,5.936666965484619,5.756667137145996,5.809999942779541,5.308969974517822,987000
2008-05-15,5.789999961853027,5.886666774749756,5.7866668701171875,5.880000114440918,5.372931957244873,77100
2008-05-16,5.880000114440918,5.9166669845581055,5.78000020980835,5.889999866485596,5.382071018218994,188100
2008-05-19,5.8933329582214355,6.016666889190674,5.889999866485596,5.900000095367432,5.391209125518799,723300
2008-05-20,5.883333206176758,5.883333206176758,5.733333110809326,5.77666711807251,5.278510093688965,129300
2008-05-21,5.769999980926514,5.816667079925537,5.696667194366455,5.699999809265137,5.208454608917236,214500
2008-05-22,5.710000038146973,5.78000020980835,5.706666946411133,5.756667137145996,5.26023530960083,45900
2008-05-23,5.716667175292969,5.736667156219482,5.6533331871032715,5.710000038146973,5.217591762542725,85500
2008-05-27,5.716667175292969,5.823332786560059,5.716667175292969,5.823332786560059,5.321152210235596,227100
2008-05-28,5.876667022705078,5.876667022705078,5.769999980926514,5.826666831970215,5.324198246002197,100500
2008-05-29,5.783332824707031,5.860000133514404,5.783332824707031,5.809999942779541,5.308969974517822,426600
2008-05-30,5.806666851043701,5.880000114440918,5.806666851043701,5.8566670417785645,5.3516130447387695,94200
2008-06-02,5.809999942779541,5.8466668128967285,5.716667175292969,5.78000020980835,5.281557083129883,522900
2008-06-03,5.760000228881836,5.806666851043701,5.686666965484619,5.736667156219482,5.241960525512695,801300
2008-06-04,5.716667175292969,5.869999885559082,5.716667175292969,5.829999923706055,5.327245235443115,122400
2008-06-05,5.823332786560059,5.9166669845581055,5.800000190734863,5.900000095367432,5.391209125518799,488700
2008-06-06,5.920000076293945,5.923333168029785,5.766666889190674,5.766666889190674,5.269372940063477,236100
2008-06-09,5.803332805633545,5.803332805633545,5.626667022705078,5.716667175292969,5.223686218261719,102900
2008-06-10,5.639999866485596,5.699999809265137,5.616666793823242,5.6533331871032715,5.1658124923706055,58200
2008-06-11,5.613333225250244,5.630000114440918,5.460000038146973,5.5,5.025702476501465,276900
2008-06-12,5.5366668701171875,5.639999866485596,5.5,5.52666711807251,5.050070285797119,90600
2008-06-13,5.599999904632568,5.696667194366455,5.586667060852051,5.679999828338623,5.190178871154785,64500
2008-06-16,5.683332920074463,5.806666851043701,5.683332920074463,5.78000020980835,5.281557083129883,38700
2008-06-17,5.796667098999023,5.796667098999023,5.690000057220459,5.690000057220459,5.199316024780273,41100
2008-06-18,5.646667003631592,5.6533331871032715,5.570000171661377,5.586667060852051,5.104895114898682,110100
2008-06-19,5.626667022705078,5.75,5.570000171661377,5.716667175292969,5.223686218261719,213900
2008-06-20,5.6433329582214355,5.6433329582214355,5.4766669273376465,5.5966668128967285,5.114031791687012,306600
2008-06-23,5.633333206176758,5.6433329582214355,5.489999771118164,5.489999771118164,5.016564846038818,26100
2008-06-24,5.4766669273376465,5.563333034515381,5.426667213439941,5.460000038146973,4.989151477813721,26400
2008-06-25,5.489999771118164,5.633333206176758,5.489999771118164,5.563333034515381,5.083575248718262,70800
2008-06-26,5.53000020980835,5.53000020980835,5.326666831970215,5.3566670417785645,4.894731521606445,157500
2008-06-27,5.320000171661377,5.349999904632568,5.25,5.323332786560059,4.864269733428955,329100
2008-06-30,5.300000190734863,5.343332767486572,5.263332843780518,5.263332843780518,4.809444904327393,103800
2008-07-01,5.170000076293945,5.243332862854004,5.113333225250244,5.243332862854004,4.791168212890625,578700
2008-07-02,5.269999980926514,5.27666711807251,5.113333225250244,5.126667022705078,4.68456506729126,578100
2008-07-03,5.093332767486572,5.119999885559082,4.993332862854004,5.073332786560059,4.635831356048584,193500
2008-07-07,5.079999923706055,5.199999809265137,5.0366668701171875,5.110000133514404,4.669334411621094,274800
2008-07-08,5.073332786560059,5.146667003631592,5.033332824707031,5.133333206176758,4.6906561851501465,212700
2008-07-09,5.103332996368408,5.123332977294922,4.946667194366455,4.946667194366455,4.520087242126465,245100
2008-07-10,4.956666946411133,5.056666851043701,4.936666965484619,5.019999980926514,4.587094306945801,221400
2008-07-11,4.920000076293945,5.063333034515381,4.906667232513428,5.019999980926514,4.587094306945801,498900
2008-07-14,5.076666831970215,5.076666831970215,4.883333206176758,4.936666965484619,4.5109477043151855,76500
2008-07-15,4.866666793823242,5.039999961853027,4.849999904632568,4.983333110809326,4.553591251373291,158100
2008-07-16,5.013332843780518,5.130000114440918,4.97333288192749,5.119999885559082,4.678470134735107,88200
2008-07-17,5.123332977294922,5.233333110809326,5.086667060852051,5.216667175292969,4.766803741455078,128100
2008-07-18,5.159999847412109,5.203332901000977,5.1066670417785645,5.190000057220459,4.742435932159424,15900
2008-07-21,5.243332862854004,5.243332862854004,5.146667003631592,5.170000076293945,4.724160671234131,69300
2008-07-22,5.056666851043701,5.059999942779541,4.993332862854004,5.059999942779541,4.623645782470703,283200
2008-07-23,5.03000020980835,5.163332939147949,5.00333309173584,5.00333309173584,4.571866035461426,95700
2008-07-24,4.96999979019165,5.0833330154418945,4.96999979019165,5.010000228881836,4.577958583831787,281700
2008-07-25,4.99666690826416,5.050000190734863,4.9766669273376465,5.050000190734863,4.614507675170898,151200
2008-07-28,5.0,5.019999980926514,4.936666965484619,4.936666965484619,4.5109477043151855,49200
2008-07-29,4.926667213439941,5.070000171661377,4.926667213439941,5.066667079925537,4.629738807678223,93300
2008-07-30,5.070000171661377,5.123332977294922,4.986667156219482,5.03000020980835,4.5962324142456055,90000
2008-07-31,4.966667175292969,5.110000133514404,4.966667175292969,5.0233330726623535,4.590141773223877,60900
2008-08-01,4.99666690826416,4.99666690826416,4.9033331871032715,4.9766669273376465,4.5475006103515625,42900
2008-08-04,4.986667156219482,4.986667156219482,4.936666965484619,4.953332901000977,4.526177883148193,126000
2008-08-05,5.013332843780518,5.093332767486572,4.9766669273376465,5.090000152587891,4.651059627532959,63000
2008-08-06,5.010000228881836,5.170000076293945,5.010000228881836,5.1433329582214355,4.699793815612793,96300
2008-08-07,5.076666831970215,5.233333110809326,5.03000020980835,5.159999847412109,4.715023517608643,104400
2008-08-08,5.136666774749756,5.329999923706055,5.136666774749756,5.266666889190674,4.812492370605469,300600
2008-08-11,5.320000171661377,5.460000038146973,5.306666851043701,5.369999885559082,4.906913757324219,83400
2008-08-12,5.373332977294922,5.400000095367432,5.360000133514404,5.369999885559082,4.906913757324219,73800
2008-08-13,5.413332939147949,5.429999828338623,5.329999923706055,5.406667232513428,4.940417766571045,45600
2008-08-14,5.389999866485596,5.4166669845581055,5.363333225250244,5.406667232513428,4.940417766571045,77400
2008-08-15,5.4166669845581055,5.446667194366455,5.400000095367432,5.4033331871032715,4.937372207641602,30600
2008-08-18,5.4166669845581055,5.429999828338623,5.2866668701171875,5.313333034515381,4.855133533477783,76200
2008-08-19,5.340000152587891,5.340000152587891,5.210000038146973,5.233333110809326,4.7820305824279785,33900
2008-08-20,5.2266669273376465,5.289999961853027,5.193333148956299,5.203332901000977,4.754618167877197,72300
2008-08-21,5.1533331871032715,5.199999809265137,5.1433329582214355,5.183332920074463,4.736343860626221,252900
2008-08-22,5.199999809265137,5.2266669273376465,5.196667194366455,5.2266669273376465,4.775940895080566,19200
2008-08-25,5.190000057220459,5.193333148956299,5.130000114440918,5.146667003631592,4.702839374542236,13200
2008-08-26,5.126667022705078,5.126667022705078,5.056666851043701,5.099999904632568,4.6601972579956055,52200
2008-08-27,5.110000133514404,5.203332901000977,5.110000133514404,5.159999847412109,4.715023517608643,71100
2008-08-28,5.173333168029785,5.203332901000977,5.170000076293945,5.190000057220459,4.742435932159424,18000
2008-08-29,5.139999866485596,5.139999866485596,5.056666851043701,5.099999904632568,4.6601972579956055,39900
2008-09-02,5.170000076293945,5.179999828338623,4.99666690826416,5.006667137145996,4.5749125480651855,27000
2008-09-03,4.986667156219482,4.986667156219482,4.8333330154418945,4.836667060852051,4.4195733070373535,79500
2008-09-04,4.793333053588867,4.809999942779541,4.659999847412109,4.673333168029785,4.270322799682617,325800
2008-09-05,4.646667003631592,4.72333288192749,4.619999885559082,4.710000038146973,4.303829669952393,118800
2008-09-08,4.75333309173584,4.789999961853027,4.633333206176758,4.693333148956299,4.288599014282227,93600
2008-09-09,4.6533331871032715,4.693333148956299,4.52666711807251,4.533332824707031,4.14239501953125,214500
2008-09-10,4.613333225250244,4.633333206176758,4.573332786560059,4.6066670417785645,4.209406852722168,102300
2008-09-11,4.52666711807251,4.616666793823242,4.510000228881836,4.5833330154418945,4.188085556030273,83100
2008-09-12,4.5366668701171875,4.613333225250244,4.5,4.586667060852051,4.191132068634033,24300
2008-09-15,4.519999980926514,4.5833330154418945,4.446667194366455,4.446667194366455,4.063204765319824,105900
2008-09-16,4.349999904632568,4.50333309173584,4.349999904632568,4.50333309173584,4.11498498916626,89100
2008-09-17,4.466667175292969,4.516666889190674,4.3466668128967285,4.366666793823242,3.9901034832000732,57300
2008-09-18,4.366666793823242,4.550000190734863,4.233333110809326,4.5233330726623535,4.133260726928711,173700
2008-09-19,4.929999828338623,5.6666669845581055,4.206666946411133,4.593332767486572,4.19722318649292,260400
2008-09-22,4.413332939147949,4.663332939147949,4.413332939147949,4.460000038146973,4.075389385223389,498600
2008-09-23,4.313333034515381,4.519999980926514,4.313333034515381,4.396667003631592,4.017515659332275,177300
2008-09-24,4.396667003631592,4.436666965484619,4.366666793823242,4.366666793823242,3.9901034832000732,96300
2008-09-25,4.493332862854004,4.50333309173584,4.3933329582214355,4.429999828338623,4.047974586486816,267900
2008-09-26,4.28000020980835,4.4766669273376465,4.28000020980835,4.4766669273376465,4.090616703033447,102600
2008-09-29,4.366666793823242,4.376667022705078,4.139999866485596,4.1433329582214355,3.78602933883667,92700
2008-09-30,4.146667003631592,4.360000133514404,4.116666793823242,4.360000133514404,3.9840121269226074,63600
2008-10-01,4.269999980926514,4.269999980926514,4.183332920074463,4.233333110809326,3.8682684898376465,207000
2008-10-02,4.199999809265137,4.199999809265137,4.016666889190674,4.02666711807251,3.6794238090515137,432300
2008-10-03,4.086667060852051,4.136666774749756,3.983333110809326,3.983333110809326,3.639827251434326,84300
2008-10-06,3.853332996368408,3.8833329677581787,3.6500000953674316,3.8499999046325684,3.5179924964904785,175500
2008-10-07,3.8433330059051514,3.9000000953674316,3.640000104904175,3.640000104904175,3.3261020183563232,76500
2008-10-08,3.423332929611206,3.75,3.423332929611206,3.5799999237060547,3.271275520324707,106500
2008-10-09,3.603332996368408,3.7166669368743896,3.450000047683716,3.493333101272583,3.1920828819274902,110700
2008-10-10,3.3399999141693115,3.586667060852051,3.2200000286102295,3.490000009536743,3.1890361309051514,160800
2008-10-13,3.543333053588867,3.7733330726623535,3.493333101272583,3.7733330726623535,3.447936534881592,298200
2008-10-14,3.8433330059051514,4.043333053588867,3.569999933242798,3.619999885559082,3.307825803756714,33300
2008-10-15,3.613332986831665,3.613332986831665,3.309999942779541,3.319999933242798,3.0336966514587402,74400
2008-10-16,3.3233330249786377,3.673332929611206,3.136667013168335,3.450000047683716,3.1524858474731445,91500
2008-10-17,3.3233330249786377,3.559999942779541,3.3233330249786377,3.430000066757202,3.1342108249664307,138900
2008-10-20,3.516666889190674,3.516666889190674,3.4100000858306885,3.4533329010009766,3.155531883239746,68400
2008-10-21,3.4433329105377197,3.450000047683716,3.3233330249786377,3.3933329582214355,3.100705862045288,161100
2008-10-22,3.2866671085357666,3.336667060852051,3.180000066757202,3.2133328914642334,2.9362287521362305,34200
2008-10-23,3.173332929611206,3.2166669368743896,3.0,3.113332986831665,2.8448522090911865,74100
2008-10-24,2.880000114440918,3.1666669845581055,2.880000114440918,3.123332977294922,2.853989839553833,66900
2008-10-27,2.880000114440918,3.2100000381469727,2.880000114440918,3.066667079925537,2.8022098541259766,84300
2008-10-28,3.1566669940948486,3.3333330154418945,3.049999952316284,3.3333330154418945,3.04587984085083,83100
2008-10-29,3.3333330154418945,3.3666670322418213,3.2633330821990967,3.3666670322418213,3.076340436935425,329100
2008-10-30,3.293333053588867,3.4533329010009766,3.293333053588867,3.4000000953674316,3.1067984104156494,106500
2008-10-31,3.50333309173584,3.553333044052124,3.450000047683716,3.493333101272583,3.1920828819274902,103800
2008-11-03,3.49666690826416,3.5333330631256104,3.4600000381469727,3.4866669178009033,3.185991048812866,14400
2008-11-04,3.4666669368743896,3.626667022705078,3.4666669368743896,3.5966670513153076,3.286505699157715,46500
2008-11-05,3.559999942779541,3.559999942779541,3.4666669368743896,3.4866669178009033,3.185991048812866,32100
2008-11-06,3.433332920074463,3.433332920074463,3.25,3.25,2.9697322845458984,50400
2008-11-07,3.25333309173584,3.3299999237060547,3.243333101272583,3.303333044052124,3.0184671878814697,54000
2008-11-10,3.2866671085357666,3.319999933242798,3.206666946411133,3.206666946411133,2.9301373958587646,34500
2008-11-11,3.163332939147949,3.1933329105377197,3.1433329582214355,3.173332929611206,2.8996779918670654,9000
2008-11-12,3.0999999046325684,3.103332996368408,3.0,3.006666898727417,2.7473838329315186,38700
2008-11-13,2.9866669178009033,3.0933330059051514,2.8299999237060547,3.0933330059051514,2.8265762329101562,31500
2008-11-14,3.0733330249786377,3.190000057220459,2.9533329010009766,3.0199999809265137,2.7595677375793457,67800
2008-11-17,2.99666690826416,2.99666690826416,2.873332977294922,2.9066669940948486,2.65600848197937,70800
2008-11-18,2.9633328914642334,2.9633328914642334,2.7266669273376465,2.7833330631256104,2.5433096885681152,67200
2008-11-19,2.5233330726623535,2.8499999046325684,2.5233330726623535,2.6666669845581055,2.436704397201538,33900
2008-11-20,2.586667060852051,2.7233328819274902,2.5733330249786377,2.5833330154418945,2.3605570793151855,175500
2008-11-21,2.549999952316284,2.6500000953674316,2.4866669178009033,2.6433329582214355,2.4153831005096436,137700
2008-11-24,2.646667003631592,2.8666670322418213,2.6433329582214355,2.8399999141693115,2.5950894355773926,59100
2008-11-25,2.8466670513153076,2.8466670513153076,2.740000009536743,2.8066670894622803,2.5646309852600098,76500
2008-11-26,2.799999952316284,2.9733328819274902,2.7633330821990967,2.9733328819274902,2.7169244289398193,92400
2008-11-28,2.983333110809326,2.983333110809326,2.9266669750213623,2.9433329105377197,2.6895124912261963,8400
2008-12-01,2.8466670513153076,2.880000114440918,2.686666965484619,2.686666965484619,2.45497989654541,59700
2008-12-02,2.680000066757202,2.759999990463257,2.6700000762939453,2.7266669273376465,2.491530656814575,89700
2008-12-03,2.613332986831665,2.8566670417785645,2.613332986831665,2.8566670417785645,2.610318899154663,38700
2008-12-04,2.7300000190734863,2.8299999237060547,2.6433329582214355,2.6433329582214355,2.4153831005096436,36600
2008-12-05,2.5399999618530273,2.733333110809326,2.5366671085357666,2.733333110809326,2.497622489929199,64200
2008-12-08,2.7966670989990234,2.9000000953674316,2.766666889190674,2.819999933242798,2.576815605163574,131700
2008-12-09,2.7766671180725098,2.99666690826416,2.7766671180725098,2.923332929611206,2.671236515045166,59100
2008-12-10,3.00333309173584,3.049999952316284,2.9166669845581055,2.9733328819274902,2.7169244289398193,61800
2008-12-11,2.9600000381469727,3.0299999713897705,2.9166669845581055,2.923332929611206,2.671236515045166,32100
2008-12-12,2.8933329582214355,3.066667079925537,2.8933329582214355,3.063333034515381,2.7991631031036377,78600
2008-12-15,2.9800000190734863,3.0333330631256104,2.9700000286102295,3.0333330631256104,2.7717509269714355,24000
2008-12-16,3.1766669750213623,3.200000047683716,3.0399999618530273,3.1766669750213623,2.9027249813079834,43500
2008-12-17,3.1666669845581055,3.240000009536743,3.1533329486846924,3.2200000286102295,2.9423208236694336,13800
2008-12-18,3.2633330821990967,3.2633330821990967,2.990000009536743,2.990000009536743,2.7321553230285645,62400
2008-12-19,3.1066670417785645,3.123332977294922,3.069999933242798,3.069999933242798,2.8200318813323975,30600
2008-12-22,3.0,3.00333309173584,2.9100000858306885,2.9600000381469727,2.7189888954162598,30600
2008-12-23,2.990000009536743,3.00333309173584,2.890000104904175,2.8933329582214355,2.657749652862549,52500
2008-12-24,2.936666965484619,2.936666965484619,2.9000000953674316,2.9266669750213623,2.6883695125579834,36900
2008-12-26,2.923332929611206,2.923332929611206,2.8833329677581787,2.9033329486846924,2.666935920715332,62400
2008-12-29,2.9066669940948486,2.9066669940948486,2.8399999141693115,2.873332977294922,2.639378786087036,59100
2008-12-30,2.9266669750213623,2.99666690826416,2.9033329486846924,2.99666690826416,2.7526705265045166,60000
2008-12-31,3.0,3.0799999237060547,3.0,3.0799999237060547,2.8292179107666016,108600
2009-01-02,3.069999933242798,3.196666955947876,3.066667079925537,3.196666955947876,2.936384916305542,28500
2009-01-05,3.1766669750213623,3.2133328914642334,3.173332929611206,3.2100000381469727,2.9486327171325684,7200
2009-01-06,3.2133328914642334,3.3433330059051514,3.190000057220459,3.3433330059051514,3.0711092948913574,29400
2009-01-07,3.240000009536743,3.25,3.1533329486846924,3.186666965484619,2.9272007942199707,47700
2009-01-08,3.126667022705078,3.180000066757202,3.103332996368408,3.180000066757202,2.9210758209228516,14400
2009-01-09,3.173332929611206,3.173332929611206,3.0466670989990234,3.076667070388794,2.8261563777923584,27600
2009-01-12,3.0133330821990967,3.0266671180725098,2.9700000286102295,2.9800000190734863,2.7373595237731934,45300
2009-01-13,2.9766669273376465,3.0566670894622803,2.9600000381469727,3.006666898727417,2.761855125427246,75300
2009-01-14,2.956666946411133,2.956666946411133,2.873332977294922,2.890000104904175,2.654688835144043,24300
2009-01-15,2.9033329486846924,2.946666955947876,2.813333034515381,2.946666955947876,2.706740617752075,141300
2009-01-16,3.0333330631256104,3.0333330631256104,2.930000066757202,3.0233330726623535,2.777165412902832,147600
2009-01-20,2.9800000190734863,2.9800000190734863,2.809999942779541,2.809999942779541,2.581202268600464,50100
2009-01-21,2.853332996368408,2.859999895095825,2.7799999713897705,2.859999895095825,2.6271309852600098,25500
2009-01-22,2.809999942779541,2.876667022705078,2.756666898727417,2.8333330154418945,2.602635383605957,49800
2009-01-23,2.813333034515381,2.99666690826416,2.813333034515381,2.950000047683716,2.709803581237793,53700
2009-01-26,3.0133330821990967,3.0466670989990234,2.9633328914642334,3.0,2.7557311058044434,415500
2009-01-27,3.009999990463257,3.086667060852051,3.009999990463257,3.076667070388794,2.8261563777923584,112200
2009-01-28,3.0899999141693115,3.206666946411133,3.0899999141693115,3.1533329486846924,2.896580219268799,346800
2009-01-29,3.119999885559082,3.119999885559082,3.0333330631256104,3.043333053588867,2.795536518096924,51900
2009-01-30,3.0399999618530273,3.0399999618530273,2.956666946411133,2.9733328819274902,2.7312355041503906,24300
2009-02-02,2.8933329582214355,3.0199999809265137,2.8933329582214355,3.00333309173584,2.758793592453003,39000
2009-02-03,2.9600000381469727,3.049999952316284,2.9600000381469727,3.0233330726623535,2.777165412902832,42300
2009-02-04,3.00333309173584,3.1566669940948486,3.00333309173584,3.069999933242798,2.8200318813323975,102900
2009-02-05,3.0266671180725098,3.2133328914642334,2.9600000381469727,3.190000057220459,2.9302616119384766,197100
2009-02-06,3.196666955947876,3.319999933242798,3.183332920074463,3.309999942779541,3.04049015045166,114900
2009-02-09,3.2866671085357666,3.2966670989990234,3.2366669178009033,3.2699999809265137,3.0037479400634766,78900
2009-02-10,3.2899999618530273,3.2899999618530273,3.109999895095825,3.1166670322418213,2.8628993034362793,49500
2009-02-11,3.1066670417785645,3.1066670417785645,3.059999942779541,3.0833330154418945,2.832279682159424,29100
2009-02-12,3.0466670989990234,3.180000066757202,3.0466670989990234,3.163332939147949,2.905766487121582,27300
2009-02-13,3.1700000762939453,3.266666889190674,3.1700000762939453,3.243333101272583,2.9792532920837402,90300
2009-02-17,3.136667013168335,3.136667013168335,3.049999952316284,3.049999952316284,2.8016605377197266,323100
2009-02-18,3.063333034515381,3.0933330059051514,3.009999990463257,3.0366671085357666,2.7894132137298584,270600
2009-02-19,3.0399999618530273,3.0399999618530273,2.8933329582214355,2.896667003631592,2.6608126163482666,32400
2009-02-20,2.836667060852051,2.9266669750213623,2.8299999237060547,2.876667022705078,2.6424412727355957,105900
2009-02-23,2.9533329010009766,2.9533329010009766,2.75333309173584,2.756666898727417,2.5322113037109375,101100
2009-02-24,2.75,2.876667022705078,2.743333101272583,2.863332986831665,2.630192756652832,96900
2009-02-25,2.8399999141693115,2.9633328914642334,2.8233330249786377,2.8933329582214355,2.657749652862549,21600
2009-02-26,2.8433330059051514,3.0133330821990967,2.836667060852051,2.859999895095825,2.6271309852600098,116400
2009-02-27,2.813333034515381,2.913332939147949,2.813333034515381,2.863332986831665,2.630192756652832,92700
2009-03-02,2.7966670989990234,2.799999952316284,2.6666669845581055,2.6700000762939453,2.4526021480560303,76200
2009-03-03,2.706666946411133,2.75,2.6700000762939453,2.690000057220459,2.4709722995758057,133200
2009-03-04,2.7033329010009766,2.8233330249786377,2.7033329010009766,2.7833330631256104,2.556706666946411,28500
2009-03-05,2.7799999713897705,2.816667079925537,2.733333110809326,2.743333101272583,2.5199639797210693,39300
2009-03-06,2.756666898727417,2.7966670989990234,2.6533329486846924,2.7133328914642334,2.492405891418457,57000
2009-03-09,2.673332929611206,2.7766671180725098,2.6600000858306885,2.6600000858306885,2.443415880203247,12600
2009-03-10,2.8933329582214355,2.8933329582214355,2.75333309173584,2.8499999046325684,2.6179447174072266,468300
2009-03-11,2.9166669845581055,2.956666946411133,2.886667013168335,2.9266669750213623,2.6883695125579834,158100
2009-03-12,2.933332920074463,3.049999952316284,2.9166669845581055,3.0399999618530273,2.7924752235412598,280500
2009-03-13,3.173332929611206,3.173332929611206,3.0266671180725098,3.053333044052124,2.804722785949707,113700
2009-03-16,3.2166669368743896,3.2166669368743896,2.940000057220459,2.9433329105377197,2.703679084777832,220200
2009-03-17,2.993333101272583,3.066667079925537,2.956666946411133,3.066667079925537,2.816970109939575,312300
2009-03-18,3.0466670989990234,3.25,3.0466670989990234,3.196666955947876,2.936384916305542,104100
2009-03-19,3.2166669368743896,3.2166669368743896,3.1566669940948486,3.186666965484619,2.9272007942199707,139500
2009-03-20,3.1766669750213623,3.183332920074463,3.0399999618530273,3.053333044052124,2.804722785949707,102300
2009-03-23,3.086667060852051,3.243333101272583,3.086667060852051,3.243333101272583,2.9792532920837402,53700
2009-03-24,3.2033329010009766,3.2200000286102295,3.126667022705078,3.126667022705078,2.8720853328704834,184200
2009-03-25,3.196666955947876,3.2366669178009033,3.086667060852051,3.1433329582214355,2.8873941898345947,475500
2009-03-26,3.2100000381469727,3.2733330726623535,3.186666965484619,3.2733330726623535,3.006809949874878,176400
2009-03-27,3.2766671180725098,3.2766671180725098,3.2100000381469727,3.2366669178009033,2.9731287956237793,94500
2009-03-30,3.0466670989990234,3.126667022705078,3.0466670989990234,3.126667022705078,2.8720853328704834,62400
2009-03-31,3.146667003631592,3.2166669368743896,3.140000104904175,3.1500000953674316,2.8935177326202393,47100
2009-04-01,3.2733330726623535,3.2733330726623535,3.069999933242798,3.1933329105377197,2.9333226680755615,227100
2009-04-02,3.240000009536743,3.3466670513153076,3.233333110809326,3.2866671085357666,3.019057512283325,185100
2009-04-03,3.2833330631256104,3.3466670513153076,3.25,3.3466670513153076,3.074172019958496,436500
2009-04-06,3.316667079925537,3.316667079925537,3.2133328914642334,3.2799999713897705,3.0129337310791016,102600
2009-04-07,3.240000009536743,3.240000009536743,3.1533329486846924,3.1666669845581055,2.908827066421509,75300
2009-04-08,3.190000057220459,3.2366669178009033,3.1533329486846924,3.2366669178009033,2.9731287956237793,75000
2009-04-09,3.2899999618530273,3.369999885559082,3.2899999618530273,3.3666670322418213,3.0925447940826416,86100
2009-04-13,3.303333044052124,3.3566670417785645,3.2766671180725098,3.3399999141693115,3.068047523498535,45300
2009-04-14,3.2866671085357666,3.353332996368408,3.2866671085357666,3.3233330249786377,3.052738666534424,53100
2009-04-15,3.259999990463257,3.299999952316284,3.243333101272583,3.299999952316284,3.0313050746917725,83700
2009-04-16,3.336667060852051,3.436666965484619,3.316667079925537,3.430000066757202,3.1507198810577393,265800
2009-04-17,3.423332929611206,3.4533329010009766,3.380000114440918,3.440000057220459,3.159905433654785,70200
2009-04-20,3.373332977294922,3.373332977294922,3.2966670989990234,3.316667079925537,3.0466153621673584,26100
2009-04-21,3.3399999141693115,3.3666670322418213,3.0333330631256104,3.3666670322418213,3.0925447940826416,105600
2009-04-22,3.363332986831665,3.4733328819274902,3.363332986831665,3.4000000953674316,3.1231629848480225,45300
2009-04-23,3.4166669845581055,3.4166669845581055,3.2866671085357666,3.359999895095825,3.0864195823669434,46500
2009-04-24,3.3233330249786377,3.423332929611206,3.3233330249786377,3.4033329486846924,3.1262240409851074,101400
2009-04-27,3.386667013168335,3.4266669750213623,3.3566670417785645,3.376667022705078,3.1017298698425293,81000
2009-04-28,3.3833329677581787,3.3833329677581787,3.3233330249786377,3.3299999237060547,3.0588631629943848,310500
2009-04-29,3.376667022705078,3.4600000381469727,3.376667022705078,3.413332939147949,3.1354105472564697,62400
2009-04-30,3.4866669178009033,3.543333053588867,3.433332920074463,3.4766669273376465,3.193587303161621,138600
2009-05-01,3.4733328819274902,3.49666690826416,3.413332939147949,3.4766669273376465,3.193587303161621,48000
2009-05-04,3.5366671085357666,3.6066670417785645,3.509999990463257,3.5933330059051514,3.3007538318634033,180000
2009-05-05,3.5466670989990234,3.559999942779541,3.5,3.559999942779541,3.2701354026794434,46500
2009-05-06,3.609999895095825,3.609999895095825,3.5199999809265137,3.5833330154418945,3.2915689945220947,86100
2009-05-07,3.6566669940948486,3.6566669940948486,3.3833329677581787,3.433332920074463,3.153780460357666,91800
2009-05-08,3.5266671180725098,3.5266671180725098,3.326667070388794,3.373332977294922,3.098668098449707,78900
2009-05-11,3.493333101272583,3.493333101272583,3.2866671085357666,3.363332986831665,3.0894813537597656,113400
2009-05-12,3.3566670417785645,3.3666670322418213,3.2266669273376465,3.2833330631256104,3.0159947872161865,86700
2009-05-13,3.2266669273376465,3.2633330821990967,3.173332929611206,3.183332920074463,2.9241368770599365,80400
2009-05-14,3.180000066757202,3.2833330631256104,3.180000066757202,3.2633330821990967,2.9976236820220947,113100
2009-05-15,3.259999990463257,3.2799999713897705,3.2266669273376465,3.2366669178009033,2.9731287956237793,23400
2009-05-18,3.2766671180725098,3.3333330154418945,3.2766671180725098,3.3333330154418945,3.0619239807128906,178200
2009-05-19,3.3433330059051514,3.4433329105377197,3.299999952316284,3.3933329582214355,3.1170384883880615,534300
2009-05-20,3.446666955947876,3.5333330631256104,3.4100000858306885,3.4100000858306885,3.1323487758636475,213600
2009-05-21,3.3666670322418213,3.3933329582214355,3.2966670989990234,3.3399999141693115,3.068047523498535,86400
2009-05-22,3.3433330059051514,3.380000114440918,3.3299999237060547,3.3399999141693115,3.068047523498535,89100
2009-05-26,3.3333330154418945,3.4733328819274902,3.316667079925537,3.4600000381469727,3.1782782077789307,75600
2009-05-27,3.4700000286102295,3.549999952316284,3.4700000286102295,3.4733328819274902,3.1905250549316406,218700
2009-05-28,3.4866669178009033,3.5199999809265137,3.433332920074463,3.516666889190674,3.2303309440612793,66300
2009-05-29,3.5366671085357666,3.549999952316284,3.4866669178009033,3.549999952316284,3.26094913482666,252000
2009-06-01,3.623332977294922,3.7166669368743896,3.623332977294922,3.7100000381469727,3.407921552658081,60900
2009-06-02,3.690000057220459,3.690000057220459,3.6166670322418213,3.6166670322418213,3.3221874237060547,70800
2009-06-03,3.613332986831665,3.613332986831665,3.5366671085357666,3.5733330249786377,3.2823827266693115,54900
2009-06-04,3.5933330059051514,3.6333329677581787,3.5733330249786377,3.623332977294922,3.3283116817474365,44700
2009-06-05,3.636667013168335,3.6600000858306885,3.5833330154418945,3.5933330059051514,3.3007538318634033,31800
2009-06-08,3.5933330059051514,3.640000104904175,3.5366671085357666,3.6066670417785645,3.313002109527588,83100
2009-06-09,3.6700000762939453,3.7699999809265137,3.6700000762939453,3.7366669178009033,3.432417631149292,81300
2009-06-10,3.75333309173584,3.759999990463257,3.6666669845581055,3.740000009536743,3.4354779720306396,42300
2009-06-11,3.7633330821990967,3.7866671085357666,3.733333110809326,3.75,3.4446654319763184,91500
2009-06-12,3.7166669368743896,3.75,3.6500000953674316,3.7100000381469727,3.407921552658081,137700
2009-06-15,3.6600000858306885,3.6933329105377197,3.5966670513153076,3.6933329105377197,3.392611503601074,56700
2009-06-16,3.6933329105377197,3.696666955947876,3.613332986831665,3.626667022705078,3.331373691558838,100200
2009-06-17,3.623332977294922,3.686666965484619,3.563333034515381,3.6566669940948486,3.358930826187134,132900
2009-06-18,3.673332929611206,3.673332929611206,3.5899999141693115,3.6166670322418213,3.3221874237060547,350400
2009-06-19,3.6566669940948486,3.6700000762939453,3.619999885559082,3.640000104904175,3.3460888862609863,24000
2009-06-22,3.5966670513153076,3.626667022705078,3.5266671180725098,3.5266671180725098,3.2419064044952393,39600
2009-06-23,3.5233330726623535,3.5233330726623535,3.4433329105377197,3.493333101272583,3.2112648487091064,304500
2009-06-24,3.490000009536743,3.5899999141693115,3.490000009536743,3.553333044052124,3.2664196491241455,56700
2009-06-25,3.5466670989990234,3.626667022705078,3.543333053588867,3.626667022705078,3.3338332176208496,81900
2009-06-26,3.6600000858306885,3.6600000858306885,3.626667022705078,3.6433329582214355,3.3491530418395996,91200
2009-06-29,3.6333329677581787,3.663332939147949,3.5966670513153076,3.630000114440918,3.336897134780884,42900
2009-06-30,3.636667013168335,3.680000066757202,3.5833330154418945,3.6333329677581787,3.3399598598480225,114900
2009-07-01,3.6533329486846924,3.7100000381469727,3.6533329486846924,3.690000057220459,3.3920516967773438,9000
2009-07-02,3.619999885559082,3.630000114440918,3.5999999046325684,3.6166670322418213,3.324639320373535,35400
2009-07-06,3.5933330059051514,3.609999895095825,3.506666898727417,3.5333330631256104,3.2480344772338867,23700
2009-07-07,3.563333034515381,3.6066670417785645,3.506666898727417,3.506666898727417,3.2235209941864014,26100
2009-07-08,3.5199999809265137,3.5199999809265137,3.4200000762939453,3.4766669273376465,3.19594407081604,78600
2009-07-09,3.4800000190734863,3.563333034515381,3.4800000190734863,3.5233330726623535,3.238842248916626,33000
2009-07-10,3.5199999809265137,3.5566670894622803,3.5,3.5399999618530273,3.2541637420654297,11100
2009-07-13,3.5366671085357666,3.623332977294922,3.490000009536743,3.619999885559082,3.3277037143707275,126600
2009-07-14,3.619999885559082,3.6700000762939453,3.609999895095825,3.6666669845581055,3.3706018924713135,87600
2009-07-15,3.7833330631256104,3.816667079925537,3.759999990463257,3.8066670894622803,3.499298095703125,89700
2009-07-16,3.7799999713897705,3.8666670322418213,3.7699999809265137,3.8566670417785645,3.5452613830566406,101100
2009-07-17,3.8666670322418213,3.8933329582214355,3.8299999237060547,3.8933329582214355,3.5789666175842285,107700
2009-07-20,3.913332939147949,3.923332929611206,3.876667022705078,3.923332929611206,3.6065444946289062,133500
2009-07-21,3.946666955947876,3.946666955947876,3.8333330154418945,3.9000000953674316,3.585095167160034,330600
2009-07-22,3.9000000953674316,4.006667137145996,3.9000000953674316,4.0,3.677021026611328,409500
2009-07-23,3.9866669178009033,4.070000171661377,3.9766669273376465,4.056666851043701,3.7291111946105957,70500
2009-07-24,4.016666889190674,4.056666851043701,3.950000047683716,4.056666851043701,3.7291111946105957,155400
2009-07-27,4.050000190734863,4.063333034515381,3.993333101272583,4.043333053588867,3.7168545722961426,114900
2009-07-28,4.046667098999023,4.066667079925537,3.993333101272583,4.059999942779541,3.7321765422821045,132000
2009-07-29,4.010000228881836,4.059999942779541,4.00333309173584,4.046667098999023,3.7199206352233887,92100
2009-07-30,4.126667022705078,4.170000076293945,4.070000171661377,4.076666831970215,3.7474961280822754,130500
2009-07-31,4.0966668128967285,4.113333225250244,4.056666851043701,4.076666831970215,3.7474961280822754,171600
2009-08-03,4.136666774749756,4.156667232513428,4.0833330154418945,4.126667022705078,3.793459892272949,69600
2009-08-04,4.116666793823242,4.1433329582214355,4.0966668128967285,4.113333225250244,3.781203031539917,422700
2009-08-05,4.0966668128967285,4.103332996368408,4.0233330726623535,4.070000171661377,3.7413675785064697,59100
2009-08-06,4.090000152587891,4.090000152587891,3.9633328914642334,3.9866669178009033,3.664764404296875,86700
2009-08-07,4.056666851043701,4.066667079925537,3.950000047683716,3.99666690826416,3.6739561557769775,189300
2009-08-10,3.9800000190734863,3.99666690826416,3.933332920074463,3.9733328819274902,3.6525073051452637,117000
2009-08-11,3.936666965484619,3.946666955947876,3.9100000858306885,3.9266669750213623,3.609609365463257,169200
2009-08-12,3.9200000762939453,4.046667098999023,3.9200000762939453,4.019999980926514,3.6954052448272705,61200
2009-08-13,4.050000190734863,4.099999904632568,4.010000228881836,4.0966668128967285,3.7658822536468506,95400
2009-08-14,4.070000171661377,4.070000171661377,3.990000009536743,4.016666889190674,3.6923415660858154,103800
2009-08-17,3.913332939147949,3.9200000762939453,3.876667022705078,3.880000114440918,3.5667099952697754,169500
2009-08-18,3.8833329677581787,3.9633328914642334,3.8833329677581787,3.956666946411133,3.637186050415039,260700
2009-08-19,3.950000047683716,4.0,3.930000066757202,4.0,3.677021026611328,66600
2009-08-20,4.019999980926514,4.02666711807251,3.9766669273376465,4.0233330726623535,3.6984708309173584,79800
2009-08-21,4.046667098999023,4.086667060852051,4.046667098999023,4.086667060852051,3.7566912174224854,64500
2009-08-24,4.079999923706055,4.126667022705078,4.043333053588867,4.046667098999023,3.7199206352233887,77400
2009-08-25,4.053332805633545,4.0966668128967285,4.046667098999023,4.086667060852051,3.7566912174224854,97200
2009-08-26,4.103332996368408,4.116666793823242,4.079999923706055,4.099999904632568,3.7689461708068848,14100
2009-08-27,4.093332767486572,4.0966668128967285,4.02666711807251,4.090000152587891,3.7597527503967285,22500
2009-08-28,4.119999885559082,4.21999979019165,4.119999885559082,4.176667213439941,3.839423656463623,57600
2009-08-31,4.079999923706055,4.103332996368408,4.079999923706055,4.090000152587891,3.7597527503967285,54300
2009-09-01,4.0966668128967285,4.150000095367432,3.9866669178009033,3.99666690826416,3.6739561557769775,48000
2009-09-02,3.9633328914642334,4.013332843780518,3.9633328914642334,3.9700000286102295,3.6494433879852295,30300
2009-09-03,3.9866669178009033,4.03000020980835,3.9733328819274902,4.03000020980835,3.7045984268188477,22500
2009-09-04,4.0233330726623535,4.119999885559082,4.0233330726623535,4.119999885559082,3.7873315811157227,28500
2009-09-08,4.183332920074463,4.2266669273376465,4.163332939147949,4.2266669273376465,3.885385274887085,44700
2009-09-09,4.243332862854004,4.296667098999023,4.203332901000977,4.269999980926514,3.925219774246216,69900
2009-09-10,4.300000190734863,4.376667022705078,4.300000190734863,4.376667022705078,4.023273468017578,66300
2009-09-11,4.3933329582214355,4.3933329582214355,4.269999980926514,4.300000190734863,3.95279598236084,60000
2009-09-14,4.2866668701171875,4.309999942779541,4.266666889190674,4.309999942779541,3.9619898796081543,41700
2009-09-15,4.329999923706055,4.340000152587891,4.303332805633545,4.320000171661377,3.9711830615997314,34500
2009-09-16,4.3566670417785645,4.3566670417785645,4.293333053588867,4.323332786560059,3.9742467403411865,78300
2009-09-17,4.300000190734863,4.340000152587891,4.25333309173584,4.263332843780518,3.91909122467041,26700
2009-09-18,4.300000190734863,4.309999942779541,4.25,4.260000228881836,3.9206252098083496,45000
2009-09-21,4.256667137145996,4.300000190734863,4.230000019073486,4.256667137145996,3.917558431625366,47700
2009-09-22,4.27666711807251,4.316667079925537,4.27666711807251,4.296667098999023,3.9543731212615967,73800
2009-09-23,4.320000171661377,4.383333206176758,4.313333034515381,4.313333034515381,3.9697065353393555,53400
2009-09-24,4.3333330154418945,4.3333330154418945,4.176667213439941,4.193333148956299,3.859269618988037,79500
2009-09-25,4.159999847412109,4.216667175292969,4.1533331871032715,4.170000076293945,3.837794542312622,236400
2009-09-28,4.25333309173584,4.316667079925537,4.25,4.27666711807251,3.9359641075134277,38400
2009-09-29,4.263332843780518,4.263332843780518,4.210000038146973,4.2133331298828125,3.8776752948760986,23400
2009-09-30,4.216667175292969,4.266666889190674,4.176667213439941,4.193333148956299,3.859269618988037,42000
2009-10-01,4.1666669845581055,4.1666669845581055,3.9633328914642334,3.9633328914642334,3.647592306137085,281100
2009-10-02,3.9200000762939453,3.990000009536743,3.9166669845581055,3.9266669750213623,3.613846778869629,81000
2009-10-05,3.950000047683716,4.02666711807251,3.950000047683716,4.013332843780518,3.6936089992523193,58500
2009-10-06,4.046667098999023,4.126667022705078,4.046667098999023,4.0966668128967285,3.7703042030334473,84300
2009-10-07,4.056666851043701,4.113333225250244,4.056666851043701,4.076666831970215,3.751896858215332,353100
2009-10-08,4.116666793823242,4.116666793823242,4.0366668701171875,4.039999961853027,3.718151092529297,220200
2009-10-09,4.046667098999023,4.186666965484619,4.046667098999023,4.183332920074463,3.8500659465789795,60600
2009-10-12,4.193333148956299,4.263332843780518,4.193333148956299,4.216667175292969,3.880744218826294,75600
2009-10-13,4.22333288192749,4.243332862854004,4.190000057220459,4.210000038146973,3.8746068477630615,72000
2009-10-14,4.313333034515381,4.340000152587891,4.25,4.27666711807251,3.9359641075134277,110100
2009-10-15,4.256667137145996,4.256667137145996,4.183332920074463,4.183332920074463,3.8500659465789795,129900
2009-10-16,4.159999847412109,4.159999847412109,4.046667098999023,4.086667060852051,3.761101722717285,114000
2009-10-19,4.116666793823242,4.173333168029785,4.079999923706055,4.146667003631592,3.8163206577301025,72300
2009-10-20,4.1666669845581055,4.1666669845581055,4.0966668128967285,4.1066670417785645,3.7795071601867676,45900
2009-10-21,4.126667022705078,4.156667232513428,4.02666711807251,4.02666711807251,3.7058804035186768,62700
2009-10-22,4.006667137145996,4.0233330726623535,3.9166669845581055,4.010000228881836,3.690542221069336,50400
2009-10-23,4.013332843780518,4.039999961853027,3.933332920074463,3.950000047683716,3.6353206634521484,88800
2009-10-26,3.990000009536743,4.033332824707031,3.930000066757202,3.933332920074463,3.6199824810028076,49500
2009-10-27,3.9633328914642334,3.9633328914642334,3.6666669845581055,3.859999895095825,3.5524909496307373,380400
2009-10-28,3.836667060852051,3.869999885559082,3.7100000381469727,3.7166669368743896,3.420576333999634,1145700
2009-10-29,3.74666690826416,3.8066670894622803,3.74666690826416,3.793333053588867,3.491135597229004,506400
2009-10-30,3.7866671085357666,3.7866671085357666,3.686666965484619,3.690000057220459,3.3960347175598145,184200
2009-11-02,3.706666946411133,3.7233328819274902,3.630000114440918,3.673332929611206,3.3806943893432617,190200
2009-11-03,3.640000104904175,3.6600000858306885,3.5799999237060547,3.6533329486846924,3.3622887134552,294900
2009-11-04,3.700000047683716,3.759999990463257,3.6600000858306885,3.680000066757202,3.386831045150757,234900
2009-11-05,3.7266669273376465,3.813333034515381,3.7266669273376465,3.803333044052124,3.500338315963745,97800
2009-11-06,3.7699999809265137,3.8466670513153076,3.7633330821990967,3.803333044052124,3.500338315963745,119700
2009-11-09,3.869999885559082,3.9266669750213623,3.863332986831665,3.923332929611206,3.6107797622680664,79500
2009-11-10,3.930000066757202,3.946666955947876,3.8933329582214355,3.9066669940948486,3.5954408645629883,28200
2009-11-11,3.956666946411133,4.010000228881836,3.9533329010009766,3.9733328819274902,3.6567952632904053,95400
2009-11-12,4.0233330726623535,4.0233330726623535,3.936666965484619,3.936666965484619,3.6230509281158447,32400
2009-11-13,3.9433329105377197,3.9866669178009033,3.940000057220459,3.9700000286102295,3.653729200363159,17700
2009-11-16,4.0,4.110000133514404,3.9866669178009033,4.090000152587891,3.764167308807373,57600
2009-11-17,4.073332786560059,4.103332996368408,4.059999942779541,4.099999904632568,3.7733724117279053,20400
2009-11-18,4.093332767486572,4.093332767486572,4.043333053588867,4.070000171661377,3.745760917663574,45300
2009-11-19,3.913332939147949,3.936666965484619,3.8833329677581787,3.930000066757202,3.6169145107269287,227400
2009-11-20,3.890000104904175,3.913332939147949,3.766666889190674,3.913332939147949,3.6015753746032715,111300
2009-11-23,3.956666946411133,4.013332843780518,3.956666946411133,3.9800000190734863,3.662931442260742,41400
2009-11-24,3.983333110809326,4.006667137145996,3.9800000190734863,3.993333101272583,3.675201416015625,55500
2009-11-25,4.0,4.013332843780518,3.9866669178009033,4.0,3.681338310241699,86400
2009-11-27,3.9066669940948486,3.950000047683716,3.803333044052124,3.9433329105377197,3.629185676574707,42300
2009-11-30,3.9066669940948486,3.936666965484619,3.8833329677581787,3.936666965484619,3.6230509281158447,29100
2009-12-01,4.016666889190674,4.0833330154418945,4.013332843780518,4.066667079925537,3.7426939010620117,96300
2009-12-02,4.090000152587891,4.1666669845581055,4.090000152587891,4.146667003631592,3.8163206577301025,35100
2009-12-03,4.196667194366455,4.210000038146973,4.1666669845581055,4.179999828338623,3.8469979763031006,21000
2009-12-04,4.210000038146973,4.289999961853027,4.210000038146973,4.266666889190674,3.926759958267212,27900
2009-12-07,4.239999771118164,4.306666851043701,4.239999771118164,4.28000020980835,3.939033269882202,26100
2009-12-08,4.243332862854004,4.306666851043701,4.243332862854004,4.27666711807251,3.9359641075134277,55200
2009-12-09,4.25333309173584,4.27666711807251,4.2266669273376465,4.269999980926514,3.9298295974731445,81300
2009-12-10,4.263332843780518,4.309999942779541,4.256667137145996,4.256667137145996,3.917558431625366,54300
2009-12-11,4.256667137145996,4.256667137145996,4.203332901000977,4.236667156219482,3.8991501331329346,24300
2009-12-14,4.243332862854004,4.309999942779541,4.243332862854004,4.309999942779541,3.9666435718536377,23100
2009-12-15,4.283332824707031,4.326666831970215,4.263332843780518,4.263332843780518,3.923692226409912,23700
2009-12-16,4.27666711807251,4.376667022705078,4.27666711807251,4.343332767486572,3.9973199367523193,57600
2009-12-17,4.329999923706055,4.329999923706055,4.260000228881836,4.28000020980835,3.939033269882202,33300
2009-12-18,4.313333034515381,4.313333034515381,4.266666889190674,4.306666851043701,3.9744086265563965,19500
2009-12-21,4.376667022705078,4.4166669845581055,4.376667022705078,4.4166669845581055,4.075921535491943,30900
2009-12-22,4.413332939147949,4.489999771118164,4.413332939147949,4.483333110809326,4.137445449829102,61500
2009-12-23,4.50333309173584,4.533332824707031,4.480000019073486,4.50333309173584,4.155901908874512,38400
2009-12-24,4.49666690826416,4.556666851043701,4.49666690826416,4.553332805633545,4.202042579650879,39900
2009-12-28,4.573332786560059,4.573332786560059,4.489999771118164,4.516666889190674,4.168206214904785,60600
2009-12-29,4.486667156219482,4.513332843780518,4.46999979019165,4.513332843780518,4.165128707885742,52800
2009-12-30,4.483333110809326,4.550000190734863,4.483333110809326,4.550000190734863,4.198966979980469,48000
2009-12-31,4.559999942779541,4.573332786560059,4.510000228881836,4.510000228881836,4.162054061889648,81300
2010-01-04,4.626667022705078,4.626667022705078,4.579999923706055,4.579999923706055,4.226653575897217,25800
2010-01-05,4.566667079925537,4.590000152587891,4.559999942779541,4.573332786560059,4.220500946044922,31200
2010-01-06,4.576666831970215,4.579999923706055,4.546667098999023,4.550000190734863,4.198966979980469,75300
2010-01-07,4.513332843780518,4.543333053588867,4.506667137145996,4.5366668701171875,4.186663627624512,89400
2010-01-08,4.53000020980835,4.570000171661377,4.519999980926514,4.566667079925537,4.214348793029785,44100
2010-01-11,4.579999923706055,4.579999923706055,4.5233330726623535,4.5366668701171875,4.186663627624512,13200
2010-01-12,4.50333309173584,4.50333309173584,4.386666774749756,4.4033331871032715,4.0636162757873535,60300
2010-01-13,4.433332920074463,4.4766669273376465,4.3333330154418945,4.4766669273376465,4.131292819976807,349500
2010-01-14,4.460000038146973,4.466667175292969,4.433332920074463,4.456666946411133,4.112836837768555,82500
2010-01-15,4.466667175292969,4.46999979019165,4.316667079925537,4.320000171661377,3.9867136478424072,46200
2010-01-19,4.329999923706055,4.376667022705078,4.323332786560059,4.366666793823242,4.029778957366943,66600
2010-01-20,4.336667060852051,4.3466668128967285,4.27666711807251,4.3466668128967285,4.011322021484375,51300
2010-01-21,4.353332996368408,4.4033331871032715,4.289999961853027,4.320000171661377,3.9867136478424072,427500
2010-01-22,4.260000228881836,4.260000228881836,4.123332977294922,4.130000114440918,3.811371088027954,74100
2010-01-25,4.150000095367432,4.196667194366455,4.150000095367432,4.176667213439941,3.854438304901123,167700
2010-01-26,4.173333168029785,4.196667194366455,4.139999866485596,4.150000095367432,3.8298277854919434,51300
2010-01-27,4.186666965484619,4.210000038146973,4.110000133514404,4.163332939147949,3.8421313762664795,63900
2010-01-28,4.093332767486572,4.0966668128967285,4.0,4.059999942779541,3.7467727661132812,174300
2010-01-29,4.116666793823242,4.119999885559082,3.896667003631592,3.9200000762939453,3.61757230758667,79800
2010-02-01,3.936666965484619,4.059999942779541,3.936666965484619,4.059999942779541,3.7467727661132812,49200
2010-02-02,4.076666831970215,4.133333206176758,4.063333034515381,4.110000133514404,3.792914390563965,42900
2010-02-03,4.079999923706055,4.116666793823242,4.056666851043701,4.086667060852051,3.7713825702667236,55200
2010-02-04,4.050000190734863,4.050000190734863,3.923332929611206,3.9433329105377197,3.639105796813965,68400
2010-02-05,3.950000047683716,3.990000009536743,3.886667013168335,3.990000009536743,3.6821720600128174,291000
2010-02-08,3.99666690826416,4.066667079925537,3.9633328914642334,4.043333053588867,3.7313902378082275,61500
2010-02-09,4.063333034515381,4.119999885559082,4.0366668701171875,4.0833330154418945,3.7683050632476807,94500
2010-02-10,4.076666831970215,4.126667022705078,4.050000190734863,4.126667022705078,3.8082947731018066,90600
2010-02-11,4.116666793823242,4.190000057220459,4.073332786560059,4.186666965484619,3.8636667728424072,151800
2010-02-12,4.1433329582214355,4.266666889190674,4.119999885559082,4.2266669273376465,3.9005796909332275,56700
2010-02-16,4.266666889190674,4.316667079925537,4.25333309173584,4.313333034515381,3.980557680130005,54000
2010-02-17,4.326666831970215,4.326666831970215,4.283332824707031,4.323332786560059,3.9897897243499756,83100
2010-02-18,4.313333034515381,4.369999885559082,4.309999942779541,4.363333225250244,4.026703357696533,24900
2010-02-19,4.340000152587891,4.409999847412109,4.340000152587891,4.396667003631592,4.057464599609375,30300
2010-02-22,4.413332939147949,4.413332939147949,4.363333225250244,4.369999885559082,4.032855987548828,22500
2010-02-23,4.366666793823242,4.366666793823242,4.239999771118164,4.2733330726623535,3.9436473846435547,27900
2010-02-24,4.320000171661377,4.380000114440918,4.320000171661377,4.366666793823242,4.029778957366943,44100
2010-02-25,4.309999942779541,4.343332767486572,4.260000228881836,4.343332767486572,4.008246421813965,47100
2010-02-26,4.3466668128967285,4.3466668128967285,4.289999961853027,4.340000152587891,4.005169868469238,42000
2010-03-01,4.353332996368408,4.460000038146973,4.353332996368408,4.460000038146973,4.115911483764648,162900
2010-03-02,4.456666946411133,4.516666889190674,4.453332901000977,4.46999979019165,4.125138759613037,164400
2010-03-03,4.49666690826416,4.516666889190674,4.426667213439941,4.443333148956299,4.100531578063965,69600
2010-03-04,4.449999809265137,4.449999809265137,4.389999866485596,4.423333168029785,4.0820746421813965,48300
2010-03-05,4.4766669273376465,4.516666889190674,4.449999809265137,4.50333309173584,4.155901908874512,124800
2010-03-08,4.516666889190674,4.516666889190674,4.493332862854004,4.506667137145996,4.158977031707764,95100
2010-03-09,4.493332862854004,4.53000020980835,4.486667156219482,4.49666690826416,4.149748802185059,66000
2010-03-10,4.510000228881836,4.593332767486572,4.510000228881836,4.563333034515381,4.211271286010742,101700
2010-03-11,4.570000171661377,4.570000171661377,4.5,4.533332824707031,4.183587074279785,56100
2010-03-12,4.559999942779541,4.559999942779541,4.5233330726623535,4.533332824707031,4.183587074279785,33300
2010-03-15,4.513332843780518,4.513332843780518,4.446667194366455,4.46999979019165,4.125138759613037,26100
2010-03-16,4.460000038146973,4.579999923706055,4.446667194366455,4.570000171661377,4.21742582321167,105000
2010-03-17,4.586667060852051,4.673333168029785,4.586667060852051,4.659999847412109,4.300479888916016,49800
2010-03-18,4.656667232513428,4.656667232513428,4.593332767486572,4.613333225250244,4.257415771484375,80100
2010-03-19,4.5233330726623535,4.613333225250244,4.406667232513428,4.5233330726623535,4.1743597984313965,41400
2010-03-22,4.510000228881836,4.633333206176758,4.493332862854004,4.630000114440918,4.272795677185059,31800
2010-03-23,4.659999847412109,4.7266669273376465,4.650000095367432,4.7266669273376465,4.362004280090332,76500
2010-03-24,4.71999979019165,4.71999979019165,4.6066670417785645,4.619999885559082,4.26356840133667,112800
2010-03-25,4.673333168029785,4.690000057220459,4.619999885559082,4.619999885559082,4.26356840133667,39000
2010-03-26,4.579999923706055,4.6533331871032715,4.573332786560059,4.586667060852051,4.232807159423828,30600
2010-03-29,4.613333225250244,4.630000114440918,4.599999904632568,4.613333225250244,4.257415771484375,54900
2010-03-30,4.626667022705078,4.650000095367432,4.599999904632568,4.650000095367432,4.29125452041626,52200
2010-03-31,4.633333206176758,4.670000076293945,4.610000133514404,4.616666793823242,4.260491847991943,119400
2010-04-01,4.646667003631592,4.7133331298828125,4.5966668128967285,4.599999904632568,4.245110034942627,72600
2010-04-05,4.610000133514404,4.730000019073486,4.610000133514404,4.7266669273376465,4.362004280090332,100800
2010-04-06,4.699999809265137,4.710000038146973,4.663332939147949,4.693333148956299,4.331240653991699,104400
2010-04-07,4.676667213439941,4.743332862854004,4.676667213439941,4.71999979019165,4.355851173400879,21300
2010-04-08,4.710000038146973,4.710000038146973,4.6433329582214355,4.690000057220459,4.32816743850708,34500
2010-04-09,4.673333168029785,4.716667175292969,4.673333168029785,4.716667175292969,4.352776527404785,9600
2010-04-12,4.75,4.800000190734863,4.716667175292969,4.793333053588867,4.42352819442749,42000
2010-04-13,4.78000020980835,4.813333034515381,4.766666889190674,4.803332805633545,4.432755470275879,55200
2010-04-14,4.909999847412109,5.070000171661377,4.909999847412109,5.070000171661377,4.678851127624512,132300
2010-04-15,5.066667079925537,5.090000152587891,5.039999961853027,5.059999942779541,4.669621467590332,110100
2010-04-16,5.053332805633545,5.053332805633545,4.900000095367432,4.949999809265137,4.568108081817627,65400
2010-04-19,4.946667194366455,4.9633331298828125,4.820000171661377,4.913332939147949,4.534270763397217,51000
2010-04-20,4.983333110809326,4.993332862854004,4.936666965484619,4.993332862854004,4.608099460601807,93000
2010-04-21,5.033332824707031,5.0366668701171875,4.889999866485596,4.940000057220459,4.55888032913208,60900
2010-04-22,4.876667022705078,5.019999980926514,4.803332805633545,5.019999980926514,4.632707595825195,55200
2010-04-23,4.989999771118164,5.02666711807251,4.936666965484619,5.02666711807251,4.638859272003174,93300
2010-04-26,5.010000228881836,5.073332786560059,5.010000228881836,5.046667098999023,4.657317638397217,40800
2010-04-27,5.00333309173584,5.043333053588867,4.900000095367432,4.906667232513428,4.528117656707764,42900
2010-04-28,4.929999828338623,4.940000057220459,4.836667060852051,4.920000076293945,4.54042387008667,20700
2010-04-29,4.923333168029785,4.96999979019165,4.883333206176758,4.96999979019165,4.586565971374512,77400
2010-04-30,4.983333110809326,4.983333110809326,4.760000228881836,4.760000228881836,4.39276647567749,81300
2010-05-03,4.816667079925537,4.9033331871032715,4.806666851043701,4.889999866485596,4.512737274169922,45000
2010-05-04,4.813333034515381,4.813333034515381,4.650000095367432,4.686666965484619,4.325092315673828,170100
2010-05-05,4.630000114440918,4.686666965484619,4.543333053588867,4.619999885559082,4.26356840133667,71100
2010-05-06,4.579999923706055,5.0,3.7200000286102295,4.460000038146973,4.115911483764648,252600
2010-05-07,4.4033331871032715,4.456666946411133,4.21999979019165,4.3466668128967285,4.011322021484375,108900
2010-05-10,4.616666793823242,4.616666793823242,4.516666889190674,4.563333034515381,4.211271286010742,142800
2010-05-11,4.506667137145996,4.623332977294922,4.489999771118164,4.539999961853027,4.1897406578063965,44400
2010-05-12,4.570000171661377,4.6666669845581055,4.559999942779541,4.6666669845581055,4.30663537979126,48000
2010-05-13,4.650000095367432,4.693333148956299,4.553332805633545,4.570000171661377,4.21742582321167,92100
2010-05-14,4.5,4.5,4.326666831970215,4.409999847412109,4.069768905639648,113400
2010-05-17,4.4166669845581055,4.47333288192749,4.320000171661377,4.460000038146973,4.115911483764648,29400
2010-05-18,4.493332862854004,4.513332843780518,4.316667079925537,4.336667060852051,4.0020928382873535,56700
2010-05-19,4.380000114440918,4.380000114440918,4.266666889190674,4.3466668128967285,4.011322021484375,25800
2010-05-20,4.25,4.296667098999023,4.139999866485596,4.216667175292969,3.8913521766662598,83100
2010-05-21,4.193333148956299,4.353332996368408,4.103332996368408,4.28000020980835,3.9498000144958496,267900
2010-05-24,4.260000228881836,4.326666831970215,4.25,4.25,3.9221134185791016,54000
2010-05-25,4.119999885559082,4.233333110809326,4.043333053588867,4.21999979019165,3.894428253173828,108900
2010-05-26,4.320000171661377,4.336667060852051,4.233333110809326,4.239999771118164,3.912883758544922,46200
2010-05-27,4.326666831970215,4.4633331298828125,4.326666831970215,4.4633331298828125,4.118987083435059,312900
2010-05-28,4.46999979019165,4.46999979019165,4.3466668128967285,4.406667232513428,4.0666937828063965,96600
2010-06-01,4.353332996368408,4.423333168029785,4.28000020980835,4.28000020980835,3.9498000144958496,54300
2010-06-02,4.2866668701171875,4.400000095367432,4.2866668701171875,4.400000095367432,4.060539722442627,21600
2010-06-03,4.449999809265137,4.460000038146973,4.4033331871032715,4.453332901000977,4.109760284423828,73200
2010-06-04,4.380000114440918,4.406667232513428,4.2266669273376465,4.2266669273376465,3.9005796909332275,140400
2010-06-07,4.24666690826416,4.269999980926514,4.053332805633545,4.053332805633545,3.7406182289123535,114000
2010-06-08,4.076666831970215,4.076666831970215,3.933332920074463,4.013332843780518,3.703705072402954,70800
2010-06-09,4.079999923706055,4.179999828338623,4.010000228881836,4.010000228881836,3.700629711151123,188100
2010-06-10,4.090000152587891,4.173333168029785,4.090000152587891,4.173333168029785,3.8513615131378174,59100
2010-06-11,4.1433329582214355,4.266666889190674,4.1433329582214355,4.260000228881836,3.931342124938965,264000
2010-06-14,4.316667079925537,4.376667022705078,4.303332805633545,4.316667079925537,3.9836361408233643,30900
2010-06-15,4.360000133514404,4.52666711807251,4.360000133514404,4.52666711807251,4.1774373054504395,27300
2010-06-16,4.493332862854004,4.559999942779541,4.446667194366455,4.52666711807251,4.1774373054504395,19200
2010-06-17,4.566667079925537,4.566667079925537,4.486667156219482,4.546667098999023,4.19589376449585,45600
2010-06-18,4.563333034515381,4.593332767486572,4.5366668701171875,4.546667098999023,4.19989538192749,84900
2010-06-21,4.5966668128967285,4.630000114440918,4.480000019073486,4.489999771118164,4.147550582885742,108600
2010-06-22,4.489999771118164,4.543333053588867,4.400000095367432,4.4033331871032715,4.067492961883545,33300
2010-06-23,4.380000114440918,4.440000057220459,4.340000152587891,4.440000057220459,4.101363182067871,10800
2010-06-24,4.3333330154418945,4.336667060852051,4.2866668701171875,4.300000190734863,3.9720404148101807,125400
2010-06-25,4.243332862854004,4.27666711807251,4.239999771118164,4.27666711807251,3.950488328933716,60300
2010-06-28,4.283332824707031,4.376667022705078,4.283332824707031,4.360000133514404,4.0274658203125,29400
2010-06-29,4.28000020980835,4.28000020980835,4.103332996368408,4.130000114440918,3.815006971359253,80400
2010-06-30,4.156667232513428,4.163332939147949,4.066667079925537,4.066667079925537,3.7565042972564697,20700
2010-07-01,4.046667098999023,4.093332767486572,3.9266669750213623,4.056666851043701,3.7472665309906006,42900
2010-07-02,4.070000171661377,4.070000171661377,3.950000047683716,4.02666711807251,3.719555377960205,83700
2010-07-06,4.099999904632568,4.133333206176758,3.9666669368743896,3.990000009536743,3.6856849193573,70800
2010-07-07,4.073332786560059,4.206666946411133,4.073332786560059,4.206666946411133,3.88582706451416,13200
2010-07-08,4.233333110809326,4.24666690826416,4.176667213439941,4.24666690826416,3.922775983810425,76200
2010-07-09,4.243332862854004,4.323332786560059,4.243332862854004,4.323332786560059,3.9935946464538574,86100
2010-07-12,4.320000171661377,4.360000133514404,4.293333053588867,4.353332996368408,4.021306037902832,17100
2010-07-13,4.409999847412109,4.493332862854004,4.409999847412109,4.493332862854004,4.150628566741943,54600
2010-07-14,4.543333053588867,4.566667079925537,4.453332901000977,4.4633331298828125,4.122915744781494,69300
2010-07-15,4.480000019073486,4.480000019073486,4.389999866485596,4.413332939147949,4.076729774475098,8700
2010-07-16,4.3566670417785645,4.3566670417785645,4.306666851043701,4.313333034515381,3.984354257583618,32700
2010-07-19,4.323332786560059,4.373332977294922,4.28000020980835,4.360000133514404,4.0274658203125,24900
2010-07-20,4.293333053588867,4.373332977294922,4.233333110809326,4.373332977294922,4.03978157043457,41700
2010-07-21,4.409999847412109,4.409999847412109,4.293333053588867,4.300000190734863,3.9720404148101807,66900
2010-07-22,4.360000133514404,4.466667175292969,4.360000133514404,4.466667175292969,4.125998497009277,12000
2010-07-23,4.460000038146973,4.516666889190674,4.456666946411133,4.510000228881836,4.166025161743164,27600
2010-07-26,4.5,4.593332767486572,4.5,4.593332767486572,4.243002414703369,54900
2010-07-27,4.610000133514404,4.616666793823242,4.52666711807251,4.539999961853027,4.193737030029297,75300
2010-07-28,4.513332843780518,4.516666889190674,4.429999828338623,4.429999828338623,4.092126369476318,14700
2010-07-29,4.46999979019165,4.47333288192749,4.313333034515381,4.369999885559082,4.036702632904053,119100
2010-07-30,4.303332805633545,4.329999923706055,4.24666690826416,4.309999942779541,3.981278419494629,35700
2010-08-02,4.380000114440918,4.4166669845581055,4.336667060852051,4.3933329582214355,4.058254241943359,76800
2010-08-03,4.366666793823242,4.366666793823242,4.326666831970215,4.3566670417785645,4.024386882781982,109500
2010-08-04,4.389999866485596,4.389999866485596,4.376667022705078,4.389999866485596,4.055176734924316,38100
2010-08-05,4.429999828338623,4.443333148956299,4.3933329582214355,4.400000095367432,4.064412593841553,18300
2010-08-06,4.3466668128967285,4.396667003631592,4.326666831970215,4.3566670417785645,4.024386882781982,36300
2010-08-09,4.386666774749756,4.386666774749756,4.323332786560059,4.369999885559082,4.036702632904053,42900
2010-08-10,4.239999771118164,4.27666711807251,4.216667175292969,4.24666690826416,3.922775983810425,84300
2010-08-11,4.1666669845581055,4.1666669845581055,4.059999942779541,4.079999923706055,3.768819570541382,69300
2010-08-12,3.9666669368743896,4.02666711807251,3.9266669750213623,4.013332843780518,3.707237958908081,48300
2010-08-13,3.990000009536743,4.0233330726623535,3.983333110809326,3.983333110809326,3.6795268058776855,37500
2010-08-16,3.946666955947876,4.006667137145996,3.9100000858306885,3.983333110809326,3.6795268058776855,30600
2010-08-17,4.010000228881836,4.086667060852051,4.010000228881836,4.043333053588867,3.7349495887756348,127500
2010-08-18,4.056666851043701,4.1066670417785645,4.056666851043701,4.099999904632568,3.787295341491699,48000
2010-08-19,4.070000171661377,4.093332767486572,4.010000228881836,4.02666711807251,3.719555377960205,17100
2010-08-20,4.033332824707031,4.033332824707031,3.99666690826416,4.03000020980835,3.7226343154907227,41700
2010-08-23,4.043333053588867,4.070000171661377,3.9733328819274902,3.9800000190734863,3.6764471530914307,36300
2010-08-24,3.930000066757202,3.950000047683716,3.876667022705078,3.9266669750213623,3.6271820068359375,51600
2010-08-25,3.9100000858306885,3.9633328914642334,3.8399999141693115,3.9633328914642334,3.6610515117645264,35700
2010-08-26,3.9666669368743896,3.9766669273376465,3.8933329582214355,3.8933329582214355,3.5963902473449707,48900
2010-08-27,3.9166669845581055,3.9733328819274902,3.809999942779541,3.9733328819274902,3.6702888011932373,57000
2010-08-30,3.936666965484619,3.936666965484619,3.863332986831665,3.863332986831665,3.568678855895996,6900
2010-08-31,3.859999895095825,3.880000114440918,3.7966670989990234,3.8066670894622803,3.5163347721099854,80700
2010-09-01,3.876667022705078,3.9433329105377197,3.8666670322418213,3.9033329486846924,3.60562801361084,47100
2010-09-02,3.9600000381469727,3.983333110809326,3.9600000381469727,3.983333110809326,3.6795268058776855,12900
2010-09-03,4.03000020980835,4.070000171661377,4.0,4.066667079925537,3.7565042972564697,25800
2010-09-07,4.033332824707031,4.033332824707031,3.933332920074463,3.933332920074463,3.6333391666412354,39300
2010-09-08,3.933332920074463,3.9533329010009766,3.923332929611206,3.940000057220459,3.639498710632324,72900
2010-09-09,3.99666690826416,3.99666690826416,3.933332920074463,3.946666955947876,3.6456563472747803,35700
2010-09-10,3.913332939147949,3.913332939147949,3.8499999046325684,3.873332977294922,3.577915668487549,22200
2010-09-13,3.9066669940948486,4.019999980926514,3.9066669940948486,4.019999980926514,3.7133965492248535,45000
2010-09-14,4.0,4.113333225250244,3.9666669368743896,4.079999923706055,3.768819570541382,24300
2010-09-15,4.046667098999023,4.093332767486572,4.046667098999023,4.086667060852051,3.774980068206787,14400
2010-09-16,4.056666851043701,4.123332977294922,4.056666851043701,4.110000133514404,3.796531915664673,4500
2010-09-17,4.139999866485596,4.139999866485596,4.123332977294922,4.139999866485596,3.8242437839508057,27600
2010-09-20,4.176667213439941,4.22333288192749,4.1533331871032715,4.216667175292969,3.895064115524292,28800
2010-09-21,4.216667175292969,4.25333309173584,4.210000038146973,4.210000038146973,3.888903856277466,57000
2010-09-22,4.159999847412109,4.159999847412109,4.093332767486572,4.099999904632568,3.787295341491699,9600
2010-09-23,4.053332805633545,4.150000095367432,4.053332805633545,4.113333225250244,3.799612045288086,66300
2010-09-24,4.150000095367432,4.300000190734863,4.150000095367432,4.293333053588867,3.9658823013305664,28500
2010-09-27,4.293333053588867,4.3333330154418945,4.2733330726623535,4.300000190734863,3.9720404148101807,28200
2010-09-28,4.309999942779541,4.386666774749756,4.24666690826416,4.386666774749756,4.052098274230957,50400
2010-09-29,4.413332939147949,4.436666965484619,4.396667003631592,4.406667232513428,4.070573329925537,25500
2010-09-30,4.426667213439941,4.426667213439941,4.349999904632568,4.373332977294922,4.03978157043457,29400
2010-10-01,4.4033331871032715,4.413332939147949,4.3466668128967285,4.383333206176758,4.049015998840332,63000
2010-10-04,4.396667003631592,4.440000057220459,4.326666831970215,4.349999904632568,4.018226146697998,26400
2010-10-05,4.4033331871032715,4.4633331298828125,4.4033331871032715,4.460000038146973,4.119837760925293,9900
2010-10-06,4.460000038146973,4.460000038146973,4.373332977294922,4.400000095367432,4.064412593841553,40800
2010-10-07,4.423333168029785,4.456666946411133,4.396667003631592,4.456666946411133,4.116759777069092,105600
2010-10-08,4.433332920074463,4.449999809265137,4.3466668128967285,4.446667194366455,4.107522010803223,40200
2010-10-11,4.433332920074463,4.519999980926514,4.433332920074463,4.493332862854004,4.150628566741943,24300
2010-10-12,4.466667175292969,4.543333053588867,4.466667175292969,4.543333053588867,4.196815490722656,30300
2010-10-13,4.556666851043701,4.556666851043701,4.486667156219482,4.519999980926514,4.175261974334717,49800
2010-10-14,4.50333309173584,4.516666889190674,4.493332862854004,4.5,4.1567888259887695,20400
2010-10-15,4.550000190734863,4.566667079925537,4.49666690826416,4.543333053588867,4.196815490722656,62700
2010-10-18,4.516666889190674,4.539999961853027,4.516666889190674,4.5366668701171875,4.190657615661621,107100
2010-10-19,4.460000038146973,4.559999942779541,4.453332901000977,4.453332901000977,4.113680839538574,42900
2010-10-20,4.513332843780518,4.53000020980835,4.486667156219482,4.516666889190674,4.172182559967041,39300
2010-10-21,4.539999961853027,4.539999961853027,4.460000038146973,4.460000038146973,4.119837760925293,57000
2010-10-22,4.5,4.610000133514404,4.5,4.6066670417785645,4.2553181648254395,37800
2010-10-25,4.626667022705078,4.686666965484619,4.626667022705078,4.670000076293945,4.313820838928223,115200
2010-10-26,4.623332977294922,4.693333148956299,4.613333225250244,4.673333168029785,4.316900730133057,27000
2010-10-27,4.636666774749756,4.77666711807251,4.636666774749756,4.77666711807251,4.412353992462158,18300
2010-10-28,4.809999942779541,4.809999942779541,4.703332901000977,4.7733330726623535,4.409272193908691,30900
2010-10-29,4.7733330726623535,4.840000152587891,4.7733330726623535,4.829999923706055,4.4616193771362305,62400
2010-11-01,4.8466668128967285,4.8466668128967285,4.756667137145996,4.77666711807251,4.412353992462158,36000
2010-11-02,4.820000171661377,4.8566670417785645,4.816667079925537,4.843332767486572,4.473934173583984,15000
2010-11-03,4.8466668128967285,4.896667003631592,4.823332786560059,4.883333206176758,4.510883808135986,56100
2010-11-04,4.97333288192749,5.066667079925537,4.97333288192749,5.066667079925537,4.680235385894775,117900
2010-11-05,5.063333034515381,5.099999904632568,5.046667098999023,5.079999923706055,4.692551612854004,107400
2010-11-08,5.076666831970215,5.130000114440918,5.059999942779541,5.116666793823242,4.7264204025268555,234000
2010-11-09,5.133333206176758,5.133333206176758,5.03000020980835,5.03000020980835,4.646364688873291,281400
2010-11-10,5.043333053588867,5.043333053588867,4.949999809265137,5.03000020980835,4.646364688873291,87600
2010-11-11,4.956666946411133,4.983333110809326,4.873332977294922,4.97333288192749,4.594019412994385,41700
2010-11-12,4.949999809265137,4.99666690826416,4.8933329582214355,4.949999809265137,4.572466850280762,53400
2010-11-15,4.983333110809326,4.983333110809326,4.940000057220459,4.940000057220459,4.563228130340576,44400
2010-11-16,4.906667232513428,4.920000076293945,4.806666851043701,4.829999923706055,4.4616193771362305,44100
2010-11-17,4.836667060852051,4.886666774749756,4.836667060852051,4.8466668128967285,4.477013111114502,33000
2010-11-18,4.913332939147949,4.989999771118164,4.913332939147949,4.980000019073486,4.600177764892578,25500
2010-11-19,4.9633331298828125,5.033332824707031,4.9633331298828125,5.033332824707031,4.649443626403809,65700
2010-11-22,5.006667137145996,5.090000152587891,5.006667137145996,5.090000152587891,4.701788425445557,84900
2010-11-23,5.016666889190674,5.059999942779541,5.016666889190674,5.0366668701171875,4.652522087097168,13200
2010-11-24,5.130000114440918,5.210000038146973,5.119999885559082,5.210000038146973,4.812635898590088,179400
2010-11-26,5.179999828338623,5.199999809265137,5.1666669845581055,5.170000076293945,4.775686264038086,51600
2010-11-29,5.150000095367432,5.150000095367432,5.079999923706055,5.130000114440918,4.738738059997559,31800
2010-11-30,5.073332786560059,5.073332786560059,5.050000190734863,5.070000171661377,4.683314800262451,25200
2010-12-01,5.126667022705078,5.260000228881836,5.126667022705078,5.233333110809326,4.8341875076293945,54600
2010-12-02,5.263332843780518,5.349999904632568,5.256667137145996,5.343332767486572,4.9357991218566895,648300
2010-12-03,5.336667060852051,5.409999847412109,5.313333034515381,5.406667232513428,4.994303226470947,60900
2010-12-06,5.4033331871032715,5.4033331871032715,5.363333225250244,5.3933329582214355,4.981985569000244,63000
2010-12-07,5.4633331298828125,5.493332862854004,5.406667232513428,5.4166669845581055,5.003539562225342,919500
2010-12-08,5.4166669845581055,5.480000019073486,5.4166669845581055,5.4766669273376465,5.058965682983398,51000
2010-12-09,5.5,5.543333053588867,5.49666690826416,5.53000020980835,5.10822868347168,154500
2010-12-10,5.5833330154418945,5.5833330154418945,5.506667137145996,5.533332824707031,5.111308574676514,180900
2010-12-13,5.610000133514404,5.610000133514404,5.489999771118164,5.489999771118164,5.0712809562683105,49800
2010-12-14,5.53000020980835,5.53000020980835,5.423333168029785,5.429999828338623,5.01585578918457,54000
2010-12-15,5.400000095367432,5.426667213439941,5.366666793823242,5.380000114440918,4.96967077255249,38400
2010-12-16,5.369999885559082,5.440000057220459,5.369999885559082,5.436666965484619,5.0220160484313965,116700
2010-12-17,5.443333148956299,5.449999809265137,5.406667232513428,5.426667213439941,5.0186238288879395,75000
2010-12-20,5.436666965484619,5.460000038146973,5.413332939147949,5.433332920074463,5.024789810180664,105900
2010-12-21,5.5233330726623535,5.5233330726623535,5.443333148956299,5.47333288192749,5.061781883239746,49800
2010-12-22,5.483333110809326,5.483333110809326,5.426667213439941,5.4633331298828125,5.052534103393555,21900
2010-12-23,5.446667194366455,5.453332901000977,5.429999828338623,5.436666965484619,5.0278730392456055,30300
2010-12-27,5.360000133514404,5.4766669273376465,5.360000133514404,5.460000038146973,5.049449920654297,36900
2010-12-28,5.453332901000977,5.466667175292969,5.4166669845581055,5.440000057220459,5.0309553146362305,25500
2010-12-29,5.446667194366455,5.466667175292969,5.429999828338623,5.453332901000977,5.043283939361572,45300
2010-12-30,5.453332901000977,5.483333110809326,5.453332901000977,5.460000038146973,5.049449920654297,92400
2010-12-31,5.449999809265137,5.449999809265137,5.426667213439941,5.426667213439941,5.0186238288879395,31800
2011-01-03,5.4633331298828125,5.5366668701171875,5.446667194366455,5.483333110809326,5.071027755737305,195000
2011-01-04,5.50333309173584,5.506667137145996,5.420000076293945,5.480000019073486,5.067946910858154,142200
2011-01-05,5.46999979019165,5.5233330726623535,5.443333148956299,5.510000228881836,5.095690727233887,55800
2011-01-06,5.550000190734863,5.603332996368408,5.5366668701171875,5.5833330154418945,5.16350793838501,22200
2011-01-07,5.6066670417785645,5.616666793823242,5.49666690826416,5.570000171661377,5.151179790496826,65100
2011-01-10,5.53000020980835,5.599999904632568,5.53000020980835,5.599999904632568,5.178925037384033,34500
2011-01-11,5.5966668128967285,5.646667003631592,5.5966668128967285,5.626667022705078,5.203587532043457,100500
2011-01-12,5.646667003631592,5.663332939147949,5.623332977294922,5.659999847412109,5.234411716461182,16200
2011-01-13,5.646667003631592,5.696667194366455,5.626667022705078,5.679999828338623,5.252908229827881,259500
2011-01-14,5.710000038146973,5.849999904632568,5.710000038146973,5.843332767486572,5.403960227966309,49200
2011-01-18,5.883333206176758,5.883333206176758,5.8333330154418945,5.873332977294922,5.431702613830566,114000
2011-01-19,5.873332977294922,5.873332977294922,5.736667156219482,5.736667156219482,5.3053131103515625,74400
2011-01-20,5.72333288192749,5.72333288192749,5.556666851043701,5.633333206176758,5.209750652313232,89100
2011-01-21,5.696667194366455,5.72333288192749,5.599999904632568,5.603332996368408,5.182006359100342,60600
2011-01-24,5.586667060852051,5.72333288192749,5.586667060852051,5.716667175292969,5.2868194580078125,518700
2011-01-25,5.696667194366455,5.696667194366455,5.619999885559082,5.683332920074463,5.2559895515441895,172500
2011-01-26,5.710000038146973,5.710000038146973,5.616666793823242,5.690000057220459,5.262155055999756,315300
2011-01-27,5.716667175292969,5.829999923706055,5.716667175292969,5.803332805633545,5.366970539093018,211200
2011-01-28,5.813333034515381,5.823332786560059,5.586667060852051,5.626667022705078,5.203587532043457,297600
2011-01-31,5.703332901000977,5.703332901000977,5.586667060852051,5.659999847412109,5.234411716461182,150900
2011-02-01,5.75,5.866666793823242,5.71999979019165,5.860000133514404,5.419373989105225,163800
2011-02-02,5.826666831970215,5.866666793823242,5.7866668701171875,5.849999904632568,5.410125255584717,230700
2011-02-03,5.889999866485596,5.889999866485596,5.7733330726623535,5.836667060852051,5.3977952003479,324900
2011-02-04,5.876667022705078,5.96999979019165,5.869999885559082,5.960000038146973,5.511852741241455,248100
2011-02-07,6.010000228881836,6.046667098999023,5.9633331298828125,5.986667156219482,5.536516189575195,84000
2011-02-08,6.0,6.0,5.946667194366455,5.97333288192749,5.524184703826904,258600
2011-02-09,5.97333288192749,6.0366668701171875,5.97333288192749,6.016666889190674,5.564260482788086,159900
2011-02-10,6.00333309173584,6.070000171661377,5.9166669845581055,6.070000171661377,5.613583564758301,337500
2011-02-11,6.076666831970215,6.116666793823242,5.9766669273376465,6.113333225250244,5.653657913208008,116400
2011-02-14,6.176667213439941,6.2266669273376465,6.150000095367432,6.216667175292969,5.749222278594971,138300
2011-02-15,6.24666690826416,6.24666690826416,6.126667022705078,6.150000095367432,5.687568187713623,270600
2011-02-16,6.2133331298828125,6.24666690826416,6.139999866485596,6.2133331298828125,5.746136665344238,449700
2011-02-17,6.22333288192749,6.260000228881836,6.186666965484619,6.233333110809326,5.76463508605957,113100
2011-02-18,6.21999979019165,6.22333288192749,6.173333168029785,6.193333148956299,5.72764253616333,65700
2011-02-22,6.103332996368408,6.103332996368408,5.926667213439941,5.926667213439941,5.481027126312256,261000
2011-02-23,5.943333148956299,5.956666946411133,5.690000057220459,5.7866668701171875,5.351555824279785,363300
2011-02-24,5.769999980926514,5.873332977294922,5.7133331298828125,5.873332977294922,5.431702613830566,210600
2011-02-25,5.896667003631592,6.019999980926514,5.896667003631592,6.019999980926514,5.567343711853027,141000
2011-02-28,6.02666711807251,6.090000152587891,5.9166669845581055,5.943333148956299,5.496442794799805,119700
2011-03-01,5.97333288192749,5.989999771118164,5.836667060852051,5.8466668128967285,5.407042503356934,321600
2011-03-02,5.863333225250244,5.99666690826416,5.849999904632568,5.946667194366455,5.499524116516113,64800
2011-03-03,6.0,6.0833330154418945,6.0,6.066667079925537,5.610500335693359,189300
2011-03-04,6.063333034515381,6.063333034515381,5.989999771118164,6.0233330726623535,5.5704240798950195,72900
2011-03-07,6.019999980926514,6.03000020980835,5.7733330726623535,5.876667022705078,5.434787273406982,436200
2011-03-08,5.8333330154418945,5.940000057220459,5.78000020980835,5.873332977294922,5.431702613830566,87300
2011-03-09,5.873332977294922,5.873332977294922,5.663332939147949,5.679999828338623,5.252908229827881,363300
2011-03-10,5.5833330154418945,5.603332996368408,5.519999980926514,5.5233330726623535,5.108020305633545,252300
2011-03-11,5.449999809265137,5.573332786560059,5.373332977294922,5.570000171661377,5.151179790496826,267900
2011-03-14,5.483333110809326,5.593332767486572,5.483333110809326,5.546667098999023,5.129601955413818,105300
2011-03-15,5.316667079925537,5.53000020980835,5.316667079925537,5.49666690826416,5.083360195159912,181500
2011-03-16,5.466667175292969,5.533332824707031,5.343332767486572,5.353332996368408,4.950804710388184,331500
2011-03-17,5.426667213439941,5.46999979019165,5.409999847412109,5.413332939147949,5.006292819976807,724800
2011-03-18,5.489999771118164,5.49666690826416,5.406667232513428,5.440000057220459,5.0309553146362305,98100
2011-03-21,5.5233330726623535,5.616666793823242,5.5233330726623535,5.586667060852051,5.166592121124268,247500
2011-03-22,5.623332977294922,5.623332977294922,5.539999961853027,5.546667098999023,5.129601955413818,217800
2011-03-23,5.52666711807251,5.613333225250244,5.5,5.599999904632568,5.178925037384033,63900
2011-03-24,5.636666774749756,5.74666690826416,5.636666774749756,5.730000019073486,5.299148082733154,105600
2011-03-25,5.75333309173584,5.816667079925537,5.733333110809326,5.739999771118164,5.308395862579346,82800
2011-03-28,5.743332862854004,5.769999980926514,5.730000019073486,5.733333110809326,5.302230358123779,107400
2011-03-29,5.683332920074463,5.800000190734863,5.6666669845581055,5.796667098999023,5.360803604125977,79800
2011-03-30,5.843332767486572,5.8566670417785645,5.793333053588867,5.853332996368408,5.413207054138184,45000
2011-03-31,5.843332767486572,5.853332996368408,5.803332805633545,5.853332996368408,5.413207054138184,75000
2011-04-01,5.843332767486572,5.8566670417785645,5.78000020980835,5.789999961853027,5.354635238647461,84600
2011-04-04,5.796667098999023,5.803332805633545,5.686666965484619,5.730000019073486,5.299148082733154,101100
2011-04-05,5.8466668128967285,5.946667194366455,5.8466668128967285,5.880000114440918,5.437868595123291,76200
2011-04-06,5.956666946411133,5.956666946411133,5.863333225250244,5.896667003631592,5.453280925750732,26700
2011-04-07,5.9166669845581055,5.9166669845581055,5.823332786560059,5.8333330154418945,5.394710540771484,19800
2011-04-08,5.843332767486572,5.8466668128967285,5.816667079925537,5.820000171661377,5.382380962371826,107700
2011-04-11,5.836667060852051,5.840000152587891,5.739999771118164,5.75,5.317645072937012,40800
2011-04-12,5.710000038146973,5.710000038146973,5.610000133514404,5.633333206176758,5.209750652313232,86100
2011-04-13,5.656667232513428,5.673333168029785,5.630000114440918,5.663332939147949,5.237493991851807,76200
2011-04-14,5.630000114440918,5.659999847412109,5.613333225250244,5.659999847412109,5.234411716461182,12600
2011-04-15,5.663332939147949,5.710000038146973,5.619999885559082,5.703332901000977,5.2744879722595215,17700
2011-04-18,5.636666774749756,5.636666774749756,5.570000171661377,5.6066670417785645,5.185088157653809,111300
2011-04-19,5.619999885559082,5.6433329582214355,5.590000152587891,5.6433329582214355,5.21899938583374,63600
2011-04-20,5.75,5.886666774749756,5.75,5.883333206176758,5.440952777862549,296700
2011-04-21,5.929999828338623,5.929999828338623,5.869999885559082,5.9166669845581055,5.471779823303223,85200
2011-04-25,5.923333168029785,5.933332920074463,5.889999866485596,5.920000076293945,5.474863052368164,22200
2011-04-26,5.933332920074463,6.010000228881836,5.926667213439941,6.00333309173584,5.551928997039795,21000
2011-04-27,6.006667137145996,6.066667079925537,5.986667156219482,6.059999942779541,5.604334354400635,34500
2011-04-28,6.043333053588867,6.073332786560059,6.010000228881836,6.043333053588867,5.588921070098877,110700
2011-04-29,6.050000190734863,6.0966668128967285,6.050000190734863,6.059999942779541,5.604334354400635,45000
2011-05-02,6.050000190734863,6.070000171661377,5.96999979019165,5.97333288192749,5.524184703826904,1125600
2011-05-03,5.956666946411133,5.9633331298828125,5.836667060852051,5.883333206176758,5.440952777862549,75000
2011-05-04,5.980000019073486,6.033332824707031,5.909999847412109,5.9633331298828125,5.514936447143555,141000
2011-05-05,5.923333168029785,6.053332805633545,5.920000076293945,5.983333110809326,5.53343391418457,33000
2011-05-06,6.053332805633545,6.116666793823242,6.02666711807251,6.043333053588867,5.588921070098877,185400
2011-05-09,6.043333053588867,6.076666831970215,6.016666889190674,6.070000171661377,5.613583564758301,51000
2011-05-10,6.116666793823242,6.146667003631592,6.110000133514404,6.136666774749756,5.675236225128174,13200
2011-05-11,6.113333225250244,6.130000114440918,6.039999961853027,6.076666831970215,5.619748592376709,17700
2011-05-12,6.126667022705078,6.1533331871032715,6.123332977294922,6.146667003631592,5.6844868659973145,57000
2011-05-13,6.133333206176758,6.176667213439941,6.0966668128967285,6.0966668128967285,5.638245105743408,39600
2011-05-16,6.063333034515381,6.113333225250244,5.97333288192749,5.9766669273376465,5.527266979217529,40800
2011-05-17,5.933332920074463,5.936666965484619,5.863333225250244,5.926667213439941,5.481027126312256,111000
2011-05-18,5.923333168029785,6.039999961853027,5.923333168029785,6.02666711807251,5.573508262634277,9900
2011-05-19,6.033332824707031,6.033332824707031,5.933332920074463,5.99666690826416,5.5457634925842285,30300
2011-05-20,5.96999979019165,6.010000228881836,5.933332920074463,5.97333288192749,5.524184703826904,66000
2011-05-23,5.900000095367432,5.900000095367432,5.853332996368408,5.860000133514404,5.419373989105225,44400
2011-05-24,5.876667022705078,5.876667022705078,5.793333053588867,5.793333053588867,5.357719421386719,107700
2011-05-25,5.766666889190674,5.900000095367432,5.760000228881836,5.886666774749756,5.44403600692749,56700
2011-05-26,5.863333225250244,5.900000095367432,5.8566670417785645,5.896667003631592,5.453280925750732,23100
2011-05-27,5.920000076293945,5.923333168029785,5.900000095367432,5.900000095367432,5.456365585327148,20400
2011-05-31,5.97333288192749,5.97333288192749,5.933332920074463,5.966667175292969,5.518019199371338,47700
2011-06-01,5.989999771118164,5.989999771118164,5.860000133514404,5.860000133514404,5.419373989105225,28500
2011-06-02,5.843332767486572,5.866666793823242,5.813333034515381,5.836667060852051,5.3977952003479,47100
2011-06-03,5.760000228881836,5.77666711807251,5.679999828338623,5.686666965484619,5.259074687957764,317400
2011-06-06,5.710000038146973,5.710000038146973,5.630000114440918,5.639999866485596,5.215916156768799,77700
2011-06-07,5.673333168029785,5.75,5.663332939147949,5.716667175292969,5.2868194580078125,94200
2011-06-08,5.676667213439941,5.676667213439941,5.543333053588867,5.543333053588867,5.126518726348877,24600
2011-06-09,5.559999942779541,5.5966668128967285,5.516666889190674,5.546667098999023,5.129601955413818,612000
2011-06-10,5.513332843780518,5.513332843780518,5.413332939147949,5.510000228881836,5.095690727233887,27600
2011-06-13,5.506667137145996,5.506667137145996,5.380000114440918,5.3933329582214355,4.987794876098633,46200
2011-06-14,5.453332901000977,5.570000171661377,5.453332901000977,5.550000190734863,5.1326823234558105,43200
2011-06-15,5.489999771118164,5.516666889190674,5.4166669845581055,5.426667213439941,5.0186238288879395,42300
2011-06-16,5.413332939147949,5.429999828338623,5.266666889190674,5.313333034515381,4.91381311416626,117000
2011-06-17,5.363333225250244,5.376667022705078,5.25,5.266666889190674,4.8706560134887695,54600
2011-06-20,5.25333309173584,5.2866668701171875,5.236667156219482,5.25,4.855241775512695,85200
2011-06-21,5.2866668701171875,5.4166669845581055,5.260000228881836,5.406667232513428,5.00012731552124,37500
2011-06-22,5.383333206176758,5.443333148956299,5.376667022705078,5.386666774749756,4.981631278991699,67800
2011-06-23,5.293333053588867,5.483333110809326,5.28000020980835,5.480000019073486,5.067946910858154,60900
2011-06-24,5.546667098999023,5.546667098999023,5.363333225250244,5.380000114440918,4.975466251373291,4800
2011-06-27,5.373332977294922,5.440000057220459,5.340000152587891,5.4166669845581055,5.009375095367432,1010700
2011-06-28,5.4633331298828125,5.489999771118164,5.446667194366455,5.489999771118164,5.077194690704346,20400
2011-06-29,5.52666711807251,5.52666711807251,5.456666946411133,5.49666690826416,5.083360195159912,88500
2011-06-30,5.566667079925537,5.630000114440918,5.566667079925537,5.619999885559082,5.197418689727783,68700
2011-07-01,5.616666793823242,5.74666690826416,5.5833330154418945,5.730000019073486,5.299148082733154,30900
2011-07-05,5.74666690826416,5.74666690826416,5.663332939147949,5.683332920074463,5.2559895515441895,27300
2011-07-06,5.616666793823242,5.646667003631592,5.5966668128967285,5.633333206176758,5.209750652313232,52800
2011-07-07,5.696667194366455,5.803332805633545,5.696667194366455,5.78000020980835,5.345388889312744,248400
2011-07-08,5.673333168029785,5.690000057220459,5.636666774749756,5.676667213439941,5.249826908111572,13200
2011-07-11,5.626667022705078,5.646667003631592,5.533332824707031,5.533332824707031,5.1172685623168945,57300
2011-07-12,5.50333309173584,5.50333309173584,5.296667098999023,5.303332805633545,4.9045634269714355,57600
2011-07-13,5.326666831970215,5.376667022705078,5.293333053588867,5.303332805633545,4.9045634269714355,103500
2011-07-14,5.323332786560059,5.380000114440918,5.190000057220459,5.2266669273376465,4.833662509918213,537600
2011-07-15,5.263332843780518,5.263332843780518,5.190000057220459,5.239999771118164,4.845991611480713,23100
2011-07-18,5.186666965484619,5.186666965484619,5.126667022705078,5.176667213439941,4.787421226501465,17400
2011-07-19,5.196667194366455,5.323332786560059,5.196667194366455,5.323332786560059,4.92305850982666,23100
2011-07-20,5.283332824707031,5.309999942779541,5.263332843780518,5.283332824707031,4.886066436767578,23100
2011-07-21,5.296667098999023,5.363333225250244,5.25,5.353332996368408,4.950804710388184,60300
2011-07-22,5.366666793823242,5.519999980926514,5.366666793823242,5.510000228881836,5.095690727233887,43500
2011-07-25,5.426667213439941,5.443333148956299,5.386666774749756,5.409999847412109,5.003210544586182,24000
2011-07-26,5.400000095367432,5.4633331298828125,5.386666774749756,5.3933329582214355,4.987794876098633,46500
2011-07-27,5.360000133514404,5.360000133514404,5.156667232513428,5.1666669845581055,4.778173923492432,26400
2011-07-28,5.156667232513428,5.236667156219482,5.110000133514404,5.1433329582214355,4.756595134735107,258600
2011-07-29,5.016666889190674,5.123332977294922,5.006667137145996,5.066667079925537,4.685693264007568,17400
2011-08-01,5.139999866485596,5.170000076293945,5.0,5.046667098999023,4.667195796966553,135600
2011-08-02,5.019999980926514,5.039999961853027,4.853332996368408,4.853332996368408,4.488399505615234,50100
2011-08-03,4.886666774749756,4.929999828338623,4.829999923706055,4.926667213439941,4.556220054626465,57900
2011-08-04,4.8333330154418945,4.8333330154418945,4.6066670417785645,4.6066670417785645,4.260282039642334,103500
2011-08-05,4.673333168029785,4.71999979019165,4.483333110809326,4.506667137145996,4.167799949645996,65700
2011-08-08,4.373332977294922,4.449999809265137,4.236667156219482,4.236667156219482,3.9181015491485596,303900
2011-08-09,4.266666889190674,4.420000076293945,4.159999847412109,4.380000114440918,4.050658226013184,86700
2011-08-10,4.320000171661377,4.483333110809326,4.293333053588867,4.320000171661377,3.9951698780059814,110100
2011-08-11,4.3333330154418945,4.630000114440918,4.3333330154418945,4.603332996368408,4.257200241088867,242400
2011-08-12,4.6066670417785645,4.6066670417785645,4.533332824707031,4.543333053588867,4.201708793640137,15900
2011-08-15,4.636666774749756,4.673333168029785,4.586667060852051,4.673333168029785,4.321935176849365,49500
2011-08-16,4.603332996368408,4.610000133514404,4.483333110809326,4.5366668701171875,4.195544719696045,39900
2011-08-17,4.633333206176758,4.633333206176758,4.50333309173584,4.5366668701171875,4.195544719696045,45000
2011-08-18,4.349999904632568,4.353332996368408,4.206666946411133,4.24666690826416,3.9273502826690674,94200
2011-08-19,4.260000228881836,4.293333053588867,4.150000095367432,4.150000095367432,3.8379523754119873,56700
2011-08-22,4.25333309173584,4.283332824707031,4.179999828338623,4.179999828338623,3.8656957149505615,94800
2011-08-23,4.289999961853027,4.433332920074463,4.289999961853027,4.420000076293945,4.087650775909424,48600
2011-08-24,4.4033331871032715,4.456666946411133,4.366666793823242,4.400000095367432,4.069153785705566,23100
2011-08-25,4.436666965484619,4.436666965484619,4.2866668701171875,4.2866668701171875,3.964343547821045,19500
2011-08-26,4.210000038146973,4.383333206176758,4.1666669845581055,4.343332767486572,4.016748905181885,23400
2011-08-29,4.453332901000977,4.543333053588867,4.453332901000977,4.543333053588867,4.201708793640137,36300
2011-08-30,4.506667137145996,4.53000020980835,4.47333288192749,4.5233330726623535,4.183213710784912,33300
2011-08-31,4.533332824707031,4.533332824707031,4.453332901000977,4.453332901000977,4.118475914001465,9900
2011-09-01,4.449999809265137,4.489999771118164,4.369999885559082,4.369999885559082,4.041411399841309,19500
2011-09-02,4.24666690826416,4.24666690826416,4.24666690826416,4.24666690826416,3.9273502826690674,6300
2011-09-06,4.0966668128967285,4.22333288192749,4.0966668128967285,4.22333288192749,3.905771017074585,51600
2011-09-07,4.336667060852051,4.373332977294922,4.3333330154418945,4.366666793823242,4.038327693939209,11100
2011-09-08,4.420000076293945,4.440000057220459,4.293333053588867,4.303332805633545,3.9797544479370117,36600
2011-09-09,4.303332805633545,4.326666831970215,4.206666946411133,4.24666690826416,3.9273502826690674,34200
2011-09-12,4.193333148956299,4.296667098999023,4.193333148956299,4.293333053588867,3.970508337020874,35400
2011-09-13,4.340000152587891,4.429999828338623,4.3333330154418945,4.389999866485596,4.059906959533691,42900
2011-09-14,4.446667194366455,4.573332786560059,4.433332920074463,4.573332786560059,4.229452133178711,27000
2011-09-15,4.579999923706055,4.599999904632568,4.5366668701171875,4.593332767486572,4.247950077056885,119100
2011-09-16,4.599999904632568,4.6066670417785645,4.5833330154418945,4.599999904632568,4.254114151000977,71100
2011-09-19,4.546667098999023,4.563333034515381,4.483333110809326,4.546667098999023,4.204793930053711,201600
2011-09-20,4.546667098999023,4.559999942779541,4.443333148956299,4.453332901000977,4.118475914001465,29100
2011-09-21,4.4766669273376465,4.483333110809326,4.389999866485596,4.389999866485596,4.059906959533691,6900
2011-09-22,4.216667175292969,4.236667156219482,4.136666774749756,4.196667194366455,3.881110191345215,40500
2011-09-23,4.173333168029785,4.266666889190674,4.173333168029785,4.266666889190674,3.9458460807800293,37500
2011-09-26,4.289999961853027,4.289999961853027,4.1666669845581055,4.260000228881836,3.9396817684173584,25500
2011-09-27,4.373332977294922,4.456666946411133,4.336667060852051,4.336667060852051,4.010584354400635,8700
2011-09-28,4.369999885559082,4.369999885559082,4.190000057220459,4.190000057220459,3.8749449253082275,42000
2011-09-29,4.1666669845581055,4.186666965484619,4.056666851043701,4.116666793823242,3.8071255683898926,81900
2011-09-30,4.073332786560059,4.126667022705078,4.019999980926514,4.019999980926514,3.7177274227142334,21600
2011-10-03,4.0,4.010000228881836,3.8466670513153076,3.8466670513153076,3.5574278831481934,31200
2011-10-04,3.819999933242798,4.070000171661377,3.819999933242798,4.070000171661377,3.7639670372009277,124500
2011-10-05,4.090000152587891,4.186666965484619,4.090000152587891,4.176667213439941,3.862614631652832,88200
2011-10-06,4.173333168029785,4.239999771118164,4.136666774749756,4.239999771118164,3.9211838245391846,36000
2011-10-07,4.230000019073486,4.300000190734863,4.199999809265137,4.2866668701171875,3.964343547821045,43500
2011-10-10,4.306666851043701,4.373332977294922,4.303332805633545,4.369999885559082,4.041411399841309,20100
2011-10-11,4.380000114440918,4.3933329582214355,4.3466668128967285,4.376667022705078,4.047574520111084,11400
2011-10-12,4.436666965484619,4.513332843780518,4.436666965484619,4.483333110809326,4.146222114562988,9600
2011-10-13,4.429999828338623,4.603332996368408,4.429999828338623,4.586667060852051,4.241786003112793,63300
2011-10-14,4.616666793823242,4.633333206176758,4.5366668701171875,4.623332977294922,4.275694847106934,144300
2011-10-17,4.5833330154418945,4.5833330154418945,4.480000019073486,4.489999771118164,4.1523871421813965,53100
2011-10-18,4.483333110809326,4.603332996368408,4.480000019073486,4.586667060852051,4.241786003112793,86700
2011-10-19,4.579999923706055,4.6066670417785645,4.486667156219482,4.49666690826416,4.158552169799805,39900
2011-10-20,4.4766669273376465,4.4766669273376465,4.363333225250244,4.460000038146973,4.124642848968506,142800
2011-10-21,4.550000190734863,4.586667060852051,4.52666711807251,4.563333034515381,4.220205307006836,106800
2011-10-24,4.603332996368408,4.7733330726623535,4.590000152587891,4.7733330726623535,4.4144158363342285,110700
2011-10-25,4.733333110809326,4.763332843780518,4.696667194366455,4.706666946411133,4.3527631759643555,127200
2011-10-26,4.74666690826416,4.769999980926514,4.663332939147949,4.769999980926514,4.411332130432129,103500
2011-10-27,4.896667003631592,5.033332824707031,4.896667003631592,4.980000019073486,4.6055426597595215,143100
2011-10-28,5.0366668701171875,5.0366668701171875,4.933332920074463,4.960000038146973,4.587045669555664,87600
2011-10-31,4.946667194366455,4.946667194366455,4.8333330154418945,4.849999904632568,4.485317230224609,38100
2011-11-01,4.6533331871032715,4.730000019073486,4.633333206176758,4.716667175292969,4.362010478973389,9600
2011-11-02,4.703332901000977,4.75,4.673333168029785,4.7266669273376465,4.371257305145264,41700
2011-11-03,4.806666851043701,4.909999847412109,4.710000038146973,4.9033331871032715,4.534641265869141,31200
2011-11-04,4.840000152587891,4.940000057220459,4.840000152587891,4.926667213439941,4.556220054626465,9600
2011-11-07,4.889999866485596,4.906667232513428,4.836667060852051,4.906667232513428,4.537723541259766,102000
2011-11-08,4.966667175292969,4.966667175292969,4.880000114440918,4.960000038146973,4.587045669555664,17100
2011-11-09,4.8466668128967285,4.8466668128967285,4.690000057220459,4.690000057220459,4.337348937988281,63600
2011-11-10,4.703332901000977,4.75,4.656667232513428,4.7266669273376465,4.371257305145264,64500
2011-11-11,4.789999961853027,4.920000076293945,4.77666711807251,4.896667003631592,4.528476238250732,18000
2011-11-14,4.860000133514404,4.873332977294922,4.806666851043701,4.829999923706055,4.466822624206543,82800
2011-11-15,4.813333034515381,4.929999828338623,4.796667098999023,4.913332939147949,4.543889999389648,92700
2011-11-16,4.936666965484619,4.9633331298828125,4.8333330154418945,4.8466668128967285,4.482236862182617,121500
2011-11-17,4.75333309173584,4.75333309173584,4.5966668128967285,4.646667003631592,4.297273635864258,150000
2011-11-18,4.676667213439941,4.690000057220459,4.616666793823242,4.616666793823242,4.269530296325684,50100
2011-11-21,4.546667098999023,4.546667098999023,4.46999979019165,4.5,4.161636829376221,31800
2011-11-22,4.5,4.5,4.409999847412109,4.4166669845581055,4.084568500518799,139200
2011-11-23,4.313333034515381,4.320000171661377,4.293333053588867,4.293333053588867,3.970508337020874,65700
2011-11-25,4.2866668701171875,4.323332786560059,4.24666690826416,4.24666690826416,3.9273502826690674,40500
2011-11-28,4.363333225250244,4.413332939147949,4.3466668128967285,4.3466668128967285,4.01983118057251,30600
2011-11-29,4.380000114440918,4.409999847412109,4.360000133514404,4.363333225250244,4.035244464874268,89700
2011-11-30,4.519999980926514,4.6433329582214355,4.516666889190674,4.6433329582214355,4.294190406799316,30900
2011-12-01,4.636666774749756,4.676667213439941,4.610000133514404,4.6533331871032715,4.303439617156982,21300
2011-12-02,4.7266669273376465,4.763332843780518,4.703332901000977,4.703332901000977,4.349679470062256,58200
2011-12-05,4.72333288192749,4.789999961853027,4.71999979019165,4.736667156219482,4.3805060386657715,16500
2011-12-06,4.766666889190674,4.769999980926514,4.7133331298828125,4.760000228881836,4.402083396911621,31800
2011-12-07,4.659999847412109,4.74666690826416,4.659999847412109,4.7133331298828125,4.358927249908447,19200
2011-12-08,4.703332901000977,4.733333110809326,4.593332767486572,4.593332767486572,4.247950077056885,42600
2011-12-09,4.563333034515381,4.72333288192749,4.559999942779541,4.72333288192749,4.3681769371032715,19800
2011-12-12,4.6433329582214355,4.6433329582214355,4.53000020980835,4.563333034515381,4.220205307006836,20700
2011-12-13,4.573332786560059,4.573332786560059,4.4766669273376465,4.4766669273376465,4.1400580406188965,45600
2011-12-14,4.466667175292969,4.466667175292969,4.3933329582214355,4.400000095367432,4.069153785705566,27900
2011-12-15,4.486667156219482,4.506667137145996,4.420000076293945,4.433332920074463,4.099981784820557,25200
2011-12-16,4.449999809265137,4.519999980926514,4.4166669845581055,4.449999809265137,4.125632286071777,45000
2011-12-19,4.4766669273376465,4.489999771118164,4.366666793823242,4.369999885559082,4.0514631271362305,42000
2011-12-20,4.53000020980835,4.610000133514404,4.52666711807251,4.610000133514404,4.273967266082764,47700
2011-12-21,4.616666793823242,4.616666793823242,4.486667156219482,4.566667079925537,4.233791828155518,17700
2011-12-22,4.639999866485596,4.696667194366455,4.639999866485596,4.683332920074463,4.341955184936523,82200
2011-12-23,4.706666946411133,4.706666946411133,4.646667003631592,4.690000057220459,4.348136901855469,12600
2011-12-27,4.686666965484619,4.716667175292969,4.670000076293945,4.706666946411133,4.363590717315674,29700
2011-12-28,4.670000076293945,4.676667213439941,4.593332767486572,4.603332996368408,4.267789840698242,104100
2011-12-29,4.659999847412109,4.673333168029785,4.646667003631592,4.673333168029785,4.33268404006958,12000
2011-12-30,4.673333168029785,4.676667213439941,4.630000114440918,4.630000114440918,4.292510032653809,45000
2012-01-03,4.75,4.763332843780518,4.679999828338623,4.686666965484619,4.345047950744629,123300
2012-01-04,4.630000114440918,4.663332939147949,4.630000114440918,4.663332939147949,4.323414325714111,1800
2012-01-05,4.646667003631592,4.75,4.646667003631592,4.75,4.403762340545654,33300
2012-01-06,4.693333148956299,4.733333110809326,4.693333148956299,4.710000038146973,4.366679668426514,41400
2012-01-09,4.7733330726623535,4.793333053588867,4.74666690826416,4.78000020980835,4.431578636169434,18300
2012-01-10,4.8333330154418945,4.849999904632568,4.796667098999023,4.820000171661377,4.468661785125732,65400
2012-01-11,4.849999904632568,4.863333225250244,4.840000152587891,4.849999904632568,4.496474266052246,5100
2012-01-12,4.826666831970215,4.900000095367432,4.826666831970215,4.900000095367432,4.542830467224121,31200
2012-01-13,4.826666831970215,4.829999923706055,4.7866668701171875,4.796667098999023,4.447029113769531,29700
2012-01-17,4.840000152587891,4.869999885559082,4.820000171661377,4.820000171661377,4.468661785125732,16500
2012-01-18,4.933332920074463,5.053332805633545,4.933332920074463,5.053332805633545,4.6849870681762695,27300
2012-01-19,5.086667060852051,5.1066670417785645,5.073332786560059,5.086667060852051,4.715890884399414,37800
2012-01-20,5.130000114440918,5.1533331871032715,5.1066670417785645,5.133333206176758,4.759156703948975,348300
2012-01-23,5.1433329582214355,5.156667232513428,5.093332767486572,5.119999885559082,4.746793270111084,126300
2012-01-24,5.086667060852051,5.1666669845581055,5.086667060852051,5.156667232513428,4.780787467956543,12000
2012-01-25,5.113333225250244,5.190000057220459,5.0966668128967285,5.183332920074463,4.805508613586426,76200
2012-01-26,5.25333309173584,5.25333309173584,5.156667232513428,5.173333168029785,4.796241283416748,103800
2012-01-27,5.150000095367432,5.196667194366455,5.150000095367432,5.190000057220459,4.811691761016846,12000
2012-01-30,5.150000095367432,5.150000095367432,5.090000152587891,5.133333206176758,4.759156703948975,20400
2012-01-31,5.179999828338623,5.179999828338623,5.090000152587891,5.119999885559082,4.746793270111084,45300
2012-02-01,5.136666774749756,5.199999809265137,5.136666774749756,5.193333148956299,4.8147807121276855,39000
2012-02-02,5.2733330726623535,5.2733330726623535,5.230000019073486,5.239999771118164,4.85804557800293,39000
2012-02-03,5.296667098999023,5.363333225250244,5.296667098999023,5.343332767486572,4.953847408294678,49200
2012-02-06,5.336667060852051,5.336667060852051,5.28000020980835,5.283332824707031,4.898220539093018,27900
2012-02-07,5.300000190734863,5.313333034515381,5.293333053588867,5.313333034515381,4.9260358810424805,3900
2012-02-08,5.296667098999023,5.366666793823242,5.28000020980835,5.326666831970215,4.938395023345947,49800
2012-02-09,5.353332996368408,5.353332996368408,5.296667098999023,5.323332786560059,4.935303688049316,57000
2012-02-10,5.269999980926514,5.2733330726623535,5.233333110809326,5.233333110809326,4.851865291595459,38400
2012-02-13,5.256667137145996,5.326666831970215,5.233333110809326,5.28000020980835,4.8951311111450195,23400
2012-02-14,5.236667156219482,5.25333309173584,5.22333288192749,5.25333309173584,4.870407581329346,23100
2012-02-15,5.269999980926514,5.316667079925537,5.269999980926514,5.28000020980835,4.8951311111450195,6000
2012-02-16,5.300000190734863,5.396667003631592,5.300000190734863,5.389999866485596,4.997112274169922,28200
2012-02-17,5.413332939147949,5.413332939147949,5.3333330154418945,5.3333330154418945,4.944576740264893,2100
2012-02-21,5.306666851043701,5.320000171661377,5.243332862854004,5.25333309173584,4.870407581329346,13200
2012-02-22,5.243332862854004,5.283332824707031,5.2133331298828125,5.2133331298828125,4.833325386047363,4800
2012-02-23,5.186666965484619,5.260000228881836,5.186666965484619,5.25333309173584,4.870407581329346,8100
2012-02-24,5.283332824707031,5.293333053588867,5.25333309173584,5.25333309173584,4.870407581329346,11700
2012-02-27,5.21999979019165,5.256667137145996,5.1533331871032715,5.230000019073486,4.848776817321777,18300
2012-02-28,5.260000228881836,5.289999961853027,5.236667156219482,5.263332843780518,4.879678249359131,4500
2012-02-29,5.210000038146973,5.21999979019165,5.203332901000977,5.203332901000977,4.8240509033203125,1800
2012-03-01,5.196667194366455,5.233333110809326,5.179999828338623,5.179999828338623,4.802420616149902,12600
2012-03-02,5.136666774749756,5.1433329582214355,5.099999904632568,5.099999904632568,4.728251934051514,9300
2012-03-05,5.059999942779541,5.063333034515381,4.956666946411133,4.983333110809326,4.620089530944824,15600
2012-03-06,4.889999866485596,4.940000057220459,4.869999885559082,4.929999828338623,4.570642471313477,154800
2012-03-07,4.953332901000977,5.0233330726623535,4.953332901000977,5.016666889190674,4.6509928703308105,42000
2012-03-08,5.086667060852051,5.123332977294922,5.086667060852051,5.113333225250244,4.740612506866455,21000
2012-03-09,5.116666793823242,5.176667213439941,5.116666793823242,5.1666669845581055,4.790058135986328,15300
2012-03-12,5.126667022705078,5.150000095367432,5.126667022705078,5.150000095367432,4.774607181549072,77400
2012-03-13,5.186666965484619,5.22333288192749,5.186666965484619,5.22333288192749,4.84259557723999,8100
2012-03-14,5.2866668701171875,5.293333053588867,5.2866668701171875,5.2866668701171875,4.90131139755249,5100
2012-03-15,5.236667156219482,5.316667079925537,5.236667156219482,5.309999942779541,4.92294454574585,37200
2012-03-16,5.306666851043701,5.309999942779541,5.293333053588867,5.296667098999023,4.910583972930908,20400
2012-03-19,5.300000190734863,5.3566670417785645,5.300000190734863,5.3466668128967285,4.956939220428467,5100
2012-03-20,5.28000020980835,5.303332805633545,5.28000020980835,5.303332805633545,4.916762351989746,6300
2012-03-21,5.313333034515381,5.323332786560059,5.306666851043701,5.323332786560059,4.935303688049316,5700
2012-03-22,5.2266669273376465,5.27666711807251,5.2266669273376465,5.263332843780518,4.879678249359131,33000
2012-03-23,5.22333288192749,5.300000190734863,5.22333288192749,5.300000190734863,4.913673400878906,9600
2012-03-26,5.366666793823242,5.433332920074463,5.366666793823242,5.4166669845581055,5.021835803985596,6300
2012-03-27,5.4166669845581055,5.440000057220459,5.389999866485596,5.420000076293945,5.024927139282227,9600
2012-03-28,5.349999904632568,5.360000133514404,5.313333034515381,5.313333034515381,4.9260358810424805,14100
2012-03-29,5.313333034515381,5.3466668128967285,5.2866668701171875,5.3466668128967285,4.956939220428467,15900
2012-03-30,5.373332977294922,5.406667232513428,5.369999885559082,5.4033331871032715,5.009474754333496,27600
2012-04-02,5.353332996368408,5.396667003631592,5.306666851043701,5.3933329582214355,5.000202655792236,10800
2012-04-03,5.2866668701171875,5.2866668701171875,5.2866668701171875,5.2866668701171875,4.90131139755249,600
2012-04-04,5.2133331298828125,5.2133331298828125,5.173333168029785,5.196667194366455,4.817872047424316,31200
2012-04-05,5.196667194366455,5.216667175292969,5.196667194366455,5.216667175292969,4.836414337158203,7200
2012-04-09,5.136666774749756,5.1533331871032715,5.119999885559082,5.139999866485596,4.765334129333496,8100
2012-04-10,5.133333206176758,5.139999866485596,5.059999942779541,5.059999942779541,4.691166877746582,17700
2012-04-11,5.183332920074463,5.183332920074463,5.163332939147949,5.170000076293945,4.793149948120117,10200
2012-04-12,5.203332901000977,5.289999961853027,5.203332901000977,5.283332824707031,4.898220539093018,2400
2012-04-13,5.210000038146973,5.210000038146973,5.193333148956299,5.193333148956299,4.8147807121276855,6600
2012-04-16,5.159999847412109,5.179999828338623,5.159999847412109,5.179999828338623,4.802420616149902,1800
2012-04-17,5.136666774749756,5.309999942779541,5.136666774749756,5.28000020980835,4.8951311111450195,15600
2012-04-18,5.186666965484619,5.2266669273376465,5.186666965484619,5.21999979019165,4.839503765106201,9000
2012-04-19,5.170000076293945,5.170000076293945,5.170000076293945,5.170000076293945,4.793149948120117,1800
2012-04-20,5.093332767486572,5.093332767486572,5.093332767486572,5.093332767486572,4.722070693969727,1800
2012-04-23,5.013332843780518,5.019999980926514,4.99666690826416,5.00333309173584,4.638630390167236,8400
2012-04-24,5.02666711807251,5.0366668701171875,4.993332862854004,5.006667137145996,4.641721248626709,29700
2012-04-25,5.1533331871032715,5.1533331871032715,5.0833330154418945,5.119999885559082,4.746793270111084,37800
2012-04-26,5.196667194366455,5.2266669273376465,5.196667194366455,5.2266669273376465,4.845685005187988,5100
2012-04-27,5.216667175292969,5.260000228881836,5.206666946411133,5.256667137145996,4.873499393463135,47100
2012-04-30,5.260000228881836,5.263332843780518,5.236667156219482,5.236667156219482,4.854955673217773,4500
2012-05-01,5.210000038146973,5.313333034515381,5.210000038146973,5.269999980926514,4.885859489440918,3900
2012-05-02,5.243332862854004,5.309999942779541,5.243332862854004,5.309999942779541,4.92294454574585,36000
2012-05-03,5.256667137145996,5.256667137145996,5.256667137145996,5.256667137145996,4.873499393463135,600
2012-05-04,5.103332996368408,5.139999866485596,5.076666831970215,5.090000152587891,4.71898078918457,11400
2012-05-07,5.013332843780518,5.076666831970215,4.99666690826416,5.076666831970215,4.706618785858154,5100
2012-05-08,5.039999961853027,5.043333053588867,5.039999961853027,5.043333053588867,4.675712585449219,3600
2012-05-09,4.983333110809326,5.0233330726623535,4.980000019073486,5.013332843780518,4.647902011871338,39000
2012-05-10,4.986667156219482,5.03000020980835,4.9766669273376465,5.019999980926514,4.654083251953125,22500
2012-05-11,4.949999809265137,5.086667060852051,4.949999809265137,5.086667060852051,4.715890884399414,36000
2012-05-14,4.97333288192749,4.99666690826416,4.97333288192749,4.993332862854004,4.629359722137451,4500
2012-05-15,4.983333110809326,5.039999961853027,4.966667175292969,4.966667175292969,4.6046366691589355,20400
2012-05-16,4.936666965484619,4.946667194366455,4.876667022705078,4.876667022705078,4.521198272705078,13500
2012-05-17,4.829999923706055,4.863333225250244,4.793333053588867,4.793333053588867,4.443939208984375,5400
2012-05-18,4.816667079925537,4.816667079925537,4.763332843780518,4.763332843780518,4.416126251220703,2400
2012-05-21,4.72333288192749,4.769999980926514,4.693333148956299,4.769999980926514,4.422306060791016,13800
2012-05-22,4.813333034515381,4.813333034515381,4.789999961853027,4.789999961853027,4.440847873687744,2400
2012-05-23,4.690000057220459,4.7733330726623535,4.673333168029785,4.7733330726623535,4.42539644241333,9000
2012-05-24,4.789999961853027,4.789999961853027,4.710000038146973,4.716667175292969,4.372861385345459,10200
2012-05-25,4.743332862854004,4.7866668701171875,4.739999771118164,4.766666889190674,4.419215202331543,4500
2012-05-29,4.840000152587891,4.8466668128967285,4.836667060852051,4.8466668128967285,4.49338436126709,6000
2012-05-30,4.7733330726623535,4.783332824707031,4.769999980926514,4.78000020980835,4.431578636169434,7800
2012-05-31,4.696667194366455,4.769999980926514,4.696667194366455,4.769999980926514,4.422306060791016,3600
2012-06-01,4.626667022705078,4.626667022705078,4.576666831970215,4.579999923706055,4.24615478515625,45300
2012-06-04,4.586667060852051,4.586667060852051,4.5,4.5833330154418945,4.249245643615723,9300
2012-06-05,4.633333206176758,4.656667232513428,4.633333206176758,4.636666774749756,4.298691272735596,3900
2012-06-06,4.766666889190674,4.8333330154418945,4.766666889190674,4.8333330154418945,4.481022357940674,15000
2012-06-07,4.840000152587891,4.840000152587891,4.820000171661377,4.820000171661377,4.468661785125732,6000
2012-06-08,4.809999942779541,4.836667060852051,4.809999942779541,4.836667060852051,4.484113693237305,3000
2012-06-11,4.7733330726623535,4.7733330726623535,4.763332843780518,4.763332843780518,4.416126251220703,1800
2012-06-12,4.739999771118164,4.803332805633545,4.739999771118164,4.803332805633545,4.453208923339844,5400
2012-06-13,4.820000171661377,4.820000171661377,4.75,4.75,4.403762340545654,4500
2012-06-14,4.743332862854004,4.75,4.72333288192749,4.72333288192749,4.37904167175293,6300
2012-06-15,4.730000019073486,4.823332786560059,4.730000019073486,4.823332786560059,4.485360622406006,250800
2012-06-18,4.836667060852051,4.876667022705078,4.816667079925537,4.876667022705078,4.534959316253662,10800
2012-06-19,4.929999828338623,4.946667194366455,4.923333168029785,4.936666965484619,4.590755939483643,22500
2012-06-20,4.923333168029785,4.929999828338623,4.923333168029785,4.926667213439941,4.581455230712891,3000
2012-06-21,4.739999771118164,4.739999771118164,4.739999771118164,4.739999771118164,4.4078688621521,1500
2012-06-22,4.78000020980835,4.803332805633545,4.75333309173584,4.803332805633545,4.466762542724609,79500
2012-06-25,4.650000095367432,4.650000095367432,4.650000095367432,4.650000095367432,4.3241753578186035,2100
2012-06-26,4.650000095367432,4.650000095367432,4.6433329582214355,4.6433329582214355,4.317975044250488,2700
2012-06-27,4.743332862854004,4.743332862854004,4.730000019073486,4.730000019073486,4.398568153381348,12000
2012-06-28,4.6666669845581055,4.679999828338623,4.6433329582214355,4.679999828338623,4.352072238922119,2100
2012-06-29,4.843332767486572,4.8466668128967285,4.840000152587891,4.8466668128967285,4.50706148147583,2400
2012-07-02,4.829999923706055,4.836667060852051,4.826666831970215,4.836667060852051,4.4977617263793945,2400
2012-07-03,4.873332977294922,4.900000095367432,4.873332977294922,4.900000095367432,4.556656837463379,1800
2012-07-05,4.8566670417785645,4.883333206176758,4.8566670417785645,4.873332977294922,4.531856536865234,3300
2012-07-06,4.829999923706055,4.829999923706055,4.803332805633545,4.803332805633545,4.466762542724609,6300
2012-07-09,4.7133331298828125,4.736667156219482,4.710000038146973,4.736667156219482,4.404768943786621,21300
2012-07-10,4.676667213439941,4.696667194366455,4.630000114440918,4.656667232513428,4.330374240875244,24300
2012-07-11,4.673333168029785,4.673333168029785,4.613333225250244,4.633333206176758,4.308675289154053,17100
2012-07-12,4.566667079925537,4.566667079925537,4.546667098999023,4.553332805633545,4.234280109405518,45300
2012-07-13,4.619999885559082,4.623332977294922,4.619999885559082,4.623332977294922,4.299376010894775,26100
2012-07-16,4.563333034515381,4.593332767486572,4.563333034515381,4.579999923706055,4.259079456329346,9300
2012-07-17,4.546667098999023,4.546667098999023,4.546667098999023,4.546667098999023,4.228084087371826,2400
2012-07-18,4.623332977294922,4.71999979019165,4.619999885559082,4.699999809265137,4.370672225952148,37500
2012-07-19,4.743332862854004,4.7733330726623535,4.733333110809326,4.7733330726623535,4.438865661621094,10200
2012-07-20,4.71999979019165,4.71999979019165,4.686666965484619,4.693333148956299,4.3644700050354,5700
2012-07-23,4.570000171661377,4.630000114440918,4.570000171661377,4.626667022705078,4.302478313446045,23700
2012-07-24,4.566667079925537,4.566667079925537,4.506667137145996,4.516666889190674,4.200184345245361,18900
2012-07-25,4.599999904632568,4.696667194366455,4.599999904632568,4.659999847412109,4.3334736824035645,32400
2012-07-26,4.693333148956299,4.78000020980835,4.693333148956299,4.769999980926514,4.435766220092773,14700
2012-07-27,4.766666889190674,4.880000114440918,4.763332843780518,4.880000114440918,4.538059711456299,5400
2012-07-30,4.820000171661377,4.820000171661377,4.820000171661377,4.820000171661377,4.482264995574951,300
2012-07-31,4.9166669845581055,4.943333148956299,4.9033331871032715,4.906667232513428,4.562857151031494,8700
2012-08-01,4.886666774749756,4.886666774749756,4.849999904632568,4.849999904632568,4.510159969329834,29100
2012-08-02,4.78000020980835,4.876667022705078,4.78000020980835,4.836667060852051,4.4977617263793945,25200
2012-08-03,4.933332920074463,4.953332901000977,4.933332920074463,4.953332901000977,4.606252670288086,11100
2012-08-06,4.956666946411133,5.0,4.940000057220459,4.989999771118164,4.640350818634033,28800
2012-08-07,5.03000020980835,5.090000152587891,5.03000020980835,5.050000190734863,4.696146488189697,20100
2012-08-08,5.0366668701171875,5.056666851043701,5.0366668701171875,5.056666851043701,4.7023468017578125,4800
2012-08-09,5.063333034515381,5.0833330154418945,5.043333053588867,5.0833330154418945,4.727144241333008,6000
2012-08-10,5.063333034515381,5.073332786560059,5.063333034515381,5.073332786560059,4.717843532562256,10500
2012-08-13,5.0366668701171875,5.066667079925537,5.02666711807251,5.050000190734863,4.696146488189697,8400
2012-08-14,5.066667079925537,5.0966668128967285,5.046667098999023,5.046667098999023,4.693046569824219,4200
2012-08-15,5.043333053588867,5.1066670417785645,5.043333053588867,5.079999923706055,4.724043369293213,21300
2012-08-16,5.0833330154418945,5.1433329582214355,5.0833330154418945,5.1433329582214355,4.782939910888672,6600
2012-08-17,5.113333225250244,5.116666793823242,5.110000133514404,5.116666793823242,4.758141994476318,3600
2012-08-20,5.050000190734863,5.050000190734863,5.046667098999023,5.050000190734863,4.696146488189697,2100
2012-08-21,5.116666793823242,5.133333206176758,5.046667098999023,5.046667098999023,4.693046569824219,18900
2012-08-22,5.016666889190674,5.03000020980835,4.99666690826416,5.013332843780518,4.662048816680908,10500
2012-08-23,4.983333110809326,4.983333110809326,4.943333148956299,4.97333288192749,4.624851703643799,5100
2012-08-24,4.960000038146973,4.983333110809326,4.960000038146973,4.97333288192749,4.624851703643799,4500
2012-08-27,4.949999809265137,4.949999809265137,4.940000057220459,4.940000057220459,4.5938544273376465,1800
2012-08-28,4.943333148956299,4.953332901000977,4.936666965484619,4.936666965484619,4.590755939483643,6300
2012-08-29,4.936666965484619,4.949999809265137,4.9166669845581055,4.949999809265137,4.603153228759766,29100
2012-08-30,4.873332977294922,4.873332977294922,4.869999885559082,4.869999885559082,4.528757095336914,4200
2012-08-31,4.869999885559082,4.923333168029785,4.849999904632568,4.913332939147949,4.569054126739502,11100
2012-09-04,4.876667022705078,4.876667022705078,4.823332786560059,4.8566670417785645,4.516361236572266,10500
2012-09-05,4.849999904632568,4.9033331871032715,4.849999904632568,4.9033331871032715,4.559757232666016,3300
2012-09-06,4.933332920074463,5.039999961853027,4.933332920074463,5.02666711807251,4.674447059631348,15300
2012-09-07,4.99666690826416,4.99666690826416,4.966667175292969,4.99666690826416,4.646549224853516,34200
2012-09-10,5.010000228881836,5.010000228881836,4.9633331298828125,4.9766669273376465,4.627951622009277,22800
2012-09-11,4.943333148956299,4.966667175292969,4.943333148956299,4.946667194366455,4.60005521774292,43800
2012-09-12,4.956666946411133,4.989999771118164,4.956666946411133,4.980000019073486,4.631051540374756,4500
2012-09-13,4.923333168029785,5.033332824707031,4.923333168029785,5.0,4.649650573730469,8700
2012-09-14,4.943333148956299,5.1066670417785645,4.943333148956299,5.0833330154418945,4.727144241333008,63900
2012-09-17,5.046667098999023,5.050000190734863,4.99666690826416,4.99666690826416,4.646549224853516,5400
2012-09-18,4.96999979019165,4.97333288192749,4.96999979019165,4.97333288192749,4.624851703643799,1200
2012-09-19,4.940000057220459,4.960000038146973,4.936666965484619,4.953332901000977,4.606252670288086,16200
2012-09-20,4.896667003631592,4.896667003631592,4.843332767486572,4.8466668128967285,4.50706148147583,179100
2012-09-21,4.896667003631592,4.896667003631592,4.843332767486572,4.8466668128967285,4.50706148147583,14400
2012-09-24,4.78000020980835,4.796667098999023,4.730000019073486,4.74666690826416,4.414068698883057,22200
2012-09-25,4.716667175292969,4.75333309173584,4.633333206176758,4.636666774749756,4.311774730682373,37200
2012-09-26,4.623332977294922,4.623332977294922,4.559999942779541,4.590000152587891,4.268378734588623,36000
2012-09-27,4.630000114440918,4.696667194366455,4.623332977294922,4.696667194366455,4.367571830749512,23100
2012-09-28,4.696667194366455,4.696667194366455,4.696667194366455,4.696667194366455,4.367571830749512,0
2012-10-01,4.6666669845581055,4.6666669845581055,4.613333225250244,4.613333225250244,4.290075778961182,20400
2012-10-02,4.610000133514404,4.633333206176758,4.599999904632568,4.633333206176758,4.308675289154053,12300
2012-10-03,4.633333206176758,4.633333206176758,4.5966668128967285,4.599999904632568,4.277677536010742,11700
2012-10-04,4.593332767486572,4.630000114440918,4.593332767486572,4.630000114440918,4.305577278137207,6000
2012-10-05,4.673333168029785,4.706666946411133,4.646667003631592,4.646667003631592,4.321075439453125,12900
2012-10-08,4.590000152587891,4.590000152587891,4.573332786560059,4.5833330154418945,4.262179374694824,3900
2012-10-09,4.559999942779541,4.559999942779541,4.493332862854004,4.506667137145996,4.190885543823242,26400
2012-10-10,4.49666690826416,4.49666690826416,4.423333168029785,4.423333168029785,4.11338996887207,20100
2012-10-11,4.436666965484619,4.440000057220459,4.436666965484619,4.440000057220459,4.128889083862305,3300
2012-10-12,4.433332920074463,4.433332920074463,4.386666774749756,4.3933329582214355,4.0854926109313965,14100
2012-10-15,4.423333168029785,4.436666965484619,4.389999866485596,4.436666965484619,4.125789165496826,34500
2012-10-16,4.46999979019165,4.563333034515381,4.46999979019165,4.546667098999023,4.228084087371826,53400
2012-10-17,4.613333225250244,4.623332977294922,4.576666831970215,4.599999904632568,4.277677536010742,22500
2012-10-18,4.593332767486572,4.593332767486572,4.546667098999023,4.553332805633545,4.234280109405518,22500
2012-10-19,4.516666889190674,4.516666889190674,4.429999828338623,4.429999828338623,4.1195902824401855,2700
2012-10-22,4.47333288192749,4.47333288192749,4.446667194366455,4.446667194366455,4.13508939743042,6000
2012-10-23,4.4033331871032715,4.483333110809326,4.4033331871032715,4.47333288192749,4.159887313842773,17700
2012-10-24,4.46999979019165,4.47333288192749,4.446667194366455,4.453332901000977,4.1412882804870605,33900
2012-10-25,4.449999809265137,4.47333288192749,4.449999809265137,4.47333288192749,4.159887313842773,18900
2012-10-26,4.53000020980835,4.53000020980835,4.480000019073486,4.480000019073486,4.166086673736572,8100
2012-10-31,4.510000228881836,4.510000228881836,4.483333110809326,4.510000228881836,4.1939849853515625,15300
2012-11-01,4.556666851043701,4.639999866485596,4.556666851043701,4.639999866485596,4.314875602722168,7500
2012-11-02,4.576666831970215,4.590000152587891,4.566667079925537,4.566667079925537,4.2466816902160645,3600
2012-11-05,4.570000171661377,4.623332977294922,4.570000171661377,4.623332977294922,4.299376010894775,9300
2012-11-06,4.6666669845581055,4.703332901000977,4.6666669845581055,4.686666965484619,4.358273029327393,13200
2012-11-07,4.636666774749756,4.636666774749756,4.5233330726623535,4.546667098999023,4.228084087371826,69000
2012-11-08,4.576666831970215,4.576666831970215,4.50333309173584,4.50333309173584,4.187786102294922,10200
2012-11-09,4.510000228881836,4.576666831970215,4.510000228881836,4.516666889190674,4.200184345245361,8100
2012-11-12,4.483333110809326,4.516666889190674,4.483333110809326,4.516666889190674,4.200184345245361,7500
2012-11-13,4.4166669845581055,4.516666889190674,4.4166669845581055,4.516666889190674,4.200184345245361,8400
2012-11-14,4.49666690826416,4.49666690826416,4.413332939147949,4.413332939147949,4.104090690612793,12600
2012-11-15,4.413332939147949,4.413332939147949,4.343332767486572,4.3466668128967285,4.0420966148376465,14700
2012-11-16,4.3566670417785645,4.376667022705078,4.293333053588867,4.373332977294922,4.066893100738525,20100
2012-11-19,4.433332920074463,4.4633331298828125,4.433332920074463,4.460000038146973,4.147489070892334,18300
2012-11-20,4.429999828338623,4.460000038146973,4.420000076293945,4.460000038146973,4.147489070892334,56400
2012-11-21,4.460000038146973,4.506667137145996,4.460000038146973,4.483333110809326,4.169186592102051,91500
2012-11-23,4.483333110809326,4.483333110809326,4.483333110809326,4.483333110809326,4.169186592102051,0
2012-11-26,4.5833330154418945,4.5833330154418945,4.556666851043701,4.563333034515381,4.243581295013428,107100
2012-11-27,4.570000171661377,4.593332767486572,4.566667079925537,4.566667079925537,4.2466816902160645,8700
2012-11-28,4.50333309173584,4.633333206176758,4.50333309173584,4.623332977294922,4.299376010894775,11100
2012-11-29,4.673333168029785,4.686666965484619,4.663332939147949,4.673333168029785,4.345871925354004,21300
2012-11-30,4.646667003631592,4.690000057220459,4.646667003631592,4.676667213439941,4.348972797393799,6600
2012-12-03,4.7133331298828125,4.7133331298828125,4.673333168029785,4.676667213439941,4.348972797393799,6300
2012-12-04,4.676667213439941,4.679999828338623,4.659999847412109,4.676667213439941,4.348972797393799,3000
2012-12-05,4.646667003631592,4.693333148956299,4.646667003631592,4.686666965484619,4.358273029327393,3000
2012-12-06,4.656667232513428,4.706666946411133,4.656667232513428,4.690000057220459,4.3613715171813965,27600
2012-12-07,4.716667175292969,4.72333288192749,4.703332901000977,4.72333288192749,4.392369747161865,5400
2012-12-10,4.739999771118164,4.7866668701171875,4.739999771118164,4.769999980926514,4.435766220092773,4500
2012-12-11,4.760000228881836,4.869999885559082,4.760000228881836,4.853332996368408,4.513258934020996,38400
2012-12-12,4.873332977294922,4.873332977294922,4.843332767486572,4.843332767486572,4.503960132598877,4500
2012-12-13,4.816667079925537,4.849999904632568,4.763332843780518,4.769999980926514,4.435766220092773,14700
2012-12-14,4.7733330726623535,4.783332824707031,4.730000019073486,4.733333110809326,4.401669025421143,12300
2012-12-17,4.72333288192749,4.7733330726623535,4.72333288192749,4.74666690826416,4.414068698883057,13800
2012-12-18,4.809999942779541,4.823332786560059,4.809999942779541,4.820000171661377,4.482264995574951,11700
2012-12-19,4.866666793823242,4.866666793823242,4.8466668128967285,4.8466668128967285,4.50706148147583,24900
2012-12-20,4.820000171661377,4.860000133514404,4.820000171661377,4.8566670417785645,4.516361236572266,23100
2012-12-21,4.75333309173584,4.769999980926514,4.75333309173584,4.769999980926514,4.459334373474121,9900
2012-12-24,4.760000228881836,4.760000228881836,4.760000228881836,4.760000228881836,4.449985504150391,300
2012-12-26,4.7866668701171875,4.7866668701171875,4.743332862854004,4.743332862854004,4.434403419494629,7800
2012-12-27,4.716667175292969,4.736667156219482,4.663332939147949,4.736667156219482,4.428171634674072,14700
2012-12-28,4.686666965484619,4.733333110809326,4.679999828338623,4.693333148956299,4.387659072875977,14400
2012-12-31,4.7133331298828125,4.800000190734863,4.7133331298828125,4.800000190734863,4.487380027770996,8400
2013-01-02,4.949999809265137,4.97333288192749,4.949999809265137,4.97333288192749,4.649425506591797,600
2013-01-03,5.00333309173584,5.006667137145996,4.966667175292969,4.96999979019165,4.646307468414307,6000
2013-01-04,4.96999979019165,4.96999979019165,4.949999809265137,4.9633331298828125,4.640074729919434,3000
2013-01-07,4.940000057220459,4.940000057220459,4.909999847412109,4.933332920074463,4.6120285987854,1200
2013-01-08,4.913332939147949,4.913332939147949,4.886666774749756,4.886666774749756,4.5684003829956055,5100
2013-01-09,4.896667003631592,4.896667003631592,4.880000114440918,4.889999866485596,4.571516036987305,7800
2013-01-10,4.923333168029785,4.943333148956299,4.9166669845581055,4.920000076293945,4.599564552307129,14700
2013-01-11,4.926667213439941,4.943333148956299,4.920000076293945,4.933332920074463,4.6120285987854,27900
2013-01-14,4.923333168029785,4.923333168029785,4.9166669845581055,4.920000076293945,4.599564552307129,1500
2013-01-15,4.869999885559082,4.876667022705078,4.8566670417785645,4.876667022705078,4.559053421020508,6000
2013-01-16,4.940000057220459,4.949999809265137,4.940000057220459,4.949999809265137,4.627610683441162,2400
2013-01-17,4.949999809265137,5.010000228881836,4.949999809265137,4.99666690826416,4.671238422393799,6900
2013-01-18,4.983333110809326,4.983333110809326,4.980000019073486,4.980000019073486,4.655654430389404,2100
2013-01-22,5.010000228881836,5.010000228881836,4.949999809265137,4.986667156219482,4.661888599395752,15300
2013-01-23,5.013332843780518,5.046667098999023,5.013332843780518,5.046667098999023,4.717980861663818,9600
2013-01-24,5.050000190734863,5.050000190734863,5.0233330726623535,5.0233330726623535,4.6961669921875,13200
2013-01-25,5.079999923706055,5.099999904632568,5.079999923706055,5.0966668128967285,4.764723300933838,19500
2013-01-28,5.126667022705078,5.126667022705078,5.1066670417785645,5.116666793823242,4.783421039581299,10800
2013-01-29,5.050000190734863,5.053332805633545,5.033332824707031,5.0366668701171875,4.708631992340088,36000
2013-01-30,5.056666851043701,5.056666851043701,5.013332843780518,5.013332843780518,4.686818599700928,13800
2013-01-31,5.0366668701171875,5.039999961853027,5.010000228881836,5.013332843780518,4.686818599700928,14700
2013-02-01,5.076666831970215,5.133333206176758,5.076666831970215,5.130000114440918,4.795887470245361,30300
2013-02-04,5.063333034515381,5.119999885559082,5.063333034515381,5.073332786560059,4.742910385131836,19500
2013-02-05,5.0833330154418945,5.113333225250244,5.079999923706055,5.099999904632568,4.76784086227417,81600
2013-02-06,5.113333225250244,5.130000114440918,5.090000152587891,5.116666793823242,4.783421039581299,25500
2013-02-07,5.046667098999023,5.046667098999023,5.039999961853027,5.039999961853027,4.7117486000061035,2100
2013-02-08,5.070000171661377,5.093332767486572,5.070000171661377,5.086667060852051,4.755376815795898,10800
2013-02-11,5.070000171661377,5.103332996368408,5.070000171661377,5.103332996368408,4.770956516265869,3300
2013-02-12,5.1066670417785645,5.126667022705078,5.1066670417785645,5.116666793823242,4.783421039581299,16500
2013-02-13,5.133333206176758,5.150000095367432,5.103332996368408,5.123332977294922,4.789653778076172,17400
2013-02-14,5.119999885559082,5.1666669845581055,5.119999885559082,5.1666669845581055,4.830165863037109,6600
2013-02-15,5.183332920074463,5.183332920074463,5.123332977294922,5.130000114440918,4.795887470245361,9000
2013-02-19,5.1666669845581055,5.203332901000977,5.150000095367432,5.203332901000977,4.864443778991699,18000
2013-02-20,5.193333148956299,5.203332901000977,5.090000152587891,5.090000152587891,4.758492946624756,19800
2013-02-21,5.043333053588867,5.043333053588867,4.946667194366455,4.97333288192749,4.649425506591797,14700
2013-02-22,5.03000020980835,5.039999961853027,5.0233330726623535,5.02666711807251,4.699284076690674,10500
2013-02-25,5.0233330726623535,5.02666711807251,4.989999771118164,4.993332862854004,4.668121337890625,9600
2013-02-26,4.9633331298828125,4.96999979019165,4.933332920074463,4.96999979019165,4.646307468414307,9600
2013-02-27,4.983333110809326,5.010000228881836,4.983333110809326,5.010000228881836,4.6837029457092285,1200
2013-02-28,5.039999961853027,5.079999923706055,5.039999961853027,5.070000171661377,4.7397942543029785,9300
2013-03-01,4.9633331298828125,5.016666889190674,4.940000057220459,5.006667137145996,4.680585861206055,45600
2013-03-04,4.956666946411133,5.010000228881836,4.956666946411133,5.00333309173584,4.677471160888672,13500
2013-03-05,4.96999979019165,5.123332977294922,4.96999979019165,5.123332977294922,4.789653778076172,17700
2013-03-06,5.1433329582214355,5.1433329582214355,5.116666793823242,5.123332977294922,4.789653778076172,5700
2013-03-07,5.130000114440918,5.130000114440918,5.130000114440918,5.130000114440918,4.795887470245361,2100
2013-03-08,5.103332996368408,5.1666669845581055,5.103332996368408,5.1666669845581055,4.830165863037109,2400
2013-03-11,5.176667213439941,5.210000038146973,5.176667213439941,5.210000038146973,4.870677947998047,3300
2013-03-12,5.2133331298828125,5.2133331298828125,5.203332901000977,5.203332901000977,4.864443778991699,6900
2013-03-13,5.203332901000977,5.203332901000977,5.203332901000977,5.203332901000977,4.864443778991699,0
2013-03-14,5.27666711807251,5.28000020980835,5.269999980926514,5.269999980926514,4.9267683029174805,5100
2013-03-15,5.2266669273376465,5.233333110809326,5.159999847412109,5.1666669845581055,4.830165863037109,7200
2013-03-18,5.123332977294922,5.123332977294922,5.079999923706055,5.079999923706055,4.749143600463867,6000
2013-03-19,5.1066670417785645,5.1066670417785645,5.063333034515381,5.076666831970215,4.746027946472168,5700
2013-03-20,5.073332786560059,5.159999847412109,5.019999980926514,5.159999847412109,4.823932647705078,19200
2013-03-21,5.070000171661377,5.133333206176758,5.070000171661377,5.073332786560059,4.742910385131836,113700
2013-03-22,5.110000133514404,5.1433329582214355,5.110000133514404,5.1433329582214355,4.808351039886475,15900
2013-03-25,5.113333225250244,5.123332977294922,5.113333225250244,5.123332977294922,4.789653778076172,3900
2013-03-26,5.170000076293945,5.186666965484619,5.170000076293945,5.183332920074463,4.84574556350708,4200
2013-03-27,5.1533331871032715,5.190000057220459,5.1533331871032715,5.190000057220459,4.851978302001953,10200
2013-03-28,5.190000057220459,5.216667175292969,5.190000057220459,5.216667175292969,4.876908302307129,3000
2013-04-01,5.233333110809326,5.233333110809326,5.123332977294922,5.136666774749756,4.802120208740234,15900
2013-04-02,5.110000133514404,5.110000133514404,5.033332824707031,5.033332824707031,4.705516815185547,9900
2013-04-03,5.043333053588867,5.043333053588867,4.929999828338623,4.933332920074463,4.6120285987854,6300
2013-04-04,4.960000038146973,4.9766669273376465,4.960000038146973,4.9766669273376465,4.652540683746338,600
2013-04-05,4.926667213439941,4.946667194366455,4.926667213439941,4.946667194366455,4.624495506286621,4200
2013-04-08,4.986667156219482,5.00333309173584,4.986667156219482,4.99666690826416,4.671238422393799,3900
2013-04-09,5.0233330726623535,5.073332786560059,5.0233330726623535,5.070000171661377,4.7397942543029785,12000
2013-04-10,5.1533331871032715,5.1533331871032715,5.1533331871032715,5.1533331871032715,4.817699909210205,300
2013-04-11,5.130000114440918,5.150000095367432,5.130000114440918,5.150000095367432,4.814584255218506,900
2013-04-12,5.0833330154418945,5.086667060852051,5.0833330154418945,5.086667060852051,4.755376815795898,1500
2013-04-15,4.989999771118164,5.070000171661377,4.989999771118164,4.989999771118164,4.665004253387451,20100
2013-04-16,5.016666889190674,5.066667079925537,5.016666889190674,5.053332805633545,4.724212646484375,27900
2013-04-17,4.983333110809326,4.983333110809326,4.849999904632568,4.860000133514404,4.54347038269043,9000
2013-04-18,4.860000133514404,4.860000133514404,4.860000133514404,4.860000133514404,4.54347038269043,0
2013-04-19,4.789999961853027,4.809999942779541,4.74666690826416,4.803332805633545,4.490495204925537,12000
2013-04-22,4.820000171661377,4.873332977294922,4.820000171661377,4.873332977294922,4.555935859680176,1200
2013-04-23,4.920000076293945,4.97333288192749,4.920000076293945,4.96999979019165,4.646307468414307,2400
2013-04-24,4.9766669273376465,4.989999771118164,4.97333288192749,4.989999771118164,4.665004253387451,2100
2013-04-25,4.99666690826416,5.056666851043701,4.99666690826416,5.056666851043701,4.727330207824707,2400
2013-04-26,4.9766669273376465,4.986667156219482,4.97333288192749,4.980000019073486,4.655654430389404,5100
2013-04-29,5.033332824707031,5.033332824707031,5.033332824707031,5.033332824707031,4.705516815185547,900
2013-04-30,5.0233330726623535,5.063333034515381,5.0233330726623535,5.063333034515381,4.733561038970947,2100
2013-05-01,5.00333309173584,5.00333309173584,4.9766669273376465,4.9766669273376465,4.652540683746338,600
2013-05-02,4.993332862854004,5.039999961853027,4.993332862854004,5.039999961853027,4.7117486000061035,8400
2013-05-03,5.1533331871032715,5.1533331871032715,5.139999866485596,5.146667003631592,4.811467170715332,5100
2013-05-06,5.170000076293945,5.199999809265137,5.1666669845581055,5.190000057220459,4.851978302001953,15600
2013-05-07,5.163332939147949,5.170000076293945,5.163332939147949,5.163332939147949,4.8270487785339355,4200
2013-05-08,5.163332939147949,5.163332939147949,5.163332939147949,5.163332939147949,4.8270487785339355,0
2013-05-09,5.233333110809326,5.239999771118164,5.216667175292969,5.239999771118164,4.898722171783447,16500
2013-05-10,5.269999980926514,5.269999980926514,5.269999980926514,5.269999980926514,4.9267683029174805,300
2013-05-13,5.233333110809326,5.233333110809326,5.22333288192749,5.22333288192749,4.883141994476318,2400
2013-05-14,5.25,5.260000228881836,5.24666690826416,5.24666690826416,4.904955863952637,3600
2013-05-15,5.239999771118164,5.300000190734863,5.239999771118164,5.296667098999023,4.951700210571289,15600
2013-05-16,5.2733330726623535,5.3333330154418945,5.2733330726623535,5.283332824707031,4.939233303070068,5100
2013-05-17,5.316667079925537,5.320000171661377,5.289999961853027,5.320000171661377,4.973513603210449,2400
2013-05-20,5.3333330154418945,5.363333225250244,5.3333330154418945,5.3466668128967285,4.998442649841309,10500
2013-05-21,5.386666774749756,5.386666774749756,5.383333206176758,5.383333206176758,5.032721042633057,3900
2013-05-22,5.400000095367432,5.400000095367432,5.27666711807251,5.27666711807251,4.9330010414123535,7500
2013-05-23,5.179999828338623,5.283332824707031,5.179999828338623,5.283332824707031,4.939233303070068,20700
2013-05-24,5.266666889190674,5.28000020980835,5.263332843780518,5.28000020980835,4.936117649078369,32100
2013-05-28,5.316667079925537,5.336667060852051,5.316667079925537,5.336667060852051,4.989091396331787,3600
2013-05-29,5.336667060852051,5.336667060852051,5.336667060852051,5.336667060852051,4.989091396331787,600
2013-05-30,5.400000095367432,5.449999809265137,5.400000095367432,5.446667194366455,5.0919294357299805,1800
2013-05-31,5.433332920074463,5.440000057220459,5.396667003631592,5.396667003631592,5.045186519622803,4800
2013-06-03,5.383333206176758,5.4166669845581055,5.329999923706055,5.349999904632568,5.001558780670166,16500
2013-06-04,5.396667003631592,5.396667003631592,5.396667003631592,5.396667003631592,5.045186519622803,300
2013-06-05,5.306666851043701,5.306666851043701,5.2733330726623535,5.27666711807251,4.9330010414123535,42000
2013-06-06,5.239999771118164,5.239999771118164,5.2266669273376465,5.2266669273376465,4.886257648468018,2400
2013-06-07,5.2866668701171875,5.349999904632568,5.2866668701171875,5.3466668128967285,4.998442649841309,36000
2013-06-10,5.369999885559082,5.369999885559082,5.363333225250244,5.366666793823242,5.017138481140137,3300
2013-06-11,5.303332805633545,5.303332805633545,5.303332805633545,5.303332805633545,4.957930564880371,1800
2013-06-12,5.293333053588867,5.316667079925537,5.203332901000977,5.203332901000977,4.864443778991699,3900
2013-06-13,5.206666946411133,5.293333053588867,5.206666946411133,5.293333053588867,4.948582172393799,600
2013-06-14,5.306666851043701,5.306666851043701,5.28000020980835,5.300000190734863,4.95481538772583,6300
2013-06-17,5.366666793823242,5.366666793823242,5.343332767486572,5.343332767486572,4.995325565338135,1200
2013-06-18,5.400000095367432,5.443333148956299,5.376667022705078,5.443333148956299,5.088812828063965,9000
2013-06-19,5.453332901000977,5.453332901000977,5.409999847412109,5.409999847412109,5.057651042938232,3000
2013-06-20,5.269999980926514,5.269999980926514,5.269999980926514,5.269999980926514,4.9267683029174805,600
2013-06-21,5.199999809265137,5.199999809265137,5.199999809265137,5.199999809265137,4.8866729736328125,300
2013-06-24,5.139999866485596,5.1433329582214355,5.123332977294922,5.126667022705078,4.8177571296691895,8100
2013-06-25,5.130000114440918,5.206666946411133,5.130000114440918,5.206666946411133,4.892937660217285,6000
2013-06-26,5.25333309173584,5.25333309173584,5.243332862854004,5.243332862854004,4.927394390106201,3600
2013-06-27,5.2733330726623535,5.323332786560059,5.2733330726623535,5.293333053588867,4.974380970001221,6000
2013-06-28,5.293333053588867,5.293333053588867,5.293333053588867,5.293333053588867,4.974380970001221,0
2013-07-01,5.343332767486572,5.343332767486572,5.266666889190674,5.306666851043701,4.986912727355957,7200
2013-07-02,5.300000190734863,5.306666851043701,5.25333309173584,5.27666711807251,4.958720684051514,7200
2013-07-03,5.293333053588867,5.293333053588867,5.293333053588867,5.293333053588867,4.974380970001221,600
2013-07-05,5.363333225250244,5.363333225250244,5.363333225250244,5.363333225250244,5.040164470672607,3000
2013-07-08,5.340000152587891,5.343332767486572,5.303332805633545,5.303332805633545,4.98377799987793,3900
2013-07-09,5.369999885559082,5.383333206176758,5.369999885559082,5.383333206176758,5.058960914611816,3900
2013-07-10,5.383333206176758,5.383333206176758,5.383333206176758,5.383333206176758,5.058960914611816,0
2013-07-11,5.433332920074463,5.5,5.429999828338623,5.493332862854004,5.16232967376709,10800
2013-07-12,5.543333053588867,5.543333053588867,5.539999961853027,5.543333053588867,5.209317207336426,3000
2013-07-15,5.603332996368408,5.603332996368408,5.603332996368408,5.603332996368408,5.265704154968262,300
2013-07-16,5.623332977294922,5.639999866485596,5.623332977294922,5.633333206176758,5.293894290924072,2400
2013-07-17,5.6666669845581055,5.673333168029785,5.646667003631592,5.650000095367432,5.309559345245361,6900
2013-07-18,5.626667022705078,5.693333148956299,5.616666793823242,5.663332939147949,5.322086811065674,25500
2013-07-19,5.613333225250244,5.613333225250244,5.610000133514404,5.610000133514404,5.27196741104126,5400
2013-07-22,5.6666669845581055,5.6666669845581055,5.6666669845581055,5.6666669845581055,5.325219631195068,3000
2013-07-23,5.703332901000977,5.703332901000977,5.703332901000977,5.703332901000977,5.359676361083984,6900
2013-07-24,5.693333148956299,5.693333148956299,5.590000152587891,5.590000152587891,5.253173351287842,4800
2013-07-25,5.516666889190674,5.623332977294922,5.516666889190674,5.616666793823242,5.278233528137207,5400
2013-07-26,5.5,5.576666831970215,5.5,5.573332786560059,5.237509250640869,18600
2013-07-29,5.5,5.576666831970215,5.5,5.553332805633545,5.218715190887451,12000
2013-07-30,5.610000133514404,5.619999885559082,5.5833330154418945,5.5833330154418945,5.246907711029053,35100
2013-07-31,5.6433329582214355,5.6433329582214355,5.636666774749756,5.636666774749756,5.297027111053467,15900
2013-08-01,5.730000019073486,5.75,5.710000038146973,5.75,5.403531074523926,7500
2013-08-02,5.703332901000977,5.716667175292969,5.703332901000977,5.716667175292969,5.372208595275879,1200
2013-08-05,5.706666946411133,5.706666946411133,5.706666946411133,5.706666946411133,5.3628106117248535,900
2013-08-06,5.626667022705078,5.7133331298828125,5.626667022705078,5.6433329582214355,5.3032917976379395,17400
2013-08-07,5.579999923706055,5.633333206176758,5.579999923706055,5.633333206176758,5.293894290924072,11700
2013-08-08,5.610000133514404,5.630000114440918,5.610000133514404,5.616666793823242,5.278233528137207,3300
2013-08-09,5.573332786560059,5.573332786560059,5.556666851043701,5.556666851043701,5.221848964691162,6000
2013-08-12,5.456666946411133,5.613333225250244,5.456666946411133,5.610000133514404,5.27196741104126,26100
2013-08-13,5.5966668128967285,5.683332920074463,5.5966668128967285,5.6666669845581055,5.325219631195068,1500
2013-08-14,5.5833330154418945,5.646667003631592,5.5833330154418945,5.646667003631592,5.306425094604492,7500
2013-08-15,5.563333034515381,5.563333034515381,5.47333288192749,5.47333288192749,5.143533706665039,2700
2013-08-16,5.513332843780518,5.539999961853027,5.483333110809326,5.489999771118164,5.159198760986328,6600
2013-08-19,5.449999809265137,5.449999809265137,5.449999809265137,5.449999809265137,5.121608734130859,2400
2013-08-20,5.433332920074463,5.466667175292969,5.433332920074463,5.4633331298828125,5.134139060974121,3900
2013-08-21,5.426667213439941,5.426667213439941,5.420000076293945,5.426667213439941,5.099681377410889,900
2013-08-22,5.480000019073486,5.6066670417785645,5.3333330154418945,5.3933329582214355,5.068356513977051,9300
2013-08-23,5.3933329582214355,5.3933329582214355,5.3933329582214355,5.3933329582214355,5.068356513977051,0
2013-08-26,5.46999979019165,5.49666690826416,5.46999979019165,5.480000019073486,5.149803161621094,12000
2013-08-27,5.389999866485596,5.389999866485596,5.3566670417785645,5.363333225250244,5.040164470672607,5100
2013-08-28,5.383333206176758,5.406667232513428,5.380000114440918,5.396667003631592,5.071488857269287,16200
2013-08-29,5.383333206176758,5.446667194366455,5.383333206176758,5.446667194366455,5.118475437164307,600
2013-08-30,5.369999885559082,5.373332977294922,5.369999885559082,5.373332977294922,5.049561977386475,4800
2013-09-03,5.5,5.5,5.389999866485596,5.409999847412109,5.084020614624023,15300
2013-09-04,5.533332824707031,5.576666831970215,5.53000020980835,5.576666831970215,5.24064302444458,5700
2013-09-05,5.590000152587891,5.6066670417785645,5.590000152587891,5.599999904632568,5.262571334838867,19200
2013-09-06,5.616666793823242,5.630000114440918,5.593332767486572,5.593332767486572,5.25630521774292,6900
2013-09-09,5.639999866485596,5.6666669845581055,5.630000114440918,5.6666669845581055,5.325219631195068,5100
2013-09-10,5.71999979019165,5.756667137145996,5.71999979019165,5.756667137145996,5.409799098968506,9600
2013-09-11,5.733333110809326,5.743332862854004,5.7266669273376465,5.7266669273376465,5.381606101989746,3300
2013-09-12,5.706666946411133,5.730000019073486,5.696667194366455,5.696667194366455,5.353415012359619,7200
2013-09-13,5.683332920074463,5.683332920074463,5.683332920074463,5.683332920074463,5.340881824493408,600
2013-09-16,5.733333110809326,5.733333110809326,5.733333110809326,5.733333110809326,5.387869834899902,1800
2013-09-17,5.756667137145996,5.756667137145996,5.756667137145996,5.756667137145996,5.409799098968506,900
2013-09-18,5.766666889190674,5.7733330726623535,5.75,5.75,5.403531074523926,10500
2013-09-19,5.77666711807251,5.793333053588867,5.77666711807251,5.78000020980835,5.431723594665527,4500
2013-09-20,5.77666711807251,5.77666711807251,5.743332862854004,5.743332862854004,5.405370235443115,7200
2013-09-23,5.7133331298828125,5.760000228881836,5.7133331298828125,5.743332862854004,5.405370235443115,18000
2013-09-24,5.77666711807251,5.826666831970215,5.77666711807251,5.820000171661377,5.477529048919678,6900
2013-09-25,5.823332786560059,5.823332786560059,5.796667098999023,5.796667098999023,5.455568790435791,3300
2013-09-26,5.78000020980835,5.823332786560059,5.7733330726623535,5.7733330726623535,5.433608055114746,4500
2013-09-27,5.77666711807251,5.77666711807251,5.763332843780518,5.763332843780518,5.424195289611816,36600
2013-09-30,5.796667098999023,5.796667098999023,5.659999847412109,5.769999980926514,5.430470943450928,42000
2013-10-01,5.769999980926514,5.769999980926514,5.769999980926514,5.769999980926514,5.430470943450928,0
2013-10-02,5.763332843780518,5.809999942779541,5.763332843780518,5.783332824707031,5.443018913269043,4500
2013-10-03,5.74666690826416,5.75,5.703332901000977,5.706666946411133,5.370863914489746,9900
2013-10-04,5.813333034515381,5.813333034515381,5.813333034515381,5.813333034515381,5.471252918243408,2100
2013-10-07,5.816667079925537,5.823332786560059,5.793333053588867,5.796667098999023,5.455568790435791,2700
2013-10-08,5.789999961853027,5.789999961853027,5.699999809265137,5.699999809265137,5.364589691162109,1200
2013-10-09,5.6666669845581055,5.686666965484619,5.656667232513428,5.686666965484619,5.352040767669678,2400
2013-10-10,5.7866668701171875,5.8333330154418945,5.77666711807251,5.8333330154418945,5.490075588226318,6600
2013-10-11,5.800000190734863,5.800000190734863,5.800000190734863,5.800000190734863,5.458704471588135,600
2013-10-14,5.8466668128967285,5.940000057220459,5.8466668128967285,5.940000057220459,5.590466499328613,2400
2013-10-15,5.929999828338623,5.929999828338623,5.880000114440918,5.889999866485596,5.543408393859863,6600
2013-10-16,5.896667003631592,5.913332939147949,5.896667003631592,5.913332939147949,5.56536865234375,3000
2013-10-17,5.880000114440918,5.9033331871032715,5.880000114440918,5.9033331871032715,5.555957794189453,5700
2013-10-18,5.909999847412109,5.9166669845581055,5.909999847412109,5.909999847412109,5.56223201751709,1800
2013-10-21,5.869999885559082,5.943333148956299,5.8333330154418945,5.933332920074463,5.58419132232666,8100
2013-10-22,5.9633331298828125,5.9633331298828125,5.923333168029785,5.923333168029785,5.574779987335205,5400
2013-10-23,5.760000228881836,5.783332824707031,5.743332862854004,5.760000228881836,5.4210591316223145,44100
2013-10-24,5.75333309173584,5.75333309173584,5.75333309173584,5.75333309173584,5.4147844314575195,3000
2013-10-25,5.75333309173584,5.766666889190674,5.75,5.766666889190674,5.427331447601318,3600
2013-10-28,5.7133331298828125,5.760000228881836,5.7133331298828125,5.760000228881836,5.4210591316223145,2700
2013-10-29,5.760000228881836,5.760000228881836,5.760000228881836,5.760000228881836,5.4210591316223145,0
2013-10-30,5.843332767486572,5.900000095367432,5.843332767486572,5.863333225250244,5.518311023712158,312600
2013-10-31,5.913332939147949,5.96999979019165,5.913332939147949,5.940000057220459,5.590466499328613,8700
2013-11-01,5.883333206176758,5.883333206176758,5.840000152587891,5.873332977294922,5.52772331237793,4500
2013-11-04,5.869999885559082,5.869999885559082,5.869999885559082,5.869999885559082,5.524585247039795,600
2013-11-05,5.873332977294922,5.936666965484619,5.873332977294922,5.936666965484619,5.587328910827637,4500
2013-11-06,5.949999809265137,5.949999809265137,5.9166669845581055,5.936666965484619,5.587328910827637,3000
2013-11-07,5.8333330154418945,5.8333330154418945,5.789999961853027,5.789999961853027,5.4492926597595215,3000
2013-11-08,5.840000152587891,5.9033331871032715,5.840000152587891,5.900000095367432,5.552821159362793,69900
2013-11-11,5.940000057220459,5.940000057220459,5.853332996368408,5.8566670417785645,5.5120368003845215,9600
2013-11-12,5.876667022705078,5.876667022705078,5.876667022705078,5.876667022705078,5.530859470367432,600
2013-11-13,5.883333206176758,5.953332901000977,5.883333206176758,5.953332901000977,5.60301399230957,5400
2013-11-14,5.906667232513428,5.906667232513428,5.9033331871032715,5.9033331871032715,5.555957794189453,600
2013-11-15,5.896667003631592,5.923333168029785,5.869999885559082,5.923333168029785,5.574779987335205,10500
2013-11-18,5.923333168029785,5.923333168029785,5.923333168029785,5.923333168029785,5.574779987335205,0
2013-11-19,5.900000095367432,5.900000095367432,5.800000190734863,5.800000190734863,5.458704471588135,1800
2013-11-20,5.763332843780518,5.803332805633545,5.763332843780518,5.803332805633545,5.461841106414795,600
2013-11-21,5.8333330154418945,5.9033331871032715,5.8333330154418945,5.9033331871032715,5.555957794189453,900
2013-11-22,5.926667213439941,5.946667194366455,5.923333168029785,5.933332920074463,5.58419132232666,28200
2013-11-25,5.949999809265137,5.949999809265137,5.923333168029785,5.946667194366455,5.596740245819092,14700
2013-11-26,5.96999979019165,6.016666889190674,5.96999979019165,5.989999771118164,5.637523651123047,10500
2013-11-27,5.980000019073486,6.0,5.980000019073486,6.0,5.646935939788818,5700
2013-11-29,6.039999961853027,6.039999961853027,6.039999961853027,6.039999961853027,5.684580326080322,300
2013-12-02,6.00333309173584,6.00333309173584,6.00333309173584,6.00333309173584,5.650071620941162,300
2013-12-03,5.993332862854004,6.013332843780518,5.993332862854004,5.993332862854004,5.640661239624023,1200
2013-12-04,5.9633331298828125,6.0,5.9633331298828125,5.980000019073486,5.628113746643066,1500
2013-12-05,6.006667137145996,6.0233330726623535,6.006667137145996,6.0233330726623535,5.668895244598389,2400
2013-12-06,6.050000190734863,6.0833330154418945,6.046667098999023,6.046667098999023,5.690857410430908,6900
2013-12-09,6.0833330154418945,6.086667060852051,6.0833330154418945,6.086667060852051,5.728503227233887,3000
2013-12-10,6.086667060852051,6.086667060852051,6.0833330154418945,6.0833330154418945,5.725363731384277,6900
2013-12-11,6.0,6.010000228881836,6.0,6.010000228881836,5.6563496589660645,5400
2013-12-12,6.0,6.0,5.9766669273376465,5.9766669273376465,5.62497615814209,4800
2013-12-13,5.97333288192749,5.980000019073486,5.946667194366455,5.960000038146973,5.609289169311523,5700
2013-12-16,6.010000228881836,6.010000228881836,5.983333110809326,5.983333110809326,5.631249904632568,3900
2013-12-17,6.03000020980835,6.093332767486572,6.00333309173584,6.090000152587891,5.7316389083862305,11700
2013-12-18,6.033332824707031,6.070000171661377,6.02666711807251,6.070000171661377,5.7128167152404785,1800
2013-12-19,6.010000228881836,6.010000228881836,6.010000228881836,6.010000228881836,5.6563496589660645,600
2013-12-20,5.956666946411133,6.123332977294922,5.956666946411133,6.123332977294922,5.763011932373047,1500
2013-12-23,6.123332977294922,6.123332977294922,6.123332977294922,6.123332977294922,5.763011932373047,0
2013-12-24,6.190000057220459,6.190000057220459,6.190000057220459,6.190000057220459,5.825757026672363,900
2013-12-26,6.190000057220459,6.196667194366455,6.190000057220459,6.196667194366455,5.832029819488525,900
2013-12-27,6.179999828338623,6.243332862854004,6.179999828338623,6.230000019073486,5.863401412963867,22500
2013-12-30,6.243332862854004,6.243332862854004,6.243332862854004,6.243332862854004,5.875949859619141,900
2013-12-31,6.283332824707031,6.303332805633545,6.283332824707031,6.293333053588867,5.923007965087891,16200
2014-01-02,6.283332824707031,6.283332824707031,6.176667213439941,6.190000057220459,5.825757026672363,34200
2014-01-03,6.2133331298828125,6.2133331298828125,6.196667194366455,6.203332901000977,5.8383049964904785,6900
2014-01-06,6.170000076293945,6.199999809265137,6.170000076293945,6.179999828338623,5.816343307495117,13200
2014-01-07,6.2133331298828125,6.2133331298828125,6.203332901000977,6.203332901000977,5.8383049964904785,6900
2014-01-08,6.186666965484619,6.216667175292969,6.179999828338623,6.190000057220459,5.825757026672363,4200
2014-01-09,6.236667156219482,6.236667156219482,6.156667232513428,6.156667232513428,5.794384479522705,1800
2014-01-10,6.159999847412109,6.1666669845581055,6.1533331871032715,6.1666669845581055,5.80379581451416,3000
2014-01-13,6.196667194366455,6.2133331298828125,6.126667022705078,6.126667022705078,5.766147613525391,4800
2014-01-14,6.256667137145996,6.269999980926514,6.256667137145996,6.269999980926514,5.90104866027832,1200
2014-01-15,6.266666889190674,6.329999923706055,6.266666889190674,6.329999923706055,5.957517147064209,3900
2014-01-16,6.296667098999023,6.296667098999023,6.2733330726623535,6.2733330726623535,5.904183864593506,3900
2014-01-17,6.303332805633545,6.320000171661377,6.266666889190674,6.266666889190674,5.897909641265869,17100
2014-01-21,6.283332824707031,6.283332824707031,6.263332843780518,6.263332843780518,5.894774913787842,6300
2014-01-22,6.3466668128967285,6.360000133514404,6.3466668128967285,6.360000133514404,5.985752105712891,3000
2014-01-23,6.3933329582214355,6.3933329582214355,6.27666711807251,6.27666711807251,5.907323837280273,55500
2014-01-24,6.266666889190674,6.266666889190674,6.126667022705078,6.126667022705078,5.766147613525391,12000
2014-01-27,6.1433329582214355,6.176667213439941,6.0966668128967285,6.103332996368408,5.7441887855529785,9600
2014-01-28,6.033332824707031,6.1066670417785645,6.016666889190674,6.103332996368408,5.7441887855529785,13800
2014-01-29,6.0833330154418945,6.0833330154418945,6.0833330154418945,6.0833330154418945,5.725363731384277,3900
2014-01-30,6.113333225250244,6.156667232513428,6.103332996368408,6.139999866485596,5.778696537017822,5700
2014-01-31,6.136666774749756,6.136666774749756,6.1066670417785645,6.1066670417785645,5.747326374053955,2700
2014-02-03,6.0,6.0,5.983333110809326,5.983333110809326,5.631249904632568,6600
2014-02-04,6.016666889190674,6.03000020980835,6.013332843780518,6.013332843780518,5.659483909606934,4200
2014-02-05,5.943333148956299,6.019999980926514,5.940000057220459,5.960000038146973,5.609289169311523,68400
2014-02-06,6.0,6.066667079925537,6.0,6.066667079925537,5.709681034088135,3600
2014-02-07,6.113333225250244,6.1433329582214355,6.113333225250244,6.1433329582214355,5.781835556030273,1500
2014-02-10,6.1666669845581055,6.183332920074463,6.1666669845581055,6.183332920074463,5.8194804191589355,900
2014-02-11,6.293333053588867,6.293333053588867,6.27666711807251,6.27666711807251,5.907323837280273,3900
2014-02-12,6.263332843780518,6.329999923706055,6.260000228881836,6.329999923706055,5.957517147064209,3000
2014-02-13,6.340000152587891,6.4033331871032715,6.340000152587891,6.4033331871032715,6.026534080505371,5400
2014-02-14,6.383333206176758,6.446667194366455,6.383333206176758,6.446667194366455,6.067318439483643,5400
2014-02-18,6.436666965484619,6.489999771118164,6.436666965484619,6.483333110809326,6.1018266677856445,20100
2014-02-19,6.486667156219482,6.513332843780518,6.466667175292969,6.466667175292969,6.086143493652344,9900
2014-02-20,6.5,6.510000228881836,6.493332862854004,6.506667137145996,6.123787879943848,1800
2014-02-21,6.533332824707031,6.533332824707031,6.513332843780518,6.513332843780518,6.130063056945801,8100
2014-02-24,6.5966668128967285,6.630000114440918,6.593332767486572,6.630000114440918,6.239863395690918,2400
2014-02-25,6.570000171661377,6.570000171661377,6.570000171661377,6.570000171661377,6.183394432067871,600
2014-02-26,6.630000114440918,6.693333148956299,6.623332977294922,6.646667003631592,6.255549907684326,18900
2014-02-27,6.679999828338623,6.696667194366455,6.659999847412109,6.676667213439941,6.28378438949585,8400
2014-02-28,6.656667232513428,6.7266669273376465,6.656667232513428,6.703332901000977,6.308881759643555,2700
2014-03-03,6.630000114440918,6.639999866485596,6.619999885559082,6.619999885559082,6.230453014373779,5100
2014-03-04,6.686666965484619,6.806666851043701,6.686666965484619,6.78000020980835,6.381038188934326,15300
2014-03-05,6.783332824707031,6.793333053588867,6.769999980926514,6.783332824707031,6.384175777435303,9600
2014-03-06,6.783332824707031,6.806666851043701,6.783332824707031,6.793333053588867,6.393585681915283,4800
2014-03-07,6.813333034515381,6.8333330154418945,6.813333034515381,6.813333034515381,6.412408351898193,67200
2014-03-10,6.793333053588867,6.8466668128967285,6.77666711807251,6.7866668701171875,6.387310981750488,18000
2014-03-11,6.816667079925537,6.853332996368408,6.743332862854004,6.75333309173584,6.3559393882751465,3300
2014-03-12,6.763332843780518,6.809999942779541,6.760000228881836,6.809999942779541,6.409273147583008,4200
2014-03-13,6.809999942779541,6.8466668128967285,6.6666669845581055,6.7133331298828125,6.318295001983643,64200
2014-03-14,6.716667175292969,6.72333288192749,6.699999809265137,6.716667175292969,6.321430683135986,5400
2014-03-17,6.716667175292969,6.78000020980835,6.716667175292969,6.766666889190674,6.368487358093262,15300
2014-03-18,6.789999961853027,6.8933329582214355,6.789999961853027,6.889999866485596,6.484562873840332,8100
2014-03-19,6.929999828338623,6.929999828338623,6.869999885559082,6.869999885559082,6.465742111206055,6000
2014-03-20,7.00333309173584,7.00333309173584,6.980000019073486,6.983333110809326,6.572406768798828,3900
2014-03-21,7.033332824707031,7.043333053588867,6.923333168029785,6.940000057220459,6.531622409820557,8100
2014-03-24,6.936666965484619,6.983333110809326,6.8933329582214355,6.933332920074463,6.525345802307129,12000
2014-03-25,6.936666965484619,6.946667194366455,6.936666965484619,6.946667194366455,6.537896156311035,23100
2014-03-26,6.943333148956299,6.943333148956299,6.816667079925537,6.823332786560059,6.42181921005249,18600
2014-03-27,6.769999980926514,6.840000152587891,6.7266669273376465,6.75,6.3528008460998535,248400
2014-03-28,6.853332996368408,6.853332996368408,6.7733330726623535,6.7733330726623535,6.3747639656066895,24600
2014-03-31,6.886666774749756,6.9166669845581055,6.869999885559082,6.9166669845581055,6.509662628173828,7800
2014-04-01,6.960000038146973,7.019999980926514,6.949999809265137,7.019999980926514,6.606914520263672,19500
2014-04-02,7.059999942779541,7.076666831970215,7.033332824707031,7.076666831970215,6.660248279571533,50700
2014-04-03,7.0833330154418945,7.156667232513428,7.046667098999023,7.053332805633545,6.638286113739014,218400
2014-04-04,7.099999904632568,7.099999904632568,6.849999904632568,6.866666793823242,6.462602615356445,16200
2014-04-07,6.809999942779541,6.880000114440918,6.7733330726623535,6.820000171661377,6.4186835289001465,26700
2014-04-08,6.836667060852051,6.8933329582214355,6.813333034515381,6.876667022705078,6.472015857696533,15600
2014-04-09,6.920000076293945,6.949999809265137,6.880000114440918,6.949999809265137,6.541033744812012,60600
2014-04-10,6.929999828338623,6.97333288192749,6.816667079925537,6.816667079925537,6.415546894073486,11400
2014-04-11,6.7733330726623535,6.78000020980835,6.636666774749756,6.636666774749756,6.246140003204346,145200
2014-04-14,6.6533331871032715,6.736667156219482,6.576666831970215,6.6533331871032715,6.261823654174805,90300
2014-04-15,6.663332939147949,6.7266669273376465,6.576666831970215,6.7133331298828125,6.318295001983643,34800
2014-04-16,6.74666690826416,6.74666690826416,6.633333206176758,6.683332920074463,6.29005765914917,8400
2014-04-17,6.733333110809326,6.800000190734863,6.703332901000977,6.796667098999023,6.39672327041626,37500
2014-04-21,6.793333053588867,6.860000133514404,6.7733330726623535,6.8466668128967285,6.443780899047852,103500
2014-04-22,6.8933329582214355,6.99666690826416,6.8933329582214355,6.993332862854004,6.58181619644165,40500
2014-04-23,6.97333288192749,7.0,6.953332901000977,6.953332901000977,6.544170379638672,17400
2014-04-24,7.0,7.039999961853027,6.933332920074463,7.019999980926514,6.606914520263672,18000
2014-04-25,6.913332939147949,6.913332939147949,6.806666851043701,6.806666851043701,6.406135559082031,41700
2014-04-28,6.896667003631592,6.896667003631592,6.633333206176758,6.769999980926514,6.371626853942871,57000
2014-04-29,6.809999942779541,6.836667060852051,6.809999942779541,6.836667060852051,6.434370040893555,3600
2014-04-30,6.796667098999023,6.8333330154418945,6.796667098999023,6.8333330154418945,6.431232452392578,1200
2014-05-01,7.03000020980835,7.03000020980835,6.820000171661377,6.8566670417785645,6.4531941413879395,58800
2014-05-02,6.8933329582214355,6.900000095367432,6.8566670417785645,6.889999866485596,6.484562873840332,7800
2014-05-05,6.826666831970215,6.886666774749756,6.826666831970215,6.873332977294922,6.468879222869873,3600
2014-05-06,6.883333206176758,6.896667003631592,6.7866668701171875,6.7866668701171875,6.387310981750488,49200
2014-05-07,6.7133331298828125,6.756667137145996,6.7133331298828125,6.756667137145996,6.359076976776123,5100
2014-05-08,6.853332996368408,6.900000095367432,6.793333053588867,6.793333053588867,6.393585681915283,14700
2014-05-09,6.756667137145996,6.796667098999023,6.75,6.796667098999023,6.39672327041626,26700
2014-05-12,6.843332767486572,6.949999809265137,6.843332767486572,6.943333148956299,6.534759521484375,84300
2014-05-13,6.9633331298828125,6.9633331298828125,6.886666774749756,6.889999866485596,6.484562873840332,79800
2014-05-14,6.889999866485596,6.889999866485596,6.789999961853027,6.789999961853027,6.390449523925781,23400
2014-05-15,6.679999828338623,6.7133331298828125,6.656667232513428,6.706666946411133,6.312017440795898,70800
2014-05-16,6.7133331298828125,6.75333309173584,6.7133331298828125,6.739999771118164,6.343389987945557,15900
2014-05-19,6.756667137145996,6.896667003631592,6.730000019073486,6.880000114440918,6.47515344619751,254100
2014-05-20,6.823332786560059,6.873332977294922,6.793333053588867,6.816667079925537,6.415546894073486,18000
2014-05-21,6.849999904632568,6.873332977294922,6.823332786560059,6.866666793823242,6.462602615356445,31200
2014-05-22,6.860000133514404,6.913332939147949,6.860000133514404,6.900000095367432,6.4939751625061035,10200
2014-05-23,6.960000038146973,6.960000038146973,6.960000038146973,6.960000038146973,6.550444602966309,1800
2014-05-27,7.063333034515381,7.093332767486572,7.043333053588867,7.079999923706055,6.663384437561035,22800
2014-05-28,7.1066670417785645,7.1066670417785645,7.076666831970215,7.093332767486572,6.675931453704834,20400
2014-05-29,7.1433329582214355,7.1533331871032715,7.1066670417785645,7.119999885559082,6.701030254364014,33300
2014-05-30,7.136666774749756,7.170000076293945,7.116666793823242,7.146667003631592,6.726129055023193,39600
2014-06-02,7.206666946411133,7.206666946411133,7.0833330154418945,7.116666793823242,6.697892189025879,12900
2014-06-03,7.139999866485596,7.176667213439941,7.136666774749756,7.173333168029785,6.751226425170898,4800
2014-06-04,7.183332920074463,7.24666690826416,7.1666669845581055,7.24666690826416,6.820244312286377,12300
2014-06-05,7.283332824707031,7.300000190734863,7.183332920074463,7.296667098999023,6.867300987243652,247500
2014-06-06,7.323332786560059,7.369999885559082,7.309999942779541,7.326666831970215,6.895537853240967,44100
2014-06-09,7.353332996368408,7.420000076293945,7.353332996368408,7.383333206176758,6.948868751525879,64800
2014-06-10,7.429999828338623,7.440000057220459,7.363333225250244,7.440000057220459,7.002200603485107,24900
2014-06-11,7.4166669845581055,7.513332843780518,7.4166669845581055,7.486667156219482,7.046121120452881,17700
2014-06-12,7.52666711807251,7.52666711807251,7.4166669845581055,7.4166669845581055,6.980241298675537,20400
2014-06-13,7.5,7.506667137145996,7.449999809265137,7.493332862854004,7.052395343780518,11400
2014-06-16,7.5,7.533332824707031,7.5,7.53000020980835,7.0869059562683105,18900
2014-06-17,7.559999942779541,7.630000114440918,7.5366668701171875,7.616666793823242,7.168470859527588,31500
2014-06-18,7.639999866485596,7.639999866485596,7.516666889190674,7.556666851043701,7.112001419067383,138900
2014-06-19,7.566667079925537,7.566667079925537,7.49666690826416,7.543333053588867,7.099452018737793,40500
2014-06-20,7.703332901000977,7.703332901000977,7.506667137145996,7.539999961853027,7.1192803382873535,24600
2014-06-23,7.533332824707031,7.543333053588867,7.50333309173584,7.52666711807251,7.106689929962158,40200
2014-06-24,7.493332862854004,7.5833330154418945,7.429999828338623,7.429999828338623,7.015418529510498,70200
2014-06-25,7.446667194366455,7.46999979019165,7.363333225250244,7.46999979019165,7.053186416625977,18300
2014-06-26,7.519999980926514,7.519999980926514,7.360000133514404,7.420000076293945,7.005977153778076,86100
2014-06-27,7.440000057220459,7.446667194366455,7.406667232513428,7.423333168029785,7.009124279022217,21900
2014-06-30,7.453332901000977,7.516666889190674,7.443333148956299,7.516666889190674,7.097249507904053,40500
2014-07-01,7.676667213439941,7.676667213439941,7.546667098999023,7.613333225250244,7.188521862030029,20700
2014-07-02,7.6433329582214355,7.6433329582214355,7.593332767486572,7.6066670417785645,7.182228088378906,33300
2014-07-03,7.659999847412109,7.683332920074463,7.639999866485596,7.679999828338623,7.251471042633057,20400
2014-07-07,7.6533331871032715,7.663332939147949,7.570000171661377,7.573332786560059,7.150754451751709,33900
2014-07-08,7.550000190734863,7.559999942779541,7.480000019073486,7.53000020980835,7.10983943939209,19800
2014-07-09,7.539999961853027,7.616666793823242,7.510000228881836,7.5966668128967285,7.172784805297852,27300
2014-07-10,7.449999809265137,7.593332767486572,7.406667232513428,7.539999961853027,7.1192803382873535,30300
2014-07-11,7.543333053588867,7.553332805633545,7.53000020980835,7.546667098999023,7.125576496124268,19500
2014-07-14,7.579999923706055,7.630000114440918,7.573332786560059,7.599999904632568,7.175932884216309,43800
2014-07-15,7.5966668128967285,7.626667022705078,7.516666889190674,7.563333034515381,7.141311168670654,11100
2014-07-16,7.626667022705078,7.646667003631592,7.586667060852051,7.646667003631592,7.219996452331543,17400
2014-07-17,7.646667003631592,7.646667003631592,7.493332862854004,7.493332862854004,7.075218200683594,29400
2014-07-18,7.570000171661377,7.623332977294922,7.570000171661377,7.616666793823242,7.191669940948486,198600
2014-07-21,7.6066670417785645,7.686666965484619,7.599999904632568,7.656667232513428,7.2294392585754395,68100
2014-07-22,7.699999809265137,7.75333309173584,7.690000057220459,7.7266669273376465,7.295531749725342,137700
2014-07-23,7.77666711807251,7.77666711807251,7.493332862854004,7.5,7.081513404846191,64200
2014-07-24,7.456666946411133,7.489999771118164,7.420000076293945,7.453332901000977,7.037449836730957,33300
2014-07-25,7.389999866485596,7.396667003631592,7.24666690826416,7.256667137145996,6.851757526397705,47400
2014-07-28,7.283332824707031,7.293333053588867,7.150000095367432,7.283332824707031,6.876935958862305,241500
2014-07-29,7.2866668701171875,7.340000152587891,7.2733330726623535,7.2733330726623535,6.86749267578125,49800
2014-07-30,7.349999904632568,7.349999904632568,7.2733330726623535,7.336667060852051,6.927295207977295,79500
2014-07-31,7.1433329582214355,7.159999847412109,7.099999904632568,7.130000114440918,6.732157230377197,65400
2014-08-01,7.1533331871032715,7.176667213439941,7.090000152587891,7.176667213439941,6.77622127532959,39600
2014-08-04,7.210000038146973,7.210000038146973,7.126667022705078,7.203332901000977,6.801398277282715,45000
2014-08-05,7.170000076293945,7.190000057220459,7.116666793823242,7.146667003631592,6.74789571762085,130800
2014-08-06,7.0966668128967285,7.230000019073486,7.0966668128967285,7.203332901000977,6.801398277282715,19800
2014-08-07,7.119999885559082,7.130000114440918,7.050000190734863,7.059999942779541,6.66606330871582,27000
2014-08-08,7.056666851043701,7.150000095367432,7.056666851043701,7.1433329582214355,6.744748115539551,36900
2014-08-11,7.206666946411133,7.269999980926514,7.203332901000977,7.24666690826416,6.842315196990967,11400
2014-08-12,7.25,7.25,7.183332920074463,7.203332901000977,6.801398277282715,14100
2014-08-13,7.233333110809326,7.329999923706055,7.233333110809326,7.316667079925537,6.908409118652344,72300
2014-08-14,7.353332996368408,7.363333225250244,7.326666831970215,7.326666831970215,6.91785192489624,23100
2014-08-15,7.366666793823242,7.440000057220459,7.326666831970215,7.366666793823242,6.9556193351745605,19500
2014-08-18,7.433332920074463,7.466667175292969,7.373332977294922,7.456666946411133,7.040597915649414,88500
2014-08-19,7.456666946411133,7.546667098999023,7.456666946411133,7.5366668701171875,7.116135120391846,32700
2014-08-20,7.539999961853027,7.696667194366455,7.539999961853027,7.696667194366455,7.267207622528076,71400
2014-08-21,7.743332862854004,7.743332862854004,7.670000076293945,7.716667175292969,7.28609037399292,22800
2014-08-22,7.7133331298828125,7.736667156219482,7.683332920074463,7.733333110809326,7.3018269538879395,14100
2014-08-25,7.800000190734863,7.800000190734863,7.686666965484619,7.703332901000977,7.273499488830566,45600
2014-08-26,7.71999979019165,7.71999979019165,7.696667194366455,7.7133331298828125,7.282942295074463,74100
2014-08-27,7.730000019073486,7.730000019073486,7.659999847412109,7.706666946411133,7.276649475097656,11700
2014-08-28,7.693333148956299,7.75333309173584,7.673333168029785,7.75,7.317562103271484,31800
2014-08-29,7.806666851043701,7.829999923706055,7.789999961853027,7.826666831970215,7.389952182769775,35400
2014-09-02,7.869999885559082,7.880000114440918,7.806666851043701,7.836667060852051,7.3993940353393555,60000
2014-09-03,7.886666774749756,7.886666774749756,7.809999942779541,7.813333034515381,7.377363204956055,19500
2014-09-04,7.869999885559082,7.9033331871032715,7.816667079925537,7.816667079925537,7.380511283874512,154200
2014-09-05,7.820000171661377,7.913332939147949,7.820000171661377,7.906667232513428,7.465489387512207,10800
2014-09-08,7.926667213439941,7.980000019073486,7.8933329582214355,7.909999847412109,7.468636989593506,58200
2014-09-09,7.953332901000977,7.953332901000977,7.826666831970215,7.829999923706055,7.393100261688232,24600
2014-09-10,7.8333330154418945,7.8333330154418945,7.7733330726623535,7.813333034515381,7.377363204956055,13800
2014-09-11,7.796667098999023,7.853332996368408,7.7733330726623535,7.853332996368408,7.4151291847229,41700
2014-09-12,7.823332786560059,7.8333330154418945,7.75333309173584,7.75333309173584,7.320711135864258,8700
2014-09-15,7.7733330726623535,7.7733330726623535,7.619999885559082,7.633333206176758,7.207406997680664,86400
2014-09-16,7.616666793823242,7.766666889190674,7.550000190734863,7.766666889190674,7.33329963684082,25200
2014-09-17,7.789999961853027,7.866666793823242,7.789999961853027,7.823332786560059,7.386804103851318,17400
2014-09-18,7.863333225250244,7.97333288192749,7.863333225250244,7.9633331298828125,7.518992900848389,39600
2014-09-19,7.993332862854004,7.993332862854004,7.843332767486572,7.869999885559082,7.442081928253174,92100
2014-09-22,7.860000133514404,7.860000133514404,7.743332862854004,7.743332862854004,7.32230281829834,54600
2014-09-23,7.739999771118164,7.803332805633545,7.673333168029785,7.736667156219482,7.315998554229736,25200
2014-09-24,7.72333288192749,7.7866668701171875,7.72333288192749,7.7866668701171875,7.363280296325684,23700
2014-09-25,7.823332786560059,7.823332786560059,7.619999885559082,7.656667232513428,7.2403483390808105,118500
2014-09-26,7.703332901000977,7.760000228881836,7.696667194366455,7.736667156219482,7.315998554229736,38400
2014-09-29,7.739999771118164,7.78000020980835,7.626667022705078,7.739999771118164,7.319149017333984,35400
2014-09-30,7.766666889190674,7.826666831970215,7.6666669845581055,7.6666669845581055,7.2498040199279785,21600
2014-10-01,7.610000133514404,7.626667022705078,7.433332920074463,7.449999809265137,7.044918060302734,273900
2014-10-02,7.47333288192749,7.506667137145996,7.300000190734863,7.47333288192749,7.066982746124268,130800
2014-10-03,7.539999961853027,7.546667098999023,7.5,7.510000228881836,7.101657867431641,214200
2014-10-06,7.5833330154418945,7.5833330154418945,7.433332920074463,7.443333148956299,7.038614273071289,27600
2014-10-07,7.413332939147949,7.413332939147949,7.2866668701171875,7.2866668701171875,6.890466213226318,45300
2014-10-08,7.27666711807251,7.409999847412109,7.21999979019165,7.400000095367432,6.997637748718262,39600
2014-10-09,7.420000076293945,7.420000076293945,7.22333288192749,7.230000019073486,6.836881160736084,42000
2014-10-10,7.090000152587891,7.090000152587891,6.6433329582214355,6.6533331871032715,6.291569232940674,152700
2014-10-13,6.636666774749756,6.72333288192749,6.510000228881836,6.519999980926514,6.1654863357543945,411600
2014-10-14,6.610000133514404,6.71999979019165,6.546667098999023,6.5833330154418945,6.225375175476074,320700
2014-10-15,6.456666946411133,6.703332901000977,6.4166669845581055,6.703332901000977,6.338852882385254,123000
2014-10-16,6.46999979019165,6.820000171661377,6.46999979019165,6.796667098999023,6.427109241485596,194100
2014-10-17,6.943333148956299,6.943333148956299,6.803332805633545,6.836667060852051,6.4649338722229,69600
2014-10-20,6.806666851043701,6.929999828338623,6.78000020980835,6.929999828338623,6.553194522857666,40200
2014-10-21,6.9633331298828125,7.173333168029785,6.9633331298828125,7.146667003631592,6.758079528808594,76200
2014-10-22,7.22333288192749,7.2266669273376465,7.086667060852051,7.086667060852051,6.701342582702637,33000
2014-10-23,7.183332920074463,7.260000228881836,7.183332920074463,7.24666690826416,6.85264253616333,15600
2014-10-24,7.300000190734863,7.309999942779541,7.283332824707031,7.296667098999023,6.899923801422119,23400
2014-10-27,7.260000228881836,7.306666851043701,7.24666690826416,7.27666711807251,6.881010055541992,17400
2014-10-28,7.3466668128967285,7.436666965484619,7.3466668128967285,7.429999828338623,7.026005744934082,27600
2014-10-29,7.400000095367432,7.4766669273376465,7.400000095367432,7.4766669273376465,7.070136070251465,67200
2014-10-30,7.3566670417785645,7.366666793823242,7.243332862854004,7.340000152587891,6.940899848937988,29100
2014-10-31,7.513332843780518,7.7133331298828125,7.513332843780518,7.693333148956299,7.275020599365234,71700
2014-11-03,7.686666965484619,7.793333053588867,7.686666965484619,7.736667156219482,7.315998554229736,167100
2014-11-04,7.683332920074463,7.763332843780518,7.6533331871032715,7.710000038146973,7.2907819747924805,28800
2014-11-05,7.760000228881836,7.796667098999023,7.690000057220459,7.796667098999023,7.372736930847168,57600
2014-11-06,7.803332805633545,7.803332805633545,7.683332920074463,7.7266669273376465,7.306542873382568,78000
2014-11-07,7.763332843780518,7.783332824707031,7.570000171661377,7.673333168029785,7.256108283996582,136800
2014-11-10,7.676667213439941,7.75333309173584,7.676667213439941,7.730000019073486,7.309694766998291,18000
2014-11-11,7.7266669273376465,7.75,7.72333288192749,7.736667156219482,7.315998554229736,30300
2014-11-12,7.690000057220459,7.743332862854004,7.690000057220459,7.730000019073486,7.309694766998291,9300
2014-11-13,7.7733330726623535,7.800000190734863,7.6666669845581055,7.673333168029785,7.256108283996582,153900
2014-11-14,7.670000076293945,7.763332843780518,7.630000114440918,7.75,7.328605651855469,25500
2014-11-17,7.696667194366455,7.710000038146973,7.659999847412109,7.686666965484619,7.268716335296631,43200
2014-11-18,7.760000228881836,7.8933329582214355,7.75,7.8566670417785645,7.429472923278809,38100
2014-11-19,7.860000133514404,7.860000133514404,7.743332862854004,7.769999980926514,7.347519397735596,19800
2014-11-20,7.710000038146973,7.8333330154418945,7.710000038146973,7.8333330154418945,7.407408714294434,36300
2014-11-21,7.913332939147949,7.936666965484619,7.863333225250244,7.889999866485596,7.460992813110352,10200
2014-11-24,7.936666965484619,8.013333320617676,7.926667213439941,8.010000228881836,7.574469566345215,31500
2014-11-25,8.053333282470703,8.053333282470703,8.0,8.023332595825195,7.5870771408081055,49500
2014-11-26,8.036666870117188,8.199999809265137,8.036666870117188,8.199999809265137,7.754138469696045,39900
2014-11-28,8.226667404174805,8.226667404174805,8.173333168029785,8.196666717529297,7.750988483428955,11100
2014-12-01,8.15666675567627,8.203332901000977,8.029999732971191,8.066666603088379,7.628054141998291,51900
2014-12-02,8.109999656677246,8.183333396911621,8.109999656677246,8.183333396911621,7.738379001617432,24600
2014-12-03,8.166666984558105,8.380000114440918,8.166666984558105,8.356666564941406,7.902285575866699,45000
2014-12-04,8.40666675567627,8.416666984558105,8.366666793823242,8.383333206176758,7.927501678466797,36600
2014-12-05,8.430000305175781,8.506667137145996,8.399999618530273,8.49666690826416,8.034675598144531,49200
2014-12-08,8.5,8.523332595825195,8.316666603088379,8.346667289733887,7.892833709716797,35100
2014-12-09,8.19333267211914,8.463333129882812,8.1899995803833,8.456666946411133,7.9968485832214355,199800
2014-12-10,8.436667442321777,8.466667175292969,8.279999732971191,8.279999732971191,7.829789161682129,108600
2014-12-11,8.416666984558105,8.449999809265137,8.333333015441895,8.333333015441895,7.880222320556641,108300
2014-12-12,8.296667098999023,8.350000381469727,8.223333358764648,8.223333358764648,7.776203632354736,65700
2014-12-15,8.396666526794434,8.396666526794434,8.173333168029785,8.263333320617676,7.814027786254883,252000
2014-12-16,8.170000076293945,8.333333015441895,8.133333206176758,8.289999961853027,7.83924674987793,120300
2014-12-17,8.24666690826416,8.376667022705078,8.166666984558105,8.359999656677246,7.9054388999938965,330900
2014-12-18,8.513333320617676,8.539999961853027,8.449999809265137,8.539999961853027,8.075653076171875,102900
2014-12-19,8.403332710266113,8.493332862854004,8.34333324432373,8.396666526794434,8.047538757324219,44100
2014-12-22,8.473333358764648,8.566666603088379,8.41333293914795,8.563332557678223,8.207277297973633,128100
2014-12-23,8.633333206176758,8.666666984558105,8.539999961853027,8.5600004196167,8.204079627990723,179400
2014-12-24,8.633333206176758,8.633333206176758,8.546667098999023,8.58666706085205,8.229637145996094,40200
2014-12-26,8.69333267211914,8.69333267211914,8.59000015258789,8.609999656677246,8.252001762390137,57300
2014-12-29,8.59333324432373,8.59333324432373,8.536666870117188,8.576666831970215,8.220054626464844,41400
2014-12-30,8.533332824707031,8.579999923706055,8.533332824707031,8.550000190734863,8.19449520111084,36300
2014-12-31,8.563332557678223,8.613332748413086,8.486666679382324,8.486666679382324,8.133795738220215,87600
2015-01-02,8.510000228881836,8.566666603088379,8.366666793823242,8.460000038146973,8.108237266540527,150600
2015-01-05,8.416666984558105,8.433333396911621,8.263333320617676,8.289999961853027,7.94530725479126,234900
2015-01-06,8.270000457763672,8.270000457763672,8.00333309173584,8.066666603088379,7.731258392333984,224400
2015-01-07,8.109999656677246,8.213333129882812,8.010000228881836,8.180000305175781,7.839879989624023,73500
2015-01-08,8.289999961853027,8.449999809265137,8.203332901000977,8.420000076293945,8.06989860534668,283500
2015-01-09,8.479999542236328,8.486666679382324,8.373332977294922,8.466667175292969,8.114628791809082,74100
2015-01-12,8.483332633972168,8.483332633972168,8.296667098999023,8.353333473205566,8.00600814819336,127500
2015-01-13,8.386667251586914,8.510000228881836,8.243332862854004,8.276666641235352,7.932528495788574,126300
2015-01-14,8.203332901000977,8.296667098999023,8.143333435058594,8.213333129882812,7.871826171875,128700
2015-01-15,8.270000457763672,8.289999961853027,8.09333324432373,8.09333324432373,7.756817817687988,83100
2015-01-16,8.079999923706055,8.24666690826416,8.079999923706055,8.24666690826416,7.903774261474609,40200
2015-01-20,8.296667098999023,8.376667022705078,8.243332862854004,8.34333324432373,7.996423721313477,90000
2015-01-21,8.333333015441895,8.466667175292969,8.276666641235352,8.420000076293945,8.06989860534668,169800
2015-01-22,8.466667175292969,8.510000228881836,8.25333309173584,8.510000228881836,8.156159400939941,56700
2015-01-23,8.523332595825195,8.533332824707031,8.456666946411133,8.516667366027832,8.16254711151123,257700
2015-01-26,8.49666690826416,8.546667098999023,8.4399995803833,8.543333053588867,8.188105583190918,56700
2015-01-27,8.4399995803833,8.513333320617676,8.363332748413086,8.449999809265137,8.098652839660645,173100
2015-01-28,8.523332595825195,8.613332748413086,8.423333168029785,8.426667213439941,8.07629108428955,54600
2015-01-29,8.426667213439941,8.533332824707031,8.333333015441895,8.533332824707031,8.178520202636719,639000
2015-01-30,8.456666946411133,8.526666641235352,8.30666732788086,8.3100004196167,7.964474678039551,52500
2015-02-02,8.373332977294922,8.373332977294922,8.149999618530273,8.326666831970215,7.980448246002197,91800
2015-02-03,8.453332901000977,8.453332901000977,8.323332786560059,8.436667442321777,8.085874557495117,23400
2015-02-04,8.423333168029785,8.489999771118164,8.396666526794434,8.463333129882812,8.111430168151855,51900
2015-02-05,8.5,8.50333309173584,8.44333267211914,8.489999771118164,8.136990547180176,520800
2015-02-06,8.573332786560059,8.623332977294922,8.49666690826416,8.506667137145996,8.152961730957031,109500
2015-02-09,8.449999809265137,8.470000267028809,8.369999885559082,8.426667213439941,8.07629108428955,51600
2015-02-10,8.539999961853027,8.706666946411133,8.486666679382324,8.696666717529297,8.335063934326172,62400
2015-02-11,8.713333129882812,8.743332862854004,8.649999618530273,8.736666679382324,8.373401641845703,106800
2015-02-12,8.8100004196167,8.826666831970215,8.736666679382324,8.826666831970215,8.4596586227417,176700
2015-02-13,8.899999618530273,8.899999618530273,8.74666690826416,8.766667366027832,8.402153968811035,138300
2015-02-17,8.74666690826416,8.83666706085205,8.74666690826416,8.789999961853027,8.424516677856445,63000
2015-02-18,8.823332786560059,8.829999923706055,8.726667404174805,8.8100004196167,8.443687438964844,54000
2015-02-19,8.819999694824219,8.883333206176758,8.786666870117188,8.876667022705078,8.507580757141113,42600
2015-02-20,8.933333396911621,8.933333396911621,8.816666603088379,8.90666675567627,8.536331176757812,143700
2015-02-23,8.966667175292969,8.966667175292969,8.833333015441895,8.880000114440918,8.510774612426758,107400
2015-02-24,8.893333435058594,9.036666870117188,8.853333473205566,9.036666870117188,8.660928726196289,164100
2015-02-25,9.029999732971191,9.029999732971191,8.926667213439941,8.949999809265137,8.577865600585938,95100
2015-02-26,8.976667404174805,9.029999732971191,8.9399995803833,9.00333309173584,8.628978729248047,64500
2015-02-27,9.05666732788086,9.05666732788086,8.933333396911621,8.99666690826416,8.622590065002441,93900
2015-03-02,9.066666603088379,9.313332557678223,9.066666603088379,9.300000190734863,8.913313865661621,190500
2015-03-03,9.34000015258789,9.34000015258789,9.08666706085205,9.140000343322754,8.759964942932129,136500
2015-03-04,9.116666793823242,9.146666526794434,9.039999961853027,9.140000343322754,8.759964942932129,111600
2015-03-05,9.176667213439941,9.183333396911621,9.083333015441895,9.109999656677246,8.73121166229248,75600
2015-03-06,9.083333015441895,9.103333473205566,9.013333320617676,9.029999732971191,8.65453815460205,116100
2015-03-09,9.076666831970215,9.096667289733887,9.029999732971191,9.08666706085205,8.708847045898438,86700
2015-03-10,9.09000015258789,9.09000015258789,8.94333267211914,8.970000267028809,8.597033500671387,74700
2015-03-11,9.016667366027832,9.043333053588867,8.983332633972168,8.99666690826416,8.622590065002441,90000
2015-03-12,8.973333358764648,9.020000457763672,8.859999656677246,9.020000457763672,8.644953727722168,150000
2015-03-13,9.063332557678223,9.126667022705078,8.986666679382324,9.029999732971191,8.65453815460205,55500
2015-03-16,9.116666793823242,9.206666946411133,9.116666793823242,9.206666946411133,8.823861122131348,1670700
2015-03-17,9.180000305175781,9.180000305175781,9.066666603088379,9.143333435058594,8.763161659240723,673500
2015-03-18,9.126667022705078,9.216667175292969,9.006667137145996,9.153332710266113,8.77274227142334,722700
2015-03-19,9.24666690826416,9.263333320617676,9.140000343322754,9.25333309173584,8.868582725524902,136500
2015-03-20,9.333333015441895,9.40666675567627,9.286666870117188,9.403332710266113,9.012346267700195,222900
2015-03-23,9.41333293914795,9.41333293914795,9.319999694824219,9.326666831970215,8.938870429992676,126900
2015-03-24,9.300000190734863,9.34000015258789,9.263333320617676,9.263333320617676,8.878167152404785,64200
2015-03-25,9.25,9.25,8.8100004196167,8.823332786560059,8.456460952758789,345000
2015-03-26,8.703332901000977,8.766667366027832,8.55666732788086,8.716667175292969,8.35423469543457,182700
2015-03-27,8.716667175292969,8.956666946411133,8.703332901000977,8.949999809265137,8.577865600585938,94200
2015-03-30,9.076666831970215,9.113332748413086,8.989999771118164,9.106666564941406,8.72801685333252,200400
2015-03-31,9.09000015258789,9.09000015258789,8.970000267028809,9.0,8.625785827636719,137700
2015-04-01,8.986666679382324,8.986666679382324,8.826666831970215,8.899999618530273,8.52994441986084,236400
2015-04-02,8.949999809265137,8.960000038146973,8.893333435058594,8.90999984741211,8.53952693939209,198900
2015-04-06,8.833333015441895,8.946666717529297,8.796667098999023,8.936667442321777,8.56508731842041,162000
2015-04-07,8.930000305175781,8.993332862854004,8.916666984558105,8.916666984558105,8.545918464660645,62700
2015-04-08,8.90666675567627,9.006667137145996,8.90666675567627,8.989999771118164,8.616202354431152,57600
2015-04-09,8.94333267211914,9.076666831970215,8.94333267211914,9.076666831970215,8.699263572692871,41100
2015-04-10,9.116666793823242,9.119999885559082,9.083333015441895,9.116666793823242,8.737602233886719,191400
2015-04-13,9.126667022705078,9.146666526794434,9.053333282470703,9.083333015441895,8.705657005310059,54000
2015-04-14,9.126667022705078,9.126667022705078,8.920000076293945,8.960000038146973,8.587449073791504,82500
2015-04-15,9.00333309173584,9.136667251586914,9.00333309173584,9.133333206176758,8.753572463989258,99900
2015-04-16,9.09000015258789,9.166666984558105,9.083333015441895,9.123332977294922,8.743987083435059,121800
2015-04-17,9.050000190734863,9.053333282470703,8.90999984741211,8.960000038146973,8.587449073791504,150000
2015-04-20,9.083333015441895,9.100000381469727,9.023332595825195,9.073332786560059,8.696069717407227,81000
2015-04-21,9.196666717529297,9.196666717529297,9.100000381469727,9.153332710266113,8.77274227142334,49200
2015-04-22,9.183333396911621,9.229999542236328,9.09000015258789,9.216667175292969,8.833440780639648,111600
2015-04-23,9.123332977294922,9.123332977294922,9.010000228881836,9.05666732788086,8.680096626281738,81600
2015-04-24,9.100000381469727,9.100000381469727,8.793333053588867,8.829999923706055,8.462852478027344,89400
2015-04-27,8.833333015441895,8.976667404174805,8.833333015441895,8.866666793823242,8.49799633026123,188700
2015-04-28,8.880000114440918,8.896666526794434,8.716667175292969,8.896666526794434,8.526747703552246,61800
2015-04-29,8.84000015258789,8.916666984558105,8.8100004196167,8.883333206176758,8.513972282409668,82500
2015-04-30,8.846667289733887,8.893333435058594,8.733332633972168,8.763333320617676,8.398961067199707,132000
2015-05-01,8.80666732788086,9.020000457763672,8.80666732788086,9.010000228881836,8.635371208190918,47100
2015-05-04,9.050000190734863,9.053333282470703,9.0,9.033332824707031,8.657732963562012,41700
2015-05-05,8.863332748413086,8.869999885559082,8.789999961853027,8.803333282470703,8.437294960021973,30300
2015-05-06,8.816666603088379,8.816666603088379,8.736666679382324,8.800000190734863,8.434101104736328,52800
2015-05-07,8.813332557678223,8.903332710266113,8.813332557678223,8.896666526794434,8.526747703552246,107100
2015-05-08,8.973333358764648,9.006667137145996,8.903332710266113,8.976667404174805,8.603421211242676,44100
2015-05-11,8.966667175292969,9.029999732971191,8.953332901000977,8.99666690826416,8.622590065002441,73800
2015-05-12,8.953332901000977,8.960000038146973,8.853333473205566,8.926667213439941,8.555500984191895,28500
2015-05-13,8.930000305175781,9.023332595825195,8.930000305175781,8.949999809265137,8.577865600585938,49200
2015-05-14,8.993332862854004,9.103333473205566,8.989999771118164,9.083333015441895,8.705657005310059,61200
2015-05-15,9.100000381469727,9.103333473205566,9.039999961853027,9.083333015441895,8.705657005310059,98100
2015-05-18,9.076666831970215,9.206666946411133,9.076666831970215,9.19333267211914,8.811078071594238,43200
2015-05-19,9.233332633972168,9.273332595825195,9.166666984558105,9.180000305175781,8.798301696777344,166200
2015-05-20,9.186667442321777,9.263333320617676,9.16333293914795,9.213333129882812,8.830249786376953,55200
2015-05-21,9.25,9.256667137145996,9.166666984558105,9.256667137145996,8.871776580810547,74100
2015-05-22,9.303333282470703,9.326666831970215,9.283332824707031,9.313332557678223,8.926088333129883,90000
2015-05-26,9.266667366027832,9.266667366027832,9.173333168029785,9.226667404174805,8.843029022216797,76800
2015-05-27,9.283332824707031,9.606666564941406,9.283332824707031,9.596667289733887,9.19764518737793,81900
2015-05-28,9.626667022705078,9.65999984741211,9.550000190734863,9.623332977294922,9.223200798034668,79500
2015-05-29,9.66333293914795,9.6899995803833,9.58666706085205,9.649999618530273,9.248757362365723,208800
2015-06-01,9.703332901000977,9.716667175292969,9.583333015441895,9.676667213439941,9.274316787719727,328200
2015-06-02,9.66333293914795,9.66333293914795,9.536666870117188,9.546667098999023,9.1497220993042,100200
2015-06-03,9.59000015258789,9.613332748413086,9.520000457763672,9.526666641235352,9.130553245544434,55500
2015-06-04,9.5600004196167,9.5600004196167,9.4399995803833,9.486666679382324,9.092216491699219,94500
2015-06-05,9.5,9.510000228881836,9.403332710266113,9.50333309173584,9.108186721801758,77700
2015-06-08,9.536666870117188,9.536666870117188,9.319999694824219,9.326666831970215,8.938870429992676,73800
2015-06-09,9.316666603088379,9.363332748413086,9.266667366027832,9.34333324432373,8.95484733581543,56400
2015-06-10,9.426667213439941,9.49666690826416,9.359999656677246,9.483332633972168,9.08902359008789,107100
2015-06-11,9.536666870117188,9.536666870117188,9.426667213439941,9.446666717529297,9.05388069152832,52800
2015-06-12,9.553333282470703,9.553333282470703,9.383333206176758,9.416666984558105,9.025127410888672,101700
2015-06-15,9.319999694824219,9.396666526794434,9.266667366027832,9.393333435058594,9.002761840820312,159000
2015-06-16,9.363332748413086,9.433333396911621,9.350000381469727,9.399999618530273,9.009154319763184,35700
2015-06-17,9.449999809265137,9.470000267028809,9.40666675567627,9.449999809265137,9.057077407836914,51600
2015-06-18,9.510000228881836,9.613332748413086,9.466667175292969,9.573332786560059,9.175276756286621,225300
2015-06-19,9.623332977294922,9.623332977294922,9.466667175292969,9.529999732971191,9.133747100830078,59400
2015-06-22,9.563332557678223,9.563332557678223,9.433333396911621,9.479999542236328,9.085826873779297,84300
2015-06-23,9.486666679382324,9.533332824707031,9.436667442321777,9.446666717529297,9.05388069152832,59100
2015-06-24,9.456666946411133,9.460000038146973,9.366666793823242,9.373332977294922,8.983595848083496,53400
2015-06-25,9.40666675567627,9.446666717529297,9.363332748413086,9.403332710266113,9.012346267700195,60300
2015-06-26,9.34000015258789,9.34000015258789,9.116666793823242,9.143333435058594,8.763161659240723,185100
2015-06-29,9.033332824707031,9.083333015441895,8.880000114440918,8.890000343322754,8.520360946655273,136500
2015-06-30,9.0,9.0,8.886667251586914,8.933333396911621,8.561893463134766,77100
2015-07-01,9.039999961853027,9.066666603088379,8.876667022705078,8.903332710266113,8.533135414123535,111600
2015-07-02,8.930000305175781,8.956666946411133,8.880000114440918,8.933333396911621,8.561893463134766,100800
2015-07-06,8.876667022705078,8.90999984741211,8.729999542236328,8.779999732971191,8.414932250976562,407100
2015-07-07,8.75333309173584,8.75333309173584,8.476667404174805,8.736666679382324,8.373401641845703,201300
2015-07-08,8.606666564941406,8.630000114440918,8.49666690826416,8.546667098999023,8.191302299499512,165300
2015-07-09,8.66333293914795,8.66333293914795,8.40666675567627,8.40666675567627,8.057124137878418,57000
2015-07-10,8.466667175292969,8.573332786560059,8.466667175292969,8.543333053588867,8.188105583190918,181500
2015-07-13,8.59000015258789,8.643333435058594,8.536666870117188,8.609999656677246,8.252001762390137,97800
2015-07-14,8.65999984741211,8.756667137145996,8.65999984741211,8.74666690826416,8.382986068725586,85200
2015-07-15,8.75,8.75333309173584,8.640000343322754,8.66333293914795,8.303115844726562,75300
2015-07-16,8.686667442321777,8.696666717529297,8.58666706085205,8.646666526794434,8.287142753601074,207600
2015-07-17,8.646666526794434,8.653332710266113,8.569999694824219,8.646666526794434,8.287142753601074,66300
2015-07-20,8.643333435058594,8.673333168029785,8.563332557678223,8.566666603088379,8.210470199584961,103800
2015-07-21,8.546667098999023,8.643333435058594,8.546667098999023,8.600000381469727,8.242415428161621,60000
2015-07-22,8.436667442321777,8.436667442321777,8.270000457763672,8.386667251586914,8.03795337677002,81000
2015-07-23,8.386667251586914,8.636667251586914,8.386667251586914,8.513333320617676,8.159356117248535,69600
2015-07-24,8.473333358764648,8.473333358764648,8.333333015441895,8.33666706085205,7.990034580230713,77100
2015-07-27,8.289999961853027,8.313332557678223,8.183333396911621,8.239999771118164,7.8973870277404785,120900
2015-07-28,8.206666946411133,8.416666984558105,8.186667442321777,8.383333206176758,8.034758567810059,668700
2015-07-29,8.356666564941406,8.423333168029785,8.313332557678223,8.416666984558105,8.066709518432617,78600
2015-07-30,8.416666984558105,8.489999771118164,8.416666984558105,8.473333358764648,8.121017456054688,59100
2015-07-31,8.506667137145996,8.506667137145996,8.403332710266113,8.403332710266113,8.05392837524414,107100
2015-08-03,8.373332977294922,8.430000305175781,8.313332557678223,8.333333015441895,7.986837863922119,567300
2015-08-04,8.296667098999023,8.333333015441895,8.216667175292969,8.260000228881836,7.916555404663086,119100
2015-08-05,8.243332862854004,8.456666946411133,8.243332862854004,8.399999618530273,8.050736427307129,107100
2015-08-06,8.41333293914795,8.41333293914795,8.229999542236328,8.316666603088379,7.970862865447998,59700
2015-08-07,8.373332977294922,8.416666984558105,8.276666641235352,8.396666526794434,8.047538757324219,39000
2015-08-10,8.513333320617676,8.616666793823242,8.513333320617676,8.58666706085205,8.229637145996094,36600
2015-08-11,8.520000457763672,8.520000457763672,8.353333473205566,8.383333206176758,8.034758567810059,50700
2015-08-12,8.243332862854004,8.426667213439941,8.199999809265137,8.393333435058594,8.04434585571289,143400
2015-08-13,8.423333168029785,8.433333396911621,8.323332786560059,8.323332786560059,7.977254867553711,54300
2015-08-14,8.303333282470703,8.313332557678223,8.226667404174805,8.303333282470703,7.9580864906311035,150300
2015-08-17,8.239999771118164,8.359999656677246,8.19333267211914,8.359999656677246,8.012397766113281,48600
2015-08-18,8.316666603088379,8.316666603088379,8.140000343322754,8.143333435058594,7.804738521575928,85500
2015-08-19,8.176667213439941,8.186667442321777,8.05666732788086,8.130000114440918,7.791960716247559,123300
2015-08-20,8.020000457763672,8.020000457763672,7.800000190734863,7.809999942779541,7.485265254974365,156900
2015-08-21,7.686666965484619,7.820000171661377,7.633333206176758,7.659999847412109,7.341503143310547,258600
2015-08-24,7.289999961853027,7.7866668701171875,6.760000228881836,7.489999771118164,7.178569793701172,269400
2015-08-25,7.546667098999023,7.686666965484619,7.423333168029785,7.423333168029785,7.114675045013428,126300
2015-08-26,7.53000020980835,7.760000228881836,7.50333309173584,7.743332862854004,7.421368598937988,128400
2015-08-27,7.896667003631592,8.026666641235352,7.843332767486572,7.96999979019165,7.638612747192383,93300
2015-08-28,7.980000019073486,8.066666603088379,7.980000019073486,8.063332557678223,7.728064060211182,99300
2015-08-31,8.039999961853027,8.106666564941406,7.9766669273376465,8.023332595825195,7.689728736877441,30600
2015-09-01,7.860000133514404,7.923333168029785,7.733333110809326,7.760000228881836,7.437345027923584,47400
2015-09-02,7.823332786560059,7.889999866485596,7.763332843780518,7.889999866485596,7.561939239501953,27600
2015-09-03,7.896667003631592,8.043333053588867,7.896667003631592,8.0,7.667363166809082,99000
2015-09-04,7.853332996368408,7.920000076293945,7.853332996368408,7.863333225250244,7.536379814147949,34800
2015-09-08,8.043333053588867,8.133333206176758,8.016667366027832,8.119999885559082,7.782376766204834,60900
2015-09-09,8.210000038146973,8.233332633972168,8.066666603088379,8.083333015441895,7.747232437133789,21600
2015-09-10,8.0,8.08666706085205,7.949999809265137,7.989999771118164,7.657780647277832,252600
2015-09-11,7.946667194366455,7.989999771118164,7.876667022705078,7.983333110809326,7.651391983032227,47100
2015-09-14,8.013333320617676,8.020000457763672,7.9766669273376465,7.989999771118164,7.657780647277832,49800
2015-09-15,7.97333288192749,8.106666564941406,7.97333288192749,8.083333015441895,7.747232437133789,81600
2015-09-16,8.063332557678223,8.09333324432373,8.033332824707031,8.09333324432373,7.756817817687988,77400
2015-09-17,8.096667289733887,8.166666984558105,8.069999694824219,8.096667289733887,7.760012626647949,50700
2015-09-18,7.9633331298828125,8.016667366027832,7.896667003631592,7.920000076293945,7.601332187652588,35700
2015-09-21,7.946667194366455,7.97333288192749,7.863333225250244,7.876667022705078,7.559741020202637,90300
2015-09-22,7.756667137145996,7.7733330726623535,7.693333148956299,7.7133331298828125,7.402978420257568,44100
2015-09-23,7.716667175292969,7.736667156219482,7.650000095367432,7.656667232513428,7.348595142364502,54900
2015-09-24,7.486667156219482,7.613333225250244,7.46999979019165,7.599999904632568,7.294206619262695,19800
2015-09-25,7.7266669273376465,7.796667098999023,7.696667194366455,7.699999809265137,7.390182018280029,28200
2015-09-28,7.683332920074463,7.683332920074463,7.556666851043701,7.570000171661377,7.265413284301758,19800
2015-09-29,7.5366668701171875,7.633333206176758,7.5366668701171875,7.616666793823242,7.310202121734619,49200
2015-09-30,7.739999771118164,7.853332996368408,7.739999771118164,7.853332996368408,7.537344455718994,18000
2015-10-01,7.72333288192749,7.75,7.6666669845581055,7.75,7.438170433044434,3600
2015-10-02,7.733333110809326,7.913332939147949,7.673333168029785,7.909999847412109,7.591732025146484,13500
2015-10-05,7.960000038146973,8.073332786560059,7.956666946411133,8.053333282470703,7.729299068450928,32400
2015-10-06,8.05666732788086,8.109999656677246,7.9766669273376465,8.100000381469727,7.774088382720947,14400
2015-10-07,8.140000343322754,8.25333309173584,8.133333206176758,8.220000267028809,7.889259338378906,61800
2015-10-08,8.19333267211914,8.266667366027832,8.166666984558105,8.25,7.91805362701416,12300
2015-10-09,8.276666641235352,8.276666641235352,8.173333168029785,8.180000305175781,7.8508687019348145,42900
2015-10-12,8.186667442321777,8.206666946411133,8.166666984558105,8.186667442321777,7.857268810272217,32700
2015-10-13,8.116666793823242,8.206666946411133,8.109999656677246,8.119999885559082,7.7932844161987305,119700
2015-10-14,8.199999809265137,8.380000114440918,8.16333293914795,8.366666793823242,8.03002643585205,56700
2015-10-15,8.446666717529297,8.5,8.386667251586914,8.476667404174805,8.135600090026855,72600
2015-10-16,8.516667366027832,8.516667366027832,8.40999984741211,8.456666946411133,8.116403579711914,33000
2015-10-19,8.466667175292969,8.489999771118164,8.423333168029785,8.460000038146973,8.119601249694824,117000
2015-10-20,8.41333293914795,8.416666984558105,8.350000381469727,8.386667251586914,8.049220085144043,53400
2015-10-21,8.40666675567627,8.486666679382324,8.350000381469727,8.350000381469727,8.014031410217285,24600
2015-10-22,8.40999984741211,8.516667366027832,8.40999984741211,8.5,8.157994270324707,82200
2015-10-23,8.583333015441895,8.619999885559082,8.483332633972168,8.603333473205566,8.257169723510742,45600
2015-10-26,8.576666831970215,8.613332748413086,8.423333168029785,8.436667442321777,8.097208023071289,27900
2015-10-27,8.420000076293945,8.50333309173584,8.420000076293945,8.44333267211914,8.10361099243164,21300
2015-10-28,8.489999771118164,8.609999656677246,8.489999771118164,8.609999656677246,8.263568878173828,97500
2015-10-29,8.456666946411133,8.456666946411133,8.293333053588867,8.303333282470703,7.969241142272949,35700
2015-10-30,8.34333324432373,8.430000305175781,8.34333324432373,8.430000305175781,8.090808868408203,27900
2015-11-02,8.416666984558105,8.520000457763672,8.416666984558105,8.513333320617676,8.170791625976562,61500
2015-11-03,8.543333053588867,8.619999885559082,8.523332595825195,8.583333015441895,8.23797607421875,39000
2015-11-04,8.583333015441895,8.609999656677246,8.553333282470703,8.600000381469727,8.253968238830566,26100
2015-11-05,8.606666564941406,8.606666564941406,8.546667098999023,8.563332557678223,8.218780517578125,6900
2015-11-06,8.543333053588867,8.733332633972168,8.539999961853027,8.713333129882812,8.362744331359863,14700
2015-11-09,8.6899995803833,8.6899995803833,8.619999885559082,8.640000343322754,8.292359352111816,21900
2015-11-10,8.616666793823242,8.616666793823242,8.5,8.50333309173584,8.1611909866333,146400
2015-11-11,8.5600004196167,8.606666564941406,8.533332824707031,8.533332824707031,8.189984321594238,4500
2015-11-12,8.493332862854004,8.49666690826416,8.383333206176758,8.396666526794434,8.058818817138672,51300
2015-11-13,8.34333324432373,8.380000114440918,8.289999961853027,8.329999923706055,7.994833469390869,53700
2015-11-16,8.350000381469727,8.393333435058594,8.296667098999023,8.383333206176758,8.046019554138184,44100
2015-11-17,8.390000343322754,8.486666679382324,8.390000343322754,8.423333168029785,8.08441162109375,25200
2015-11-18,8.466667175292969,8.59000015258789,8.460000038146973,8.59000015258789,8.24437427520752,150600
2015-11-19,8.566666603088379,8.626667022705078,8.566666603088379,8.619999885559082,8.273165702819824,6600
2015-11-20,8.666666984558105,8.6899995803833,8.606666564941406,8.619999885559082,8.273165702819824,24300
2015-11-23,8.58666706085205,8.609999656677246,8.539999961853027,8.539999961853027,8.19638442993164,72000
2015-11-24,8.573332786560059,8.65666675567627,8.536666870117188,8.65666675567627,8.308359146118164,17100
2015-11-25,8.630000114440918,8.713333129882812,8.630000114440918,8.69333267211914,8.343548774719238,29700
2015-11-27,8.716667175292969,8.770000457763672,8.716667175292969,8.770000457763672,8.417129516601562,10200
2015-11-30,8.829999923706055,8.869999885559082,8.786666870117188,8.869999885559082,8.513111114501953,10800
2015-12-01,8.956666946411133,8.960000038146973,8.926667213439941,8.956666946411133,8.596285820007324,107400
2015-12-02,8.949999809265137,8.970000267028809,8.886667251586914,8.886667251586914,8.529101371765137,11100
2015-12-03,8.976667404174805,8.976667404174805,8.763333320617676,8.786666870117188,8.433127403259277,70200
2015-12-04,8.779999732971191,8.970000267028809,8.779999732971191,8.963333129882812,8.602686882019043,58500
2015-12-07,8.933333396911621,8.933333396911621,8.823332786560059,8.826666831970215,8.471516609191895,44400
2015-12-08,8.723333358764648,8.796667098999023,8.723333358764648,8.770000457763672,8.417129516601562,49500
2015-12-09,8.763333320617676,8.783332824707031,8.616666793823242,8.633333206176758,8.28596019744873,39900
2015-12-10,8.666666984558105,8.75333309173584,8.666666984558105,8.713333129882812,8.362744331359863,48600
2015-12-11,8.763333320617676,8.763333320617676,8.520000457763672,8.520000457763672,8.1771879196167,38400
2015-12-14,8.506667137145996,8.520000457763672,8.390000343322754,8.44333267211914,8.10361099243164,55800
2015-12-15,8.516667366027832,8.563332557678223,8.510000228881836,8.510000228881836,8.167591094970703,38700
2015-12-16,8.533332824707031,8.583333015441895,8.466667175292969,8.569999694824219,8.225176811218262,30300
2015-12-17,8.626667022705078,8.626667022705078,8.513333320617676,8.520000457763672,8.1771879196167,39000
2015-12-18,8.449999809265137,8.453332901000977,8.363332748413086,8.383333206176758,8.047913551330566,122100
2015-12-21,8.369999885559082,8.49666690826416,8.369999885559082,8.49666690826416,8.156710624694824,48900
2015-12-22,8.470000267028809,8.553333282470703,8.460000038146973,8.526666641235352,8.185506820678711,60600
2015-12-23,8.569999694824219,8.579999923706055,8.55666732788086,8.573332786560059,8.230308532714844,40800
2015-12-24,8.569999694824219,8.640000343322754,8.569999694824219,8.640000343322754,8.294306755065918,4200
2015-12-28,8.55666732788086,8.566666603088379,8.489999771118164,8.55666732788086,8.214308738708496,25500
2015-12-29,8.646666526794434,8.6899995803833,8.633333206176758,8.66333293914795,8.316705703735352,185100
2015-12-30,8.65666675567627,8.666666984558105,8.546667098999023,8.550000190734863,8.207906723022461,49200
2015-12-31,8.453332901000977,8.49666690826416,8.40999984741211,8.40999984741211,8.073511123657227,17400
2016-01-04,8.25,8.256667137145996,8.16333293914795,8.24666690826416,7.916711807250977,213000
2016-01-05,8.256667137145996,8.296667098999023,8.199999809265137,8.216667175292969,7.887909889221191,15900
2016-01-06,8.08666706085205,8.08666706085205,7.96999979019165,8.023332595825195,7.70231294631958,144600
2016-01-07,7.8333330154418945,7.9166669845581055,7.766666889190674,7.796667098999023,7.484715938568115,134100
2016-01-08,7.796667098999023,7.883333206176758,7.626667022705078,7.636666774749756,7.331119060516357,38400
2016-01-11,7.710000038146973,7.710000038146973,7.5833330154418945,7.693333148956299,7.3855180740356445,155100
2016-01-12,7.763332843780518,7.77666711807251,7.659999847412109,7.766666889190674,7.455916881561279,41700
2016-01-13,7.75333309173584,7.806666851043701,7.516666889190674,7.5366668701171875,7.235119819641113,44700
2016-01-14,7.5366668701171875,7.686666965484619,7.453332901000977,7.6533331871032715,7.3471174240112305,564900
2016-01-15,7.326666831970215,7.389999866485596,7.216667175292969,7.3466668128967285,7.05272102355957,462300
2016-01-19,7.360000133514404,7.456666946411133,7.243332862854004,7.309999942779541,7.017521858215332,183900
2016-01-20,7.2133331298828125,7.46999979019165,7.173333168029785,7.420000076293945,7.123122215270996,152400
2016-01-21,7.426667213439941,7.603332996368408,7.426667213439941,7.543333053588867,7.241519927978516,34200
2016-01-22,7.603332996368408,7.703332901000977,7.603332996368408,7.693333148956299,7.3855180740356445,25200
2016-01-25,7.6666669845581055,7.670000076293945,7.550000190734863,7.550000190734863,7.247920989990234,36600
2016-01-26,7.6666669845581055,7.686666965484619,7.623332977294922,7.6433329582214355,7.337516784667969,18600
2016-01-27,7.570000171661377,7.6666669845581055,7.5366668701171875,7.5366668701171875,7.235119819641113,21300
2016-01-28,7.623332977294922,7.686666965484619,7.5833330154418945,7.6066670417785645,7.302319049835205,76800
2016-01-29,7.686666965484619,7.906667232513428,7.686666965484619,7.906667232513428,7.5903167724609375,45000
2016-02-01,7.866666793823242,7.943333148956299,7.840000152587891,7.943333148956299,7.625515460968018,46500
2016-02-02,7.783332824707031,7.7866668701171875,7.546667098999023,7.556666851043701,7.254317760467529,95700
2016-02-03,7.5,7.590000152587891,7.456666946411133,7.576666831970215,7.273519515991211,116400
2016-02-04,7.636666774749756,7.6666669845581055,7.616666793823242,7.630000114440918,7.324717998504639,10200
2016-02-05,7.670000076293945,7.670000076293945,7.406667232513428,7.406667232513428,7.110321521759033,37500
2016-02-08,7.25333309173584,7.300000190734863,7.110000133514404,7.2266669273376465,6.937521934509277,44100
2016-02-09,7.289999961853027,7.289999961853027,7.190000057220459,7.21999979019165,6.931122303009033,67500
2016-02-10,7.196667194366455,7.369999885559082,7.196667194366455,7.21999979019165,6.931122303009033,33900
2016-02-11,7.0366668701171875,7.133333206176758,7.010000228881836,7.126667022705078,6.841522693634033,186300
2016-02-12,7.0233330726623535,7.156667232513428,7.0233330726623535,7.130000114440918,6.844724178314209,25500
2016-02-16,7.1433329582214355,7.400000095367432,7.1433329582214355,7.366666793823242,7.071920871734619,55200
2016-02-17,7.550000190734863,7.5966668128967285,7.506667137145996,7.559999942779541,7.257519245147705,69600
2016-02-18,7.639999866485596,7.639999866485596,7.553332805633545,7.570000171661377,7.26711893081665,50100
2016-02-19,7.493332862854004,7.570000171661377,7.493332862854004,7.559999942779541,7.257519245147705,18000
2016-02-22,7.686666965484619,7.7133331298828125,7.663332939147949,7.706666946411133,7.398318767547607,54300
2016-02-23,7.696667194366455,7.696667194366455,7.593332767486572,7.599999904632568,7.29591703414917,11100
2016-02-24,7.493332862854004,7.703332901000977,7.4766669273376465,7.696667194366455,7.388716697692871,39600
2016-02-25,7.699999809265137,7.7733330726623535,7.633333206176758,7.7733330726623535,7.462318420410156,12300
2016-02-26,7.8333330154418945,7.860000133514404,7.813333034515381,7.820000171661377,7.507116317749023,12000
2016-02-29,7.8466668128967285,7.913332939147949,7.813333034515381,7.820000171661377,7.507116317749023,21300
2016-03-01,7.913332939147949,8.00333309173584,7.896667003631592,8.00333309173584,7.683114051818848,15000
2016-03-02,8.010000228881836,8.033332824707031,7.99666690826416,8.023332595825195,7.70231294631958,87600
2016-03-03,8.043333053588867,8.09000015258789,8.029999732971191,8.09000015258789,7.766314506530762,68100
2016-03-04,8.09000015258789,8.176667213439941,8.09000015258789,8.123332977294922,7.798312187194824,27900
2016-03-07,8.100000381469727,8.170000076293945,8.09333324432373,8.149999618530273,7.823912620544434,90300
2016-03-08,8.0,8.006667137145996,7.926667213439941,7.933332920074463,7.6159162521362305,11400
2016-03-09,7.983333110809326,8.016667366027832,7.9766669273376465,8.016667366027832,7.695913791656494,22800
2016-03-10,8.08666706085205,8.08666706085205,7.949999809265137,8.026666641235352,7.705514430999756,107100
2016-03-11,8.096667289733887,8.183333396911621,8.096667289733887,8.183333396911621,7.8559136390686035,88500
2016-03-14,8.176667213439941,8.1899995803833,8.126667022705078,8.170000076293945,7.843111515045166,19800
2016-03-15,8.113332748413086,8.123332977294922,8.076666831970215,8.116666793823242,7.791913032531738,21000
2016-03-16,8.149999618530273,8.226667404174805,8.123332977294922,8.226667404174805,7.897513389587402,52800
2016-03-17,8.203332901000977,8.313332557678223,8.203332901000977,8.313332557678223,7.980711460113525,32100
2016-03-18,8.333333015441895,8.40999984741211,8.326666831970215,8.386667251586914,8.051109313964844,20100
2016-03-21,8.393333435058594,8.41333293914795,8.33666706085205,8.41333293914795,8.076709747314453,22500
2016-03-22,8.376667022705078,8.483332633972168,8.376667022705078,8.460000038146973,8.12150764465332,23700
2016-03-23,8.449999809265137,8.449999809265137,8.376667022705078,8.376667022705078,8.041510581970215,9600
2016-03-24,8.283332824707031,8.366666793823242,8.279999732971191,8.359999656677246,8.025511741638184,57600
2016-03-28,8.359999656677246,8.369999885559082,8.329999923706055,8.369999885559082,8.03510856628418,8700
2016-03-29,8.356666564941406,8.539999961853027,8.303333282470703,8.529999732971191,8.188708305358887,54000
2016-03-30,8.579999923706055,8.643333435058594,8.579999923706055,8.613332748413086,8.268708229064941,27000
2016-03-31,8.613332748413086,8.646666526794434,8.58666706085205,8.606666564941406,8.262306213378906,19200
2016-04-01,8.569999694824219,8.649999618530273,8.569999694824219,8.649999618530273,8.303908348083496,20700
2016-04-04,8.613332748413086,8.640000343322754,8.566666603088379,8.579999923706055,8.236709594726562,42000
2016-04-05,8.529999732971191,8.5600004196167,8.516667366027832,8.523332595825195,8.1823091506958,63900
2016-04-06,8.483332633972168,8.55666732788086,8.473333358764648,8.55666732788086,8.214308738708496,42000
2016-04-07,8.456666946411133,8.489999771118164,8.430000305175781,8.449999809265137,8.111910820007324,25200
2016-04-08,8.55666732788086,8.55666732788086,8.446666717529297,8.483332633972168,8.143909454345703,14100
2016-04-11,8.553333282470703,8.576666831970215,8.470000267028809,8.470000267028809,8.131110191345215,37200
2016-04-12,8.466667175292969,8.493332862854004,8.386667251586914,8.449999809265137,8.111910820007324,20700
2016-04-13,8.486666679382324,8.626667022705078,8.486666679382324,8.613332748413086,8.268708229064941,17400
2016-04-14,8.59333324432373,8.623332977294922,8.516667366027832,8.613332748413086,8.268708229064941,91200
2016-04-15,8.609999656677246,8.616666793823242,8.550000190734863,8.553333282470703,8.211105346679688,12300
2016-04-18,8.5,8.55666732788086,8.5,8.553333282470703,8.211105346679688,15000
2016-04-19,8.510000228881836,8.510000228881836,8.40999984741211,8.426667213439941,8.089510917663574,5400
2016-04-20,8.449999809265137,8.506667137145996,8.44333267211914,8.486666679382324,8.147109985351562,13500
2016-04-21,8.460000038146973,8.49666690826416,8.416666984558105,8.4399995803833,8.102309226989746,17700
2016-04-22,8.4399995803833,8.486666679382324,8.430000305175781,8.479999542236328,8.14070987701416,20100
2016-04-25,8.453332901000977,8.470000267028809,8.426667213439941,8.430000305175781,8.092710494995117,30900
2016-04-26,8.526666641235352,8.533332824707031,8.489999771118164,8.533332824707031,8.191908836364746,8700
2016-04-27,8.58666706085205,8.623332977294922,8.5,8.623332977294922,8.27830696105957,10200
2016-04-28,8.603333473205566,8.603333473205566,8.376667022705078,8.380000114440918,8.044709205627441,17400
2016-04-29,8.333333015441895,8.333333015441895,8.109999656677246,8.143333435058594,7.8175129890441895,13200
2016-05-02,8.15999984741211,8.199999809265137,8.15999984741211,8.1899995803833,7.862310886383057,3600
2016-05-03,8.24666690826416,8.24666690826416,8.16333293914795,8.186667442321777,7.859111309051514,30900
2016-05-04,8.173333168029785,8.19333267211914,8.066666603088379,8.066666603088379,7.743914604187012,39600
2016-05-05,8.106666564941406,8.133333206176758,8.069999694824219,8.069999694824219,7.747115135192871,18300
2016-05-06,8.069999694824219,8.08666706085205,7.983333110809326,8.076666831970215,7.753513336181641,45000
2016-05-09,8.046667098999023,8.126667022705078,8.046667098999023,8.079999923706055,7.756712913513184,59700
2016-05-10,8.116666793823242,8.203332901000977,8.109999656677246,8.203332901000977,7.875110149383545,16800
2016-05-11,8.170000076293945,8.25333309173584,8.170000076293945,8.220000267028809,7.891114711761475,9600
2016-05-12,8.166666984558105,8.166666984558105,7.9766669273376465,8.063332557678223,7.740715503692627,11400
2016-05-13,8.073332786560059,8.136667251586914,8.073332786560059,8.096667289733887,7.772714614868164,8100
2016-05-16,8.239999771118164,8.289999961853027,8.233332633972168,8.236666679382324,7.907112121582031,7200
2016-05-17,8.180000305175781,8.236666679382324,8.119999885559082,8.126667022705078,7.801511287689209,45300
2016-05-18,8.266667366027832,8.296667098999023,8.229999542236328,8.229999542236328,7.900712013244629,12900
2016-05-19,8.239999771118164,8.239999771118164,8.123332977294922,8.143333435058594,7.8175129890441895,12600
2016-05-20,8.333333015441895,8.4399995803833,8.333333015441895,8.433333396911621,8.09591293334961,30000
2016-05-23,8.416666984558105,8.569999694824219,8.416666984558105,8.516667366027832,8.175911903381348,60300
2016-05-24,8.539999961853027,8.74666690826416,8.539999961853027,8.733332633972168,8.383904457092285,108600
2016-05-25,8.783332824707031,8.783332824707031,8.720000267028809,8.763333320617676,8.41270637512207,26400
2016-05-26,8.776666641235352,8.823332786560059,8.763333320617676,8.813332557678223,8.460702896118164,43200
2016-05-27,8.80666732788086,8.896666526794434,8.80666732788086,8.896666526794434,8.540708541870117,12600
2016-05-31,8.876667022705078,8.933333396911621,8.876667022705078,8.933333396911621,8.575905799865723,15300
2016-06-01,8.886667251586914,8.973333358764648,8.886667251586914,8.973333358764648,8.614302635192871,7200
2016-06-02,8.946666717529297,8.976667404174805,8.90999984741211,8.956666946411133,8.598305702209473,436500
2016-06-03,8.986666679382324,8.986666679382324,8.896666526794434,8.953332901000977,8.59510612487793,9300
2016-06-06,8.946666717529297,9.020000457763672,8.936667442321777,8.99666690826416,8.63670539855957,494700
2016-06-07,9.036666870117188,9.066666603088379,9.020000457763672,9.0600004196167,8.697504043579102,26400
2016-06-08,9.0600004196167,9.100000381469727,9.033332824707031,9.096667289733887,8.732706069946289,39000
2016-06-09,9.043333053588867,9.116666793823242,8.99666690826416,9.116666793823242,8.751903533935547,11400
2016-06-10,8.976667404174805,9.010000228881836,8.949999809265137,8.963333129882812,8.60470199584961,9000
2016-06-13,8.933333396911621,9.043333053588867,8.933333396911621,8.94333267211914,8.585501670837402,19200
2016-06-14,8.920000076293945,8.973333358764648,8.903332710266113,8.966667175292969,8.607903480529785,21300
2016-06-15,8.970000267028809,8.99666690826416,8.963333129882812,8.99666690826416,8.63670539855957,1500
2016-06-16,8.850000381469727,8.946666717529297,8.8100004196167,8.946666717529297,8.588704109191895,28200
2016-06-17,8.916666984558105,8.916666984558105,8.84000015258789,8.859999656677246,8.529336929321289,6000
2016-06-20,8.993332862854004,9.039999961853027,8.976667404174805,8.976667404174805,8.641654014587402,7200
2016-06-21,8.976667404174805,8.989999771118164,8.94333267211914,8.986666679382324,8.651280403137207,11700
2016-06-22,9.016667366027832,9.043333053588867,8.933333396911621,8.936667442321777,8.603144645690918,7800
2016-06-23,9.010000228881836,9.113332748413086,9.010000228881836,9.113332748413086,8.773219108581543,73500
2016-06-24,8.770000457763672,8.859999656677246,8.58666706085205,8.636667251586914,8.31434154510498,40500
2016-06-27,8.55666732788086,8.55666732788086,8.210000038146973,8.233332633972168,7.926059246063232,130500
2016-06-28,8.270000457763672,8.473333358764648,8.270000457763672,8.463333129882812,8.147478103637695,13200
2016-06-29,8.596667289733887,8.633333206176758,8.550000190734863,8.609999656677246,8.28866958618164,12300
2016-06-30,8.623332977294922,8.813332557678223,8.623332977294922,8.813332557678223,8.484411239624023,33600
2016-07-01,8.75,8.779999732971191,8.736666679382324,8.766667366027832,8.439488410949707,14400
2016-07-05,8.623332977294922,8.640000343322754,8.596667289733887,8.640000343322754,8.317548751831055,21300
2016-07-06,8.563332557678223,8.653332710266113,8.563332557678223,8.640000343322754,8.317548751831055,9300
2016-07-07,8.776666641235352,8.776666641235352,8.696666717529297,8.723333358764648,8.397773742675781,4800
2016-07-08,8.770000457763672,9.010000228881836,8.770000457763672,9.00333309173584,8.667325019836426,20100
2016-07-11,9.029999732971191,9.153332710266113,9.029999732971191,9.130000114440918,8.789264678955078,44400
2016-07-12,9.16333293914795,9.276666641235352,9.16333293914795,9.266667366027832,8.920829772949219,106800
2016-07-13,9.266667366027832,9.34333324432373,9.266667366027832,9.289999961853027,8.943291664123535,22200
2016-07-14,9.376667022705078,9.386667251586914,9.316666603088379,9.346667289733887,8.997843742370605,72900
2016-07-15,9.296667098999023,9.329999923706055,9.296667098999023,9.316666603088379,8.968961715698242,12600
2016-07-18,9.41333293914795,9.433333396911621,9.396666526794434,9.396666526794434,9.045974731445312,11700
2016-07-19,9.396666526794434,9.423333168029785,9.369999885559082,9.390000343322754,9.039555549621582,74400
2016-07-20,9.40666675567627,9.533332824707031,9.40666675567627,9.506667137145996,9.151872634887695,38700
2016-07-21,9.44333267211914,9.449999809265137,9.346667289733887,9.356666564941406,9.007469177246094,6600
2016-07-22,9.34333324432373,9.466667175292969,9.34333324432373,9.449999809265137,9.097319602966309,6600
2016-07-25,9.470000267028809,9.553333282470703,9.470000267028809,9.550000190734863,9.193587303161621,28200
2016-07-26,9.58666706085205,9.930000305175781,9.58666706085205,9.930000305175781,9.559406280517578,69000
2016-07-27,10.069999694824219,10.069999694824219,9.90999984741211,9.973333358764648,9.60112190246582,11400
2016-07-28,9.956666946411133,10.050000190734863,9.956666946411133,9.970000267028809,9.597914695739746,69900
2016-07-29,9.930000305175781,9.930000305175781,9.880000114440918,9.91333293914795,9.543359756469727,20700
2016-08-01,9.91333293914795,9.949999809265137,9.91333293914795,9.930000305175781,9.559406280517578,11400
2016-08-02,9.989999771118164,9.989999771118164,9.756667137145996,9.783332824707031,9.418212890625,48600
2016-08-03,9.710000038146973,9.803333282470703,9.710000038146973,9.803333282470703,9.437470436096191,17700
2016-08-04,9.833333015441895,9.903332710266113,9.833333015441895,9.903332710266113,9.533732414245605,17100
2016-08-05,10.00333309173584,10.069999694824219,9.989999771118164,10.05666732788086,9.681344985961914,48600
2016-08-08,10.153332710266113,10.153332710266113,10.083333015441895,10.096667289733887,9.719854354858398,40800
2016-08-09,10.109999656677246,10.199999809265137,10.109999656677246,10.15666675567627,9.777612686157227,91500
2016-08-10,10.113332748413086,10.123332977294922,10.016667366027832,10.039999961853027,9.665304183959961,28800
2016-08-11,10.09000015258789,10.116666793823242,10.05666732788086,10.096667289733887,9.719854354858398,38700
2016-08-12,10.146666526794434,10.196666717529297,10.116666793823242,10.196666717529297,9.816118240356445,4200
2016-08-15,10.16333293914795,10.34000015258789,10.16333293914795,10.30666732788086,9.922014236450195,89700
2016-08-16,10.316666603088379,10.399999618530273,10.226667404174805,10.24666690826416,9.864255905151367,55500
2016-08-17,10.276666641235352,10.276666641235352,10.176667213439941,10.229999542236328,9.848210334777832,93600
2016-08-18,10.25,10.283332824707031,10.206666946411133,10.279999732971191,9.896344184875488,33300
2016-08-19,10.319999694824219,10.476667404174805,10.319999694824219,10.453332901000977,10.063210487365723,55500
2016-08-22,10.533332824707031,10.550000190734863,10.463333129882812,10.520000457763672,10.127388000488281,1096800
2016-08-23,10.640000343322754,10.640000343322754,10.579999923706055,10.596667289733887,10.201194763183594,536100
2016-08-24,10.670000076293945,10.670000076293945,10.486666679382324,10.486666679382324,10.095298767089844,93000
2016-08-25,10.526666641235352,10.5600004196167,10.486666679382324,10.523332595825195,10.130595207214355,90300
2016-08-26,10.59333324432373,10.640000343322754,10.426667213439941,10.579999923706055,10.185149192810059,132000
2016-08-29,10.58666706085205,10.643333435058594,10.576666831970215,10.579999923706055,10.185149192810059,74700
2016-08-30,10.553333282470703,10.630000114440918,10.526666641235352,10.533332824707031,10.140218734741211,35700
2016-08-31,10.49666690826416,10.569999694824219,10.476667404174805,10.569999694824219,10.175519943237305,36000
2016-09-01,10.563332557678223,10.680000305175781,10.526666641235352,10.680000305175781,10.281418800354004,52800
2016-09-02,10.779999732971191,10.779999732971191,10.619999885559082,10.680000305175781,10.281418800354004,96300
2016-09-06,10.770000457763672,10.770000457763672,10.553333282470703,10.619999885559082,10.22365665435791,698400
2016-09-07,10.643333435058594,10.643333435058594,10.533332824707031,10.566666603088379,10.172311782836914,268800
2016-09-08,10.489999771118164,10.533332824707031,10.460000038146973,10.529999732971191,10.137012481689453,48600
2016-09-09,10.506667137145996,10.506667137145996,10.143333435058594,10.166666984558105,9.78724479675293,142200
2016-09-12,10.270000457763672,10.316666603088379,10.09000015258789,10.3100004196167,9.925222396850586,93000
2016-09-13,10.283332824707031,10.34000015258789,10.19333267211914,10.233332633972168,9.851417541503906,81300
2016-09-14,10.266667366027832,10.303333282470703,10.216667175292969,10.283332824707031,9.899553298950195,24900
2016-09-15,10.363332748413086,10.526666641235352,10.363332748413086,10.510000228881836,10.117759704589844,78300
2016-09-16,10.710000038146973,10.710000038146973,10.430000305175781,10.513333320617676,10.120965957641602,50700
2016-09-19,10.683333396911621,10.696666717529297,10.536666870117188,10.58666706085205,10.191566467285156,422400
2016-09-20,10.706666946411133,10.706666946411133,10.553333282470703,10.5600004196167,10.16589641571045,143100
2016-09-21,10.626667022705078,10.716667175292969,10.55666732788086,10.716667175292969,10.316713333129883,88200
2016-09-22,10.776666641235352,10.793333053588867,10.736666679382324,10.776666641235352,10.374473571777344,69900
2016-09-23,10.75,10.75,10.65999984741211,10.666666984558105,10.268579483032227,183300
2016-09-26,10.770000457763672,10.770000457763672,10.526666641235352,10.533332824707031,10.140218734741211,81300
2016-09-27,10.670000076293945,10.706666946411133,10.529999732971191,10.706666946411133,10.307087898254395,30000
2016-09-28,10.733332633972168,10.779999732971191,10.69333267211914,10.760000228881836,10.358431816101074,54600
2016-09-29,10.696666717529297,10.829999923706055,10.653332710266113,10.786666870117188,10.384102821350098,226500
2016-09-30,10.859999656677246,10.956666946411133,10.819999694824219,10.933333396911621,10.525296211242676,279300
2016-10-03,10.920000076293945,10.960000038146973,10.853333473205566,10.873332977294922,10.467534065246582,86400
2016-10-04,10.986666679382324,10.986666679382324,10.83666706085205,10.883333206176758,10.477158546447754,67800
2016-10-05,10.960000038146973,10.99666690826416,10.923333168029785,10.970000267028809,10.560592651367188,51900
2016-10-06,11.033332824707031,11.043333053588867,10.90666675567627,11.043333053588867,10.631186485290527,57600
2016-10-07,11.066666603088379,11.066666603088379,10.94333267211914,11.013333320617676,10.602309226989746,42900
2016-10-10,11.013333320617676,11.103333473205566,10.960000038146973,10.963333129882812,10.55417537689209,110700
2016-10-11,10.936667442321777,10.936667442321777,10.616666793823242,10.699999809265137,10.300671577453613,135300
2016-10-12,10.66333293914795,10.699999809265137,10.583333015441895,10.66333293914795,10.265369415283203,51000
2016-10-13,10.550000190734863,10.5600004196167,10.393333435058594,10.516667366027832,10.124176979064941,54900
2016-10-14,10.623332977294922,10.696666717529297,10.583333015441895,10.603333473205566,10.207609176635742,45300
2016-10-17,10.633333206176758,10.633333206176758,10.539999961853027,10.543333053588867,10.149847984313965,41400
2016-10-18,10.623332977294922,10.763333320617676,10.623332977294922,10.640000343322754,10.242907524108887,86100
2016-10-19,10.59333324432373,10.649999618530273,10.546667098999023,10.623332977294922,10.226863861083984,36000
2016-10-20,10.633333206176758,10.65999984741211,10.516667366027832,10.633333206176758,10.236490249633789,65100
2016-10-21,10.613332748413086,10.649999618530273,10.5,10.643333435058594,10.246115684509277,131400
2016-10-24,10.846667289733887,10.846667289733887,10.723333358764648,10.819999694824219,10.416191101074219,137700
2016-10-25,10.873332977294922,10.873332977294922,10.789999961853027,10.833333015441895,10.429025650024414,38700
2016-10-26,10.786666870117188,10.83666706085205,10.736666679382324,10.766667366027832,10.364847183227539,90000
2016-10-27,10.869999885559082,10.869999885559082,10.716667175292969,10.716667175292969,10.316713333129883,22200
2016-10-28,10.8100004196167,10.859999656677246,10.670000076293945,10.673333168029785,10.27499771118164,103500
2016-10-31,10.783332824707031,10.783332824707031,10.683333396911621,10.720000267028809,10.319923400878906,67800
2016-11-01,10.770000457763672,10.803333282470703,10.563332557678223,10.673333168029785,10.27499771118164,62100
2016-11-02,10.736666679382324,10.783332824707031,10.643333435058594,10.673333168029785,10.27499771118164,118200
2016-11-03,10.673333168029785,10.673333168029785,10.613332748413086,10.636667251586914,10.239702224731445,35700
2016-11-04,10.600000381469727,10.720000267028809,10.569999694824219,10.603333473205566,10.207609176635742,48900
2016-11-07,10.796667098999023,10.9399995803833,10.786666870117188,10.9399995803833,10.531709671020508,100800
2016-11-08,10.973333358764648,11.053333282470703,10.813332557678223,11.020000457763672,10.60872745513916,87000
2016-11-09,10.733332633972168,11.05666732788086,10.44333267211914,11.029999732971191,10.618352890014648,405300
2016-11-10,11.016667366027832,11.149999618530273,10.699999809265137,10.813332557678223,10.409772872924805,141000
2016-11-11,10.90999984741211,11.140000343322754,10.856666564941406,11.140000343322754,10.724247932434082,87900
2016-11-14,11.223333358764648,11.223333358764648,11.09000015258789,11.113332748413086,10.698575019836426,74700
2016-11-15,11.199999809265137,11.34000015258789,11.130000114440918,11.313332557678223,10.891112327575684,167100
2016-11-16,11.333333015441895,11.460000038146973,11.323332786560059,11.44333267211914,11.01625919342041,111300
2016-11-17,11.529999732971191,11.666666984558105,11.4399995803833,11.626667022705078,11.192753791809082,186900
2016-11-18,11.80666732788086,11.80666732788086,11.583333015441895,11.680000305175781,11.244097709655762,134700
2016-11-21,11.829999923706055,11.829999923706055,11.676667213439941,11.756667137145996,11.317899703979492,233700
2016-11-22,12.00333309173584,12.00333309173584,11.83666706085205,11.91333293914795,11.468719482421875,139200
2016-11-23,11.90666675567627,11.933333396911621,11.833333015441895,11.903332710266113,11.459097862243652,264900
2016-11-25,11.903332710266113,11.936667442321777,11.893333435058594,11.926667213439941,11.48155689239502,52500
2016-11-28,11.923333168029785,11.949999809265137,11.876667022705078,11.893333435058594,11.44946575164795,199200
2016-11-29,11.899999618530273,11.960000038146973,11.850000381469727,11.890000343322754,11.446255683898926,152400
2016-11-30,11.989999771118164,11.989999771118164,11.796667098999023,11.8100004196167,11.369243621826172,141900
2016-12-01,11.786666870117188,11.833333015441895,11.096667289733887,11.153332710266113,10.73708438873291,238200
2016-12-02,11.143333435058594,11.346667289733887,11.026666641235352,11.333333015441895,10.910365104675293,103200
2016-12-05,11.386667251586914,11.506667137145996,11.369999885559082,11.5,11.070812225341797,81600
2016-12-06,11.539999961853027,11.683333396911621,11.539999961853027,11.666666984558105,11.231258392333984,128100
2016-12-07,11.699999809265137,11.946666717529297,11.633333206176758,11.916666984558105,11.471928596496582,82500
2016-12-08,11.933333396911621,12.149999618530273,11.933333396911621,12.069999694824219,11.61954116821289,120600
2016-12-09,12.296667098999023,12.296667098999023,11.936667442321777,11.973333358764648,11.52647876739502,158700
2016-12-12,12.0,12.0,11.776666641235352,11.883333206176758,11.439839363098145,432300
2016-12-13,11.953332901000977,12.063332557678223,11.933333396911621,11.966667175292969,11.520060539245605,123600
2016-12-14,11.979999542236328,12.039999961853027,11.94333267211914,11.946666717529297,11.500808715820312,78600
2016-12-15,12.00333309173584,12.229999542236328,11.976667404174805,12.149999618530273,11.696553230285645,167100
2016-12-16,12.133333206176758,12.176667213439941,11.94333267211914,11.946666717529297,11.55438232421875,125700
2016-12-19,12.020000457763672,12.140000343322754,12.020000457763672,12.09000015258789,11.69300651550293,76500
2016-12-20,12.183333396911621,12.260000228881836,12.16333293914795,12.199999809265137,11.799394607543945,139800
2016-12-21,12.273332595825195,12.273332595825195,12.183333396911621,12.216667175292969,11.81551742553711,69600
2016-12-22,12.380000114440918,12.380000114440918,12.236666679382324,12.276666641235352,11.87354564666748,129600
2016-12-23,12.316666603088379,12.329999923706055,12.25,12.319999694824219,11.915457725524902,241200
2016-12-27,12.399999618530273,12.513333320617676,12.399999618530273,12.493332862854004,12.083093643188477,222300
2016-12-28,12.59333324432373,12.59333324432373,12.226667404174805,12.243332862854004,11.841302871704102,163800
2016-12-29,12.173333168029785,12.236666679382324,12.113332748413086,12.206666946411133,11.805841445922852,109800
2016-12-30,12.283332824707031,12.283332824707031,12.00333309173584,12.029999732971191,11.634978294372559,115200
2017-01-03,12.16333293914795,12.25,11.936667442321777,12.08666706085205,11.68978500366211,221400
2017-01-04,12.166666984558105,12.176667213439941,12.063332557678223,12.103333473205566,11.705902099609375,260400
2017-01-05,12.143333435058594,12.166666984558105,11.94333267211914,11.973333358764648,11.580168724060059,129600
2017-01-06,12.039999961853027,12.083333015441895,11.94333267211914,12.020000457763672,11.625307083129883,98400
2017-01-09,12.09333324432373,12.236666679382324,12.09333324432373,12.153332710266113,11.754260063171387,247500
2017-01-10,12.196666717529297,12.293333053588867,12.170000076293945,12.25,11.847753524780273,148800
2017-01-11,12.296667098999023,12.333333015441895,12.233332633972168,12.333333015441895,11.928349494934082,92400
2017-01-12,12.33666706085205,12.33666706085205,12.016667366027832,12.229999542236328,11.828408241271973,132000
2017-01-13,12.319999694824219,12.393333435058594,12.300000190734863,12.353333473205566,11.947693824768066,111000
2017-01-17,12.333333015441895,12.333333015441895,12.063332557678223,12.09333324432373,11.696231842041016,162300
2017-01-18,12.196666717529297,12.266667366027832,12.153332710266113,12.216667175292969,11.81551742553711,70500
2017-01-19,12.423333168029785,12.423333168029785,12.140000343322754,12.140000343322754,11.741363525390625,84900
2017-01-20,12.256667137145996,12.359999656677246,12.25,12.270000457763672,11.867097854614258,134100
2017-01-23,12.206666946411133,12.273332595825195,12.113332748413086,12.229999542236328,11.828408241271973,209700
2017-01-24,12.41333293914795,12.553333282470703,12.300000190734863,12.526666641235352,12.115336418151855,259500
2017-01-25,12.66333293914795,12.736666679382324,12.596667289733887,12.713333129882812,12.295875549316406,302100
2017-01-26,12.796667098999023,12.796667098999023,12.603333473205566,12.653332710266113,12.23784065246582,183300
2017-01-27,12.766667366027832,12.84333324432373,12.763333320617676,12.816666603088379,12.39581298828125,168900
2017-01-30,12.979999542236328,12.979999542236328,12.543333053588867,12.723333358764648,12.305543899536133,165600
2017-01-31,12.80666732788086,12.80666732788086,12.479999542236328,12.59333324432373,12.179813385009766,185400
2017-02-01,12.776666641235352,12.856666564941406,12.686667442321777,12.856666564941406,12.434499740600586,136500
2017-02-02,12.8100004196167,12.933333396911621,12.739999771118164,12.896666526794434,12.473184585571289,195900
2017-02-03,13.0,13.050000190734863,12.979999542236328,13.033332824707031,12.605363845825195,173400
2017-02-06,13.220000267028809,13.220000267028809,12.960000038146973,13.069999694824219,12.640827178955078,526500
2017-02-07,13.15666675567627,13.296667098999023,13.0600004196167,13.146666526794434,12.714974403381348,400500
2017-02-08,13.300000190734863,13.300000190734863,13.043333053588867,13.136667251586914,12.705306053161621,230400
2017-02-09,13.166666984558105,13.1899995803833,13.069999694824219,13.073332786560059,12.64405345916748,294300
2017-02-10,13.149999618530273,13.149999618530273,12.946666717529297,13.046667098999023,12.61826229095459,264600
2017-02-13,13.19333267211914,13.19333267211914,13.066666603088379,13.103333473205566,12.673065185546875,222600
2017-02-14,13.069999694824219,13.069999694824219,12.94333267211914,13.036666870117188,12.608589172363281,204600
2017-02-15,13.053333282470703,13.183333396911621,13.016667366027832,13.173333168029785,12.74077033996582,162000
2017-02-16,13.16333293914795,13.1899995803833,13.08666706085205,13.170000076293945,12.737544059753418,129900
2017-02-17,13.153332710266113,13.243332862854004,13.076666831970215,13.243332862854004,12.808467864990234,183000
2017-02-21,13.326666831970215,13.446666717529297,13.319999694824219,13.446666717529297,13.00512409210205,246000
2017-02-22,13.466667175292969,13.49666690826416,13.40666675567627,13.463333129882812,13.021246910095215,201900
2017-02-23,13.486666679382324,13.486666679382324,13.149999618530273,13.279999732971191,12.843932151794434,279900
2017-02-24,13.113332748413086,13.25333309173584,13.036666870117188,13.25333309173584,12.81814193725586,189000
2017-02-27,13.276666641235352,13.34333324432373,13.236666679382324,13.34333324432373,12.90518569946289,87300
2017-02-28,13.383333206176758,13.416666984558105,13.09333324432373,13.123332977294922,12.69240665435791,233400
2017-03-01,13.296667098999023,13.373332977294922,13.186667442321777,13.373332977294922,12.934202194213867,123300
2017-03-02,13.416666984558105,13.416666984558105,13.229999542236328,13.25333309173584,12.81814193725586,180600
2017-03-03,13.25,13.283332824707031,13.153332710266113,13.220000267028809,12.785902976989746,105000
2017-03-06,13.1899995803833,13.266667366027832,13.076666831970215,13.25333309173584,12.81814193725586,138300
2017-03-07,13.236666679382324,13.359999656677246,13.199999809265137,13.266667366027832,12.831036567687988,290700
2017-03-08,13.329999923706055,13.380000114440918,13.25333309173584,13.279999732971191,12.843932151794434,129600
2017-03-09,13.270000457763672,13.313332557678223,13.213333129882812,13.276666641235352,12.840705871582031,143100
2017-03-10,13.353333473205566,13.460000038146973,13.353333473205566,13.449999809265137,13.008350372314453,146100
2017-03-13,13.516667366027832,13.596667289733887,13.486666679382324,13.58666706085205,13.140532493591309,465300
2017-03-14,13.5600004196167,13.5600004196167,13.40999984741211,13.543333053588867,13.098615646362305,185700
2017-03-15,13.546667098999023,13.706666946411133,13.5,13.683333396911621,13.234023094177246,175500
2017-03-16,13.739999771118164,13.763333320617676,13.666666984558105,13.69333267211914,13.243690490722656,212100
2017-03-17,13.716667175292969,13.80666732788086,13.6899995803833,13.789999961853027,13.33718490600586,146400
2017-03-20,13.833333015441895,13.933333396911621,13.783332824707031,13.869999885559082,13.414559364318848,279000
2017-03-21,13.949999809265137,13.949999809265137,13.470000267028809,13.493332862854004,13.050261497497559,380100
2017-03-22,13.520000457763672,13.623332977294922,13.433333396911621,13.616666793823242,13.16954517364502,448200
2017-03-23,13.623332977294922,13.686667442321777,13.58666706085205,13.630000114440918,13.182441711425781,138900
2017-03-24,13.803333282470703,13.933333396911621,13.6899995803833,13.756667137145996,13.304948806762695,215400
2017-03-27,13.609999656677246,13.816666603088379,13.526666641235352,13.783332824707031,13.330737113952637,242700
2017-03-28,13.766667366027832,13.850000381469727,13.710000038146973,13.813332557678223,13.359748840332031,394500
2017-03-29,13.800000190734863,13.813332557678223,13.716667175292969,13.770000457763672,13.317841529846191,153600
2017-03-30,13.773332595825195,13.903332710266113,13.773332595825195,13.896666526794434,13.440350532531738,141000
2017-03-31,13.903332710266113,13.989999771118164,13.850000381469727,13.923333168029785,13.466142654418945,226500
2017-04-03,13.986666679382324,13.986666679382324,13.716667175292969,13.819999694824219,13.366201400756836,240000
2017-04-04,13.770000457763672,13.880000114440918,13.710000038146973,13.779999732971191,13.327513694763184,194700
2017-04-05,13.80666732788086,13.899999618530273,13.619999885559082,13.636667251586914,13.188889503479004,322500
2017-04-06,13.616666793823242,13.716667175292969,13.5,13.696666717529297,13.246916770935059,154500
2017-04-07,13.6899995803833,13.800000190734863,13.66333293914795,13.766667366027832,13.314619064331055,140100
2017-04-10,13.773332595825195,13.793333053588867,13.609999656677246,13.65999984741211,13.211455345153809,119700
2017-04-11,13.58666706085205,13.58666706085205,13.329999923706055,13.55666732788086,13.111515998840332,299400
2017-04-12,13.55666732788086,13.55666732788086,13.326666831970215,13.356666564941406,12.91808032989502,156300
2017-04-13,13.316666603088379,13.470000267028809,13.233332633972168,13.239999771118164,12.805245399475098,184800
2017-04-17,13.283332824707031,13.4399995803833,13.266667366027832,13.4399995803833,12.998679161071777,170100
2017-04-18,13.356666564941406,13.50333309173584,13.350000381469727,13.50333309173584,13.059932708740234,81300
2017-04-19,13.640000343322754,13.75333309173584,13.640000343322754,13.686667442321777,13.237247467041016,210600
2017-04-20,13.779999732971191,13.989999771118164,13.739999771118164,13.966667175292969,13.508049964904785,182700
2017-04-21,13.933333396911621,13.933333396911621,13.786666870117188,13.883333206176758,13.42745590209961,394200
2017-04-24,14.096667289733887,14.133333206176758,14.0,14.100000381469727,13.637005805969238,282300
2017-04-25,14.223333358764648,14.316666603088379,14.133333206176758,14.283332824707031,13.814318656921387,359400
2017-04-26,14.296667098999023,14.300000190734863,14.100000381469727,14.213333129882812,13.746618270874023,224700
2017-04-27,14.34333324432373,14.489999771118164,14.333333015441895,14.446666717529297,13.972290992736816,288000
2017-04-28,14.446666717529297,14.446666717529297,14.15999984741211,14.166666984558105,13.701484680175781,212700
2017-05-01,14.233332633972168,14.386667251586914,14.146666526794434,14.386667251586914,13.914261817932129,362400
2017-05-02,14.33666706085205,14.34000015258789,14.096667289733887,14.176667213439941,13.711153030395508,340200
2017-05-03,14.130000114440918,14.130000114440918,13.973333358764648,14.096667289733887,13.633783340454102,205500
2017-05-04,14.16333293914795,14.16333293914795,14.046667098999023,14.15999984741211,13.69503402709961,102600
2017-05-05,14.236666679382324,14.266667366027832,14.036666870117188,14.1899995803833,13.724047660827637,135300
2017-05-08,14.233332633972168,14.233332633972168,14.076666831970215,14.119999885559082,13.656351089477539,138900
2017-05-09,14.1899995803833,14.3100004196167,14.186667442321777,14.279999732971191,13.811095237731934,167700
2017-05-10,14.430000305175781,14.59000015258789,14.353333473205566,14.550000190734863,14.07222843170166,228900
2017-05-11,14.529999732971191,14.649999618530273,14.399999618530273,14.58666706085205,14.107695579528809,153600
2017-05-12,14.59000015258789,14.653332710266113,14.5,14.576666831970215,14.098018646240234,266700
2017-05-15,14.65999984741211,14.833333015441895,14.640000343322754,14.813332557678223,14.32691764831543,326100
2017-05-16,14.899999618530273,15.016667366027832,14.823332786560059,15.016667366027832,14.523574829101562,383700
2017-05-17,14.83666706085205,14.83666706085205,14.226667404174805,14.243332862854004,13.775632858276367,589800
2017-05-18,14.283332824707031,14.526666641235352,14.140000343322754,14.493332862854004,14.017422676086426,269700
2017-05-19,14.619999885559082,14.69333267211914,14.55666732788086,14.59333324432373,14.114140510559082,396300
2017-05-22,14.779999732971191,14.779999732971191,14.619999885559082,14.75333309173584,14.268888473510742,315000
2017-05-23,14.803333282470703,14.803333282470703,14.550000190734863,14.733332633972168,14.249543190002441,294000
2017-05-24,14.796667098999023,14.83666706085205,14.743332862854004,14.823332786560059,14.336589813232422,249900
2017-05-25,14.866666793823242,14.936667442321777,14.80666732788086,14.893333435058594,14.404287338256836,234900
2017-05-26,14.886667251586914,14.989999771118164,14.80666732788086,14.986666679382324,14.494559288024902,159900
2017-05-30,15.016667366027832,15.119999885559082,15.0,15.09000015258789,14.594496726989746,226200
2017-05-31,15.203332901000977,15.203332901000977,15.0,15.09000015258789,14.594496726989746,181800
2017-06-01,15.126667022705078,15.126667022705078,15.016667366027832,15.106666564941406,14.610615730285645,127800
2017-06-02,15.1899995803833,15.30666732788086,15.106666564941406,15.273332595825195,14.771810531616211,214200
2017-06-05,15.319999694824219,15.369999885559082,15.243332862854004,15.273332595825195,14.771810531616211,327600
2017-06-06,15.203332901000977,15.426667213439941,15.166666984558105,15.356666564941406,14.852407455444336,270900
2017-06-07,15.40666675567627,15.566666603088379,15.396666526794434,15.55666732788086,15.045844078063965,403500
2017-06-08,15.65999984741211,15.866666793823242,15.520000457763672,15.856666564941406,15.33598804473877,312300
2017-06-09,15.979999542236328,16.1299991607666,14.796667098999023,15.09333324432373,14.597722053527832,936000
2017-06-12,14.880000114440918,14.976667404174805,14.449999809265137,14.883333206176758,14.39461612701416,738000
2017-06-13,15.033332824707031,15.170000076293945,14.823332786560059,14.986666679382324,14.494559288024902,391200
2017-06-14,15.119999885559082,15.119999885559082,14.573332786560059,14.736666679382324,14.252767562866211,279600
2017-06-15,14.466667175292969,14.596667289733887,14.369999885559082,14.506667137145996,14.030320167541504,406200
2017-06-16,14.489999771118164,14.699999809265137,14.466667175292969,14.510000228881836,14.050008773803711,149100
2017-06-19,14.666666984558105,14.833333015441895,14.636667251586914,14.779999732971191,14.311450004577637,230400
2017-06-20,14.789999961853027,14.850000381469727,14.533332824707031,14.539999961853027,14.079055786132812,207300
2017-06-21,14.573332786560059,14.673333168029785,14.573332786560059,14.653332710266113,14.188799858093262,174000
2017-06-22,14.636667251586914,14.666666984558105,14.489999771118164,14.583333015441895,14.121016502380371,186900
2017-06-23,14.569999694824219,14.726667404174805,14.563332557678223,14.666666984558105,14.20170783996582,144600
2017-06-26,14.739999771118164,14.823332786560059,14.416666984558105,14.529999732971191,14.069375038146973,219600
2017-06-27,14.4399995803833,14.49666690826416,14.096667289733887,14.106666564941406,13.659464836120605,634800
2017-06-28,14.19333267211914,14.433333396911621,14.036666870117188,14.416666984558105,13.959634780883789,179100
2017-06-29,14.356666564941406,14.473333358764648,13.793333053588867,14.016667366027832,13.57231330871582,550500
2017-06-30,14.039999961853027,14.106666564941406,13.890000343322754,13.90999984741211,13.469026565551758,328500
2017-07-03,13.970000267028809,14.023332595825195,13.739999771118164,13.766667366027832,13.330240249633789,250800
2017-07-05,13.779999732971191,14.0,13.779999732971191,13.979999542236328,13.536808013916016,422700
2017-07-06,13.859999656677246,14.05666732788086,13.803333282470703,13.983332633972168,13.540038108825684,179400
2017-07-07,14.033332824707031,14.289999961853027,14.033332824707031,14.24666690826416,13.795022964477539,189900
2017-07-10,14.300000190734863,14.463333129882812,14.213333129882812,14.433333396911621,13.9757719039917,252300
2017-07-11,14.44333267211914,14.633333206176758,14.433333396911621,14.630000114440918,14.166204452514648,142500
2017-07-12,14.733332633972168,14.866666793823242,14.720000267028809,14.856666564941406,14.385683059692383,343500
2017-07-13,14.876667022705078,14.930000305175781,14.760000228881836,14.829999923706055,14.35986328125,137700
2017-07-14,14.886667251586914,15.023332595825195,14.859999656677246,15.010000228881836,14.53415584564209,300900
2017-07-17,15.053333282470703,15.053333282470703,14.916666984558105,15.010000228881836,14.53415584564209,136200
2017-07-18,14.94333267211914,15.136667251586914,14.896666526794434,15.136667251586914,14.656807899475098,222000
2017-07-19,15.216667175292969,15.40666675567627,15.166666984558105,15.363332748413086,14.876291275024414,171000
2017-07-20,15.399999618530273,15.433333396911621,15.25,15.430000305175781,14.940842628479004,300600
2017-07-21,15.24666690826416,15.403332710266113,15.213333129882812,15.283332824707031,14.798824310302734,161700
2017-07-24,15.319999694824219,15.333333015441895,15.196666717529297,15.276666641235352,14.79237174987793,165000
2017-07-25,15.263333320617676,15.289999961853027,15.103333473205566,15.260000228881836,14.77623176574707,266700
2017-07-26,15.34333324432373,15.486666679382324,15.34333324432373,15.470000267028809,14.979575157165527,123000
2017-07-27,15.506667137145996,15.536666870117188,15.043333053588867,15.25,14.766549110412598,268800
2017-07-28,15.149999618530273,15.183333396911621,15.039999961853027,15.05666732788086,14.579347610473633,269100
2017-07-31,15.08666706085205,15.146666526794434,14.90666675567627,14.960000038146973,14.485743522644043,177600
2017-08-01,15.016667366027832,15.016667366027832,14.890000343322754,14.970000267028809,14.495427131652832,173400
2017-08-02,15.076666831970215,15.100000381469727,14.609999656677246,14.673333168029785,14.208163261413574,240600
2017-08-03,14.630000114440918,14.680000305175781,14.436667442321777,14.486666679382324,14.027416229248047,263100
2017-08-04,14.510000228881836,14.640000343322754,14.40666675567627,14.510000228881836,14.050008773803711,252300
2017-08-07,14.523332595825195,14.853333473205566,14.523332595825195,14.84333324432373,14.372775077819824,202800
2017-08-08,14.853333473205566,14.973333358764648,14.75333309173584,14.80666732788086,14.33726978302002,167100
2017-08-09,14.649999618530273,14.776666641235352,14.613332748413086,14.75,14.28239917755127,121800
2017-08-10,14.643333435058594,14.673333168029785,14.326666831970215,14.326666831970215,13.87248706817627,374700
2017-08-11,14.283332824707031,14.523332595825195,14.25,14.513333320617676,14.053236961364746,376200
2017-08-14,14.686667442321777,14.873332977294922,14.686667442321777,14.863332748413086,14.392139434814453,230700
2017-08-15,14.903332710266113,14.903332710266113,14.8100004196167,14.84000015258789,14.36954402923584,150000
2017-08-16,14.90999984741211,14.983332633972168,14.829999923706055,14.930000305175781,14.456695556640625,108300
2017-08-17,14.856666564941406,14.856666564941406,14.486666679382324,14.49666690826416,14.037096977233887,157200
2017-08-18,14.573332786560059,14.66333293914795,14.486666679382324,14.566666603088379,14.104879379272461,145800
2017-08-21,14.59000015258789,14.743332862854004,14.346667289733887,14.446666717529297,13.98868465423584,180600
2017-08-22,14.5600004196167,14.74666690826416,14.5600004196167,14.736666679382324,14.269489288330078,97800
2017-08-23,14.606666564941406,14.763333320617676,14.606666564941406,14.743332862854004,14.2759428024292,72300
2017-08-24,14.80666732788086,14.80666732788086,14.619999885559082,14.720000267028809,14.253351211547852,87300
2017-08-25,14.783332824707031,14.783332824707031,14.566666603088379,14.630000114440918,14.166204452514648,72300
2017-08-28,14.653332710266113,14.720000267028809,14.59333324432373,14.710000038146973,14.243664741516113,91200
2017-08-29,14.546667098999023,14.84000015258789,14.546667098999023,14.803333282470703,14.334041595458984,99300
2017-08-30,14.876667022705078,15.130000114440918,14.856666564941406,15.103333473205566,14.624532699584961,91800
2017-08-31,15.166666984558105,15.199999809265137,15.123332977294922,15.1899995803833,14.708450317382812,105000
2017-09-01,15.243332862854004,15.319999694824219,15.239999771118164,15.30666732788086,14.821418762207031,173700
2017-09-05,15.25,15.260000228881836,14.983332633972168,15.116666793823242,14.637441635131836,194400
2017-09-06,15.173333168029785,15.183333396911621,15.036666870117188,15.126667022705078,14.647123336791992,48600
2017-09-07,15.16333293914795,15.239999771118164,15.08666706085205,15.19333267211914,14.711675643920898,94800
2017-09-08,15.146666526794434,15.196666717529297,14.923333168029785,14.953332901000977,14.479288101196289,77400
2017-09-11,15.09000015258789,15.34333324432373,15.023332595825195,15.323332786560059,14.837554931640625,175500
2017-09-12,15.373332977294922,15.466667175292969,15.300000190734863,15.416666984558105,14.927933692932129,101400
2017-09-13,15.41333293914795,15.49666690826416,15.326666831970215,15.44333267211914,14.953749656677246,67500
2017-09-14,15.399999618530273,15.65999984741211,15.390000343322754,15.583333015441895,15.089310646057129,142200
2017-09-15,15.59333324432373,15.8100004196167,15.59333324432373,15.786666870117188,15.28620433807373,149700
2017-09-18,15.890000343322754,16.086666107177734,15.84333324432373,15.983332633972168,15.48219108581543,340500
2017-09-19,16.036666870117188,16.113332748413086,15.920000076293945,16.036666870117188,15.533855438232422,216000
2017-09-20,16.059999465942383,16.06333351135254,15.649999618530273,15.826666831970215,15.330435752868652,204000
2017-09-21,15.823332786560059,15.823332786560059,15.630000114440918,15.763333320617676,15.269089698791504,239100
2017-09-22,15.699999809265137,15.936667442321777,15.606666564941406,15.916666984558105,15.417616844177246,131700
2017-09-25,15.91333293914795,15.91333293914795,15.523332595825195,15.603333473205566,15.114106178283691,237900
2017-09-26,15.65999984741211,15.783332824707031,15.566666603088379,15.59333324432373,15.104418754577637,178200
2017-09-27,15.813332557678223,16.203332901000977,15.813332557678223,16.136667251586914,15.630722045898438,352200
2017-09-28,16.1200008392334,16.31999969482422,16.053333282470703,16.316667556762695,15.805074691772461,272700
2017-09-29,16.389999389648438,16.496667861938477,16.27666664123535,16.469999313354492,15.953598022460938,194100
2017-10-02,16.57666778564453,16.71666717529297,16.479999542236328,16.65333366394043,16.131181716918945,374700
2017-10-03,16.676666259765625,16.69333267211914,16.546667098999023,16.65333366394043,16.131181716918945,240600
2017-10-04,16.656667709350586,16.706666946411133,16.549999237060547,16.703332901000977,16.179616928100586,241800
2017-10-05,16.773332595825195,16.773332595825195,16.583332061767578,16.670000076293945,16.14733123779297,232800
2017-10-06,16.583332061767578,16.77666664123535,16.536666870117188,16.773332595825195,16.247421264648438,170400
2017-10-09,16.81999969482422,16.893333435058594,16.799999237060547,16.873332977294922,16.344280242919922,252300
2017-10-10,17.01333236694336,17.079999923706055,16.786666870117188,16.969999313354492,16.43792724609375,191400
2017-10-11,16.916667938232422,17.079999923706055,16.913333892822266,17.07666778564453,16.541244506835938,182100
2017-10-12,17.079999923706055,17.19333267211914,17.046667098999023,17.09666633605957,16.56062126159668,223500
2017-10-13,17.203332901000977,17.253332138061523,17.09666633605957,17.21666717529297,16.676851272583008,216300
2017-10-16,17.333332061767578,17.333332061767578,17.190000534057617,17.316667556762695,16.773723602294922,237300
2017-10-17,17.333332061767578,17.356666564941406,17.239999771118164,17.343332290649414,16.799549102783203,342900
2017-10-18,17.389999389648438,17.47333335876465,17.200000762939453,17.463333129882812,16.915786743164062,231300
2017-10-19,17.32666778564453,17.373332977294922,17.02666664123535,17.373332977294922,16.828611373901367,333900
2017-10-20,17.530000686645508,17.546667098999023,17.416667938232422,17.433332443237305,16.886728286743164,282900
2017-10-23,17.503332138061523,17.60333251953125,17.373332977294922,17.489999771118164,16.941619873046875,347400
2017-10-24,17.573333740234375,17.64666748046875,17.48666763305664,17.60333251953125,17.051401138305664,385200
2017-10-25,17.53333282470703,17.59666633605957,17.229999542236328,17.469999313354492,16.922243118286133,378900
2017-10-26,17.530000686645508,17.549999237060547,17.416667938232422,17.536666870117188,16.986818313598633,225000
2017-10-27,17.65999984741211,17.81999969482422,17.483333587646484,17.786666870117188,17.22898292541504,285300
2017-10-30,17.65999984741211,17.866666793823242,17.65999984741211,17.809999465942383,17.251583099365234,307500
2017-10-31,17.90999984741211,18.086666107177734,17.833332061767578,18.03333282470703,17.46791648864746,414300
2017-11-01,18.139999389648438,18.139999389648438,17.523332595825195,17.666667938232422,17.112749099731445,510900
2017-11-02,17.64666748046875,17.82666778564453,17.559999465942383,17.80666732788086,17.24835968017578,278100
2017-11-03,17.906667709350586,17.920000076293945,17.780000686645508,17.920000076293945,17.358135223388672,285900
2017-11-06,18.040000915527344,18.1200008392334,17.913333892822266,18.1200008392334,17.55187225341797,317400
2017-11-07,18.110000610351562,18.14666748046875,17.920000076293945,18.023332595825195,17.458229064941406,337500
2017-11-08,17.989999771118164,18.116666793823242,17.906667709350586,18.100000381469727,17.53249740600586,236400
2017-11-09,17.92333221435547,17.92333221435547,17.433332443237305,17.696666717529297,17.141807556152344,522300
2017-11-10,17.74333381652832,17.790000915527344,17.676666259765625,17.746667861938477,17.19024085998535,222900
2017-11-13,17.663333892822266,17.796667098999023,17.606666564941406,17.773332595825195,17.21607208251953,298200
2017-11-14,17.796667098999023,17.8799991607666,17.706666946411133,17.836666107177734,17.277414321899414,214500
2017-11-15,17.706666946411133,17.706666946411133,17.463333129882812,17.549999237060547,16.999732971191406,254700
2017-11-16,17.670000076293945,18.0,17.670000076293945,17.950000762939453,17.387203216552734,202500
2017-11-17,18.073333740234375,18.126667022705078,17.836666107177734,17.863332748413086,17.303245544433594,207600
2017-11-20,17.92333221435547,18.149999618530273,17.883333206176758,18.143333435058594,17.57447052001953,258900
2017-11-21,18.290000915527344,18.433332443237305,18.25,18.433332443237305,17.855371475219727,472500
2017-11-22,18.510000228881836,18.510000228881836,18.19333267211914,18.200000762939453,17.629356384277344,327000
2017-11-24,18.260000228881836,18.333332061767578,18.233333587646484,18.333332061767578,17.75851058959961,178800
2017-11-27,18.219999313354492,18.226667404174805,18.010000228881836,18.053333282470703,17.487289428710938,512700
2017-11-28,18.110000610351562,18.126667022705078,17.950000762939453,18.043333053588867,17.477602005004883,312600
2017-11-29,18.023332595825195,18.03333282470703,16.843332290649414,17.03333282470703,16.499269485473633,973200
2017-11-30,17.21666717529297,17.333332061767578,17.036666870117188,17.086666107177734,16.550931930541992,300300
2017-12-01,16.969999313354492,16.969999313354492,16.303333282470703,16.850000381469727,16.32168960571289,771000
2017-12-04,17.003332138061523,17.09000015258789,16.31999969482422,16.366666793823242,15.853510856628418,809700
2017-12-05,16.28333282470703,16.81333351135254,16.183332443237305,16.459999084472656,15.943910598754883,669300
2017-12-06,16.30666732788086,16.52666664123535,16.260000228881836,16.510000228881836,15.992347717285156,352200
2017-12-07,16.643333435058594,16.81333351135254,16.626667022705078,16.796667098999023,16.27002716064453,546300
2017-12-08,16.956666946411133,17.036666870117188,16.68000030517578,16.706666946411133,16.182846069335938,560700
2017-12-11,16.733333587646484,16.860000610351562,16.610000610351562,16.726667404174805,16.202219009399414,309900
2017-12-12,16.703332901000977,16.72333335876465,16.48666763305664,16.503332138061523,15.98588752746582,430200
2017-12-13,16.57666778564453,16.706666946411133,16.516666412353516,16.523332595825195,16.005260467529297,130200
2017-12-14,16.543333053588867,16.719999313354492,16.50666618347168,16.553333282470703,16.034320831298828,146400
2017-12-15,16.616666793823242,17.010000228881836,16.616666793823242,16.916667938232422,16.386259078979492,312300
2017-12-18,17.110000610351562,17.26333236694336,17.06999969482422,17.253332138061523,16.724891662597656,458700
2017-12-19,17.253332138061523,17.329999923706055,17.143333435058594,17.219999313354492,16.692588806152344,317400
2017-12-20,17.39666748046875,17.450000762939453,17.18000030517578,17.34000015258789,16.80891227722168,191700
2017-12-21,17.363332748413086,17.363332748413086,17.100000381469727,17.113332748413086,16.58918571472168,334500
2017-12-22,17.079999923706055,17.123332977294922,16.96666717529297,17.086666107177734,16.563331604003906,167700
2017-12-26,16.953332901000977,17.003332138061523,16.733333587646484,16.8700008392334,16.353300094604492,259500
2017-12-27,16.85333251953125,17.03333282470703,16.85333251953125,16.940000534057617,16.42116355895996,166800
2017-12-28,17.00666618347168,17.01333236694336,16.916667938232422,16.959999084472656,16.440547943115234,164700
2017-12-29,16.99333381652832,17.023332595825195,16.823333740234375,16.823333740234375,16.308067321777344,155100
2018-01-02,16.916667938232422,17.273332595825195,16.90999984741211,17.270000457763672,16.74105453491211,354300
2018-01-03,17.333332061767578,17.549999237060547,17.316667556762695,17.540000915527344,17.002782821655273,242400
2018-01-04,17.666667938232422,17.726667404174805,17.476667404174805,17.65999984741211,17.119112014770508,237300
2018-01-05,17.683332443237305,17.863332748413086,17.666667938232422,17.799999237060547,17.254817962646484,217200
2018-01-08,17.793333053588867,17.996667861938477,17.729999542236328,17.950000762939453,17.40023422241211,281700
2018-01-09,18.010000228881836,18.010000228881836,17.643333435058594,17.700000762939453,17.157886505126953,419700
2018-01-10,17.579999923706055,17.579999923706055,17.27666664123535,17.469999313354492,16.93492317199707,273000
2018-01-11,17.540000915527344,17.59666633605957,17.43000030517578,17.579999923706055,17.04155731201172,151200
2018-01-12,17.586666107177734,17.75,17.56333351135254,17.68000030517578,17.13849449157715,159000
2018-01-16,17.793333053588867,17.916667938232422,17.583332061767578,17.683332443237305,17.141727447509766,213300
2018-01-17,17.829999923706055,18.15999984741211,17.823333740234375,18.126667022705078,17.571481704711914,272400
2018-01-18,18.133333206176758,18.266666412353516,18.083332061767578,18.213333129882812,17.65549087524414,351900
2018-01-19,18.299999237060547,18.40333366394043,18.163333892822266,18.376667022705078,17.813825607299805,182400
2018-01-22,18.399999618530273,18.426666259765625,18.290000915527344,18.426666259765625,17.862289428710938,257100
2018-01-23,18.456666946411133,18.57666778564453,18.446666717529297,18.573333740234375,18.004470825195312,276900
2018-01-24,18.43000030517578,18.43000030517578,17.94333267211914,18.1200008392334,17.565019607543945,376200
2018-01-25,18.366666793823242,18.393333435058594,17.773332595825195,17.780000686645508,17.23543357849121,195600
2018-01-26,17.983333587646484,18.27666664123535,17.96666717529297,18.27666664123535,17.716886520385742,198900
2018-01-29,18.22333335876465,18.293333053588867,17.933332443237305,18.213333129882812,17.65549087524414,277500
2018-01-30,17.843332290649414,18.00666618347168,17.78333282470703,17.81333351135254,17.267744064331055,263700
2018-01-31,18.036666870117188,18.049999237060547,17.77666664123535,17.82666778564453,17.28067398071289,220500
2018-02-01,17.68666648864746,18.0,17.583332061767578,17.793333053588867,17.24835777282715,247200
2018-02-02,17.65333366394043,17.65333366394043,17.25666618347168,17.280000686645508,16.750743865966797,358800
2018-02-05,17.043333053588867,17.413333892822266,16.516666412353516,16.516666412353516,16.010791778564453,955200
2018-02-06,16.203332901000977,17.016666412353516,16.106666564941406,16.963333129882812,16.443775177001953,550800
2018-02-07,16.906667709350586,16.969999313354492,16.55666732788086,16.56333351135254,16.056032180786133,375600
2018-02-08,16.65333366394043,16.72333335876465,15.859999656677246,15.866666793823242,15.380702018737793,509700
2018-02-09,16.09000015258789,16.350000381469727,15.59333324432373,16.233333587646484,15.736137390136719,774000
2018-02-12,16.383333206176758,16.610000610351562,16.280000686645508,16.51333236694336,16.007558822631836,1992300
2018-02-13,16.416667938232422,16.479999542236328,16.309999465942383,16.47333335876465,15.96878433227539,439800
2018-02-14,16.383333206176758,16.96666717529297,16.383333206176758,16.933332443237305,16.414695739746094,255000
2018-02-15,17.059999465942383,17.23666763305664,16.75,17.219999313354492,16.692588806152344,217800
2018-02-16,17.19333267211914,17.386667251586914,17.19333267211914,17.206666946411133,16.679656982421875,114900
2018-02-20,17.200000762939453,17.81999969482422,17.200000762939453,17.65333366394043,17.112653732299805,195000
2018-02-21,17.75,17.75,17.446666717529297,17.446666717529297,16.912307739257812,144600
2018-02-22,17.53333282470703,17.543333053588867,17.343332290649414,17.389999389648438,16.857372283935547,105300
2018-02-23,17.546667098999023,17.69333267211914,17.479999542236328,17.690000534057617,17.1481876373291,82800
2018-02-26,17.790000915527344,18.02666664123535,17.77666664123535,18.00666618347168,17.45516014099121,135000
2018-02-27,18.0,18.209999084472656,17.920000076293945,17.920000076293945,17.371145248413086,121800
2018-02-28,18.016666412353516,18.030000686645508,17.77666664123535,17.796667098999023,17.2515926361084,143700
2018-03-01,17.796667098999023,17.883333206176758,17.363332748413086,17.56333351135254,17.025402069091797,213300
2018-03-02,17.3700008392334,17.916667938232422,17.366666793823242,17.899999618530273,17.351760864257812,167100
2018-03-05,17.803333282470703,18.06999969482422,17.733333587646484,17.996667861938477,17.445465087890625,137700
2018-03-06,18.113332748413086,18.399999618530273,18.09666633605957,18.3799991607666,17.817054748535156,225600
2018-03-07,18.21666717529297,18.47333335876465,18.10333251953125,18.450000762939453,17.884906768798828,165000
2018-03-08,18.530000686645508,18.583332061767578,18.43000030517578,18.47333335876465,17.90752601623535,222300
2018-03-09,18.583332061767578,18.93666648864746,18.583332061767578,18.926666259765625,18.34697914123535,371100
2018-03-12,19.073333740234375,19.200000762939453,18.99333381652832,19.123332977294922,18.537620544433594,305100
2018-03-13,19.25666618347168,19.383333206176758,18.746667861938477,18.81999969482422,18.243581771850586,243000
2018-03-14,18.913333892822266,18.913333892822266,18.700000762939453,18.836666107177734,18.259735107421875,111000
2018-03-15,18.8799991607666,18.950000762939453,18.78333282470703,18.84000015258789,18.26296615600586,141300
2018-03-16,18.876667022705078,18.963333129882812,18.809999465942383,18.90333366394043,18.324359893798828,114600
2018-03-19,18.729999542236328,18.753332138061523,18.270000457763672,18.586666107177734,18.01738929748535,244200
2018-03-20,18.60333251953125,18.790000915527344,18.60333251953125,18.739999771118164,18.166032791137695,98400
2018-03-21,18.71666717529297,19.110000610351562,18.71666717529297,18.886667251586914,18.30820655822754,301800
2018-03-22,18.6299991607666,18.753332138061523,18.323333740234375,18.323333740234375,17.762123107910156,194400
2018-03-23,18.246667861938477,18.323333740234375,17.670000076293945,17.670000076293945,17.128803253173828,307500
2018-03-26,18.073333740234375,18.363332748413086,17.889999389648438,18.356666564941406,17.794437408447266,227400
2018-03-27,18.540000915527344,18.540000915527344,17.53333282470703,17.633333206176758,17.093259811401367,274800
2018-03-28,17.510000228881836,17.643333435058594,17.166667938232422,17.25,16.721670150756836,251100
2018-03-29,17.366666793823242,17.780000686645508,17.246667861938477,17.616666793823242,17.077098846435547,163800
2018-04-02,17.450000762939453,17.546667098999023,16.816667556762695,16.969999313354492,16.450241088867188,208800
2018-04-03,17.166667938232422,17.316667556762695,17.0,17.266666412353516,16.737823486328125,272700
2018-04-04,16.8700008392334,17.5,16.860000610351562,17.5,16.964006423950195,186900
2018-04-05,17.666667938232422,17.666667938232422,17.170000076293945,17.27666664123535,16.747522354125977,191400
2018-04-06,17.003332138061523,17.25,16.780000686645508,16.836666107177734,16.320995330810547,173700
2018-04-09,16.983333587646484,17.389999389648438,16.906667709350586,16.906667709350586,16.388845443725586,184200
2018-04-10,17.30666732788086,17.56333351135254,17.226667404174805,17.46666717529297,16.93169403076172,136200
2018-04-11,17.39666748046875,17.64666748046875,17.363332748413086,17.49333381652832,16.95754623413086,258600
2018-04-12,17.636667251586914,17.816667556762695,17.586666107177734,17.773332595825195,17.228967666625977,142200
2018-04-13,17.99333381652832,17.99333381652832,17.616666793823242,17.68000030517578,17.13849449157715,240000
2018-04-16,17.780000686645508,17.803333282470703,17.586666107177734,17.729999542236328,17.186960220336914,135000
2018-04-17,17.873332977294922,18.106666564941406,17.833332061767578,18.06333351135254,17.51008415222168,204600
2018-04-18,17.946666717529297,17.946666717529297,17.666667938232422,17.850000381469727,17.303287506103516,174300
2018-04-19,17.59000015258789,17.59000015258789,16.996667861938477,17.02666664123535,16.505168914794922,273300
2018-04-20,17.010000228881836,17.156667709350586,16.786666870117188,16.833332061767578,16.3177547454834,374700
2018-04-23,16.969999313354492,16.969999313354492,16.610000610351562,16.636667251586914,16.127119064331055,211200
2018-04-24,16.766666412353516,16.913333892822266,16.31333351135254,16.453332901000977,15.949398040771484,443100
2018-04-25,16.5,16.520000457763672,16.163333892822266,16.433332443237305,15.930008888244629,215700
2018-04-26,16.663333892822266,16.829999923706055,16.59666633605957,16.796667098999023,16.282222747802734,185100
2018-04-27,16.93666648864746,16.97333335876465,16.476667404174805,16.51333236694336,16.007558822631836,392700
2018-04-30,16.46666717529297,16.600000381469727,16.27666664123535,16.336666107177734,15.83630084991455,183600
2018-05-01,16.239999771118164,16.559999465942383,16.239999771118164,16.55666732788086,16.04956817626953,169500
2018-05-02,16.559999465942383,16.726667404174805,16.546667098999023,16.610000610351562,16.10126304626465,204300
2018-05-03,16.503332138061523,16.706666946411133,16.296667098999023,16.64666748046875,16.136808395385742,191700
2018-05-04,16.546667098999023,17.07666778564453,16.546667098999023,17.066667556762695,16.5439453125,172200
2018-05-07,17.156667709350586,17.290000915527344,17.1200008392334,17.200000762939453,16.673200607299805,144900
2018-05-08,17.116666793823242,17.31999969482422,17.116666793823242,17.316667556762695,16.786293029785156,118200
2018-05-09,17.35333251953125,17.65999984741211,17.35333251953125,17.656667709350586,17.115877151489258,161700
2018-05-10,17.733333587646484,17.916667938232422,17.733333587646484,17.916667938232422,17.3679141998291,114000
2018-05-11,17.833332061767578,17.920000076293945,17.68000030517578,17.72333335876465,17.18050193786621,352500
2018-05-14,17.950000762939453,18.213333129882812,17.946666717529297,18.01333236694336,17.46161460876465,157200
2018-05-15,17.920000076293945,17.989999771118164,17.766666412353516,17.876667022705078,17.329139709472656,121200
2018-05-16,17.93666648864746,18.166667938232422,17.93666648864746,18.106666564941406,17.55208969116211,100800
2018-05-17,18.07666778564453,18.190000534057617,17.876667022705078,18.020000457763672,17.468082427978516,123000
2018-05-18,17.829999923706055,17.829999923706055,17.643333435058594,17.666667938232422,17.125568389892578,87600
2018-05-21,17.90333366394043,18.023332595825195,17.75,17.90999984741211,17.361452102661133,72600
2018-05-22,18.06333351135254,18.213333129882812,18.023332595825195,18.046667098999023,17.493928909301758,102900
2018-05-23,17.913333892822266,18.170000076293945,17.90333366394043,18.170000076293945,17.61349105834961,206700
2018-05-24,18.149999618530273,18.273332595825195,18.020000457763672,18.246667861938477,17.687808990478516,528300
2018-05-25,18.203332901000977,18.433332443237305,18.203332901000977,18.40999984741211,17.846134185791016,165300
2018-05-29,18.333332061767578,18.56333351135254,18.28333282470703,18.43000030517578,17.865524291992188,208200
2018-05-30,18.583332061767578,18.729999542236328,18.48666763305664,18.546667098999023,17.97861671447754,189000
2018-05-31,18.55666732788086,18.626667022705078,18.399999618530273,18.420000076293945,17.8558349609375,408300
2018-06-01,18.546667098999023,18.78333282470703,18.5,18.780000686645508,18.204801559448242,201600
2018-06-04,18.67333221435547,18.92333221435547,18.67333221435547,18.90999984741211,18.330820083618164,194400
2018-06-05,18.959999084472656,19.066667556762695,18.899999618530273,19.05666732788086,18.472999572753906,148200
2018-06-06,19.083332061767578,19.18000030517578,18.99333381652832,19.17333221435547,18.586090087890625,129900
2018-06-07,19.270000457763672,19.270000457763672,18.780000686645508,18.90333366394043,18.324359893798828,154500
2018-06-08,18.713333129882812,18.770000457763672,18.593332290649414,18.753332138061523,18.178955078125,145800
2018-06-11,18.726667404174805,18.799999237060547,18.613332748413086,18.656667709350586,18.085247039794922,141900
2018-06-12,18.726667404174805,18.793333053588867,18.566667556762695,18.786666870117188,18.211265563964844,132600
2018-06-13,18.773332595825195,18.99333381652832,18.766666412353516,18.78333282470703,18.208032608032227,119700
2018-06-14,18.866666793823242,18.94333267211914,18.773332595825195,18.833332061767578,18.25650978088379,68400
2018-06-15,18.829999923706055,18.856666564941406,18.656667709350586,18.856666564941406,18.27911949157715,79200
2018-06-18,18.649999618530273,18.670000076293945,18.46666717529297,18.666667938232422,18.140155792236328,124200
2018-06-19,18.373332977294922,18.5,18.18666648864746,18.483333587646484,17.961994171142578,135000
2018-06-20,18.666667938232422,18.666667938232422,18.46666717529297,18.59666633605957,18.072126388549805,81000
2018-06-21,18.729999542236328,18.729999542236328,18.373332977294922,18.413333892822266,17.89396858215332,152100
2018-06-22,18.520000457763672,18.520000457763672,18.18000030517578,18.18000030517578,17.667213439941406,129000
2018-06-25,18.003332138061523,18.046667098999023,17.3799991607666,17.616666793823242,17.11977195739746,207600
2018-06-26,17.709999084472656,17.84000015258789,17.613332748413086,17.753332138061523,17.252582550048828,89400
2018-06-27,17.856666564941406,17.876667022705078,17.273332595825195,17.273332595825195,16.7861270904541,102900
2018-06-28,17.203332901000977,17.39666748046875,17.15999984741211,17.363332748413086,16.873584747314453,716700
2018-06-29,17.456666946411133,17.623332977294922,17.393333435058594,17.393333435058594,16.902738571166992,163500
2018-07-02,17.176666259765625,17.59000015258789,17.136667251586914,17.59000015258789,17.093862533569336,303300
2018-07-03,17.663333892822266,17.666667938232422,17.273332595825195,17.273332595825195,16.7861270904541,169200
2018-07-05,17.433332443237305,17.739999771118164,17.433332443237305,17.739999771118164,17.239625930786133,144000
2018-07-06,17.713333129882812,17.99333381652832,17.6299991607666,17.976667404174805,17.469621658325195,147900
2018-07-09,18.093332290649414,18.1299991607666,17.8799991607666,18.1299991607666,17.618623733520508,490500
2018-07-10,18.1200008392334,18.376667022705078,18.1200008392334,18.303333282470703,17.787067413330078,646200
2018-07-11,18.046667098999023,18.143333435058594,17.76333236694336,17.770000457763672,17.268779754638672,275700
2018-07-12,17.85333251953125,18.170000076293945,17.85333251953125,18.156667709350586,17.64454460144043,92400
2018-07-13,18.18666648864746,18.233333587646484,18.100000381469727,18.156667709350586,17.64454460144043,121500
2018-07-16,18.133333206176758,18.233333587646484,18.09666633605957,18.09666633605957,17.58623695373535,61500
2018-07-17,17.976667404174805,18.383333206176758,17.976667404174805,18.383333206176758,17.864810943603516,299400
2018-07-18,18.479999542236328,18.566667556762695,18.376667022705078,18.559999465942383,18.036500930786133,206100
2018-07-19,18.503332138061523,18.53333282470703,18.329999923706055,18.440000534057617,17.919885635375977,97800
2018-07-20,18.43000030517578,18.43000030517578,18.270000457763672,18.316667556762695,17.800029754638672,45900
2018-07-23,18.253332138061523,18.296667098999023,17.916667938232422,18.260000228881836,17.74496078491211,110700
2018-07-24,18.366666793823242,18.5,18.040000915527344,18.040000915527344,17.53116798400879,125100
2018-07-25,18.046667098999023,18.086666107177734,17.703332901000977,17.946666717529297,17.440462112426758,135000
2018-07-26,18.049999237060547,18.350000381469727,18.03333282470703,18.34666633605957,17.829187393188477,237000
2018-07-27,18.406667709350586,18.606666564941406,18.190000534057617,18.336666107177734,17.8194637298584,87000
2018-07-30,18.360000610351562,18.360000610351562,17.983333587646484,18.06333351135254,17.5538387298584,160800
2018-07-31,18.18000030517578,18.43666648864746,18.166667938232422,18.18666648864746,17.673696517944336,199200
2018-08-01,18.166667938232422,18.323333740234375,18.079999923706055,18.136667251586914,17.625110626220703,114300
2018-08-02,17.979999542236328,18.40333366394043,17.916667938232422,18.40333366394043,17.88425064086914,137700
2018-08-03,18.39666748046875,18.43666648864746,18.270000457763672,18.399999618530273,17.881011962890625,89700
2018-08-06,18.39666748046875,18.56999969482422,18.350000381469727,18.566667556762695,18.04298210144043,72900
2018-08-07,18.39666748046875,18.690000534057617,18.39666748046875,18.65999984741211,18.13367462158203,156000
2018-08-08,18.65999984741211,18.760000228881836,18.60333251953125,18.746667861938477,18.217897415161133,165900
2018-08-09,18.623332977294922,18.67333221435547,18.52666664123535,18.540000915527344,18.017061233520508,66900
2018-08-10,18.176666259765625,18.203332901000977,18.030000686645508,18.110000610351562,17.599185943603516,64200
2018-08-13,18.14666748046875,18.26333236694336,18.133333206176758,18.176666259765625,17.663978576660156,68400
2018-08-14,18.25666618347168,18.31333351135254,18.15333366394043,18.163333892822266,17.65102767944336,78600
2018-08-15,18.03333282470703,18.049999237060547,17.703332901000977,17.81333351135254,17.31089210510254,139800
2018-08-16,17.89666748046875,17.89666748046875,17.690000534057617,17.729999542236328,17.229904174804688,128700
2018-08-17,17.516666412353516,17.600000381469727,17.34666633605957,17.553333282470703,17.0582275390625,264600
2018-08-20,17.56333351135254,17.67333221435547,17.373332977294922,17.56999969482422,17.07442283630371,122400
2018-08-21,17.6200008392334,17.96666717529297,17.6200008392334,17.94333267211914,17.43722915649414,140400
2018-08-22,17.876667022705078,18.036666870117188,17.833332061767578,17.98666763305664,17.479337692260742,81000
2018-08-23,17.950000762939453,18.133333206176758,17.950000762939453,18.020000457763672,17.511734008789062,102900
2018-08-24,18.100000381469727,18.266666412353516,18.100000381469727,18.25,17.735244750976562,160800
2018-08-27,18.416667938232422,18.706666946411133,18.416667938232422,18.559999465942383,18.036500930786133,112200
2018-08-28,18.670000076293945,18.733333587646484,18.586666107177734,18.72333335876465,18.19523048400879,167400
2018-08-29,18.683332443237305,18.709999084472656,18.613332748413086,18.676666259765625,18.149873733520508,77400
2018-08-30,18.65999984741211,18.78333282470703,18.613332748413086,18.649999618530273,18.123964309692383,39000
2018-08-31,18.60333251953125,18.77666664123535,18.60333251953125,18.75666618347168,18.227615356445312,78300
2018-09-04,18.65333366394043,18.82666778564453,18.610000610351562,18.81333351135254,18.28268814086914,272100
2018-09-05,18.803333282470703,18.803333282470703,18.48666763305664,18.670000076293945,18.143400192260742,187800
2018-09-06,18.606666564941406,18.606666564941406,18.15333366394043,18.15999984741211,17.647785186767578,319800
2018-09-07,18.083332061767578,18.260000228881836,17.883333206176758,17.913333892822266,17.408069610595703,217500
2018-09-10,18.05666732788086,18.06333351135254,17.876667022705078,18.01333236694336,17.5052490234375,86100
2018-09-11,17.969999313354492,18.036666870117188,17.81999969482422,17.920000076293945,17.4145565032959,181800
2018-09-12,17.683332443237305,17.683332443237305,17.28333282470703,17.670000076293945,17.171602249145508,147000
2018-09-13,17.833332061767578,18.016666412353516,17.703332901000977,17.76333236694336,17.262306213378906,145200
2018-09-14,17.860000610351562,18.053333282470703,17.850000381469727,18.003332138061523,17.495529174804688,115500
2018-09-17,17.893333435058594,17.956666946411133,17.753332138061523,17.753332138061523,17.252582550048828,82800
2018-09-18,17.81999969482422,17.933332443237305,17.81999969482422,17.860000610351562,17.35625457763672,106200
2018-09-19,17.866666793823242,17.953332901000977,17.77666664123535,17.84666633605957,17.343280792236328,72600
2018-09-20,18.0,18.149999618530273,18.0,18.100000381469727,17.5894775390625,145200
2018-09-21,18.10333251953125,18.176666259765625,17.983333587646484,18.003332138061523,17.495529174804688,66300
2018-09-24,17.863332748413086,18.079999923706055,17.803333282470703,18.07666778564453,17.595142364501953,175800
2018-09-25,18.053333282470703,18.053333282470703,17.75666618347168,17.76333236694336,17.290157318115234,96300
2018-09-26,17.709999084472656,17.786666870117188,17.553333282470703,17.56333351135254,17.09547996520996,99900
2018-09-27,17.64666748046875,17.690000534057617,17.593332290649414,17.633333206176758,17.163612365722656,90000
2018-09-28,17.59666633605957,17.75666618347168,17.559999465942383,17.729999542236328,17.25770378112793,433200
2018-10-01,17.77666664123535,17.906667709350586,17.64666748046875,17.68000030517578,17.20903778076172,175500
2018-10-02,17.60333251953125,17.93000030517578,17.60333251953125,17.663333892822266,17.19281578063965,111300
2018-10-03,17.746667861938477,17.78333282470703,17.489999771118164,17.690000534057617,17.218774795532227,119100
2018-10-04,17.59000015258789,17.59000015258789,17.209999084472656,17.333332061767578,16.871610641479492,87000
2018-10-05,17.273332595825195,17.343332290649414,16.719999313354492,16.84666633605957,16.397905349731445,315900
2018-10-08,16.733333587646484,16.856666564941406,16.530000686645508,16.6299991607666,16.1870059967041,173400
2018-10-09,16.536666870117188,16.71666717529297,16.536666870117188,16.616666793823242,16.174026489257812,181200
2018-10-10,16.456666946411133,16.456666946411133,15.920000076293945,15.923333168029785,15.499167442321777,299700
2018-10-11,15.890000343322754,16.270000457763672,15.789999961853027,15.856666564941406,15.434274673461914,274200
2018-10-12,16.303333282470703,16.303333282470703,15.960000038146973,16.14666748046875,15.716552734375,107400
2018-10-15,16.059999465942383,16.239999771118164,15.970000267028809,16.073333740234375,15.645172119140625,1090500
2018-10-16,16.229999542236328,16.639999389648438,16.219999313354492,16.606666564941406,16.164295196533203,504300
2018-10-17,16.703332901000977,16.71666717529297,16.42333221435547,16.50666618347168,16.066957473754883,105600
2018-10-18,16.413333892822266,16.413333892822266,16.046667098999023,16.083332061767578,15.654901504516602,258600
2018-10-19,16.170000076293945,16.25666618347168,15.74666690826416,15.766667366027832,15.346675872802734,116700
2018-10-22,15.869999885559082,15.986666679382324,15.75,15.90666675567627,15.48294734954834,104700
2018-10-23,15.5,15.903332710266113,15.393333435058594,15.8100004196167,15.3888521194458,146400
2018-10-24,15.569999694824219,15.569999694824219,14.703332901000977,14.706666946411133,14.314911842346191,435000
2018-10-25,14.770000457763672,15.210000038146973,14.770000457763672,15.106666564941406,14.704255104064941,205500
2018-10-26,14.726667404174805,15.029999732971191,14.520000457763672,14.796667098999023,14.402515411376953,183300
2018-10-29,15.103333473205566,15.196666717529297,14.49666690826416,14.716667175292969,14.324645042419434,171900
2018-10-30,14.743332862854004,15.359999656677246,14.743332862854004,15.359999656677246,14.950841903686523,196200
2018-10-31,15.59333324432373,15.699999809265137,15.430000305175781,15.603333473205566,15.187692642211914,258000
2018-11-01,15.66333293914795,16.309999465942383,15.646666526794434,16.27666664123535,15.843086242675781,191700
2018-11-02,16.253332138061523,16.333332061767578,15.986666679382324,16.15333366394043,15.723038673400879,249300
2018-11-05,16.116666793823242,16.116666793823242,15.770000457763672,15.976667404174805,15.551079750061035,131700
2018-11-06,15.90666675567627,16.176666259765625,15.90666675567627,16.09666633605957,15.66788387298584,98100
2018-11-07,16.286666870117188,16.413333892822266,16.17333221435547,16.286666870117188,15.852821350097656,315300
2018-11-08,16.123332977294922,16.30666732788086,16.110000610351562,16.213333129882812,15.781438827514648,142200
2018-11-09,16.040000915527344,16.059999465942383,15.8100004196167,15.866666793823242,15.444015502929688,137700
2018-11-12,15.653332710266113,15.653332710266113,15.096667289733887,15.136667251586914,14.733458518981934,232200
2018-11-13,15.25333309173584,15.65999984741211,15.25333309173584,15.366666793823242,14.957329750061035,172200
2018-11-14,15.550000190734863,15.653332710266113,15.326666831970215,15.473333358764648,15.06115436553955,147000
2018-11-15,15.403332710266113,16.023332595825195,15.403332710266113,15.966667175292969,15.54134750366211,130200
2018-11-16,15.49666690826416,15.90999984741211,15.49666690826416,15.853333473205566,15.43103313446045,167100
2018-11-19,15.736666679382324,15.75,15.210000038146973,15.210000038146973,14.804834365844727,126900
2018-11-20,14.803333282470703,15.453332901000977,14.793333053588867,15.266667366027832,14.859996795654297,280500
2018-11-21,15.473333358764648,15.513333320617676,15.376667022705078,15.380000114440918,14.970308303833008,56700
2018-11-23,15.239999771118164,15.520000457763672,15.239999771118164,15.399999618530273,14.989773750305176,36600
2018-11-26,15.600000381469727,15.640000343322754,15.449999809265137,15.623332977294922,15.207159042358398,111300
2018-11-27,15.543333053588867,15.779999732971191,15.523332595825195,15.636667251586914,15.220136642456055,90600
2018-11-28,15.676667213439941,16.059999465942383,15.5600004196167,16.059999465942383,15.63219165802002,79800
2018-11-29,16.07666778564453,16.1200008392334,15.953332901000977,15.970000267028809,15.544589042663574,118200
2018-11-30,15.986666679382324,16.239999771118164,15.826666831970215,16.239999771118164,15.807401657104492,134400
2018-12-03,16.593332290649414,16.69333267211914,16.43666648864746,16.636667251586914,16.19350242614746,190200
2018-12-04,16.543333053588867,16.543333053588867,15.873332977294922,15.873332977294922,15.4504976272583,73800
2018-12-06,15.449999809265137,15.713333129882812,15.380000114440918,15.713333129882812,15.294761657714844,192600
2018-12-07,15.696666717529297,15.736666679382324,15.096667289733887,15.166666984558105,14.762657165527344,93300
2018-12-10,15.126667022705078,15.319999694824219,15.05666732788086,15.273332595825195,14.866479873657227,99900
2018-12-11,15.513333320617676,15.739999771118164,15.329999923706055,15.380000114440918,14.970308303833008,98400
2018-12-12,15.640000343322754,15.823332786560059,15.550000190734863,15.616666793823242,15.200669288635254,85500
2018-12-13,15.699999809265137,15.75,15.436667442321777,15.466667175292969,15.054665565490723,104100
2018-12-14,15.319999694824219,15.576666831970215,15.210000038146973,15.223333358764648,14.817813873291016,105000
2018-12-17,15.203332901000977,15.430000305175781,14.90666675567627,14.979999542236328,14.580964088439941,360600
2018-12-18,15.143333435058594,15.473333358764648,15.143333435058594,15.229999542236328,14.82430362701416,128700
2018-12-19,15.170000076293945,15.256667137145996,14.489999771118164,14.55666732788086,14.168909072875977,172800
2018-12-20,14.513333320617676,14.770000457763672,14.276666641235352,14.41333293914795,14.029388427734375,263700
2018-12-21,14.466667175292969,14.636667251586914,14.09333324432373,14.146666526794434,13.769824028015137,270900
2018-12-24,13.960000038146973,14.109999656677246,13.706666946411133,13.706666946411133,13.385390281677246,223200
2018-12-26,13.863332748413086,14.483332633972168,13.723333358764648,14.479999542236328,14.140595436096191,177600
2018-12-27,14.293333053588867,14.603333473205566,14.180000305175781,14.600000381469727,14.257783889770508,102600
2018-12-28,14.696666717529297,14.966667175292969,14.576666831970215,14.720000267028809,14.374970436096191,90600
2018-12-31,14.876667022705078,14.899999618530273,14.630000114440918,14.770000457763672,14.423797607421875,98700
2019-01-02,14.493332862854004,15.006667137145996,14.493332862854004,14.91333293914795,14.563770294189453,108600
2019-01-03,14.573332786560059,14.573332786560059,14.073332786560059,14.073332786560059,13.743460655212402,93300
2019-01-04,14.276666641235352,14.6899995803833,14.273332595825195,14.623332977294922,14.280570983886719,121500
2019-01-07,14.703332901000977,15.010000228881836,14.649999618530273,14.903332710266113,14.554006576538086,147600
2019-01-08,15.0600004196167,15.073332786560059,14.779999732971191,14.920000076293945,14.570284843444824,75000
2019-01-09,15.016667366027832,15.353333473205566,15.016667366027832,15.289999961853027,14.931609153747559,190200
2019-01-10,15.146666526794434,15.506667137145996,15.146666526794434,15.486666679382324,15.123663902282715,94500
2019-01-11,15.436667442321777,15.826666831970215,15.436667442321777,15.673333168029785,15.30595588684082,59400
2019-01-14,15.466667175292969,15.529999732971191,15.346667289733887,15.403332710266113,15.042285919189453,100800
2019-01-15,15.466667175292969,15.59000015258789,15.426667213439941,15.489999771118164,15.126919746398926,54900
2019-01-16,15.533332824707031,15.65666675567627,15.416666984558105,15.423333168029785,15.06181812286377,49500
2019-01-17,15.34000015258789,15.566666603088379,15.30666732788086,15.49666690826416,15.13343334197998,56700
2019-01-18,15.583333015441895,15.930000305175781,15.579999923706055,15.803333282470703,15.432910919189453,71700
2019-01-22,15.670000076293945,15.670000076293945,15.236666679382324,15.319999694824219,14.960904121398926,156300
2019-01-23,15.420000076293945,15.423333168029785,15.083333015441895,15.203332901000977,14.846976280212402,72900
2019-01-24,15.516667366027832,16.123332977294922,15.516667366027832,16.01333236694336,15.637986183166504,140700
2019-01-25,16.093332290649414,16.536666870117188,16.093332290649414,16.476667404174805,16.090456008911133,84300
2019-01-28,16.040000915527344,16.43666648864746,16.040000915527344,16.31333351135254,15.930952072143555,147000
2019-01-29,16.32666778564453,16.356666564941406,16.123332977294922,16.156667709350586,15.777962684631348,154200
2019-01-30,16.39666748046875,16.530000686645508,16.149999618530273,16.456666946411133,16.07093048095703,236100
2019-01-31,16.413333892822266,16.606666564941406,16.39666748046875,16.48666763305664,16.1002254486084,114900
2019-02-01,16.489999771118164,16.75,16.469999313354492,16.690000534057617,16.298791885375977,136200
2019-02-04,16.706666946411133,16.74333381652832,16.566667556762695,16.74333381652832,16.350879669189453,61200
2019-02-05,16.746667861938477,16.93666648864746,16.746667861938477,16.889999389648438,16.494104385375977,75600
2019-02-06,17.040000915527344,17.366666793823242,16.989999771118164,17.253332138061523,16.848918914794922,83100
2019-02-07,17.036666870117188,17.123332977294922,16.75666618347168,16.8700008392334,16.474573135375977,79800
2019-02-08,16.633333206176758,16.90333366394043,16.613332748413086,16.84000015258789,16.445276260375977,90900
2019-02-11,16.933332443237305,16.940000534057617,16.829999923706055,16.940000534057617,16.542930603027344,37200
2019-02-12,17.110000610351562,17.31333351135254,17.110000610351562,17.30666732788086,16.90100860595703,68700
2019-02-13,17.399999618530273,17.50666618347168,17.30666732788086,17.40999984741211,17.001924514770508,198300
2019-02-14,17.32666778564453,17.613332748413086,17.32666778564453,17.543333053588867,17.132131576538086,180900
2019-02-15,17.65333366394043,17.719999313354492,17.57666778564453,17.703332901000977,17.288372039794922,82500
2019-02-19,17.643333435058594,17.709999084472656,17.59000015258789,17.59000015258789,17.177698135375977,127500
2019-02-20,17.64666748046875,17.843332290649414,17.64666748046875,17.796667098999023,17.379520416259766,67800
2019-02-21,17.793333053588867,17.793333053588867,17.643333435058594,17.69333267211914,17.278606414794922,53100
2019-02-22,17.80666732788086,17.873332977294922,17.746667861938477,17.8700008392334,17.451133728027344,48600
2019-02-25,18.040000915527344,18.23666763305664,18.010000228881836,18.049999237060547,17.62691307067871,130500
2019-02-26,17.98666763305664,18.030000686645508,17.860000610351562,17.8799991607666,17.460893630981445,67800
2019-02-27,17.796667098999023,17.84666633605957,17.479999542236328,17.649999618530273,17.23629379272461,46200
2019-02-28,17.566667556762695,17.726667404174805,17.55666732788086,17.68666648864746,17.2720947265625,39000
2019-03-01,17.85333251953125,17.92333221435547,17.729999542236328,17.843332290649414,17.425094604492188,44700
2019-03-04,17.926666259765625,17.979999542236328,17.666667938232422,17.836666107177734,17.418582916259766,99900
2019-03-05,17.790000915527344,17.836666107177734,17.690000534057617,17.74333381652832,17.327438354492188,60600
2019-03-06,17.753332138061523,17.753332138061523,17.450000762939453,17.450000762939453,17.040983200073242,57900
2019-03-07,17.386667251586914,17.39666748046875,17.183332443237305,17.25666618347168,16.852184295654297,74700
2019-03-08,16.996667861938477,17.219999313354492,16.93000030517578,17.203332901000977,16.800092697143555,76200
2019-03-11,17.290000915527344,17.676666259765625,17.290000915527344,17.6200008392334,17.206998825073242,71400
2019-03-12,17.670000076293945,17.713333129882812,17.51333236694336,17.623332977294922,17.210250854492188,69600
2019-03-13,17.71666717529297,17.75666618347168,17.616666793823242,17.6299991607666,17.21676254272461,29100
2019-03-14,17.6200008392334,17.6200008392334,17.496667861938477,17.496667861938477,17.0865535736084,70200
2019-03-15,17.656667709350586,18.02666664123535,17.656667709350586,17.906667709350586,17.48695182800293,105000
2019-03-18,17.8799991607666,17.8799991607666,17.579999923706055,17.696666717529297,17.287981033325195,79800
2019-03-19,17.799999237060547,17.916667938232422,17.739999771118164,17.863332748413086,17.450794219970703,154500
2019-03-20,17.883333206176758,17.886667251586914,17.579999923706055,17.696666717529297,17.287981033325195,59400
2019-03-21,17.713333129882812,18.296667098999023,17.713333129882812,18.203332901000977,17.78294563293457,156300
2019-03-22,18.083332061767578,18.116666793823242,17.623332977294922,17.6299991607666,17.22285270690918,108000
2019-03-25,17.523332595825195,17.636667251586914,17.34666633605957,17.48666763305664,17.08283042907715,118500
2019-03-26,17.670000076293945,17.76333236694336,17.540000915527344,17.666667938232422,17.258668899536133,66900
2019-03-27,17.683332443237305,17.683332443237305,17.266666412353516,17.416667938232422,17.014446258544922,92100
2019-03-28,17.433332443237305,17.639999389648438,17.336666107177734,17.446666717529297,17.043750762939453,56100
2019-03-29,17.610000610351562,17.74333381652832,17.610000610351562,17.676666259765625,17.26844596862793,54300
2019-04-01,17.876667022705078,18.09666633605957,17.866666793823242,18.083332061767578,17.66571807861328,131100
2019-04-02,18.123332977294922,18.133333206176758,18.03333282470703,18.106666564941406,17.688512802124023,120600
2019-04-03,18.316667556762695,18.65999984741211,18.299999237060547,18.516666412353516,18.08904266357422,165000
2019-04-04,18.463333129882812,18.623332977294922,18.373332977294922,18.530000686645508,18.10207176208496,112800
2019-04-05,18.586666107177734,18.666667938232422,18.523332595825195,18.643333435058594,18.212783813476562,93600
2019-04-08,18.55666732788086,18.670000076293945,18.489999771118164,18.65333366394043,18.222553253173828,73500
2019-04-09,18.49333381652832,18.536666870117188,18.413333892822266,18.44333267211914,18.01740074157715,224400
2019-04-10,18.44333267211914,18.683332443237305,18.44333267211914,18.64666748046875,18.216045379638672,75600
2019-04-11,18.69333267211914,18.75,18.59000015258789,18.6200008392334,18.189990997314453,58500
2019-04-12,18.786666870117188,18.866666793823242,18.709999084472656,18.863332748413086,18.427703857421875,77400
2019-04-15,18.876667022705078,18.876667022705078,18.683332443237305,18.760000228881836,18.326757431030273,52200
2019-04-16,18.850000381469727,19.293333053588867,18.850000381469727,19.293333053588867,18.8477725982666,117300
2019-04-17,19.593332290649414,19.663333892822266,19.290000915527344,19.426666259765625,18.978025436401367,111300
2019-04-18,19.446666717529297,19.446666717529297,19.290000915527344,19.386667251586914,18.938953399658203,94200
2019-04-22,19.309999465942383,19.3700008392334,19.28333282470703,19.34666633605957,18.89987564086914,91500
2019-04-23,19.420000076293945,19.57666778564453,19.420000076293945,19.536666870117188,19.085487365722656,78600
2019-04-24,19.540000915527344,20.00666618347168,19.540000915527344,19.799999237060547,19.342737197875977,110100
2019-04-25,19.75,19.75,19.239999771118164,19.356666564941406,18.909648895263672,247200
2019-04-26,19.09666633605957,19.299999237060547,18.889999389648438,19.28333282470703,18.838003158569336,256800
2019-04-29,19.280000686645508,19.32666778564453,19.170000076293945,19.206666946411133,18.76310920715332,42900
2019-04-30,19.196666717529297,19.376667022705078,19.14666748046875,19.35333251953125,18.906389236450195,37200
2019-05-01,19.553333282470703,19.663333892822266,19.219999313354492,19.219999313354492,18.77613067626953,93300
2019-05-02,19.133333206176758,19.479999542236328,19.003332138061523,19.329999923706055,18.883594512939453,111900
2019-05-03,19.450000762939453,19.663333892822266,19.323333740234375,19.663333892822266,19.209230422973633,61200
2019-05-06,19.059999465942383,19.3700008392334,19.03333282470703,19.329999923706055,18.883594512939453,84600
2019-05-07,19.106666564941406,19.25,18.80666732788086,19.020000457763672,18.580753326416016,111000
2019-05-08,18.8700008392334,19.18666648864746,18.84666633605957,18.84666633605957,18.411418914794922,192600
2019-05-09,18.586666107177734,18.709999084472656,18.286666870117188,18.600000381469727,18.170446395874023,103500
2019-05-10,18.489999771118164,18.753332138061523,18.280000686645508,18.670000076293945,18.23883819580078,358500
2019-05-13,18.053333282470703,18.143333435058594,17.626667022705078,17.700000762939453,17.291236877441406,234000
2019-05-14,17.866666793823242,18.206666946411133,17.823333740234375,18.1200008392334,17.701539993286133,136500
2019-05-15,17.926666259765625,18.40999984741211,17.926666259765625,18.290000915527344,17.86761474609375,117900
2019-05-16,18.06333351135254,18.123332977294922,17.823333740234375,17.8700008392334,17.45730972290039,115200
2019-05-17,17.616666793823242,17.823333740234375,17.303333282470703,17.34000015258789,16.939546585083008,250800
2019-05-20,16.860000610351562,16.950000762939453,16.59666633605957,16.700000762939453,16.3143310546875,103800
2019-05-21,17.016666412353516,17.113332748413086,16.893333435058594,16.983333587646484,16.591115951538086,139200
2019-05-22,16.68000030517578,16.873332977294922,16.68000030517578,16.68000030517578,16.294790267944336,62100
2019-05-23,16.40333366394043,16.40333366394043,16.136667251586914,16.31999969482422,15.943107604980469,299400
2019-05-24,16.433332443237305,16.51333236694336,16.239999771118164,16.239999771118164,15.864952087402344,70200
2019-05-28,16.333332061767578,16.366666793823242,16.07666778564453,16.093332290649414,15.721673011779785,55200
2019-05-29,15.963333129882812,16.233333587646484,15.936667442321777,16.18666648864746,15.81285285949707,143400
2019-05-30,16.226667404174805,16.386667251586914,16.190000534057617,16.28333282470703,15.907285690307617,72300
2019-05-31,16.073333740234375,16.22333335876465,16.030000686645508,16.040000915527344,15.669570922851562,96000
2019-06-03,16.170000076293945,16.3700008392334,15.979999542236328,16.079999923706055,15.708646774291992,239700
2019-06-04,16.333332061767578,16.82666778564453,16.303333282470703,16.82666778564453,16.43807029724121,112500
2019-06-05,17.016666412353516,17.016666412353516,16.530000686645508,16.719999313354492,16.3338680267334,179700
2019-06-06,16.72333335876465,16.893333435058594,16.606666564941406,16.836666107177734,16.447839736938477,85800
2019-06-07,16.90333366394043,17.01333236694336,16.850000381469727,16.956666946411133,16.5650691986084,177000
2019-06-10,17.17333221435547,17.593332290649414,17.17333221435547,17.456666946411133,17.05352210998535,292800
2019-06-11,17.739999771118164,17.739999771118164,17.393333435058594,17.489999771118164,17.086090087890625,267900
2019-06-12,17.376667022705078,17.376667022705078,17.093332290649414,17.093332290649414,16.69858169555664,222000
2019-06-13,17.19333267211914,17.260000228881836,17.123332977294922,17.22333335876465,16.825576782226562,159300
2019-06-14,16.803333282470703,16.850000381469727,16.733333587646484,16.773332595825195,16.385971069335938,244800
2019-06-17,16.803333282470703,16.860000610351562,16.703332901000977,16.713333129882812,16.32735252380371,175200
2019-06-18,16.843332290649414,17.51333236694336,16.843332290649414,17.39666748046875,16.994909286499023,252600
2019-06-19,17.456666946411133,17.483333587646484,17.35333251953125,17.433332443237305,17.030729293823242,68100
2019-06-20,17.77666664123535,17.77666664123535,17.559999465942383,17.633333206176758,17.226106643676758,85500
2019-06-21,17.546667098999023,17.610000610351562,17.463333129882812,17.520000457763672,17.115392684936523,140700
2019-06-24,17.5,17.586666107177734,17.453332901000977,17.456666946411133,17.10004425048828,96600
2019-06-25,17.453332901000977,17.57666778564453,17.22333335876465,17.22333335876465,16.87148094177246,98100
2019-06-26,17.520000457763672,17.793333053588867,17.520000457763672,17.71666717529297,17.354738235473633,85800
2019-06-27,17.920000076293945,18.049999237060547,17.920000076293945,18.043333053588867,17.67473030090332,91500
2019-06-28,18.183332443237305,18.206666946411133,18.049999237060547,18.106666564941406,17.73676872253418,116400
2019-07-01,18.78333282470703,18.933332443237305,18.40999984741211,18.546667098999023,18.167781829833984,177900
2019-07-02,18.479999542236328,18.49333381652832,18.200000762939453,18.26333236694336,17.89023208618164,114000
2019-07-03,18.253332138061523,18.253332138061523,18.093332290649414,18.233333587646484,17.860843658447266,47400
2019-07-05,18.040000915527344,18.176666259765625,17.969999313354492,18.143333435058594,17.77268409729004,79500
2019-07-08,18.023332595825195,18.066667556762695,17.93666648864746,17.97333335876465,17.606159210205078,98700
2019-07-09,17.886667251586914,18.136667251586914,17.799999237060547,18.123332977294922,17.753095626831055,340200
2019-07-10,18.299999237060547,18.5,18.213333129882812,18.253332138061523,17.880435943603516,99000
2019-07-11,18.316667556762695,18.316667556762695,18.110000610351562,18.226667404174805,17.85431671142578,51000
2019-07-12,18.280000686645508,18.6299991607666,18.280000686645508,18.606666564941406,18.22655487060547,103200
2019-07-15,18.666667938232422,18.786666870117188,18.610000610351562,18.706666946411133,18.324514389038086,100500
2019-07-16,18.59000015258789,18.60333251953125,18.40333366394043,18.469999313354492,18.092681884765625,198900
2019-07-17,18.573333740234375,18.573333740234375,18.43000030517578,18.46666717529297,18.08941650390625,95400
2019-07-18,18.48666763305664,18.786666870117188,18.48666763305664,18.72333335876465,18.340837478637695,114300
2019-07-19,18.793333053588867,18.933332443237305,18.73666763305664,18.746667861938477,18.36369514465332,126000
2019-07-22,18.860000610351562,19.139999389648438,18.860000610351562,19.10333251953125,18.713075637817383,124500
2019-07-23,19.206666946411133,19.32666778564453,19.136667251586914,19.323333740234375,18.92858123779297,195600
2019-07-24,19.483333587646484,20.110000610351562,19.483333587646484,20.09666633605957,19.686113357543945,222300
2019-07-25,19.97333335876465,19.983333587646484,19.706666946411133,19.75666618347168,19.35306167602539,278700
2019-07-26,19.8700008392334,19.90999984741211,19.780000686645508,19.790000915527344,19.385711669921875,81900
2019-07-29,19.76333236694336,19.77666664123535,19.583332061767578,19.753332138061523,19.349794387817383,80100
2019-07-30,19.543333053588867,19.93000030517578,19.543333053588867,19.893333435058594,19.486936569213867,137100
2019-07-31,19.873332977294922,19.873332977294922,19.323333740234375,19.48666763305664,19.088577270507812,285900
2019-08-01,19.496667861938477,20.05666732788086,19.156667709350586,19.290000915527344,18.89592742919922,251100
2019-08-02,19.113332748413086,19.296667098999023,18.906667709350586,19.023332595825195,18.634708404541016,140700
2019-08-05,18.43000030517578,18.47333335876465,18.1200008392334,18.266666412353516,17.893497467041016,261900
2019-08-06,18.53333282470703,18.6200008392334,18.266666412353516,18.39666748046875,18.020845413208008,103200
2019-08-07,18.15333366394043,18.469999313354492,18.15333366394043,18.420000076293945,18.043701171875,282000
2019-08-08,18.55666732788086,18.856666564941406,18.483333587646484,18.84000015258789,18.455121994018555,137100
2019-08-09,18.703332901000977,18.703332901000977,18.363332748413086,18.489999771118164,18.11227035522461,132900
2019-08-12,18.333332061767578,18.440000534057617,18.239999771118164,18.290000915527344,17.916358947753906,41100
2019-08-13,18.260000228881836,18.933332443237305,18.203332901000977,18.799999237060547,18.41594123840332,70200
2019-08-14,18.366666793823242,18.530000686645508,18.24333381652832,18.266666412353516,17.893497467041016,139500
2019-08-15,18.34666633605957,18.360000610351562,18.123332977294922,18.266666412353516,17.893497467041016,143100
2019-08-16,18.43666648864746,18.739999771118164,18.39666748046875,18.706666946411133,18.324514389038086,102000
2019-08-19,19.083332061767578,19.126667022705078,18.913333892822266,18.916667938232422,18.530223846435547,58500
2019-08-20,18.873332977294922,18.96666717529297,18.803333282470703,18.84000015258789,18.455121994018555,46500
2019-08-21,19.016666412353516,19.020000457763672,18.856666564941406,18.94333267211914,18.556344985961914,112500
2019-08-22,18.959999084472656,18.996667861938477,18.72333335876465,18.90999984741211,18.52368927001953,62100
2019-08-23,18.700000762939453,18.796667098999023,18.093332290649414,18.14666748046875,17.775951385498047,190500
2019-08-26,18.3799991607666,18.3799991607666,18.123332977294922,18.19333267211914,17.821666717529297,52800
2019-08-27,18.24333381652832,18.386667251586914,18.020000457763672,18.09000015258789,17.720439910888672,53700
2019-08-28,17.98666763305664,18.25,17.90999984741211,18.22333335876465,17.851051330566406,51900
2019-08-29,18.476667404174805,18.739999771118164,18.476667404174805,18.649999618530273,18.26900291442871,46800
2019-08-30,18.886667251586914,18.946666717529297,18.74333381652832,18.836666107177734,18.451854705810547,39600
2019-09-03,18.656667709350586,18.670000076293945,18.42333221435547,18.520000457763672,18.141653060913086,49200
2019-09-04,18.790000915527344,18.97333335876465,18.790000915527344,18.97333335876465,18.585729598999023,48900
2019-09-05,19.290000915527344,19.700000762939453,19.290000915527344,19.46666717529297,19.068984985351562,52200
2019-09-06,19.49333381652832,19.583332061767578,19.426666259765625,19.5,19.101638793945312,28200
2019-09-09,19.59000015258789,19.746667861938477,19.523332595825195,19.610000610351562,19.20939064025879,40200
2019-09-10,19.523332595825195,19.613332748413086,19.376667022705078,19.613332748413086,19.212656021118164,69600
2019-09-11,19.703332901000977,19.983333587646484,19.663333892822266,19.983333587646484,19.57509994506836,92700
2019-09-12,20.1200008392334,20.15999984741211,19.866666793823242,20.046667098999023,19.63713836669922,181200
2019-09-13,20.046667098999023,20.176666259765625,19.953332901000977,20.036666870117188,19.62734031677246,89700
2019-09-16,19.829999923706055,19.976667404174805,19.78333282470703,19.90999984741211,19.503263473510742,52800
2019-09-17,19.8799991607666,19.983333587646484,19.729999542236328,19.959999084472656,19.5522403717041,71700
2019-09-18,19.946666717529297,19.989999771118164,19.75666618347168,19.98666763305664,19.57836151123047,27000
2019-09-19,20.053333282470703,20.100000381469727,19.886667251586914,19.889999389648438,19.48366928100586,58800
2019-09-20,19.836666107177734,19.886667251586914,19.50666618347168,19.606666564941406,19.206125259399414,158100
2019-09-23,19.559999465942383,19.816667556762695,19.47333335876465,19.69333267211914,19.323219299316406,133200
2019-09-24,19.809999465942383,19.860000610351562,19.28333282470703,19.343332290649414,18.979793548583984,115200
2019-09-25,19.290000915527344,19.726667404174805,19.143333435058594,19.690000534057617,19.3199462890625,45600
2019-09-26,19.696666717529297,19.709999084472656,19.510000228881836,19.636667251586914,19.267616271972656,34800
2019-09-27,19.51333236694336,19.540000915527344,19.020000457763672,19.1299991607666,18.770469665527344,119100
2019-09-30,19.213333129882812,19.309999465942383,19.17333221435547,19.270000457763672,18.907840728759766,41700
2019-10-01,19.420000076293945,19.623332977294922,19.05666732788086,19.05666732788086,18.698514938354492,75000
2019-10-02,18.920000076293945,18.99333381652832,18.709999084472656,18.81999969482422,18.466293334960938,110700
2019-10-03,18.829999923706055,19.14666748046875,18.643333435058594,19.1200008392334,18.76065444946289,77100
2019-10-04,19.23666763305664,19.510000228881836,19.229999542236328,19.496667861938477,19.1302433013916,55800
2019-10-07,19.450000762939453,19.536666870117188,19.34666633605957,19.35333251953125,18.989601135253906,48000
2019-10-08,19.110000610351562,19.110000610351562,18.709999084472656,18.729999542236328,18.377988815307617,64500
2019-10-09,18.956666946411133,19.1200008392334,18.933332443237305,19.003332138061523,18.646177291870117,226500
2019-10-10,19.036666870117188,19.350000381469727,18.96666717529297,19.17333221435547,18.812986373901367,113100
2019-10-11,19.52666664123535,19.786666870117188,19.52666664123535,19.56999969482422,19.202199935913086,120900
2019-10-14,19.549999237060547,19.549999237060547,19.46666717529297,19.49333381652832,19.126972198486328,19800
2019-10-15,19.60333251953125,19.97333335876465,19.60333251953125,19.93000030517578,19.555437088012695,40800
2019-10-16,19.84666633605957,19.950000762939453,19.64666748046875,19.67333221435547,19.303592681884766,69900
2019-10-17,19.89666748046875,19.996667861938477,19.726667404174805,19.80666732788086,19.434419631958008,29100
2019-10-18,19.770000457763672,19.78333282470703,19.376667022705078,19.573333740234375,19.20547103881836,48300
2019-10-21,19.760000228881836,19.863332748413086,19.676666259765625,19.82666778564453,19.45404624938965,112800
2019-10-22,19.873332977294922,19.893333435058594,19.633333206176758,19.636667251586914,19.267616271972656,60300
2019-10-23,19.373332977294922,19.43000030517578,19.25,19.290000915527344,18.927459716796875,42300
2019-10-24,19.536666870117188,19.786666870117188,19.516666412353516,19.786666870117188,19.414791107177734,54900
2019-10-25,19.836666107177734,20.136667251586914,19.836666107177734,20.136667251586914,19.758216857910156,84000
2019-10-28,20.266666412353516,20.520000457763672,20.266666412353516,20.503332138061523,20.11798858642578,64800
2019-10-29,20.616666793823242,20.753332138061523,20.55666732788086,20.57666778564453,20.189950942993164,79800
2019-10-30,20.639999389648438,20.68666648864746,20.489999771118164,20.549999237060547,20.16377830505371,55500
2019-10-31,20.52666664123535,20.52666664123535,20.23666763305664,20.40999984741211,20.026412963867188,49800
2019-11-01,20.573333740234375,20.84000015258789,20.543333053588867,20.84000015258789,20.448331832885742,58800
2019-11-04,21.100000381469727,21.139999389648438,20.99333381652832,21.086666107177734,20.69036293029785,64800
2019-11-05,21.106666564941406,21.233333587646484,21.02666664123535,21.136667251586914,20.739421844482422,45000
2019-11-06,21.09666633605957,21.09666633605957,20.793333053588867,20.950000762939453,20.556264877319336,70500
2019-11-07,21.25666618347168,21.309999465942383,20.96666717529297,21.020000457763672,20.624948501586914,104700
2019-11-08,20.956666946411133,21.07666778564453,20.833332061767578,21.073333740234375,20.677274703979492,93300
2019-11-11,20.933332443237305,21.093332290649414,20.8799991607666,21.06333351135254,20.66746711730957,37200
2019-11-12,21.166667938232422,21.31333351135254,21.136667251586914,21.203332901000977,20.804838180541992,91800
2019-11-13,21.113332748413086,21.233333587646484,20.96666717529297,21.196666717529297,20.798290252685547,106200
2019-11-14,21.123332977294922,21.156667709350586,21.043333053588867,21.123332977294922,20.726335525512695,67200
2019-11-15,21.383333206176758,21.5,21.246667861938477,21.316667556762695,20.91604232788086,244200
2019-11-18,21.273332595825195,21.303333282470703,21.156667709350586,21.156667709350586,20.759050369262695,123300
2019-11-19,21.26333236694336,21.266666412353516,20.989999771118164,21.016666412353516,20.62167739868164,55500
2019-11-20,20.953332901000977,21.003332138061523,20.676666259765625,20.770000457763672,20.3796443939209,146700
2019-11-21,20.626667022705078,20.626667022705078,20.389999389648438,20.450000762939453,20.065664291381836,82200
2019-11-22,20.573333740234375,20.59666633605957,20.3799991607666,20.43666648864746,20.05257797241211,70800
2019-11-25,20.626667022705078,21.023332595825195,20.626667022705078,21.023332595825195,20.628223419189453,70500
2019-11-26,20.99333381652832,20.99333381652832,20.833332061767578,20.873332977294922,20.481040954589844,56100
2019-11-27,20.98666763305664,21.02666664123535,20.933332443237305,21.02666664123535,20.631494522094727,43800
2019-11-29,20.953332901000977,20.953332901000977,20.773332595825195,20.773332595825195,20.382919311523438,48000
2019-12-02,20.81333351135254,20.81333351135254,20.416667938232422,20.440000534057617,20.055849075317383,209400
2019-12-03,20.020000457763672,20.156667709350586,19.959999084472656,20.149999618530273,19.771303176879883,192000
2019-12-04,20.416667938232422,20.463333129882812,20.366666793823242,20.42333221435547,20.03949737548828,81900
2019-12-05,20.463333129882812,20.59666633605957,20.399999618530273,20.453332901000977,20.068931579589844,80100
2019-12-06,20.666667938232422,20.883333206176758,20.666667938232422,20.799999237060547,20.409080505371094,58500
2019-12-09,20.796667098999023,20.81333351135254,20.623332977294922,20.623332977294922,20.235736846923828,18600
2019-12-10,20.706666946411133,20.860000610351562,20.636667251586914,20.760000228881836,20.369834899902344,72900
2019-12-11,20.823333740234375,21.206666946411133,20.823333740234375,21.18666648864746,20.788484573364258,27600
2019-12-12,21.18000030517578,21.700000762939453,21.149999618530273,21.700000762939453,21.29216957092285,198000
2019-12-13,21.726667404174805,21.916667938232422,21.53333282470703,21.616666793823242,21.210397720336914,78600
2019-12-16,21.889999389648438,22.05666732788086,21.886667251586914,21.893333435058594,21.481868743896484,86100
2019-12-17,21.996667861938477,22.043333053588867,21.866666793823242,22.040000915527344,21.625782012939453,76800
2019-12-18,22.049999237060547,22.083332061767578,21.959999084472656,22.00666618347168,21.59307289123535,46200
2019-12-19,22.15333366394043,22.200000762939453,21.979999542236328,22.196666717529297,21.779502868652344,39600
2019-12-20,22.31999969482422,22.44333267211914,22.25,22.433332443237305,22.01171875,65100
2019-12-23,22.566667556762695,22.566667556762695,22.413333892822266,22.483333587646484,22.09032440185547,50700
2019-12-24,22.52666664123535,22.583332061767578,22.43666648864746,22.583332061767578,22.188568115234375,75900
2019-12-26,22.656667709350586,22.676666259765625,22.56333351135254,22.676666259765625,22.2802734375,45900
2019-12-27,22.746667861938477,22.746667861938477,22.463333129882812,22.510000228881836,22.116519927978516,132900
2019-12-30,22.520000457763672,22.520000457763672,22.14666748046875,22.333332061767578,21.942941665649414,626700
2019-12-31,22.309999465942383,22.446666717529297,22.260000228881836,22.386667251586914,21.995344161987305,139800
2020-01-02,22.700000762939453,22.78333282470703,22.540000915527344,22.78333282470703,22.385074615478516,168300
2020-01-03,22.5,22.706666946411133,22.43666648864746,22.549999237060547,22.155824661254883,545400
2020-01-06,22.246667861938477,22.376667022705078,22.123332977294922,22.290000915527344,21.900367736816406,113700
2020-01-07,22.49333381652832,22.796667098999023,22.43666648864746,22.676666259765625,22.2802734375,128700
2020-01-08,22.68666648864746,22.886667251586914,22.60333251953125,22.75,22.352327346801758,66600
2020-01-09,23.049999237060547,23.09000015258789,22.719999313354492,22.883333206176758,22.48332977294922,157200
2020-01-10,23.053333282470703,23.053333282470703,22.713333129882812,22.75666618347168,22.358877182006836,84000
2020-01-13,22.963333129882812,23.136667251586914,22.876667022705078,23.123332977294922,22.719131469726562,200400
2020-01-14,23.183332443237305,23.376667022705078,23.016666412353516,23.226667404174805,22.820655822753906,95700
2020-01-15,23.253332138061523,23.253332138061523,22.8700008392334,22.959999084472656,22.55866050720215,105600
2020-01-16,23.15333366394043,23.456666946411133,23.15333366394043,23.456666946411133,23.046640396118164,102600
2020-01-17,23.623332977294922,23.690000534057617,23.43666648864746,23.68666648864746,23.272621154785156,86400
2020-01-21,23.600000381469727,23.786666870117188,23.579999923706055,23.64666748046875,23.233322143554688,70800
2020-01-22,23.916667938232422,24.116666793823242,23.850000381469727,23.8799991607666,23.462574005126953,101400
2020-01-23,23.969999313354492,24.1299991607666,23.770000457763672,24.123332977294922,23.701650619506836,63000
2020-01-24,24.413333892822266,24.413333892822266,23.48666763305664,23.68666648864746,23.272621154785156,112500
2020-01-27,22.963333129882812,23.0,22.67333221435547,22.746667861938477,22.34905242919922,117900
2020-01-28,23.023332595825195,23.253332138061523,22.873332977294922,23.206666946411133,22.80101203918457,45900
2020-01-29,23.260000228881836,23.333332061767578,22.92333221435547,22.97333335876465,22.57175636291504,76500
2020-01-30,22.8799991607666,23.136667251586914,22.586666107177734,23.00666618347168,22.604501724243164,97200
2020-01-31,22.829999923706055,22.829999923706055,22.040000915527344,22.149999618530273,21.762815475463867,116100
2020-02-03,22.196666717529297,22.459999084472656,22.196666717529297,22.406667709350586,22.01499366760254,213000
2020-02-04,22.969999313354492,23.149999618530273,22.8700008392334,23.1299991607666,22.725685119628906,696600
2020-02-05,23.543333053588867,23.6299991607666,23.219999313354492,23.559999465942383,23.14816665649414,205200
2020-02-06,23.656667709350586,23.656667709350586,23.333332061767578,23.510000228881836,23.099044799804688,79200
2020-02-07,23.373332977294922,23.389999389648438,23.110000610351562,23.113332748413086,22.709308624267578,123600
2020-02-10,22.956666946411133,23.463333129882812,22.916667938232422,23.463333129882812,23.053192138671875,75300
2020-02-11,23.75666618347168,24.166667938232422,23.75666618347168,24.010000228881836,23.590301513671875,90600
2020-02-12,24.286666870117188,24.426666259765625,24.206666946411133,24.413333892822266,23.986587524414062,144000
2020-02-13,24.280000686645508,24.583332061767578,24.163333892822266,24.389999389648438,23.96366310119629,125400
2020-02-14,24.51333236694336,24.623332977294922,24.1200008392334,24.239999771118164,23.816282272338867,76200
2020-02-18,23.866666793823242,23.963333129882812,23.72333335876465,23.866666793823242,23.4494686126709,144000
2020-02-19,24.110000610351562,24.46666717529297,24.110000610351562,24.440000534057617,24.01278305053711,99900
2020-02-20,24.44333267211914,24.44333267211914,23.633333206176758,24.143333435058594,23.721303939819336,64800
2020-02-21,24.016666412353516,24.016666412353516,23.23666763305664,23.35333251953125,22.94511604309082,100800
2020-02-24,22.213333129882812,22.503332138061523,21.969999313354492,22.176666259765625,21.78901481628418,282900
2020-02-25,22.406667709350586,22.406667709350586,21.3700008392334,21.433332443237305,21.05866813659668,144600
2020-02-26,21.49333381652832,21.92333221435547,21.316667556762695,21.42333221435547,21.048851013183594,185400
2020-02-27,20.68666648864746,21.15333366394043,20.266666412353516,20.489999771118164,20.131826400756836,181800
2020-02-28,19.59666633605957,20.899999618530273,19.50666618347168,20.899999618530273,20.53466796875,192900
2020-03-02,21.30666732788086,21.503332138061523,20.59000015258789,21.503332138061523,21.12744903564453,126000
2020-03-03,21.65333366394043,21.946666717529297,20.690000534057617,20.883333206176758,20.518287658691406,500100
2020-03-04,21.329999923706055,21.803333282470703,21.06333351135254,21.799999237060547,21.418933868408203,73800
2020-03-05,21.18000030517578,21.59666633605957,20.92333221435547,21.113332748413086,20.744264602661133,74100
2020-03-06,20.40999984741211,20.709999084472656,19.983333587646484,20.483333587646484,20.125282287597656,132000
2020-03-09,18.583332061767578,19.616666793823242,18.56333351135254,18.666667938232422,18.340368270874023,196500
2020-03-10,19.503332138061523,19.856666564941406,18.82666778564453,19.856666564941406,19.50957489013672,63600
2020-03-11,19.23666763305664,19.43000030517578,18.623332977294922,18.81333351135254,18.484477996826172,95700
2020-03-12,17.366666793823242,18.07666778564453,16.293333053588867,16.709999084472656,16.417905807495117,600900
2020-03-13,17.606666564941406,18.329999923706055,16.799999237060547,18.329999923706055,18.009586334228516,119400
2020-03-16,16.133333206176758,17.28333282470703,15.673333168029785,15.796667098999023,15.520540237426758,108300
2020-03-17,16.27666664123535,17.336666107177734,15.523332595825195,17.27666664123535,16.97466468811035,145500
2020-03-18,16.176666259765625,16.71666717529297,14.893333435058594,15.563332557678223,15.291285514831543,160200
2020-03-19,15.433333396911621,16.386667251586914,15.029999732971191,16.016666412353516,15.7366943359375,92400
2020-03-20,16.583332061767578,16.863332748413086,15.476667404174805,15.49666690826416,15.22578239440918,164400
2020-03-23,15.563332557678223,16.136667251586914,15.263333320617676,15.99666690826416,15.734301567077637,187500
2020-03-24,17.023332595825195,17.799999237060547,17.023332595825195,17.706666946411133,17.416259765625,140100
2020-03-25,17.913333892822266,18.49333381652832,17.209999084472656,17.663333892822266,17.373634338378906,188100
2020-03-26,18.043333053588867,18.92333221435547,18.02666664123535,18.90999984741211,18.599851608276367,201900
2020-03-27,18.32666778564453,18.549999237060547,17.97333335876465,17.97333335876465,17.678552627563477,119400
2020-03-30,18.19333267211914,18.68000030517578,18.086666107177734,18.566667556762695,18.262149810791016,84000
2020-03-31,18.59666633605957,18.76333236694336,18.0,18.113332748413086,17.816253662109375,118200
2020-04-01,17.586666107177734,17.953332901000977,17.0,17.19333267211914,16.911338806152344,110700
2020-04-02,17.06999969482422,17.546667098999023,17.06999969482422,17.510000228881836,17.222816467285156,487500
2020-04-03,17.463333129882812,17.623332977294922,16.866666793823242,17.17333221435547,16.89167022705078,41400
2020-04-06,17.889999389648438,19.15333366394043,17.889999389648438,19.133333206176758,18.819530487060547,110400
2020-04-07,19.959999084472656,19.959999084472656,19.126667022705078,19.156667709350586,18.84248161315918,151500
2020-04-08,19.48666763305664,19.860000610351562,19.280000686645508,19.76333236694336,19.439191818237305,72900
2020-04-09,20.053333282470703,20.303333282470703,19.31999969482422,19.456666946411133,19.137556076049805,151800
2020-04-13,19.34000015258789,19.606666564941406,19.25,19.606666564941406,19.285097122192383,65400
2020-04-14,20.093332290649414,20.476667404174805,20.093332290649414,20.463333129882812,20.12771224975586,63000
2020-04-15,19.99333381652832,20.00666618347168,19.610000610351562,19.889999389648438,19.56378173828125,101400
2020-04-16,20.246667861938477,20.446666717529297,19.976667404174805,20.433332443237305,20.09819984436035,169500
2020-04-17,20.843332290649414,20.886667251586914,20.360000610351562,20.586666107177734,20.249019622802734,75300
2020-04-20,20.333332061767578,20.606666564941406,20.15999984741211,20.163333892822266,19.832630157470703,107700
2020-04-21,19.76333236694336,19.816667556762695,19.116666793823242,19.149999618530273,18.835918426513672,121800
2020-04-22,19.799999237060547,20.360000610351562,19.663333892822266,20.280000686645508,19.947389602661133,135300
2020-04-23,20.336666107177734,20.479999542236328,20.113332748413086,20.136667251586914,19.80640411376953,84600
2020-04-24,20.07666778564453,20.536666870117188,19.933332443237305,20.50666618347168,20.170331954956055,78600
2020-04-27,20.726667404174805,21.113332748413086,20.726667404174805,20.93000030517578,20.586721420288086,58500
2020-04-28,21.343332290649414,21.343332290649414,20.873332977294922,20.873332977294922,20.530986785888672,39900
2020-04-29,21.343332290649414,22.17333221435547,21.270000457763672,22.126667022705078,21.763765335083008,160200
2020-04-30,22.066667556762695,22.066667556762695,21.219999313354492,21.219999313354492,20.871965408325195,51900
2020-05-01,20.606666564941406,20.65333366394043,19.893333435058594,20.010000228881836,19.68181037902832,69000
2020-05-04,19.78333282470703,20.213333129882812,19.75,20.203332901000977,19.871973037719727,50700
2020-05-05,20.549999237060547,21.079999923706055,20.476667404174805,20.59666633605957,20.25885581970215,60000
2020-05-06,20.833332061767578,21.25666618347168,20.81999969482422,20.93666648864746,20.59328269958496,46500
2020-05-07,21.253332138061523,21.503332138061523,21.183332443237305,21.31333351135254,20.96377182006836,53700
2020-05-08,21.623332977294922,22.093332290649414,21.623332977294922,22.09000015258789,21.72770118713379,67500
2020-05-11,21.93666648864746,22.366666793823242,21.74333381652832,22.200000762939453,21.835891723632812,58200
2020-05-12,22.383333206176758,22.43000030517578,21.593332290649414,21.593332290649414,21.239173889160156,49200
2020-05-13,21.453332901000977,21.676666259765625,20.703332901000977,20.996667861938477,20.652297973632812,85200
2020-05-14,20.809999465942383,21.65999984741211,20.48666763305664,21.65999984741211,21.30475425720215,84300
2020-05-15,20.950000762939453,21.229999542236328,20.81999969482422,21.15333366394043,20.806400299072266,53400
2020-05-18,21.709999084472656,22.299999237060547,21.709999084472656,22.273332595825195,21.908023834228516,60900
2020-05-19,22.290000915527344,22.8700008392334,22.290000915527344,22.333332061767578,21.967039108276367,99600
2020-05-20,22.796667098999023,23.110000610351562,22.683332443237305,22.82666778564453,22.452287673950195,99900
2020-05-21,22.863332748413086,22.940000534057617,22.27666664123535,22.27666664123535,21.911304473876953,35700
2020-05-22,22.3799991607666,22.413333892822266,22.133333206176758,22.399999618530273,22.032609939575195,25800
2020-05-26,23.059999465942383,23.23666763305664,22.75666618347168,22.780000686645508,22.406387329101562,48600
2020-05-27,22.90333366394043,23.023332595825195,21.979999542236328,23.023332595825195,22.645721435546875,36300
2020-05-28,22.93000030517578,23.196666717529297,22.336666107177734,22.40999984741211,22.042455673217773,91500
2020-05-29,22.549999237060547,22.97333335876465,22.360000610351562,22.97333335876465,22.596540451049805,93600
2020-06-01,22.84666633605957,23.1200008392334,22.790000915527344,22.89666748046875,22.521135330200195,281700
2020-06-02,22.963333129882812,23.17333221435547,22.68666648864746,23.17333221435547,22.793264389038086,367500
2020-06-03,23.333332061767578,23.946666717529297,23.333332061767578,23.823333740234375,23.432605743408203,95100
2020-06-04,23.706666946411133,24.18000030517578,23.690000534057617,24.05666732788086,23.662111282348633,61800
2020-06-05,24.593332290649414,25.030000686645508,24.543333053588867,24.796667098999023,24.389972686767578,106200
2020-06-08,24.920000076293945,24.920000076293945,24.393333435058594,24.549999237060547,24.14735221862793,125100
2020-06-09,24.333332061767578,24.833332061767578,24.213333129882812,24.666667938232422,24.262104034423828,74400
2020-06-10,24.84666633605957,24.84666633605957,24.610000610351562,24.639999389648438,24.23587417602539,73500
2020-06-11,23.8700008392334,23.933332443237305,22.803333282470703,22.803333282470703,22.42933464050293,115500
2020-06-12,23.56999969482422,23.656667709350586,22.57666778564453,23.15999984741211,22.780147552490234,95700
2020-06-15,22.593332290649414,23.59666633605957,22.573333740234375,23.546667098999023,23.16047477722168,57300
2020-06-16,24.30666732788086,24.5,23.816667556762695,24.086666107177734,23.691617965698242,84300
2020-06-17,24.360000610351562,24.593332290649414,24.24333381652832,24.386667251586914,23.986698150634766,93300
2020-06-18,24.30666732788086,24.40333366394043,24.1299991607666,24.226667404174805,23.829326629638672,63900
2020-06-19,24.516666412353516,24.670000076293945,24.046667098999023,24.086666107177734,23.691617965698242,93900
2020-06-22,24.06999969482422,24.286666870117188,23.676666259765625,24.229999542236328,23.86099624633789,122100
2020-06-23,24.47333335876465,24.50666618347168,24.229999542236328,24.239999771118164,23.870849609375,85800
2020-06-24,24.106666564941406,24.213333129882812,23.53333282470703,23.733333587646484,23.37189483642578,62700
2020-06-25,23.676666259765625,24.023332595825195,23.30666732788086,24.00666618347168,23.64106559753418,68100
2020-06-26,24.00666618347168,24.00666618347168,23.406667709350586,23.433332443237305,23.076461791992188,66900
2020-06-29,23.489999771118164,23.60333251953125,23.086666107177734,23.593332290649414,23.234033584594727,45300
2020-06-30,23.75,24.43666648864746,23.75,24.363332748413086,23.992311477661133,72600
2020-07-01,24.360000610351562,24.360000610351562,24.016666412353516,24.016666412353516,23.650915145874023,171000
2020-07-02,24.426666259765625,24.690000534057617,24.343332290649414,24.446666717529297,24.074369430541992,282900
2020-07-06,24.946666717529297,25.28333282470703,24.946666717529297,25.190000534057617,24.806385040283203,131700
2020-07-07,25.023332595825195,25.293333053588867,24.729999542236328,24.729999542236328,24.35338020324707,89100
2020-07-08,25.149999618530273,25.23666763305664,24.883333206176758,25.23666763305664,24.852336883544922,132000
2020-07-09,25.30666732788086,25.713333129882812,24.99333381652832,25.583332061767578,25.1937198638916,65400
2020-07-10,25.44333267211914,25.44333267211914,25.15333366394043,25.35333251953125,24.967222213745117,59700
2020-07-13,25.770000457763672,26.03333282470703,24.893333435058594,24.893333435058594,24.51423454284668,61200
2020-07-14,24.67333221435547,25.343332290649414,24.389999389648438,25.34000015258789,24.954097747802734,48600
2020-07-15,25.546667098999023,25.546667098999023,24.84000015258789,25.219999313354492,24.835920333862305,235500
2020-07-16,24.956666946411133,25.059999465942383,24.809999465942383,25.059999465942383,24.67835807800293,38700
2020-07-17,25.226667404174805,25.43000030517578,25.100000381469727,25.316667556762695,24.931116104125977,54000
2020-07-20,25.43000030517578,25.989999771118164,25.30666732788086,25.959999084472656,25.564651489257812,44400
2020-07-21,26.25,26.25,25.75,25.843332290649414,25.44976234436035,62700
2020-07-22,25.8799991607666,26.110000610351562,25.770000457763672,25.98666763305664,25.590911865234375,68700
2020-07-23,26.06999969482422,26.450000762939453,25.600000381469727,25.81333351135254,25.42022132873535,40200
2020-07-24,25.356666564941406,25.51333236694336,24.860000610351562,25.27666664123535,24.891727447509766,54000
2020-07-27,25.536666870117188,26.09666633605957,25.489999771118164,26.066667556762695,25.669700622558594,211800
2020-07-28,25.979999542236328,25.979999542236328,25.600000381469727,25.623332977294922,25.233112335205078,73500
2020-07-29,25.946666717529297,26.31333351135254,25.8799991607666,26.203332901000977,25.80428123474121,51900
2020-07-30,26.28333282470703,27.143333435058594,26.28333282470703,27.136667251586914,26.723400115966797,87300
2020-07-31,27.25666618347168,27.25666618347168,26.59666633605957,27.016666412353516,26.605228424072266,99900
2020-08-03,27.206666946411133,27.790000915527344,27.206666946411133,27.74333381652832,27.320829391479492,151500
2020-08-04,27.74333381652832,27.90333366394043,27.633333206176758,27.90333366394043,27.4783935546875,71700
2020-08-05,28.02666664123535,28.02666664123535,27.55666732788086,27.780000686645508,27.35693359375,69300
2020-08-06,27.75,27.770000457763672,27.516666412353516,27.71666717529297,27.294567108154297,122100
2020-08-07,27.68666648864746,27.68666648864746,26.90333366394043,27.24333381652832,26.82844352722168,67200
2020-08-10,27.309999465942383,27.309999465942383,26.74333381652832,27.046667098999023,26.63477325439453,34800
2020-08-11,27.0,27.200000762939453,26.606666564941406,26.64666748046875,26.240861892700195,41400
2020-08-12,26.899999618530273,27.733333587646484,26.836666107177734,27.69333267211914,27.271589279174805,320700
2020-08-13,27.770000457763672,27.770000457763672,27.270000457763672,27.399999618530273,26.982723236083984,75900
2020-08-14,27.536666870117188,27.706666946411133,27.266666412353516,27.376667022705078,26.959747314453125,62400
2020-08-17,27.666667938232422,27.860000610351562,27.59666633605957,27.729999542236328,27.30769920349121,78900
2020-08-18,27.809999465942383,27.809999465942383,27.316667556762695,27.40333366394043,26.986013412475586,39900
2020-08-19,27.496667861938477,27.496667861938477,27.03333282470703,27.066667556762695,26.654470443725586,48000
2020-08-20,26.92333221435547,26.92333221435547,26.626667022705078,26.726667404174805,26.31964683532715,48600
2020-08-21,26.739999771118164,26.739999771118164,26.50666618347168,26.726667404174805,26.31964683532715,25500
2020-08-24,26.96666717529297,27.136667251586914,26.75,26.92333221435547,26.513317108154297,131400
2020-08-25,26.98666763305664,27.21666717529297,26.96666717529297,27.203332901000977,26.789051055908203,23700
2020-08-26,27.40333366394043,27.40333366394043,27.049999237060547,27.200000762939453,26.7857666015625,59400
2020-08-27,27.226667404174805,27.226667404174805,26.40333366394043,26.540000915527344,26.135820388793945,90000
2020-08-28,26.633333206176758,27.05666732788086,26.566667556762695,27.05666732788086,26.64461898803711,48900
2020-08-31,27.09000015258789,27.09000015258789,26.733333587646484,26.856666564941406,26.447664260864258,50700
2020-09-01,26.979999542236328,27.31999969482422,26.886667251586914,27.31999969482422,26.903940200805664,49800
2020-09-02,27.579999923706055,28.18000030517578,27.363332748413086,28.10333251953125,27.67534828186035,118500
2020-09-03,27.75,27.75,26.066667556762695,26.226667404174805,25.827260971069336,186600
2020-09-04,25.98666763305664,26.196666717529297,24.69333267211914,25.709999084472656,25.31846046447754,151800
2020-09-08,24.579999923706055,24.666667938232422,23.983333587646484,23.983333587646484,23.61808967590332,156000
2020-09-09,24.593332290649414,24.700000762939453,24.24333381652832,24.46666717529297,24.094064712524414,178500
2020-09-10,24.706666946411133,24.80666732788086,24.100000381469727,24.163333892822266,23.79534912109375,48000
2020-09-11,24.296667098999023,24.55666732788086,23.8799991607666,24.023332595825195,23.657482147216797,101100
2020-09-14,24.46666717529297,24.873332977294922,24.46666717529297,24.803333282470703,24.425600051879883,41100
2020-09-15,25.163333892822266,25.219999313354492,25.0,25.09666633605957,24.714462280273438,36000
2020-09-16,25.200000762939453,25.383333206176758,24.950000762939453,24.98666763305664,24.60614585876465,101100
2020-09-17,24.336666107177734,24.926666259765625,24.336666107177734,24.90333366394043,24.524080276489258,28200
2020-09-18,25.156667709350586,25.15999984741211,24.3799991607666,24.753332138061523,24.37636375427246,36000
2020-09-21,24.18666648864746,24.73666763305664,24.15999984741211,24.73666763305664,24.379980087280273,34800
2020-09-22,24.856666564941406,24.976667404174805,24.456666946411133,24.976667404174805,24.616518020629883,23100
2020-09-23,25.043333053588867,25.046667098999023,24.27666664123535,24.296667098999023,23.946325302124023,57600
2020-09-24,24.1200008392334,24.96666717529297,24.003332138061523,24.6200008392334,24.264995574951172,62400
2020-09-25,24.676666259765625,25.003332138061523,24.299999237060547,24.90999984741211,24.550811767578125,42900
2020-09-28,25.343332290649414,25.606666564941406,25.26333236694336,25.59666633605957,25.227577209472656,38100
2020-09-29,25.523332595825195,25.96666717529297,25.523332595825195,25.82666778564453,25.454259872436523,65100
2020-09-30,25.829999923706055,26.086666107177734,25.780000686645508,25.80666732788086,25.434547424316406,41100
2020-10-01,26.25666618347168,26.56999969482422,26.14666748046875,26.503332138061523,26.12116813659668,45900
2020-10-02,25.8799991607666,26.136667251586914,25.670000076293945,25.69333267211914,25.32284927368164,64500
2020-10-05,25.963333129882812,26.543333053588867,25.963333129882812,26.543333053588867,26.160593032836914,61200
2020-10-06,26.51333236694336,27.14666748046875,26.393333435058594,26.463333129882812,26.08174705505371,67200
2020-10-07,26.770000457763672,27.02666664123535,26.770000457763672,26.959999084472656,26.571252822875977,51300
2020-10-08,27.200000762939453,27.406667709350586,27.149999618530273,27.406667709350586,27.011476516723633,40500
2020-10-09,27.700000762939453,28.100000381469727,27.700000762939453,28.059999465942383,27.65538787841797,80100
2020-10-12,28.49333381652832,28.536666870117188,28.31999969482422,28.450000762939453,28.03976821899414,76500
2020-10-13,28.456666946411133,28.583332061767578,28.28333282470703,28.47333335876465,28.062761306762695,39300
2020-10-14,28.613332748413086,28.613332748413086,27.979999542236328,28.139999389648438,27.734235763549805,101100
2020-10-15,27.626667022705078,28.143333435058594,27.520000457763672,28.083332061767578,27.678388595581055,40200
2020-10-16,28.34000015258789,28.34000015258789,27.823333740234375,27.823333740234375,27.422134399414062,23700
2020-10-19,28.01333236694336,28.170000076293945,27.65999984741211,27.65999984741211,27.261157989501953,31800
2020-10-20,27.84000015258789,27.96666717529297,27.626667022705078,27.729999542236328,27.33014678955078,27300
2020-10-21,27.873332977294922,27.873332977294922,27.416667938232422,27.416667938232422,27.021333694458008,39300
2020-10-22,27.51333236694336,27.56999969482422,27.166667938232422,27.46666717529297,27.07061195373535,65700
2020-10-23,27.520000457763672,27.65999984741211,27.376667022705078,27.586666107177734,27.18888282775879,43800
2020-10-26,27.299999237060547,27.523332595825195,26.729999542236328,27.030000686645508,26.640247344970703,36900
2020-10-27,27.18000030517578,27.18000030517578,26.696666717529297,26.780000686645508,26.393844604492188,25800
2020-10-28,26.32666778564453,26.503332138061523,25.906667709350586,25.906667709350586,25.533105850219727,96900
2020-10-29,26.25,27.31999969482422,26.206666946411133,27.166667938232422,26.77494239807129,41100
2020-10-30,26.873332977294922,26.873332977294922,26.503332138061523,26.75666618347168,26.370849609375,46200
2020-11-02,26.946666717529297,27.176666259765625,26.713333129882812,26.98666763305664,26.597532272338867,29700
2020-11-03,27.25,27.860000610351562,27.24333381652832,27.82666778564453,27.425418853759766,74100
2020-11-04,28.43666648864746,28.989999771118164,28.0,28.920000076293945,28.50298500061035,64200
2020-11-05,29.626667022705078,30.133333206176758,29.530000686645508,30.1200008392334,29.685688018798828,111000
2020-11-06,30.043333053588867,30.739999771118164,29.946666717529297,30.690000534057617,30.247465133666992,43500
2020-11-09,31.606666564941406,31.703332901000977,30.47333335876465,30.48666763305664,30.047061920166016,77100
2020-11-10,30.26333236694336,30.266666412353516,29.573333740234375,29.639999389648438,29.212608337402344,54600
2020-11-11,30.043333053588867,30.760000228881836,30.043333053588867,30.696666717529297,30.2540340423584,38400
2020-11-12,30.793333053588867,30.793333053588867,30.24333381652832,30.333332061767578,29.89594268798828,42600
2020-11-13,30.739999771118164,31.059999465942383,30.51333236694336,30.706666946411133,30.263891220092773,38400
2020-11-16,30.963333129882812,31.406667709350586,30.866666793823242,31.393333435058594,30.94066047668457,48300
2020-11-17,31.399999618530273,31.399999618530273,31.016666412353516,31.22333335876465,30.77311134338379,39900
2020-11-18,31.389999389648438,31.416667938232422,30.933332443237305,30.933332443237305,30.487287521362305,38400
2020-11-19,30.906667709350586,31.413333892822266,30.773332595825195,31.413333892822266,30.960369110107422,29100
2020-11-20,31.503332138061523,31.796667098999023,31.406667709350586,31.406667709350586,30.953798294067383,58500
2020-11-23,31.600000381469727,31.90999984741211,31.3799991607666,31.8799991607666,31.42030906677246,45600
2020-11-24,32.223331451416016,32.223331451416016,31.663333892822266,32.03333282470703,31.57142448425293,50700
2020-11-25,32.10333251953125,32.10333251953125,31.6299991607666,31.81999969482422,31.361169815063477,66000
2020-11-27,32.11000061035156,32.47999954223633,32.11000061035156,32.38666534423828,31.9196720123291,22200
2020-11-30,32.53666687011719,32.56999969482422,31.856666564941406,32.52000045776367,32.05107879638672,55800
2020-12-01,32.96333312988281,33.279998779296875,32.643333435058594,33.17333221435547,32.69499588012695,182100
2020-12-02,33.18333435058594,33.40666580200195,33.003334045410156,33.310001373291016,32.829689025878906,268200
2020-12-03,33.473331451416016,33.81999969482422,33.439998626708984,33.44333267211914,32.96109390258789,68400
2020-12-04,33.733333587646484,34.560001373291016,33.56666564941406,34.540000915527344,34.04195022583008,57300
2020-12-07,34.810001373291016,34.926666259765625,34.36333465576172,34.92333221435547,34.41975021362305,72900
2020-12-08,34.95000076293945,35.20000076293945,34.81999969482422,35.073333740234375,34.567588806152344,66000
2020-12-09,35.133331298828125,35.133331298828125,33.54666519165039,33.74333190917969,33.25676345825195,87000
2020-12-10,33.526668548583984,33.983333587646484,33.28666687011719,33.78333282470703,33.29619216918945,69300
2020-12-11,33.39666748046875,33.84000015258789,33.19333267211914,33.496665954589844,33.01365280151367,86700
2020-12-14,33.926666259765625,34.1966667175293,33.86333465576172,34.08333206176758,33.59185791015625,66600
2020-12-15,34.48666763305664,34.66666793823242,34.456668853759766,34.56999969482422,34.07151794433594,49200
2020-12-16,34.70333480834961,34.91666793823242,34.186668395996094,34.47666549682617,33.97952651977539,65700
2020-12-17,34.779998779296875,34.779998779296875,34.483333587646484,34.62333297729492,34.124088287353516,30900
2020-12-18,34.79999923706055,35.0,34.439998626708984,34.540000915527344,34.04195022583008,54300
2020-12-21,33.99333190917969,34.473331451416016,33.99333190917969,34.40666580200195,33.91642379760742,39000
2020-12-22,34.643333435058594,34.643333435058594,34.22999954223633,34.40999984741211,33.919715881347656,83100
2020-12-23,34.48666763305664,34.48666763305664,34.143333435058594,34.143333435058594,33.6568489074707,21900
2020-12-24,34.21666717529297,34.39666748046875,34.08333206176758,34.38999938964844,33.89999771118164,37500
2020-12-28,34.83000183105469,34.849998474121094,34.439998626708984,34.456668853759766,33.965721130371094,124800
2020-12-29,34.62333297729492,34.62333297729492,33.66666793823242,33.87666702270508,33.393985748291016,59400
2020-12-30,34.16999816894531,34.959999084472656,34.16999816894531,34.893333435058594,34.39616394042969,104100
2020-12-31,34.84333419799805,35.00666809082031,34.63666534423828,34.97666549682617,34.478309631347656,46800
2021-01-04,35.29999923706055,36.01333236694336,34.58333206176758,34.97999954223633,34.48159408569336,166500
2021-01-05,34.880001068115234,35.776668548583984,34.880001068115234,35.776668548583984,35.26690673828125,391500
2021-01-06,35.52000045776367,36.54666519165039,35.50666809082031,35.95000076293945,35.437774658203125,127800
2021-01-07,36.56666564941406,37.470001220703125,36.56666564941406,37.40999984741211,36.876976013183594,82200
2021-01-08,38.09000015258789,38.119998931884766,37.0533332824707,37.400001525878906,36.867122650146484,121200
2021-01-11,37.25,38.35333251953125,37.0,38.186668395996094,37.6425666809082,1738200
2021-01-12,38.529998779296875,38.86333465576172,38.18333435058594,38.63666534423828,38.08616638183594,210000
2021-01-13,38.66666793823242,38.70000076293945,38.09000015258789,38.279998779296875,37.73456954956055,135900
2021-01-14,38.66999816894531,39.69333267211914,38.66666793823242,39.34000015258789,38.77946853637695,148500
2021-01-15,39.33000183105469,39.33000183105469,38.2599983215332,38.56999969482422,38.020450592041016,112800
2021-01-19,39.223331451416016,40.313331604003906,39.223331451416016,40.2599983215332,39.686363220214844,177000
2021-01-20,40.81999969482422,40.94333267211914,39.973331451416016,40.163333892822266,39.59107971191406,176100
2021-01-21,40.496665954589844,40.5099983215332,39.71333312988281,40.32666778564453,39.752079010009766,189600
2021-01-22,40.220001220703125,40.413333892822266,39.9033317565918,40.163333892822266,39.59107971191406,144300
2021-01-25,40.676666259765625,40.793331146240234,39.46666717529297,39.849998474121094,39.282203674316406,190200
2021-01-26,40.086666107177734,40.086666107177734,38.94333267211914,38.973331451416016,38.41803741455078,113100
2021-01-27,38.186668395996094,38.25,36.54666519165039,36.64666748046875,36.12451934814453,222300
2021-01-28,37.38666534423828,37.70333480834961,36.78666687011719,37.143333435058594,36.61410903930664,110100
2021-01-29,37.36333465576172,37.439998626708984,36.233333587646484,36.38666534423828,35.86821365356445,131700
2021-02-01,37.073333740234375,38.07666778564453,36.900001525878906,37.98666763305664,37.4454231262207,179700
2021-02-02,38.70000076293945,38.80666732788086,38.13666534423828,38.65666580200195,38.105873107910156,197400
2021-02-03,38.90999984741211,38.90999984741211,37.68333435058594,37.779998779296875,37.24169921875,150900
2021-02-04,37.82666778564453,38.470001220703125,37.58333206176758,38.470001220703125,37.92186737060547,135300
2021-02-05,38.86333465576172,38.86333465576172,38.19333267211914,38.266666412353516,37.721431732177734,202200
2021-02-08,38.663333892822266,39.58333206176758,38.61333465576172,39.58333206176758,39.01934051513672,182100
2021-02-09,39.560001373291016,39.733333587646484,39.12333297729492,39.62666702270508,39.06205368041992,105900
2021-02-10,39.93000030517578,39.9466667175293,39.0966682434082,39.436668395996094,38.87477111816406,183900
2021-02-11,39.956668853759766,41.290000915527344,39.956668853759766,41.290000915527344,40.70168685913086,202800
2021-02-12,41.223331451416016,42.356666564941406,40.96333312988281,42.356666564941406,41.75315856933594,359700
2021-02-16,43.073333740234375,43.483333587646484,42.706668853759766,42.83333206176758,42.22303009033203,420300
2021-02-17,42.439998626708984,42.439998626708984,40.7599983215332,41.82666778564453,41.230712890625,356100
2021-02-18,41.206668853759766,41.29666519165039,40.2400016784668,40.80666732788086,40.225242614746094,168300
2021-02-19,41.53333282470703,42.233333587646484,41.473331451416016,41.96666717529297,41.368717193603516,279900
2021-02-22,41.58000183105469,41.7400016784668,40.01333236694336,40.26333236694336,39.68965148925781,267600
2021-02-23,39.37333297729492,40.27000045776367,37.883331298828125,39.983333587646484,39.41363525390625,276600
2021-02-24,39.88666534423828,41.82666778564453,39.46666717529297,41.82666778564453,41.230712890625,244200
2021-02-25,41.37666702270508,41.42333221435547,38.60333251953125,38.78333282470703,38.230735778808594,284700
2021-02-26,39.3466682434082,39.996665954589844,38.35333251953125,39.5533332824707,38.98977279663086,197100
2021-03-01,40.44333267211914,41.34000015258789,40.11333465576172,41.34000015258789,40.75098419189453,257100
2021-03-02,41.46666717529297,41.46666717529297,39.59333419799805,39.59333419799805,39.02920150756836,240600
2021-03-03,39.650001525878906,39.81999969482422,38.4033317565918,38.57666778564453,38.02702713012695,428100
2021-03-04,38.33333206176758,38.47999954223633,35.900001525878906,36.473331451416016,35.953651428222656,310200
2021-03-05,37.0966682434082,37.526668548583984,35.18333435058594,37.4900016784668,36.95582580566406,278400
2021-03-08,37.47999954223633,37.72999954223633,35.59333419799805,35.59333419799805,35.08620071411133,186000
2021-03-09,36.856666564941406,38.20333480834961,36.85333251953125,37.913333892822266,37.373130798339844,298800
2021-03-10,38.400001525878906,38.54666519165039,37.233333587646484,37.233333587646484,36.70282745361328,182100
2021-03-11,38.15666580200195,39.029998779296875,38.15666580200195,38.91999816894531,38.36546325683594,204600
2021-03-12,38.37333297729492,38.69333267211914,37.91999816894531,38.62666702270508,38.0763053894043,137100
2021-03-15,38.900001525878906,39.529998779296875,38.59000015258789,39.50666809082031,38.94376754760742,109800
2021-03-16,40.0,40.66666793823242,39.77000045776367,40.029998779296875,39.45964050292969,236100
2021-03-17,39.349998474121094,40.709999084472656,39.099998474121094,40.41666793823242,39.84080123901367,189900
2021-03-18,39.766666412353516,39.91999816894531,38.66666793823242,38.66999816894531,38.1190185546875,194100
2021-03-19,38.96666717529297,39.46666717529297,38.30666732788086,39.18333435058594,38.625038146972656,201600
2021-03-22,39.869998931884766,40.25,39.276668548583984,39.78666687011719,39.227783203125,313800
2021-03-23,39.96666717529297,39.96666717529297,38.1533317565918,38.35333251953125,37.81458282470703,164400
2021-03-24,39.040000915527344,39.28666687011719,37.88999938964844,37.88999938964844,37.35776138305664,216300
2021-03-25,37.25,38.03333282470703,36.71666717529297,37.93000030517578,37.39719009399414,225900
2021-03-26,38.04999923706055,39.793331146240234,38.00666809082031,39.793331146240234,39.234352111816406,153300
2021-03-29,39.630001068115234,39.630001068115234,38.473331451416016,38.856666564941406,38.310848236083984,92400
2021-03-30,38.779998779296875,38.996665954589844,38.44333267211914,38.8466682434082,38.30099105834961,66600
2021-03-31,39.413333892822266,40.369998931884766,39.413333892822266,40.13999938964844,39.57615661621094,365400
2021-04-01,40.96666717529297,42.04999923706055,40.96666717529297,42.04999923706055,41.459320068359375,492600
2021-04-05,42.733333587646484,43.18333435058594,42.28666687011719,43.03333282470703,42.428855895996094,582900
2021-04-06,42.836666107177734,43.06666564941406,42.12666702270508,42.53666687011719,41.93915557861328,526800
2021-04-07,42.68333435058594,42.68333435058594,41.90666580200195,42.22999954223633,41.63679504394531,155700
2021-04-08,42.77000045776367,42.77000045776367,42.29999923706055,42.650001525878906,42.0509033203125,212400
2021-04-09,42.37666702270508,42.400001525878906,42.02000045776367,42.313331604003906,41.718955993652344,156600
2021-04-12,42.209999084472656,42.209999084472656,41.47999954223633,41.9033317565918,41.3147087097168,155400
2021-04-13,42.21666717529297,42.27333450317383,41.28666687011719,41.64666748046875,41.0616569519043,181500
2021-04-14,41.52333450317383,42.08000183105469,41.18333435058594,41.366668701171875,40.785606384277344,245400
2021-04-15,41.91999816894531,42.00666809082031,41.40999984741211,41.89666748046875,41.30813980102539,186600
2021-04-16,42.133331298828125,42.133331298828125,41.76333236694336,41.883331298828125,41.29499435424805,138900
2021-04-19,41.69333267211914,41.76333236694336,40.29999923706055,40.81666564941406,40.243316650390625,169800
2021-04-20,40.706668853759766,40.779998779296875,39.76333236694336,39.96333312988281,39.4019660949707,257400
2021-04-21,39.939998626708984,41.38666534423828,39.893333435058594,41.38666534423828,40.8053092956543,249000
2021-04-22,41.36000061035156,41.36000061035156,40.27000045776367,40.4900016784668,39.921241760253906,156300
2021-04-23,40.8033332824707,41.90999984741211,40.8033332824707,41.77333450317383,41.18653869628906,210900
2021-04-26,41.96666717529297,42.689998626708984,41.83333206176758,42.586666107177734,41.98845291137695,246300
2021-04-27,42.86000061035156,42.86000061035156,42.106666564941406,42.25,41.65650939941406,168000
2021-04-28,42.323333740234375,42.37333297729492,41.58333206176758,41.599998474121094,41.0156364440918,150000
2021-04-29,42.246665954589844,42.31666564941406,41.01333236694336,41.56999969482422,40.98606491088867,153900
2021-04-30,40.96666717529297,41.186668395996094,40.26333236694336,40.369998931884766,39.80290985107422,110100
2021-05-03,40.77000045776367,40.77000045776367,39.643333435058594,39.813331604003906,39.254066467285156,242700
2021-05-04,39.349998474121094,39.436668395996094,38.29666519165039,38.913333892822266,38.36671829223633,299100
2021-05-05,39.29999923706055,39.54666519165039,38.866668701171875,39.15999984741211,38.609928131103516,130800
2021-05-06,39.05666732788086,39.05666732788086,38.3466682434082,39.05666732788086,38.50802993774414,141600
2021-05-07,39.46666717529297,40.04999923706055,39.369998931884766,39.913333892822266,39.35268020629883,224100
2021-05-10,39.5533332824707,39.5533332824707,37.86000061035156,37.86000061035156,37.328182220458984,330000
2021-05-11,36.71666717529297,38.06666564941406,36.49333190917969,38.01333236694336,37.479366302490234,286800
2021-05-12,37.1966667175293,37.47999954223633,36.17333221435547,36.266666412353516,35.75722885131836,404100
2021-05-13,36.81666564941406,37.459999084472656,36.560001373291016,36.83333206176758,36.31593322753906,131400
2021-05-14,37.456668853759766,38.23666763305664,37.02333450317383,37.95333480834961,37.42020034790039,178800
2021-05-17,37.573333740234375,37.69333267211914,36.86000061035156,37.69333267211914,37.16385269165039,835200
2021-05-18,37.883331298828125,38.11000061035156,37.400001525878906,37.42333221435547,36.897640228271484,324300
2021-05-19,36.62333297729492,38.38999938964844,36.616668701171875,38.34333419799805,37.80472946166992,166800
2021-05-20,38.76333236694336,39.689998626708984,38.746665954589844,39.540000915527344,38.98457717895508,263400
2021-05-21,39.880001068115234,39.880001068115234,39.14666748046875,39.2599983215332,38.70851135253906,107100
2021-05-24,39.66999816894531,40.5,39.543331146240234,40.31666564941406,39.75033950805664,203100
2021-05-25,40.66666793823242,40.89666748046875,40.279998779296875,40.43333435058594,39.8653678894043,243300
2021-05-26,40.58000183105469,40.81666564941406,40.27333450317383,40.67333221435547,40.10198974609375,93900
2021-05-27,40.5966682434082,41.209999084472656,40.5966682434082,41.143333435058594,40.56539535522461,129000
2021-05-28,41.32666778564453,41.599998474121094,41.16666793823242,41.413333892822266,40.83160400390625,96000
2021-06-01,41.7400016784668,42.063331604003906,41.119998931884766,41.34333419799805,40.76258850097656,161700
2021-06-02,41.33333206176758,41.599998474121094,41.22999954223633,41.483333587646484,40.90060806274414,155100
2021-06-03,41.10333251953125,41.10333251953125,40.529998779296875,40.689998626708984,40.1184196472168,93000
2021-06-04,41.086666107177734,41.72999954223633,41.08000183105469,41.686668395996094,41.1010856628418,118800
2021-06-07,41.59333419799805,41.59333419799805,41.143333435058594,41.36000061035156,40.77901840209961,84600
2021-06-08,41.779998779296875,41.779998779296875,40.83333206176758,41.16666793823242,40.588401794433594,207600
2021-06-09,41.473331451416016,41.473331451416016,40.936668395996094,40.970001220703125,40.39448928833008,94800
2021-06-10,41.163333892822266,41.526668548583984,40.893333435058594,41.336666107177734,40.756011962890625,89400
2021-06-11,41.400001525878906,41.63666534423828,41.246665954589844,41.61000061035156,41.0255126953125,69900
2021-06-14,41.706668853759766,42.15999984741211,41.43333435058594,42.02000045776367,41.429744720458984,101700
2021-06-15,42.016666412353516,42.209999084472656,41.62666702270508,41.689998626708984,41.104373931884766,70800
2021-06-16,41.723331451416016,41.88666534423828,41.07666778564453,41.37333297729492,40.79216766357422,78600
2021-06-17,41.26333236694336,41.779998779296875,41.016666412353516,41.483333587646484,40.90060806274414,83400
2021-06-18,40.97999954223633,40.97999954223633,39.88666534423828,40.1533317565918,39.589298248291016,163200
2021-06-21,40.21666717529297,40.47999954223633,39.8466682434082,40.4466667175293,39.9050178527832,89700
2021-06-22,40.459999084472656,40.73666763305664,40.223331451416016,40.65666580200195,40.11220169067383,109200
2021-06-23,40.81999969482422,41.00666809082031,40.720001220703125,40.79999923706055,40.25361633300781,115500
2021-06-24,41.15999984741211,41.79999923706055,41.15999984741211,41.75666809082031,41.197471618652344,192300
2021-06-25,41.82666778564453,42.04999923706055,41.62666702270508,41.70000076293945,41.14155578613281,144300
2021-06-28,42.043331146240234,42.66666793823242,42.043331146240234,42.53333282470703,41.9637336730957,112200
2021-06-29,42.57666778564453,42.79666519165039,42.33333206176758,42.720001220703125,42.14790725708008,138600
2021-06-30,42.746665954589844,42.856666564941406,42.48666763305664,42.793331146240234,42.22024917602539,330900
2021-07-01,42.6966667175293,42.6966667175293,41.89666748046875,41.97666549682617,41.414527893066406,156600
2021-07-02,42.31666564941406,42.31666564941406,41.793331146240234,41.96666717529297,41.404666900634766,74700
2021-07-06,42.06666564941406,42.08000183105469,41.086666107177734,41.66999816894531,41.11196517944336,112800
2021-07-07,42.05666732788086,42.05666732788086,40.856666564941406,40.9900016784668,40.44106674194336,198300
2021-07-08,40.04666519165039,40.686668395996094,39.616668701171875,40.3466682434082,39.80635452270508,122100
2021-07-09,40.630001068115234,41.266666412353516,40.27000045776367,41.21333312988281,40.661415100097656,192300
2021-07-12,41.28666687011719,41.61333465576172,41.21333312988281,41.61333465576172,41.05605697631836,43200
2021-07-13,41.5099983215332,41.5099983215332,41.21666717529297,41.279998779296875,40.72718811035156,54000
2021-07-14,41.66666793823242,42.133331298828125,41.02000045776367,41.043331146240234,40.49368667602539,74700
2021-07-15,41.0,41.0,40.0,40.29999923706055,39.76031494140625,111900
2021-07-16,40.563331604003906,40.66666793823242,39.36333465576172,39.37333297729492,38.84605407714844,60600
2021-07-19,38.84333419799805,39.34333419799805,38.516666412353516,39.26333236694336,38.73752212524414,111300
2021-07-20,39.5099983215332,40.393333435058594,39.14666748046875,40.176666259765625,39.63862609863281,81600
2021-07-21,40.37333297729492,41.42333221435547,40.36000061035156,41.42333221435547,40.86861038208008,132000
2021-07-22,41.17333221435547,41.253334045410156,40.723331451416016,40.95333480834961,40.40489959716797,60300
2021-07-23,41.1966667175293,41.279998779296875,40.706668853759766,41.253334045410156,40.70088195800781,36900
2021-07-26,41.099998474121094,41.38999938964844,40.98666763305664,41.20333480834961,40.65154266357422,69900
2021-07-27,41.05666732788086,41.08000183105469,39.456668853759766,40.349998474121094,39.80963897705078,65700
2021-07-28,40.68000030517578,41.56999969482422,40.543331146240234,41.37333297729492,40.81927490234375,76200
2021-07-29,41.39666748046875,42.16999816894531,41.39666748046875,42.106666564941406,41.54278564453125,84900
2021-07-30,41.6966667175293,42.65666580200195,41.6966667175293,42.619998931884766,42.04923629760742,66300
2021-08-02,43.01333236694336,43.606666564941406,42.84333419799805,42.913333892822266,42.33864212036133,140100
2021-08-03,43.08000183105469,43.10333251953125,42.30666732788086,43.03666687011719,42.4603271484375,265200
2021-08-04,43.099998474121094,43.733333587646484,43.099998474121094,43.54999923706055,42.966793060302734,87900
2021-08-05,43.643333435058594,43.883331298828125,43.33333206176758,43.470001220703125,42.88786315917969,90900
2021-08-06,43.349998474121094,43.869998931884766,43.349998474121094,43.73666763305664,43.15095520019531,102900
2021-08-09,43.856666564941406,43.96333312988281,43.46666717529297,43.733333587646484,43.14766311645508,135300
2021-08-10,43.880001068115234,43.880001068115234,42.91666793823242,43.150001525878906,42.5721435546875,361500
2021-08-11,43.336666107177734,43.46666717529297,42.459999084472656,42.99333190917969,42.41757583618164,144600
2021-08-12,42.77000045776367,42.77000045776367,42.01333236694336,42.163333892822266,41.59868621826172,101400
2021-08-13,42.19333267211914,42.393333435058594,42.0,42.27000045776367,41.70393371582031,72000
2021-08-16,42.029998779296875,42.28666687011719,41.93000030517578,42.150001525878906,41.585533142089844,60300
2021-08-17,41.75666809082031,41.75666809082031,40.79999923706055,41.22666549682617,40.67456817626953,71100
2021-08-18,41.223331451416016,41.496665954589844,40.76333236694336,40.80666732788086,40.260196685791016,36900
2021-08-19,40.393333435058594,41.040000915527344,40.246665954589844,40.86333465576172,40.316097259521484,268800
2021-08-20,41.06999969482422,41.16999816894531,40.599998474121094,40.996665954589844,40.447654724121094,65400
2021-08-23,41.29666519165039,41.996665954589844,41.29666519165039,41.996665954589844,41.43426513671875,72900
2021-08-24,42.223331451416016,42.40666580200195,42.06666564941406,42.20000076293945,41.634864807128906,43200
2021-08-25,42.29999923706055,42.8466682434082,42.29999923706055,42.560001373291016,41.990047454833984,72000
2021-08-26,42.436668395996094,42.75,42.28666687011719,42.503334045410156,41.93413162231445,56100
2021-08-27,42.560001373291016,43.84000015258789,42.560001373291016,43.74333190917969,43.157527923583984,86400
2021-08-30,44.0966682434082,44.220001220703125,43.64666748046875,43.936668395996094,43.348270416259766,74400
2021-08-31,44.0099983215332,44.0099983215332,43.206668853759766,43.543331146240234,42.96021270751953,95700
2021-09-01,43.823333740234375,43.823333740234375,43.28333282470703,43.28666687011719,42.70698165893555,55200
2021-09-02,43.599998474121094,43.810001373291016,43.37666702270508,43.77333450317383,43.1871337890625,80400
2021-09-03,43.83333206176758,44.14666748046875,43.83333206176758,44.060001373291016,43.4699592590332,49500
2021-09-07,44.15666580200195,44.163333892822266,43.77333450317383,44.060001373291016,43.4699592590332,106200
2021-09-08,43.81666564941406,43.81666564941406,43.0,43.253334045410156,42.67409133911133,66300
2021-09-09,43.22999954223633,43.900001525878906,43.063331604003906,43.586666107177734,43.002960205078125,52200
2021-09-10,44.08333206176758,44.663333892822266,43.87333297729492,43.88666534423828,43.2989501953125,105300
2021-09-13,44.356666564941406,44.48666763305664,43.90999984741211,44.47666549682617,43.88105392456055,62100
2021-09-14,44.62666702270508,45.016666412353516,44.439998626708984,44.70000076293945,44.101383209228516,71100
2021-09-15,44.779998779296875,45.04666519165039,44.16666793823242,45.02000045776367,44.4171028137207,57900
2021-09-16,44.81666564941406,45.313331604003906,44.55666732788086,45.16999816894531,44.56508255004883,64200
2021-09-17,45.13999938964844,45.13999938964844,44.20000076293945,44.50666809082031,43.910648345947266,121500
2021-09-20,43.48666763305664,43.62666702270508,42.85333251953125,43.47999954223633,42.89772415161133,144000
2021-09-21,43.7599983215332,43.823333740234375,43.0533332824707,43.619998931884766,43.035850524902344,83100
2021-09-22,43.983333587646484,44.720001220703125,43.73666763305664,44.61000061035156,44.012596130371094,93300
2021-09-23,44.9466667175293,45.58333206176758,44.793331146240234,45.48666763305664,44.877525329589844,109200
2021-09-24,45.16999816894531,45.563331604003906,45.073333740234375,45.38999938964844,44.78214645385742,72300
2021-09-27,45.063331604003906,45.43333435058594,44.663333892822266,45.30666732788086,44.699928283691406,259200
2021-09-28,44.619998931884766,44.619998931884766,43.426666259765625,43.496665954589844,42.91416931152344,215700
2021-09-29,43.64666748046875,43.64666748046875,42.39666748046875,42.560001373291016,41.990047454833984,140100
2021-09-30,42.926666259765625,43.28666687011719,42.52000045776367,42.52000045776367,41.950584411621094,141900
2021-10-01,42.776668548583984,43.0,41.866668701171875,42.67333221435547,42.10185241699219,65400
2021-10-04,42.526668548583984,42.526668548583984,41.25666809082031,41.45333480834961,40.898189544677734,770100
2021-10-05,41.68333435058594,42.24333190917969,41.59000015258789,41.970001220703125,41.40795135498047,143700
2021-10-06,41.6533317565918,41.94333267211914,41.33333206176758,41.810001373291016,41.25008773803711,115800
2021-10-07,42.349998474121094,42.80666732788086,42.313331604003906,42.36000061035156,41.792728424072266,110700
2021-10-08,42.71333312988281,42.71333312988281,41.78666687011719,41.823333740234375,41.263240814208984,91200
2021-10-11,41.733333587646484,42.246665954589844,41.51333236694336,41.633331298828125,41.07578659057617,115500
2021-10-12,41.82666778564453,41.97666549682617,40.900001525878906,41.03666687011719,40.48711395263672,121200
2021-10-13,41.456668853759766,41.47666549682617,40.90666580200195,40.9900016784668,40.44106674194336,354600
2021-10-14,41.81666564941406,42.20000076293945,41.686668395996094,42.18000030517578,41.61513900756836,152400
2021-10-15,42.59333419799805,42.5966682434082,42.29666519165039,42.35333251953125,41.7861442565918,97200
2021-10-18,42.15666580200195,42.663333892822266,41.856666564941406,42.64666748046875,42.07555389404297,162600
2021-10-19,42.75666809082031,43.266666412353516,42.75666809082031,43.19333267211914,42.614891052246094,43200
2021-10-20,43.04666519165039,43.276668548583984,42.939998626708984,43.163333892822266,42.585296630859375,76800
2021-10-21,43.029998779296875,43.6966667175293,42.92333221435547,43.67333221435547,43.088470458984375,109500
2021-10-22,43.75,44.40999984741211,43.633331298828125,43.650001525878906,43.06544876098633,90300
2021-10-25,43.880001068115234,44.223331451416016,43.75666809082031,43.98666763305664,43.39760971069336,57900
2021-10-26,44.35333251953125,44.400001525878906,43.63999938964844,43.79999923706055,43.21343994140625,78000
2021-10-27,43.526668548583984,43.776668548583984,43.099998474121094,43.27000045776367,42.690547943115234,80700
2021-10-28,43.970001220703125,44.983333587646484,43.970001220703125,44.893333435058594,44.29214096069336,127500
2021-10-29,44.66999816894531,45.290000915527344,44.63999938964844,45.28666687011719,44.68019104003906,230100
2021-11-01,45.33333206176758,46.383331298828125,45.33333206176758,46.383331298828125,45.76218032836914,192300
2021-11-02,46.439998626708984,46.78333282470703,46.439998626708984,46.723331451416016,46.097625732421875,216900
2021-11-03,46.88666534423828,47.503334045410156,46.619998931884766,47.456668853759766,46.82113265991211,169800
2021-11-04,47.779998779296875,48.81999969482422,47.426666259765625,48.766666412353516,48.113590240478516,205800
2021-11-05,49.3033332824707,50.163333892822266,49.2400016784668,49.67333221435547,49.00811004638672,351000
2021-11-08,50.0966682434082,50.28333282470703,49.66666793823242,49.91666793823242,49.24819564819336,384600
2021-11-09,50.266666412353516,50.29999923706055,49.543331146240234,50.003334045410156,49.333709716796875,222000
2021-11-10,49.25,49.856666564941406,48.45000076293945,48.65999984741211,48.008358001708984,132900
2021-11-11,49.380001068115234,49.619998931884766,49.043331146240234,49.619998931884766,48.95549392700195,84600
2021-11-12,49.83333206176758,50.276668548583984,49.66666793823242,50.12333297729492,49.45209503173828,93000
2021-11-15,50.59000015258789,50.59000015258789,49.83333206176758,50.209999084472656,49.53760528564453,130200
2021-11-16,50.06666564941406,51.116668701171875,49.98666763305664,51.09000015258789,50.40580749511719,101100
2021-11-17,51.223331451416016,51.366668701171875,50.52333450317383,50.813331604003906,50.13285827636719,134700
2021-11-18,51.369998931884766,51.369998931884766,50.51333236694336,51.176666259765625,50.491329193115234,148800
2021-11-19,51.18333435058594,51.50666809082031,50.83333206176758,51.116668701171875,50.432125091552734,163200
2021-11-22,51.5099983215332,51.95333480834961,50.3466682434082,50.369998931884766,49.69544982910156,174000
2021-11-23,50.38666534423828,50.793331146240234,49.220001220703125,50.150001525878906,49.4784049987793,167700
2021-11-24,49.74333190917969,50.543331146240234,49.29666519165039,50.516666412353516,49.84015655517578,81900
2021-11-26,49.83333206176758,49.996665954589844,48.503334045410156,48.959999084472656,48.30434036254883,132600
2021-11-29,49.82666778564453,50.7400016784668,49.49333190917969,50.71666717529297,50.03748321533203,178500
2021-11-30,50.48666763305664,50.83333206176758,49.29999923706055,49.75666809082031,49.09033966064453,152700
2021-12-01,50.59000015258789,51.53666687011719,49.61000061035156,49.65666580200195,48.99167251586914,201900
2021-12-02,49.40999984741211,50.060001373291016,48.619998931884766,49.62666702270508,48.96207809448242,99000
2021-12-03,50.14666748046875,50.483333587646484,48.336666107177734,49.063331604003906,48.406288146972656,130200
2021-12-06,49.086666107177734,49.27000045776367,47.30666732788086,48.80666732788086,48.15306091308594,121500
2021-12-07,49.99333190917969,51.616668701171875,49.99333190917969,51.54666519165039,50.85637664794922,134400
2021-12-08,51.64666748046875,51.64666748046875,50.880001068115234,51.53666687011719,50.84651184082031,116700
2021-12-09,51.24333190917969,51.78666687011719,50.04666519165039,50.10333251953125,49.43235397338867,123600
2021-12-10,51.05666732788086,51.05666732788086,49.706668853759766,50.20333480834961,49.53102493286133,78600
2021-12-13,50.439998626708984,50.439998626708984,48.630001068115234,48.68333435058594,48.031375885009766,157800
2021-12-14,48.1966667175293,48.413333892822266,47.66666793823242,48.279998779296875,47.63344955444336,134100
2021-12-15,48.54999923706055,50.0966682434082,47.62666702270508,50.06666564941406,49.39617919921875,109800
2021-12-16,50.47999954223633,50.49333190917969,47.38999938964844,47.706668853759766,47.06779479980469,174600
2021-12-17,47.209999084472656,48.413333892822266,46.973331451416016,47.83333206176758,47.19276809692383,116100
2021-12-20,47.003334045410156,47.52333450317383,46.61000061035156,47.310001373291016,46.691078186035156,132600
2021-12-21,48.313331604003906,48.93333435058594,47.70000076293945,48.89666748046875,48.25698471069336,112200
2021-12-22,48.880001068115234,49.32666778564453,48.279998779296875,49.32666778564453,48.681365966796875,64500
2021-12-23,49.5,50.163333892822266,49.5,50.0,49.34588623046875,136500
2021-12-27,50.28333282470703,51.849998474121094,50.28333282470703,51.810001373291016,51.1322021484375,165900
2021-12-28,52.13999938964844,52.13999938964844,50.8033332824707,51.116668701171875,50.44794464111328,128400
2021-12-29,51.220001220703125,51.55666732788086,51.07666778564453,51.39666748046875,50.72428894042969,71100
2021-12-30,51.40999984741211,51.63999938964844,50.91666793823242,50.96333312988281,50.29661178588867,85800
2021-12-31,51.05666732788086,51.380001068115234,51.04666519165039,51.17333221435547,50.503868103027344,73800
2022-01-03,51.53333282470703,52.16666793823242,51.1966667175293,51.983333587646484,51.30326843261719,150300
2022-01-04,52.293331146240234,52.400001525878906,50.22666549682617,51.34000015258789,50.668357849121094,282300
2022-01-05,51.086666107177734,51.30666732788086,49.06666564941406,49.10333251953125,48.46095275878906,303900
2022-01-06,48.970001220703125,49.73666763305664,48.40999984741211,49.47666549682617,48.82939529418945,315600
2022-01-07,49.53333282470703,49.67333221435547,47.599998474121094,47.66999816894531,47.04636001586914,142500
2022-01-10,46.99333190917969,47.706668853759766,45.95000076293945,47.663333892822266,47.03978729248047,230700
2022-01-11,47.709999084472656,48.57666778564453,47.279998779296875,48.42333221435547,47.78984832763672,166500
2022-01-12,48.996665954589844,49.33000183105469,48.209999084472656,48.74333190917969,48.10565948486328,136200
2022-01-13,49.51333236694336,49.83333206176758,47.27000045776367,47.43000030517578,46.80950164794922,115200
2022-01-14,47.073333740234375,48.70333480834961,47.073333740234375,48.68333435058594,48.04644012451172,125400
2022-01-18,47.93000030517578,48.026668548583984,46.099998474121094,46.186668395996094,45.58243942260742,210900
2022-01-19,46.66666793823242,47.02333450317383,44.630001068115234,44.70000076293945,44.1152229309082,386700
2022-01-20,45.029998779296875,45.599998474121094,43.310001373291016,43.336666107177734,42.769718170166016,177300
2022-01-21,42.936668395996094,44.30666732788086,42.436668395996094,42.51333236694336,41.95716094970703,528300
2022-01-24,41.58000183105469,43.276668548583984,40.21333312988281,43.25666809082031,42.69077682495117,593700
2022-01-25,42.09000015258789,42.58333206176758,41.27000045776367,41.61000061035156,41.06564712524414,224400
2022-01-26,42.98666763305664,44.06999969482422,41.84333419799805,42.209999084472656,41.65779113769531,347700
2022-01-27,42.62333297729492,42.62333297729492,40.073333740234375,40.15666580200195,39.631309509277344,512700
2022-01-28,40.15666580200195,41.133331298828125,39.02000045776367,41.11000061035156,40.57219314575195,251100
2022-01-31,41.27000045776367,43.72666549682617,41.27000045776367,43.6966667175293,43.12500762939453,205800
2022-02-01,44.13666534423828,44.13666534423828,42.91999816894531,44.073333740234375,43.49674987792969,165300
2022-02-02,44.813331604003906,45.26333236694336,44.08333206176758,44.9033317565918,44.31588363647461,507900
2022-02-03,43.80666732788086,44.33333206176758,42.643333435058594,42.76333236694336,42.203887939453125,217800
2022-02-04,42.77000045776367,43.53333282470703,42.150001525878906,43.19333267211914,42.628265380859375,105600
2022-02-07,43.41999816894531,44.02333450317383,43.086666107177734,43.18000030517578,42.61510467529297,99300
2022-02-08,43.02333450317383,44.47999954223633,43.02333450317383,44.42333221435547,43.84217071533203,122100
2022-02-09,45.16666793823242,46.043331146240234,44.599998474121094,46.026668548583984,45.42453384399414,104700
2022-02-10,44.849998474121094,46.05666732788086,44.35333251953125,44.563331604003906,43.98033142089844,103800
2022-02-11,44.59000015258789,44.95000076293945,42.02333450317383,42.34333419799805,41.78938674926758,123600
2022-02-14,42.393333435058594,43.43000030517578,41.91999816894531,42.4466667175293,41.8913688659668,168900
2022-02-15,43.503334045410156,45.00666809082031,43.496665954589844,45.0,44.41130065917969,82800
2022-02-16,44.586666107177734,45.266666412353516,44.05666732788086,45.209999084472656,44.61854553222656,60600
2022-02-17,44.6533317565918,44.66666793823242,43.456668853759766,43.5,42.930912017822266,92400
2022-02-18,43.61000061035156,43.61000061035156,42.383331298828125,42.8033332824707,42.24336624145508,104700
2022-02-22,42.223331451416016,43.3466682434082,41.64666748046875,42.19333267211914,41.64134979248047,142500
2022-02-23,42.68333435058594,43.119998931884766,41.03666687011719,41.10333251953125,40.56561279296875,134100
2022-02-24,39.380001068115234,43.12333297729492,39.380001068115234,43.04999923706055,42.4868049621582,183600
2022-02-25,43.16666793823242,43.71666717529297,42.43000030517578,43.709999084472656,43.13816833496094,167400
2022-02-28,43.06666564941406,43.93000030517578,42.650001525878906,43.38666534423828,42.819068908691406,244500
2022-03-01,43.310001373291016,43.310001373291016,41.380001068115234,41.733333587646484,41.18735885620117,108000
2022-03-02,42.08000183105469,43.48666763305664,42.08000183105469,43.30666732788086,42.740116119384766,66000
2022-03-03,43.64666748046875,43.720001220703125,42.07666778564453,42.33333206176758,41.779518127441406,54600
2022-03-04,41.813331604003906,42.12666702270508,40.323333740234375,40.70333480834961,40.170841217041016,111300
2022-03-07,40.776668548583984,41.09000015258789,38.66666793823242,38.68000030517578,38.173973083496094,512100
2022-03-08,38.66999816894531,41.016666412353516,38.400001525878906,39.78333282470703,39.26288604736328,426900
2022-03-09,41.1533317565918,41.70000076293945,40.92333221435547,41.38999938964844,40.84851837158203,405300
2022-03-10,40.543331146240234,40.7599983215332,39.80666732788086,40.709999084472656,40.17742919921875,53400
2022-03-11,41.209999084472656,41.30666732788086,39.79999923706055,39.849998474121094,39.32867431640625,75000
2022-03-14,39.663333892822266,39.93000030517578,38.366668701171875,38.606666564941406,38.101600646972656,94500
2022-03-15,38.84333419799805,40.470001220703125,38.84333419799805,40.37333297729492,39.845157623291016,212400
2022-03-16,41.08333206176758,42.74333190917969,41.026668548583984,42.73666763305664,42.17757034301758,420600
2022-03-17,42.31999969482422,43.293331146240234,42.1533317565918,43.28333282470703,42.717079162597656,220200
2022-03-18,43.040000915527344,44.356666564941406,42.86000061035156,44.30666732788086,43.72703552246094,185400
2022-03-21,44.22999954223633,44.44333267211914,43.34333419799805,43.94333267211914,43.408294677734375,84600
2022-03-22,43.96666717529297,44.926666259765625,43.96666717529297,44.31666564941406,43.7770881652832,123900
2022-03-23,43.79666519165039,44.53333282470703,43.1966667175293,43.22666549682617,42.700347900390625,198300
2022-03-24,43.69333267211914,45.04999923706055,43.369998931884766,45.04666519165039,44.498191833496094,78300
2022-03-25,44.99333190917969,44.99333190917969,44.029998779296875,44.8033332824707,44.25782012939453,118500
2022-03-28,44.529998779296875,44.996665954589844,43.856666564941406,44.98666763305664,44.43892288208008,71700
2022-03-29,45.836666107177734,46.25,45.366668701171875,46.0966682434082,45.535400390625,129900
2022-03-30,45.956668853759766,45.956668853759766,44.119998931884766,44.290000915527344,43.7507438659668,150600
2022-03-31,44.30666732788086,44.34333419799805,43.20000076293945,43.209999084472656,42.68388748168945,75600
2022-04-01,43.52333450317383,43.52333450317383,41.90666580200195,42.323333740234375,41.80802536010742,186900
2022-04-04,42.62333297729492,43.043331146240234,42.53333282470703,42.9466667175293,42.42376708984375,73200
2022-04-05,42.60333251953125,42.62333297729492,40.630001068115234,40.70000076293945,40.2044563293457,178800
2022-04-06,39.84000015258789,40.0,39.09333419799805,39.383331298828125,38.9038200378418,145500
2022-04-07,39.253334045410156,39.95333480834961,38.78333282470703,39.5099983215332,39.0289421081543,174900
2022-04-08,39.276668548583984,39.276668548583984,38.380001068115234,38.413333892822266,37.945621490478516,130500
2022-04-11,37.9033317565918,38.16666793823242,37.50666809082031,37.53333282470703,37.07633590698242,1058400
2022-04-12,38.310001373291016,38.686668395996094,37.413333892822266,37.543331146240234,37.08622360229492,407100
2022-04-13,37.790000915527344,38.540000915527344,37.53666687011719,38.31999969482422,37.853431701660156,101400
2022-04-14,38.45000076293945,38.45000076293945,37.253334045410156,37.26333236694336,36.80963134765625,109500
2022-04-18,37.119998931884766,38.150001525878906,37.119998931884766,37.86000061035156,37.39902877807617,96300
2022-04-19,37.753334045410156,38.779998779296875,37.753334045410156,38.723331451416016,38.251853942871094,92100
2022-04-20,39.33333206176758,39.6966667175293,38.54999923706055,38.63666534423828,38.16624450683594,85800
2022-04-21,39.119998931884766,39.630001068115234,37.47999954223633,37.650001525878906,37.191585540771484,90000
2022-04-22,37.52000045776367,37.86000061035156,36.779998779296875,36.823333740234375,36.37499237060547,77100
2022-04-25,36.56666564941406,37.503334045410156,36.366668701171875,37.5,37.04341506958008,145200
2022-04-26,37.040000915527344,37.040000915527344,36.0,36.016666412353516,35.57814407348633,126000
2022-04-27,35.64666748046875,36.68333435058594,35.59000015258789,35.88999938964844,35.45301818847656,83400
2022-04-28,36.70333480834961,38.186668395996094,36.246665954589844,37.81666564941406,37.35623550415039,94500
2022-04-29,37.25,38.15666580200195,36.38666534423828,36.436668395996094,35.99302673339844,69300
2022-05-02,36.439998626708984,37.66999816894531,36.22666549682617,37.630001068115234,37.17182922363281,115500
2022-05-03,37.470001220703125,38.13666534423828,37.34000015258789,37.87666702270508,37.415496826171875,75300
2022-05-04,38.279998779296875,39.619998931884766,37.150001525878906,39.563331604003906,39.08161926269531,599400
2022-05-05,38.746665954589844,38.746665954589844,37.18333435058594,37.676666259765625,37.217926025390625,632100
2022-05-06,37.23666763305664,38.063331604003906,36.496665954589844,37.36333465576172,36.908409118652344,186300
2022-05-09,36.53333282470703,36.90666580200195,35.3033332824707,35.470001220703125,35.03813171386719,116100
2022-05-10,36.46333312988281,36.709999084472656,35.233333587646484,36.060001373291016,35.620948791503906,310500
2022-05-11,35.73666763305664,36.60333251953125,34.87333297729492,34.90999984741211,34.484954833984375,111300
2022-05-12,34.56666564941406,35.5099983215332,34.37666702270508,35.29666519165039,34.86690139770508,160200
2022-05-13,36.130001068115234,37.456668853759766,35.996665954589844,37.150001525878906,36.69767379760742,90900
2022-05-16,36.866668701171875,37.220001220703125,36.4466667175293,36.560001373291016,36.1148567199707,62100
2022-05-17,37.53333282470703,38.44333267211914,37.5099983215332,38.336666107177734,37.86988830566406,140400
2022-05-18,37.62666702270508,38.189998626708984,36.313331604003906,36.503334045410156,36.058876037597656,118800
2022-05-19,36.21666717529297,37.23666763305664,36.21666717529297,36.41666793823242,35.9732666015625,105000
2022-05-20,37.0,37.106666564941406,34.96333312988281,36.349998474121094,35.90741729736328,341700
2022-05-23,36.21666717529297,36.59333419799805,35.83333206176758,36.456668853759766,36.01278305053711,107700
2022-05-24,35.91666793823242,35.91666793823242,35.03333282470703,35.383331298828125,34.952518463134766,147900
2022-05-25,35.18000030517578,36.29999923706055,35.18000030517578,36.043331146240234,35.6044807434082,88200
2022-05-26,35.78333282470703,37.70333480834961,35.63666534423828,37.56999969482422,37.11256408691406,89700
2022-05-27,38.529998779296875,39.060001373291016,38.36000061035156,39.03666687011719,38.56137466430664,245400
2022-05-31,38.90999984741211,39.10333251953125,38.21333312988281,38.81666564941406,38.34404373168945,76800
2022-06-01,39.01333236694336,39.220001220703125,37.79999923706055,38.349998474121094,37.88306427001953,90300
2022-06-02,38.116668701171875,39.72666549682617,38.116668701171875,39.71333312988281,39.22980499267578,62100
2022-06-03,38.87333297729492,38.89666748046875,38.436668395996094,38.573333740234375,38.10367965698242,123300
2022-06-06,39.209999084472656,39.34333419799805,38.32666778564453,38.49333190917969,38.02465057373047,53100
2022-06-07,37.95000076293945,38.90999984741211,37.893333435058594,38.85333251953125,38.38026428222656,41400
2022-06-08,38.540000915527344,38.73666763305664,37.71333312988281,37.869998931884766,37.40890884399414,36600
2022-06-09,37.709999084472656,37.913333892822266,36.87333297729492,36.880001068115234,36.43096160888672,43200
2022-06-10,36.116668701171875,36.54999923706055,35.503334045410156,35.6533317565918,35.21923065185547,60300
2022-06-13,34.38999938964844,34.790000915527344,33.543331146240234,33.65999984741211,33.25016403198242,251100
2022-06-14,33.9033317565918,34.223331451416016,33.66666793823242,34.016666412353516,33.60249328613281,282000
2022-06-15,34.439998626708984,35.04666519165039,33.93333435058594,34.55666732788086,34.135921478271484,60000
2022-06-16,33.57666778564453,33.57666778564453,31.953332901000977,32.26333236694336,31.870506286621094,92700
2022-06-17,32.43000030517578,32.77000045776367,31.913333892822266,32.496665954589844,32.10099411010742,51300
2022-06-21,33.130001068115234,33.75666809082031,33.11333465576172,33.380001068115234,33.01760482788086,55500
2022-06-22,32.823333740234375,33.4033317565918,32.823333740234375,32.983333587646484,32.62525177001953,107700
2022-06-23,33.209999084472656,33.209999084472656,32.400001525878906,32.74333190917969,32.38785171508789,58800
2022-06-24,33.22666549682617,34.1966667175293,33.08333206176758,34.1966667175293,33.825408935546875,74700
2022-06-27,34.49333190917969,34.8033332824707,34.08333206176758,34.33333206176758,33.96058654785156,79500
2022-06-28,34.503334045410156,34.82666778564453,33.51333236694336,33.52333450317383,33.15938186645508,42600
2022-06-29,33.16999816894531,33.17333221435547,32.43000030517578,32.83333206176758,32.476871490478516,84300
2022-06-30,32.42333221435547,33.01333236694336,32.043331146240234,32.529998779296875,32.17683792114258,40500
2022-07-01,32.086666107177734,32.086666107177734,30.50666618347168,30.76333236694336,30.429344177246094,83400
2022-07-05,30.093332290649414,31.016666412353516,29.886667251586914,31.016666412353516,30.679929733276367,59700
2022-07-06,31.07666778564453,31.3799991607666,30.809999465942383,31.10333251953125,30.765657424926758,47400
2022-07-07,31.796667098999023,32.676666259765625,31.796667098999023,32.543331146240234,32.19001388549805,57300
2022-07-08,32.073333740234375,32.983333587646484,32.073333740234375,32.926666259765625,32.56919479370117,69300
2022-07-11,32.5,32.54666519165039,32.063331604003906,32.22999954223633,31.880094528198242,217800
2022-07-12,32.393333435058594,32.616668701171875,32.03666687011719,32.253334045410156,31.90317153930664,53400
2022-07-13,31.510000228881836,32.616668701171875,31.49333381652832,32.470001220703125,32.117488861083984,34200
2022-07-14,32.24333190917969,33.26333236694336,31.953332901000977,33.220001220703125,32.859344482421875,78900
2022-07-15,33.689998626708984,34.11000061035156,33.27333450317383,34.11000061035156,33.73967742919922,61800
2022-07-18,34.65999984741211,34.790000915527344,33.72999954223633,33.91999816894531,33.55174255371094,30300
2022-07-19,34.483333587646484,35.67333221435547,34.483333587646484,35.59000015258789,35.203617095947266,85200
2022-07-20,35.56999969482422,36.746665954589844,35.383331298828125,36.6533317565918,36.255401611328125,248100
2022-07-21,36.85333251953125,37.186668395996094,36.36000061035156,37.186668395996094,36.78293991088867,83700
2022-07-22,37.15666580200195,37.15666580200195,35.866668701171875,36.119998931884766,35.72785568237305,50700
2022-07-25,35.93000030517578,35.96333312988281,35.4466667175293,35.93000030517578,35.5399169921875,72900
2022-07-26,35.70000076293945,35.89666748046875,35.40999984741211,35.49333190917969,35.10799026489258,21600
2022-07-27,35.959999084472656,37.336666107177734,35.959999084472656,37.116668701171875,36.71371078491211,98700
2022-07-28,37.11333465576172,37.276668548583984,36.20333480834961,37.22999954223633,36.825809478759766,58800
2022-07-29,36.79999923706055,37.79999923706055,36.79999923706055,37.75,37.34016418457031,61500
2022-08-01,37.529998779296875,38.29999923706055,37.33333206176758,37.75,37.34016418457031,106200
2022-08-02,37.42333221435547,38.436668395996094,37.4033317565918,37.970001220703125,37.557769775390625,84000
2022-08-03,38.00666809082031,38.98666763305664,37.97999954223633,38.92333221435547,38.50075912475586,44100
2022-08-04,38.79666519165039,39.02000045776367,38.54666519165039,38.9900016784668,38.56671142578125,49800
2022-08-05,38.38666534423828,39.060001373291016,38.163333892822266,38.6966667175293,38.27655029296875,112800
2022-08-08,38.29999923706055,38.66666793823242,37.60333251953125,38.04999923706055,37.636905670166016,85200
2022-08-09,37.3466682434082,37.3466682434082,35.746665954589844,36.09333419799805,35.701480865478516,114300
2022-08-10,37.08000183105469,37.64666748046875,36.62666702270508,37.586666107177734,37.17860412597656,141600
2022-08-11,37.95000076293945,38.7400016784668,37.60333251953125,37.62333297729492,37.21486282348633,71100
2022-08-12,37.956668853759766,38.996665954589844,37.78666687011719,38.88666534423828,38.46448516845703,55500
2022-08-15,38.650001525878906,39.00666809082031,38.43000030517578,38.92333221435547,38.50075912475586,45000
2022-08-16,38.77000045776367,38.836666107177734,38.14666748046875,38.52333450317383,38.10509490966797,203700
2022-08-17,38.01333236694336,38.01333236694336,37.01333236694336,37.439998626708984,37.03352355957031,139500
2022-08-18,37.40666580200195,38.63666534423828,37.40666580200195,38.393333435058594,37.97650909423828,64200
2022-08-19,37.926666259765625,37.996665954589844,37.33333206176758,37.43000030517578,37.02363967895508,37800
2022-08-22,36.68333435058594,36.70000076293945,35.9033317565918,36.07666778564453,35.684993743896484,384600
2022-08-23,36.043331146240234,36.8033332824707,36.043331146240234,36.366668701171875,35.97185516357422,45900
2022-08-24,36.21333312988281,36.503334045410156,36.016666412353516,36.369998931884766,35.97513961791992,40200
2022-08-25,36.39666748046875,37.83000183105469,36.39666748046875,37.81999969482422,37.40940475463867,114600
2022-08-26,37.87333297729492,37.87333297729492,35.63999938964844,35.63999938964844,35.25307083129883,183600
2022-08-29,35.189998626708984,35.55666732788086,34.89666748046875,34.89666748046875,34.51780319213867,57000
2022-08-30,35.1966667175293,35.1966667175293,34.04999923706055,34.43000030517578,34.056209564208984,65400
2022-08-31,34.55666732788086,34.55666732788086,33.779998779296875,33.970001220703125,33.601200103759766,40500
2022-09-01,33.163333892822266,33.163333892822266,32.0966682434082,33.0533332824707,32.694480895996094,114900
2022-09-02,33.52333450317383,33.70000076293945,32.72666549682617,32.866668701171875,32.509849548339844,33600
2022-09-06,32.849998474121094,33.02333450317383,32.37333297729492,32.51333236694336,32.160343170166016,37500
2022-09-07,32.526668548583984,33.20000076293945,32.40666580200195,32.95333480834961,32.59557342529297,47700
2022-09-08,32.599998474121094,33.51333236694336,32.473331451416016,33.503334045410156,33.13959884643555,77700
2022-09-09,33.91666793823242,34.4033317565918,33.91666793823242,34.28333282470703,33.91112518310547,43200
2022-09-12,34.426666259765625,34.57666778564453,34.04999923706055,34.459999084472656,34.08587646484375,44700
2022-09-13,33.189998626708984,33.29999923706055,32.50666809082031,32.5533332824707,32.19990921020508,49500
2022-09-14,32.78666687011719,33.106666564941406,32.47666549682617,32.880001068115234,32.523040771484375,66300
2022-09-15,32.633331298828125,32.99333190917969,32.20333480834961,32.383331298828125,32.03175735473633,27000
2022-09-16,31.983333587646484,32.54666519165039,31.94333267211914,32.51333236694336,32.160343170166016,52800
2022-09-19,31.996667861938477,32.74333190917969,31.996667861938477,32.64666748046875,32.35161209106445,38400
2022-09-20,32.246665954589844,32.483333587646484,32.0,32.246665954589844,31.955217361450195,70200
2022-09-21,32.31666564941406,33.15666580200195,32.060001373291016,32.086666107177734,31.796663284301758,41100
2022-09-22,31.893333435058594,31.92333221435547,31.09666633605957,31.24333381652832,30.960956573486328,59400
2022-09-23,30.780000686645508,30.983333587646484,30.31333351135254,30.78333282470703,30.505111694335938,68700
2022-09-26,30.666667938232422,31.229999542236328,30.39666748046875,30.399999618530273,30.125240325927734,46200
2022-09-27,30.883333206176758,31.21666717529297,30.389999389648438,30.816667556762695,30.53814697265625,27300
2022-09-28,30.586666107177734,31.389999389648438,30.586666107177734,31.266666412353516,30.984073638916016,31500
2022-09-29,30.706666946411133,30.706666946411133,30.0,30.463333129882812,30.188003540039062,29400
2022-09-30,30.10333251953125,30.753332138061523,29.996667861938477,29.996667861938477,29.725557327270508,32100
2022-10-03,30.303333282470703,31.510000228881836,30.303333282470703,31.226667404174805,30.944438934326172,52500
2022-10-04,32.06666564941406,32.63999938964844,32.06666564941406,32.61333465576172,32.31857681274414,107700
2022-10-05,32.106666564941406,33.150001525878906,31.886667251586914,32.93333435058594,32.63568115234375,50400
2022-10-06,32.8033332824707,33.33000183105469,32.8033332824707,32.849998474121094,32.5531005859375,24600
2022-10-07,32.03666687011719,32.07666778564453,30.959999084472656,31.163333892822266,30.881677627563477,183300
2022-10-10,31.06333351135254,31.06333351135254,29.71666717529297,30.15999984741211,29.88741111755371,76800
2022-10-11,29.726667404174805,30.02666664123535,29.093332290649414,29.446666717529297,29.18052864074707,77400
2022-10-12,29.40333366394043,29.433332443237305,28.93666648864746,28.94333267211914,28.681739807128906,180300
2022-10-13,27.93000030517578,30.05666732788086,27.606666564941406,29.893333435058594,29.623159408569336,78600
2022-10-14,30.166667938232422,30.166667938232422,28.489999771118164,28.553333282470703,28.295269012451172,76800
2022-10-17,29.253332138061523,29.546667098999023,28.996667861938477,29.170000076293945,28.906362533569336,36900
2022-10-18,30.00666618347168,30.166667938232422,28.979999542236328,29.336666107177734,29.071523666381836,48000
2022-10-19,29.206666946411133,29.690000534057617,29.126667022705078,29.489999771118164,29.223464965820312,54900
2022-10-20,29.709999084472656,30.56999969482422,29.610000610351562,29.809999465942383,29.540573120117188,72900
2022-10-21,29.809999465942383,31.040000915527344,29.766666412353516,30.99333381652832,30.713214874267578,58200
2022-10-24,31.059999465942383,31.213333129882812,30.476667404174805,31.139999389648438,30.85855484008789,32400
2022-10-25,31.21666717529297,32.029998779296875,31.21666717529297,31.809999465942383,31.522497177124023,34200
2022-10-26,31.273332595825195,32.369998931884766,31.229999542236328,31.59666633605957,31.311094284057617,39000
2022-10-27,31.51333236694336,31.51333236694336,30.616666793823242,30.6299991607666,30.35316276550293,54600
2022-10-28,30.610000610351562,31.920000076293945,30.610000610351562,31.823333740234375,31.53571319580078,56100
2022-10-31,31.559999465942383,31.559999465942383,31.040000915527344,31.233333587646484,30.9510440826416,42000
2022-11-01,31.816667556762695,32.016666412353516,31.52666664123535,31.649999618530273,31.36394691467285,42300
2022-11-02,31.74333381652832,32.220001220703125,30.753332138061523,30.753332138061523,30.475379943847656,28500
2022-11-03,30.149999618530273,30.703332901000977,29.89666748046875,30.226667404174805,29.953474044799805,36600
2022-11-04,31.25666618347168,31.760000228881836,30.989999771118164,31.760000228881836,31.472949981689453,39000
2022-11-07,31.93666648864746,32.55666732788086,31.65999984741211,32.51333236694336,32.21947479248047,34200
2022-11-08,33.10333251953125,33.663333892822266,32.67333221435547,33.246665954589844,32.94618225097656,130500
2022-11-09,32.6966667175293,32.90666580200195,32.400001525878906,32.413333892822266,32.12037658691406,75900
2022-11-10,34.223331451416016,35.483333587646484,34.003334045410156,35.459999084472656,35.13951873779297,90600
2022-11-11,35.62333297729492,36.66666793823242,35.62333297729492,36.436668395996094,36.10734939575195,95700
2022-11-14,36.12666702270508,36.61333465576172,35.95333480834961,35.95333480834961,35.62838363647461,190500
2022-11-15,37.27000045776367,37.47666549682617,36.926666259765625,37.133331298828125,36.79771423339844,77100
2022-11-16,36.22666549682617,36.36000061035156,35.383331298828125,35.62333297729492,35.30137252807617,57900
2022-11-17,34.87666702270508,35.96333312988281,34.72999954223633,35.9466667175293,35.62178039550781,69600
2022-11-18,36.5099983215332,36.5099983215332,35.83000183105469,36.029998779296875,35.70435333251953,45900
2022-11-21,35.64666748046875,35.65999984741211,35.400001525878906,35.45000076293945,35.129600524902344,40200
2022-11-22,35.76333236694336,36.3033332824707,35.5966682434082,36.28666687011719,35.958702087402344,37200
2022-11-23,36.246665954589844,37.0099983215332,36.246665954589844,36.65999984741211,36.32865905761719,39900
2022-11-25,36.43333435058594,36.540000915527344,36.29666519165039,36.29666519165039,35.96861267089844,7500
2022-11-28,35.84333419799805,35.84333419799805,35.00666809082031,35.1966667175293,34.87855911254883,38400
2022-11-29,35.246665954589844,35.529998779296875,34.98666763305664,35.02000045776367,34.703487396240234,35400
2022-11-30,35.029998779296875,36.88666534423828,34.7599983215332,36.88666534423828,36.55327224731445,84300
2022-12-01,36.98666763305664,36.98666763305664,36.1966667175293,36.586666107177734,36.2559928894043,62100
2022-12-02,35.720001220703125,36.29999923706055,35.720001220703125,36.29666519165039,35.96861267089844,48600
2022-12-05,36.063331604003906,36.29999923706055,35.72666549682617,35.88666534423828,35.56232452392578,81000
2022-12-06,35.87666702270508,35.900001525878906,34.96333312988281,35.220001220703125,34.90167999267578,81600
2022-12-07,34.88999938964844,35.36000061035156,34.88999938964844,35.29999923706055,34.980953216552734,54300
2022-12-08,35.60333251953125,36.21333312988281,35.426666259765625,36.1533317565918,35.82658004760742,31500
2022-12-09,35.973331451416016,36.38666534423828,35.880001068115234,35.880001068115234,35.55571746826172,159900
2022-12-12,35.869998931884766,36.526668548583984,35.619998931884766,36.52000045776367,36.18993377685547,35700
2022-12-13,37.983333587646484,38.0966682434082,36.836666107177734,37.18333435058594,36.84727478027344,77700
2022-12-14,37.08000183105469,37.323333740234375,36.31666564941406,36.49333190917969,36.16350173950195,32700
2022-12-15,35.7599983215332,35.84000015258789,35.02333450317383,35.06666564941406,34.74973678588867,60300
2022-12-16,34.93333435058594,35.07666778564453,34.47666549682617,34.813331604003906,34.49868392944336,30900
2022-12-19,34.72666549682617,34.72666549682617,33.96666717529297,34.21666717529297,33.96628189086914,47700
2022-12-20,33.81666564941406,34.313331604003906,33.81666564941406,34.06666564941406,33.8173713684082,154800
2022-12-21,34.21333312988281,34.85333251953125,34.21333312988281,34.776668548583984,34.52219009399414,54000
2022-12-22,34.043331146240234,34.043331146240234,32.88999938964844,33.5099983215332,33.26478576660156,53700
2022-12-23,33.34000015258789,33.483333587646484,33.01333236694336,33.47666549682617,33.231693267822266,90600
2022-12-27,33.21666717529297,33.246665954589844,32.91999816894531,32.96666717529297,32.725425720214844,83700
2022-12-28,32.7599983215332,33.119998931884766,32.41999816894531,32.426666259765625,32.18937683105469,78000
2022-12-29,32.83333206176758,33.483333587646484,32.83333206176758,33.393333435058594,33.14897155761719,60600
2022-12-30,32.883331298828125,33.39666748046875,32.85333251953125,33.36000061035156,33.115882873535156,44700
2023-01-03,33.849998474121094,33.90666580200195,32.92333221435547,33.07666778564453,32.83462905883789,44100
2023-01-04,33.62333297729492,33.996665954589844,33.45333480834961,33.82666778564453,33.579132080078125,60300
2023-01-05,33.4900016784668,33.836666107177734,33.29666519165039,33.39666748046875,33.152278900146484,58500
2023-01-06,33.84333419799805,35.143333435058594,33.71666717529297,34.973331451416016,34.717411041259766,92100
2023-01-09,35.4466667175293,36.34000015258789,35.4466667175293,35.676666259765625,35.41559982299805,180600
2023-01-10,35.5966682434082,36.116668701171875,35.46333312988281,36.09333419799805,35.82921600341797,30000
2023-01-11,36.0533332824707,36.4466667175293,35.956668853759766,36.4466667175293,36.179962158203125,60600
2023-01-12,36.586666107177734,36.959999084472656,36.00666809082031,36.81666564941406,36.54725646972656,27900
2023-01-13,36.413333892822266,37.03666687011719,36.413333892822266,37.03666687011719,36.76564407348633,27000
2023-01-17,36.90666580200195,37.246665954589844,36.67333221435547,37.02333450317383,36.752410888671875,57900
2023-01-18,37.310001373291016,37.633331298828125,36.81999969482422,36.81999969482422,36.550559997558594,40800
2023-01-19,36.526668548583984,36.709999084472656,35.790000915527344,35.880001068115234,35.61744689941406,61800
2023-01-20,36.1966667175293,36.7400016784668,35.996665954589844,36.7400016784668,36.47115707397461,42900
2023-01-23,36.93333435058594,38.39666748046875,36.93333435058594,38.266666412353516,37.98664093017578,85500
2023-01-24,37.8033332824707,38.21666717529297,37.8033332824707,38.086666107177734,37.80795669555664,36000
2023-01-25,37.4466667175293,38.22666549682617,37.313331604003906,38.17333221435547,37.89399337768555,42300
2023-01-26,38.543331146240234,38.823333740234375,38.01333236694336,38.823333740234375,38.53923416137695,48900
2023-01-27,38.21333312988281,38.7400016784668,38.0966682434082,38.503334045410156,38.22157669067383,69300
2023-01-30,38.02333450317383,38.22999954223633,37.49333190917969,37.56999969482422,37.29507827758789,51000
2023-01-31,37.55666732788086,38.28666687011719,37.55666732788086,38.28666687011719,38.00650405883789,23100
2023-02-01,38.35333251953125,40.21666717529297,38.35333251953125,40.026668548583984,39.733768463134766,73800
2023-02-02,40.33000183105469,41.18000030517578,40.33000183105469,40.78666687011719,40.488197326660156,217500
2023-02-03,40.00666809082031,41.21666717529297,39.9033317565918,40.3466682434082,40.051422119140625,92700
2023-02-06,39.7599983215332,40.253334045410156,39.63666534423828,39.6966667175293,39.40618896484375,35700
2023-02-07,39.8033332824707,40.95000076293945,39.72999954223633,40.8033332824707,40.5047492980957,69300
2023-02-08,40.62333297729492,40.62333297729492,39.78666687011719,39.88666534423828,39.594783782958984,28200
2023-02-09,40.50666809082031,40.96333312988281,39.69333267211914,39.936668395996094,39.64442443847656,537600
2023-02-10,39.60333251953125,39.60333251953125,39.0,39.380001068115234,39.091827392578125,45000
2023-02-13,39.48666763305664,39.959999084472656,39.24333190917969,39.880001068115234,39.58817672729492,31500
2023-02-14,39.529998779296875,40.59333419799805,39.529998779296875,40.54999923706055,40.253273010253906,27000
2023-02-15,40.223331451416016,40.883331298828125,40.223331451416016,40.883331298828125,40.584163665771484,73800
2023-02-16,40.29666519165039,40.676666259765625,40.21666717529297,40.21666717529297,39.9223747253418,36000
2023-02-17,40.09000015258789,40.09000015258789,39.253334045410156,39.60333251953125,39.31352233886719,47400
2023-02-21,39.02333450317383,39.21666717529297,38.130001068115234,38.16666793823242,37.88737487792969,120600
2023-02-22,38.290000915527344,38.5533332824707,37.9033317565918,38.11333465576172,37.83443069458008,41400
2023-02-23,39.20000076293945,39.35333251953125,38.35333251953125,39.086666107177734,38.80064392089844,212100
2023-02-24,38.4900016784668,38.70000076293945,38.380001068115234,38.663333892822266,38.380401611328125,26400
2023-02-27,39.16666793823242,39.3033332824707,38.880001068115234,38.883331298828125,38.598793029785156,30000
2023-02-28,38.82666778564453,39.59333419799805,38.82666778564453,39.150001525878906,38.863525390625,57000
2023-03-01,39.233333587646484,39.68000030517578,39.16999816894531,39.279998779296875,38.99256134033203,35400
2023-03-02,38.65999984741211,39.516666412353516,38.220001220703125,39.38999938964844,39.10175704956055,107100
2023-03-03,39.560001373291016,39.983333587646484,39.2599983215332,39.95333480834961,39.66096878051758,98100
2023-03-06,40.04666519165039,40.36000061035156,39.34000015258789,39.439998626708984,39.15138244628906,68100
2023-03-07,39.38666534423828,39.563331604003906,38.866668701171875,39.003334045410156,38.71792221069336,33000
2023-03-08,39.25666809082031,39.90999984741211,39.25666809082031,39.90666580200195,39.61463928222656,133800
2023-03-09,39.81999969482422,40.496665954589844,39.23666763305664,39.27333450317383,38.9859504699707,51000
2023-03-10,39.380001068115234,39.54666519165039,38.18333435058594,38.336666107177734,38.056129455566406,80400
2023-03-13,37.86000061035156,38.643333435058594,37.61000061035156,38.2400016784668,37.960174560546875,210600
2023-03-14,38.939998626708984,39.66666793823242,38.856666564941406,39.2400016784668,38.952857971191406,187200
2023-03-15,38.56666564941406,38.8033332824707,37.866668701171875,38.59333419799805,38.31092071533203,133500
2023-03-16,38.46333312988281,39.983333587646484,38.43000030517578,39.87333297729492,39.5815544128418,72300
2023-03-17,39.84000015258789,40.099998474121094,39.253334045410156,39.41999816894531,39.13153839111328,75900
2023-03-20,39.53666687011719,40.04999923706055,39.4900016784668,39.9900016784668,39.75923156738281,24000
2023-03-21,40.436668395996094,40.6533317565918,39.5966682434082,40.176666259765625,39.9448127746582,95400
2023-03-22,40.14666748046875,41.0,39.723331451416016,39.723331451416016,39.49409866333008,103200
2023-03-23,40.3033332824707,41.05666732788086,40.060001373291016,40.5099983215332,40.27622604370117,65100
2023-03-24,40.21666717529297,40.21666717529297,39.369998931884766,39.78666687011719,39.557064056396484,28500
2023-03-27,39.99333190917969,39.99333190917969,39.323333740234375,39.47999954223633,39.252166748046875,34800
2023-03-28,39.459999084472656,39.459999084472656,38.436668395996094,38.97999954223633,38.75505065917969,59400
2023-03-29,39.540000915527344,40.55666732788086,39.540000915527344,40.29666519165039,40.06412124633789,51300
2023-03-30,40.793331146240234,41.073333740234375,40.71666717529297,40.883331298828125,40.647396087646484,82200
2023-03-31,40.57666778564453,41.253334045410156,40.57666778564453,41.186668395996094,40.9489860534668,75000
2023-04-03,40.95000076293945,41.05666732788086,40.32666778564453,40.869998931884766,40.634151458740234,90900
2023-04-04,40.84333419799805,40.84333419799805,39.473331451416016,39.753334045410156,39.523929595947266,175500
2023-04-05,39.413333892822266,39.413333892822266,38.6533317565918,39.043331146240234,38.818023681640625,55800
2023-04-06,38.7400016784668,39.0533332824707,38.38999938964844,38.823333740234375,38.59928512573242,123600
2023-04-10,38.5,39.71333312988281,38.5,39.69333267211914,39.464271545410156,37200
2023-04-11,39.970001220703125,40.0,39.45000076293945,39.45000076293945,39.22234344482422,75300
2023-04-12,39.766666412353516,39.766666412353516,38.62333297729492,38.630001068115234,38.40707778930664,78900
2023-04-13,38.79666519165039,39.13666534423828,38.456668853759766,39.00666809082031,38.78157043457031,51600
2023-04-14,39.016666412353516,39.29999923706055,38.54999923706055,38.93333435058594,38.708656311035156,54000
2023-04-17,38.720001220703125,38.95333480834961,38.46333312988281,38.939998626708984,38.71528625488281,95400
2023-04-18,39.313331604003906,39.54999923706055,38.689998626708984,38.99333190917969,38.768306732177734,41100
2023-04-19,38.5533332824707,38.64666748046875,38.366668701171875,38.54999923706055,38.32754135131836,249300
2023-04-20,38.18333435058594,39.0966682434082,38.18333435058594,38.573333740234375,38.35072708129883,98700
2023-04-21,38.0,38.50666809082031,38.0,38.45333480834961,38.231422424316406,41100
2023-04-24,38.51333236694336,38.51333236694336,38.12333297729492,38.293331146240234,38.072349548339844,27600
2023-04-25,38.029998779296875,38.029998779296875,36.95333480834961,36.95333480834961,36.74008560180664,159000
2023-04-26,37.310001373291016,37.36333465576172,36.836666107177734,36.98666763305664,36.773223876953125,76500
2023-04-27,36.71666717529297,36.71666717529297,35.66666793823242,36.5099983215332,36.29930877685547,97500
2023-04-28,36.59333419799805,37.086666107177734,36.47666549682617,37.08000183105469,36.86601638793945,72600
2023-05-01,37.13666534423828,37.560001373291016,37.13666534423828,37.483333587646484,37.267024993896484,86700
2023-05-02,37.6533317565918,37.706668853759766,36.9466667175293,37.12666702270508,36.91241455078125,229500
2023-05-03,37.09333419799805,37.573333740234375,36.95333480834961,36.96666717529297,36.75334167480469,49200
2023-05-04,36.650001525878906,36.650001525878906,36.18000030517578,36.36000061035156,36.150177001953125,67800
2023-05-05,36.483333587646484,37.356666564941406,36.483333587646484,37.246665954589844,37.031715393066406,38700
2023-05-08,37.28333282470703,37.28333282470703,36.91666793823242,37.24333190917969,37.02840042114258,922200
2023-05-09,36.913333892822266,36.913333892822266,36.47999954223633,36.643333435058594,36.4318733215332,159000
2023-05-10,37.12333297729492,37.36333465576172,36.78333282470703,37.2599983215332,37.044979095458984,114300
2023-05-11,37.209999084472656,37.209999084472656,36.619998931884766,37.026668548583984,36.81299591064453,351300
2023-05-12,37.1533317565918,37.233333587646484,36.68333435058594,37.003334045410156,36.789791107177734,123900
2023-05-15,37.116668701171875,38.0966682434082,37.116668701171875,38.08000183105469,37.860260009765625,77100
2023-05-16,37.866668701171875,38.40999984741211,37.866668701171875,38.02000045776367,37.800594329833984,115500
2023-05-17,38.393333435058594,39.209999084472656,38.130001068115234,39.03333282470703,38.808074951171875,98100
2023-05-18,39.22999954223633,40.209999084472656,39.22666549682617,40.130001068115234,39.89841842651367,208200
2023-05-19,40.13999938964844,40.13999938964844,39.64666748046875,39.813331604003906,39.583580017089844,55800
2023-05-22,39.59000015258789,39.95000076293945,39.37666702270508,39.90999984741211,39.679683685302734,51600
2023-05-23,39.723331451416016,39.8466682434082,39.290000915527344,39.34333419799805,39.11628723144531,65100
2023-05-24,38.5966682434082,38.87666702270508,38.19333267211914,38.5966682434082,38.373939514160156,64200
2023-05-25,39.93000030517578,40.97999954223633,39.81666564941406,40.81666564941406,40.58112335205078,98100
2023-05-26,41.0966682434082,43.21666717529297,41.0966682434082,42.95333480834961,42.7054557800293,210000
2023-05-30,43.96666717529297,44.02000045776367,42.68333435058594,42.813331604003906,42.56626892089844,120300
2023-05-31,42.27000045776367,42.62666702270508,41.82666778564453,41.84333419799805,41.601863861083984,95100
2023-06-01,42.116668701171875,42.746665954589844,41.62666702270508,42.473331451416016,42.22822189331055,123900
2023-06-02,42.71333312988281,42.83333206176758,42.03333282470703,42.55666732788086,42.31108093261719,61200
2023-06-05,42.41666793823242,42.41666793823242,41.616668701171875,41.84000015258789,41.598548889160156,42900
2023-06-06,41.56999969482422,42.689998626708984,41.51333236694336,42.5,42.254737854003906,44700
2023-06-07,42.70000076293945,43.69333267211914,42.70000076293945,43.029998779296875,42.78168487548828,118200
2023-06-08,42.99333190917969,43.29999923706055,42.779998779296875,43.163333892822266,42.914241790771484,66900
2023-06-09,43.61000061035156,43.709999084472656,42.9033317565918,43.01333236694336,42.76511001586914,99600
2023-06-12,43.34000015258789,44.16666793823242,43.34000015258789,44.12666702270508,43.87202453613281,93300
2023-06-13,44.66666793823242,44.936668395996094,44.366668701171875,44.650001525878906,44.392333984375,81000
2023-06-14,44.53666687011719,44.94333267211914,44.23666763305664,44.90666580200195,44.64751434326172,82800
2023-06-15,44.560001373291016,44.76333236694336,44.31666564941406,44.53666687011719,44.27965545654297,63900
2023-06-16,44.956668853759766,44.956668853759766,44.18333435058594,44.323333740234375,44.06755447387695,65400
2023-06-20,43.99333190917969,44.356666564941406,43.82666778564453,44.119998931884766,43.92517852783203,61500
2023-06-21,43.96666717529297,44.04666519165039,43.2599983215332,43.439998626708984,43.24818420410156,237300
2023-06-22,43.08333206176758,43.810001373291016,43.08333206176758,43.68333435058594,43.49044418334961,31800
2023-06-23,42.98666763305664,43.06666564941406,42.71333312988281,42.779998779296875,42.591094970703125,84000
2023-06-26,43.06666564941406,43.720001220703125,42.936668395996094,42.939998626708984,42.75039291381836,51900
2023-06-27,43.21333312988281,44.68333435058594,43.099998474121094,44.650001525878906,44.452842712402344,59700
2023-06-28,44.06999969482422,44.766666412353516,44.003334045410156,44.543331146240234,44.346641540527344,83400
2023-06-29,44.709999084472656,45.116668701171875,44.46666717529297,44.973331451416016,44.774742126464844,47400
2023-06-30,45.349998474121094,45.880001068115234,45.349998474121094,45.5966682434082,45.39533233642578,58200
2023-07-03,45.65999984741211,46.0,45.439998626708984,45.79666519165039,45.594444274902344,36900
2023-07-05,45.56999969482422,45.56999969482422,44.71666717529297,44.720001220703125,44.52253723144531,76200
2023-07-06,44.143333435058594,44.18333435058594,43.63666534423828,44.18333435058594,43.98823547363281,63300
2023-07-07,44.099998474121094,44.83000183105469,44.0966682434082,44.0966682434082,43.90195846557617,57600
2023-07-10,44.099998474121094,44.95333480834961,44.099998474121094,44.90666580200195,44.708377838134766,52800
2023-07-11,44.99333190917969,45.043331146240234,44.17333221435547,44.720001220703125,44.52253723144531,35400
2023-07-12,45.4466667175293,45.599998474121094,45.16999816894531,45.50666809082031,45.30572509765625,54900
2023-07-13,46.03333282470703,46.87333297729492,46.016666412353516,46.8033332824707,46.5966682434082,72900
2023-07-14,46.880001068115234,47.060001373291016,46.06999969482422,46.253334045410156,46.04909896850586,94800
2023-07-17,46.4900016784668,47.779998779296875,46.33000183105469,47.540000915527344,47.33008575439453,50600
2023-07-18,47.459999084472656,47.86000061035156,47.119998931884766,47.7599983215332,47.54911422729492,78600
2023-07-19,47.880001068115234,47.880001068115234,46.91999816894531,47.09000015258789,46.882076263427734,55900
2023-07-20,46.38999938964844,46.38999938964844,45.11000061035156,45.349998474121094,45.149749755859375,176100
2023-07-21,45.72999954223633,46.11000061035156,45.5099983215332,45.709999084472656,45.508155822753906,82700
2023-07-24,45.7400016784668,46.09000015258789,45.47999954223633,45.65999984741211,45.4583854675293,49700
2023-07-25,45.66999816894531,46.52000045776367,45.66999816894531,46.33000183105469,46.125423431396484,46100
2023-07-26,45.93000030517578,46.119998931884766,45.290000915527344,45.7599983215332,45.55793762207031,33700
2023-07-27,46.86000061035156,47.599998474121094,46.59000015258789,46.81999969482422,46.61326217651367,91900
2023-07-28,47.63999938964844,47.83000183105469,47.380001068115234,47.75,47.539154052734375,64800
2023-07-31,47.939998626708984,48.189998626708984,47.79999923706055,48.189998626708984,47.97720718383789,44500
2023-08-01,47.810001373291016,48.11000061035156,47.619998931884766,48.040000915527344,47.82787322998047,46300
2023-08-02,47.439998626708984,47.439998626708984,46.20000076293945,46.47999954223633,46.274757385253906,137200
2023-08-03,46.060001373291016,46.720001220703125,45.849998474121094,46.45000076293945,46.244895935058594,84700
2023-08-04,46.400001525878906,46.70000076293945,45.709999084472656,45.97999954223633,45.776973724365234,63000
2023-08-07,46.38999938964844,46.68000030517578,46.2599983215332,46.66999816894531,46.463924407958984,57400
2023-08-08,46.150001525878906,46.150001525878906,45.5099983215332,46.0,45.79688262939453,69600
2023-08-09,45.88999938964844,45.88999938964844,45.08000183105469,45.279998779296875,45.0800666809082,43900
2023-08-10,45.650001525878906,45.939998626708984,44.689998626708984,44.900001525878906,44.70174026489258,42500
2023-08-11,44.54999923706055,44.54999923706055,43.7599983215332,43.81999969482422,43.62651062011719,53400
2023-08-14,43.5,44.75,43.5,44.72999954223633,44.53248596191406,37500
2023-08-15,44.599998474121094,44.599998474121094,44.08000183105469,44.09000015258789,43.895320892333984,26000
2023-08-16,43.93000030517578,44.040000915527344,43.31999969482422,43.34000015258789,43.14863204956055,37700
2023-08-17,43.439998626708984,43.459999084472656,42.810001373291016,42.849998474121094,42.66080093383789,32100
2023-08-18,42.38999938964844,43.40999984741211,42.34000015258789,43.189998626708984,42.99928283691406,32600
2023-08-21,43.470001220703125,44.45000076293945,43.45000076293945,44.349998474121094,44.1541633605957,35300
2023-08-22,44.93000030517578,45.0,43.95000076293945,44.099998474121094,43.9052619934082,65500
2023-08-23,43.77000045776367,45.13999938964844,43.7599983215332,44.9900016784668,44.791343688964844,72400
2023-08-24,45.66999816894531,45.66999816894531,43.72999954223633,43.779998779296875,43.58668899536133,69700
2023-08-25,43.79999923706055,44.20000076293945,43.099998474121094,43.880001068115234,43.68623733520508,34700
2023-08-28,44.29999923706055,44.52000045776367,44.09000015258789,44.38999938964844,44.19398880004883,27700
2023-08-29,44.2599983215332,46.060001373291016,44.2599983215332,45.900001525878906,45.69732666015625,48100
2023-08-30,45.900001525878906,46.470001220703125,45.61000061035156,46.25,46.045780181884766,91900
2023-08-31,46.25,46.97999954223633,46.18000030517578,46.7599983215332,46.553524017333984,38400
2023-09-01,47.0,47.0099983215332,46.470001220703125,46.880001068115234,46.67300033569336,217500
2023-09-05,46.68000030517578,46.77000045776367,46.150001525878906,46.380001068115234,46.17520523071289,97100
2023-09-06,46.13999938964844,46.540000915527344,45.599998474121094,46.09000015258789,45.886478424072266,70300
2023-09-07,45.099998474121094,45.099998474121094,44.04999923706055,44.52000045776367,44.323421478271484,40300
2023-09-08,44.54999923706055,44.56999969482422,44.099998474121094,44.2599983215332,44.06456756591797,31800
2023-09-11,44.68000030517578,44.68000030517578,43.650001525878906,43.9900016784668,43.7957649230957,49200
2023-09-12,43.79999923706055,44.45000076293945,43.689998626708984,43.70000076293945,43.507041931152344,38300
2023-09-13,43.66999816894531,44.25,43.599998474121094,43.810001373291016,43.616554260253906,32200
2023-09-14,44.220001220703125,44.369998931884766,43.75,44.220001220703125,44.024742126464844,46300
2023-09-15,43.81999969482422,43.81999969482422,42.65999984741211,42.90999984741211,42.720523834228516,37600
2023-09-18,42.709999084472656,43.45000076293945,42.709999084472656,43.2599983215332,43.09408950805664,46900
2023-09-19,43.209999084472656,43.2599983215332,42.72999954223633,42.93000030517578,42.76535415649414,26200
2023-09-20,43.150001525878906,43.2400016784668,42.11000061035156,42.11000061035156,41.94849395751953,70500
2023-09-21,41.630001068115234,41.900001525878906,41.47999954223633,41.4900016784668,41.33087921142578,58200
2023-09-22,41.900001525878906,42.209999084472656,41.79999923706055,41.810001373291016,41.64965057373047,22100
2023-09-25,41.65999984741211,42.34000015258789,41.5,42.209999084472656,42.048118591308594,84600
2023-09-26,41.810001373291016,41.939998626708984,41.310001373291016,41.41999816894531,41.261138916015625,44700
2023-09-27,41.720001220703125,42.08000183105469,41.45000076293945,41.959999084472656,41.799076080322266,28100
2023-09-28,41.81999969482422,43.06999969482422,41.81999969482422,42.7599983215332,42.596012115478516,31500
2023-09-29,43.36000061035156,43.459999084472656,42.63999938964844,42.79999923706055,42.6358528137207,24300
2023-10-02,42.880001068115234,43.369998931884766,42.47999954223633,42.84000015258789,42.67570495605469,27400
2023-10-03,42.52000045776367,43.0,41.68000030517578,41.869998931884766,41.70941925048828,47700
2023-10-04,42.13999938964844,42.540000915527344,41.83000183105469,42.40999984741211,42.24734878540039,42000
2023-10-05,42.400001525878906,42.41999816894531,41.900001525878906,42.220001220703125,42.05808639526367,36200
2023-10-06,41.77000045776367,42.9900016784668,41.529998779296875,42.7400016784668,42.576087951660156,32900
2023-10-09,42.25,42.540000915527344,41.88999938964844,42.400001525878906,42.237388610839844,33300
2023-10-10,42.459999084472656,43.470001220703125,42.459999084472656,43.060001373291016,42.89486312866211,68000
2023-10-11,43.27000045776367,43.41999816894531,42.9900016784668,43.40999984741211,43.24351501464844,32300
2023-10-12,43.470001220703125,44.220001220703125,43.27000045776367,43.63999938964844,43.472625732421875,49400
2023-10-13,43.66999816894531,43.720001220703125,42.279998779296875,42.31999969482422,42.15768814086914,71400
2023-10-16,42.4900016784668,42.900001525878906,42.4900016784668,42.66999816894531,42.506351470947266,38800
2023-10-17,41.939998626708984,42.7400016784668,41.41999816894531,42.43000030517578,42.26727294921875,53600
2023-10-18,41.849998474121094,41.95000076293945,41.47999954223633,41.7400016784668,41.57992172241211,30600
2023-10-19,42.0099983215332,42.0099983215332,40.459999084472656,40.59000015258789,40.434329986572266,51200
2023-10-20,40.540000915527344,40.810001373291016,39.900001525878906,39.939998626708984,39.78682327270508,52900
2023-10-23,39.720001220703125,40.20000076293945,39.36000061035156,39.59000015258789,39.43816375732422,126000
2023-10-24,39.779998779296875,40.29999923706055,39.779998779296875,40.18000030517578,40.025901794433594,31200
2023-10-25,39.689998626708984,39.689998626708984,38.58000183105469,38.720001220703125,38.571495056152344,47500
2023-10-26,38.849998474121094,39.36000061035156,38.52000045776367,38.59000015258789,38.44199752807617,59400
2023-10-27,39.04999923706055,39.18000030517578,38.529998779296875,38.720001220703125,38.571495056152344,32000
2023-10-30,38.540000915527344,38.540000915527344,37.59000015258789,37.91999816894531,37.77457046508789,40600
2023-10-31,37.779998779296875,38.13999938964844,37.34000015258789,38.040000915527344,37.89410400390625,49100
2023-11-01,38.08000183105469,38.61000061035156,37.79999923706055,38.599998474121094,38.45195388793945,53500
2023-11-02,39.22999954223633,39.81999969482422,38.95000076293945,39.619998931884766,39.468048095703125,70900
2023-11-03,40.0,40.790000915527344,40.0,40.47999954223633,40.324745178222656,49600
2023-11-06,40.619998931884766,40.619998931884766,39.93000030517578,40.25,40.09563064575195,111500
2023-11-07,40.25,40.709999084472656,40.15999984741211,40.4900016784668,40.3347053527832,55100
2023-11-08,40.5,40.75,40.36000061035156,40.560001373291016,40.404449462890625,41500
2023-11-09,40.779998779296875,41.2400016784668,40.279998779296875,40.34000015258789,40.18529510498047,80400
2023-11-10,40.79999923706055,42.189998626708984,40.65999984741211,42.06999969482422,41.90864944458008,41300
2023-11-13,41.630001068115234,41.83000183105469,41.400001525878906,41.66999816894531,41.51018142700195,37700
2023-11-14,42.61000061035156,43.38999938964844,42.61000061035156,43.369998931884766,43.20366287231445,51500
2023-11-15,43.63999938964844,44.099998474121094,43.459999084472656,43.689998626708984,43.52244186401367,105500
2023-11-16,43.59000015258789,43.97999954223633,43.45000076293945,43.689998626708984,43.52244186401367,21400
2023-11-17,43.560001373291016,43.84000015258789,43.45000076293945,43.810001373291016,43.64198303222656,49500
2023-11-20,43.79999923706055,44.599998474121094,43.79999923706055,44.5,44.3293342590332,42800
2023-11-21,44.150001525878906,44.150001525878906,43.650001525878906,43.869998931884766,43.70174789428711,22700
2023-11-22,44.099998474121094,44.709999084472656,43.90999984741211,43.970001220703125,43.80137252807617,33000
2023-11-24,43.88999938964844,44.040000915527344,43.88999938964844,43.9900016784668,43.821292877197266,10700
2023-11-27,43.81999969482422,44.369998931884766,43.7400016784668,44.02000045776367,43.85117721557617,37200
2023-11-28,43.790000915527344,43.939998626708984,43.33000183105469,43.61000061035156,43.4427490234375,33800
2023-11-29,44.220001220703125,44.65999984741211,43.939998626708984,44.0099983215332,43.84121322631836,27300
2023-11-30,44.20000076293945,44.20000076293945,43.43000030517578,43.7400016784668,43.57225036621094,26800
2023-12-01,43.41999816894531,43.959999084472656,43.27000045776367,43.869998931884766,43.70174789428711,49400
2023-12-04,43.560001373291016,43.560001373291016,42.77000045776367,43.459999084472656,43.29331970214844,75400
2023-12-05,43.15999984741211,43.220001220703125,42.84000015258789,43.08000183105469,42.91477966308594,35700
2023-12-06,43.599998474121094,43.849998474121094,42.900001525878906,42.900001525878906,42.735469818115234,59000
2023-12-07,43.36000061035156,43.939998626708984,43.09000015258789,43.849998474121094,43.681827545166016,40000
2023-12-08,43.790000915527344,44.470001220703125,43.790000915527344,44.189998626708984,44.0205192565918,35400
2023-12-11,44.459999084472656,45.72999954223633,44.459999084472656,45.59000015258789,45.4151496887207,84000
2023-12-12,45.41999816894531,45.97999954223633,45.369998931884766,45.900001525878906,45.723968505859375,51000
2023-12-13,46.0,47.13999938964844,45.849998474121094,46.900001525878906,46.72012710571289,55600
2023-12-14,47.369998931884766,48.630001068115234,47.34000015258789,48.59000015258789,48.403648376464844,90600
2023-12-15,48.709999084472656,49.0,48.41999816894531,48.5099983215332,48.32394790649414,42400
2023-12-18,48.439998626708984,48.65999984741211,48.029998779296875,48.380001068115234,48.24617385864258,52600
2023-12-19,48.54999923706055,48.86000061035156,48.54999923706055,48.79999923706055,48.66500473022461,54800
2023-12-20,48.599998474121094,48.83000183105469,47.380001068115234,47.380001068115234,47.24893569946289,53800
2023-12-21,48.439998626708984,48.959999084472656,48.20000076293945,48.90999984741211,48.774696350097656,78100
2023-12-22,49.060001373291016,49.400001525878906,48.93000030517578,49.15999984741211,49.02400588989258,115600
2023-12-26,49.349998474121094,50.209999084472656,49.349998474121094,50.040000915527344,49.901573181152344,64700
2023-12-27,50.25,50.25,49.86000061035156,50.060001373291016,49.92152404785156,60900
2023-12-28,50.130001068115234,50.279998779296875,49.91999816894531,49.91999816894531,49.78190612792969,47100
2023-12-29,49.849998474121094,50.02000045776367,49.279998779296875,49.5,49.363075256347656,72900
2024-01-02,48.7599983215332,48.7599983215332,47.380001068115234,47.709999084472656,47.57801818847656,132800
2024-01-03,46.97999954223633,47.16999816894531,46.5,46.58000183105469,46.45115280151367,72200
2024-01-04,45.77000045776367,46.31999969482422,45.599998474121094,45.90999984741211,45.78300476074219,107400
2024-01-05,45.84000015258789,46.279998779296875,45.79999923706055,45.970001220703125,45.84284210205078,51300
2024-01-08,46.18000030517578,47.459999084472656,46.18000030517578,47.279998779296875,47.14921188354492,81200
2024-01-09,46.779998779296875,47.63999938964844,46.720001220703125,47.369998931884766,47.23896408081055,79900
2024-01-10,47.47999954223633,47.47999954223633,46.529998779296875,47.15999984741211,47.029541015625,38800
2024-01-11,47.16999816894531,47.5,46.310001373291016,47.29999923706055,47.16915512084961,46100
2024-01-12,47.38999938964844,47.5,46.779998779296875,47.04999923706055,46.919857025146484,25400
2024-01-16,47.06999969482422,47.90999984741211,46.880001068115234,47.709999084472656,47.57801818847656,45500
2024-01-17,47.189998626708984,47.22999954223633,46.4900016784668,47.15999984741211,47.029541015625,37000
2024-01-18,48.29999923706055,48.869998931884766,48.130001068115234,48.689998626708984,48.5553092956543,58800
2024-01-19,49.310001373291016,50.59000015258789,49.119998931884766,50.56999969482422,50.430110931396484,92800
2024-01-22,51.0,51.45000076293945,50.650001525878906,51.02000045776367,50.87886428833008,70200
2024-01-23,51.11000061035156,51.25,50.63999938964844,51.18000030517578,51.038429260253906,39900
2024-01-24,51.86000061035156,52.54999923706055,51.52000045776367,51.72999954223633,51.5869026184082,64700
2024-01-25,52.54999923706055,52.689998626708984,51.43000030517578,51.66999816894531,51.52706527709961,68500
2024-01-26,50.77000045776367,50.93000030517578,50.11000061035156,50.209999084472656,50.07110595703125,68500
2024-01-29,50.38999938964844,50.790000915527344,49.959999084472656,50.790000915527344,50.649505615234375,49800
2024-01-30,50.599998474121094,50.810001373291016,49.880001068115234,50.060001373291016,49.92152404785156,62600
2024-01-31,49.29999923706055,50.060001373291016,48.83000183105469,49.060001373291016,48.924293518066406,57000
2024-02-01,49.31999969482422,49.560001373291016,48.7599983215332,49.45000076293945,49.31320571899414,51100
2024-02-02,49.40999984741211,50.119998931884766,49.380001068115234,50.0099983215332,49.87165451049805,60100
2024-02-05,50.16999816894531,50.689998626708984,49.810001373291016,50.45000076293945,50.310447692871094,48100
2024-02-06,50.58000183105469,50.58000183105469,49.189998626708984,49.7599983215332,49.62234878540039,65200
2024-02-07,49.970001220703125,50.290000915527344,49.369998931884766,50.09000015258789,49.951438903808594,61100
2024-02-08,50.040000915527344,51.459999084472656,50.040000915527344,51.029998779296875,50.88883590698242,67200
2024-02-09,51.349998474121094,52.68000030517578,51.29999923706055,52.619998931884766,52.47444152832031,48700
2024-02-12,52.63999938964844,53.529998779296875,52.5,52.68000030517578,52.53427505493164,45200
2024-02-13,51.09000015258789,51.95000076293945,50.63999938964844,51.22999954223633,51.08828353881836,45600
2024-02-14,52.029998779296875,52.83000183105469,52.0,52.81999969482422,52.673885345458984,58700
2024-02-15,53.29999923706055,53.459999084472656,52.79999923706055,53.08000183105469,52.93316650390625,71100
2024-02-16,53.54999923706055,53.849998474121094,52.88999938964844,53.04999923706055,52.90324783325195,61700
2024-02-20,52.380001068115234,52.41999816894531,51.0,51.59000015258789,51.44728469848633,92300
2024-02-21,51.02000045776367,51.02000045776367,50.290000915527344,51.0,50.858924865722656,55700
2024-02-22,53.029998779296875,53.470001220703125,52.68000030517578,53.209999084472656,53.062808990478516,71300
2024-02-23,53.5,53.560001373291016,52.369998931884766,52.630001068115234,52.484413146972656,115600
2024-02-26,53.150001525878906,53.56999969482422,52.939998626708984,53.31999969482422,53.17250442504883,71700
2024-02-27,53.689998626708984,53.689998626708984,53.11000061035156,53.16999816894531,53.02291488647461,36300
2024-02-28,52.93000030517578,53.54999923706055,52.93000030517578,53.349998474121094,53.20241928100586,33600
2024-02-29,54.04999923706055,54.41999816894531,53.45000076293945,54.31999969482422,54.169734954833984,42800
2024-03-01,54.900001525878906,56.83000183105469,54.779998779296875,56.599998474121094,56.44343566894531,72800
2024-03-04,57.2400016784668,57.290000915527344,56.4900016784668,56.779998779296875,56.62293243408203,91700
2024-03-05,56.2599983215332,56.2599983215332,54.68000030517578,55.290000915527344,55.13705062866211,90600
2024-03-06,56.349998474121094,57.130001068115234,55.790000915527344,56.61000061035156,56.453407287597656,93600
2024-03-07,57.31999969482422,58.59000015258789,57.290000915527344,58.220001220703125,58.0589485168457,148700
2024-03-08,58.540000915527344,58.540000915527344,56.0,56.0,55.845088958740234,182100
2024-03-11,55.4900016784668,55.4900016784668,54.34000015258789,55.13999938964844,54.98746871948242,125200
2024-03-12,55.70000076293945,56.060001373291016,54.869998931884766,56.060001373291016,55.904930114746094,71200
2024-03-13,55.65999984741211,55.65999984741211,54.36000061035156,54.630001068115234,54.4788818359375,85800
2024-03-14,54.79999923706055,54.79999923706055,53.2599983215332,53.779998779296875,53.6312255859375,49500
2024-03-15,53.279998779296875,53.84000015258789,53.119998931884766,53.29999923706055,53.15256118774414,55200
2024-03-18,54.29999923706055,54.52000045776367,53.599998474121094,53.65999984741211,53.511558532714844,118100
2024-03-19,53.220001220703125,53.529998779296875,52.2599983215332,53.310001373291016,53.162532806396484,98100
2024-03-20,53.56999969482422,54.7599983215332,53.27000045776367,54.619998931884766,54.468910217285156,104100
2024-03-21,56.5,57.27000045776367,56.18000030517578,56.20000076293945,56.04453659057617,174700
2024-03-22,56.130001068115234,56.599998474121094,55.7599983215332,56.279998779296875,56.12431716918945,71400
2024-03-25,55.709999084472656,56.779998779296875,55.5099983215332,56.2400016784668,56.084434509277344,77300
2024-03-26,56.709999084472656,57.0099983215332,55.83000183105469,55.869998931884766,55.715450286865234,48600
2024-03-27,56.34000015258789,56.4900016784668,55.45000076293945,56.4900016784668,56.333736419677734,42400
2024-03-28,56.5099983215332,56.560001373291016,56.150001525878906,56.43000030517578,56.27389907836914,60800
2024-04-01,56.4900016784668,57.84000015258789,56.4900016784668,57.0099983215332,56.852291107177734,155800
2024-04-02,56.099998474121094,56.52000045776367,55.689998626708984,56.41999816894531,56.2639274597168,46600
2024-04-03,55.880001068115234,57.27000045776367,55.849998474121094,56.9900016784668,56.83235549926758,40600
2024-04-04,57.619998931884766,57.9900016784668,55.43000030517578,55.54999923706055,55.39633560180664,68500
2024-04-05,55.709999084472656,56.58000183105469,55.40999984741211,56.25,56.094398498535156,54200
2024-04-08,56.689998626708984,56.689998626708984,56.25,56.380001068115234,56.22403335571289,31000
2024-04-09,56.84000015258789,57.029998779296875,56.0,56.84000015258789,56.682769775390625,61100
2024-04-10,55.97999954223633,56.41999816894531,55.36000061035156,55.63999938964844,55.48609161376953,77500
2024-04-11,55.939998626708984,57.15999984741211,55.45000076293945,57.099998474121094,56.94204330444336,68600
2024-04-12,56.060001373291016,56.16999816894531,54.9900016784668,55.209999084472656,55.057281494140625,68000
2024-04-15,55.91999816894531,56.16999816894531,54.11000061035156,54.400001525878906,54.24951934814453,48300
2024-04-16,54.290000915527344,55.29999923706055,54.130001068115234,55.0,54.84785461425781,42300
2024-04-17,55.060001373291016,55.099998474121094,53.130001068115234,53.209999084472656,53.062808990478516,66900
2024-04-18,53.0,53.220001220703125,52.060001373291016,52.15999984741211,52.01571273803711,58100
2024-04-19,51.81999969482422,52.0,49.7599983215332,50.099998474121094,49.96141052246094,108100
2024-04-22,50.61000061035156,51.16999816894531,50.0,50.88999938964844,50.74922180175781,35900
2024-04-23,51.2599983215332,52.41999816894531,51.08000183105469,52.09000015258789,51.94590377807617,43500
2024-04-24,52.97999954223633,53.4900016784668,52.02000045776367,52.54999923706055,52.40462875366211,58000
2024-04-25,52.2400016784668,53.720001220703125,52.20000076293945,53.43000030517578,53.28220748901367,41600
2024-04-26,53.31999969482422,54.810001373291016,53.31999969482422,54.58000183105469,54.429019927978516,38300
2024-04-29,54.56999969482422,55.040000915527344,54.06999969482422,55.040000915527344,54.887752532958984,44000
2024-04-30,54.720001220703125,55.36000061035156,53.81999969482422,53.849998474121094,53.7010383605957,81400
2024-05-01,52.970001220703125,53.86000061035156,51.7400016784668,52.06999969482422,51.925960540771484,194700
2024-05-02,53.060001373291016,53.70000076293945,52.33000183105469,53.599998474121094,53.45172882080078,81600
2024-05-03,54.77000045776367,55.13999938964844,54.43000030517578,54.779998779296875,54.62846374511719,46800
2024-05-06,55.38999938964844,55.9900016784668,55.29999923706055,55.9900016784668,55.83511734008789,50300
2024-05-07,56.02000045776367,56.29999923706055,55.63999938964844,55.709999084472656,55.55588912963867,36100
2024-05-08,55.2599983215332,55.720001220703125,55.150001525878906,55.689998626708984,55.53594970703125,44100
2024-05-09,55.84000015258789,56.099998474121094,55.470001220703125,55.77000045776367,55.61572265625,40000
2024-05-10,56.380001068115234,56.79999923706055,55.900001525878906,56.11000061035156,55.95479202270508,33200
2024-05-13,56.45000076293945,56.459999084472656,55.95000076293945,56.060001373291016,55.904930114746094,57600
2024-05-14,56.09000015258789,57.02000045776367,56.08000183105469,56.95000076293945,56.79246520996094,42000
2024-05-15,57.41999816894531,58.5099983215332,57.220001220703125,58.459999084472656,58.29827880859375,56200
2024-05-16,58.459999084472656,58.689998626708984,57.970001220703125,57.970001220703125,57.80963897705078,60600
2024-05-17,58.369998931884766,58.369998931884766,57.16999816894531,57.63999938964844,57.480552673339844,37300
2024-05-20,57.75,59.290000915527344,57.75,58.849998474121094,58.68720626831055,58700
2024-05-21,58.29999923706055,58.95000076293945,58.06999969482422,58.849998474121094,58.68720626831055,38900
2024-05-22,59.04999923706055,59.150001525878906,58.5099983215332,58.91999816894531,58.757015228271484,54500
2024-05-23,60.31999969482422,60.31999969482422,58.25,58.72999954223633,58.567535400390625,79800
2024-05-24,59.290000915527344,60.0099983215332,59.06999969482422,59.720001220703125,59.55480194091797,37100
2024-05-28,60.529998779296875,60.7400016784668,59.720001220703125,60.59000015258789,60.42238998413086,68500
2024-05-29,59.630001068115234,60.04999923706055,59.369998931884766,59.65999984741211,59.49496078491211,82300
2024-05-30,59.4900016784668,59.97999954223633,59.20000076293945,59.52000045776367,59.355350494384766,58100
2024-05-31,59.7599983215332,59.810001373291016,57.25,58.81999969482422,58.657283782958984,89900
2024-06-03,59.70000076293945,59.70000076293945,57.81999969482422,58.84000015258789,58.6772346496582,41500
2024-06-04,58.68000030517578,58.68000030517578,57.7400016784668,58.22999954223633,58.06892013549805,52500
2024-06-05,59.2599983215332,60.959999084472656,59.08000183105469,60.900001525878906,60.731536865234375,169500
2024-06-06,61.15999984741211,61.15999984741211,60.099998474121094,60.38999938964844,60.22294616699219,72700
2024-06-07,59.970001220703125,60.09000015258789,59.400001525878906,59.79999923706055,59.63458251953125,62200
2024-06-10,59.56999969482422,61.220001220703125,59.16999816894531,60.9900016784668,60.8212890625,58300
2024-06-11,60.59000015258789,61.0099983215332,60.150001525878906,60.959999084472656,60.7913703918457,51800
2024-06-12,62.150001525878906,63.130001068115234,62.150001525878906,62.689998626708984,62.51658630371094,53500
2024-06-13,63.2400016784668,63.540000915527344,62.349998474121094,63.189998626708984,63.01519775390625,54600
2024-06-14,62.61000061035156,62.790000915527344,62.119998931884766,62.65999984741211,62.48666763305664,62500
2024-06-17,62.970001220703125,63.9900016784668,62.349998474121094,63.939998626708984,63.76312255859375,76100
2024-06-18,64.05999755859375,65.33999633789062,64.05999755859375,64.83999633789062,64.66063690185547,63900
2024-06-20,65.08000183105469,65.08000183105469,62.58000183105469,62.9900016784668,62.81575393676758,107500
2024-06-21,62.540000915527344,62.720001220703125,61.09000015258789,62.25,62.07780456542969,53400
2024-06-24,61.63999938964844,61.93000030517578,60.7599983215332,60.7599983215332,60.63867950439453,108000
2024-06-25,61.31999969482422,62.09000015258789,60.709999084472656,62.09000015258789,61.966026306152344,49400
2024-06-26,62.0,62.439998626708984,61.31999969482422,61.939998626708984,61.816322326660156,39300
2024-06-27,61.900001525878906,62.349998474121094,61.459999084472656,62.040000915527344,61.9161262512207,51600
2024-06-28,62.58000183105469,64.05999755859375,62.25,62.810001373291016,62.68458938598633,58300
2024-07-01,62.95000076293945,62.95000076293945,61.310001373291016,62.7599983215332,62.634681701660156,181200
2024-07-02,62.5099983215332,63.630001068115234,62.5099983215332,63.630001068115234,63.50295639038086,50000
2024-07-03,63.689998626708984,64.7300033569336,63.34000015258789,64.4000015258789,64.27141571044922,23200
2024-07-05,64.76000213623047,64.87000274658203,64.0199966430664,64.55999755859375,64.43109130859375,53300
2024-07-08,65.06999969482422,65.86000061035156,65.0,65.56999969482422,65.4390869140625,79600
2024-07-09,65.95999908447266,66.37000274658203,65.20999908447266,65.5999984741211,65.46900177001953,85300
2024-07-10,66.18000030517578,66.72000122070312,65.86000061035156,66.68000030517578,66.54685974121094,95300
2024-07-11,67.06999969482422,67.33000183105469,64.66000366210938,64.7300033569336,64.60074615478516,97300
2024-07-12,65.1500015258789,66.41000366210938,64.61000061035156,65.4800033569336,65.3492660522461,62700
2024-07-15,66.02999877929688,66.9000015258789,65.4800033569336,66.23999786376953,66.10774230957031,146500
2024-07-16,66.61000061035156,66.7300033569336,65.6500015258789,66.72000122070312,66.58677673339844,111100
2024-07-17,64.33000183105469,64.33000183105469,61.20000076293945,61.290000915527344,61.167633056640625,173600
2024-07-18,62.2400016784668,62.33000183105469,59.61000061035156,60.689998626708984,60.56882095336914,148800
2024-07-19,60.72999954223633,60.72999954223633,59.0099983215332,59.130001068115234,59.011940002441406,117700
2024-07-22,60.279998779296875,61.68000030517578,60.0099983215332,61.599998474121094,61.47700500488281,66000
2024-07-23,60.959999084472656,61.650001525878906,60.75,61.08000183105469,60.95804214477539,60300
2024-07-24,60.04999923706055,60.27000045776367,57.619998931884766,57.689998626708984,57.57481002807617,93300
2024-07-25,57.31999969482422,57.619998931884766,55.11000061035156,55.959999084472656,55.848262786865234,121300
2024-07-26,57.369998931884766,57.380001068115234,56.400001525878906,56.880001068115234,56.76642990112305,53400
2024-07-29,57.400001525878906,58.439998626708984,56.56999969482422,56.630001068115234,56.51692581176758,44800
2024-07-30,56.93000030517578,56.93000030517578,53.75,53.9900016784668,53.882205963134766,119200
2024-07-31,56.31999969482422,57.45000076293945,56.220001220703125,57.45000076293945,57.335296630859375,198000
2024-08-01,56.43000030517578,56.79999923706055,52.36000061035156,52.93000030517578,52.824310302734375,331500
2024-08-02,51.0099983215332,51.56999969482422,49.75,50.31999969482422,50.21952438354492,270200
2024-08-05,46.599998474121094,50.86000061035156,46.599998474121094,49.58000183105469,49.48100280761719,385300
2024-08-06,50.04999923706055,51.22999954223633,49.040000915527344,49.93000030517578,49.8303108215332,332200
2024-08-07,51.81999969482422,51.95000076293945,48.959999084472656,49.130001068115234,49.03190612792969,160900
2024-08-08,50.66999816894531,52.65999984741211,50.0099983215332,52.65999984741211,52.55485153198242,113600
2024-08-09,52.36000061035156,53.15999984741211,52.029998779296875,52.869998931884766,52.764434814453125,192200
2024-08-12,52.95000076293945,53.58000183105469,52.369998931884766,53.060001373291016,52.95405960083008,85500
2024-08-13,53.7400016784668,55.11000061035156,53.529998779296875,55.040000915527344,54.93010711669922,80400
2024-08-14,55.56999969482422,55.650001525878906,54.16999816894531,54.970001220703125,54.8602409362793,74100
2024-08-15,56.279998779296875,58.0,56.11000061035156,57.83000183105469,57.714534759521484,114300
2024-08-16,57.2599983215332,57.880001068115234,56.939998626708984,57.529998779296875,57.41513442993164,56300
2024-08-19,57.45000076293945,58.31999969482422,56.5099983215332,58.29999923706055,58.183589935302734,85600
2024-08-20,58.20000076293945,58.45000076293945,57.18000030517578,57.43000030517578,57.31533432006836,65100
2024-08-21,57.81999969482422,58.90999984741211,57.709999084472656,58.720001220703125,58.60275650024414,98600
2024-08-22,59.13999938964844,59.13999938964844,56.72999954223633,56.869998931884766,56.756446838378906,122600
2024-08-23,57.720001220703125,58.720001220703125,57.52000045776367,58.38999938964844,58.273414611816406,102700
2024-08-26,58.20000076293945,58.20000076293945,56.59000015258789,56.81999969482422,56.706546783447266,46700
2024-08-27,56.38999938964844,57.65999984741211,55.939998626708984,57.459999084472656,57.345272064208984,52900
2024-08-28,57.38999938964844,57.43000030517578,55.849998474121094,56.61000061035156,56.49697494506836,80300
2024-08-29,56.9900016784668,58.2599983215332,56.650001525878906,56.95000076293945,56.8362922668457,106300
2024-08-30,57.97999954223633,58.060001373291016,56.790000915527344,57.650001525878906,57.53489303588867,64200
2024-09-03,56.52000045776367,56.52000045776367,52.779998779296875,53.0,52.8941764831543,159100
2024-09-04,52.540000915527344,54.119998931884766,52.2599983215332,53.33000183105469,53.2235221862793,129000
2024-09-05,52.689998626708984,53.689998626708984,52.56999969482422,52.939998626708984,52.834293365478516,153400
2024-09-06,52.65999984741211,52.65999984741211,50.58000183105469,50.779998779296875,50.67860412597656,149000
2024-09-09,51.52000045776367,51.869998931884766,50.970001220703125,51.349998474121094,51.24747085571289,67800
2024-09-10,51.560001373291016,51.79999923706055,50.75,51.72999954223633,51.626712799072266,81400
2024-09-11,51.95000076293945,53.959999084472656,51.209999084472656,53.869998931884766,53.76243591308594,183800
2024-09-12,53.790000915527344,54.09000015258789,52.83000183105469,53.43000030517578,53.32332229614258,63400
2024-09-13,53.939998626708984,54.709999084472656,53.939998626708984,54.65999984741211,54.550865173339844,56300
2024-09-16,53.81999969482422,53.81999969482422,52.93000030517578,53.439998626708984,53.33329772949219,59000
2024-09-17,54.06999969482422,54.41999816894531,53.36000061035156,53.849998474121094,53.74247741699219,86300
2024-09-18,54.209999084472656,54.88999938964844,53.279998779296875,53.279998779296875,53.173614501953125,77300
2024-09-19,55.31999969482422,56.16999816894531,54.88999938964844,55.59000015258789,55.47900390625,116900
2024-09-20,55.13999938964844,55.220001220703125,54.43000030517578,54.880001068115234,54.770423889160156,78900
2024-09-23,55.11000061035156,55.36000061035156,54.7599983215332,55.11000061035156,55.00697708129883,1059300
2024-09-24,55.709999084472656,56.0099983215332,55.0099983215332,55.75,55.645782470703125,144400
2024-09-25,55.61000061035156,56.5,55.61000061035156,56.11000061035156,56.0051155090332,125500
2024-09-26,58.869998931884766,59.34000015258789,57.189998626708984,58.880001068115234,58.76993179321289,181800
2024-09-27,59.09000015258789,59.09000015258789,57.630001068115234,57.90999984741211,57.80174255371094,159600
2024-09-30,57.27000045776367,58.130001068115234,56.77000045776367,57.52000045776367,57.41246795654297,96400
2024-10-01,57.34000015258789,57.34000015258789,55.150001525878906,55.41999816894531,55.31639862060547,111700
2024-10-02,55.560001373291016,56.9900016784668,55.36000061035156,56.41999816894531,56.31453323364258,54700
2024-10-03,55.83000183105469,56.90999984741211,55.75,56.04999923706055,55.945220947265625,93500
2024-10-04,57.650001525878906,57.650001525878906,56.709999084472656,57.220001220703125,57.113037109375,103300
2024-10-07,56.90999984741211,57.52000045776367,56.810001373291016,57.25,57.14297866821289,60200
2024-10-08,57.029998779296875,57.63999938964844,56.68000030517578,57.40999984741211,57.30268096923828,70500
2024-10-09,57.630001068115234,58.529998779296875,57.439998626708984,58.2599983215332,58.15108871459961,72400
2024-10-10,57.369998931884766,58.220001220703125,56.939998626708984,58.15999984741211,58.05127716064453,38300
2024-10-11,57.790000915527344,59.290000915527344,57.790000915527344,59.119998931884766,59.00947952270508,69400
2024-10-14,59.630001068115234,60.34000015258789,59.630001068115234,60.18000030517578,60.0675048828125,128200
2024-10-15,59.900001525878906,60.29999923706055,56.63999938964844,56.83000183105469,56.72377014160156,93900
2024-10-16,57.68000030517578,57.68000030517578,56.7599983215332,56.93000030517578,56.823577880859375,85300
2024-10-17,58.189998626708984,58.29999923706055,57.0099983215332,57.04999923706055,56.94335174560547,77300
2024-10-18,57.66999816894531,57.66999816894531,56.86000061035156,57.02000045776367,56.91340637207031,40800
2024-10-21,56.720001220703125,56.86000061035156,56.22999954223633,56.849998474121094,56.74372863769531,67300
2024-10-22,56.439998626708984,56.810001373291016,56.18000030517578,56.52000045776367,56.41434097290039,45400
2024-10-23,56.40999984741211,56.720001220703125,55.2599983215332,56.060001373291016,55.95520782470703,55400
2024-10-24,56.58000183105469,56.58000183105469,55.869998931884766,56.20000076293945,56.094940185546875,41800
2024-10-25,56.68000030517578,57.810001373291016,56.68000030517578,57.06999969482422,56.96331787109375,62800
2024-10-28,57.11000061035156,57.40999984741211,56.939998626708984,57.0099983215332,56.903419494628906,34000
2024-10-29,56.83000183105469,58.34000015258789,56.58000183105469,58.209999084472656,58.10118103027344,45500
2024-10-30,56.95000076293945,57.459999084472656,56.68000030517578,56.79999923706055,56.69382095336914,61300
2024-10-31,56.2400016784668,56.2400016784668,53.93000030517578,54.310001373291016,54.20848083496094,73400
2024-11-01,54.560001373291016,55.2400016784668,54.5099983215332,54.63999938964844,54.53785705566406,90200
2024-11-04,54.4900016784668,55.20000076293945,54.150001525878906,54.220001220703125,54.11864471435547,47200
2024-11-05,54.7400016784668,55.7599983215332,54.7400016784668,55.72999954223633,55.62582015991211,61000
2024-11-06,56.970001220703125,57.66999816894531,56.380001068115234,57.61000061035156,57.50230407714844,72100
2024-11-07,58.779998779296875,59.099998474121094,58.5099983215332,59.02000045776367,58.90966796875,70800
2024-11-08,58.779998779296875,58.970001220703125,58.279998779296875,58.77000045776367,58.66014099121094,49500
2024-11-11,58.599998474121094,58.599998474121094,56.880001068115234,57.47999954223633,57.37254333496094,49500
2024-11-12,57.31999969482422,57.52000045776367,55.970001220703125,56.7599983215332,56.65388870239258,58000
2024-11-13,56.560001373291016,56.880001068115234,55.4900016784668,55.540000915527344,55.43617248535156,86100
2024-11-14,56.04999923706055,56.209999084472656,55.209999084472656,55.41999816894531,55.31639862060547,62400
2024-11-15,54.33000183105469,54.599998474121094,53.13999938964844,53.2599983215332,53.16044235229492,82200
2024-11-18,53.47999954223633,54.22999954223633,53.22999954223633,54.060001373291016,53.958946228027344,47200
2024-11-19,53.72999954223633,54.68000030517578,53.709999084472656,54.529998779296875,54.428062438964844,48600
2024-11-20,54.400001525878906,54.560001373291016,53.72999954223633,54.529998779296875,54.428062438964844,44100
2024-11-21,55.279998779296875,56.720001220703125,54.939998626708984,56.380001068115234,56.27460479736328,140900
2024-11-22,56.41999816894531,56.66999816894531,56.13999938964844,56.400001525878906,56.2945671081543,46700
2024-11-25,57.150001525878906,57.7599983215332,57.02000045776367,57.15999984741211,57.05315399169922,58000
2024-11-26,57.869998931884766,58.0,56.29999923706055,56.689998626708984,56.58402633666992,84700
2024-11-27,56.650001525878906,56.650001525878906,54.84000015258789,55.689998626708984,55.58589553833008,40800
2024-11-29,56.27000045776367,57.33000183105469,56.27000045776367,56.81999969482422,56.713783264160156,34600
2024-12-02,56.83000183105469,58.150001525878906,56.79999923706055,57.84000015258789,57.731876373291016,55800
2024-12-03,57.65999984741211,58.720001220703125,57.65999984741211,58.709999084472656,58.600250244140625,42000
2024-12-04,59.790000915527344,59.790000915527344,59.189998626708984,59.41999816894531,59.30892562866211,45600
2024-12-05,59.40999984741211,59.40999984741211,57.470001220703125,57.63999938964844,57.53225326538086,88400
2024-12-06,57.72999954223633,58.63999938964844,57.70000076293945,58.63999938964844,58.53038024902344,50800
2024-12-09,58.61000061035156,59.83000183105469,58.5,59.150001525878906,59.0394287109375,55900
2024-12-10,59.310001373291016,59.310001373291016,57.310001373291016,57.66999816894531,57.56219482421875,40800
2024-12-11,58.65999984741211,59.630001068115234,58.47999954223633,59.29999923706055,59.189144134521484,40300
2024-12-12,58.7599983215332,58.88999938964844,58.31999969482422,58.68000030517578,58.57030487060547,47100
2024-12-13,59.650001525878906,60.41999816894531,59.18000030517578,59.83000183105469,59.71815872192383,36100
2024-12-16,60.150001525878906,61.09000015258789,59.779998779296875,60.97999954223633,60.866004943847656,78800
2024-12-17,60.45000076293945,60.72999954223633,59.849998474121094,60.209999084472656,60.097442626953125,55700
2024-12-18,60.630001068115234,61.65999984741211,57.68000030517578,58.119998931884766,58.0113525390625,67900
2024-12-19,58.279998779296875,58.380001068115234,57.0,57.189998626708984,57.083091735839844,48100
2024-12-20,56.689998626708984,58.540000915527344,56.689998626708984,57.95000076293945,57.84166717529297,47400
2024-12-23,58.27000045776367,59.22999954223633,58.27000045776367,59.22999954223633,59.14888381958008,49300
2024-12-24,59.619998931884766,59.970001220703125,59.380001068115234,59.90999984741211,59.827945709228516,30400
2024-12-26,59.66999816894531,60.459999084472656,59.45000076293945,60.27000045776367,60.18745422363281,25700
2024-12-27,59.79999923706055,59.79999923706055,58.650001525878906,59.439998626708984,59.35858917236328,25400
2024-12-30,58.29999923706055,58.77000045776367,57.72999954223633,58.20000076293945,58.12028884887695,31500
2024-12-31,58.459999084472656,58.7400016784668,57.720001220703125,57.91999816894531,57.84067153930664,25300
2025-01-02,58.630001068115234,59.529998779296875,58.13999938964844,58.63999938964844,58.55968475341797,42100
2025-01-03,59.09000015258789,60.2599983215332,58.970001220703125,60.2400016784668,60.157493591308594,41100
2025-01-06,61.68000030517578,62.95000076293945,61.68000030517578,62.130001068115234,62.0449104309082,64300
2025-01-07,62.97999954223633,63.16999816894531,61.130001068115234,61.439998626708984,61.3558464050293,59400
2025-01-08,61.33000183105469,61.33000183105469,60.36000061035156,61.22999954223633,61.14613723754883,44500
2025-01-10,60.349998474121094,60.369998931884766,59.27000045776367,60.02000045776367,59.93779754638672,93400
2025-01-13,58.689998626708984,59.619998931884766,58.2599983215332,59.54999923706055,59.46843719482422,57100
2025-01-14,60.369998931884766,60.88999938964844,59.7400016784668,60.529998779296875,60.44709777832031,38600
2025-01-15,61.77000045776367,62.29999923706055,61.2599983215332,61.75,61.665428161621094,50800
2025-01-16,62.849998474121094,63.29999923706055,62.20000076293945,62.22999954223633,62.144771575927734,41400
2025-01-17,63.75,63.790000915527344,62.939998626708984,63.63999938964844,63.55283737182617,137700
2025-01-21,64.30999755859375,65.0,63.470001220703125,64.5199966430664,64.43163299560547,69300
2025-01-22,65.25,66.01000213623047,64.9800033569336,64.9800033569336,64.89099884033203,109900
2025-01-23,63.93000030517578,64.56999969482422,63.47999954223633,64.54000091552734,64.45161437988281,52800
2025-01-24,64.58999633789062,64.58999633789062,62.91999816894531,63.16999816894531,63.0834846496582,66600
2025-01-27,59.400001525878906,59.529998779296875,55.720001220703125,56.56999969482422,56.49251937866211,194100
2025-01-28,57.16999816894531,57.4900016784668,55.97999954223633,57.13999938964844,57.061737060546875,70300
2025-01-29,57.869998931884766,57.88999938964844,57.029998779296875,57.56999969482422,57.491153717041016,43200
2025-01-30,58.599998474121094,59.90999984741211,58.58000183105469,59.70000076293945,59.61824035644531,43600
2025-01-31,60.0,61.5,59.63999938964844,59.79999923706055,59.71809768676758,62100
2025-02-03,57.81999969482422,59.400001525878906,57.66999816894531,58.7599983215332,58.67952346801758,80100
2025-02-04,58.52000045776367,59.52000045776367,58.52000045776367,59.41999816894531,59.338619232177734,31600
2025-02-05,59.81999969482422,61.459999084472656,59.7599983215332,61.40999984741211,61.325897216796875,53700
2025-02-06,61.0099983215332,61.220001220703125,60.18000030517578,60.72999954223633,60.64682388305664,60100
2025-02-07,60.93000030517578,60.93000030517578,58.849998474121094,59.29999923706055,59.218780517578125,108300
2025-02-10,59.349998474121094,59.66999816894531,59.02000045776367,59.56999969482422,59.48841094970703,51900
2025-02-11,58.95000076293945,59.439998626708984,58.720001220703125,58.810001373291016,58.72945022583008,30300
2025-02-12,57.599998474121094,58.29999923706055,57.540000915527344,58.2599983215332,58.180206298828125,64600
2025-02-13,58.630001068115234,59.2400016784668,58.619998931884766,59.18000030517578,59.098941802978516,31400
2025-02-14,59.209999084472656,59.310001373291016,58.560001373291016,59.2400016784668,59.15886688232422,30100
2025-02-18,59.869998931884766,60.4900016784668,59.33000183105469,60.29999923706055,60.217411041259766,55600
2025-02-19,60.45000076293945,61.33000183105469,60.29999923706055,61.040000915527344,60.95640182495117,40500
2025-02-20,61.279998779296875,61.88999938964844,60.63999938964844,61.06999969482422,60.986351013183594,45200
2025-02-21,61.40999984741211,61.41999816894531,58.869998931884766,59.09000015258789,59.009071350097656,31000
2025-02-24,59.470001220703125,59.470001220703125,57.52000045776367,57.52000045776367,57.44121551513672,47800
2025-02-25,57.31999969482422,57.31999969482422,55.560001373291016,55.709999084472656,55.633697509765625,54300
2025-02-26,56.709999084472656,57.959999084472656,56.709999084472656,57.33000183105469,57.25148391723633,43400
2025-02-27,57.900001525878906,57.900001525878906,53.70000076293945,53.709999084472656,53.636436462402344,67400
2025-02-28,53.529998779296875,54.86000061035156,52.83000183105469,54.439998626708984,54.36543655395508,47500
2025-03-03,55.04999923706055,55.04999923706055,51.599998474121094,52.0,51.92877960205078,75600
2025-03-04,51.70000076293945,53.65999984741211,50.79999923706055,52.439998626708984,52.3681755065918,60600
2025-03-05,52.54999923706055,53.45000076293945,51.70000076293945,53.45000076293945,53.37679672241211,61100
2025-03-06,51.54999923706055,52.810001373291016,50.97999954223633,51.18000030517578,51.10990905761719,49000
2025-03-07,51.38999938964844,52.66999816894531,50.36000061035156,52.66999816894531,52.597862243652344,60200
2025-03-10,51.22999954223633,51.5099983215332,49.15999984741211,49.7599983215332,49.69184494018555,112400
2025-03-11,49.880001068115234,50.5,48.560001373291016,49.380001068115234,49.31237030029297,74700
2025-03-12,50.56999969482422,51.08000183105469,49.9900016784668,50.4900016784668,50.42084884643555,34000
2025-03-13,50.279998779296875,50.93000030517578,49.380001068115234,49.83000183105469,49.76175308227539,119400
2025-03-14,50.9900016784668,52.04999923706055,50.9900016784668,51.90999984741211,51.83890151977539,58000
2025-03-17,51.59000015258789,52.689998626708984,51.59000015258789,52.34000015258789,52.268314361572266,34800
2025-03-18,51.849998474121094,51.849998474121094,51.25,51.5099983215332,51.439449310302734,34300
2025-03-19,51.630001068115234,53.0,51.45000076293945,52.189998626708984,52.11851501464844,40000
2025-03-20,51.459999084472656,52.290000915527344,51.459999084472656,51.70000076293945,51.629188537597656,17500
2025-03-21,50.77000045776367,51.290000915527344,50.47999954223633,51.11000061035156,51.03999710083008,18400
2025-03-24,52.349998474121094,53.06999969482422,52.290000915527344,52.77000045776367,52.702877044677734,83600
2025-03-25,52.61000061035156,52.79999923706055,52.29999923706055,52.45000076293945,52.3832893371582,22500
2025-03-26,52.189998626708984,52.369998931884766,50.5099983215332,50.93000030517578,50.86522674560547,43200
2025-03-27,50.43000030517578,50.54999923706055,49.630001068115234,49.709999084472656,49.64677429199219,37600
2025-03-28,49.400001525878906,49.400001525878906,47.43000030517578,47.68000030517578,47.61935806274414,79200
2025-03-31,46.68000030517578,47.5,45.93000030517578,47.380001068115234,47.319740295410156,65200
2025-04-01,47.18000030517578,47.75,46.36000061035156,47.72999954223633,47.669288635253906,36600
2025-04-02,46.77000045776367,48.90999984741211,46.77000045776367,48.310001373291016,48.24855422973633,47800
2025-04-03,45.36000061035156,45.790000915527344,42.4900016784668,42.4900016784668,42.43595504760742,142100
2025-04-04,40.689998626708984,41.22999954223633,38.18000030517578,39.720001220703125,39.66948318481445,184600
2025-04-07,38.25,43.22999954223633,37.63999938964844,40.7599983215332,40.708152770996094,205300
2025-04-08,42.599998474121094,42.939998626708984,38.5,39.290000915527344,39.24002456665039,429900
2025-04-09,39.529998779296875,46.90999984741211,39.369998931884766,46.540000915527344,46.480804443359375,206400
2025-04-10,44.560001373291016,44.560001373291016,41.31999969482422,42.65999984741211,42.605735778808594,65400
2025-04-11,42.310001373291016,43.40999984741211,41.54999923706055,43.27000045776367,43.2149658203125,56000
2025-04-14,44.529998779296875,44.689998626708984,42.939998626708984,43.65999984741211,43.604469299316406,69900
2025-04-15,43.70000076293945,44.40999984741211,43.63999938964844,43.95000076293945,43.894100189208984,47300
2025-04-16,42.13999938964844,42.790000915527344,40.970001220703125,42.25,42.19626235961914,80700
2025-04-17,42.560001373291016,42.560001373291016,41.68000030517578,42.040000915527344,41.98653030395508,43600
2025-04-21,41.11000061035156,41.29999923706055,40.470001220703125,41.220001220703125,41.167572021484375,35800
2025-04-22,41.83000183105469,42.279998779296875,41.599998474121094,41.939998626708984,41.886653900146484,45800
2025-04-23,44.130001068115234,44.95000076293945,43.54999923706055,43.709999084472656,43.65440368652344,79900
2025-04-24,44.70000076293945,46.27000045776367,44.4900016784668,46.119998931884766,46.06134033203125,61300
2025-04-25,45.709999084472656,46.93000030517578,45.709999084472656,46.709999084472656,46.65059280395508,186700
2025-04-28,46.52000045776367,46.90999984741211,45.5099983215332,46.41999816894531,46.36095428466797,37300
2025-04-29,45.88999938964844,46.38999938964844,45.58000183105469,45.88999938964844,45.831634521484375,29500
2025-04-30,44.65999984741211,46.33000183105469,44.34000015258789,46.25,46.19117736816406,59200
2025-05-01,46.810001373291016,47.34000015258789,46.310001373291016,46.33000183105469,46.27107238769531,52500
2025-05-02,47.470001220703125,48.63999938964844,47.470001220703125,48.22999954223633,48.16865539550781,60300
2025-05-05,47.65999984741211,48.40999984741211,47.65999984741211,47.939998626708984,47.879024505615234,33300
2025-05-06,47.0099983215332,47.369998931884766,46.369998931884766,47.06999969482422,47.0101318359375,260100
2025-05-07,47.06999969482422,47.880001068115234,46.63999938964844,47.880001068115234,47.81909942626953,34300
2025-05-08,48.619998931884766,49.40999984741211,48.189998626708984,48.81999969482422,48.757904052734375,265400
2025-05-09,49.34000015258789,49.75,48.720001220703125,49.16999816894531,49.10745620727539,30700
2025-05-12,52.5,53.349998474121094,52.380001068115234,52.93000030517578,52.862674713134766,100700
2025-05-13,53.16999816894531,54.369998931884766,53.13999938964844,54.209999084472656,54.14104461669922,72200
2025-05-14,54.459999084472656,54.61000061035156,54.060001373291016,54.439998626708984,54.37075424194336,53400
2025-05-15,53.880001068115234,54.36000061035156,53.5099983215332,54.040000915527344,53.97126770019531,49800
2025-05-16,54.18000030517578,54.18000030517578,53.11000061035156,53.619998931884766,53.551795959472656,30700
2025-05-19,52.380001068115234,53.25,52.31999969482422,53.189998626708984,53.122344970703125,178900
2025-05-20,52.880001068115234,53.33000183105469,52.7599983215332,53.33000183105469,53.26217269897461,139400
2025-05-21,52.7400016784668,53.65999984741211,51.939998626708984,52.09000015258789,52.023746490478516,30400
2025-05-22,51.90999984741211,52.45000076293945,51.650001525878906,51.65999984741211,51.59429168701172,46700
2025-05-23,50.310001373291016,51.220001220703125,50.310001373291016,51.0099983215332,50.94511795043945,34000
2025-05-27,52.16999816894531,52.869998931884766,51.93000030517578,52.619998931884766,52.55307388305664,30100
2025-05-28,52.68000030517578,52.68000030517578,51.84000015258789,51.93000030517578,51.863948822021484,35100
2025-05-29,53.189998626708984,53.38999938964844,52.0099983215332,52.2599983215332,52.19352722167969,42000
2025-05-30,51.83000183105469,51.83000183105469,50.18000030517578,50.91999816894531,50.85523223876953,40700
2025-06-02,50.81999969482422,51.63999938964844,50.779998779296875,51.59000015258789,51.524383544921875,24000
2025-06-03,51.880001068115234,53.22999954223633,51.790000915527344,53.08000183105469,53.01249313354492,21300
2025-06-04,53.349998474121094,54.060001373291016,52.959999084472656,53.88999938964844,53.82145309448242,37700
2025-06-05,54.220001220703125,54.5,53.16999816894531,53.4900016784668,53.42196273803711,76600
2025-06-06,54.029998779296875,54.630001068115234,53.86000061035156,54.13999938964844,54.071136474609375,20000
2025-06-09,54.439998626708984,55.77000045776367,54.439998626708984,55.29999923706055,55.22966003417969,76400
2025-06-10,55.59000015258789,56.4900016784668,55.45000076293945,56.33000183105469,56.25835037231445,39100
2025-06-11,56.720001220703125,57.11000061035156,55.849998474121094,56.349998474121094,56.278324127197266,38900
2025-06-12,55.779998779296875,56.47999954223633,55.779998779296875,56.33000183105469,56.25835037231445,29300
2025-06-13,55.09000015258789,55.689998626708984,54.65999984741211,54.68000030517578,54.610450744628906,70200
2025-06-16,55.540000915527344,56.810001373291016,55.540000915527344,56.5099983215332,56.43811798095703,42900
2025-06-17,56.189998626708984,56.86000061035156,56.0099983215332,56.0099983215332,55.938758850097656,25500
2025-06-18,56.43000030517578,57.189998626708984,56.15999984741211,56.70000076293945,56.62788391113281,42700
2025-06-20,57.16999816894531,57.16999816894531,55.470001220703125,56.20000076293945,56.12852096557617,28100
2025-06-23,56.02000045776367,56.7599983215332,55.52000045776367,56.689998626708984,56.66023635864258,30700
2025-06-24,57.709999084472656,59.2599983215332,57.709999084472656,59.2599983215332,59.228885650634766,45500
2025-06-25,59.630001068115234,59.630001068115234,58.90999984741211,59.38999938964844,59.35881805419922,33800
2025-06-26,59.849998474121094,60.33000183105469,59.560001373291016,60.310001373291016,60.278343200683594,33400
2025-06-27,60.369998931884766,60.540000915527344,59.400001525878906,59.959999084472656,59.928524017333984,32800
2025-06-30,60.34000015258789,60.34000015258789,59.77000045776367,59.959999084472656,59.928524017333984,23200
2025-07-01,59.4900016784668,60.18000030517578,58.599998474121094,59.790000915527344,59.758609771728516,30000
2025-07-02,59.66999816894531,61.15999984741211,59.66999816894531,61.15999984741211,61.12789535522461,46200
2025-07-03,61.56999969482422,61.88999938964844,61.470001220703125,61.75,61.71758270263672,13500
2025-07-07,61.22999954223633,61.38999938964844,60.290000915527344,60.52000045776367,60.48822784423828,65800
2025-07-08,61.06999969482422,62.0,60.91999816894531,61.529998779296875,61.49769973754883,54700
2025-07-09,61.709999084472656,62.349998474121094,61.16999816894531,61.849998474121094,61.817527770996094,35900
2025-07-10,62.25,62.439998626708984,61.77000045776367,62.130001068115234,62.09738540649414,26200
2025-07-11,61.540000915527344,62.04999923706055,61.5099983215332,61.70000076293945,61.66761016845703,31800
2025-07-14,61.310001373291016,61.540000915527344,60.34000015258789,61.279998779296875,61.24782943725586,23300
2025-07-15,62.38999938964844,62.5,61.5099983215332,61.5099983215332,61.47770690917969,23200
2025-07-16,61.119998931884766,61.310001373291016,59.790000915527344,61.29999923706055,61.267822265625,37500
2025-07-17,61.22999954223633,62.15999984741211,61.22999954223633,61.86000061035156,61.82752227783203,38700
2025-07-18,62.2400016784668,62.36000061035156,61.849998474121094,61.97999954223633,61.94746017456055,34500
2025-07-21,62.150001525878906,62.959999084472656,62.150001525878906,62.22999954223633,62.197330474853516,35900
2025-07-22,62.119998931884766,62.16999816894531,60.619998931884766,60.939998626708984,60.90800476074219,39800
2025-07-23,60.61000061035156,60.63999938964844,60.08000183105469,60.61000061035156,60.578182220458984,31000
2025-07-24,60.709999084472656,60.709999084472656,60.0,60.34000015258789,60.30832290649414,36400
2025-07-25,59.79999923706055,60.220001220703125,59.70000076293945,60.15999984741211,60.128414154052734,36600
2025-07-28,60.83000183105469,61.68000030517578,60.83000183105469,61.58000183105469,61.547672271728516,31500
2025-07-29,62.15999984741211,62.54999923706055,61.2400016784668,61.439998626708984,61.40774154663086,37900
2025-07-30,62.0099983215332,62.29999923706055,61.220001220703125,61.779998779296875,61.74756622314453,53300
2025-07-31,60.810001373291016,60.900001525878906,59.130001068115234,59.5,59.4687614440918,50000
2025-08-01,58.060001373291016,59.18000030517578,57.310001373291016,58.7400016784668,58.70916748046875,57200
2025-08-04,59.41999816894531,60.2599983215332,59.41999816894531,60.2599983215332,60.228363037109375,29200
2025-08-05,60.36000061035156,60.65999984741211,58.95000076293945,59.529998779296875,59.49874496459961,34100
2025-08-06,59.099998474121094,59.2400016784668,58.06999969482422,59.209999084472656,59.178916931152344,29400
2025-08-07,60.31999969482422,60.36000061035156,59.31999969482422,59.869998931884766,59.838565826416016,151800
2025-08-08,59.93000030517578,60.470001220703125,59.93000030517578,60.439998626708984,60.40827178955078,18900
2025-08-11,60.7599983215332,61.22999954223633,60.02000045776367,60.16999816894531,60.13840866088867,36600
2025-08-12,60.560001373291016,62.439998626708984,60.560001373291016,62.439998626708984,62.40721893310547,36200
2025-08-13,62.900001525878906,63.08000183105469,62.310001373291016,63.02000045776367,62.986915588378906,33700
2025-08-14,62.2599983215332,63.0,61.9900016784668,62.849998474121094,62.8170051574707,25800
2025-08-15,62.18000030517578,62.18000030517578,60.79999923706055,60.939998626708984,60.90800476074219,27800
2025-08-18,60.880001068115234,61.529998779296875,60.86000061035156,61.5099983215332,61.47770690917969,20600
2025-08-19,61.5,61.75,60.29999923706055,60.41999816894531,60.38827896118164,14600
2025-08-20,60.27000045776367,60.29999923706055,58.619998931884766,60.25,60.21836853027344,48200
2025-08-21,59.77000045776367,60.52000045776367,59.77000045776367,60.40999984741211,60.3782844543457,27500
2025-08-22,60.70000076293945,63.2599983215332,60.70000076293945,62.619998931884766,62.58712387084961,36500
2025-08-25,62.68000030517578,62.849998474121094,62.470001220703125,62.470001220703125,62.43720626831055,18300
2025-08-26,62.720001220703125,63.81999969482422,62.720001220703125,63.630001068115234,63.596595764160156,23300
2025-08-27,63.380001068115234,63.91999816894531,63.290000915527344,63.779998779296875,63.746517181396484,17400
2025-08-28,64.02999877929688,64.8499984741211,64.02999877929688,64.58000183105469,64.54610443115234,26900
2025-08-29,64.05999755859375,64.19999694824219,62.540000915527344,62.849998474121094,62.8170051574707,65900
2025-09-02,61.130001068115234,61.86000061035156,60.779998779296875,61.849998474121094,61.817527770996094,26000
2025-09-03,62.04999923706055,62.04999923706055,61.0099983215332,61.52000045776367,61.48770523071289,11800
2025-09-04,61.630001068115234,63.0099983215332,61.38999938964844,63.0099983215332,62.97691345214844,29600
2025-09-05,64.08000183105469,64.16000366210938,63.11000061035156,63.869998931884766,63.83646774291992,45800
2025-09-08,64.48999786376953,64.9000015258789,64.38999938964844,64.9000015258789,64.86592102050781,35400
2025-09-09,64.83999633789062,65.29000091552734,64.73999786376953,65.20999908447266,65.17576599121094,39000
2025-09-10,66.29000091552734,66.30999755859375,65.6500015258789,66.13999938964844,66.10527801513672,55800
2025-09-11,66.55999755859375,67.22000122070312,66.55999755859375,67.11000061035156,67.07476806640625,44600
2025-09-12,67.22000122070312,67.36000061035156,66.7699966430664,67.16999816894531,67.13473510742188,42700
2025-09-15,67.11000061035156,67.98999786376953,67.11000061035156,67.87999725341797,67.8443603515625,43500
2025-09-16,68.26000213623047,68.44000244140625,67.7300033569336,68.29000091552734,68.254150390625,29900
2025-09-17,68.23999786376953,68.87000274658203,67.52999877929688,68.41999816894531,68.38407897949219,55200
2025-09-18,69.91000366210938,71.3499984741211,69.91000366210938,71.11000061035156,71.07266235351562,54600
2025-09-19,71.0199966430664,71.0199966430664,69.73999786376953,70.41999816894531,70.38302612304688,82300
2025-09-22,70.4800033569336,71.69999694824219,70.4800033569336,71.58999633789062,71.5768051147461,31300
2025-09-23,71.68000030517578,71.94000244140625,70.8499984741211,71.2300033569336,71.21688079833984,29900
2025-09-24,71.13999938964844,71.13999938964844,69.5,69.86000061035156,69.84712982177734,34200
2025-09-25,68.5199966430664,69.4000015258789,67.9800033569336,69.11000061035156,69.09727478027344,32900
2025-09-26,69.2699966430664,69.27999877929688,68.5,69.22000122070312,69.2072525024414,17200
2025-09-29,70.05000305175781,70.33000183105469,69.18000030517578,69.2699966430664,69.25723266601562,35100
2025-09-30,69.37000274658203,70.33000183105469,69.27999877929688,70.31999969482422,70.30705261230469,13800
2025-10-01,69.5999984741211,71.66999816894531,69.5,71.66999816894531,71.65679168701172,29300
2025-10-02,72.8499984741211,73.08000183105469,72.22000122070312,72.9000015258789,72.88656616210938,38000
2025-10-03,73.25,73.5199966430664,71.93000030517578,72.18000030517578,72.16670227050781,27600
2025-10-06,74.80000305175781,75.08999633789062,73.76000213623047,73.79000091552734,73.77640533447266,33100
2025-10-07,74.68000030517578,74.68000030517578,71.5999984741211,71.72000122070312,71.706787109375,38300
2025-10-08,71.91999816894531,74.01000213623047,71.91999816894531,74.0,73.98635864257812,33100
2025-10-09,73.88999938964844,74.0999984741211,72.9000015258789,73.62999725341797,73.6164321899414,42600
2025-10-10,73.70999908447266,73.91000366210938,68.45999908447266,68.45999908447266,68.44739532470703,54200
2025-10-13,71.12000274658203,72.4000015258789,71.01000213623047,72.20999908447266,72.19669342041016,648900
2025-10-14,70.58999633789062,72.54000091552734,70.4800033569336,71.27999877929688,71.2668685913086,82600
2025-10-15,73.0199966430664,73.5,72.2300033569336,73.5,73.48645782470703,172400
2025-10-16,74.58000183105469,74.58000183105469,73.05000305175781,73.80000305175781,73.78640747070312,39800
2025-10-17,73.06999969482422,73.69999694824219,72.20999908447266,73.22000122070312,73.2065200805664,90100
2025-10-20,74.18000030517578,75.43000030517578,74.18000030517578,75.06999969482422,75.05616760253906,51200
2025-10-21,74.77999877929688,74.94999694824219,74.06999969482422,74.62000274658203,74.60625457763672,70000
2025-10-22,74.01000213623047,74.22000122070312,71.22000122070312,72.5199966430664,72.50663757324219,67300
2025-10-23,72.0199966430664,74.87000274658203,72.0199966430664,74.76000213623047,74.74622344970703,35500
2025-10-24,76.36000061035156,76.44000244140625,75.80999755859375,75.80999755859375,75.79602813720703,38000
2025-10-27,77.38999938964844,77.98999786376953,77.12000274658203,77.52999877929688,77.51571655273438,71200
2025-10-28,77.20999908447266,77.91000366210938,76.93000030517578,77.48999786376953,77.47572326660156,301300
2025-10-29,78.72000122070312,79.66999816894531,77.91999816894531,78.58999633789062,78.57551574707031,75700
2025-10-30,78.18000030517578,78.88999938964844,77.41999816894531,77.41999816894531,77.40573120117188,85300
2025-10-31,78.29000091552734,79.2699966430664,77.41999816894531,77.94000244140625,77.92564392089844,67400
2025-11-03,79.08000183105469,79.25,78.20999908447266,78.73999786376953,78.72549438476562,46500
2025-11-04,76.43000030517578,77.5199966430664,75.12000274658203,75.20999908447266,75.19613647460938,54700
2025-11-05,75.77999877929688,78.81999969482422,75.77999877929688,77.9000015258789,77.8856430053711,41100
2025-11-06,77.83999633789062,78.69999694824219,76.4000015258789,76.94999694824219,76.93582153320312,88200
2025-11-07,75.91000366210938,76.4800033569336,73.33000183105469,76.4800033569336,76.46591186523438,81800
2025-11-10,78.45999908447266,79.4000015258789,78.29000091552734,79.05999755859375,79.0454330444336,49600
2025-11-11,78.3499984741211,78.36000061035156,76.86000061035156,77.0,76.9858169555664,79900
2025-11-12,78.33000183105469,78.5199966430664,77.41000366210938,77.8499984741211,77.83565521240234,33900
2025-11-13,77.19000244140625,77.19000244140625,73.62999725341797,74.4800033569336,74.46627807617188,85000
2025-11-14,72.16999816894531,75.37000274658203,71.80000305175781,74.06999969482422,74.05635833740234,50200
2025-11-17,73.4000015258789,75.0,71.66999816894531,72.38999938964844,72.37666320800781,96200
2025-11-18,71.30999755859375,72.1500015258789,70.16999816894531,71.11000061035156,71.09689331054688,50300
2025-11-19,71.30000305175781,73.3499984741211,71.30000305175781,72.27999877929688,72.26668548583984,35500
2025-11-20,74.51000213623047,74.73999786376953,68.55999755859375,68.75,68.7373275756836,72700
2025-11-21,68.83999633789062,71.0,66.93000030517578,70.26000213623047,70.24705505371094,44400
2025-11-24,71.12999725341797,73.72000122070312,71.12999725341797,73.55999755859375,73.54644775390625,77000
2025-11-25,72.33999633789062,74.30999755859375,70.94000244140625,74.11000061035156,74.09634399414062,69700
2025-11-26,74.61000061035156,76.20999908447266,74.47000122070312,75.44999694824219,75.43608856201172,61400
2025-11-28,76.0199966430664,77.01000213623047,75.97000122070312,77.01000213623047,76.99581909179688,33800
2025-12-01,75.58999633789062,77.19000244140625,75.30000305175781,76.44999694824219,76.4359130859375,130400
2025-12-02,77.52999877929688,78.91000366210938,77.20999908447266,77.98999786376953,77.97562408447266,58800
2025-12-03,78.06999969482422,80.16000366210938,77.5199966430664,80.16000366210938,80.1452407836914,34700
2025-12-04,79.58000183105469,80.6500015258789,79.2699966430664,80.0,79.98526763916016,63100
2025-12-05,80.58999633789062,81.61000061035156,80.45999908447266,80.88999938964844,80.8750991821289,68300
2025-12-08,81.7699966430664,82.38999938964844,81.36000061035156,82.0,81.9848861694336,70300
2025-12-09,81.41000366210938,82.25,81.06999969482422,82.11000061035156,82.09487915039062,75100
2025-12-10,82.55000305175781,84.5199966430664,82.45999908447266,84.27999877929688,84.26447296142578,82000
2025-12-11,83.4800033569336,84.02999877929688,82.0,84.02999877929688,84.01451873779297,132200
2025-12-12,83.12000274658203,83.12000274658203,79.33000183105469,79.75,79.73531341552734,132800
2025-12-15,80.80999755859375,81.06999969482422,79.22000122070312,79.41999816894531,79.4053726196289,71700
2025-12-16,79.13999938964844,79.69000244140625,77.69000244140625,78.31999969482422,78.30558013916016,47900
2025-12-17,78.68000030517578,78.94000244140625,75.44000244140625,75.66000366210938,75.64607238769531,70900
2025-12-18,78.29000091552734,78.87000274658203,77.41000366210938,77.5,77.4857177734375,37600
2025-12-19,78.20999908447266,79.83000183105469,78.20999908447266,79.6500015258789,79.63533020019531,44900
2025-12-22,81.30999755859375,81.30999755859375,80.33999633789062,80.6500015258789,80.64020538330078,35100
2025-12-23,80.19000244140625,80.91000366210938,79.94000244140625,80.80000305175781,80.7901840209961,38100
2025-12-24,80.73999786376953,80.95999908447266,80.5999984741211,80.81999969482422,80.8101806640625,23200
2025-12-26,81.26000213623047,81.30999755859375,80.43000030517578,80.87999725341797,80.87017059326172,75500
2025-12-29,80.01000213623047,80.83999633789062,79.81999969482422,80.26000213623047,80.25025177001953,49500
2025-12-30,80.55000305175781,81.02999877929688,80.19000244140625,80.23999786376953,80.23025512695312,54400
2025-12-31,80.33999633789062,80.33999633789062,78.86000061035156,78.86000061035156,78.85041809082031,27600
2026-01-02,80.9000015258789,83.02999877929688,80.9000015258789,82.87000274658203,82.85993957519531,75700
2026-01-05,84.77999877929688,85.55000305175781,83.88999938964844,84.4000015258789,84.3897476196289,76600
2026-01-06,85.26000213623047,88.04000091552734,85.26000213623047,87.98999786376953,87.97930908203125,125800
2026-01-07,87.12999725341797,87.45999908447266,86.12999725341797,87.45999908447266,87.44937896728516,110000
2026-01-08,86.95999908447266,86.95999908447266,84.83999633789062,86.04000091552734,86.02954864501953,61100
2026-01-09,86.86000061035156,89.18000030517578,86.58999633789062,88.87000274658203,88.85920715332031,61600
2026-01-12,87.8499984741211,89.37000274658203,87.8499984741211,89.0999984741211,89.08917999267578,70500
2026-01-13,89.94999694824219,90.68000030517578,89.33000183105469,89.66000366210938,89.64910888671875,44800
2026-01-14,89.05999755859375,89.55999755859375,88.19000244140625,89.55000305175781,89.53912353515625,52200
2026-01-15,92.63999938964844,93.4000015258789,91.62000274658203,91.72000122070312,91.7088623046875,61300
2026-01-16,93.16000366210938,93.62999725341797,92.0,92.54000091552734,92.52875518798828,122600
2026-01-20,90.58000183105469,93.19000244140625,90.58000183105469,91.54000091552734,91.52888488769531,132000
2026-01-21,92.8499984741211,95.9800033569336,92.4000015258789,95.30000305175781,95.2884292602539,87500
2026-01-22,97.16000366210938,97.16000366210938,94.7300033569336,95.19999694824219,95.18843078613281,93000
2026-01-23,94.33000183105469,94.44000244140625,91.80999755859375,92.2699966430664,92.2587890625,88000
2026-01-26,91.93000030517578,92.55999755859375,91.25,91.77999877929688,91.76885223388672,73600
2026-01-27,93.30999755859375,94.62999725341797,93.13999938964844,94.0999984741211,94.08856964111328,73800
2026-01-28,95.58999633789062,96.72000122070312,95.12999725341797,96.33999633789062,96.32829284667969,130800
2026-01-29,96.75,97.62000274658203,93.4800033569336,97.19999694824219,97.18818664550781,111900
2026-01-30,95.48999786376953,97.12000274658203,92.52999877929688,93.0199966430664,93.00869750976562,82300
2026-02-02,92.08000183105469,96.22000122070312,92.08000183105469,95.31999969482422,95.30842590332031,292400
2026-02-03,96.62000274658203,97.52999877929688,91.62999725341797,93.87999725341797,93.86859130859375,175100
2026-02-04,94.4800033569336,95.61000061035156,88.70999908447266,90.7699966430664,90.75897216796875,122800
2026-02-05,89.5,92.56999969482422,88.70999908447266,92.01000213623047,91.99882507324219,74900
2026-02-06,94.02999877929688,98.37999725341797,93.81999969482422,98.19999694824219,98.18807220458984,214900
2026-02-09,97.55000305175781,99.95999908447266,97.0,99.5199966430664,99.50790405273438,204000
2026-02-10,100.08999633789062,100.75,98.4800033569336,99.37999725341797,99.36792755126953,94200
2026-02-11,101.95999908447266,103.43000030517578,100.0,102.63999938964844,102.62752532958984,139000
2026-02-12,103.41999816894531,103.98999786376953,99.44999694824219,99.7699966430664,99.75787353515625,205700
2026-02-13,99.4800033569336,101.5,98.16999816894531,100.58000183105469,100.56778717041016,1114300
2026-02-17,99.12999725341797,101.05000305175781,97.52999877929688,100.37999725341797,100.36780548095703,275100
2026-02-18,99.95999908447266,101.30999755859375,99.0,99.88999938964844,99.87786865234375,85300
2026-02-19,98.83999633789062,99.45999908447266,97.83999633789062,99.3499984741211,99.33792877197266,796600
2026-02-20,98.4800033569336,101.4800033569336,98.4800033569336,100.87000274658203,100.85774993896484,67500
2026-02-23,100.3499984741211,100.97000122070312,98.5,99.97000122070312,99.9578628540039,323500
2026-02-24,101.08999633789062,103.58000183105469,100.91000366210938,102.76000213623047,102.74752044677734,333800
2026-02-25,104.16999816894531,105.73999786376953,104.16999816894531,104.7300033569336,104.71728515625,165500
2026-02-26,104.16000366210938,104.16000366210938,98.68000030517578,100.66000366210938,100.64778137207031,195300
2026-02-27,98.06999969482422,99.72000122070312,97.5199966430664,99.0,98.98797607421875,366100
2026-03-02,97.29000091552734,100.98999786376953,97.06999969482422,100.80000305175781,100.78775787353516,563600
2026-03-03,96.94000244140625,97.02999877929688,94.43000030517578,95.37999725341797,95.36841583251953,434100
2026-03-04,97.1500015258789,97.77999877929688,96.01000213623047,96.81999969482422,96.80824279785156,173700
2026-03-05,95.9800033569336,96.98999786376953,92.47000122070312,94.27999877929688,94.26854705810547,279500
2026-03-06,91.12999725341797,92.80000305175781,88.66999816894531,89.19999694824219,89.18916320800781,252700
2026-03-09,87.68000030517578,93.16999816894531,86.93000030517578,92.9800033569336,92.96871185302734,186200
2026-03-10,92.94999694824219,96.04000091552734,92.94999694824219,94.0999984741211,94.08856964111328,236100
2026-03-11,94.27999877929688,95.86000061035156,94.23999786376953,95.0,94.98845672607422,161000
2026-03-12,93.27999877929688,93.5999984741211,90.93000030517578,91.68000030517578,91.66886138916016,115800
2026-03-13,92.79000091552734,94.25,91.79000091552734,92.08000183105469,92.06881713867188,56900
2026-03-16,94.51000213623047,96.05000305175781,94.51000213623047,94.88999938964844,94.87847900390625,104000
2026-03-17,95.4000015258789,95.7699966430664,94.45999908447266,95.75,95.73836517333984,71400
2026-03-18,95.9800033569336,97.04000091552734,95.30000305175781,95.44000244140625,95.42840576171875,125000
2026-03-19,92.76000213623047,98.05000305175781,91.91000366210938,97.20999908447266,97.19818878173828,80700
2026-03-20,97.33000183105469,97.7699966430664,93.33999633789062,94.6500015258789,94.63850402832031,195100
2026-03-23,96.76000213623047,99.23999786376953,96.37999725341797,96.81999969482422,96.81130981445312,380900
2026-03-24,95.87999725341797,100.56999969482422,95.5,100.02999877929688,100.0210189819336,177000
2026-03-25,101.26000213623047,102.05000305175781,99.80000305175781,100.66999816894531,100.66096496582031,348500
2026-03-26,98.55999755859375,98.55999755859375,94.6500015258789,94.75,94.74149322509766,213800
2026-03-27,93.7300033569336,95.16999816894531,92.61000061035156,93.20999908447266,93.20162963867188,264100
2026-03-30,94.3499984741211,94.5199966430664,87.75,88.5199966430664,88.51205444335938,424100
2026-03-31,90.16000366210938,94.41000366210938,89.9800033569336,94.37999725341797,94.37152862548828,235000
2026-04-01,95.80000305175781,98.5,95.41000366210938,97.06999969482422,97.06128692626953,361400
2026-04-02,92.98999786376953,98.06999969482422,92.79000091552734,97.52999877929688,97.521240234375,144700
2026-04-06,98.12999725341797,99.66999816894531,97.4000015258789,98.80000305175781,98.7911376953125,106300
2026-04-07,98.4000015258789,99.52999877929688,96.87999725341797,99.52999877929688,99.52106475830078,115200
2026-04-08,105.8499984741211,106.66000366210938,104.04000091552734,106.2699966430664,106.26045989990234,214100
2026-04-09,106.41000366210938,109.08000183105469,106.41000366210938,108.91000366210938,108.90023040771484,243300
2026-04-10,109.97000122070312,111.5,109.72000122070312,110.44000244140625,110.43009185791016,327000
2026-04-13,109.94999694824219,112.6500015258789,109.91000366210938,112.6500015258789,112.639892578125,187900
2026-04-14,113.7699966430664,114.2699966430664,112.01000213623047,114.0999984741211,114.08975982666016,276700
2026-04-15,113.47000122070312,113.97000122070312,111.01000213623047,113.94999694824219,113.93976593017578,285200
2026-04-16,113.83000183105469,116.2699966430664,113.05999755859375,116.25,116.23956298828125,188700
2026-04-17,118.5,120.41999816894531,117.36000061035156,120.04000091552734,120.02922821044922,269000
2026-04-20,120.16000366210938,122.0999984741211,119.80000305175781,121.7300033569336,121.71907806396484,217100
2026-04-21,122.52999877929688,124.0,121.41000366210938,122.1500015258789,122.1390380859375,324400
2026-04-22,124.44000244140625,124.80999755859375,121.94000244140625,124.0999984741211,124.08885955810547,304800
2026-04-23,125.30000305175781,128.5,124.7699966430664,127.0199966430664,127.00859832763672,361200
2026-04-24,133.4499969482422,136.25999450683594,131.97000122070312,134.86000061035156,134.847900390625,458800
2026-04-27,135.10000610351562,135.47999572753906,129.3800048828125,130.72000122070312,130.70826721191406,727100
2026-04-28,126.0199966430664,128.85000610351562,123.66000366210938,125.4000015258789,125.38874816894531,490500
2026-04-29,127.29000091552734,129.1999969482422,126.4000015258789,128.8699951171875,128.85842895507812,289500
2026-04-30,130.41000366210938,133.74000549316406,128.8800048828125,133.67999267578125,133.66799926757812,306200
2026-05-01,132.64999389648438,135.6199951171875,131.3300018310547,135.1199951171875,135.1078643798828,258000
2026-05-04,135.82000732421875,136.8800048828125,133.63999938964844,135.1699981689453,135.15786743164062,635100
2026-05-05,137.16000366210938,140.58999633789062,136.3300018310547,139.6699981689453,139.65745544433594,337100
2026-05-06,142.64999389648438,144.6300048828125,139.97999572753906,144.61000061035156,144.59701538085938,417500
2026-05-07,146.8300018310547,147.0800018310547,141.85000610351562,143.16000366210938,143.14715576171875,346900
2026-05-08,147.11000061035156,151.77999877929688,147.11000061035156,151.77999877929688,151.76637268066406,398600
2026-05-11,153.0800018310547,156.1699981689453,152.47000122070312,156.16000366210938,156.14598083496094,1237400
2026-05-12,152.64999389648438,152.64999389648438,143.36000061035156,149.44000244140625,149.4265899658203,818600
2026-05-13,154.36000061035156,155.22999572753906,149.7899932861328,152.00999450683594,151.99635314941406,319900
2026-05-14,151.97999572753906,153.80999755859375,150.3699951171875,152.91000366210938,152.89627075195312,295800
2026-05-15,147.3300018310547,150.8000030517578,145.55999755859375,148.32000732421875,148.3066864013672,418700
2026-05-18,150.94000244140625,151.02999877929688,140.33999633789062,142.9499969482422,142.93716430664062,664400
2026-05-19,139.8000030517578,145.13999938964844,136.9499969482422,143.0399932861328,143.02716064453125,486700
2026-05-20,145.97000122070312,149.17999267578125,145.02000427246094,149.11000061035156,149.09661865234375,328200
2026-05-21,148.08999633789062,151.5800018310547,148.0,150.72000122070312,150.7064666748047,380300
2026-05-22,152.52999877929688,154.7899932861328,150.3699951171875,153.75,153.7362060546875,290500
2026-05-26,159.49000549316406,162.27999877929688,157.17999267578125,161.6300048828125,161.61549377441406,586300
2026-05-27,164.5399932861328,165.00999450683594,157.00999450683594,160.10000610351562,160.08563232421875,633100
2026-05-28,159.5800018310547,160.1999969482422,154.8000030517578,158.47000122070312,158.45578002929688,393200
2026-05-29,160.49000549316406,160.49000549316406,153.55999755859375,155.36000061035156,155.34605407714844,388000
2026-06-01,153.60000610351562,155.41000366210938,150.89999389648438,153.6300048828125,153.6162109375,520800
2026-06-02,157.61000061035156,161.6199951171875,156.47000122070312,161.6199951171875,161.60548400878906,299900
2026-06-03,163.10000610351562,165.17999267578125,160.00999450683594,163.8000030517578,163.78529357910156,330000
2026-06-04,157.89999389648438,164.19000244140625,155.3800048828125,161.50999450683594,161.49549865722656,258500
2026-06-05,155.57000732421875,155.57000732421875,144.74000549316406,145.02999877929688,145.01698303222656,496600
2026-06-08,152.33999633789062,154.8800048828125,150.0,152.50999450683594,152.49630737304688,319300
2026-06-09,156.5399932861328,160.10000610351562,141.72000122070312,151.94000244140625,151.92636108398438,585700
2026-06-10,150.00999450683594,157.5800018310547,148.1699981689453,148.8000030517578,148.78665161132812,375900
2026-06-11,153.58999633789062,163.0500030517578,153.1199951171875,163.0,162.98536682128906,555900
2026-06-12,162.97000122070312,169.35000610351562,161.4199981689453,167.88999938964844,167.8749237060547,561900
2026-06-15,176.36000061035156,177.35000610351562,173.52000427246094,175.60000610351562,175.58424377441406,453800
2026-06-16,174.69000244140625,177.25,166.35000610351562,166.74000549316406,166.72503662109375,1826800
2026-06-17,171.2899932861328,173.77000427246094,167.3800048828125,167.47999572753906,167.4649658203125,395800
2026-06-18,175.69000244140625,178.97999572753906,175.02000427246094,178.22999572753906,178.21400451660156,351200
2026-06-22,182.8300018310547,184.64999389648438,179.83999633789062,184.4499969482422,184.4499969482422,295600
2026-06-23,169.67999267578125,173.8000030517578,168.38999938964844,170.44000244140625,170.44000244140625,398300
2026-06-24,171.0,171.72999572753906,164.69000244140625,168.75,168.75,285500
2026-06-25,178.8300018310547,179.4600067138672,168.66000366210938,177.3300018310547,177.3300018310547,528100
2026-06-26,170.38999938964844,171.1999969482422,166.2100067138672,168.17999267578125,168.17999267578125,403200
2026-06-29,168.7100067138672,178.02999877929688,163.22999572753906,177.97999572753906,177.97999572753906,412000
2026-06-30,179.14999389648438,189.24000549316406,178.50999450683594,187.82000732421875,187.82000732421875,555500
2026-07-01,178.83999633789062,180.38999938964844,173.02999877929688,174.41000366210938,174.41000366210938,601800
2026-07-02,174.47999572753906,174.47999572753906,154.8300018310547,158.00999450683594,158.00999450683594,711900
2026-07-06,163.1300048828125,166.72999572753906,159.3300018310547,159.57000732421875,159.57000732421875,325700
2026-07-07,150.0500030517578,151.8000030517578,144.25,148.33999633789062,148.33999633789062,619500
2026-07-08,146.4199981689453,151.89999389648438,145.8000030517578,151.3300018310547,151.3300018310547,276400
2026-07-09,160.82000732421875,163.89999389648438,159.11000061035156,159.47000122070312,159.47000122070312,358100
2026-07-10,156.08999633789062,160.5500030517578,154.4199981689453,159.4199981689453,159.4199981689453,222200
2026-07-13,154.30999755859375,155.3699951171875,150.52000427246094,151.67999267578125,151.67999267578125,302800
2026-07-14,160.89999389648438,161.3800048828125,154.8699951171875,157.89999389648438,157.89999389648438,198600
2026-07-15,160.58999633789062,160.6199951171875,147.72999572753906,153.69000244140625,153.69000244140625,362400
2026-07-16,149.07000732421875,151.50999450683594,144.0,145.2100067138672,145.2100067138672,412600
2026-07-17,138.52000427246094,146.36000061035156,135.24000549316406,143.22000122070312,143.22000122070312,620500
2026-07-20,146.6300048828125,148.52999877929688,143.0,143.57000732421875,143.57000732421875,258500
2026-07-21,151.30999755859375,154.7899932861328,149.17999267578125,154.4600067138672,154.4600067138672,321200
2026-07-22,149.6999969482422,156.0,149.3000030517578,153.47000122070312,153.47000122070312,255300
2026-07-23,151.22999572753906,155.50999450683594,151.10000610351562,153.19000244140625,153.19000244140625,214900
2026-07-24,151.49000549316406,152.22000122070312,143.32000732421875,144.7899932861328,144.7899932861328,260300
2026-07-27,146.2100067138672,146.2100067138672,134.42999267578125,139.42999267578125,139.42999267578125,336600
2026-07-28,132.5800018310547,132.58999633789062,125.9000015258789,129.3800048828125,129.3800048828125,553800
2026-07-29,128.6300048828125,130.69000244140625,120.5999984741211,120.69999694824219,120.69999694824219,724500
2026-07-30,130.75,136.1699981689453,129.85000610351562,134.8699951171875,134.8699951171875,902000
2026-07-31,142.88999938964844,144.99000549316406,135.25999450683594,136.44000244140625,136.44000244140625,730400
2026-08-03,132.69000244140625,140.0,131.32000732421875,139.0800018310547,139.0800018310547,1087400
2026-08-04,144.4600067138672,147.9199981689453,143.41000366210938,147.0,147.0,682600
2026-08-05,144.92999267578125,148.57000732421875,142.33999633789062,142.8000030517578,142.8000030517578,364600
2026-08-06,141.1199951171875,147.8800048828125,139.1999969482422,144.64999389648438,144.64999389648438,314700
2026-08-07,147.74000549316406,150.1699981689453,145.44000244140625,148.4199981689453,148.4199981689453,212000
2026-08-10,149.39999389648438,150.0,142.55999755859375,142.55999755859375,142.55999755859375,212800
2026-08-11,145.36000061035156,146.6300048828125,143.75,145.16000366210938,145.16000366210938,624400
2026-08-12,151.63999938964844,152.7100067138672,150.4199981689453,150.97000122070312,150.97000122070312,784000
2026-08-13,150.3699951171875,154.8000030517578,150.0800018310547,151.61000061035156,151.61000061035156,309500
2026-08-14,150.66000366210938,154.0500030517578,150.18460083007812,153.00999450683594,153.00999450683594,259245
