Date,Open,High,Low,Close,Adj Close,Volume
2017-04-06,25.26000022888184,25.26000022888184,24.739999771118164,25.0,21.216196060180664,2300
2017-04-07,25.06999969482422,25.136999130249023,24.940000534057617,24.950000762939453,21.17376518249512,5000
2017-04-10,25.100000381469727,25.100000381469727,24.96999931335449,24.97100067138672,21.19158172607422,5500
2017-04-11,25.31100082397461,25.31100082397461,25.229999542236328,25.26000022888184,21.436840057373047,5500
2017-04-12,25.280000686645508,25.350000381469727,25.280000686645508,25.350000381469727,21.51322364807129,3300
2017-04-13,25.319000244140625,25.492000579833984,25.319000244140625,25.492000579833984,21.633729934692383,700
2017-04-17,25.540000915527344,25.540000915527344,25.378999710083008,25.378999710083008,21.53783416748047,7200
2017-04-18,25.36000061035156,25.459999084472656,25.36000061035156,25.3700008392334,21.530197143554688,3700
2017-04-19,25.56999969482422,25.56999969482422,25.26499938964844,25.420000076293945,21.5726261138916,7900
2017-04-20,25.34000015258789,25.34000015258789,25.17399978637696,25.194000244140625,21.380836486816406,4300
2017-04-21,25.280000686645508,25.40999984741211,25.26099967956543,25.3700008392334,21.530197143554688,6600
2017-04-24,24.950000762939453,25.020000457763672,24.950000762939453,24.96999931335449,21.19073486328125,5600
2017-04-25,24.75,24.780000686645508,24.71999931335449,24.724000930786133,20.98196792602539,6400
2017-04-26,24.75,24.76000022888184,24.71999931335449,24.76000022888184,21.01251792907715,1500
2017-04-27,24.799999237060547,24.86000061035156,24.75,24.75,21.0040340423584,9500
2017-04-28,24.82999992370605,24.82999992370605,24.82999992370605,24.82999992370605,21.07193183898925,400
2017-05-01,24.71999931335449,24.799999237060547,24.71999931335449,24.790000915527344,21.037981033325195,6500
2017-05-02,24.770000457763672,24.770000457763672,24.690000534057617,24.76000022888184,21.01251792907715,1000
2017-05-03,24.809999465942383,24.809999465942383,24.76000022888184,24.76000022888184,21.01251792907715,4700
2017-05-04,24.690000534057617,24.729999542236328,24.670000076293945,24.729999542236328,20.987060546875,3400
2017-05-05,24.64999961853028,24.68000030517578,24.6259994506836,24.63999938964844,20.91068649291992,5000
2017-05-08,24.614999771118164,24.6200008392334,24.559999465942383,24.559999465942383,20.84279060363769,1800
2017-05-09,24.40999984741211,24.549999237060547,24.40999984741211,24.549999237060547,20.83430290222168,4900
2017-05-10,24.61000061035156,24.61000061035156,24.520000457763672,24.520000457763672,20.8088436126709,1500
2017-05-11,24.540000915527344,24.63999938964844,24.5,24.56999969482422,20.85127830505371,14900
2017-05-12,24.670000076293945,24.76000022888184,24.670000076293945,24.739999771118164,20.99555015563965,3500
2017-05-15,24.690000534057617,24.690000534057617,24.559999465942383,24.64999961853028,20.91916847229004,800
2017-05-16,24.58099937438965,24.68000030517578,24.58099937438965,24.65999984741211,20.92765617370605,24100
2017-05-17,24.96999931335449,25.270000457763672,24.96999931335449,25.26000022888184,21.436840057373047,67400
2017-05-18,25.46999931335449,25.46999931335449,25.18000030517578,25.18000030517578,21.368955612182617,3000
2017-05-19,25.059999465942383,25.059999465942383,25.01000022888184,25.020000457763672,21.233173370361328,2000
2017-05-22,25.020000457763672,25.020000457763672,24.82299995422364,24.8700008392334,21.10586738586425,14000
2017-05-23,24.90999984741211,24.90999984741211,24.809999465942383,24.809999465942383,21.054950714111328,3300
2017-05-24,24.790000915527344,24.81999969482422,24.76000022888184,24.81999969482422,21.063438415527344,4300
2017-05-25,24.7189998626709,24.739999771118164,24.700000762939453,24.729999542236328,20.987060546875,1600
2017-05-26,24.76000022888184,24.76000022888184,24.722999572753903,24.76000022888184,21.01251792907715,1500
2017-05-30,24.81999969482422,24.82999992370605,24.799999237060547,24.799999237060547,21.046463012695312,4400
2017-05-31,24.8799991607666,24.8799991607666,24.878999710083008,24.878999710083008,21.11351203918457,8500
2017-06-01,24.780000686645508,24.809999465942383,24.700000762939453,24.729999542236328,20.987060546875,15000
2017-06-02,24.82999992370605,24.82999992370605,24.7549991607666,24.799999237060547,21.046463012695312,1200
2017-06-05,24.770000457763672,24.780000686645508,24.739999771118164,24.75,21.0040340423584,1900
2017-06-06,24.850000381469727,24.89999961853028,24.799999237060547,24.89999961853028,21.13133430480957,1400
2017-06-07,24.850000381469727,24.8799991607666,24.799999237060547,24.799999237060547,21.046463012695312,15500
2017-06-08,24.75,24.75,24.729999542236328,24.739999771118164,20.99555015563965,1600
2017-06-09,24.809999465942383,24.809999465942383,24.549999237060547,24.780000686645508,21.02949333190918,4900
2017-06-12,24.780000686645508,24.790000915527344,24.74799919128418,24.75,21.0040340423584,1600
2017-06-13,24.64999961853028,24.690000534057617,24.64999961853028,24.690000534057617,20.95311737060547,400
2017-06-14,24.809999465942383,24.82999992370605,24.780000686645508,24.82999992370605,21.07193183898925,1700
2017-06-15,24.8700008392334,24.8700008392334,24.809999465942383,24.81999969482422,21.063438415527344,1700
2017-06-16,24.790000915527344,24.82999992370605,24.709999084472656,24.795000076293945,21.04222297668457,8600
2017-06-19,24.6200008392334,24.6299991607666,24.59000015258789,24.6200008392334,20.893712997436523,2400
2017-06-20,24.6200008392334,24.68000030517578,24.597999572753903,24.6560001373291,20.924259185791016,3500
2017-06-21,24.68000030517578,24.729999542236328,24.68000030517578,24.729999542236328,20.987060546875,1300
2017-06-22,24.75,24.75,24.69700050354004,24.75,21.0040340423584,1200
2017-06-23,24.69799995422364,24.709999084472656,24.68000030517578,24.709999084472656,20.970088958740234,3700
2017-06-26,24.670000076293945,24.690000534057617,24.63999938964844,24.690000534057617,20.95311737060547,2900
2017-06-27,24.518999099731445,24.57999992370605,24.518999099731445,24.57999992370605,20.904640197753903,1400
2017-06-28,24.489999771118164,24.489999771118164,24.450000762939453,24.452999114990234,20.7966251373291,3700
2017-06-29,24.31999969482422,24.6200008392334,24.290000915527344,24.530000686645508,20.86211395263672,9900
2017-06-30,24.43000030517578,24.440000534057617,24.299999237060547,24.3799991607666,20.734542846679688,25100
2017-07-03,24.270000457763672,24.270000457763672,24.13999938964844,24.13999938964844,20.530426025390625,1100
2017-07-05,24.15999984741211,24.34000015258789,24.14999961853028,24.25,20.623985290527344,5700
2017-07-06,24.270000457763672,24.270000457763672,24.270000457763672,24.270000457763672,20.64099502563477,200
2017-07-07,24.25,24.26000022888184,24.170000076293945,24.200000762939453,20.58145904541016,4000
2017-07-10,24.26000022888184,24.26000022888184,24.049999237060547,24.13999938964844,20.530426025390625,83800
2017-07-11,24.13999938964844,24.25,24.1200008392334,24.18000030517578,20.56444358825684,4000
2017-07-12,24.059999465942383,24.15800094604492,24.059999465942383,24.117000579833984,20.5108699798584,3000
2017-07-13,24.07999992370605,24.07999992370605,23.950000762939453,23.959999084472656,20.377344131469727,5400
2017-07-14,23.959999084472656,23.959999084472656,23.959999084472656,23.959999084472656,20.377344131469727,0
2017-07-17,23.93000030517578,23.983999252319336,23.89999961853028,23.983999252319336,20.39775276184082,1200
2017-07-18,24.07999992370605,24.13999938964844,24.07999992370605,24.13999938964844,20.530426025390625,1600
2017-07-19,24.04199981689453,24.06999969482422,23.959999084472656,23.982999801635746,20.39690589904785,23800
2017-07-20,24.0,24.0,24.0,24.0,20.411365509033203,3000
2017-07-21,24.11000061035156,24.1200008392334,23.940000534057617,23.979999542236328,20.39435577392578,38200
2017-07-24,24.013999938964844,24.013999938964844,24.013999938964844,24.013999938964844,20.42326545715332,600
2017-07-25,23.86000061035156,23.86000061035156,23.81999969482422,23.81999969482422,20.25827980041504,1400
2017-07-26,23.799999237060547,23.799999237060547,23.71500015258789,23.7509994506836,20.199596405029297,1200
2017-07-27,23.799999237060547,23.809999465942383,23.799999237060547,23.809999465942383,20.24976921081543,300
2017-07-28,23.857999801635746,23.920000076293945,23.850000381469727,23.850000381469727,20.28379249572754,4200
2017-07-31,23.857999801635746,23.857999801635746,23.857999801635746,23.857999801635746,20.29059219360352,500
2017-08-01,23.88999938964844,23.950000762939453,23.8799991607666,23.950000762939453,20.368839263916016,6100
2017-08-02,23.979999542236328,23.979999542236328,23.89999961853028,23.89999961853028,20.326313018798828,2100
2017-08-03,23.979999542236328,24.040000915527344,23.940000534057617,24.040000915527344,20.44538307189941,12100
2017-08-04,23.979999542236328,23.979999542236328,23.959999084472656,23.959999084472656,20.377344131469727,1600
2017-08-07,23.8799991607666,23.979999542236328,23.8799991607666,23.96999931335449,20.385854721069336,2700
2017-08-08,23.96999931335449,23.979999542236328,23.867000579833984,23.96999931335449,20.385854721069336,7400
2017-08-09,24.170000076293945,24.18000030517578,24.07999992370605,24.11000061035156,20.504913330078125,21100
2017-08-10,24.200000762939453,24.479999542236328,24.200000762939453,24.46999931335449,20.81108665466309,92500
2017-08-11,24.530000686645508,24.530000686645508,24.35700035095215,24.5,20.83659744262696,13100
2017-08-14,24.34000015258789,24.68000030517578,24.231000900268555,24.239999771118164,20.615476608276367,12500
2017-08-15,24.049999237060547,24.11000061035156,23.96999931335449,24.100000381469727,20.49641227722168,6600
2017-08-16,23.959999084472656,24.020000457763672,23.940000534057617,24.020000457763672,20.428373336791992,2300
2017-08-17,24.15999984741211,24.43000030517578,24.15999984741211,24.43000030517578,20.777070999145508,1600
2017-08-18,24.6200008392334,24.6200008392334,24.440000534057617,24.549999237060547,20.87911796569824,6100
2017-08-21,24.559999465942383,24.559999465942383,24.479999542236328,24.51499938964844,20.8493595123291,9900
2017-08-22,24.36400032043457,24.36400032043457,24.280000686645508,24.290000915527344,20.65800094604492,12500
2017-08-23,24.32999992370605,24.32999992370605,24.290000915527344,24.290000915527344,20.65800094604492,2200
2017-08-24,24.440000534057617,24.450000762939453,24.31999969482422,24.450000762939453,20.794078826904297,3100
2017-08-25,24.3700008392334,24.46999931335449,24.3700008392334,24.40999984741211,20.760059356689453,800
2017-08-28,24.440000534057617,24.5,24.440000534057617,24.49099922180176,20.82894325256348,2100
2017-08-29,24.655000686645508,24.655000686645508,24.48600006103516,24.5,20.83659744262696,5600
2017-08-30,24.450000762939453,24.450000762939453,24.31999969482422,24.3799991607666,20.734542846679688,16500
2017-08-31,24.299999237060547,24.350000381469727,24.209999084472656,24.350000381469727,20.709028244018555,1800
2017-09-01,24.27400016784668,24.27400016784668,24.1299991607666,24.17399978637696,20.5593376159668,15200
2017-09-05,24.34000015258789,24.51000022888184,24.246999740600582,24.41699981689453,20.76600646972656,2300
2017-09-06,24.440000534057617,24.440000534057617,24.391000747680664,24.40999984741211,20.760059356689453,1100
2017-09-07,24.440000534057617,24.540000915527344,24.402999877929688,24.530000686645508,20.86211395263672,13400
2017-09-08,24.5,24.559999465942383,24.5,24.540000915527344,20.870615005493164,10300
2017-09-11,24.3799991607666,24.3799991607666,24.270000457763672,24.270000457763672,20.64099502563477,4600
2017-09-12,24.209999084472656,24.209999084472656,24.1200008392334,24.170000076293945,20.55594825744629,36600
2017-09-13,24.18000030517578,24.18000030517578,24.0629997253418,24.0629997253418,20.464942932128903,12400
2017-09-14,24.059999465942383,24.059999465942383,23.89999961853028,24.059999465942383,20.46238899230957,4500
2017-09-15,24.049999237060547,24.049999237060547,23.989999771118164,24.0,20.411365509033203,3100
2017-09-18,23.940000534057617,23.950000762939453,23.90900039672852,23.90999984741211,20.33481979370117,3400
2017-09-19,23.89999961853028,23.90999984741211,23.8700008392334,23.8700008392334,20.300806045532227,4800
2017-09-20,23.8799991607666,23.8799991607666,23.76000022888184,23.82999992370605,20.26679229736328,10600
2017-09-21,23.799999237060547,23.799999237060547,23.700000762939453,23.700000762939453,20.15621757507324,2200
2017-09-22,23.8700008392334,23.8700008392334,23.700000762939453,23.82999992370605,20.26679229736328,7000
2017-09-25,23.8799991607666,23.940000534057617,23.8700008392334,23.920000076293945,20.34332656860352,8600
2017-09-26,23.86000061035156,23.959999084472656,23.660999298095703,23.80900001525879,20.302398681640625,3100
2017-09-27,23.61000061035156,23.6299991607666,23.540000915527344,23.554000854492188,20.08495140075684,17400
2017-09-28,23.64999961853028,23.64999961853028,23.479999542236328,23.63999938964844,20.15828514099121,2600
2017-09-29,23.575000762939453,23.59000015258789,23.53300094604492,23.56999969482422,20.098596572875977,2600
2017-10-02,23.440000534057617,23.440000534057617,23.350000381469727,23.38400077819824,19.93998908996582,4800
2017-10-03,23.39800071716309,23.39999961853028,23.35300064086914,23.39999961853028,19.9536361694336,6200
2017-10-04,23.57999992370605,23.57999992370605,23.35300064086914,23.459999084472656,20.00479316711425,36400
2017-10-05,23.549999237060547,23.549999237060547,23.3700008392334,23.3799991607666,19.93657493591309,38200
2017-10-06,23.440000534057617,23.440000534057617,23.28499984741211,23.36000061035156,19.91952514648437,15300
2017-10-09,23.459999084472656,23.459999084472656,23.25,23.32999992370605,19.89394187927246,23900
2017-10-10,23.46999931335449,23.479999542236328,23.36000061035156,23.38999938964844,19.945106506347656,16500
2017-10-11,23.350000381469727,23.350000381469727,23.299999237060547,23.350000381469727,19.91099166870117,9300
2017-10-12,23.34000015258789,23.44799995422364,23.34000015258789,23.402000427246094,19.955341339111328,24600
2017-10-13,23.450000762939453,23.450000762939453,23.381000518798828,23.426000595092773,19.975799560546875,4000
2017-10-16,23.459999084472656,23.4689998626709,23.400999069213867,23.43000030517578,19.979217529296875,13600
2017-10-17,23.459999084472656,23.459999084472656,23.37700080871582,23.38999938964844,19.945106506347656,9000
2017-10-18,23.34000015258789,23.350000381469727,23.32999992370605,23.32999992370605,19.89394187927246,7800
2017-10-19,23.37299919128418,23.41900062561035,23.32999992370605,23.34000015258789,19.902467727661133,18600
2017-10-20,23.31999969482422,23.32999992370605,23.143999099731445,23.15999984741211,19.74897766113281,7200
2017-10-23,23.229999542236328,23.270000457763672,23.225000381469727,23.270000457763672,19.84278106689453,24600
2017-10-24,23.21999931335449,23.229999542236328,23.06999969482422,23.108999252319336,19.70549201965332,16100
2017-10-25,23.100000381469727,23.295000076293945,23.020000457763672,23.200000762939453,19.7830867767334,6400
2017-10-26,23.229999542236328,23.229999542236328,23.113000869750977,23.125,19.71913146972656,16900
2017-10-27,23.09000015258789,23.18000030517578,23.027000427246094,23.18000030517578,19.76603126525879,4900
2017-10-30,23.15999984741211,23.21999931335449,23.1200008392334,23.209999084472656,19.791616439819336,6700
2017-10-31,23.190000534057617,23.200000762939453,23.14999961853028,23.18600082397461,19.77115058898925,23700
2017-11-01,23.1299991607666,23.190000534057617,23.11000061035156,23.155000686645508,19.744712829589844,20700
2017-11-02,23.209999084472656,23.25900077819824,23.17300033569336,23.211000442504883,19.792465209960938,5400
2017-11-03,23.209999084472656,23.229999542236328,23.100000381469727,23.229999542236328,19.80866813659668,97500
2017-11-06,23.270000457763672,23.270000457763672,23.19700050354004,23.249000549316406,19.82487297058105,5400
2017-11-07,23.239999771118164,23.31999969482422,23.209999084472656,23.225000381469727,19.804405212402344,6700
2017-11-08,23.32999992370605,23.32999992370605,23.21500015258789,23.26000022888184,19.834259033203125,10000
2017-11-09,23.290000915527344,23.309999465942383,23.25,23.290000915527344,19.859834671020508,17600
2017-11-10,23.239999771118164,23.239999771118164,23.11000061035156,23.165000915527344,19.75323867797852,7300
2017-11-13,23.280000686645508,23.280000686645508,23.176000595092773,23.200000762939453,19.7830867767334,6900
2017-11-14,23.23900032043457,23.290000915527344,23.170000076293945,23.270000457763672,19.84278106689453,17800
2017-11-15,23.402000427246094,23.450000762939453,23.25,23.334999084472656,19.89820671081543,12400
2017-11-16,23.299999237060547,23.299999237060547,23.15999984741211,23.194000244140625,19.777971267700195,7600
2017-11-17,23.31399917602539,23.31399917602539,23.239999771118164,23.239999771118164,19.817197799682617,28700
2017-11-20,23.21999931335449,23.229999542236328,23.1299991607666,23.13800048828125,19.73021697998047,9300
2017-11-21,23.1299991607666,23.13599967956543,23.01000022888184,23.030000686645508,19.638124465942383,11400
2017-11-22,23.01000022888184,23.117000579833984,23.01000022888184,23.117000579833984,19.71231269836425,4100
2017-11-24,23.09000015258789,23.09000015258789,23.07999992370605,23.09000015258789,19.689292907714844,2000
2017-11-27,23.09000015258789,23.09000015258789,23.020000457763672,23.038000106811523,19.64494705200196,8300
2017-11-28,23.030000686645508,23.09000015258789,22.940000534057617,22.959999084472656,19.57843399047852,12100
2017-11-29,22.8799991607666,22.979999542236328,22.8799991607666,22.979999542236328,19.595489501953125,5200
2017-11-30,22.920000076293945,22.920000076293945,22.799999237060547,22.81999969482422,19.45905303955078,11300
2017-12-01,22.84000015258789,23.190000534057617,22.84000015258789,23.01499938964844,19.625333786010746,63500
2017-12-04,22.850000381469727,23.030000686645508,22.799999237060547,23.030000686645508,19.638124465942383,14200
2017-12-05,22.98500061035156,22.98500061035156,22.863000869750977,22.8700008392334,19.501693725585938,6900
2017-12-06,23.025999069213867,23.04700088500977,23.0,23.030000686645508,19.638124465942383,7800
2017-12-07,23.049999237060547,23.049999237060547,22.93000030517578,22.93000030517578,19.552858352661133,19100
2017-12-08,22.88999938964844,22.88999938964844,22.832000732421875,22.834999084472656,19.471843719482425,4100
2017-12-11,22.809999465942383,22.858999252319336,22.809999465942383,22.809999465942383,19.450529098510746,4500
2017-12-12,22.780000686645508,22.780000686645508,22.690000534057617,22.711000442504883,19.366107940673828,8600
2017-12-13,22.77400016784668,22.82999992370605,22.77400016784668,22.825000762939453,19.463321685791016,1900
2017-12-14,22.799999237060547,22.878999710083008,22.770000457763672,22.878999710083008,19.50936317443848,8900
2017-12-15,22.82999992370605,22.82999992370605,22.729999542236328,22.770000457763672,19.41642189025879,6000
2017-12-18,22.600000381469727,22.739999771118164,22.5,22.700000762939453,19.356727600097656,6600
2017-12-19,22.600000381469727,22.694000244140625,22.530000686645508,22.530000686645508,19.21176719665528,15400
2017-12-20,22.530000686645508,22.589000701904297,22.5,22.51000022888184,19.194713592529297,17900
2017-12-21,22.51000022888184,22.51000022888184,22.5,22.51000022888184,19.194713592529297,800
2017-12-22,22.51000022888184,22.559999465942383,22.5009994506836,22.55699920654297,19.234786987304688,10400
2017-12-26,22.739999771118164,22.739999771118164,22.549999237060547,22.549999237060547,19.22882080078125,7900
2017-12-27,22.5,22.57999992370605,22.5,22.57999992370605,19.330698013305664,44200
2017-12-28,22.57999992370605,22.57999992370605,22.51000022888184,22.56999969482422,19.3221378326416,14200
2017-12-29,22.530000686645508,22.71999931335449,22.520000457763672,22.59000015258789,19.339258193969727,27500
2018-01-02,22.549999237060547,22.549999237060547,22.299999237060547,22.299999237060547,19.090984344482425,10100
2018-01-03,22.3700008392334,22.44499969482422,22.350000381469727,22.350000381469727,19.133798599243164,4600
2018-01-04,22.350000381469727,22.350000381469727,22.26000022888184,22.34000015258789,19.125232696533203,12600
2018-01-05,22.326000213623047,22.350000381469727,22.280000686645508,22.295000076293945,19.086708068847656,3100
2018-01-08,22.200000762939453,22.26000022888184,22.15999984741211,22.200000762939453,19.005380630493164,5700
2018-01-09,22.229999542236328,22.229999542236328,22.1200008392334,22.13999938964844,18.954010009765625,6300
2018-01-10,22.11000061035156,22.1200008392334,22.09000015258789,22.106000900268555,18.92490577697754,6800
2018-01-11,22.11000061035156,22.11000061035156,22.059999465942383,22.09199905395508,18.91291618347168,11900
2018-01-12,22.049999237060547,22.179000854492188,21.979999542236328,21.979999542236328,18.817039489746094,20800
2018-01-16,22.07999992370605,22.13999938964844,22.01000022888184,22.13999938964844,18.954010009765625,26400
2018-01-17,22.01000022888184,22.1200008392334,21.88999938964844,21.88999938964844,18.739988327026367,16100
2018-01-18,21.89999961853028,22.0,21.89999961853028,21.90999984741211,18.75710678100586,6000
2018-01-19,21.940000534057617,22.059999465942383,21.8700008392334,21.8700008392334,18.72286796569824,3600
2018-01-22,21.850000381469727,21.90999984741211,21.799999237060547,21.82999992370605,18.68861961364746,8200
2018-01-23,21.85400009155273,21.88999938964844,21.834999084472656,21.8799991607666,18.731426239013672,2600
2018-01-24,21.809999465942383,21.90999984741211,21.799999237060547,21.799999237060547,18.662940979003903,10400
2018-01-25,21.850000381469727,21.920000076293945,21.84000015258789,21.90999984741211,18.75710678100586,8600
2018-01-26,21.86000061035156,21.86000061035156,21.77899932861328,21.78499984741211,18.65010070800781,17500
2018-01-29,21.8799991607666,21.8799991607666,21.700000762939453,21.809999465942383,18.671497344970703,15200
2018-01-30,21.780000686645508,21.950000762939453,21.780000686645508,21.834999084472656,18.69290351867676,17800
2018-01-31,21.850000381469727,21.86000061035156,21.742000579833984,21.81999969482422,18.68006134033203,7300
2018-02-01,21.850000381469727,22.11000061035156,21.690000534057617,21.690000534057617,18.568771362304688,82100
2018-02-02,21.690000534057617,21.82999992370605,21.6299991607666,21.709999084472656,18.58589172363281,72300
2018-02-05,21.75,23.15699958801269,21.700000762939453,22.979999542236328,19.67313766479492,51200
2018-02-06,24.39999961853028,24.39999961853028,23.09000015258789,23.18000030517578,19.84435272216797,87800
2018-02-07,22.809999465942383,22.809999465942383,22.0,22.43899917602539,19.20998764038086,52700
2018-02-08,22.239999771118164,23.198999404907227,22.222000122070312,23.18899917602539,19.8520622253418,22600
2018-02-09,23.0,23.68000030517578,22.600000381469727,22.799999237060547,19.5190372467041,73300
2018-02-12,22.309999465942383,22.739999771118164,22.290000915527344,22.33699989318848,19.12266540527344,15000
2018-02-13,22.61000061035156,22.61000061035156,22.34000015258789,22.34000015258789,19.125232696533203,3800
2018-02-14,22.299999237060547,22.299999237060547,21.950000762939453,21.950000762939453,18.79135513305664,11100
2018-02-15,22.100000381469727,22.100000381469727,21.770000457763672,21.89999961853028,18.74854850769043,37900
2018-02-16,21.875,21.950000762939453,21.780000686645508,21.93000030517578,18.77423095703125,13400
2018-02-20,22.209999084472656,22.209999084472656,21.770000457763672,22.07999992370605,18.902645111083984,9300
2018-02-21,21.902000427246094,21.902000427246094,21.76000022888184,21.809999465942383,18.671497344970703,9200
2018-02-22,21.82999992370605,22.01000022888184,21.809999465942383,21.940000534057617,18.782791137695312,12500
2018-02-23,21.75,21.82999992370605,21.75,21.790000915527344,18.654380798339844,7000
2018-02-26,21.790000915527344,21.799999237060547,21.440000534057617,21.440000534057617,18.354745864868164,29400
2018-02-27,21.530000686645508,21.68000030517578,21.520000457763672,21.64900016784668,18.533662796020508,26300
2018-02-28,21.979999542236328,21.979999542236328,21.70499992370605,21.854999542236328,18.71002578735352,9200
2018-03-01,22.09000015258789,22.59000015258789,21.979999542236328,22.32999992370605,19.116668701171875,30300
2018-03-02,22.3700008392334,22.479999542236328,22.06999969482422,22.07999992370605,18.902645111083984,9900
2018-03-05,22.200000762939453,22.200000762939453,21.799999237060547,21.8799991607666,18.731426239013672,18100
2018-03-06,21.739999771118164,21.89999961853028,21.739999771118164,21.84499931335449,18.701461791992188,5100
2018-03-07,22.0,22.040000915527344,21.8700008392334,21.89999961853028,18.74854850769043,28800
2018-03-08,21.850000381469727,21.915000915527344,21.809999465942383,21.90999984741211,18.75710678100586,147700
2018-03-09,21.76000022888184,21.76000022888184,21.5,21.52400016784668,18.426660537719727,22800
2018-03-12,21.59000015258789,21.690000534057617,21.541000366210938,21.6200008392334,18.50884246826172,5000
2018-03-13,21.624000549316406,21.82999992370605,21.621999740600582,21.81999969482422,18.68006134033203,13900
2018-03-14,21.729999542236328,21.89999961853028,21.70499992370605,21.89999961853028,18.74854850769043,9200
2018-03-15,21.8799991607666,21.940000534057617,21.84000015258789,21.940000534057617,18.782791137695312,1300
2018-03-16,21.75,21.80900001525879,21.68000030517578,21.799999237060547,18.662940979003903,5600
2018-03-19,21.700000762939453,22.040000915527344,21.700000762939453,22.01000022888184,18.84272003173828,7500
2018-03-20,21.843000411987305,21.86100006103516,21.757999420166016,21.81999969482422,18.68006134033203,15200
2018-03-21,21.799999237060547,21.801000595092773,21.739999771118164,21.801000595092773,18.663795471191406,1900
2018-03-22,21.739999771118164,22.28199958801269,21.739999771118164,22.28199958801269,19.07558250427246,11300
2018-03-23,22.3799991607666,22.770000457763672,22.350000381469727,22.724000930786133,19.4539794921875,84600
2018-03-26,22.61000061035156,22.61000061035156,22.2450008392334,22.270000457763672,19.065303802490234,11700
2018-03-27,22.309999465942383,22.549999237060547,22.299999237060547,22.450000762939453,19.219402313232425,20300
2018-03-28,22.81999969482422,22.81999969482422,22.434999465942383,22.58099937438965,19.39114761352539,31900
2018-03-29,22.530000686645508,22.59000015258789,22.280000686645508,22.36000061035156,19.20137405395508,15200
2018-04-02,22.350000381469727,23.07999992370605,22.270000457763672,22.988000869750977,19.74065971374512,81200
2018-04-03,22.5310001373291,22.63999938964844,22.39999961853028,22.39999961853028,19.235719680786133,16300
2018-04-04,22.799999237060547,22.799999237060547,22.21999931335449,22.21999931335449,19.08114624023437,150300
2018-04-05,22.239999771118164,22.239999771118164,22.02300071716309,22.07999992370605,18.96092414855957,6900
2018-04-06,22.17300033569336,22.520000457763672,22.152999877929688,22.450000762939453,19.278657913208008,38100
2018-04-09,22.350000381469727,22.350000381469727,22.14900016784668,22.3439998626709,19.187631607055664,9900
2018-04-10,22.17399978637696,22.24399948120117,22.11000061035156,22.152999877929688,19.02361297607422,4500
2018-04-11,22.309999465942383,22.309999465942383,22.14299964904785,22.239999771118164,19.098318099975582,3200
2018-04-12,22.23500061035156,22.23500061035156,21.71999931335449,22.049999237060547,18.93515968322754,27900
2018-04-13,22.0,22.020000457763672,21.88999938964844,22.020000457763672,18.909400939941406,4000
2018-04-16,21.90999984741211,21.90999984741211,21.670000076293945,21.709999084472656,18.64319229125977,12600
2018-04-17,21.7810001373291,21.790000915527344,21.709999084472656,21.768999099731445,18.6938533782959,4900
2018-04-18,21.63999938964844,21.64999961853028,21.5,21.5,18.46284866333008,7300
2018-04-19,21.59000015258789,21.59000015258789,21.59000015258789,21.59000015258789,18.54014205932617,600
2018-04-20,21.61000061035156,21.6299991607666,21.59000015258789,21.6299991607666,18.57449150085449,2800
2018-04-23,21.600000381469727,21.600000381469727,21.51000022888184,21.549999237060547,18.50579261779785,3400
2018-04-24,21.5,21.770000457763672,21.49300003051757,21.59000015258789,18.54014205932617,5900
2018-04-25,21.64999961853028,21.7549991607666,21.61000061035156,21.68600082397461,18.62257957458496,8600
2018-04-26,21.527000427246094,21.559999465942383,21.527000427246094,21.559999465942383,18.514375686645508,1100
2018-04-27,21.5,21.608999252319336,21.5,21.551000595092773,18.506650924682617,2000
2018-04-30,21.5,21.61000061035156,21.42099952697754,21.575000762939453,18.527263641357425,6200
2018-05-01,21.65999984741211,21.700000762939453,21.51700019836425,21.6200008392334,18.565900802612305,21900
2018-05-02,21.39999961853028,21.6299991607666,21.39999961853028,21.6200008392334,18.565900802612305,4000
2018-05-03,21.6299991607666,21.75,21.6200008392334,21.690000534057617,18.62601661682129,2600
2018-05-04,21.608999252319336,21.608999252319336,21.516000747680664,21.52199935913086,18.481748580932617,4100
2018-05-07,21.479999542236328,21.479999542236328,21.39999961853028,21.459999084472656,18.428504943847656,5500
2018-05-08,21.530000686645508,21.530000686645508,21.229999542236328,21.489999771118164,18.454269409179688,20800
2018-05-09,21.326000213623047,21.326000213623047,21.160999298095703,21.184999465942383,18.19235610961914,2200
2018-05-10,21.280000686645508,21.280000686645508,21.07999992370605,21.11100006103516,18.128801345825195,12300
2018-05-11,21.200000762939453,21.25,21.1299991607666,21.14999961853028,18.16229820251465,13300
2018-05-14,21.14999961853028,21.14999961853028,21.059999465942383,21.1200008392334,18.13653564453125,8800
2018-05-15,21.049999237060547,21.07999992370605,21.0,21.07999992370605,18.102184295654297,2900
2018-05-16,21.0,21.14800071716309,20.85099983215332,20.85099983215332,17.905534744262695,3500
2018-05-17,20.850000381469727,20.88999938964844,20.84000015258789,20.88999938964844,17.939027786254883,1800
2018-05-18,20.809999465942383,21.01000022888184,20.799999237060547,20.920000076293945,17.96478843688965,8700
2018-05-21,20.979999542236328,20.979999542236328,20.780000686645508,20.84000015258789,17.896087646484375,9600
2018-05-22,20.799999237060547,20.871000289916992,20.799999237060547,20.849000930786133,17.9038143157959,1800
2018-05-23,21.0,21.07999992370605,20.950000762939453,20.950000762939453,17.99054718017578,1300
2018-05-24,21.11599922180176,21.11599922180176,20.850000381469727,20.950000762939453,17.99054718017578,5800
2018-05-25,21.10300064086914,21.11800003051757,21.040000915527344,21.09000015258789,18.11077690124512,11500
2018-05-29,21.39999961853028,21.61100006103516,21.1299991607666,21.59000015258789,18.54014205932617,7900
2018-05-30,21.347000122070312,21.347000122070312,21.13999938964844,21.239999771118164,18.23958396911621,5600
2018-05-31,21.336000442504883,21.448999404907227,21.209999084472656,21.36599922180176,18.3477840423584,3000
2018-06-01,21.138999938964844,21.209999084472656,21.07999992370605,21.15999984741211,18.17088508605957,60900
2018-06-04,21.170000076293945,21.170000076293945,20.99300003051757,20.99300003051757,18.027477264404297,1300
2018-06-05,20.99300003051757,20.99300003051757,20.99300003051757,20.99300003051757,18.027477264404297,100
2018-06-06,20.96199989318848,20.96199989318848,20.8759994506836,20.8759994506836,17.927003860473633,17000
2018-06-07,20.940000534057617,21.01000022888184,20.940000534057617,21.01000022888184,18.04207229614257,5200
2018-06-08,20.96299934387207,21.01000022888184,20.90999984741211,20.979999542236328,18.016313552856445,8400
2018-06-11,20.93000030517578,20.93000030517578,20.75,20.84000015258789,17.896087646484375,157200
2018-06-12,20.84600067138672,20.920000076293945,20.84600067138672,20.886999130249023,17.93644905090332,6300
2018-06-13,20.89999961853028,20.89999961853028,20.89999961853028,20.89999961853028,17.947612762451172,100
2018-06-14,20.81999969482422,20.929000854492188,20.81999969482422,20.90699958801269,17.95362091064453,3700
2018-06-15,21.01000022888184,21.049999237060547,21.0,21.0,18.03348731994629,7200
2018-06-18,21.049999237060547,21.049999237060547,21.006000518798828,21.02899932861328,18.05839157104492,600
2018-06-19,21.200000762939453,21.200000762939453,21.099000930786133,21.14999961853028,18.16229820251465,4600
2018-06-20,21.040000915527344,21.059999465942383,20.979999542236328,20.99399948120117,18.02833366394043,4000
2018-06-21,21.01000022888184,21.170000076293945,21.0,21.170000076293945,18.17947006225586,17400
2018-06-22,21.09000015258789,21.09000015258789,21.09000015258789,21.09000015258789,18.11077690124512,400
2018-06-25,21.26000022888184,21.499000549316406,21.229999542236328,21.386999130249023,18.36581802368164,7000
2018-06-26,21.3799991607666,21.3799991607666,21.3799991607666,21.3799991607666,18.359806060791016,300
2018-06-27,21.56999969482422,21.56999969482422,21.207000732421875,21.450000762939453,18.49691772460937,11100
2018-06-28,21.34000015258789,21.52499961853028,21.32999992370605,21.33799934387207,18.400333404541016,3700
2018-06-29,21.15999984741211,21.31999969482422,21.15999984741211,21.253999710083008,18.327905654907227,25500
2018-07-02,21.31999969482422,21.440000534057617,21.21199989318848,21.27199935913086,18.34342384338379,17900
2018-07-03,21.21999931335449,21.28300094604492,21.21999931335449,21.28300094604492,18.352914810180664,500
2018-07-05,21.530000686645508,21.530000686645508,21.18199920654297,21.229999542236328,18.307201385498047,4700
2018-07-06,21.450000762939453,21.450000762939453,21.06100082397461,21.190000534057617,18.27271270751953,10200
2018-07-09,20.8799991607666,21.020000457763672,20.8799991607666,21.020000457763672,18.126117706298828,5100
2018-07-10,20.979999542236328,20.979999542236328,20.82999992370605,20.8799991607666,18.005388259887695,7400
2018-07-11,20.940000534057617,21.059999465942383,20.940000534057617,21.04899978637696,18.15112495422364,4600
2018-07-12,20.89999961853028,20.93000030517578,20.89999961853028,20.93000030517578,18.048507690429688,2400
2018-07-13,20.920000076293945,20.950000762939453,20.920000076293945,20.93400001525879,18.051958084106445,700
2018-07-16,20.979999542236328,20.979999542236328,20.799999237060547,20.856000900268555,17.984695434570312,6700
2018-07-17,20.8700008392334,20.8700008392334,20.75200080871582,20.75200080871582,17.895017623901367,400
2018-07-18,20.790000915527344,20.86000061035156,20.71699905395508,20.71699905395508,17.86483383178711,152700
2018-07-19,20.709999084472656,20.8700008392334,20.709999084472656,20.76000022888184,17.901912689208984,1800
2018-07-20,20.600000381469727,20.79700088500977,20.600000381469727,20.770000457763672,17.910533905029297,1500
2018-07-23,20.780000686645508,20.780000686645508,20.700000762939453,20.700000762939453,17.85017967224121,1900
2018-07-24,20.799999237060547,20.799999237060547,20.559999465942383,20.61000061035156,17.772565841674805,7800
2018-07-25,20.600000381469727,20.643999099731445,20.57999992370605,20.57999992370605,17.746692657470703,1100
2018-07-26,20.5,20.5,20.5,20.5,17.677711486816406,800
2018-07-27,20.60300064086914,20.60300064086914,20.55500030517578,20.55500030517578,17.725135803222656,6300
2018-07-30,20.68000030517578,20.68000030517578,20.59000015258789,20.59000015258789,17.755321502685547,1900
2018-07-31,20.64900016784668,20.700000762939453,20.559999465942383,20.559999465942383,17.729446411132812,2500
2018-08-01,20.64900016784668,20.64900016784668,20.559999465942383,20.56999969482422,17.73807144165039,12500
2018-08-02,20.63999938964844,20.739999771118164,20.5,20.549999237060547,17.720821380615234,34900
2018-08-03,20.573999404907227,20.573999404907227,20.549999237060547,20.56100082397461,17.730310440063477,1800
2018-08-06,20.600000381469727,20.600000381469727,20.5,20.535999298095703,17.70874786376953,800
2018-08-07,20.5,20.5,20.34000015258789,20.34000015258789,17.539735794067383,6000
2018-08-08,20.3700008392334,20.459999084472656,20.3700008392334,20.4379997253418,17.624242782592773,2600
2018-08-09,20.3700008392334,20.5,20.3700008392334,20.464000701904297,17.646663665771484,3700
2018-08-10,20.68000030517578,20.709999084472656,20.677000045776367,20.677000045776367,17.830339431762695,2200
2018-08-13,20.61000061035156,20.799999237060547,20.61000061035156,20.709999084472656,17.858793258666992,2000
2018-08-14,20.71299934387207,20.71299934387207,20.68199920654297,20.700000762939453,17.85017967224121,2300
2018-08-15,20.9060001373291,20.9060001373291,20.76499938964844,20.76499938964844,17.906225204467773,4800
2018-08-16,20.700000762939453,20.700000762939453,20.64999961853028,20.64999961853028,17.807050704956055,1800
2018-08-17,20.540000915527344,20.540000915527344,20.49799919128418,20.49799919128418,17.675979614257812,1100
2018-08-20,20.679000854492188,20.690000534057617,20.625,20.690000534057617,17.841550827026367,166800
2018-08-21,20.52499961853028,20.61000061035156,20.479999542236328,20.520999908447266,17.695817947387695,7400
2018-08-22,20.66900062561035,20.6879997253418,20.57999992370605,20.63400077819824,17.79326057434082,8300
2018-08-23,20.559999465942383,20.690000534057617,20.559999465942383,20.690000534057617,17.841550827026367,3500
2018-08-24,20.55699920654297,20.61100006103516,20.55299949645996,20.575000762939453,17.74237632751465,1900
2018-08-27,20.39999961853028,20.54899978637696,20.39999961853028,20.540000915527344,17.712202072143555,7900
2018-08-28,20.405000686645508,20.50900077819824,20.38999938964844,20.50900077819824,17.685466766357422,10500
2018-08-29,20.43899917602539,20.450000762939453,20.41399955749512,20.42799949645996,17.615617752075195,6200
2018-08-30,20.530000686645508,20.57999992370605,20.43000030517578,20.5629997253418,17.732032775878906,19600
2018-08-31,20.600000381469727,20.600000381469727,20.507999420166016,20.56999969482422,17.73807144165039,7900
2018-09-04,20.520000457763672,20.582000732421875,20.46999931335449,20.51499938964844,17.690643310546875,22100
2018-09-05,20.530000686645508,20.541000366210938,20.440000534057617,20.496999740600582,17.67512321472168,22700
2018-09-06,20.43000030517578,20.6299991607666,20.43000030517578,20.57999992370605,17.746692657470703,15000
2018-09-07,20.55500030517578,20.65699958801269,20.488000869750977,20.569000244140625,17.73720359802246,6800
2018-09-10,20.61000061035156,20.770000457763672,20.440000534057617,20.48500061035156,17.664770126342773,4700
2018-09-11,20.5,20.5,20.3700008392334,20.40999984741211,17.60009765625,8300
2018-09-12,20.39999961853028,20.450000762939453,20.34000015258789,20.40999984741211,17.60009765625,18000
2018-09-13,20.36100006103516,20.36100006103516,20.277000427246094,20.315000534057617,17.518173217773438,4200
2018-09-14,20.200000762939453,20.26000022888184,20.200000762939453,20.2450008392334,17.45781707763672,1600
2018-09-17,20.100000381469727,20.280000686645508,20.100000381469727,20.270000457763672,17.479372024536133,9700
2018-09-18,20.5,20.5,20.100000381469727,20.100000381469727,17.33277702331543,27400
2018-09-19,20.19499969482422,20.19499969482422,20.051000595092773,20.051000595092773,17.290525436401367,3500
2018-09-20,20.200000762939453,20.200000762939453,20.0,20.027000427246094,17.26982307434082,6400
2018-09-21,20.018999099731445,20.059999465942383,20.01000022888184,20.059999465942383,17.298280715942383,14700
2018-09-24,20.13999938964844,20.13999938964844,20.09000015258789,20.09000015258789,17.32415008544922,1000
2018-09-25,20.020000457763672,20.03199958801269,20.020000457763672,20.03199958801269,17.274139404296875,400
2018-09-26,20.01000022888184,20.01000022888184,19.94700050354004,19.959999084472656,17.29146957397461,3500
2018-09-27,19.950000762939453,20.0,19.91699981689453,20.0,17.32611656188965,16000
2018-09-28,20.0,20.049999237060547,20.0,20.01499938964844,17.339109420776367,12000
2018-10-01,20.01000022888184,20.01000022888184,19.89999961853028,19.940000534057617,17.274139404296875,26300
2018-10-02,19.96999931335449,19.97900009155273,19.96999931335449,19.97900009155273,17.307926177978516,6200
2018-10-03,19.920000076293945,19.950000762939453,19.71999931335449,19.81999969482422,17.170175552368164,31000
2018-10-04,19.700000762939453,19.86800003051757,19.700000762939453,19.8439998626709,17.19097328186035,6800
2018-10-05,19.90999984741211,20.100000381469727,19.799999237060547,19.94300079345703,17.27674102783203,8100
2018-10-08,19.920000076293945,19.98699951171875,19.86000061035156,19.86000061035156,17.204835891723633,3300
2018-10-09,19.8799991607666,19.934999465942383,19.86000061035156,19.895000457763672,17.235158920288086,6800
2018-10-10,19.84000015258789,20.229999542236328,19.84000015258789,20.209999084472656,17.508039474487305,13800
2018-10-11,20.57999992370605,21.030000686645508,20.450000762939453,20.780000686645508,18.001834869384766,29700
2018-10-12,20.64999961853028,20.88999938964844,20.440000534057617,20.55900001525879,17.810380935668945,25200
2018-10-15,20.61000061035156,20.64999961853028,20.499000549316406,20.530000686645508,17.785255432128906,6100
2018-10-16,20.299999237060547,20.45599937438965,20.270000457763672,20.299999237060547,17.586013793945312,15400
2018-10-17,20.309999465942383,20.38500022888184,20.200000762939453,20.229999542236328,17.52536392211914,10700
2018-10-18,20.290000915527344,20.56999969482422,20.246999740600582,20.540000915527344,17.793926239013672,4900
2018-10-19,20.309999465942383,20.520000457763672,20.270000457763672,20.489999771118164,17.7506046295166,7100
2018-10-22,20.530000686645508,20.600000381469727,20.479999542236328,20.507999420166016,17.766202926635742,16600
2018-10-23,20.6200008392334,21.11000061035156,20.551000595092773,20.582000732421875,17.830312728881836,167900
2018-10-24,20.8799991607666,21.190000534057617,20.81399917602539,21.190000534057617,18.357017517089844,85200
2018-10-25,21.11000061035156,21.229999542236328,20.8799991607666,20.88999938964844,18.09712791442871,29300
2018-10-26,21.309999465942383,21.57099914550781,21.229999542236328,21.520000457763672,18.64289093017578,25100
2018-10-29,21.350000381469727,21.729999542236328,20.989999771118164,21.459999084472656,18.59092140197754,32500
2018-10-30,21.36000061035156,21.549999237060547,21.18000030517578,21.18000030517578,18.348360061645508,13700
2018-10-31,20.834999084472656,20.86000061035156,20.739999771118164,20.850000381469727,18.062475204467773,29400
2018-11-01,20.840999603271484,20.840999603271484,20.59000015258789,20.59000015258789,17.837236404418945,145500
2018-11-02,20.5,20.88999938964844,20.420000076293945,20.8700008392334,18.07980155944824,18200
2018-11-05,20.950000762939453,20.950000762939453,20.600000381469727,20.63999938964844,17.880550384521484,5300
2018-11-06,20.559999465942383,20.559999465942383,20.43000030517578,20.516000747680664,17.77313232421875,1700
2018-11-07,20.291000366210938,20.291000366210938,20.01000022888184,20.01000022888184,17.334774017333984,38000
2018-11-08,20.076000213623047,20.09000015258789,19.950000762939453,19.96999931335449,17.30012321472168,19900
2018-11-09,20.18000030517578,20.29400062561035,20.18000030517578,20.229999542236328,17.52536392211914,5000
2018-11-12,20.600000381469727,20.600000381469727,20.381000518798828,20.549999237060547,17.802587509155273,2400
2018-11-13,20.600000381469727,20.73600006103516,20.600000381469727,20.73600006103516,17.963712692260742,6300
2018-11-14,20.8700008392334,20.89999961853028,20.559999465942383,20.81999969482422,18.03649139404297,10400
2018-11-15,21.038000106811523,21.038000106811523,20.75,20.83300018310547,18.04774475097656,1600
2018-11-16,20.75,20.75,20.63999938964844,20.63999938964844,17.880550384521484,600
2018-11-19,20.64999961853028,21.02499961853028,20.63999938964844,21.020000457763672,18.209747314453125,6400
2018-11-20,21.64999961853028,21.64999961853028,21.22100067138672,21.450000762939453,18.582260131835938,20300
2018-11-21,21.280000686645508,21.280000686645508,21.11199951171875,21.200000762939453,18.365678787231445,5100
2018-11-23,21.290000915527344,21.40999984741211,21.290000915527344,21.40999984741211,18.54760932922364,2200
2018-11-26,21.131000518798828,21.208999633789062,21.05699920654297,21.05699920654297,18.24180221557617,3600
2018-11-27,21.06100082397461,21.100000381469727,20.94599914550781,20.94799995422364,18.147375106811523,10100
2018-11-28,21.13999938964844,21.13999938964844,20.608999252319336,20.608999252319336,17.853696823120117,3700
2018-11-29,20.520000457763672,20.799999237060547,20.520000457763672,20.663000106811523,17.900476455688477,4400
2018-11-30,20.86000061035156,20.86000061035156,20.61000061035156,20.670000076293945,17.906545639038086,10200
2018-12-03,20.57999992370605,20.600000381469727,20.26000022888184,20.381000518798828,17.65618133544922,9400
2018-12-04,20.36000061035156,21.07999992370605,20.350000381469727,20.770000457763672,17.99317169189453,8800
2018-12-06,21.39999961853028,21.75,21.39999961853028,21.410999298095703,18.548471450805664,11000
2018-12-07,21.138999938964844,21.67799949645996,21.100000381469727,21.625,18.733867645263672,5500
2018-12-10,21.549999237060547,22.299999237060547,21.5,21.82999992370605,18.911455154418945,62600
2018-12-11,21.45499992370605,21.8799991607666,21.45499992370605,21.76000022888184,18.85081672668457,8700
2018-12-12,21.35099983215332,21.433000564575195,21.29800033569336,21.433000564575195,18.567533493041992,5500
2018-12-13,21.364999771118164,21.51499938964844,21.28899955749512,21.51499938964844,18.638566970825195,700
2018-12-14,21.739999771118164,22.059999465942383,21.739999771118164,21.961000442504883,19.024940490722656,15000
2018-12-17,22.26300048828125,22.577999114990234,22.040000915527344,22.525999069213867,19.514402389526367,80000
2018-12-18,22.520000457763672,22.8700008392334,22.200000762939453,22.5,19.49188232421875,27600
2018-12-19,22.5,23.14999961853028,22.200000762939453,23.07999992370605,19.99433708190918,26400
2018-12-20,23.0,23.82999992370605,23.0,23.3799991607666,20.254228591918945,175500
2018-12-21,23.46999931335449,24.170000076293945,23.01000022888184,23.88999938964844,20.6960506439209,84700
2018-12-24,26.61000061035156,26.61000061035156,24.222999572753903,24.700000762939453,21.39775657653809,69400
2018-12-26,24.89999961853028,25.09000015258789,23.100000381469727,23.170000076293945,20.151445388793945,74700
2018-12-27,23.38999938964844,24.104999542236328,23.17200088500977,23.26000022888184,20.22972297668457,61400
2018-12-28,23.030000686645508,23.229999542236328,22.69799995422364,22.790000915527344,19.82094955444336,68300
2018-12-31,22.61000061035156,23.06999969482422,22.61000061035156,22.8700008392334,19.890525817871094,75200
2019-01-02,23.39999961853028,23.39999961853028,22.69300079345703,22.86000061035156,19.8818302154541,67100
2019-01-03,23.26000022888184,23.71999931335449,22.96999931335449,23.71999931335449,20.629785537719727,57900
2019-01-04,23.02499961853028,23.280000686645508,22.36000061035156,22.51099967956543,19.57829475402832,66700
2019-01-07,22.1200008392334,22.5049991607666,22.03400039672852,22.13599967956543,19.25215148925781,15000
2019-01-08,21.8799991607666,22.15999984741211,21.75,21.75,18.91643524169922,15300
2019-01-09,21.729999542236328,21.874000549316406,21.64999961853028,21.780000686645508,18.942533493041992,22800
2019-01-10,22.016000747680664,22.016000747680664,21.6200008392334,21.690000534057617,18.864255905151367,12800
2019-01-11,21.86400032043457,21.950000762939453,21.6299991607666,21.64999961853028,18.829463958740234,101100
2019-01-14,21.84499931335449,21.850000381469727,21.652000427246094,21.652000427246094,18.831212997436523,4900
2019-01-15,21.56999969482422,21.600000381469727,21.350000381469727,21.363000869750977,18.57985496520996,7500
2019-01-16,21.100000381469727,21.290000915527344,21.100000381469727,21.26499938964844,18.49462509155273,21200
2019-01-17,21.670000076293945,21.670000076293945,21.1200008392334,21.16200065612793,18.40504264831543,30100
2019-01-18,21.07999992370605,21.11000061035156,20.770000457763672,21.020000457763672,18.28154182434082,23500
2019-01-22,20.809999465942383,21.292999267578125,20.809999465942383,21.26300048828125,18.492881774902344,27200
2019-01-23,21.10700035095215,21.39999961853028,21.10099983215332,21.21500015258789,18.451141357421875,8200
2019-01-24,21.299999237060547,21.299999237060547,21.1200008392334,21.18000030517578,18.42069435119629,11900
2019-01-25,21.09000015258789,21.09000015258789,20.864999771118164,20.93899917602539,18.21109771728516,3400
2019-01-28,20.93000030517578,21.170000076293945,20.93000030517578,21.07900047302246,18.33285140991211,42700
2019-01-29,21.02400016784668,21.170000076293945,21.02400016784668,21.1299991607666,18.377212524414062,16600
2019-01-30,21.01000022888184,21.04400062561035,20.809999465942383,20.89999961853028,18.17717361450196,22400
2019-01-31,20.809999465942383,20.920000076293945,20.799999237060547,20.83300018310547,18.11890411376953,6100
2019-02-01,20.739999771118164,20.761999130249023,20.690000534057617,20.7549991607666,18.05106544494629,7600
2019-02-04,20.799999237060547,20.799999237060547,20.559999465942383,20.61599922180176,17.930173873901367,49000
2019-02-05,20.549999237060547,20.56999969482422,20.5,20.530000686645508,17.855375289916992,7500
2019-02-06,20.71999931335449,20.71999931335449,20.57999992370605,20.6299991607666,17.942350387573242,10300
2019-02-07,20.8700008392334,20.9060001373291,20.72800064086914,20.799999237060547,18.09020233154297,10500
2019-02-08,21.020000457763672,21.020000457763672,20.71999931335449,20.71999931335449,18.020626068115234,19200
2019-02-11,20.809999465942383,20.809999465942383,20.6299991607666,20.68400001525879,17.98931884765625,30000
2019-02-12,20.600000381469727,20.600000381469727,20.420000076293945,20.5,17.82928466796875,7200
2019-02-13,20.46999931335449,20.46999931335449,20.39999961853028,20.44499969482422,17.78145408630371,4000
2019-02-14,20.64999961853028,20.64999961853028,20.489999771118164,20.52400016784668,17.85015869140625,7900
2019-02-15,20.48699951171875,20.5,20.3799991607666,20.42099952697754,17.760581970214844,8700
2019-02-19,20.540000915527344,20.540000915527344,20.3799991607666,20.417999267578125,17.757972717285156,2700
2019-02-20,20.559999465942383,20.559999465942383,20.309999465942383,20.375,17.72057342529297,10900
2019-02-21,20.325000762939453,20.3700008392334,20.325000762939453,20.36000061035156,17.7075252532959,5700
2019-02-22,20.479999542236328,20.5,20.239999771118164,20.239999771118164,17.603158950805664,19800
2019-02-25,20.229999542236328,20.270000457763672,20.1299991607666,20.200000762939453,17.56837272644043,20800
2019-02-26,20.200000762939453,20.32699966430664,20.200000762939453,20.29199981689453,17.648386001586914,5800
2019-02-27,20.36899948120117,20.3759994506836,20.290000915527344,20.290000915527344,17.646648406982422,13200
2019-02-28,20.290000915527344,20.292999267578125,20.191999435424805,20.21999931335449,17.585765838623047,12900
2019-03-01,20.14999961853028,20.229999542236328,20.0,20.030000686645508,17.42051887512207,53900
2019-03-04,20.0,20.34000015258789,20.0,20.25,17.611854553222656,19200
2019-03-05,20.208999633789062,20.229999542236328,20.141000747680664,20.17399978637696,17.545761108398438,8200
2019-03-06,20.25300025939941,20.350000381469727,20.25,20.326000213623047,17.67795753479004,57100
2019-03-07,20.440000534057617,20.600000381469727,20.440000534057617,20.489999771118164,17.820589065551758,7400
2019-03-08,20.691999435424805,20.729999542236328,20.57999992370605,20.58099937438965,17.899736404418945,5500
2019-03-11,20.4950008392334,20.4950008392334,20.364999771118164,20.364999771118164,17.711870193481445,5900
2019-03-12,20.46999931335449,20.46999931335449,20.2450008392334,20.315000534057617,17.66838836669922,8300
2019-03-13,20.167999267578125,20.26000022888184,20.14999961853028,20.257999420166016,17.61882209777832,8600
2019-03-14,20.25,20.270000457763672,20.170000076293945,20.2189998626709,17.58489418029785,4900
2019-03-15,20.209999084472656,20.218000411987305,20.17799949645996,20.209999084472656,17.577068328857422,37200
2019-03-18,20.350000381469727,20.350000381469727,20.128999710083008,20.128999710083008,17.506620407104492,26800
2019-03-19,20.26000022888184,20.26000022888184,20.030000686645508,20.184999465942383,17.55532455444336,3200
2019-03-20,20.184999465942383,20.280000686645508,20.15999984741211,20.280000686645508,17.637954711914062,16200
2019-03-21,20.354999542236328,20.354999542236328,20.11000061035156,20.19099998474121,17.560543060302734,1300
2019-03-22,20.190000534057617,20.600000381469727,20.190000534057617,20.5,17.82928466796875,4700
2019-03-25,20.64999961853028,20.690000534057617,20.527999877929688,20.63500022888184,17.946697235107422,94100
2019-03-26,20.600000381469727,20.600000381469727,20.46199989318848,20.545000076293945,17.868423461914062,8900
2019-03-27,20.583999633789062,20.749000549316406,20.575000762939453,20.64900016784668,17.95887565612793,18000
2019-03-28,20.44799995422364,20.51000022888184,20.440000534057617,20.474000930786133,17.88462257385254,8600
2019-03-29,20.5,20.5,20.31999969482422,20.38999938964844,17.81124496459961,31400
2019-04-01,20.31999969482422,20.31999969482422,20.07999992370605,20.145999908447266,17.598106384277344,13500
2019-04-02,19.959999084472656,20.200000762939453,19.959999084472656,19.979999542236328,17.453102111816406,60500
2019-04-03,19.959999084472656,20.14999961853028,19.959999084472656,20.08300018310547,17.54307746887207,609400
2019-04-04,20.049999237060547,20.13999938964844,20.01000022888184,20.06399917602539,17.526479721069336,3200
2019-04-05,20.06999969482422,20.07999992370605,20.0,20.03499984741211,17.50114631652832,7500
2019-04-08,20.0,20.06999969482422,20.0,20.035999298095703,17.502017974853516,5800
2019-04-09,20.11000061035156,20.14999961853028,20.09000015258789,20.13500022888184,17.588499069213867,9100
2019-04-10,20.11899948120117,20.13999938964844,20.030000686645508,20.054000854492188,17.51774024963379,8500
2019-04-11,20.030000686645508,20.058000564575195,19.96999931335449,19.979999542236328,17.453102111816406,5400
2019-04-12,19.950000762939453,19.950000762939453,19.81999969482422,19.8700008392334,17.35701560974121,21800
2019-04-15,19.92399978637696,19.9379997253418,19.886999130249023,19.92300033569336,17.4033145904541,5100
2019-04-16,19.920000076293945,19.920000076293945,19.850000381469727,19.8799991607666,17.365745544433594,3900
2019-04-17,19.75,19.84499931335449,19.75,19.84499931335449,17.335176467895508,1600
2019-04-18,19.940000534057617,19.940000534057617,19.82999992370605,19.8700008392334,17.35701560974121,10100
2019-04-22,19.809999465942383,19.90999984741211,19.791000366210938,19.82999992370605,17.32207679748535,36600
2019-04-23,19.780000686645508,19.832000732421875,19.7450008392334,19.792999267578125,17.289752960205078,3100
2019-04-24,19.96999931335449,19.96999931335449,19.850000381469727,19.89699935913086,17.380596160888672,7200
2019-04-25,20.18000030517578,20.18000030517578,19.905000686645508,19.90800094604492,17.390209197998047,6000
2019-04-26,19.979999542236328,19.979999542236328,19.959999084472656,19.96999931335449,17.444366455078125,2100
2019-04-29,20.059999465942383,20.059999465942383,19.77199935913086,19.840999603271484,17.331684112548828,15300
2019-04-30,19.700000762939453,19.950000762939453,19.700000762939453,19.93000030517578,17.4094295501709,15800
2019-05-01,19.940000534057617,19.951000213623047,19.81999969482422,19.915000915527344,17.396329879760742,13300
2019-05-02,19.958999633789062,19.9689998626709,19.871000289916992,19.95499992370605,17.431262969970703,11400
2019-05-03,19.82999992370605,19.90999984741211,19.770000457763672,19.825000762939453,17.317705154418945,32000
2019-05-06,20.13999938964844,20.211000442504883,19.86000061035156,19.920000076293945,17.400691986083984,52800
2019-05-07,19.82999992370605,20.319000244140625,19.82999992370605,20.270000457763672,17.7064266204834,20100
2019-05-08,20.14999961853028,20.323999404907227,20.13999938964844,20.20199966430664,17.64702606201172,10300
2019-05-09,20.479999542236328,20.530000686645508,20.25,20.280000686645508,17.715164184570312,36000
2019-05-10,20.420000076293945,20.420000076293945,20.1200008392334,20.170000076293945,17.61907196044922,28100
2019-05-13,20.530000686645508,20.597999572753903,20.459999084472656,20.506000518798828,17.912578582763672,16700
2019-05-14,20.424999237060547,20.424999237060547,20.280000686645508,20.36899948120117,17.79290199279785,5300
2019-05-15,20.479999542236328,20.479999542236328,20.270000457763672,20.270000457763672,17.7064266204834,16800
2019-05-16,20.43000030517578,20.43000030517578,20.1200008392334,20.21199989318848,17.65576171875,31000
2019-05-17,20.2810001373291,20.2810001373291,20.18000030517578,20.26300048828125,17.70030975341797,11300
2019-05-20,20.280000686645508,20.38999938964844,20.26000022888184,20.285999298095703,17.720401763916016,33800
2019-05-21,20.26000022888184,20.26000022888184,20.1200008392334,20.15399932861328,17.605100631713867,17500
2019-05-22,20.214000701904297,20.270000457763672,20.1879997253418,20.215999603271484,17.659255981445312,750400
2019-05-23,20.739999771118164,20.799999237060547,20.43000030517578,20.65999984741211,18.047100067138672,21900
2019-05-24,20.450000762939453,20.51000022888184,20.3700008392334,20.489999771118164,17.898601531982422,22500
2019-05-28,20.46999931335449,20.628999710083008,20.39999961853028,20.628999710083008,18.02002143859864,5600
2019-05-29,20.979999542236328,20.979999542236328,20.780000686645508,20.78400039672852,18.155420303344727,44100
2019-05-30,20.64999961853028,20.854999542236328,20.64999961853028,20.79400062561035,18.16415786743164,22600
2019-05-31,21.06999969482422,21.170000076293945,20.979999542236328,21.13999938964844,18.46639633178711,75900
2019-06-03,21.26000022888184,21.32999992370605,21.07099914550781,21.280000686645508,18.58868789672852,12700
2019-06-04,21.270000457763672,21.270000457763672,20.81100082397461,20.81100082397461,18.179004669189453,24200
2019-06-05,20.799999237060547,20.86000061035156,20.73699951171875,20.74099922180176,18.11785697937012,8300
2019-06-06,20.700000762939453,20.72100067138672,20.600000381469727,20.63999938964844,18.029630661010746,15700
2019-06-07,20.40999984741211,20.670000076293945,20.40999984741211,20.584999084472656,17.981590270996094,51800
2019-06-10,20.434999465942383,20.46500015258789,20.3700008392334,20.420000076293945,17.837451934814453,48700
2019-06-11,20.170000076293945,20.489999771118164,20.170000076293945,20.440000534057617,17.85492515563965,28200
2019-06-12,20.48500061035156,20.56999969482422,20.48500061035156,20.56999969482422,17.968481063842773,3700
2019-06-13,20.530000686645508,20.530000686645508,20.46999931335449,20.507999420166016,17.914325714111328,10800
2019-06-14,20.55299949645996,20.5629997253418,20.5,20.5,17.907339096069336,11900
2019-06-17,20.38999938964844,20.479999542236328,20.38999938964844,20.474000930786133,17.88462257385254,4600
2019-06-18,20.46999931335449,20.479999542236328,20.3700008392334,20.46999931335449,17.881132125854492,29200
2019-06-19,20.420000076293945,20.46999931335449,20.38500022888184,20.46999931335449,17.881132125854492,7600
2019-06-20,20.540000915527344,20.540000915527344,20.39999961853028,20.39999961853028,17.819988250732422,5200
2019-06-21,20.170000076293945,20.381999969482425,20.170000076293945,20.31999969482422,17.75010108947754,42800
2019-06-24,20.290000915527344,20.479999542236328,20.290000915527344,20.46999931335449,17.881132125854492,3600
2019-06-25,20.56999969482422,20.600000381469727,20.450000762939453,20.600000381469727,17.994693756103516,12000
2019-06-26,20.559999465942383,20.56999969482422,20.450000762939453,20.520000457763672,17.92481231689453,10900
2019-06-27,20.391000747680664,20.46500015258789,20.391000747680664,20.46500015258789,17.918682098388672,1600
2019-06-28,20.450000762939453,20.479999542236328,20.41900062561035,20.46999931335449,17.923057556152344,13900
2019-07-01,20.39999961853028,20.39999961853028,20.291000366210938,20.30599975585937,17.77945899963379,11800
2019-07-02,20.170000076293945,20.3129997253418,20.170000076293945,20.18000030517578,17.669137954711914,26900
2019-07-03,20.200000762939453,20.309999465942383,20.18000030517578,20.291000366210938,17.766328811645508,11100
2019-07-05,20.170000076293945,20.208999633789062,20.020000457763672,20.128999710083008,17.624488830566406,25000
2019-07-08,20.31999969482422,20.31999969482422,20.14999961853028,20.184999465942383,17.67351722717285,2500
2019-07-09,20.16699981689453,20.229999542236328,20.11899948120117,20.18000030517578,17.669137954711914,16900
2019-07-10,20.08699989318848,20.239999771118164,20.08699989318848,20.239999771118164,17.721677780151367,7800
2019-07-11,20.239999771118164,20.239999771118164,20.040000915527344,20.040000915527344,17.546558380126953,12000
2019-07-12,20.054000854492188,20.1299991607666,20.0,20.0,17.51153564453125,4400
2019-07-15,20.02499961853028,20.100000381469727,20.02499961853028,20.09000015258789,17.59033966064453,42700
2019-07-16,20.04899978637696,20.07999992370605,20.03499984741211,20.07999992370605,17.581584930419922,11900
2019-07-17,20.11400032043457,20.13999938964844,20.11400032043457,20.13999938964844,17.634119033813477,7100
2019-07-18,20.34000015258789,20.34000015258789,20.100000381469727,20.21299934387207,17.698036193847656,9900
2019-07-19,20.2810001373291,20.28199958801269,20.040000915527344,20.100000381469727,17.599096298217773,9600
2019-07-22,20.049999237060547,20.209999084472656,20.049999237060547,20.209999084472656,17.695405960083008,21700
2019-07-23,20.280000686645508,20.280000686645508,20.062000274658203,20.09499931335449,17.59471321105957,2800
2019-07-24,20.06599998474121,20.09600067138672,20.06599998474121,20.07999992370605,17.581584930419922,5100
2019-07-25,20.06999969482422,20.100000381469727,20.0,20.100000381469727,17.599096298217773,16300
2019-07-26,20.030000686645508,20.030000686645508,20.006999969482425,20.01499938964844,17.524669647216797,6800
2019-07-29,20.0,20.03899955749512,20.0,20.020000457763672,17.529050827026367,1500
2019-07-30,20.01499938964844,20.020000457763672,20.0,20.020000457763672,17.529050827026367,1200
2019-07-31,20.013999938964844,20.155000686645508,20.0,20.09000015258789,17.59033966064453,11400
2019-08-01,20.0,20.670000076293945,20.0,20.670000076293945,18.098175048828125,39300
2019-08-02,20.6299991607666,20.68000030517578,20.54700088500977,20.68000030517578,18.106931686401367,8900
2019-08-05,20.690000534057617,21.350000381469727,20.690000534057617,21.246000289916992,18.602502822875977,55700
2019-08-06,21.34000015258789,21.34000015258789,20.96999931335449,21.1200008392334,18.49217987060547,60900
2019-08-07,21.57999992370605,21.57999992370605,21.06999969482422,21.11000061035156,18.483428955078125,16400
2019-08-08,21.0,21.0,20.72100067138672,20.81999969482422,18.229507446289062,6200
2019-08-09,20.8700008392334,21.0,20.7810001373291,20.84600067138672,18.25227165222168,13500
2019-08-12,21.229999542236328,21.229999542236328,20.959999084472656,21.1200008392334,18.49217987060547,29500
2019-08-13,21.3799991607666,21.3799991607666,20.799999237060547,20.850000381469727,18.255773544311523,4300
2019-08-14,21.11000061035156,21.42799949645996,21.11000061035156,21.39999961853028,18.737342834472656,81800
2019-08-15,21.64999961853028,21.670000076293945,21.270000457763672,21.440000534057617,18.77237129211425,84200
2019-08-16,20.96999931335449,21.239999771118164,20.96999931335449,21.15999984741211,18.52720069885254,37300
2019-08-19,20.89999961853028,20.950000762939453,20.809999465942383,20.867000579833984,18.27065658569336,37000
2019-08-20,20.94599914550781,21.06999969482422,20.913000106811523,21.06999969482422,18.44840240478516,8200
2019-08-21,20.739999771118164,20.924999237060547,20.739999771118164,20.88999938964844,18.29079818725586,38200
2019-08-22,20.84000015258789,20.94499969482422,20.795000076293945,20.920000076293945,18.31706428527832,6400
2019-08-23,21.0,21.489999771118164,20.739999771118164,21.39999961853028,18.737342834472656,72200
2019-08-26,21.530000686645508,21.530000686645508,21.23600006103516,21.290000915527344,18.641027450561523,65300
2019-08-27,21.420000076293945,21.496999740600582,21.100000381469727,21.420000076293945,18.75485038757324,24200
2019-08-28,21.729999542236328,21.729999542236328,21.299999237060547,21.31999969482422,18.667295455932617,39900
2019-08-29,21.229999542236328,21.229999542236328,21.0,21.059999465942383,18.439640045166016,14600
2019-08-30,20.96999931335449,21.145000457763672,20.89999961853028,21.100000381469727,18.47467041015625,15600
2019-09-03,21.270000457763672,21.309999465942383,21.190000534057617,21.26000022888184,18.614761352539062,14800
2019-09-04,21.290000915527344,21.290000915527344,21.051000595092773,21.07999992370605,18.45715713500977,11800
2019-09-05,20.989999771118164,20.989999771118164,20.63999938964844,20.733999252319336,18.15420722961425,23700
2019-09-06,20.70499992370605,20.770000457763672,20.70499992370605,20.76000022888184,18.176979064941406,21000
2019-09-09,20.6299991607666,20.670000076293945,20.540000915527344,20.6200008392334,18.05439567565918,14500
2019-09-10,20.729999542236328,20.729999542236328,20.507999420166016,20.530000686645508,17.975595474243164,15300
2019-09-11,20.5,20.5,20.350000381469727,20.36599922180176,17.831998825073242,57100
2019-09-12,20.420000076293945,20.420000076293945,20.25,20.31999969482422,17.791719436645508,4400
2019-09-13,20.100000381469727,20.229999542236328,20.100000381469727,20.14999961853028,17.642871856689453,10900
2019-09-16,20.299999237060547,20.299999237060547,20.21199989318848,20.270000457763672,17.747943878173828,7500
2019-09-17,20.256999969482425,20.30500030517578,20.24799919128418,20.26499938964844,17.743562698364258,7400
2019-09-18,20.350000381469727,20.3700008392334,20.239999771118164,20.280000686645508,17.75670051574707,9800
2019-09-19,20.25,20.270000457763672,20.22900009155273,20.270000457763672,17.747943878173828,2400
2019-09-20,20.21199989318848,20.39299964904785,20.200000762939453,20.36800003051757,17.83375358581543,3500
2019-09-23,20.239999771118164,20.489999771118164,20.239999771118164,20.440000534057617,17.896787643432617,19000
2019-09-24,20.40999984741211,20.63999938964844,20.354999542236328,20.57999992370605,18.019371032714844,121900
2019-09-25,20.549999237060547,20.652000427246094,20.39999961853028,20.43000030517578,17.888038635253906,24200
2019-09-26,20.41900062561035,20.459999084472656,20.38400077819824,20.43000030517578,17.955711364746094,18200
2019-09-27,20.51000022888184,20.540000915527344,20.350000381469727,20.51000022888184,18.026020050048828,18900
2019-09-30,20.540000915527344,20.540000915527344,20.39999961853028,20.39999961853028,17.92934226989746,4500
2019-10-01,20.34000015258789,20.63999938964844,20.34000015258789,20.61000061035156,18.113914489746094,7200
2019-10-02,20.770000457763672,20.96999931335449,20.770000457763672,20.90999984741211,18.37757110595703,51900
2019-10-03,21.1299991607666,21.13999938964844,20.94300079345703,20.959999084472656,18.421520233154297,33700
2019-10-04,21.1200008392334,21.1200008392334,20.75,20.76000022888184,18.24574279785156,36200
2019-10-07,20.86000061035156,20.86000061035156,20.6200008392334,20.64999961853028,18.14906120300293,18400
2019-10-08,20.799999237060547,20.94700050354004,20.770000457763672,20.940000534057617,18.40393829345703,30800
2019-10-09,20.82999992370605,20.89999961853028,20.729999542236328,20.770000457763672,18.254535675048828,112900
2019-10-10,20.799999237060547,20.799999237060547,20.549999237060547,20.586000442504883,18.09281349182129,18100
2019-10-11,20.520000457763672,20.520000457763672,20.231000900268555,20.36000061035156,17.894187927246094,23900
2019-10-14,20.28499984741211,20.420000076293945,20.239999771118164,20.32999992370605,17.86781883239746,27600
2019-10-15,20.239999771118164,20.25,20.14999961853028,20.15999984741211,17.71841049194336,28700
2019-10-16,20.14999961853028,20.21999931335449,20.11000061035156,20.13999938964844,17.70083236694336,23000
2019-10-17,20.31999969482422,20.31999969482422,20.09000015258789,20.170000076293945,17.727195739746094,7100
2019-10-18,20.170000076293945,20.239999771118164,20.170000076293945,20.239999771118164,17.788719177246094,56400
2019-10-21,20.36000061035156,20.36000061035156,20.11000061035156,20.11000061035156,17.674461364746094,38600
2019-10-22,20.100000381469727,20.13999938964844,20.01000022888184,20.09000015258789,17.656885147094727,28500
2019-10-23,20.030000686645508,20.18000030517578,20.030000686645508,20.09000015258789,17.656885147094727,35100
2019-10-24,20.01000022888184,20.14699935913086,20.01000022888184,20.049999237060547,17.62173080444336,28400
2019-10-25,20.01000022888184,20.1299991607666,19.96999931335449,19.989999771118164,17.56899642944336,49500
2019-10-28,19.989999771118164,19.989999771118164,19.881000518798828,19.920000076293945,17.507474899291992,21900
2019-10-29,19.924999237060547,19.950000762939453,19.8799991607666,19.950000762939453,17.533845901489258,20400
2019-10-30,19.959999084472656,20.013999938964844,19.940000534057617,20.01000022888184,17.586576461791992,7600
2019-10-31,19.950000762939453,20.14999961853028,19.950000762939453,20.13999938964844,17.70083236694336,13800
2019-11-01,20.07999992370605,20.07999992370605,19.972999572753903,20.030000686645508,17.60415267944336,10100
2019-11-04,20.0,20.0,19.89999961853028,19.89999961853028,17.489892959594727,54200
2019-11-05,19.8799991607666,19.89999961853028,19.809999465942383,19.84000015258789,17.43716049194336,23100
2019-11-06,19.878999710083008,19.89999961853028,19.850000381469727,19.89999961853028,17.489892959594727,15300
2019-11-07,19.84000015258789,19.850000381469727,19.64999961853028,19.700000762939453,17.314123153686523,22300
2019-11-08,19.790000915527344,19.790000915527344,19.69099998474121,19.709999084472656,17.322906494140625,17400
2019-11-11,19.88999938964844,19.88999938964844,19.624000549316406,19.68400001525879,17.300060272216797,7800
2019-11-12,19.64999961853028,19.709999084472656,19.645999908447266,19.65999984741211,17.278961181640625,86200
2019-11-13,19.75,19.770000457763672,19.68400001525879,19.76000022888184,17.36685562133789,4800
2019-11-14,19.82999992370605,19.858999252319336,19.770000457763672,19.82999992370605,17.428375244140625,48500
2019-11-15,19.88999938964844,19.88999938964844,19.7450008392334,19.76000022888184,17.36685562133789,12500
2019-11-18,19.940000534057617,19.940000534057617,19.76099967956543,19.78499984741211,17.388824462890625,3800
2019-11-19,19.780000686645508,19.780000686645508,19.738000869750977,19.76499938964844,17.37125015258789,8700
2019-11-20,19.96999931335449,19.96999931335449,19.82200050354004,19.89999961853028,17.489892959594727,8100
2019-11-21,19.90999984741211,19.915000915527344,19.81999969482422,19.86000061035156,17.454748153686523,11200
2019-11-22,19.84000015258789,19.847999572753903,19.82999992370605,19.836000442504883,17.43364906311035,7100
2019-11-25,19.88500022888184,19.88500022888184,19.729999542236328,19.780000686645508,17.384431838989258,54200
2019-11-26,19.76000022888184,19.809999465942383,19.739999771118164,19.739999771118164,17.34927749633789,27700
2019-11-27,19.709999084472656,19.86000061035156,19.70499992370605,19.709999084472656,17.322906494140625,26600
2019-11-29,19.75,19.75,19.700000762939453,19.709999084472656,17.322906494140625,11500
2019-12-02,20.0,20.0,19.631999969482425,19.71999931335449,17.331695556640625,79300
2019-12-03,19.90900039672852,20.00900077819824,19.86000061035156,19.972999572753903,17.554054260253906,20500
2019-12-04,19.96999931335449,19.979999542236328,19.76000022888184,19.795000076293945,17.397613525390625,8800
2019-12-05,19.790000915527344,19.799999237060547,19.71999931335449,19.780000686645508,17.384431838989258,18900
2019-12-06,19.76000022888184,19.76000022888184,19.61000061035156,19.636999130249023,17.258747100830078,24000
2019-12-09,19.809999465942383,19.809999465942383,19.6299991607666,19.68000030517578,17.296541213989258,10000
2019-12-10,19.600000381469727,19.71999931335449,19.600000381469727,19.69499969482422,17.309724807739258,13500
2019-12-11,19.709999084472656,19.729999542236328,19.65999984741211,19.729999542236328,17.340484619140625,164400
2019-12-12,19.65999984741211,19.670000076293945,19.46999931335449,19.520000457763672,17.155914306640625,39700
2019-12-13,19.3799991607666,19.61000061035156,19.3799991607666,19.559999465942383,17.191070556640625,29000
2019-12-16,19.5,19.5,19.40999984741211,19.459999084472656,17.103191375732422,28900
2019-12-17,19.489999771118164,19.489999771118164,19.440000534057617,19.45499992370605,17.098791122436523,10500
2019-12-18,19.39999961853028,19.440000534057617,19.3799991607666,19.3799991607666,17.032878875732422,31100
2019-12-19,19.309999465942383,19.44499969482422,19.309999465942383,19.440000534057617,17.085607528686523,18200
2019-12-20,19.35400009155273,19.40999984741211,19.34499931335449,19.40999984741211,17.059236526489258,27600
2019-12-23,19.350000381469727,19.40399932861328,19.350000381469727,19.36000061035156,17.01529312133789,17500
2019-12-24,19.36000061035156,19.40999984741211,19.36000061035156,19.3700008392334,17.02408790588379,9800
2019-12-26,19.31999969482422,19.34000015258789,19.26499938964844,19.270000457763672,17.01613426208496,7300
2019-12-27,19.34000015258789,19.36000061035156,19.299999237060547,19.334999084472656,17.07353401184082,68400
2019-12-30,19.270000457763672,19.36000061035156,19.270000457763672,19.36000061035156,17.095609664916992,23300
2019-12-31,19.350000381469727,19.350000381469727,19.29400062561035,19.309999465942383,17.05146026611328,48700
2020-01-02,19.350000381469727,19.350000381469727,19.299999237060547,19.31999969482422,17.060293197631836,9900
2020-01-03,19.520000457763672,19.520000457763672,19.3700008392334,19.459999084472656,17.183921813964844,27100
2020-01-06,19.61000061035156,19.61000061035156,19.39999961853028,19.40999984741211,17.13976287841797,29800
2020-01-07,19.450000762939453,19.450000762939453,19.40999984741211,19.43000030517578,17.157424926757812,17600
2020-01-08,19.61000061035156,19.61000061035156,19.299999237060547,19.325000762939453,17.064712524414062,16700
2020-01-09,19.299999237060547,19.32900047302246,19.270000457763672,19.299999237060547,17.042633056640625,16100
2020-01-10,19.299999237060547,19.36000061035156,19.299999237060547,19.36000061035156,17.095609664916992,22700
2020-01-13,19.32999992370605,19.405000686645508,19.280000686645508,19.309999465942383,17.05146026611328,22000
2020-01-14,19.280000686645508,19.34000015258789,19.280000686645508,19.34000015258789,17.077943801879883,10800
2020-01-15,19.309999465942383,19.3700008392334,19.299999237060547,19.3700008392334,17.104442596435547,26800
2020-01-16,19.32999992370605,19.32999992370605,19.270000457763672,19.308000564575195,17.04969596862793,55700
2020-01-17,19.38999938964844,19.38999938964844,19.21999931335449,19.26000022888184,17.00731086730957,191300
2020-01-21,19.39999961853028,19.39999961853028,19.290000915527344,19.309999465942383,17.05146026611328,135700
2020-01-22,19.38999938964844,19.38999938964844,19.31999969482422,19.336000442504883,17.074417114257812,19600
2020-01-23,19.364999771118164,19.43000030517578,19.350000381469727,19.38999938964844,17.122100830078125,37600
2020-01-24,19.46999931335449,19.600000381469727,19.38999938964844,19.489999771118164,17.210405349731445,41400
2020-01-27,19.75,19.75,19.63599967956543,19.690000534057617,17.38701629638672,46000
2020-01-28,19.64999961853028,19.670000076293945,19.5310001373291,19.61000061035156,17.316375732421875,25500
2020-01-29,19.690000534057617,19.690000534057617,19.549999237060547,19.65999984741211,17.360519409179688,38800
2020-01-30,19.739999771118164,19.780000686645508,19.66399955749512,19.665000915527344,17.364940643310547,39800
2020-01-31,19.729999542236328,19.89999961853028,19.71999931335449,19.8700008392334,17.545963287353516,38300
2020-02-03,19.8799991607666,19.8799991607666,19.65999984741211,19.780000686645508,17.46649169921875,44900
2020-02-04,19.71999931335449,19.71999931335449,19.51000022888184,19.600000381469727,17.30753517150879,20700
2020-02-05,19.540000915527344,19.540000915527344,19.450000762939453,19.46999931335449,17.1927490234375,12500
2020-02-06,19.420000076293945,19.479999542236328,19.420000076293945,19.46500015258789,17.188331604003906,14200
2020-02-07,19.489999771118164,19.56999969482422,19.489999771118164,19.559999465942383,17.272216796875,23300
2020-02-10,19.709999084472656,19.709999084472656,19.520000457763672,19.559999465942383,17.272216796875,33300
2020-02-11,19.559999465942383,19.565000534057617,19.46999931335449,19.51000022888184,17.228063583374023,37600
2020-02-12,19.530000686645508,19.530000686645508,19.43000030517578,19.440000534057617,17.1662540435791,34600
2020-02-13,19.540000915527344,19.540000915527344,19.440000534057617,19.46999931335449,17.1927490234375,35600
2020-02-14,19.440000534057617,19.51000022888184,19.440000534057617,19.479999542236328,17.20157814025879,25000
2020-02-18,19.530000686645508,19.559999465942383,19.489999771118164,19.530000686645508,17.245729446411133,29000
2020-02-19,19.56999969482422,19.56999969482422,19.468000411987305,19.489999771118164,17.210405349731445,21000
2020-02-20,19.549999237060547,19.6299991607666,19.479999542236328,19.58300018310547,17.29252815246582,21500
2020-02-21,19.64999961853028,19.75,19.61100006103516,19.71999931335449,17.413501739501953,49600
2020-02-24,20.200000762939453,20.25,19.950000762939453,20.07999992370605,17.731399536132812,134200
2020-02-25,20.209999084472656,20.450000762939453,20.07999992370605,20.40999984741211,18.02280235290528,379900
2020-02-26,20.489999771118164,20.489999771118164,20.100000381469727,20.38999938964844,18.005144119262695,113900
2020-02-27,20.88999938964844,20.950000762939453,20.51000022888184,20.950000762939453,18.499645233154297,154000
2020-02-28,21.309999465942383,21.81999969482422,21.299999237060547,21.459999084472656,18.949989318847656,811900
2020-03-02,21.350000381469727,21.393999099731445,20.75,20.8700008392334,18.42899703979492,243500
2020-03-03,21.15999984741211,21.59000015258789,20.75900077819824,21.479999542236328,18.9676513671875,480500
2020-03-04,21.06999969482422,21.36899948120117,20.99099922180176,21.020000457763672,18.56145477294922,55200
2020-03-05,21.700000762939453,21.700000762939453,21.31999969482422,21.604999542236328,19.078033447265625,235400
2020-03-06,22.5,22.51000022888184,22.0,22.059999465942383,19.479814529418945,303600
2020-03-09,23.0,23.489999771118164,22.60300064086914,23.3799991607666,20.64542388916016,342600
2020-03-10,22.61000061035156,23.61000061035156,22.507999420166016,22.989999771118164,20.30103874206543,569000
2020-03-11,23.530000686645508,23.600000381469727,22.920000076293945,23.479999542236328,20.73373031616211,355600
2020-03-12,25.0,25.0,24.01000022888184,24.5,21.634428024291992,658400
2020-03-13,23.65999984741211,24.440000534057617,23.25,23.459999084472656,20.7160701751709,1245500
2020-03-16,26.809999465942383,27.229999542236328,24.0,24.790000915527344,21.890512466430664,965100
2020-03-17,24.780000686645508,25.14999961853028,24.0,24.225000381469727,21.39159393310547,332600
2020-03-18,24.51000022888184,25.290000915527344,24.0009994506836,24.459999084472656,21.599102020263672,713300
2020-03-19,24.295000076293945,25.14999961853028,24.01000022888184,24.34000015258789,21.493144989013672,405500
2020-03-20,24.0,24.850000381469727,23.81999969482422,24.799999237060547,21.89933586120605,685100
2020-03-23,25.0,25.68000030517578,24.78499984741211,25.020000457763672,22.09360694885254,783400
2020-03-24,24.5,24.584999084472656,23.82999992370605,24.11000061035156,21.29004669189453,501000
2020-03-25,23.799999237060547,24.299999237060547,23.51000022888184,24.18000030517578,21.35185813903809,392400
2020-03-26,24.11000061035156,24.11000061035156,23.280000686645508,23.43000030517578,20.730731964111328,320700
2020-03-27,23.59000015258789,24.01000022888184,23.51000022888184,24.01000022888184,21.243911743164062,99800
2020-03-30,24.07999992370605,24.07999992370605,23.5009994506836,23.6299991607666,20.907690048217773,161600
2020-03-31,23.86000061035156,23.86000061035156,23.40999984741211,23.86000061035156,21.11119270324707,176100
2020-04-01,24.89999961853028,24.89999961853028,24.200000762939453,24.6200008392334,21.783632278442383,313400
2020-04-02,24.979999542236328,25.200000762939453,24.6299991607666,24.989999771118164,22.111007690429688,459900
2020-04-03,25.040000915527344,25.040000915527344,24.049999237060547,24.14999961853028,21.36777877807617,267500
2020-04-06,23.96999931335449,23.96999931335449,23.170000076293945,23.209999084472656,20.536073684692383,267800
2020-04-07,22.84000015258789,23.290000915527344,22.39999961853028,23.100000381469727,20.43874740600586,374900
2020-04-08,23.299999237060547,23.357999801635746,22.8799991607666,23.035999298095703,20.382118225097656,131300
2020-04-09,22.64999961853028,23.125,22.170000076293945,22.8799991607666,20.24408912658692,139700
2020-04-13,23.1200008392334,23.14999961853028,23.0,23.059999465942383,20.40335464477539,146300
2020-04-14,22.799999237060547,22.95800018310547,22.600000381469727,22.600000381469727,19.99634552001953,180000
2020-04-15,23.25,23.299999237060547,22.89999961853028,23.07999992370605,20.421051025390625,99500
2020-04-16,23.200000762939453,23.30599975585937,23.100000381469727,23.280000686645508,20.598011016845703,236700
2020-04-17,23.049999237060547,23.190000534057617,22.875,22.989999771118164,20.341419219970703,137800
2020-04-20,23.39999961853028,23.39999961853028,22.920000076293945,22.920000076293945,20.279481887817383,644500
2020-04-21,23.489999771118164,23.684999465942383,23.239999771118164,23.520000457763672,20.81035804748535,163900
2020-04-22,23.450000762939453,23.479999542236328,23.14999961853028,23.309999465942383,20.624555587768555,146700
2020-04-23,22.89999961853028,23.3700008392334,22.89999961853028,23.190000534057617,20.518373489379883,356100
2020-04-24,23.299999237060547,23.420000076293945,23.040000915527344,23.18000030517578,20.5095272064209,232000
2020-04-27,23.020000457763672,23.07999992370605,22.84499931335449,22.86000061035156,20.226390838623047,215600
2020-04-28,22.739999771118164,22.989999771118164,22.63500022888184,22.90999984741211,20.27063751220703,188300
2020-04-29,22.959999084472656,22.959999084472656,22.43000030517578,22.600000381469727,19.99634552001953,247500
2020-04-30,22.600000381469727,22.790000915527344,22.479999542236328,22.76000022888184,20.137914657592773,209000
2020-05-01,23.0,23.09000015258789,22.82999992370605,22.89999961853028,20.26178359985352,281000
2020-05-04,23.18000030517578,23.18000030517578,22.850000381469727,22.8700008392334,20.23524475097656,180100
2020-05-05,23.07999992370605,23.07999992370605,22.600000381469727,22.700000762939453,20.084827423095703,309500
2020-05-06,22.63999938964844,22.84000015258789,22.63999938964844,22.75,20.12906646728516,108200
2020-05-07,22.709999084472656,22.920000076293945,22.63999938964844,22.809999465942383,20.18215560913086,305900
2020-05-08,22.770000457763672,22.770000457763672,22.520000457763672,22.600000381469727,19.99634552001953,194900
2020-05-11,22.700000762939453,22.709999084472656,22.350000381469727,22.3700008392334,19.792842864990234,195800
2020-05-12,22.350000381469727,22.709999084472656,22.31999969482422,22.59499931335449,19.991926193237305,325700
2020-05-13,22.850000381469727,23.100000381469727,22.67099952697754,22.950000762939453,20.306028366088867,466200
2020-05-14,23.299999237060547,23.499000549316406,22.809999465942383,22.920000076293945,20.279481887817383,485900
2020-05-15,23.049999237060547,23.059999465942383,22.799999237060547,22.799999237060547,20.17330741882324,1064700
2020-05-18,22.64999961853028,22.670000076293945,22.25,22.270000457763672,19.70436668395996,290600
2020-05-19,22.09000015258789,22.540000915527344,22.07999992370605,22.520000457763672,19.925567626953125,180600
2020-05-20,22.5,22.5,22.301000595092773,22.3700008392334,19.792842864990234,67400
2020-05-21,22.350000381469727,22.479999542236328,22.350000381469727,22.46999931335449,19.881330490112305,106400
2020-05-22,22.51000022888184,22.530000686645508,22.450000762939453,22.489999771118164,19.89902687072754,72900
2020-05-26,22.25,22.34000015258789,22.21999931335449,22.299999237060547,19.73091125488281,384100
2020-05-27,22.229999542236328,22.43000030517578,22.170000076293945,22.209999084472656,19.65127944946289,515400
2020-05-28,21.959999084472656,22.239999771118164,21.959999084472656,22.190000534057617,19.633583068847656,136900
2020-05-29,22.15999984741211,22.38999938964844,22.15999984741211,22.350000381469727,19.7751522064209,299100
2020-06-01,22.350000381469727,22.350000381469727,22.21999931335449,22.25,19.686674118041992,140600
2020-06-02,22.299999237060547,22.32999992370605,22.14999961853028,22.21999931335449,19.660125732421875,420900
2020-06-03,22.049999237060547,22.125,21.61000061035156,22.0,19.465476989746094,172200
2020-06-04,22.01000022888184,22.030000686645508,21.89999961853028,22.0,19.465476989746094,185500
2020-06-05,21.56999969482422,21.81999969482422,21.5629997253418,21.76000022888184,19.253124237060547,249000
2020-06-08,21.68000030517578,21.739999771118164,21.631999969482425,21.665000915527344,19.16907119750977,158000
2020-06-09,21.700000762939453,21.88999938964844,21.700000762939453,21.88999938964844,19.36814308166504,382700
2020-06-10,21.88999938964844,22.0,21.809999465942383,21.989999771118164,19.45662498474121,746000
2020-06-11,22.39999961853028,22.559999465942383,22.176000595092773,22.549999237060547,19.952110290527344,866100
2020-06-12,22.440000534057617,22.600000381469727,22.209999084472656,22.420000076293945,19.83708953857422,851100
2020-06-15,22.75,22.75,22.170000076293945,22.270000457763672,19.70436668395996,205700
2020-06-16,22.0,22.280000686645508,21.93000030517578,22.15999984741211,19.607046127319336,319700
2020-06-17,22.309999465942383,22.32999992370605,22.1200008392334,22.14999961853028,19.598190307617188,299200
2020-06-18,22.46999931335449,22.46999931335449,22.14999961853028,22.19499969482422,19.63800621032715,247100
2020-06-19,21.950000762939453,22.32999992370605,21.950000762939453,22.25,19.686674118041992,249000
2020-06-22,22.36000061035156,22.46999931335449,22.14999961853028,22.200000762939453,19.64243507385254,291500
2020-06-23,22.18000030517578,22.190000534057617,22.040000915527344,22.15999984741211,19.607046127319336,272400
2020-06-24,22.290000915527344,22.450000762939453,22.18000030517578,22.39999961853028,19.819395065307617,594000
2020-06-25,22.459999084472656,22.459999084472656,22.25,22.280000686645508,19.72554588317871,154500
2020-06-26,22.3799991607666,22.6299991607666,22.301000595092773,22.459999084472656,19.884910583496094,246600
2020-06-29,22.540000915527344,22.540000915527344,22.39999961853028,22.433000564575195,19.86100006103516,387600
2020-06-30,22.489999771118164,22.489999771118164,22.200000762939453,22.25,19.698984146118164,307900
2020-07-01,22.239999771118164,22.295000076293945,22.07999992370605,22.145000457763672,19.60602378845215,294800
2020-07-02,22.09000015258789,22.1299991607666,21.94499969482422,22.11000061035156,19.57503318786621,182400
2020-07-06,22.049999237060547,22.049999237060547,21.90999984741211,22.030000686645508,19.504209518432617,286700
2020-07-07,22.170000076293945,22.170000076293945,21.959999084472656,22.13999938964844,19.601598739624023,158700
2020-07-08,22.13999938964844,22.18000030517578,22.020000457763672,22.11000061035156,19.57503318786621,284900
2020-07-09,22.170000076293945,22.26000022888184,22.076000213623047,22.18000030517578,19.63701057434082,405500
2020-07-10,22.280000686645508,22.280000686645508,22.06999969482422,22.06999969482422,19.539623260498047,188000
2020-07-13,22.049999237060547,22.229999542236328,21.959999084472656,22.200000762939453,19.654720306396484,195100
2020-07-14,22.36000061035156,22.36000061035156,22.1200008392334,22.1200008392334,19.58388900756836,171700
2020-07-15,22.100000381469727,22.14900016784668,22.0,22.049999237060547,19.521915435791016,193800
2020-07-16,22.209999084472656,22.209999084472656,22.059999465942383,22.059999465942383,19.5307674407959,297100
2020-07-17,22.190000534057617,22.190000534057617,22.01000022888184,22.030000686645508,19.504209518432617,692900
2020-07-20,22.100000381469727,22.11000061035156,21.90999984741211,21.989999771118164,19.468793869018555,449000
2020-07-21,21.989999771118164,22.049999237060547,21.920000076293945,22.030000686645508,19.504209518432617,196700
2020-07-22,22.100000381469727,22.100000381469727,21.979999542236328,21.989999771118164,19.468793869018555,262500
2020-07-23,22.09000015258789,22.11000061035156,22.0,22.07999992370605,19.548479080200195,105200
2020-07-24,22.11000061035156,22.209999084472656,22.06999969482422,22.09000015258789,19.55732727050781,264900
2020-07-27,22.14999961853028,22.15900039672852,21.950000762939453,21.979999542236328,19.459941864013672,161600
2020-07-28,22.200000762939453,22.200000762939453,21.96999931335449,22.020000457763672,19.49535179138184,355100
2020-07-29,22.125,22.125,21.950000762939453,22.02499961853028,19.499780654907227,424800
2020-07-30,22.14999961853028,22.209999084472656,22.100000381469727,22.1299991607666,19.59274673461914,240800
2020-07-31,22.114999771118164,22.209999084472656,22.054000854492188,22.09000015258789,19.55732727050781,186500
2020-08-03,22.100000381469727,22.11000061035156,22.0,22.059999465942383,19.5307674407959,203000
2020-08-04,22.200000762939453,22.200000762939453,22.01000022888184,22.045000076293945,19.51748847961425,806200
2020-08-05,22.0,22.040000915527344,21.950000762939453,21.950000762939453,19.43338203430176,203100
2020-08-06,21.950000762939453,22.049999237060547,21.950000762939453,21.989999771118164,19.468793869018555,133300
2020-08-07,22.0,22.0,21.90999984741211,21.93000030517578,19.415674209594727,144500
2020-08-10,21.88999938964844,21.90999984741211,21.81999969482422,21.81999969482422,19.318283081054688,195400
2020-08-11,21.61000061035156,21.854999542236328,21.61000061035156,21.82999992370605,19.327136993408203,306800
2020-08-12,21.75,21.75,21.600000381469727,21.690000534057617,19.203187942504883,299600
2020-08-13,21.6299991607666,21.700000762939453,21.61000061035156,21.6299991607666,19.15006446838379,102300
2020-08-14,21.6299991607666,21.690000534057617,21.6200008392334,21.68000030517578,19.1943359375,162700
2020-08-17,21.700000762939453,21.71699905395508,21.63500022888184,21.684999465942383,19.19876289367676,358900
2020-08-18,21.65999984741211,21.729999542236328,21.6299991607666,21.700000762939453,19.21203994750977,172300
2020-08-19,21.700000762939453,21.75,21.6299991607666,21.700000762939453,19.21203994750977,161500
2020-08-20,21.75,21.790000915527344,21.71999931335449,21.76000022888184,19.265167236328125,209300
2020-08-21,21.76000022888184,21.799999237060547,21.700000762939453,21.76000022888184,19.265167236328125,283200
2020-08-24,21.75,21.770000457763672,21.670000076293945,21.690000534057617,19.203187942504883,148300
2020-08-25,21.600000381469727,21.63599967956543,21.549999237060547,21.57999992370605,19.10579872131348,124900
2020-08-26,21.540000915527344,21.6200008392334,21.46999931335449,21.57999992370605,19.10579872131348,360600
2020-08-27,21.61000061035156,21.6299991607666,21.450000762939453,21.479999542236328,19.01726722717285,229700
2020-08-28,21.51000022888184,21.55900001525879,21.459999084472656,21.5,19.034971237182617,166500
2020-08-31,21.549999237060547,21.59000015258789,21.5,21.520000457763672,19.05267906188965,98600
2020-09-01,21.5,21.665000915527344,21.489999771118164,21.63999938964844,19.158918380737305,195300
2020-09-02,21.64999961853028,21.68000030517578,21.559999465942383,21.57999992370605,19.10579872131348,1259800
2020-09-03,21.850000381469727,22.0049991607666,21.690000534057617,21.9379997253418,19.422752380371094,874300
2020-09-04,21.89999961853028,22.09000015258789,21.64999961853028,21.920000076293945,19.40682411193848,1500600
2020-09-08,21.989999771118164,22.030000686645508,21.59000015258789,21.75,19.256309509277344,488800
2020-09-09,21.65999984741211,21.8700008392334,21.56999969482422,21.59499931335449,19.119081497192383,385600
2020-09-10,21.5,21.75300025939941,21.5,21.700000762939453,19.21203994750977,173600
2020-09-11,21.770000457763672,21.84000015258789,21.665000915527344,21.790000915527344,19.291723251342773,809500
2020-09-14,21.799999237060547,21.799999237060547,21.6299991607666,21.68000030517578,19.1943359375,136200
2020-09-15,21.700000762939453,21.700000762939453,21.59000015258789,21.6299991607666,19.15006446838379,99200
2020-09-16,21.540000915527344,21.68000030517578,21.540000915527344,21.6200008392334,19.14121627807617,121700
2020-09-17,21.89999961853028,21.89999961853028,21.700000762939453,21.725000381469727,19.234174728393555,258700
2020-09-18,21.799999237060547,21.809999465942383,21.65999984741211,21.71999931335449,19.229745864868164,351200
2020-09-21,21.90999984741211,21.98600006103516,21.770000457763672,21.770000457763672,19.27401733398437,789700
2020-09-22,21.850000381469727,21.850000381469727,21.71999931335449,21.71999931335449,19.229745864868164,177100
2020-09-23,21.799999237060547,21.952999114990234,21.72599983215332,21.90999984741211,19.397964477539062,356000
2020-09-24,22.049999237060547,22.049999237060547,21.81999969482422,21.8700008392334,19.36962509155273,467200
2020-09-25,22.0,22.0,21.790000915527344,21.82999992370605,19.334197998046875,151900
2020-09-28,21.68000030517578,21.790000915527344,21.64999961853028,21.780000686645508,19.2899112701416,598700
2020-09-29,21.739999771118164,21.81999969482422,21.729999542236328,21.739999771118164,19.25449180603028,184500
2020-09-30,21.770000457763672,21.770000457763672,21.559999465942383,21.600000381469727,19.130495071411133,274600
2020-10-01,21.520000457763672,21.709999084472656,21.51099967956543,21.684999465942383,19.205772399902344,580300
2020-10-02,21.88999938964844,21.88999938964844,21.65399932861328,21.65999984741211,19.183631896972656,565700
2020-10-05,21.5,21.600000381469727,21.38999938964844,21.38999938964844,18.94450187683105,654100
2020-10-06,21.38999938964844,21.59000015258789,21.38999938964844,21.56999969482422,19.10392570495605,368600
2020-10-07,21.5,21.5,21.309999465942383,21.40999984741211,18.962215423583984,489100
2020-10-08,21.32999992370605,21.40999984741211,21.04700088500977,21.34499931335449,18.904645919799805,218400
2020-10-09,21.270000457763672,21.34000015258789,21.25,21.26000022888184,18.82936286926269,182400
2020-10-12,21.209999084472656,21.270000457763672,21.14999961853028,21.14999961853028,18.73194122314453,732200
2020-10-13,21.200000762939453,21.3700008392334,21.200000762939453,21.31999969482422,18.882503509521484,292000
2020-10-14,21.280000686645508,21.420000076293945,21.280000686645508,21.420000076293945,18.97107315063477,178000
2020-10-15,21.51000022888184,21.51000022888184,21.31999969482422,21.31999969482422,18.882503509521484,148100
2020-10-16,21.440000534057617,21.440000534057617,21.26000022888184,21.31999969482422,18.882503509521484,290000
2020-10-19,21.34000015258789,21.40999984741211,21.26000022888184,21.3700008392334,18.926788330078125,881600
2020-10-20,21.420000076293945,21.420000076293945,21.229999542236328,21.36000061035156,18.91792869567871,179600
2020-10-21,21.32999992370605,21.32999992370605,21.21999931335449,21.270000457763672,18.83822250366211,298500
2020-10-22,21.200000762939453,21.290000915527344,21.1200008392334,21.128999710083008,18.713340759277344,175200
2020-10-23,21.049999237060547,21.190000534057617,21.049999237060547,21.14999961853028,18.73194122314453,153700
2020-10-26,21.309999465942383,21.43000030517578,21.25,21.39999961853028,18.953357696533203,919600
2020-10-27,21.46999931335449,21.46999931335449,21.32999992370605,21.3700008392334,18.926788330078125,410200
2020-10-28,21.540000915527344,21.739999771118164,21.540000915527344,21.700000762939453,19.21905899047852,1020700
2020-10-29,21.690000534057617,21.700000762939453,21.3759994506836,21.43000030517578,18.97992897033692,193800
2020-10-30,21.5,21.56999969482422,21.40999984741211,21.4950008392334,19.037498474121094,244600
2020-11-02,21.57999992370605,21.57999992370605,21.309999465942383,21.32999992370605,18.891361236572266,1550700
2020-11-03,21.309999465942383,21.309999465942383,21.11000061035156,21.200000762939453,18.77622604370117,1005500
2020-11-04,21.34000015258789,21.350000381469727,21.100000381469727,21.25,18.82051086425781,879200
2020-11-05,21.1299991607666,21.170000076293945,21.11000061035156,21.14999961853028,18.73194122314453,500800
2020-11-06,21.09000015258789,21.1299991607666,20.91399955749512,21.01000022888184,18.60795021057129,438300
2020-11-09,20.21999931335449,20.93000030517578,20.18000030517578,20.8700008392334,18.48395347595215,1850900
2020-11-10,20.6200008392334,20.82999992370605,20.6200008392334,20.71999931335449,18.35110282897949,515900
2020-11-11,20.540000915527344,20.709999084472656,20.540000915527344,20.65999984741211,18.297964096069336,659300
2020-11-12,20.729999542236328,20.96500015258789,20.729999542236328,20.89999961853028,18.5105209350586,306300
2020-11-13,20.82999992370605,20.88999938964844,20.799999237060547,20.799999237060547,18.421958923339844,162400
2020-11-16,20.700000762939453,20.799999237060547,20.700000762939453,20.739999771118164,18.36881446838379,1072500
2020-11-17,20.63999938964844,20.86000061035156,20.63999938964844,20.809999465942383,18.430814743041992,209300
2020-11-18,20.799999237060547,20.90999984741211,20.770000457763672,20.89999961853028,18.5105209350586,276000
2020-11-19,20.950000762939453,21.0,20.8700008392334,20.8700008392334,18.48395347595215,88000
2020-11-20,20.989999771118164,20.989999771118164,20.8799991607666,20.96500015258789,18.56809425354004,170200
2020-11-23,20.850000381469727,21.049999237060547,20.709999084472656,21.049999237060547,18.64337158203125,2374500
2020-11-24,20.8799991607666,20.8799991607666,20.71999931335449,20.739999771118164,18.36881446838379,215000
2020-11-25,20.64999961853028,20.799999237060547,20.64999961853028,20.75,18.37767601013184,266500
2020-11-27,20.690000534057617,20.81999969482422,20.690000534057617,20.780000686645508,18.40424537658692,111500
2020-11-30,20.790000915527344,20.8700008392334,20.75,20.75,18.37767601013184,866300
2020-12-01,20.64999961853028,20.71999931335449,20.52300071716309,20.6299991607666,18.271392822265625,380800
2020-12-02,20.709999084472656,20.709999084472656,20.559999465942383,20.57999992370605,18.227109909057617,180100
2020-12-03,20.51000022888184,20.71999931335449,20.51000022888184,20.709999084472656,18.342247009277344,717700
2020-12-04,20.530000686645508,20.600000381469727,20.520000457763672,20.540000915527344,18.19168472290039,274900
2020-12-07,20.549999237060547,20.655000686645508,20.549999237060547,20.59000015258789,18.235963821411133,1064300
2020-12-08,20.600000381469727,20.700000762939453,20.57999992370605,20.57999992370605,18.227109909057617,295600
2020-12-09,20.5,20.64999961853028,20.5,20.6299991607666,18.271392822265625,681200
2020-12-10,20.64999961853028,20.690000534057617,20.59000015258789,20.670000076293945,18.30681800842285,156300
2020-12-11,20.799999237060547,20.799999237060547,20.700000762939453,20.73900032043457,18.3679313659668,200000
2020-12-14,20.600000381469727,20.770000457763672,20.600000381469727,20.729999542236328,18.35996055603028,241400
2020-12-15,20.670000076293945,20.71999931335449,20.63999938964844,20.68000030517578,18.31567573547364,163900
2020-12-16,20.51000022888184,20.64999961853028,20.51000022888184,20.61000061035156,18.25367927551269,132100
2020-12-17,20.709999084472656,20.709999084472656,20.530000686645508,20.549999237060547,18.20054054260254,206600
2020-12-18,20.61000061035156,20.666000366210938,20.549999237060547,20.549999237060547,18.20054054260254,158800
2020-12-21,20.65999984741211,20.75,20.56999969482422,20.57999992370605,18.227109909057617,369300
2020-12-22,20.700000762939453,20.700000762939453,20.61000061035156,20.63999938964844,18.280250549316406,271300
2020-12-23,20.6200008392334,20.6200008392334,20.530000686645508,20.56999969482422,18.22177696228028,244200
2020-12-24,20.559999465942383,20.61000061035156,20.549999237060547,20.59499931335449,18.24392890930176,163100
2020-12-28,20.57999992370605,20.600000381469727,20.461000442504883,20.549999237060547,18.20406723022461,697500
2020-12-29,20.420000076293945,20.600000381469727,20.420000076293945,20.600000381469727,18.24835777282715,393200
2020-12-30,20.61000061035156,20.61000061035156,20.535999298095703,20.540000915527344,18.195207595825195,211300
2020-12-31,20.540000915527344,20.600000381469727,20.520000457763672,20.57999992370605,18.23064041137696,355900
2021-01-04,20.559999465942383,20.76000022888184,20.520000457763672,20.709999084472656,18.345796585083008,659600
2021-01-05,20.739999771118164,20.739999771118164,20.540000915527344,20.6200008392334,18.266077041625977,621700
2021-01-06,20.63999938964844,20.63999938964844,20.299999237060547,20.450000762939453,18.115478515625,363700
2021-01-07,20.299999237060547,20.34000015258789,20.209999084472656,20.209999084472656,17.902877807617188,1251600
2021-01-08,20.200000762939453,20.239999771118164,20.1299991607666,20.1299991607666,17.832014083862305,800700
2021-01-11,20.18000030517578,20.209999084472656,20.1200008392334,20.200000762939453,17.894020080566406,213600
2021-01-12,20.21999931335449,20.21999931335449,20.07999992370605,20.1200008392334,17.823148727416992,353700
2021-01-13,20.14999961853028,20.229999542236328,20.13999938964844,20.225000381469727,17.916170120239258,201900
2021-01-14,20.239999771118164,20.239999771118164,20.1200008392334,20.1200008392334,17.823148727416992,351400
2021-01-15,20.14999961853028,20.32999992370605,20.14999961853028,20.290000915527344,17.9737491607666,416500
2021-01-19,20.38999938964844,20.38999938964844,20.200000762939453,20.209999084472656,17.902877807617188,1869600
2021-01-20,20.200000762939453,20.209999084472656,20.13999938964844,20.170000076293945,17.86745262145996,159600
2021-01-21,20.1299991607666,20.190000534057617,20.11000061035156,20.170000076293945,17.86745262145996,120800
2021-01-22,20.1299991607666,20.229999542236328,20.1299991607666,20.21999931335449,17.911739349365234,134400
2021-01-25,20.309999465942383,20.375,20.23699951171875,20.270000457763672,17.956029891967773,128000
2021-01-26,20.299999237060547,20.32999992370605,20.25,20.32999992370605,18.009180068969727,305800
2021-01-27,20.479999542236328,20.638999938964844,20.3700008392334,20.59000015258789,18.23949813842773,380200
2021-01-28,20.530000686645508,20.540000915527344,20.290000915527344,20.459999084472656,18.124343872070312,877000
2021-01-29,20.3799991607666,20.614999771118164,20.3799991607666,20.540000915527344,18.195207595825195,259800
2021-02-01,20.5,20.530000686645508,20.3700008392334,20.39999961853028,18.071189880371094,597600
2021-02-02,20.350000381469727,20.350000381469727,20.229999542236328,20.280000686645508,17.964889526367188,344100
2021-02-03,20.25,20.25,20.14999961853028,20.200000762939453,17.894020080566406,381000
2021-02-04,20.200000762939453,20.209999084472656,20.100000381469727,20.100000381469727,17.805435180664062,181800
2021-02-05,20.09000015258789,20.1200008392334,20.049999237060547,20.049999237060547,17.761144638061523,108000
2021-02-08,20.0,20.06999969482422,19.961000442504883,20.0,17.716848373413086,503000
2021-02-09,20.01000022888184,20.09499931335449,20.01000022888184,20.06999969482422,17.77886199951172,291500
2021-02-10,20.01000022888184,20.15999984741211,20.01000022888184,20.1299991607666,17.832014083862305,210700
2021-02-11,20.1200008392334,20.170000076293945,20.100000381469727,20.100000381469727,17.805435180664062,134900
2021-02-12,20.100000381469727,20.100000381469727,20.0,20.0,17.716848373413086,342000
2021-02-16,19.979999542236328,19.979999542236328,19.81999969482422,19.81999969482422,17.55739974975586,315000
2021-02-17,19.850000381469727,19.959999084472656,19.81999969482422,19.8799991607666,17.610551834106445,476600
2021-02-18,19.959999084472656,19.959999084472656,19.857999801635746,19.88999938964844,17.61941146850586,176300
2021-02-19,19.809999465942383,19.82999992370605,19.75,19.799999237060547,17.53968620300293,214300
2021-02-22,19.81999969482422,19.8700008392334,19.739999771118164,19.81999969482422,17.55739974975586,317200
2021-02-23,19.739999771118164,19.89999961853028,19.739999771118164,19.76499938964844,17.508676528930664,319500
2021-02-24,19.780000686645508,19.780000686645508,19.6200008392334,19.65999984741211,17.41566276550293,204900
2021-02-25,19.61000061035156,19.6200008392334,19.5,19.600000381469727,17.362518310546875,322500
2021-02-26,19.559999465942383,19.739999771118164,19.51000022888184,19.700000762939453,17.451101303100586,240500
2021-03-01,19.549999237060547,19.700000762939453,19.506000518798828,19.56999969482422,17.335941314697266,228800
2021-03-02,19.5,19.64999961853028,19.5,19.64999961853028,17.406810760498047,461200
2021-03-03,19.489999771118164,19.6200008392334,19.489999771118164,19.59000015258789,17.35365867614746,318800
2021-03-04,19.5,19.670000076293945,19.5,19.6200008392334,17.380233764648438,575600
2021-03-05,19.3799991607666,19.600000381469727,19.31999969482422,19.3700008392334,17.15877342224121,415700
2021-03-08,19.270000457763672,19.32999992370605,19.229999542236328,19.309999465942383,17.105623245239258,554000
2021-03-09,19.299999237060547,19.350000381469727,19.25,19.31999969482422,17.114482879638672,264300
2021-03-10,19.25,19.350000381469727,19.229999542236328,19.32999992370605,17.12333869934082,428300
2021-03-11,19.3700008392334,19.3700008392334,19.26000022888184,19.270000457763672,17.070188522338867,138800
2021-03-12,19.239999771118164,19.239999771118164,19.100000381469727,19.100000381469727,16.91959571838379,591600
2021-03-15,19.09000015258789,19.200000762939453,19.07999992370605,19.100000381469727,16.91959571838379,421100
2021-03-16,19.100000381469727,19.16900062561035,19.09000015258789,19.100000381469727,16.91959571838379,150100
2021-03-17,19.040000915527344,19.11000061035156,19.030000686645508,19.040000915527344,16.866445541381836,156300
2021-03-18,18.989999771118164,19.040000915527344,18.8799991607666,19.040000915527344,16.866445541381836,495200
2021-03-19,18.979999542236328,19.030000686645508,18.93000030517578,18.96999931335449,16.8044376373291,164400
2021-03-22,19.045000076293945,19.049999237060547,18.950000762939453,19.0,16.831008911132812,336700
2021-03-23,19.01000022888184,19.15999984741211,18.979999542236328,19.13999938964844,16.955026626586914,348000
2021-03-24,19.100000381469727,19.18000030517578,19.030000686645508,19.170000076293945,16.981603622436523,162500
2021-03-25,19.200000762939453,19.26000022888184,19.040000915527344,19.059999465942383,16.891206741333008,277500
2021-03-26,19.01000022888184,19.030000686645508,18.90999984741211,18.90999984741211,16.758275985717773,1415600
2021-03-29,18.90999984741211,18.959999084472656,18.82999992370605,18.82999992370605,16.687379837036133,271300
2021-03-30,18.799999237060547,18.854999542236328,18.790000915527344,18.84000015258789,16.696243286132812,142500
2021-03-31,18.90999984741211,18.90999984741211,18.690000534057617,18.75,16.61648941040039,1396700
2021-04-01,18.709999084472656,18.815000534057617,18.709999084472656,18.78499984741211,16.64749526977539,109700
2021-04-05,18.75,18.75,18.63500022888184,18.670000076293945,16.54558563232422,314800
2021-04-06,18.63999938964844,18.82999992370605,18.63999938964844,18.82999992370605,16.687379837036133,277600
2021-04-07,18.850000381469727,18.850000381469727,18.729999542236328,18.770000457763672,16.634204864501953,311400
2021-04-08,18.64999961853028,18.81999969482422,18.64999961853028,18.809999465942383,16.669658660888672,113200
2021-04-09,18.799999237060547,18.809999465942383,18.65999984741211,18.670000076293945,16.54558563232422,187300
2021-04-12,18.64999961853028,18.780000686645508,18.64999961853028,18.73500061035156,16.60318946838379,270400
2021-04-13,18.670000076293945,18.799999237060547,18.670000076293945,18.790000915527344,16.651927947998047,164400
2021-04-14,18.790000915527344,18.81999969482422,18.700000762939453,18.75200080871582,16.618261337280273,1325500
2021-04-15,18.76000022888184,18.90999984741211,18.76000022888184,18.8799991607666,16.731689453125,213900
2021-04-16,18.709999084472656,18.854999542236328,18.709999084472656,18.799999237060547,16.66079330444336,143600
2021-04-19,18.799999237060547,18.850000381469727,18.76499938964844,18.81999969482422,16.67852020263672,148200
2021-04-20,18.8700008392334,18.96999931335449,18.81599998474121,18.920000076293945,16.767141342163086,275800
2021-04-21,18.979999542236328,18.979999542236328,18.840999603271484,18.8799991607666,16.731689453125,135200
2021-04-22,18.895000457763672,18.96999931335449,18.81999969482422,18.959999084472656,16.802589416503906,114400
2021-04-23,18.850000381469727,19.06999969482422,18.82699966430664,18.84000015258789,16.696243286132812,79400
2021-04-26,18.84000015258789,18.850000381469727,18.770000457763672,18.84000015258789,16.696243286132812,261900
2021-04-27,18.76000022888184,18.84000015258789,18.709999084472656,18.725000381469727,16.594329833984375,159200
2021-04-28,18.75,18.790000915527344,18.68000030517578,18.780000686645508,16.643068313598633,142100
2021-04-29,18.670000076293945,18.7189998626709,18.61000061035156,18.700000762939453,16.57217025756836,107200
2021-04-30,18.6299991607666,18.780000686645508,18.6299991607666,18.76000022888184,16.625343322753906,186600
2021-05-03,18.780000686645508,18.81999969482422,18.71999931335449,18.780000686645508,16.643068313598633,914200
2021-05-04,18.799999237060547,18.96999931335449,18.799999237060547,18.86000061035156,16.713966369628906,272500
2021-05-05,18.799999237060547,18.8799991607666,18.76000022888184,18.86000061035156,16.713966369628906,169800
2021-05-06,18.88999938964844,18.929000854492188,18.815000534057617,18.825000762939453,16.682952880859375,106900
2021-05-07,18.75,18.850000381469727,18.75,18.795000076293945,16.6563663482666,194000
2021-05-10,18.780000686645508,18.80299949645996,18.71999931335449,18.75,16.61648941040039,969600
2021-05-11,18.850000381469727,18.940000534057617,18.76000022888184,18.86000061035156,16.713966369628906,128400
2021-05-12,18.86000061035156,18.940000534057617,18.799999237060547,18.920000076293945,16.767141342163086,593100
2021-05-13,18.920000076293945,18.920000076293945,18.790000915527344,18.850000381469727,16.705108642578125,676600
2021-05-14,18.799999237060547,18.84000015258789,18.700000762939453,18.739999771118164,16.607622146606445,241000
2021-05-17,18.84000015258789,18.84000015258789,18.75,18.770000457763672,16.634204864501953,78600
2021-05-18,18.729999542236328,18.81999969482422,18.709999084472656,18.81999969482422,16.67852020263672,59600
2021-05-19,18.989999771118164,19.030000686645508,18.82999992370605,18.82999992370605,16.687379837036133,638900
2021-05-20,18.809999465942383,18.86000061035156,18.780000686645508,18.84000015258789,16.696243286132812,125900
2021-05-21,18.850000381469727,18.850000381469727,18.770000457763672,18.809999465942383,16.669658660888672,85200
2021-05-24,18.75,18.81999969482422,18.75,18.790000915527344,16.651927947998047,108400
2021-05-25,18.780000686645508,18.84000015258789,18.75,18.84000015258789,16.696243286132812,71000
2021-05-26,18.86000061035156,18.86000061035156,18.729999542236328,18.729999542236328,16.5987548828125,153100
2021-05-27,18.76000022888184,18.76000022888184,18.64999961853028,18.670000076293945,16.54558563232422,95900
2021-05-28,18.65999984741211,18.729999542236328,18.65999984741211,18.68000030517578,16.55445098876953,207000
2021-06-01,18.700000762939453,18.709999084472656,18.559999465942383,18.690000534057617,16.563310623168945,125200
2021-06-02,18.61000061035156,18.75,18.61000061035156,18.709999084472656,16.58103370666504,51500
2021-06-03,18.709999084472656,18.76499938964844,18.690000534057617,18.700000762939453,16.57217025756836,146100
2021-06-04,18.725000381469727,18.770000457763672,18.690000534057617,18.725000381469727,16.594329833984375,173300
2021-06-07,18.790000915527344,18.799999237060547,18.68000030517578,18.709999084472656,16.58103370666504,100300
2021-06-08,18.799999237060547,18.80699920654297,18.75,18.76000022888184,16.625343322753906,69800
2021-06-09,18.76000022888184,18.86000061035156,18.76000022888184,18.850000381469727,16.705108642578125,182700
2021-06-10,18.81999969482422,18.86000061035156,18.76099967956543,18.86000061035156,16.713966369628906,341000
2021-06-11,18.81999969482422,18.86000061035156,18.799999237060547,18.81999969482422,16.67852020263672,122600
2021-06-14,18.799999237060547,18.799999237060547,18.75,18.76000022888184,16.625343322753906,102100
2021-06-15,18.770000457763672,18.790000915527344,18.739999771118164,18.790000915527344,16.651927947998047,118700
2021-06-16,18.790000915527344,18.82999992370605,18.64999961853028,18.690000534057617,16.563310623168945,116800
2021-06-17,18.71999931335449,18.808000564575195,18.64999961853028,18.670000076293945,16.54558563232422,218200
2021-06-18,18.739999771118164,18.979999542236328,18.739999771118164,18.979999542236328,16.8203125,323000
2021-06-21,18.93000030517578,18.93000030517578,18.76000022888184,18.780000686645508,16.643068313598633,192100
2021-06-22,18.739999771118164,18.780000686645508,18.729999542236328,18.770000457763672,16.634204864501953,75700
2021-06-23,18.770000457763672,18.780000686645508,18.700000762939453,18.729999542236328,16.5987548828125,94500
2021-06-24,18.71999931335449,18.739999771118164,18.64999961853028,18.68000030517578,16.578351974487305,140900
2021-06-25,18.64999961853028,18.64999961853028,18.540000915527344,18.600000381469727,16.507347106933594,100900
2021-06-28,18.559999465942383,18.700000762939453,18.559999465942383,18.64999961853028,16.551721572875977,72900
2021-06-29,18.600000381469727,18.670000076293945,18.57999992370605,18.65999984741211,16.56059455871582,94000
2021-06-30,18.739999771118164,18.739999771118164,18.68000030517578,18.700000762939453,16.596092224121094,52100
2021-07-01,18.709999084472656,18.709999084472656,18.600000381469727,18.670000076293945,16.569475173950195,130500
2021-07-02,18.650999069213867,18.700000762939453,18.64999961853028,18.690000534057617,16.587223052978516,93000
2021-07-06,18.670000076293945,18.84000015258789,18.65999984741211,18.790000915527344,16.67597007751465,125100
2021-07-07,18.799999237060547,18.924999237060547,18.799999237060547,18.86000061035156,16.738100051879883,105000
2021-07-08,19.07999992370605,19.089000701904297,18.93000030517578,18.96999931335449,16.835721969604492,181900
2021-07-09,18.89999961853028,18.89999961853028,18.75,18.76000022888184,16.649343490600586,312300
2021-07-12,18.729999542236328,18.790000915527344,18.729999542236328,18.76000022888184,16.649343490600586,97500
2021-07-13,18.82999992370605,18.82999992370605,18.700000762939453,18.76000022888184,16.649343490600586,138300
2021-07-14,18.790000915527344,18.84000015258789,18.739999771118164,18.84000015258789,16.72034454345703,142000
2021-07-15,18.84000015258789,18.959999084472656,18.84000015258789,18.934999465942383,16.80465316772461,202900
2021-07-16,18.850000381469727,18.989999771118164,18.850000381469727,18.98500061035156,16.849031448364258,370000
2021-07-19,19.25,19.350000381469727,19.18899917602539,19.280000686645508,17.1108455657959,531800
2021-07-20,19.31999969482422,19.31999969482422,19.06999969482422,19.09000015258789,16.942216873168945,292600
2021-07-21,19.040000915527344,19.040000915527344,18.89999961853028,18.940000534057617,16.80909538269043,189300
2021-07-22,18.89999961853028,19.01000022888184,18.89999961853028,18.975000381469727,16.840158462524414,181300
2021-07-23,18.905000686645508,18.93000030517578,18.8799991607666,18.90999984741211,16.782470703125,294000
2021-07-26,18.90999984741211,18.920000076293945,18.86000061035156,18.88999938964844,16.76471710205078,290500
2021-07-27,18.920000076293945,19.059999465942383,18.920000076293945,19.01000022888184,16.871217727661133,185400
2021-07-28,18.96999931335449,19.01000022888184,18.920000076293945,19.01000022888184,16.871217727661133,108500
2021-07-29,18.950000762939453,18.950000762939453,18.8799991607666,18.920000076293945,16.791345596313477,84500
2021-07-30,18.940000534057617,19.01000022888184,18.920000076293945,19.01000022888184,16.871217727661133,85500
2021-08-02,18.959999084472656,19.1200008392334,18.959999084472656,19.100000381469727,16.951095581054688,212600
2021-08-03,19.05500030517578,19.14999961853028,19.020000457763672,19.030000686645508,16.88896942138672,114000
2021-08-04,19.049999237060547,19.11400032043457,18.96999931335449,19.06999969482422,16.92446517944336,375100
2021-08-05,19.030000686645508,19.030000686645508,18.920000076293945,18.950000762939453,16.817970275878906,136200
2021-08-06,18.8700008392334,18.8700008392334,18.71999931335449,18.770000457763672,16.658218383789062,97100
2021-08-09,18.770000457763672,18.850000381469727,18.729999542236328,18.780000686645508,16.667097091674805,182500
2021-08-10,18.770000457763672,18.79899978637696,18.700000762939453,18.75,16.640472412109375,243200
2021-08-11,18.68000030517578,18.780000686645508,18.67200088500977,18.75,16.640472412109375,66000
2021-08-12,18.700000762939453,18.739999771118164,18.670000076293945,18.68000030517578,16.578351974487305,84800
2021-08-13,18.670000076293945,18.799999237060547,18.670000076293945,18.799999237060547,16.684844970703125,210800
2021-08-16,18.8700008392334,18.940000534057617,18.809999465942383,18.850000381469727,16.72922134399414,127200
2021-08-17,18.8700008392334,18.96999931335449,18.82999992370605,18.8799991607666,16.755842208862305,148200
2021-08-18,18.81999969482422,18.979999542236328,18.81999969482422,18.979999542236328,16.844594955444336,184100
2021-08-19,19.09000015258789,19.100000381469727,18.940000534057617,18.989999771118164,16.853469848632812,490400
2021-08-20,18.979999542236328,19.0049991607666,18.8700008392334,18.920000076293945,16.791345596313477,87600
2021-08-23,18.809999465942383,18.843000411987305,18.78199958801269,18.84000015258789,16.72034454345703,73300
2021-08-24,18.780000686645508,18.82900047302246,18.780000686645508,18.790000915527344,16.67597007751465,146200
2021-08-25,18.76499938964844,18.799999237060547,18.670000076293945,18.690000534057617,16.587223052978516,149200
2021-08-26,18.71999931335449,18.76000022888184,18.65999984741211,18.76000022888184,16.649343490600586,77700
2021-08-27,18.739999771118164,18.739999771118164,18.65999984741211,18.729999542236328,16.622718811035156,157700
2021-08-30,18.670000076293945,18.729999542236328,18.64999961853028,18.700000762939453,16.596092224121094,489000
2021-08-31,18.700000762939453,18.77300071716309,18.65999984741211,18.729999542236328,16.622718811035156,162100
2021-09-01,18.700000762939453,18.75,18.65999984741211,18.709999084472656,16.6049747467041,465000
2021-09-02,18.700000762939453,18.75,18.68000030517578,18.75,16.640472412109375,234600
2021-09-03,18.700000762939453,18.709999084472656,18.670000076293945,18.670000076293945,16.569475173950195,99500
2021-09-07,18.61000061035156,18.68000030517578,18.61000061035156,18.6200008392334,16.52509307861328,178500
2021-09-08,18.729999542236328,18.739999771118164,18.670000076293945,18.690000534057617,16.587223052978516,188000
2021-09-09,18.68000030517578,18.809999465942383,18.68000030517578,18.799999237060547,16.684844970703125,310200
2021-09-10,18.700000762939453,18.809999465942383,18.700000762939453,18.809999465942383,16.6937198638916,229400
2021-09-13,18.780000686645508,18.850000381469727,18.71999931335449,18.790000915527344,16.67597007751465,194100
2021-09-14,18.76000022888184,18.89999961853028,18.76000022888184,18.88999938964844,16.76471710205078,185900
2021-09-15,18.8799991607666,18.88999938964844,18.75,18.75,16.640472412109375,134100
2021-09-16,18.739999771118164,18.823999404907227,18.700000762939453,18.75,16.640472412109375,87000
2021-09-17,18.71999931335449,18.799999237060547,18.700000762939453,18.77499961853028,16.662656784057617,172300
2021-09-20,19.049999237060547,19.200000762939453,18.940000534057617,19.020000457763672,16.880096435546875,696200
2021-09-21,19.0,19.049999237060547,18.89999961853028,18.96999931335449,16.835721969604492,256500
2021-09-22,18.90999984741211,18.941999435424805,18.81999969482422,18.850000381469727,16.72922134399414,100600
2021-09-23,18.82999992370605,18.82999992370605,18.600000381469727,18.625,16.55500602722168,343400
2021-09-24,18.6299991607666,18.63999938964844,18.48500061035156,18.489999771118164,16.435009002685547,164900
2021-09-27,18.479999542236328,18.530000686645508,18.450000762939453,18.489999771118164,16.435009002685547,445600
2021-09-28,18.5,18.68000030517578,18.489999771118164,18.64999961853028,16.577224731445312,297000
2021-09-29,18.63999938964844,18.65999984741211,18.554000854492188,18.6299991607666,16.559450149536133,215500
2021-09-30,18.57999992370605,18.76000022888184,18.51000022888184,18.76000022888184,16.674997329711914,578900
2021-10-01,18.700000762939453,18.81999969482422,18.64999961853028,18.64999961853028,16.577224731445312,361800
2021-10-04,18.670000076293945,18.84000015258789,18.64999961853028,18.790000915527344,16.701669692993164,409200
2021-10-05,18.71999931335449,18.71999931335449,18.5,18.6299991607666,16.559450149536133,162500
2021-10-06,18.729999542236328,18.739999771118164,18.549999237060547,18.549999237060547,16.488340377807617,207800
2021-10-07,18.5,18.51000022888184,18.3700008392334,18.39999961853028,16.355009078979492,585800
2021-10-08,18.40999984741211,18.43000030517578,18.36199951171875,18.3700008392334,16.328351974487305,250600
2021-10-11,18.39999961853028,18.40999984741211,18.309999465942383,18.40999984741211,16.3638973236084,252100
2021-10-12,18.43000030517578,18.489999771118164,18.36000061035156,18.479999542236328,16.42612075805664,173900
2021-10-13,18.450000762939453,18.530000686645508,18.40999984741211,18.420000076293945,16.37278938293457,168000
2021-10-14,18.36000061035156,18.41900062561035,18.32999992370605,18.3799991607666,16.33723258972168,316100
2021-10-15,18.25,18.280000686645508,18.200000762939453,18.21999931335449,16.19501304626465,394300
2021-10-18,18.21999931335449,18.242000579833984,18.15999984741211,18.21999931335449,16.19501304626465,179100
2021-10-19,18.200000762939453,18.200000762939453,18.06999969482422,18.07999992370605,16.07057762145996,149300
2021-10-20,18.100000381469727,18.100000381469727,18.020000457763672,18.049999237060547,16.043907165527344,194700
2021-10-21,18.0,18.049999237060547,17.940000534057617,17.959999084472656,15.963910102844238,673500
2021-10-22,17.969999313354492,18.07999992370605,17.950000762939453,18.030000686645508,16.026134490966797,500200
2021-10-25,17.979999542236328,18.06999969482422,17.979999542236328,18.0,15.999468803405762,504600
2021-10-26,17.969999313354492,18.049999237060547,17.950000762939453,18.0,15.999468803405762,243100
2021-10-27,18.11000061035156,18.209999084472656,18.059999465942383,18.200000762939453,16.1772403717041,237000
2021-10-28,18.06999969482422,18.11899948120117,18.049999237060547,18.065000534057617,16.057239532470703,120700
2021-10-29,18.020000457763672,18.11000061035156,18.020000457763672,18.049999237060547,16.043907165527344,155100
2021-11-01,17.950000762939453,18.100000381469727,17.950000762939453,18.030000686645508,16.026134490966797,299600
2021-11-02,18.020000457763672,18.100000381469727,18.020000457763672,18.040000915527344,16.03502082824707,374000
2021-11-03,18.100000381469727,18.100000381469727,17.93000030517578,17.940000534057617,15.946136474609377,109200
2021-11-04,18.010000228881836,18.049999237060547,17.940000534057617,18.049999237060547,16.043907165527344,162900
2021-11-05,18.059999465942383,18.14999961853028,18.01799964904785,18.14999961853028,16.132801055908203,334600
2021-11-08,18.1299991607666,18.1299991607666,18.038000106811523,18.06999969482422,16.06168556213379,265800
2021-11-09,18.11000061035156,18.200000762939453,18.11000061035156,18.13999938964844,16.12390899658203,334500
2021-11-10,18.309999465942383,18.350000381469727,18.0,18.040000915527344,16.03502082824707,527000
2021-11-11,18.020000457763672,18.059999465942383,18.0,18.059999465942383,16.05279541015625,422600
2021-11-12,17.979999542236328,18.040000915527344,17.959999084472656,17.989999771118164,15.99057388305664,127600
2021-11-15,17.940000534057617,17.969999313354492,17.899999618530273,17.899999618530273,15.910576820373535,254700
2021-11-16,17.940000534057617,17.940000534057617,17.850000381469727,17.889999389648438,15.901691436767578,114800
2021-11-17,17.850000381469727,17.989999771118164,17.850000381469727,17.989999771118164,15.99057388305664,81700
2021-11-18,17.959999084472656,18.010000228881836,17.93000030517578,17.93000030517578,15.937244415283203,94600
2021-11-19,18.07999992370605,18.07999992370605,17.989999771118164,18.030000686645508,16.026134490966797,174300
2021-11-22,17.93000030517578,17.940000534057617,17.850000381469727,17.899999618530273,15.910576820373535,226600
2021-11-23,17.860000610351562,17.959999084472656,17.799999237060547,17.850000381469727,15.86613941192627,289700
2021-11-24,17.90999984741211,17.90999984741211,17.81999969482422,17.850000381469727,15.86613941192627,109500
2021-11-26,18.11000061035156,18.350000381469727,18.11000061035156,18.350000381469727,16.310569763183594,292000
2021-11-29,18.1299991607666,18.209999084472656,18.06999969482422,18.11000061035156,16.09724235534668,127900
2021-11-30,18.26000022888184,18.479999542236328,18.26000022888184,18.39999961853028,16.355009078979492,698400
2021-12-01,18.280000686645508,18.63999938964844,18.18000030517578,18.63999938964844,16.56833839416504,280500
2021-12-02,18.61000061035156,18.61000061035156,18.3700008392334,18.46999931335449,16.41722869873047,405000
2021-12-03,18.3799991607666,18.809999465942383,18.299999237060547,18.6200008392334,16.55055809020996,377000
2021-12-06,18.559999465942383,18.600000381469727,18.36899948120117,18.420000076293945,16.37278938293457,347200
2021-12-07,18.229999542236328,18.280000686645508,18.1200008392334,18.15999984741211,16.14168357849121,182900
2021-12-08,18.07999992370605,18.1299991607666,18.010000228881836,18.010000228881836,16.00835609436035,144500
2021-12-09,18.049999237060547,18.1200008392334,18.0310001373291,18.09000015258789,16.079463958740234,116000
2021-12-10,18.100000381469727,18.1299991607666,18.020000457763672,18.059999465942383,16.05279541015625,69800
2021-12-13,18.100000381469727,18.209999084472656,18.040000915527344,18.18000030517578,16.15946388244629,207200
2021-12-14,18.290000915527344,18.309999465942383,18.19499969482422,18.239999771118164,16.212791442871094,190700
2021-12-15,18.200000762939453,18.309999465942383,18.049999237060547,18.09000015258789,16.079463958740234,306400
2021-12-16,18.09000015258789,18.268999099731445,18.09000015258789,18.190000534057617,16.168350219726562,153700
2021-12-17,18.299999237060547,18.40999984741211,18.229999542236328,18.299999237060547,16.266122817993164,178000
2021-12-20,18.43000030517578,18.549999237060547,18.3700008392334,18.3700008392334,16.328351974487305,210200
2021-12-21,18.270000457763672,18.299999237060547,18.1299991607666,18.13999938964844,16.12390899658203,350900
2021-12-22,18.14999961853028,18.190000534057617,18.07999992370605,18.11000061035156,16.118566513061523,150600
2021-12-23,18.100000381469727,18.100000381469727,17.93000030517578,17.959999084472656,15.985062599182127,130900
2021-12-27,17.940000534057617,17.959999084472656,17.899999618530273,17.920000076293945,15.949462890625,119100
2021-12-28,17.90999984741211,17.950000762939453,17.8799991607666,17.920000076293945,15.949462890625,110800
2021-12-29,17.799999237060547,17.8799991607666,17.760000228881836,17.809999465942383,15.851553916931152,152800
2021-12-30,17.799999237060547,17.8799991607666,17.760000228881836,17.8799991607666,15.913853645324709,262900
2021-12-31,17.8700008392334,17.899999618530273,17.81999969482422,17.860000610351562,15.896060943603516,691500
2022-01-03,17.75,17.780000686645508,17.6299991607666,17.670000076293945,15.726951599121094,226600
2022-01-04,17.610000610351562,17.670000076293945,17.56999969482422,17.649999618530273,15.709149360656738,417000
2022-01-05,17.649999618530273,17.75,17.586000442504883,17.729999542236328,15.780354499816896,184100
2022-01-06,17.670000076293945,17.719999313354492,17.610000610351562,17.670000076293945,15.726951599121094,133300
2022-01-07,17.670000076293945,17.670000076293945,17.579999923706055,17.610000610351562,15.673548698425291,152000
2022-01-10,17.600000381469727,17.749000549316406,17.594999313354492,17.600000381469727,15.66464614868164,175000
2022-01-11,17.6200008392334,17.670000076293945,17.520000457763672,17.559999465942383,15.62904930114746,159800
2022-01-12,17.549999237060547,17.559999465942383,17.5,17.540000915527344,15.611248970031738,103500
2022-01-13,17.540000915527344,17.690000534057617,17.5,17.65999984741211,15.71805191040039,242100
2022-01-14,17.690000534057617,17.850000381469727,17.520000457763672,17.520000457763672,15.593448638916016,213900
2022-01-18,17.520000457763672,17.6200008392334,17.520000457763672,17.59000015258789,15.655749320983888,431300
2022-01-19,17.530000686645508,17.700000762939453,17.520000457763672,17.690000534057617,15.744751930236816,316100
2022-01-20,17.68000030517578,17.841999053955078,17.549999237060547,17.790000915527344,15.833754539489746,310800
2022-01-21,17.989999771118164,18.14999961853028,17.860000610351562,18.1299991607666,16.136369705200195,1906100
2022-01-24,18.420000076293945,18.709999084472656,18.059999465942383,18.100000381469727,16.10966682434082,840900
2022-01-25,18.34000015258789,18.489999771118164,18.051000595092773,18.209999084472656,16.20756721496582,1897100
2022-01-26,17.979999542236328,18.239999771118164,17.889999389648438,18.040000915527344,16.056262969970703,978400
2022-01-27,18.010000228881836,18.270000457763672,17.924999237060547,18.190000534057617,16.18977165222168,1002500
2022-01-28,18.1299991607666,18.309999465942383,17.920000076293945,17.93000030517578,15.958356857299805,1598100
2022-01-31,17.920000076293945,17.930999755859375,17.690000534057617,17.719999313354492,15.771448135375977,393800
2022-02-01,17.65999984741211,17.75,17.559999465942383,17.559999465942383,15.62904930114746,927800
2022-02-02,17.520000457763672,17.65999984741211,17.520000457763672,17.56999969482422,15.637948036193848,601600
2022-02-03,17.6299991607666,17.780000686645508,17.559999465942383,17.780000686645508,15.824854850769045,1291900
2022-02-04,17.700000762939453,17.700000762939453,17.420000076293945,17.549999237060547,15.620145797729492,363700
2022-02-07,17.56999969482422,17.610000610351562,17.47599983215332,17.579999923706055,15.64684772491455,241300
2022-02-08,17.459999084472656,17.530000686645508,17.360000610351562,17.360000610351562,15.45103931427002,325500
2022-02-09,17.309999465942383,17.3700008392334,17.270000457763672,17.299999237060547,15.397634506225586,821400
2022-02-10,17.309999465942383,17.385000228881836,17.18000030517578,17.295000076293945,15.393184661865234,1128100
2022-02-11,17.43000030517578,17.739999771118164,17.309999465942383,17.65999984741211,15.71805191040039,744500
2022-02-14,17.670000076293945,17.774999618530273,17.540000915527344,17.639999389648438,15.70024871826172,379300
2022-02-15,17.399999618530273,17.450000762939453,17.360000610351562,17.3799991607666,15.468841552734377,148300
2022-02-16,17.40999984741211,17.469999313354492,17.280000686645508,17.3700008392334,15.459942817687988,392900
2022-02-17,17.450000762939453,17.71500015258789,17.450000762939453,17.709999084472656,15.76254940032959,185900
2022-02-18,17.719999313354492,17.875,17.660999298095703,17.81999969482422,15.860454559326172,154800
2022-02-22,17.809999465942383,18.020000457763672,17.719999313354492,17.920000076293945,15.949462890625,346200
2022-02-23,17.799999237060547,18.07999992370605,17.711000442504883,18.049999237060547,16.06516456604004,267300
2022-02-24,18.5,18.549999237060547,17.809999465942383,17.889999389648438,15.922759056091309,2060500
2022-02-25,17.780000686645508,17.83099937438965,17.579999923706055,17.59000015258789,15.655749320983888,526100
2022-02-28,17.899999618530273,18.030000686645508,17.770000457763672,17.90999984741211,15.940559387207031,228300
2022-03-01,18.1200008392334,18.38999938964844,18.018999099731445,18.31999969482422,16.30547523498535,311100
2022-03-02,18.18000030517578,18.18000030517578,17.809999465942383,17.825000762939453,15.864906311035156,399400
2022-03-03,17.75,18.020000457763672,17.75,17.959999084472656,15.985062599182127,268000
2022-03-04,18.209999084472656,18.39999961853028,18.15999984741211,18.209999084472656,16.20756721496582,164900
2022-03-07,18.200000762939453,18.549999237060547,18.200000762939453,18.549999237060547,16.51018524169922,469700
2022-03-08,18.5,18.71999931335449,18.14999961853028,18.489999771118164,16.456785202026367,617400
2022-03-09,18.190000534057617,18.31100082397461,17.989999771118164,18.09000015258789,16.100767135620117,274900
2022-03-10,18.190000534057617,18.200000762939453,17.959999084472656,18.040000915527344,16.056262969970703,539900
2022-03-11,17.950000762939453,18.200000762939453,17.889999389648438,18.200000762939453,16.198671340942383,436400
2022-03-14,18.020000457763672,18.14999961853028,17.860000610351562,18.06999969482422,16.082962036132812,238300
2022-03-15,18.100000381469727,18.100000381469727,17.75200080871582,17.780000686645508,15.824854850769045,200900
2022-03-16,17.670000076293945,17.670000076293945,17.43000030517578,17.450000762939453,15.531146049499512,790000
2022-03-17,17.5,17.530000686645508,17.253000259399414,17.270000457763672,15.37093734741211,295200
2022-03-18,17.270000457763672,17.344999313354492,17.1299991607666,17.1299991607666,15.246333122253418,284600
2022-03-21,17.09000015258789,17.100000381469727,16.959999084472656,16.969999313354492,15.103921890258787,629800
2022-03-22,16.8700008392334,16.875,16.68000030517578,16.729999542236328,14.890315055847168,453900
2022-03-23,16.850000381469727,16.940000534057617,16.770000457763672,16.940000534057617,15.077223777770996,153000
2022-03-24,16.770000457763672,16.860000610351562,16.709999084472656,16.719999313354492,14.909578323364258,250900
2022-03-25,16.610000610351562,16.6200008392334,16.5,16.510000228881836,14.722318649291992,192000
2022-03-28,16.5,16.6299991607666,16.44700050354004,16.479999542236328,14.695566177368164,257100
2022-03-29,16.43000030517578,16.5,16.350000381469727,16.43000030517578,14.650981903076172,1308500
2022-03-30,16.399999618530273,16.600000381469727,16.399999618530273,16.520000457763672,14.73123550415039,213400
2022-03-31,16.520000457763672,16.690000534057617,16.520000457763672,16.649999618530273,14.847160339355469,116800
2022-04-01,16.479999542236328,16.649999618530273,16.450000762939453,16.510000228881836,14.722318649291992,994200
2022-04-04,16.489999771118164,16.545000076293945,16.42799949645996,16.459999084472656,14.677730560302734,129500
2022-04-05,16.3799991607666,16.440000534057617,16.309999465942383,16.43000030517578,14.650981903076172,104500
2022-04-06,16.43000030517578,16.540000915527344,16.408000946044922,16.469999313354492,14.686649322509766,252600
2022-04-07,16.399999618530273,16.482999801635742,16.315000534057617,16.3799991607666,14.606392860412598,179100
2022-04-08,16.357999801635742,16.381999969482422,16.219999313354492,16.31999969482422,14.552891731262209,257100
2022-04-11,16.290000915527344,16.440000534057617,16.290000915527344,16.440000534057617,14.65989875793457,605600
2022-04-12,16.459999084472656,16.56999969482422,16.36199951171875,16.5,14.713400840759276,132600
2022-04-13,16.600000381469727,16.600000381469727,16.3799991607666,16.40999984741211,14.633145332336426,91400
2022-04-14,16.34000015258789,16.399999618530273,16.270000457763672,16.399999618530273,14.624228477478027,131100
2022-04-18,16.3799991607666,16.399999618530273,16.299999237060547,16.354000091552734,14.583209037780762,1354800
2022-04-19,16.299999237060547,16.299999237060547,16.020000457763672,16.059999465942383,14.321043014526367,1552500
2022-04-20,16.09000015258789,16.170000076293945,15.979999542236328,16.125,14.37900733947754,381700
2022-04-21,15.989999771118164,16.281999588012695,15.960000038146973,16.25,14.490471839904783,236200
2022-04-22,16.200000762939453,16.600000381469727,16.200000762939453,16.600000381469727,14.80257511138916,517000
2022-04-25,16.799999237060547,16.979999542236328,16.56999969482422,16.59000015258789,14.793654441833496,1115700
2022-04-26,16.690000534057617,17.059999465942383,16.690000534057617,17.05500030517578,15.208307266235352,1089100
2022-04-27,17.020000457763672,17.079999923706055,16.7549991607666,16.889999389648438,15.061172485351562,251300
2022-04-28,16.639999389648438,16.850000381469727,16.47100067138672,16.600000381469727,14.80257511138916,357000
2022-04-29,16.549999237060547,16.989999771118164,16.549999237060547,16.969999313354492,15.132512092590332,616500
2022-05-02,16.940000534057617,17.06999969482422,16.729999542236328,16.729999542236328,14.918496131896973,423200
2022-05-03,16.780000686645508,16.839000701904297,16.64900016784668,16.670000076293945,14.864995002746582,342100
2022-05-04,16.649999618530273,16.69499969482422,16.329999923706055,16.399999618530273,14.624228477478027,208800
2022-05-05,16.350000381469727,16.8799991607666,16.350000381469727,16.719999313354492,14.909578323364258,179400
2022-05-06,16.739999771118164,17.0,16.65999984741211,16.725000381469727,14.914039611816406,350500
2022-05-09,16.950000762939453,17.350000381469727,16.93000030517578,17.28499984741211,15.41339874267578,562000
2022-05-10,17.09000015258789,17.479999542236328,17.049999237060547,17.209999084472656,15.346525192260742,1042300
2022-05-11,17.31999969482422,17.600000381469727,17.02199935913086,17.59000015258789,15.685375213623049,300200
2022-05-12,17.700000762939453,17.920000076293945,17.459999084472656,17.584999084472656,15.680917739868164,426600
2022-05-13,17.299999237060547,17.3700008392334,17.06999969482422,17.1299991607666,15.275182723999023,481600
2022-05-16,17.239999771118164,17.31999969482422,17.06999969482422,17.239999771118164,15.373270988464355,784000
2022-05-17,16.889999389648438,17.05900001525879,16.799999237060547,16.84000015258789,15.01658535003662,301000
2022-05-18,16.93000030517578,17.56999969482422,16.93000030517578,17.530000686645508,15.631876945495604,387000
2022-05-19,17.799999237060547,17.829999923706055,17.43000030517578,17.559999465942383,15.65862274169922,525700
2022-05-20,17.489999771118164,18.06999969482422,17.43000030517578,17.670000076293945,15.75671672821045,471000
2022-05-23,17.559999465942383,17.594999313354492,17.270000457763672,17.329999923706055,15.45352840423584,599900
2022-05-24,17.610000610351562,17.950000762939453,17.510000228881836,17.6200008392334,15.71213150024414,2221700
2022-05-25,17.739999771118164,17.739999771118164,17.36199951171875,17.440000534057617,15.551620483398438,986200
2022-05-26,17.43000030517578,17.440000534057617,17.059999465942383,17.170000076293945,15.3108549118042,892200
2022-05-27,17.1200008392334,17.1200008392334,16.829999923706055,16.834999084472656,15.012127876281738,878000
2022-05-31,16.829999923706055,16.899999618530273,16.670000076293945,16.799999237060547,14.980914115905762,329000
2022-06-01,16.719999313354492,16.8799991607666,16.610000610351562,16.790000915527344,14.972000122070312,192500
2022-06-02,16.799999237060547,16.860000610351562,16.525999069213867,16.549999237060547,14.75798797607422,488900
2022-06-03,16.559999465942383,16.739999771118164,16.549999237060547,16.739999771118164,14.927412986755373,180500
2022-06-06,16.559999465942383,16.600000381469727,16.420000076293945,16.540000915527344,14.749070167541504,292800
2022-06-07,16.719999313354492,16.719999313354492,16.469999313354492,16.5,14.713400840759276,294000
2022-06-08,16.5,16.610000610351562,16.43000030517578,16.56999969482422,14.775822639465332,202500
2022-06-09,16.540000915527344,16.889999389648438,16.530000686645508,16.889999389648438,15.061172485351562,416900
2022-06-10,17.020000457763672,17.239999771118164,16.979999542236328,17.149999618530273,15.293017387390137,1362000
2022-06-13,17.459999084472656,17.670000076293945,17.375,17.6299991607666,15.721047401428224,985300
2022-06-14,17.559999465942383,17.614999771118164,17.389999389648438,17.5,15.605119705200195,215100
2022-06-15,17.360000610351562,17.540000915527344,17.09000015258789,17.360000610351562,15.480278968811035,752700
2022-06-16,17.690000534057617,18.09000015258789,17.624000549316406,18.030000686645508,16.077733993530273,1259500
2022-06-17,18.049999237060547,18.11000061035156,17.760000228881836,17.950000762939453,16.00640296936035,417600
2022-06-21,17.649999618530273,17.65999984741211,17.3799991607666,17.450000762939453,15.560534477233888,776400
2022-06-22,17.860000610351562,17.860000610351562,17.479999542236328,17.690000534057617,15.774551391601562,921600
2022-06-23,17.65999984741211,17.834999084472656,17.5,17.530000686645508,15.67707347869873,1111800
2022-06-24,17.440000534057617,17.440000534057617,17.010000228881836,17.010000228881836,15.212034225463867,341400
2022-06-27,16.940000534057617,17.059999465942383,16.860000610351562,16.979999542236328,15.18520450592041,124400
2022-06-28,16.920000076293945,17.309999465942383,16.729999542236328,17.270000457763672,15.444551467895508,806900
2022-06-29,17.209999084472656,17.479999542236328,17.209999084472656,17.3700008392334,15.533985137939451,120000
2022-06-30,17.690000534057617,17.84000015258789,17.523000717163086,17.579999923706055,15.721781730651855,902000
2022-07-01,17.799999237060547,17.985000610351562,17.549999237060547,17.549999237060547,15.694957733154297,457500
2022-07-05,17.829999923706055,18.040000915527344,17.600000381469727,17.600000381469727,15.739670753479004,754300
2022-07-06,17.610000610351562,17.649999618530273,17.31999969482422,17.43000030517578,15.58764362335205,178400
2022-07-07,17.260000228881836,17.31399917602539,17.05500030517578,17.09000015258789,15.283580780029297,560600
2022-07-08,17.110000610351562,17.149999618530273,16.915000915527344,16.989999771118164,15.194150924682615,350000
2022-07-11,17.100000381469727,17.34000015258789,17.100000381469727,17.31999969482422,15.489267349243164,390700
2022-07-12,17.389999389648438,17.579999923706055,17.299999237060547,17.479999542236328,15.632349967956545,287400
2022-07-13,17.56999969482422,17.65999984741211,17.43000030517578,17.549999237060547,15.694957733154297,179700
2022-07-14,17.770000457763672,17.860000610351562,17.520000457763672,17.559999465942383,15.703897476196287,180400
2022-07-15,17.399999618530273,17.40999984741211,17.250999450683594,17.290000915527344,15.46243953704834,189500
2022-07-18,17.040000915527344,17.395000457763672,17.040000915527344,17.31999969482422,15.489267349243164,519300
2022-07-19,17.110000610351562,17.190000534057617,16.90999984741211,16.959999084472656,15.167317390441896,558700
2022-07-20,16.959999084472656,17.09000015258789,16.799999237060547,16.889999389648438,15.104719161987305,464300
2022-07-21,16.860000610351562,17.049999237060547,16.84000015258789,16.889999389648438,15.104719161987305,446800
2022-07-22,16.93000030517578,17.209999084472656,16.93000030517578,17.1299991607666,15.319347381591797,197600
2022-07-25,17.09000015258789,17.110000610351562,17.0,17.049999237060547,15.247806549072266,58800
2022-07-26,17.139999389648438,17.280000686645508,17.139999389648438,17.170000076293945,15.355124473571776,311500
2022-07-27,17.09000015258789,17.15999984741211,16.8700008392334,16.8799991607666,15.095776557922363,146900
2022-07-28,16.93000030517578,17.15999984741211,16.8799991607666,16.93000030517578,15.14048957824707,430700
2022-07-29,16.899999618530273,16.90999984741211,16.760000228881836,16.760000228881836,14.9884614944458,182500
2022-08-01,16.81999969482422,16.950000762939453,16.780000686645508,16.8700008392334,15.086834907531738,420400
2022-08-02,16.90999984741211,17.0,16.709999084472656,16.770000457763672,14.99740505218506,293600
2022-08-03,16.649999618530273,16.760000228881836,16.559999465942383,16.690000534057617,14.925859451293944,458500
2022-08-04,16.6299991607666,16.770000457763672,16.6299991607666,16.700000762939453,14.934803009033203,96300
2022-08-05,16.639999389648438,16.690000534057617,16.520000457763672,16.545000076293945,14.796185493469238,651800
2022-08-08,16.5,16.670000076293945,16.479999542236328,16.670000076293945,14.907974243164062,112600
2022-08-09,16.670000076293945,16.700000762939453,16.600000381469727,16.6299991607666,14.872201919555664,810300
2022-08-10,16.530000686645508,16.610000610351562,16.420000076293945,16.440000534057617,14.70228385925293,302900
2022-08-11,16.350000381469727,16.427000045776367,16.30500030517578,16.389999389648438,14.657567977905272,385000
2022-08-12,16.360000610351562,16.389999389648438,16.270000457763672,16.299999237060547,14.577082633972168,143600
2022-08-15,16.34000015258789,16.385000228881836,16.299999237060547,16.309999465942383,14.586027145385742,91900
2022-08-16,16.31999969482422,16.34000015258789,16.209999084472656,16.270000457763672,14.550253868103027,117700
2022-08-17,16.239999771118164,16.270000457763672,16.170000076293945,16.239999771118164,14.52342414855957,603100
2022-08-18,16.219999313354492,16.290000915527344,16.200000762939453,16.21500015258789,14.501068115234377,452600
2022-08-19,16.139999389648438,16.280000686645508,16.139999389648438,16.270000457763672,14.550253868103027,1147700
2022-08-22,16.43000030517578,16.43000030517578,16.31599998474121,16.360000610351562,14.630741119384766,408800
2022-08-23,16.3700008392334,16.399999618530273,16.299999237060547,16.299999237060547,14.577082633972168,175700
2022-08-24,16.219999313354492,16.295000076293945,16.18000030517578,16.18000030517578,14.469767570495604,76800
2022-08-25,16.170000076293945,16.200000762939453,16.113000869750977,16.149999618530273,14.4429349899292,160000
2022-08-26,16.1299991607666,16.496999740600586,16.1299991607666,16.485000610351562,14.742527961730955,563100
2022-08-29,16.559999465942383,16.56999969482422,16.31999969482422,16.389999389648438,14.657567977905272,168300
2022-08-30,16.350000381469727,16.56999969482422,16.350000381469727,16.530000686645508,14.782773971557615,277000
2022-08-31,16.3799991607666,16.559999465942383,16.3799991607666,16.440000534057617,14.70228385925293,230300
2022-09-01,16.399999618530273,16.530000686645508,16.280000686645508,16.290000915527344,14.568140029907228,680400
2022-09-02,16.229999542236328,16.579999923706055,16.19499969482422,16.489999771118164,14.746996879577637,224700
2022-09-06,16.459999084472656,16.486000061035156,16.301000595092773,16.3799991607666,14.6486234664917,148000
2022-09-07,16.40999984741211,16.45800018310547,16.229999542236328,16.229999542236328,14.514481544494627,119400
2022-09-08,16.290000915527344,16.40999984741211,16.100000381469727,16.149999618530273,14.4429349899292,150800
2022-09-09,16.059999465942383,16.100000381469727,15.9399995803833,15.960000038146973,14.27302074432373,407500
2022-09-12,15.93000030517578,15.970000267028809,15.84000015258789,15.859999656677246,14.183589935302734,689900
2022-09-13,15.90999984741211,16.260000228881836,15.90999984741211,16.239999771118164,14.52342414855957,2217400
2022-09-14,16.229999542236328,16.280000686645508,16.1200008392334,16.18000030517578,14.469767570495604,250100
2022-09-15,16.1200008392334,16.274999618530273,16.086999893188477,16.270000457763672,14.550253868103027,337400
2022-09-16,16.3799991607666,16.472000122070312,16.290000915527344,16.290000915527344,14.568140029907228,505400
2022-09-19,16.239999771118164,16.34000015258789,16.1200008392334,16.197999954223633,14.485865592956545,764200
2022-09-20,16.170000076293945,16.332000732421875,16.1299991607666,16.15999984741211,14.451879501342772,217000
2022-09-21,16.100000381469727,16.479999542236328,16.06100082397461,16.479999542236328,14.738056182861328,304700
2022-09-22,16.229999542236328,16.3799991607666,16.200000762939453,16.260000228881836,14.606898307800291,350600
2022-09-23,16.31999969482422,16.719999313354492,16.31999969482422,16.540000915527344,14.858434677124023,924500
2022-09-26,16.479999542236328,16.535999298095703,16.340999603271484,16.520000457763672,14.84046745300293,436700
2022-09-27,16.270000457763672,16.579999923706055,16.25,16.469999313354492,14.79554843902588,625600
2022-09-28,16.549999237060547,16.66200065612793,16.3700008392334,16.420000076293945,14.75063419342041,158700
2022-09-29,16.450000762939453,16.84000015258789,16.450000762939453,16.729999542236328,15.029114723205566,2613700
2022-09-30,16.739999771118164,16.850000381469727,16.545000076293945,16.849000930786133,15.136015892028809,150300
2022-10-03,16.829999923706055,16.829999923706055,16.5,16.579999923706055,14.894366264343262,253400
2022-10-04,16.31999969482422,16.450000762939453,16.21500015258789,16.229999542236328,14.579950332641602,431900
2022-10-05,16.219999313354492,16.315000534057617,16.031999588012695,16.149999618530273,14.508081436157228,129200
2022-10-06,16.100000381469727,16.219999313354492,16.020000457763672,16.209999084472656,14.561982154846191,408700
2022-10-07,16.290000915527344,16.59000015258789,16.290000915527344,16.5,14.822497367858888,219900
2022-10-10,16.420000076293945,16.697999954223633,16.420000076293945,16.56999969482422,14.885383605957031,592500
2022-10-11,16.68000030517578,16.770000457763672,16.540000915527344,16.719999313354492,15.02013111114502,698500
2022-10-12,16.719999313354492,16.81999969482422,16.6299991607666,16.81999969482422,15.109965324401855,539600
2022-10-13,16.889999389648438,16.93000030517578,16.239999771118164,16.309999465942383,14.65181827545166,231300
2022-10-14,16.209999084472656,16.6200008392334,16.1299991607666,16.6200008392334,14.93030071258545,442500
2022-10-17,16.40999984741211,16.40999984741211,16.170000076293945,16.260000228881836,14.606898307800291,412200
2022-10-18,16.010000228881836,16.184999465942383,15.880000114440918,16.110000610351562,14.472150802612305,244400
2022-10-19,16.059999465942383,16.14900016784668,15.989999771118164,16.030000686645508,14.400283813476562,300300
2022-10-20,16.040000915527344,16.107999801635742,15.890000343322754,16.079999923706055,14.445199012756348,102500
2022-10-21,16.059999465942383,16.06999969482422,15.789999961853027,15.850000381469728,14.2385835647583,281900
2022-10-24,15.779999732971191,15.81999969482422,15.631999969482422,15.649999618530272,14.058917045593262,303400
2022-10-25,15.75,15.800000190734863,15.579999923706056,15.630000114440918,14.040949821472168,476500
2022-10-26,15.6899995803833,15.75,15.56999969482422,15.739999771118164,14.139766693115234,352600
2022-10-27,15.670000076293944,15.838000297546388,15.670000076293944,15.8100004196167,14.20265007019043,78000
2022-10-28,15.729999542236328,15.729999542236328,15.460000038146973,15.5,13.924165725708008,608300
2022-10-31,15.479999542236328,15.529999732971191,15.43000030517578,15.460000038146973,13.888232231140137,296300
2022-11-01,15.43000030517578,15.520999908447266,15.43000030517578,15.479999542236328,13.90619945526123,93000
2022-11-02,15.479999542236328,15.737000465393066,15.440999984741213,15.690999984741213,14.095749855041504,130200
2022-11-03,15.670000076293944,15.833999633789062,15.649999618530272,15.779999732971191,14.175699234008787,259800
2022-11-04,15.5,15.770000457763672,15.5,15.579999923706056,13.996031761169434,264000
2022-11-07,15.510000228881836,15.57900047302246,15.399999618530272,15.43000030517578,13.861284255981444,350600
2022-11-08,15.350000381469728,15.574999809265137,15.350000381469728,15.489999771118164,13.915183067321776,108000
2022-11-09,15.529999732971191,15.770000457763672,15.510000228881836,15.770000457763672,14.16671657562256,162000
2022-11-10,15.494999885559082,15.579999923706056,15.43000030517578,15.470000267028809,13.897215843200684,314600
2022-11-11,15.399999618530272,15.43000030517578,15.350000381469728,15.380000114440918,13.816367149353027,816000
2022-11-14,15.350000381469728,15.380000114440918,15.260000228881836,15.380000114440918,13.816367149353027,53400
2022-11-15,15.279999732971191,15.5,15.279999732971191,15.420000076293944,13.852300643920898,105900
2022-11-16,15.43000030517578,15.539999961853027,15.43000030517578,15.529999732971191,13.951116561889648,104000
2022-11-17,15.520000457763672,15.619999885559082,15.43000030517578,15.470000267028809,13.897215843200684,93000
2022-11-18,15.376999855041504,15.4399995803833,15.3100004196167,15.31999969482422,13.76246738433838,83200
2022-11-21,15.369999885559082,15.42199993133545,15.31999969482422,15.359999656677246,13.79840087890625,70300
2022-11-22,15.369999885559082,15.399999618530272,15.239999771118164,15.289999961853027,13.735518455505373,135100
2022-11-23,15.260000228881836,15.300000190734863,15.22599983215332,15.279999732971191,13.726532936096191,333400
2022-11-25,15.18000030517578,15.300000190734863,15.18000030517578,15.289999961853027,13.735518455505373,22900
2022-11-28,15.350000381469728,15.460000038146973,15.335000038146973,15.43000030517578,13.861284255981444,170800
2022-11-29,15.31999969482422,15.479999542236328,15.31999969482422,15.399999618530272,13.834333419799805,38200
2022-11-30,15.329999923706056,15.40999984741211,15.1899995803833,15.1899995803833,13.645682334899902,239700
2022-12-01,15.199999809265137,15.40999984741211,15.199999809265137,15.40999984741211,13.843316078186035,415800
2022-12-02,15.470000267028809,15.470000267028809,15.300000190734863,15.369999885559082,13.807384490966797,62900
2022-12-05,15.289999961853027,15.43000030517578,15.289999961853027,15.40999984741211,13.843316078186035,1206000
2022-12-06,15.329999923706056,15.640000343322754,15.329999923706056,15.59000015258789,14.005016326904297,1161400
2022-12-07,15.670000076293944,15.760000228881836,15.614999771118164,15.75,14.14875030517578,152300
2022-12-08,15.539999961853027,15.656000137329102,15.529999732971191,15.550000190734863,13.969082832336426,167700
2022-12-09,15.5,15.579999923706056,15.489999771118164,15.550000190734863,13.969082832336426,153500
2022-12-12,15.5,15.600000381469728,15.369999885559082,15.43000030517578,13.861284255981444,1997600
2022-12-13,15.279999732971191,15.5600004196167,15.279999732971191,15.40999984741211,13.843316078186035,224100
2022-12-14,15.359999656677246,15.520000457763672,15.350000381469728,15.479999542236328,13.90619945526123,206700
2022-12-15,15.520000457763672,15.81999969482422,15.520000457763672,15.710000038146973,14.11281681060791,1248000
2022-12-16,15.75,15.899999618530272,15.680999755859377,15.789999961853027,14.18468189239502,329200
2022-12-19,15.869999885559082,15.880000114440918,15.6899995803833,15.739999771118164,14.139766693115234,137700
2022-12-20,15.609999656677246,15.720000267028809,15.579999923706056,15.630000114440918,14.040949821472168,218800
2022-12-21,15.59000015258789,15.600000381469728,15.458000183105469,15.470000267028809,13.897215843200684,155100
2022-12-22,15.5,15.789999961853027,15.5,15.539999961853027,14.02537727355957,161900
2022-12-23,15.449999809265137,15.579999923706056,15.40999984741211,15.420000076293944,13.917073249816896,148800
2022-12-27,15.3100004196167,15.460000038146973,15.3100004196167,15.350000381469728,13.853896141052246,106700
2022-12-28,15.3100004196167,15.482000350952148,15.300000190734863,15.420000076293944,13.917073249816896,60400
2022-12-29,15.34000015258789,15.383000373840332,15.270000457763672,15.3100004196167,13.817794799804688,77000
2022-12-30,15.300000190734863,15.399999618530272,15.220000267028809,15.300000190734863,13.808767318725586,192000
2023-01-03,15.359999656677246,15.517999649047852,15.31999969482422,15.359999656677246,13.862920761108398,278300
2023-01-04,15.510000228881836,15.510000228881836,15.279999732971191,15.350000381469728,13.853896141052246,102600
2023-01-05,15.350000381469728,15.460000038146973,15.350000381469728,15.4399995803833,13.9351224899292,108500
2023-01-06,15.279999732971191,15.44499969482422,15.279999732971191,15.359999656677246,13.862920761108398,75800
2023-01-09,15.359999656677246,15.40999984741211,15.23799991607666,15.399999618530272,13.899022102355955,37900
2023-01-10,15.300000190734863,15.345000267028809,15.210000038146973,15.210000038146973,13.727540969848633,99300
2023-01-11,15.220000267028809,15.253000259399414,15.175000190734863,15.199999809265137,13.718513488769531,956800
2023-01-12,15.170000076293944,15.270000457763672,15.170000076293944,15.270000457763672,13.781691551208496,221000
2023-01-13,15.31999969482422,15.31999969482422,15.09000015258789,15.140000343322754,13.664363861083984,248100
2023-01-17,14.989999771118164,15.149999618530272,14.989999771118164,15.130000114440918,13.6553373336792,980900
2023-01-18,15.140000343322754,15.428000450134276,15.140000343322754,15.40999984741211,13.90804672241211,41800
2023-01-19,15.454999923706056,15.510000228881836,15.38599967956543,15.470000267028809,13.962199211120604,34500
2023-01-20,15.270000457763672,15.359999656677246,15.149999618530272,15.1899995803833,13.709487915039062,93100
2023-01-23,15.06999969482422,15.100000381469728,15.0,15.010000228881836,13.54703426361084,116400
2023-01-24,15.06999969482422,15.09000015258789,15.029999732971191,15.09000015258789,13.619235038757324,34400
2023-01-25,15.100000381469728,15.239999771118164,15.029999732971191,15.029999732971191,13.56508445739746,72100
2023-01-26,14.989999771118164,15.020000457763672,14.920000076293944,14.949999809265137,13.492881774902344,212100
2023-01-27,14.960000038146973,14.960000038146973,14.850000381469728,14.90999984741211,13.456779479980469,776300
2023-01-30,14.84000015258789,14.989999771118164,14.84000015258789,14.979999542236328,13.519956588745115,29100
2023-01-31,14.920000076293944,14.975000381469728,14.90999984741211,14.90999984741211,13.456779479980469,556500
2023-02-01,14.899999618530272,15.010000228881836,14.890000343322754,14.979999542236328,13.519956588745115,49600
2023-02-02,14.859999656677246,14.960000038146973,14.84000015258789,14.90999984741211,13.456779479980469,468300
2023-02-03,14.90999984741211,14.90999984741211,14.760000228881836,14.8100004196167,13.366527557373049,448000
2023-02-06,14.770000457763672,14.779999732971191,14.710000038146973,14.720000267028809,13.28529930114746,249200
2023-02-07,14.710000038146973,14.789999961853027,14.59000015258789,14.609999656677246,13.18601894378662,94000
2023-02-08,14.59000015258789,14.770000457763672,14.59000015258789,14.75,13.31237506866455,120500
2023-02-09,14.640000343322754,14.777999877929688,14.50100040435791,14.770000457763672,13.330426216125488,206500
2023-02-10,14.699999809265137,14.800000190734863,14.65999984741211,14.68000030517578,13.24919605255127,592000
2023-02-13,14.68000030517578,14.68000030517578,14.581000328063965,14.600000381469728,13.176995277404783,80500
2023-02-14,14.539999961853027,14.600000381469728,14.5,14.510000228881836,13.0957670211792,70700
2023-02-15,14.460000038146973,14.5600004196167,14.449000358581545,14.470000267028809,13.059664726257324,82700
2023-02-16,14.460000038146973,14.520000457763672,14.4350004196167,14.520000457763672,13.104792594909668,51700
2023-02-17,14.529999732971191,14.619999885559082,14.520000457763672,14.539999961853027,13.122842788696287,70300
2023-02-21,14.510000228881836,14.619999885559082,14.510000228881836,14.585000038146973,13.16345500946045,65700
2023-02-22,14.550000190734863,14.65999984741211,14.550000190734863,14.609999656677246,13.18601894378662,623400
2023-02-23,14.470000267028809,14.65999984741211,14.470000267028809,14.59000015258789,13.167969703674316,46600
2023-02-24,14.539999961853027,14.663000106811523,14.539999961853027,14.649999618530272,13.222121238708496,197400
2023-02-27,14.539999961853027,14.600000381469728,14.522000312805176,14.579999923706056,13.158945083618164,81600
2023-02-28,14.579999923706056,14.59000015258789,14.479999542236328,14.59000015258789,13.167969703674316,61100
2023-03-01,14.460000038146973,14.55500030517578,14.460000038146973,14.489999771118164,13.077714920043944,36100
2023-03-02,14.489999771118164,14.520000457763672,14.350000381469728,14.399999618530272,12.996488571166992,370500
2023-03-03,14.43000030517578,14.43000030517578,14.31999969482422,14.359999656677246,12.960384368896484,337800
2023-03-06,14.300000190734863,14.350000381469728,14.289999961853027,14.300000190734863,12.906234741210938,168200
2023-03-07,14.350000381469728,14.43000030517578,14.34000015258789,14.420000076293944,13.014538764953612,71900
2023-03-08,14.465999603271484,14.5,14.350000381469728,14.399999618530272,12.996488571166992,104800
2023-03-09,14.300000190734863,14.670000076293944,14.300000190734863,14.630000114440918,13.20407009124756,477700
2023-03-10,14.760000228881836,15.34000015258789,14.760000228881836,15.130000114440918,13.6553373336792,718100
2023-03-13,15.520000457763672,15.670000076293944,15.199999809265137,15.34000015258789,13.844870567321776,1365800
2023-03-14,15.199999809265137,15.220000267028809,14.93000030517578,15.03499984741211,13.56959629058838,95500
2023-03-15,15.40999984741211,15.668999671936035,15.359999656677246,15.40999984741211,13.90804672241211,480200
2023-03-16,15.56999969482422,15.59000015258789,15.050000190734863,15.09000015258789,13.619235038757324,565000
2023-03-17,15.119999885559082,15.470000267028809,15.119999885559082,15.449999809265137,13.94414520263672,60900
2023-03-20,15.449999809265137,15.449999809265137,15.199999809265137,15.260000228881836,13.772666931152344,266400
2023-03-21,15.020000457763672,15.083999633789062,14.845000267028809,14.920000076293944,13.46580410003662,645800
2023-03-22,14.880000114440918,15.279999732971191,14.859999656677246,15.279999732971191,13.790717124938965,45100
2023-03-23,14.994999885559082,15.289999961853027,14.90999984741211,15.25,13.872587203979492,51400
2023-03-24,15.369999885559082,15.40999984741211,15.119999885559082,15.119999885559082,13.754328727722168,55600
2023-03-27,15.0600004196167,15.0600004196167,14.859999656677246,14.880000114440918,13.53600788116455,43300
2023-03-28,14.9399995803833,14.970000267028809,14.850000381469728,14.906999588012695,13.56056785583496,37500
2023-03-29,14.670000076293944,14.800000190734863,14.670000076293944,14.770000457763672,13.435942649841309,67000
2023-03-30,14.729999542236328,14.789999961853027,14.666000366210938,14.729999542236328,13.399555206298828,49500
2023-03-31,14.75,14.75,14.670000076293944,14.699999809265137,13.372265815734863,148500
2023-04-03,14.800000190734863,14.800000190734863,14.654999732971191,14.770000457763672,13.435942649841309,833900
2023-04-04,14.729999542236328,14.920000076293944,14.68000030517578,14.899999618530272,13.554200172424316,55000
2023-04-05,14.95400047302246,15.039999961853027,14.9399995803833,14.979999542236328,13.626976013183594,93700
2023-04-06,15.0,15.029999732971191,14.90999984741211,14.920000076293944,13.572393417358398,52400
2023-04-10,14.869999885559082,14.880000114440918,14.755999565124512,14.760000228881836,13.42684555053711,54300
2023-04-11,14.81999969482422,14.81999969482422,14.699999809265137,14.739999771118164,13.408653259277344,28900
2023-04-12,14.850000381469728,14.850000381469728,14.68000030517578,14.829999923706056,13.490522384643556,199800
2023-04-13,14.710000038146973,14.79800033569336,14.631999969482422,14.670000076293944,13.344975471496582,29500
2023-04-14,14.600000381469728,14.638999938964844,14.550000190734863,14.600000381469728,13.281295776367188,39100
2023-04-17,14.539999961853027,14.550000190734863,14.460000038146973,14.5,13.19032859802246,297500
2023-04-18,14.520000457763672,14.520000457763672,14.4399995803833,14.489999771118164,13.181233406066896,27600
2023-04-19,14.4399995803833,14.489999771118164,14.399999618530272,14.479999542236328,13.172136306762695,22800
2023-04-20,14.510000228881836,14.630000114440918,14.510000228881836,14.609999656677246,13.290393829345703,612300
2023-04-21,14.609999656677246,14.630000114440918,14.520000457763672,14.529999732971191,13.21761989593506,134400
2023-04-24,14.510000228881836,14.649999618530272,14.510000228881836,14.59000015258789,13.27220058441162,38900
2023-04-25,14.649999618530272,14.93000030517578,14.649999618530272,14.93000030517578,13.581491470336914,699300
2023-04-26,14.93000030517578,14.93000030517578,14.75,14.800000190734863,13.46323299407959,50100
2023-04-27,14.6899995803833,14.770000457763672,14.550000190734863,14.59000015258789,13.27220058441162,43100
2023-04-28,14.75,14.75,14.56999969482422,14.630000114440918,13.308588027954102,82300
2023-05-01,14.65999984741211,14.65999984741211,14.4399995803833,14.449999809265137,13.144845008850098,57200
2023-05-02,14.470000267028809,14.800000190734863,14.470000267028809,14.699999809265137,13.372265815734863,74800
2023-05-03,14.699999809265137,14.869999885559082,14.68000030517578,14.869999885559082,13.526909828186035,44900
2023-05-04,14.90999984741211,15.020000457763672,14.850000381469728,14.93000030517578,13.581491470336914,35300
2023-05-05,14.734999656677246,14.800000190734863,14.600000381469728,14.663000106811523,13.33860683441162,34200
2023-05-08,14.539999961853027,14.65999984741211,14.539999961853027,14.609999656677246,13.290393829345703,42900
2023-05-09,14.699999809265137,14.699999809265137,14.550999641418455,14.619999885559082,13.299489974975586,26000
2023-05-10,14.649999618530272,14.739999771118164,14.59000015258789,14.670000076293944,13.344975471496582,30000
2023-05-11,14.710000038146973,14.829999923706056,14.699999809265137,14.720000267028809,13.390459060668944,43600
2023-05-12,14.68000030517578,14.729999542236328,14.609999656677246,14.609999656677246,13.290393829345703,53200
2023-05-15,14.65999984741211,14.65999984741211,14.520000457763672,14.600000381469728,13.281295776367188,69200
2023-05-16,14.630000114440918,14.630000114440918,14.470000267028809,14.520000457763672,13.20852279663086,155400
2023-05-17,14.5,14.579999923706056,14.369999885559082,14.4399995803833,13.135749816894531,44200
2023-05-18,14.359999656677246,14.380000114440918,14.25,14.289999961853027,12.999297142028809,133200
2023-05-19,14.15999984741211,14.3100004196167,14.149999618530272,14.270000457763672,12.981103897094728,565300
2023-05-22,14.18000030517578,14.270000457763672,14.170000076293944,14.25,12.962910652160645,636400
2023-05-23,14.149999618530272,14.335000038146973,14.149999618530272,14.300000190734863,13.008394241333008,51100
2023-05-24,14.279999732971191,14.4399995803833,14.279999732971191,14.359999656677246,13.062975883483888,47800
2023-05-25,14.31999969482422,14.31999969482422,14.149999618530272,14.1899995803833,12.908329010009766,33300
2023-05-26,14.109999656677246,14.135000228881836,14.0600004196167,14.109999656677246,12.835553169250488,70000
2023-05-30,14.039999961853027,14.229999542236328,14.039999961853027,14.220000267028809,12.935620307922363,29400
2023-05-31,14.1899995803833,14.329999923706056,14.18000030517578,14.3100004196167,13.01749038696289,69200
2023-06-01,14.220000267028809,14.329999923706056,14.1899995803833,14.239999771118164,12.953815460205078,80300
2023-06-02,14.15999984741211,14.18000030517578,14.020000457763672,14.06999969482422,12.79916763305664,173600
2023-06-05,13.979999542236328,14.109999656677246,13.979999542236328,14.050000190734863,12.780975341796877,182800
2023-06-06,13.970000267028809,14.039999961853027,13.949999809265137,14.020000457763672,12.753684043884276,214500
2023-06-07,14.020000457763672,14.020000457763672,13.859999656677246,13.920000076293944,12.662715911865234,34800
2023-06-08,13.8100004196167,14.0,13.8100004196167,13.949999809265137,12.690006256103516,211700
2023-06-09,13.84000015258789,13.970000267028809,13.84000015258789,13.899999618530272,12.644522666931152,142900
2023-06-12,13.859999656677246,13.920000076293944,13.850000381469728,13.920000076293944,12.662715911865234,22200
2023-06-13,13.960000038146973,13.960000038146973,13.75,13.760000228881836,12.517168998718262,244800
2023-06-14,13.779999732971191,13.850000381469728,13.779999732971191,13.824999809265137,12.57629680633545,41300
2023-06-15,13.8100004196167,13.899999618530272,13.8100004196167,13.880000114440918,12.62632942199707,81000
2023-06-16,13.760000228881836,13.880000114440918,13.760000228881836,13.829999923706056,12.580846786499023,61100
2023-06-20,13.829999923706056,13.979999542236328,13.829999923706056,13.93000030517578,12.671812057495115,39300
2023-06-21,13.90999984741211,13.9399995803833,13.84000015258789,13.9399995803833,12.680909156799316,251100
2023-06-22,13.739999771118164,13.8100004196167,13.68000030517578,13.6899995803833,12.562533378601074,29400
2023-06-23,13.770000457763672,13.829999923706056,13.729999542236328,13.81999969482422,12.681828498840332,358800
2023-06-26,13.75,13.847999572753906,13.75,13.81999969482422,12.681828498840332,22300
2023-06-27,13.829999923706056,13.829999923706056,13.640000343322754,13.640000343322754,12.51665210723877,24000
2023-06-28,13.65999984741211,13.779999732971191,13.65999984741211,13.729999542236328,12.599238395690918,21600
2023-06-29,13.619999885559082,13.630000114440918,13.5600004196167,13.600000381469728,12.47994613647461,48400
2023-06-30,13.562000274658203,13.609999656677246,13.529999732971191,13.579999923706056,12.461593627929688,76800
2023-07-03,13.630000114440918,13.630000114440918,13.520000457763672,13.550000190734863,12.434064865112305,42900
2023-07-05,13.470000267028809,13.539999961853027,13.4399995803833,13.479999542236328,12.369828224182127,36400
2023-07-06,13.510000228881836,13.510000228881836,13.395000457763672,13.399999618530272,12.296416282653809,69700
2023-07-07,13.470000267028809,13.470000267028809,13.350000381469728,13.4399995803833,12.333122253417969,50300
2023-07-10,13.4399995803833,13.470000267028809,13.397000312805176,13.449999809265137,12.34229850769043,18700
2023-07-11,13.399999618530272,13.479999542236328,13.390000343322754,13.449999809265137,12.34229850769043,38800
2023-07-12,13.4350004196167,13.550000190734863,13.131999969482422,13.510000228881836,12.39735984802246,603700
2023-07-13,13.539999961853027,13.619999885559082,13.53499984741211,13.59000015258789,12.470770835876465,35000
2023-07-14,13.520000457763672,13.600000381469728,13.520000457763672,13.56999969482422,12.45241641998291,28900
2023-07-17,13.529999732971191,13.56999969482422,13.510000228881836,13.56999969482422,12.45241641998291,20200
2023-07-18,13.520000457763672,13.600000381469728,13.484999656677246,13.520999908447266,12.407452583312988,22500
2023-07-19,13.600000381469728,13.630000114440918,13.420000076293944,13.619999885559082,12.498298645019531,70100
2023-07-20,13.539999961853027,13.5600004196167,13.140000343322754,13.54300022125244,12.427640914916992,25300
2023-07-21,13.524999618530272,13.56999969482422,13.5,13.532999992370604,12.418463706970217,11000
2023-07-24,13.470000267028809,13.541999816894531,13.470000267028809,13.479999542236328,12.369828224182127,63900
2023-07-25,13.420000076293944,13.479999542236328,13.369999885559082,13.420000076293944,12.314770698547363,232600
2023-07-26,13.449999809265137,13.5,13.420000076293944,13.5,12.388181686401367,117300
2023-07-27,13.40999984741211,13.40999984741211,13.3100004196167,13.369999885559082,12.268888473510742,50000
2023-07-28,13.345000267028809,13.390000343322754,13.31999969482422,13.359999656677246,12.259711265563965,18700
2023-07-31,13.289999961853027,13.43000030517578,13.289999961853027,13.399999618530272,12.296416282653809,34000
2023-08-01,13.270000457763672,13.390000343322754,13.270000457763672,13.289999961853027,12.195475578308104,27300
2023-08-02,13.300000190734863,13.390000343322754,13.300000190734863,13.390000343322754,12.287240982055664,174300
2023-08-03,13.3100004196167,13.329999923706056,13.239999771118164,13.27299976348877,12.179877281188965,148000
2023-08-04,13.220000267028809,13.460000038146973,13.220000267028809,13.43000030517578,12.323946952819824,116000
2023-08-07,13.420000076293944,13.437999725341797,13.329999923706056,13.329999923706056,12.232182502746582,333300
2023-08-08,13.399999618530272,13.550000190734863,13.399999618530272,13.44200038909912,12.334959983825684,47500
2023-08-09,13.390000343322754,13.489999771118164,13.390000343322754,13.489999771118164,12.379005432128906,56200
2023-08-10,13.359999656677246,13.470000267028809,13.359999656677246,13.399999618530272,12.296416282653809,44300
2023-08-11,13.25,13.369999885559082,13.25,13.289999961853027,12.195475578308104,33900
2023-08-14,13.220000267028809,13.279999732971191,13.220000267028809,13.260000228881836,12.16794776916504,48200
2023-08-15,13.1899995803833,13.34000015258789,13.1899995803833,13.279999732971191,12.186299324035645,59000
2023-08-16,13.300000190734863,13.300000190734863,13.229999542236328,13.289999961853027,12.195475578308104,37000
2023-08-17,13.244999885559082,13.329999923706056,13.210000038146973,13.31999969482422,12.22300624847412,242300
2023-08-18,13.470000267028809,13.470000267028809,13.31999969482422,13.31999969482422,12.22300624847412,46000
2023-08-21,13.25,13.279999732971191,13.187999725341797,13.20300006866455,12.115641593933104,37700
2023-08-22,13.170000076293944,13.239999771118164,13.170000076293944,13.210000038146973,12.122064590454102,23200
2023-08-23,13.25,13.31999969482422,13.239999771118164,13.31999969482422,12.22300624847412,20800
2023-08-24,13.260000228881836,13.329999923706056,13.25,13.329999923706056,12.232182502746582,88400
2023-08-25,13.239999771118164,13.3100004196167,13.210000038146973,13.220000267028809,12.13124179840088,26500
2023-08-28,13.25,13.25,13.18000030517578,13.210000038146973,12.122064590454102,35800
2023-08-29,13.199999809265137,13.260000228881836,13.199999809265137,13.234000205993652,12.144088745117188,122200
2023-08-30,13.210000038146973,13.279999732971191,13.1899995803833,13.1899995803833,12.103711128234863,44300
2023-08-31,13.149999618530272,13.239999771118164,13.149999618530272,13.220000267028809,12.13124179840088,57400
2023-09-01,13.164999961853027,13.18000030517578,13.119999885559082,13.140000343322754,12.057830810546877,47700
2023-09-05,13.06999969482422,13.149999618530272,13.010000228881836,13.072999954223633,11.996347427368164,69700
2023-09-06,13.0600004196167,13.140000343322754,13.0600004196167,13.0600004196167,11.984420776367188,29400
2023-09-07,13.100000381469728,13.149999618530272,13.100000381469728,13.119999885559082,12.03947639465332,48600
2023-09-08,13.125,13.170000076293944,13.039999961853027,13.109999656677246,12.030302047729492,189000
2023-09-11,13.029999732971191,13.119999885559082,13.029999732971191,13.079999923706056,12.002772331237791,128200
2023-09-12,13.050000190734863,13.130000114440918,13.029999732971191,13.100000381469728,12.021125793457031,362300
2023-09-13,13.050000190734863,13.119999885559082,13.039999961853027,13.079999923706056,12.002772331237791,39900
2023-09-14,13.0,13.079999923706056,12.75,13.039999961853027,11.966066360473633,113300
2023-09-15,13.0,13.09000015258789,13.0,13.06999969482422,11.993595123291016,29400
2023-09-18,13.06999969482422,13.09000015258789,13.020000457763672,13.06999969482422,11.993595123291016,60000
2023-09-19,13.020000457763672,13.119999885559082,12.989999771118164,13.0,11.929360389709473,52900
2023-09-20,13.010000228881836,13.095000267028809,13.010000228881836,13.039999961853027,11.966066360473633,100700
2023-09-21,12.920000076293944,12.98900032043457,12.90999984741211,12.9399995803833,11.98180866241455,53400
2023-09-22,12.890000343322754,13.039999961853027,12.890000343322754,13.010000228881836,12.046625137329102,42300
2023-09-25,12.979999542236328,13.010000228881836,12.920000076293944,12.939000129699709,11.980881690979004,20100
2023-09-26,12.9399995803833,13.100000381469728,12.9399995803833,13.079999923706056,12.111441612243652,56100
2023-09-27,13.09000015258789,13.09000015258789,12.9399995803833,12.960000038146973,12.000326156616213,45800
2023-09-28,12.920000076293944,12.989999771118164,12.890000343322754,12.93000030517578,11.972548484802246,293600
2023-09-29,12.920000076293944,13.0,12.890000343322754,12.9399995803833,11.98180866241455,132600
2023-10-02,13.0,13.0,12.869999885559082,12.869999885559082,11.91698932647705,34900
2023-10-03,12.850000381469728,12.979999542236328,12.850000381469728,12.90999984741211,11.954029083251951,57600
2023-10-04,12.880000114440918,12.970000267028809,12.880000114440918,12.890000343322754,11.935511589050291,52800
2023-10-05,12.899999618530272,12.994999885559082,12.899999618530272,12.920000076293944,11.963287353515623,45700
2023-10-06,12.93000030517578,12.93000030517578,12.760000228881836,12.8100004196167,11.861433029174805,30200
2023-10-09,12.800000190734863,12.947999954223633,12.800000190734863,12.93000030517578,11.972548484802246,27000
2023-10-10,12.81999969482422,12.84000015258789,12.760000228881836,12.779999732971191,11.833654403686523,34200
2023-10-11,12.770000457763672,12.899999618530272,12.770000457763672,12.880000114440918,11.926250457763672,45400
2023-10-12,12.800000190734863,12.800000190734863,12.720000267028809,12.739999771118164,11.796616554260254,44100
2023-10-13,12.789999961853027,12.970000267028809,12.789999961853027,12.9399995803833,11.98180866241455,96000
2023-10-16,12.850000381469728,12.850000381469728,12.729999542236328,12.739999771118164,11.796616554260254,31700
2023-10-17,12.699999809265137,12.71500015258789,12.640000343322754,12.6899995803833,11.750320434570312,32300
2023-10-18,12.670000076293944,12.770000457763672,12.670000076293944,12.734999656677246,11.791986465454102,84300
2023-10-19,12.619999885559082,12.8100004196167,12.619999885559082,12.739999771118164,11.796616554260254,31200
2023-10-20,12.835000038146973,12.9399995803833,12.835000038146973,12.9399995803833,11.98180866241455,57500
2023-10-23,12.869999885559082,12.979999542236328,12.869999885559082,12.960000038146973,12.000326156616213,45400
2023-10-24,12.949999809265137,12.970000267028809,12.8100004196167,12.859999656677246,11.907730102539062,38400
2023-10-25,12.84000015258789,12.949999809265137,12.84000015258789,12.949999809265137,11.991066932678224,56500
2023-10-26,12.890000343322754,13.140000343322754,12.890000343322754,13.140000343322754,12.166996955871582,2839200
2023-10-27,13.039999961853027,13.210000038146973,13.029999732971191,13.1899995803833,12.21329402923584,85400
2023-10-30,13.119999885559082,13.119999885559082,12.961999893188477,12.970000267028809,12.009584426879885,40900
2023-10-31,12.90999984741211,13.0600004196167,12.859999656677246,12.864999771118164,11.912361145019531,16800
2023-11-01,12.800000190734863,12.920000076293944,12.800000190734863,12.859999656677246,11.907730102539062,72300
2023-11-02,12.859999656677246,12.859999656677246,12.760000228881836,12.777000427246094,11.830877304077148,45200
2023-11-03,12.789999961853027,12.84000015258789,12.770000457763672,12.779999732971191,11.833654403686523,31300
2023-11-06,12.739999771118164,12.75,12.68000030517578,12.699000358581545,11.758652687072754,19500
2023-11-07,12.68000030517578,12.760000228881836,12.68000030517578,12.760000228881836,11.815135955810549,32600
2023-11-08,12.65999984741211,12.800000190734863,12.65999984741211,12.789999961853027,11.842915534973145,79600
2023-11-09,12.75,12.75,12.65999984741211,12.723999977111816,11.7818021774292,32200
2023-11-10,12.6899995803833,12.729999542236328,12.600000381469728,12.640000343322754,11.704022407531738,21900
2023-11-13,12.595000267028809,12.598999977111816,12.5600004196167,12.59000015258789,11.657724380493164,11700
2023-11-14,12.675000190734863,12.699999809265137,12.630000114440918,12.699999809265137,11.7595796585083,25100
2023-11-15,12.579999923706056,12.609999656677246,12.550999641418455,12.588000297546388,11.655872344970703,26800
2023-11-16,12.630000114440918,12.6899995803833,12.630000114440918,12.640000343322754,11.704022407531738,185900
2023-11-17,12.649999618530272,12.670000076293944,12.630000114440918,12.630000114440918,11.69476318359375,35000
2023-11-20,12.670000076293944,12.670000076293944,12.600000381469728,12.670000076293944,11.73179817199707,39500
2023-11-21,12.668999671936035,12.699999809265137,12.619999885559082,12.649999618530272,11.713281631469728,23000
2023-11-22,12.579999923706056,12.652000427246094,12.579999923706056,12.604999542236328,11.671613693237305,183500
2023-11-24,12.520000457763672,12.585000038146973,12.520000457763672,12.576000213623049,11.64476203918457,13300
2023-11-27,12.550000190734863,12.649999618530272,12.550000190734863,12.649999618530272,11.713281631469728,37100
2023-11-28,12.59000015258789,12.720000267028809,12.59000015258789,12.720000267028809,11.77809715270996,22100
2023-11-29,12.68000030517578,12.800000190734863,12.68000030517578,12.781000137329102,11.834580421447754,29700
2023-11-30,12.729999542236328,12.770000457763672,12.670000076293944,12.670000076293944,11.73179817199707,21000
2023-12-01,12.670000076293944,12.789999961853027,12.670000076293944,12.779999732971191,11.833654403686523,48700
2023-12-04,12.8100004196167,12.8100004196167,12.720000267028809,12.739999771118164,11.796616554260254,67000
2023-12-05,12.770000457763672,12.880000114440918,12.770000457763672,12.869999885559082,11.91698932647705,22100
2023-12-06,12.81999969482422,12.920000076293944,12.81999969482422,12.920000076293944,11.963287353515623,101800
2023-12-07,12.890000343322754,12.890000343322754,12.640000343322754,12.864999771118164,11.912361145019531,30800
2023-12-08,12.760000228881836,12.8100004196167,12.710000038146973,12.739999771118164,11.796616554260254,30800
2023-12-11,12.670000076293944,12.729999542236328,12.670000076293944,12.729999542236328,11.787357330322266,17300
2023-12-12,12.649999618530272,12.729999542236328,12.649999618530272,12.729999542236328,11.787357330322266,47100
2023-12-13,12.739999771118164,12.890000343322754,12.68000030517578,12.8100004196167,11.861433029174805,34700
2023-12-14,12.720000267028809,12.859999656677246,12.720000267028809,12.789999961853027,11.954904556274414,65700
2023-12-15,12.789999961853027,12.850000381469728,12.779999732971191,12.84000015258789,12.001641273498535,34400
2023-12-18,12.729999542236328,12.789999961853027,12.729999542236328,12.779999732971191,11.945556640625,27500
2023-12-19,12.699999809265137,12.800000190734863,12.699999809265137,12.770000457763672,11.936211585998535,34200
2023-12-20,12.760000228881836,12.979999542236328,12.760000228881836,12.93000030517578,12.085763931274414,960600
2023-12-21,13.010000228881836,13.010000228881836,12.859999656677246,12.90999984741211,12.067069053649902,39700
2023-12-22,12.81999969482422,12.899999618530272,12.81999969482422,12.890000343322754,12.048376083374023,44700
2023-12-26,13.0,13.0,12.800000190734863,12.84000015258789,12.001641273498535,25500
2023-12-27,12.81999969482422,12.960000038146973,12.81999969482422,12.920000076293944,12.076416015625,88200
2023-12-28,12.84000015258789,12.920000076293944,12.81999969482422,12.829999923706056,11.99229335784912,114300
2023-12-29,12.760000228881836,12.899999618530272,12.760000228881836,12.8100004196167,11.973599433898926,129000
2024-01-02,12.84000015258789,12.890000343322754,12.779999732971191,12.84000015258789,12.001641273498535,41300
2024-01-03,12.75,12.90999984741211,12.75,12.885000228881836,12.043702125549316,84400
2024-01-04,12.850000381469728,12.869999885559082,12.779999732971191,12.81999969482422,11.98294448852539,33900
2024-01-05,12.75,12.817999839782717,12.699999809265137,12.720000267028809,11.889473915100098,56000
2024-01-08,12.720000267028809,12.8100004196167,12.68000030517578,12.6899995803833,11.861433029174805,76700
2024-01-09,12.699999809265137,12.744999885559082,12.65999984741211,12.68000030517578,11.852087020874023,58700
2024-01-10,12.75,12.770000457763672,12.630000114440918,12.630000114440918,11.80535125732422,49700
2024-01-11,12.630000114440918,12.708000183105469,12.630000114440918,12.6899995803833,11.861433029174805,74900
2024-01-12,12.68000030517578,12.760000228881836,12.68000030517578,12.710000038146973,11.880127906799316,39000
2024-01-16,12.640000343322754,12.75,12.630000114440918,12.68000030517578,11.852087020874023,27300
2024-01-17,12.710000038146973,12.727999687194824,12.640000343322754,12.640000343322754,11.814699172973633,49100
2024-01-18,12.649999618530272,12.649999618530272,12.550000190734863,12.5600004196167,11.739924430847168,26200
2024-01-19,12.56999969482422,12.56999969482422,12.5,12.5,11.683839797973633,35800
2024-01-22,12.510000228881836,12.59000015258789,12.494999885559082,12.510000228881836,11.69318675994873,65600
2024-01-23,12.510000228881836,12.510000228881836,12.460000038146973,12.460000038146973,11.646451950073242,18400
2024-01-24,12.470000267028809,12.479999542236328,12.40999984741211,12.420000076293944,11.609064102172852,14500
2024-01-25,12.4399995803833,12.5,12.4399995803833,12.460000038146973,11.646451950073242,12100
2024-01-26,12.460000038146973,12.510000228881836,12.43000030517578,12.510000228881836,11.69318675994873,21700
2024-01-29,12.470000267028809,12.550000190734863,12.470000267028809,12.550000190734863,11.73057460784912,7800
2024-01-30,12.479999542236328,12.58199977874756,12.479999542236328,12.5,11.683839797973633,21800
2024-01-31,12.579999923706056,12.6899995803833,12.579999923706056,12.6899995803833,11.861433029174805,13600
2024-02-01,12.760000228881836,12.789999961853027,12.699999809265137,12.699999809265137,11.87078094482422,19400
2024-02-02,12.649999618530272,12.649999618530272,12.5,12.510000228881836,11.69318675994873,52100
2024-02-05,12.390000343322754,12.510000228881836,12.380000114440918,12.390000343322754,11.581022262573242,31700
2024-02-06,12.43000030517578,12.479999542236328,12.43000030517578,12.4399995803833,11.62775707244873,88900
2024-02-07,12.43000030517578,12.479999542236328,12.399999618530272,12.43000030517578,11.618410110473633,148200
2024-02-08,12.40999984741211,12.420000076293944,12.350000381469728,12.350000381469728,11.543634414672852,26500
2024-02-09,12.34000015258789,12.399999618530272,12.300000190734863,12.329999923706056,11.524938583374023,326100
2024-02-12,12.350000381469728,12.380000114440918,12.329999923706056,12.350000381469728,11.543634414672852,19800
2024-02-13,12.300000190734863,12.369999885559082,12.279999732971191,12.305999755859377,11.502504348754885,20300
2024-02-14,12.329999923706056,12.359999656677246,12.25,12.289999961853027,11.487552642822266,36900
2024-02-15,12.3100004196167,12.359999656677246,12.260000228881836,12.279999732971191,11.478203773498535,55900
2024-02-16,12.270000457763672,12.300000190734863,12.220000267028809,12.239999771118164,11.440814971923828,48800
2024-02-20,12.260000228881836,12.369999885559082,12.260000228881836,12.31999969482422,11.515592575073242,14000
2024-02-21,12.331000328063965,12.369999885559082,12.239999771118164,12.25,11.45016384124756,19400
2024-02-22,12.229999542236328,12.239999771118164,12.140000343322754,12.149999618530272,11.35669231414795,28200
2024-02-23,12.220000267028809,12.239999771118164,12.18000030517578,12.1899995803833,11.394081115722656,12300
2024-02-26,12.199999809265137,12.24899959564209,12.170000076293944,12.210000038146973,11.412774085998535,14400
2024-02-27,12.270000457763672,12.270000457763672,12.149999618530272,12.149999618530272,11.35669231414795,21100
2024-02-28,12.220000267028809,12.225000381469728,12.1850004196167,12.220999717712402,11.423056602478027,8900
2024-02-29,12.239999771118164,12.260000228881836,12.1899995803833,12.260000228881836,11.45950984954834,8900
2024-03-01,12.18000030517578,12.270000457763672,12.18000030517578,12.260000228881836,11.45950984954834,59300
2024-03-04,12.1899995803833,12.260000228881836,12.1899995803833,12.239999771118164,11.440814971923828,18200
2024-03-05,12.300000190734863,12.399999618530272,12.300000190734863,12.390000343322754,11.581022262573242,62900
2024-03-06,12.34000015258789,12.380000114440918,12.34000015258789,12.350000381469728,11.543634414672852,11100
2024-03-07,12.350000381469728,12.409000396728516,12.3100004196167,12.329999923706056,11.524938583374023,14900
2024-03-08,12.329999923706056,12.399999618530272,12.31999969482422,12.369999885559082,11.562328338623049,35500
2024-03-11,12.479999542236328,12.479999542236328,12.359999656677246,12.359999656677246,11.552979469299316,76200
2024-03-12,12.350000381469728,12.350000381469728,12.270000457763672,12.270000457763672,11.468857765197754,24400
2024-03-13,12.25,12.289999961853027,12.25,12.270000457763672,11.468857765197754,13500
2024-03-14,12.25,12.25,12.170000076293944,12.18000030517578,11.384733200073242,30000
2024-03-15,12.18000030517578,12.239999771118164,12.170000076293944,12.197999954223633,11.401558876037598,25800
2024-03-18,12.1899995803833,12.1899995803833,12.130000114440918,12.140000343322754,11.347344398498535,22800
2024-03-19,12.18000030517578,12.199999809265137,12.149999618530272,12.152999877929688,11.359496116638184,12100
2024-03-20,12.15999984741211,12.170000076293944,12.149999618530272,12.149999618530272,11.35669231414795,7600
2024-03-21,12.079999923706056,12.079999923706056,12.010000228881836,12.029999732971191,11.33878231048584,26600
2024-03-22,12.079999923706056,12.109999656677246,12.06999969482422,12.079999923706056,11.38591194152832,7800
2024-03-25,12.06999969482422,12.109999656677246,12.050000190734863,12.0600004196167,11.367060661315918,68300
2024-03-26,12.039999961853027,12.100000381469728,12.039999961853027,12.079999923706056,11.38591194152832,12200
2024-03-27,12.09000015258789,12.130000114440918,12.06999969482422,12.06999969482422,11.376483917236328,38000
2024-03-28,12.079999923706056,12.119999885559082,12.0600004196167,12.119999885559082,11.423613548278809,42300
2024-04-01,12.06999969482422,12.074999809265137,12.0,12.039999961853027,11.348210334777832,29800
2024-04-02,12.0,12.0600004196167,12.0,12.0,11.310508728027344,16000
2024-04-03,11.979999542236328,12.010000228881836,11.949999809265137,12.0,11.310508728027344,23900
2024-04-04,11.989999771118164,12.149999618530272,11.975000381469728,12.149999618530272,11.451889038085938,9100
2024-04-05,12.079999923706056,12.079999923706056,12.0,12.0,11.310508728027344,17600
2024-04-08,11.994999885559082,11.994999885559082,11.949999809265137,11.960000038146973,11.27280616760254,16200
2024-04-09,11.970000267028809,12.050000190734863,11.970000267028809,11.989999771118164,11.301081657409668,12400
2024-04-10,11.920000076293944,11.949999809265137,11.859999656677246,11.880000114440918,11.197402954101562,98800
2024-04-11,11.899999618530272,11.904999732971191,11.829999923706056,11.829999923706056,11.150275230407717,25400
2024-04-12,11.920000076293944,12.045000076293944,11.920000076293944,12.020000457763672,11.32935905456543,14000
2024-04-15,11.93000030517578,12.020000457763672,11.829999923706056,12.020000457763672,11.32935905456543,198400
2024-04-16,11.970000267028809,11.970000267028809,11.899999618530272,11.90999984741211,11.225678443908691,232800
2024-04-17,11.93000030517578,12.03499984741211,11.93000030517578,11.989999771118164,11.301081657409668,25200
2024-04-18,11.928000450134276,11.979999542236328,11.920000076293944,11.979999542236328,11.291655540466309,72100
2024-04-19,12.039999961853027,12.050000190734863,11.984999656677246,12.039999961853027,11.348210334777832,14800
2024-04-22,11.960000038146973,11.979999542236328,11.880000114440918,11.890000343322754,11.206828117370604,15800
2024-04-23,11.850000381469728,11.871000289916992,11.81999969482422,11.829999923706056,11.150275230407717,11500
2024-04-24,11.779999732971191,11.84000015258789,11.770000457763672,11.789999961853027,11.112573623657228,18700
2024-04-25,11.845000267028809,11.859999656677246,11.760000228881836,11.760000228881836,11.084296226501465,65100
2024-04-26,11.800000190734863,11.800000190734863,11.729999542236328,11.739999771118164,11.065444946289062,30000
2024-04-29,11.739999771118164,11.800000190734863,11.739999771118164,11.75,11.074872970581056,24600
2024-04-30,11.729999542236328,11.779999732971191,11.729999542236328,11.779999732971191,11.10314655303955,14000
2024-05-01,11.850000381469728,11.880000114440918,11.8100004196167,11.880000114440918,11.197402954101562,38200
2024-05-02,11.760000228881836,11.869999885559082,11.760000228881836,11.81999969482422,11.140850067138672,20600
2024-05-03,11.829999923706056,11.84000015258789,11.8100004196167,11.81999969482422,11.140850067138672,11100
2024-05-06,11.789999961853027,11.812999725341797,11.779999732971191,11.779999732971191,11.10314655303955,15500
2024-05-07,11.800000190734863,11.83899974822998,11.779999732971191,11.800000190734863,11.12199878692627,6800
2024-05-08,11.829999923706056,11.84000015258789,11.767999649047852,11.78499984741211,11.107860565185549,7200
2024-05-09,11.75,11.800000190734863,11.75,11.760000228881836,11.084296226501465,14200
2024-05-10,11.729999542236328,11.769000053405762,11.725000381469728,11.725000381469728,11.051310539245604,38400
2024-05-13,11.739999771118164,11.788999557495115,11.729999542236328,11.729999542236328,11.056020736694336,13200
2024-05-14,11.8100004196167,11.8100004196167,11.75,11.753999710083008,11.078642845153809,16900
2024-05-15,11.800000190734863,11.8100004196167,11.779999732971191,11.779999732971191,11.10314655303955,42200
2024-05-16,11.779999732971191,11.8100004196167,11.760000228881836,11.779999732971191,11.10314655303955,8000
2024-05-17,11.8100004196167,11.81999969482422,11.729999542236328,11.75,11.074872970581056,78800
2024-05-20,11.739999771118164,11.739999771118164,11.710000038146973,11.720000267028809,11.046594619750977,9300
2024-05-21,11.760000228881836,11.800000190734863,11.729999542236328,11.729999542236328,11.056020736694336,12100
2024-05-22,11.711000442504885,11.755000114440918,11.710000038146973,11.755000114440918,11.079585075378418,36300
2024-05-23,11.779999732971191,11.779999732971191,11.699999809265137,11.729999542236328,11.056020736694336,12300
2024-05-24,11.699999809265137,11.739999771118164,11.699999809265137,11.699999809265137,11.02774429321289,5200
2024-05-28,11.75,11.75,11.635000228881836,11.68000030517578,11.00889492034912,49200
2024-05-29,11.670000076293944,11.720000267028809,11.630000114440918,11.68000030517578,11.00889492034912,17500
2024-05-30,11.6899995803833,11.760000228881836,11.68000030517578,11.760000228881836,11.084296226501465,9000
2024-05-31,11.779999732971191,11.781000137329102,11.699999809265137,11.699999809265137,11.02774429321289,16100
2024-06-03,11.729999542236328,11.829999923706056,11.729999542236328,11.760000228881836,11.084296226501465,15800
2024-06-04,11.84000015258789,11.859999656677246,11.78499984741211,11.81999969482422,11.140850067138672,39300
2024-06-05,11.831000328063965,11.831000328063965,11.81999969482422,11.81999969482422,11.140850067138672,4100
2024-06-06,11.8100004196167,11.84000015258789,11.8100004196167,11.8100004196167,11.131424903869627,3300
2024-06-07,11.729999542236328,11.743000030517578,11.6899995803833,11.710000038146973,11.037169456481934,5000
2024-06-10,11.65999984741211,11.75,11.649999618530272,11.649999618530272,10.980618476867676,12200
2024-06-11,11.725000381469728,11.734999656677246,11.6899995803833,11.725000381469728,11.051310539245604,6500
2024-06-12,11.760000228881836,11.81999969482422,11.760000228881836,11.770000457763672,11.093724250793455,13800
2024-06-13,11.81999969482422,11.850000381469728,11.789999961853027,11.81999969482422,11.140850067138672,4600
2024-06-14,11.885000228881836,11.90999984741211,11.859999656677246,11.875,11.192689895629885,14100
2024-06-17,11.789999961853027,11.869999885559082,11.779999732971191,11.795000076293944,11.117286682128906,10700
2024-06-18,11.800000190734863,11.850000381469728,11.800000190734863,11.829999923706056,11.150275230407717,7800
2024-06-20,11.770000457763672,11.890000343322754,11.75100040435791,11.850000381469728,11.169127464294434,100900
2024-06-21,11.699999809265137,11.720000267028809,11.65999984741211,11.6850004196167,11.186357498168944,42800
2024-06-24,11.619999885559082,11.729999542236328,11.619999885559082,11.729999542236328,11.229437828063965,44600
2024-06-25,11.649999618530272,11.710000038146973,11.649999618530272,11.6899995803833,11.191144943237305,28900
2024-06-26,11.649999618530272,11.649999618530272,11.604999542236328,11.604999542236328,11.109771728515623,32700
2024-06-27,11.63599967956543,11.640000343322754,11.579999923706056,11.640000343322754,11.143278121948242,113200
2024-06-28,11.649999618530272,11.670000076293944,11.5600004196167,11.59000015258789,11.095413208007812,106700
2024-07-01,11.529999732971191,11.541000366210938,11.449999809265137,11.449999809265137,10.961385726928713,68700
2024-07-02,11.470000267028809,11.550000190734863,11.460000038146973,11.470000267028809,10.980533599853516,21500
2024-07-03,11.489999771118164,11.545000076293944,11.489999771118164,11.534000396728516,11.041802406311035,26000
2024-07-05,11.550000190734863,11.600000381469728,11.550000190734863,11.579999923706056,11.085838317871094,15900
2024-07-08,11.550000190734863,11.600000381469728,11.550000190734863,11.5600004196167,11.066693305969238,17100
2024-07-09,11.56999969482422,11.600000381469728,11.520000457763672,11.539999961853027,11.047545433044434,41300
2024-07-10,11.550000190734863,11.619999885559082,11.54800033569336,11.59000015258789,11.095413208007812,19500
2024-07-11,11.609999656677246,11.68000030517578,11.609999656677246,11.649999618530272,11.152851104736328,16600
2024-07-12,11.609999656677246,11.670000076293944,11.600000381469728,11.640000343322754,11.143278121948242,7300
2024-07-15,11.579999923706056,11.649999618530272,11.579999923706056,11.614999771118164,11.119344711303713,14200
2024-07-16,11.609999656677246,11.670000076293944,11.59000015258789,11.670000076293944,11.171998977661133,21500
2024-07-17,11.670000076293944,11.75,11.670000076293944,11.746999740600586,11.24571132659912,30600
2024-07-18,11.670000076293944,11.779999732971191,11.670000076293944,11.748000144958496,11.24666976928711,11900
2024-07-19,11.765000343322754,11.800000190734863,11.75,11.770000457763672,11.267730712890623,5200
2024-07-22,11.739999771118164,11.75,11.656000137329102,11.65999984741211,11.16242504119873,66500
2024-07-23,11.710000038146973,11.710000038146973,11.65999984741211,11.68000030517578,11.181572914123535,13300
2024-07-24,11.720000267028809,11.81999969482422,11.720000267028809,11.80500030517578,11.301237106323242,10500
2024-07-25,11.8100004196167,11.880000114440918,11.75,11.850000381469728,11.344317436218262,23600
2024-07-26,11.869999885559082,11.890000343322754,11.760000228881836,11.84000015258789,11.33474349975586,17200
2024-07-29,11.800000190734863,11.850000381469728,11.760000228881836,11.789999961853027,11.286877632141112,32900
2024-07-30,11.80799961090088,11.9399995803833,11.803000450134276,11.885000228881836,11.37782382965088,30000
2024-07-31,11.859999656677246,11.859999656677246,11.760000228881836,11.829999923706056,11.325169563293455,13400
2024-08-01,11.890000343322754,12.109999656677246,11.890000343322754,12.04800033569336,11.533865928649902,62900
2024-08-02,12.239999771118164,12.630000114440918,12.239999771118164,12.5,11.96657943725586,465100
2024-08-05,13.510000228881836,13.989999771118164,12.670000076293944,13.0600004196167,12.50268268585205,425000
2024-08-06,12.989999771118164,12.989999771118164,12.380000114440918,12.609999656677246,12.071885108947754,72500
2024-08-07,12.390000343322754,12.649999618530272,12.329999923706056,12.579999923706056,12.043166160583496,216700
2024-08-08,12.5,12.5,12.300000190734863,12.359999656677246,11.832552909851074,195900
2024-08-09,12.460000038146973,12.460000038146973,12.260000228881836,12.270000457763672,11.746394157409668,194200
2024-08-12,12.170000076293944,12.300000190734863,12.15999984741211,12.29800033569336,11.773200035095217,82000
2024-08-13,12.220000267028809,12.260000228881836,12.15999984741211,12.173999786376951,11.65449047088623,35700
2024-08-14,12.130000114440918,12.18000030517578,12.104000091552734,12.104000091552734,11.587478637695312,12200
2024-08-15,11.90999984741211,11.994000434875488,11.899999618530272,11.9399995803833,11.430476188659668,104300
2024-08-16,11.979999542236328,12.019000053405762,11.9399995803833,12.010000228881836,11.497488975524902,47200
2024-08-19,12.0,12.020000457763672,11.960000038146973,11.970000267028809,11.459196090698242,18300
2024-08-20,11.960000038146973,12.0600004196167,11.949999809265137,12.045000076293944,11.530996322631836,28500
2024-08-21,12.039999961853027,12.119999885559082,12.039999961853027,12.086999893188477,11.57120418548584,21900
2024-08-22,12.149999618530272,12.149999618530272,12.0,12.100000381469728,11.58364963531494,27600
2024-08-23,12.06999969482422,12.109999656677246,12.050000190734863,12.0600004196167,11.545355796813965,12700
2024-08-26,12.029999732971191,12.09000015258789,12.010000228881836,12.0600004196167,11.545355796813965,36700
2024-08-27,12.06999969482422,12.06999969482422,12.010000228881836,12.039999961853027,11.526208877563477,15600
2024-08-28,12.039999961853027,12.100000381469728,12.010000228881836,12.079999923706056,11.564502716064451,40600
2024-08-29,12.0600004196167,12.0600004196167,11.9399995803833,11.989999771118164,11.478342056274414,33600
2024-08-30,12.010000228881836,12.010000228881836,11.899999618530272,11.899999618530272,11.392182350158691,18300
2024-09-03,11.949999809265137,12.25,11.949999809265137,12.18000030517578,11.660235404968262,56400
2024-09-04,12.289999961853027,12.3100004196167,12.17199993133545,12.260000228881836,11.736820220947266,31900
2024-09-05,12.369999885559082,12.369999885559082,12.270000457763672,12.3100004196167,11.784687042236328,307600
2024-09-06,12.229999542236328,12.539999961853027,12.229999542236328,12.489999771118164,11.957006454467772,237900
2024-09-09,12.4399995803833,12.4399995803833,12.3100004196167,12.329999923706056,11.8038330078125,50400
2024-09-10,12.3100004196167,12.460000038146973,12.3100004196167,12.385000228881836,11.856487274169922,165200
2024-09-11,12.390000343322754,12.539999961853027,12.230999946594238,12.289999961853027,11.765541076660156,37700
2024-09-12,12.300000190734863,12.300000190734863,12.15999984741211,12.20400047302246,11.68321132659912,15400
2024-09-13,12.25,12.260000228881836,12.18000030517578,12.229999542236328,11.708101272583008,10200
2024-09-16,12.229999542236328,12.270000457763672,12.199999809265137,12.220000267028809,11.698527336120604,28000
2024-09-17,12.199999809265137,12.288000106811523,12.15999984741211,12.229999542236328,11.708101272583008,110100
2024-09-18,12.239999771118164,12.25,12.170000076293944,12.170000076293944,11.65066146850586,7300
2024-09-19,12.020000457763672,12.100000381469728,12.020000457763672,12.0600004196167,11.545355796813965,128500
2024-09-20,12.029999732971191,12.130000114440918,12.029999732971191,12.100000381469728,11.58364963531494,17900
2024-09-23,12.050000190734863,12.109999656677246,12.029999732971191,12.06999969482422,11.55492877960205,28100
2024-09-24,12.010000228881836,12.140000343322754,12.010000228881836,12.039999961853027,11.526208877563477,237500
2024-09-25,12.0600004196167,12.06999969482422,12.020000457763672,12.039999961853027,11.526208877563477,18800
2024-09-26,12.06999969482422,12.06999969482422,11.994999885559082,12.050000190734863,11.535780906677246,28000
2024-09-27,12.0,12.08899974822998,12.0,12.0600004196167,11.545355796813965,23600
2024-09-30,12.119999885559082,12.119999885559082,12.020000457763672,12.050000190734863,11.535780906677246,53300
2024-10-01,12.100000381469728,12.199999809265137,12.100000381469728,12.170000076293944,11.65066146850586,47800
2024-10-02,12.130000114440918,12.140000343322754,12.079999923706056,12.09000015258789,11.574073791503906,27300
2024-10-03,12.100000381469728,12.140000343322754,12.0600004196167,12.06999969482422,11.55492877960205,27600
2024-10-04,11.989999771118164,12.008000373840332,11.880000114440918,11.890000343322754,11.382610321044922,55200
2024-10-07,11.960000038146973,11.960000038146973,11.869999885559082,11.960000038146973,11.449623107910156,21900
2024-10-08,11.869999885559082,11.920000076293944,11.859999656677246,11.920000076293944,11.411331176757812,34700
2024-10-09,11.890000343322754,11.890000343322754,11.800000190734863,11.84000015258789,11.33474349975586,21400
2024-10-10,11.81999969482422,11.81999969482422,11.770000457763672,11.800000190734863,11.2964506149292,218300
2024-10-11,11.829999923706056,11.829999923706056,11.76200008392334,11.770000457763672,11.267730712890623,74800
2024-10-14,11.710000038146973,11.779999732971191,11.65999984741211,11.670000076293944,11.171998977661133,72800
2024-10-15,11.720000267028809,11.84000015258789,11.720000267028809,11.84000015258789,11.33474349975586,23400
2024-10-16,11.81999969482422,11.84000015258789,11.782999992370604,11.79300022125244,11.289749145507812,89900
2024-10-17,11.699999809265137,11.779999732971191,11.68000030517578,11.699999809265137,11.20071792602539,106800
2024-10-18,11.699999809265137,11.75,11.68000030517578,11.710000038146973,11.210290908813477,171800
2024-10-21,11.649999618530272,11.84000015258789,11.600000381469728,11.600000381469728,11.104985237121582,1056700
2024-10-22,11.649999618530272,11.68000030517578,11.579999923706056,11.579999923706056,11.085838317871094,82400
2024-10-23,11.56999969482422,11.6899995803833,11.56999969482422,11.649999618530272,11.152851104736328,30500
2024-10-24,11.619999885559082,11.699999809265137,11.619999885559082,11.68000030517578,11.181572914123535,64400
2024-10-25,11.649999618530272,11.699999809265137,11.600000381469728,11.68000030517578,11.181572914123535,329000
2024-10-28,11.619999885559082,11.630000114440918,11.571000099182127,11.619999885559082,11.124131202697754,148600
2024-10-29,11.59000015258789,11.59000015258789,11.510000228881836,11.56999969482422,11.076264381408691,54200
2024-10-30,11.619999885559082,11.649999618530272,11.5600004196167,11.595000267028809,11.10019874572754,60800
2024-10-31,11.609999656677246,11.739999771118164,11.609999656677246,11.710000038146973,11.210290908813477,62800
2024-11-01,11.720000267028809,11.720000267028809,11.609999656677246,11.649999618530272,11.152851104736328,23800
2024-11-04,11.6899995803833,11.715999603271484,11.649999618530272,11.675000190734863,11.176783561706545,25400
2024-11-05,11.65999984741211,11.65999984741211,11.550000190734863,11.630000114440918,11.133706092834473,39500
2024-11-06,11.3100004196167,11.350000381469728,11.199999809265137,11.300000190734863,10.817788124084473,1271700
2024-11-07,11.3100004196167,11.390000343322754,11.3100004196167,11.390000343322754,10.903945922851562,406900
2024-11-08,11.390000343322754,11.399999618530272,11.34000015258789,11.399999618530272,10.913519859313965,40800
2024-11-11,11.3100004196167,11.324000358581545,11.300000190734863,11.30500030517578,10.8225736618042,84900
2024-11-12,11.289999961853027,11.300000190734863,11.239999771118164,11.255000114440918,10.774707794189451,18700
2024-11-13,11.3100004196167,11.3100004196167,11.220000267028809,11.260000228881836,10.779494285583496,106500
2024-11-14,11.289999961853027,11.3100004196167,11.270000457763672,11.289999961853027,10.80821418762207,53400
2024-11-15,11.270000457763672,11.399999618530272,11.26099967956543,11.354000091552734,10.869482040405272,41000
2024-11-18,11.329999923706056,11.380000114440918,11.291999816894531,11.3100004196167,10.82736110687256,127300
2024-11-19,11.40999984741211,11.4399995803833,11.329999923706056,11.329999923706056,10.84650707244873,41300
2024-11-20,11.329999923706056,11.42099952697754,11.329999923706056,11.364999771118164,10.880013465881348,5100
2024-11-21,11.350000381469728,11.420000076293944,11.329999923706056,11.359999656677246,10.875226974487305,47700
2024-11-22,11.329999923706056,11.369999885559082,11.300000190734863,11.300000190734863,10.817788124084473,33900
2024-11-25,11.31999969482422,11.390000343322754,11.31999969482422,11.390000343322754,10.903945922851562,29900
2024-11-26,11.329999923706056,11.34000015258789,11.300000190734863,11.300000190734863,10.817788124084473,17800
2024-11-27,11.350000381469728,11.420000076293944,11.350000381469728,11.362000465393066,10.877140998840332,16400
2024-11-29,11.399999618530272,11.399999618530272,11.366000175476074,11.390000343322754,10.903945922851562,4800
2024-12-02,11.369999885559082,11.390000343322754,11.329999923706056,11.369999885559082,10.884800910949709,51800
2024-12-03,11.369999885559082,11.380000114440918,11.34000015258789,11.34000015258789,10.856081008911133,78800
2024-12-04,11.300000190734863,11.369000434875488,11.300000190734863,11.350000381469728,10.86565399169922,35400
2024-12-05,11.329999923706056,11.378000259399414,11.31999969482422,11.373000144958496,10.887673377990724,47300
2024-12-06,11.380999565124512,11.404000282287598,11.369999885559082,11.380000114440918,10.894372940063477,96400
2024-12-09,11.390000343322754,11.41100025177002,11.380000114440918,11.41100025177002,10.92405128479004,49200
2024-12-10,11.380000114440918,11.40999984741211,11.359999656677246,11.399999618530272,10.913519859313965,42800
2024-12-11,11.380000114440918,11.380000114440918,11.350000381469728,11.350000381469728,10.86565399169922,21400
2024-12-12,11.350000381469728,11.359999656677246,11.329999923706056,11.359999656677246,10.875226974487305,17100
2024-12-13,11.3100004196167,11.321000099182127,11.289999961853027,11.289999961853027,10.80821418762207,19900
2024-12-16,11.279999732971191,11.31999969482422,11.260000228881836,11.260000228881836,10.779494285583496,79300
2024-12-17,11.289999961853027,11.31999969482422,11.289999961853027,11.305999755859377,10.823531150817873,188300
2024-12-18,11.31999969482422,11.529999732971191,11.289999961853027,11.529999732971191,11.037972450256348,181900
2024-12-19,11.34000015258789,11.449999809265137,11.329999923706056,11.4399995803833,10.951812744140623,53200
2024-12-20,11.43000030517578,11.4399995803833,11.227999687194824,11.260000228881836,10.879347801208496,90300
2024-12-23,11.210000038146973,11.239999771118164,11.130000114440918,11.140000343322754,10.763405799865724,56100
2024-12-24,11.100000381469728,11.100000381469728,11.039999961853027,11.050000190734863,10.676448822021484,21300
2024-12-26,11.039999961853027,11.050000190734863,11.020999908447266,11.029999732971191,10.657122611999512,66300
2024-12-27,11.06999969482422,11.204999923706056,11.050000190734863,11.100000381469728,10.724757194519045,30300
2024-12-30,11.210000038146973,11.270000457763672,11.140000343322754,11.1850004196167,10.806885719299316,87900
2024-12-31,11.199999809265137,11.220000267028809,11.15999984741211,11.199999809265137,10.82137680053711,37100
2025-01-02,11.187999725341797,11.260000228881836,11.164999961853027,11.229999542236328,10.85036277770996,8800
2025-01-03,11.1899995803833,11.1899995803833,11.079999923706056,11.079999923706056,10.70543384552002,19400
2025-01-06,11.039999961853027,11.107999801635742,11.020000457763672,11.0600004196167,10.686110496520996,35800
2025-01-07,11.048999786376951,11.140000343322754,11.039999961853027,11.130000114440918,10.753744125366213,36000
2025-01-08,11.09000015258789,11.15999984741211,11.09000015258789,11.119999885559082,10.744081497192385,64900
2025-01-10,11.130000114440918,11.210000038146973,11.109999656677246,11.140000343322754,10.763405799865724,129800
2025-01-13,11.1899995803833,11.239999771118164,11.107000350952148,11.116999626159668,10.741181373596191,110400
2025-01-14,11.09000015258789,11.145000457763672,11.079999923706056,11.119999885559082,10.744081497192385,46200
2025-01-15,11.085000038146973,11.08899974822998,11.05500030517578,11.062000274658203,10.688043594360352,11900
2025-01-16,11.039999961853027,11.109999656677246,11.039999961853027,11.109999656677246,10.734420776367188,13500
2025-01-17,11.09000015258789,11.09000015258789,11.022000312805176,11.06999969482422,10.695771217346191,46900
2025-01-21,10.989999771118164,11.09000015258789,10.90999984741211,11.0,10.628137588500977,32000
2025-01-22,11.010000228881836,11.010000228881836,10.960000038146973,11.0,10.628137588500977,28900
2025-01-23,10.960000038146973,10.960000038146973,10.899999618530272,10.899999618530272,10.53151798248291,22100
2025-01-24,10.899999618530272,10.989999771118164,10.899999618530272,10.989999771118164,10.618475914001465,21400
2025-01-27,11.170000076293944,11.1899995803833,11.039999961853027,11.119999885559082,10.744081497192385,77000
2025-01-28,11.09000015258789,11.104999542236328,11.0,11.022000312805176,10.649394035339355,40500
2025-01-29,11.0,11.06999969482422,11.0,11.020000457763672,10.647461891174316,37400
2025-01-30,11.029999732971191,11.050000190734863,10.989999771118164,11.031999588012695,10.659056663513184,17000
2025-01-31,11.029999732971191,11.041000366210938,10.989999771118164,11.039999961853027,10.666786193847656,27600
2025-02-03,11.220000267028809,11.220000267028809,11.079999923706056,11.130000114440918,10.753744125366213,23600
2025-02-04,11.079999923706056,11.100000381469728,11.050000190734863,11.100000381469728,10.724757194519045,46800
2025-02-05,11.119999885559082,11.15999984741211,11.109999656677246,11.109999656677246,10.734420776367188,11400
2025-02-06,11.100000381469728,11.119999885559082,11.050000190734863,11.050000190734863,10.676448822021484,16100
2025-02-07,11.020000457763672,11.109999656677246,11.010000228881836,11.06999969482422,10.695771217346191,15500
2025-02-10,11.050000190734863,11.079999923706056,11.039999961853027,11.045000076293944,10.67161750793457,12500
2025-02-11,11.039999961853027,11.045000076293944,11.010000228881836,11.017000198364258,10.644564628601074,13700
2025-02-12,11.029999732971191,11.029999732971191,10.9399995803833,10.963000297546388,10.592389106750488,32500
2025-02-13,10.989999771118164,11.012999534606934,10.960000038146973,10.97599983215332,10.60494899749756,23100
2025-02-14,11.0,11.050000190734863,11.0,11.010000228881836,10.637800216674805,16600
2025-02-18,10.970000267028809,11.010000228881836,10.9399995803833,10.9399995803833,10.570165634155272,36400
2025-02-19,10.979999542236328,11.0,10.949999809265137,10.979999542236328,10.608814239501951,8500
2025-02-20,11.010000228881836,11.039999961853027,10.989999771118164,11.020000457763672,10.647461891174316,64300
2025-02-21,11.020000457763672,11.218999862670898,11.020000457763672,11.187999725341797,10.809781074523926,115200
2025-02-24,11.199999809265137,11.239999771118164,11.149999618530272,11.239999771118164,10.860023498535156,118200
2025-02-25,11.3100004196167,11.399999618530272,11.300000190734863,11.350000381469728,10.966306686401367,98600
2025-02-26,11.281000137329102,11.369999885559082,11.239999771118164,11.33899974822998,10.955677032470703,39200
2025-02-27,11.279999732971191,11.470000267028809,11.260000228881836,11.470000267028809,11.082250595092772,63800
2025-02-28,11.489999771118164,11.539999961853027,11.380000114440918,11.399999618530272,11.014616012573242,28200
2025-03-03,11.369999885559082,11.649999618530272,11.324999809265137,11.640000343322754,11.246501922607422,60500
2025-03-04,11.630000114440918,11.859999656677246,11.520000457763672,11.6899995803833,11.294812202453612,398400
2025-03-05,11.720000267028809,11.720000267028809,11.484999656677246,11.520000457763672,11.130559921264648,123900
2025-03-06,11.630000114440918,11.74899959564209,11.515000343322754,11.699999809265137,11.304473876953123,276800
2025-03-07,11.71399974822998,11.854999542236328,11.579999923706056,11.579999923706056,11.188530921936035,127000
2025-03-10,11.829999923706056,12.06999969482422,11.782999992370604,11.989999771118164,11.584671020507812,162800
2025-03-11,11.979999542236328,12.149999618530272,11.880000114440918,12.020000457763672,11.613656044006348,753900
2025-03-12,11.850000381469728,12.0,11.79300022125244,11.859999656677246,11.459064483642578,80000
2025-03-13,11.81999969482422,12.0600004196167,11.81999969482422,12.010000228881836,11.603994369506836,237600
2025-03-14,11.899999618530272,11.899999618530272,11.699999809265137,11.710000038146973,11.314135551452637,186900
2025-03-17,11.720000267028809,11.720000267028809,11.59000015258789,11.649999618530272,11.25616455078125,236700
2025-03-18,11.699999809265137,11.789999961853027,11.664999961853027,11.760000228881836,11.362445831298828,42700
2025-03-19,11.720000267028809,11.770000457763672,11.619000434875488,11.642999649047852,11.249401092529297,86000
2025-03-20,11.729999542236328,11.75,11.59000015258789,11.609999656677246,11.250370979309082,64200
2025-03-21,11.75,11.758999824523926,11.609999656677246,11.630000114440918,11.26975154876709,37100
2025-03-24,11.489999771118164,11.489999771118164,11.364999771118164,11.364999771118164,11.012958526611328,34900
2025-03-25,11.34000015258789,11.40999984741211,11.34000015258789,11.359999656677246,11.0081148147583,23700
2025-03-26,11.364999771118164,11.510000228881836,11.364999771118164,11.470000267028809,11.114706993103027,181400
2025-03-27,11.5,11.529999732971191,11.42099952697754,11.5,11.143776893615724,34700
2025-03-28,11.5600004196167,11.81999969482422,11.550000190734863,11.779999732971191,11.415103912353516,111200
2025-03-31,11.979999542236328,12.0600004196167,11.729999542236328,11.779999732971191,11.415103912353516,168000
2025-04-01,11.824999809265137,11.9399995803833,11.739999771118164,11.779999732971191,11.415103912353516,84300
2025-04-02,11.9350004196167,11.9350004196167,11.630000114440918,11.6899995803833,11.32789134979248,96500
2025-04-03,12.260000228881836,12.550000190734863,12.18000030517578,12.520000457763672,12.132183074951172,304500
2025-04-04,13.020000457763672,13.720000267028809,13.020000457763672,13.649999618530272,13.227178573608398,1054500
2025-04-07,14.369999885559082,14.670000076293944,12.954999923706056,13.75,13.324081420898438,1430600
2025-04-08,13.220000267028809,14.114999771118164,13.079999923706056,13.90999984741211,13.479126930236816,596900
2025-04-09,14.039999961853027,14.039999961853027,12.720000267028809,12.800000190734863,12.403508186340332,600000
2025-04-10,13.100000381469728,13.725000381469728,13.09000015258789,13.369999885559082,12.955852508544922,879200
2025-04-11,13.270000457763672,13.300000190734863,12.949999809265137,13.020000457763672,12.616695404052734,362300
2025-04-14,12.84000015258789,12.989999771118164,12.729999542236328,12.899999618530272,12.500410079956056,791700
2025-04-15,12.850000381469728,12.949999809265137,12.779999732971191,12.920000076293944,12.51979160308838,1567000
2025-04-16,13.029999732971191,13.289999961853027,12.9399995803833,13.1899995803833,12.781427383422852,659400
2025-04-17,13.109999656677246,13.1899995803833,13.008000373840332,13.06999969482422,12.66514492034912,1068300
2025-04-21,13.149999618530272,13.449999809265137,13.149999618530272,13.31999969482422,12.907401084899902,701300
2025-04-22,13.15999984741211,13.170000076293944,13.0,13.020000457763672,12.616695404052734,570200
2025-04-23,12.84000015258789,12.93000030517578,12.755000114440918,12.890000343322754,12.490721702575684,1478800
2025-04-24,12.869999885559082,12.899999618530272,12.729999542236328,12.75,12.355057716369627,2224700
2025-04-25,12.75,12.800000190734863,12.670000076293944,12.699999809265137,12.306605339050291,737800
2025-04-28,12.65999984741211,12.81999969482422,12.609999656677246,12.710000038146973,12.31629753112793,153000
2025-04-29,12.84000015258789,12.84000015258789,12.710000038146973,12.770000457763672,12.374439239501951,333800
2025-04-30,12.84000015258789,12.94499969482422,12.729999542236328,12.760000228881836,12.36474895477295,1279400
2025-05-01,12.710000038146973,12.760000228881836,12.609999656677246,12.68000030517578,12.287226676940918,1166600
2025-05-02,12.520000457763672,12.585000038146973,12.460000038146973,12.520000457763672,12.132183074951172,1330700
2025-05-05,12.5600004196167,12.56999969482422,12.46500015258789,12.529999732971191,12.141871452331545,299900
2025-05-06,12.600000381469728,12.604999542236328,12.505000114440918,12.579999923706056,12.19032382965088,882400
2025-05-07,12.600000381469728,12.68000030517578,12.529999732971191,12.59000015258789,12.200014114379885,226200
2025-05-08,12.510000228881836,12.550000190734863,12.390000343322754,12.479999542236328,12.09342098236084,275500
2025-05-09,12.420000076293944,12.479999542236328,12.404999732971191,12.43000030517578,12.04496955871582,250400
2025-05-12,12.1850004196167,12.229999542236328,12.149999618530272,12.170000076293944,11.793024063110352,1139300
2025-05-13,12.130000114440918,12.15999984741211,12.0600004196167,12.100000381469728,11.725192070007324,641600
2025-05-14,12.100000381469728,12.14799976348877,12.045000076293944,12.09000015258789,11.71550178527832,430700
2025-05-15,12.15999984741211,12.15999984741211,12.100000381469728,12.119999885559082,11.744572639465332,172400
2025-05-16,12.149999618530272,12.175000190734863,12.06999969482422,12.100000381469728,11.725192070007324,1546800
2025-05-19,12.15999984741211,12.15999984741211,12.0649995803833,12.09000015258789,11.71550178527832,889400
2025-05-20,12.100000381469728,12.145000457763672,12.085000038146973,12.114999771118164,11.739727020263672,142100
2025-05-21,12.100000381469728,12.164999961853027,12.0600004196167,12.140000343322754,11.76395320892334,268000
2025-05-22,12.18000030517578,12.210000038146973,12.130000114440918,12.210000038146973,11.831785202026367,125800
2025-05-23,12.350000381469728,12.350000381469728,12.225000381469728,12.260000228881836,11.88023567199707,228000
2025-05-27,12.220000267028809,12.220000267028809,12.140000343322754,12.15999984741211,11.783332824707031,213000
2025-05-28,12.119999885559082,12.154999732971191,12.100000381469728,12.140000343322754,11.76395320892334,86500
2025-05-29,12.130000114440918,12.220000267028809,12.130000114440918,12.199999809265137,11.822093963623049,157200
2025-05-30,12.199999809265137,12.270000457763672,12.15999984741211,12.210000038146973,11.831785202026367,103500
2025-06-02,12.220000267028809,12.239999771118164,12.130000114440918,12.130000114440918,11.754262924194336,276200
2025-06-03,12.140000343322754,12.164999961853027,12.085000038146973,12.109999656677246,11.734881401062012,32600
2025-06-04,12.119999885559082,12.170000076293944,12.100000381469728,12.170000076293944,11.793024063110352,32500
2025-06-05,12.149999618530272,12.1899995803833,12.100000381469728,12.18000030517578,11.802715301513672,145100
2025-06-06,12.06999969482422,12.140000343322754,11.989999771118164,12.0600004196167,11.686430931091309,193500
2025-06-09,12.020000457763672,12.053000450134276,12.005000114440918,12.020000457763672,11.647669792175291,140200
2025-06-10,12.079999923706056,12.079999923706056,12.005000114440918,12.039999961853027,11.667051315307615,97800
2025-06-11,12.020000457763672,12.100000381469728,11.979999542236328,12.100000381469728,11.725192070007324,236500
2025-06-12,12.149999618530272,12.149999618530272,12.09000015258789,12.130000114440918,11.754262924194336,111000
2025-06-13,12.170000076293944,12.1899995803833,12.095000267028809,12.18000030517578,11.802715301513672,180000
2025-06-16,12.100000381469728,12.100000381469728,12.0600004196167,12.079999923706056,11.705812454223633,55700
2025-06-17,12.140000343322754,12.289999961853027,12.029999732971191,12.220000267028809,11.841475486755373,251000
2025-06-18,12.100000381469728,12.100000381469728,12.039999961853027,12.079999923706056,11.812140464782717,78500
2025-06-20,12.010000228881836,12.119999885559082,12.010000228881836,12.079999923706056,11.812140464782717,98100
2025-06-23,12.119999885559082,12.187999725341797,12.039999961853027,12.079999923706056,11.812140464782717,312800
2025-06-24,11.970000267028809,12.029999732971191,11.970000267028809,12.0,11.733914375305176,198500
2025-06-25,11.989999771118164,12.029999732971191,11.972000122070312,12.029999732971191,11.763248443603516,72900
2025-06-26,12.010000228881836,12.029000282287598,11.979999542236328,12.020000457763672,11.753470420837402,479300
2025-06-27,12.0,12.010000228881836,11.949999809265137,11.949999809265137,11.685022354125977,352500
2025-06-30,11.970000267028809,12.005000114440918,11.970000267028809,11.989999771118164,11.724135398864746,244500
2025-07-01,12.0,12.010000228881836,11.949999809265137,11.96500015258789,11.699688911437988,468200
2025-07-02,11.899999618530272,11.960000038146973,11.890000343322754,11.93000030517578,11.66546630859375,193600
2025-07-03,11.899999618530272,11.899999618530272,11.84000015258789,11.875,11.611685752868652,82800
2025-07-07,11.899999618530272,11.906999588012695,11.869999885559082,11.885000228881836,11.621463775634766,156100
2025-07-08,11.850000381469728,11.859999656677246,11.807000160217283,11.845000267028809,11.582350730895996,63100
2025-07-09,11.84000015258789,11.880000114440918,11.829999923706056,11.875,11.611685752868652,111900
2025-07-10,11.880000114440918,11.880000114440918,11.833999633789062,11.859999656677246,11.597017288208008,90000
2025-07-11,11.869999885559082,11.869999885559082,11.81999969482422,11.850000381469728,11.587240219116213,74900
2025-07-14,11.859999656677246,11.869999885559082,11.824999809265137,11.850000381469728,11.587240219116213,107600
2025-07-15,11.845000267028809,11.845000267028809,11.800000190734863,11.8100004196167,11.54812717437744,72200
2025-07-16,11.81999969482422,11.880000114440918,11.8100004196167,11.8100004196167,11.54812717437744,175700
2025-07-17,11.829999923706056,11.850000381469728,11.800000190734863,11.8100004196167,11.54812717437744,716200
2025-07-18,11.84000015258789,11.880000114440918,11.800000190734863,11.850000381469728,11.587240219116213,70700
2025-07-21,11.880000114440918,11.880000114440918,11.850000381469728,11.864999771118164,11.601905822753906,166500
2025-07-22,11.869999885559082,11.90999984741211,11.869999885559082,11.890000343322754,11.62635326385498,57500
2025-07-23,11.81999969482422,11.869999885559082,11.8100004196167,11.8100004196167,11.54812717437744,74600
2025-07-24,11.770000457763672,11.800000190734863,11.760000228881836,11.770000457763672,11.509015083312988,255400
2025-07-25,11.779999732971191,11.81999969482422,11.770999908447266,11.795000076293944,11.533459663391112,351000
2025-07-28,11.770000457763672,11.770000457763672,11.75,11.75,11.489457130432127,120700
2025-07-29,11.760000228881836,11.835000038146973,11.75,11.835000038146973,11.572572708129885,101500
2025-07-30,11.8100004196167,11.81999969482422,11.789999961853027,11.789999961853027,11.528570175170898,81600
2025-07-31,11.770000457763672,11.829999923706056,11.770000457763672,11.829999923706056,11.567683219909668,78100
2025-08-01,11.954999923706056,12.0600004196167,11.954999923706056,12.050000190734863,11.782804489135742,311100
2025-08-04,11.979999542236328,11.979999542236328,11.9350004196167,11.9399995803833,11.675244331359863,112700
2025-08-05,11.949999809265137,12.0,11.93000030517578,11.949999809265137,11.685022354125977,116700
2025-08-06,11.920000076293944,11.94499969482422,11.869999885559082,11.899999618530272,11.636131286621094,104900
2025-08-07,11.890000343322754,11.94499969482422,11.890000343322754,11.90999984741211,11.645909309387209,101400
2025-08-08,11.885000228881836,11.90999984741211,11.850000381469728,11.864999771118164,11.601905822753906,61600
2025-08-11,11.869999885559082,11.869999885559082,11.850000381469728,11.869999885559082,11.606796264648438,91600
2025-08-12,11.84000015258789,11.84000015258789,11.779999732971191,11.8149995803833,11.553016662597656,133400
2025-08-13,11.84000015258789,11.878999710083008,11.83899974822998,11.869999885559082,11.606796264648438,55600
2025-08-14,11.90999984741211,11.90999984741211,11.8100004196167,11.81999969482422,11.557904243469238,63000
2025-08-15,11.800000190734863,11.850000381469728,11.78499984741211,11.80500030517578,11.543237686157228,70100
2025-08-18,11.829999923706056,11.829999923706056,11.767000198364258,11.78499984741211,11.523680686950684,431800
2025-08-19,11.8100004196167,11.850000381469728,11.795000076293944,11.850000381469728,11.587240219116213,226600
2025-08-20,11.850000381469728,11.90999984741211,11.84000015258789,11.850000381469728,11.587240219116213,94300
2025-08-21,11.880000114440918,11.880000114440918,11.829999923706056,11.869999885559082,11.606796264648438,63200
2025-08-22,11.90999984741211,11.90999984741211,11.800000190734863,11.84000015258789,11.57746124267578,279300
2025-08-25,11.81999969482422,11.84000015258789,11.789999961853027,11.8149995803833,11.553016662597656,67800
2025-08-26,11.84000015258789,11.859999656677246,11.8100004196167,11.829999923706056,11.567683219909668,172800
2025-08-27,11.84000015258789,11.850000381469728,11.8100004196167,11.829999923706056,11.567683219909668,62400
2025-08-28,11.829999923706056,11.880000114440918,11.81999969482422,11.869999885559082,11.606796264648438,173600
2025-08-29,11.880000114440918,11.895000457763672,11.84000015258789,11.850000381469728,11.587240219116213,177200
2025-09-02,11.899999618530272,11.93000030517578,11.864999771118164,11.880000114440918,11.616575241088867,148800
2025-09-03,11.869999885559082,11.925000190734863,11.854999542236328,11.890000343322754,11.62635326385498,159800
2025-09-04,11.890000343322754,11.90999984741211,11.880000114440918,11.890000343322754,11.62635326385498,265000
2025-09-05,11.960000038146973,12.020000457763672,11.9399995803833,11.960000038146973,11.69480037689209,235500
2025-09-08,11.989999771118164,12.015000343322754,11.970000267028809,12.0,11.733914375305176,167000
2025-09-09,11.970000267028809,11.994999885559082,11.949999809265137,11.979999542236328,11.714357376098633,379800
2025-09-10,11.960000038146973,12.020000457763672,11.949999809265137,11.979999542236328,11.714357376098633,168300
2025-09-11,11.960000038146973,12.010000228881836,11.960000038146973,11.994999885559082,11.72902488708496,96200
2025-09-12,11.949999809265137,11.960000038146973,11.93000030517578,11.949999809265137,11.685022354125977,370600
2025-09-15,11.9399995803833,11.979999542236328,11.9399995803833,11.960000038146973,11.69480037689209,61900
2025-09-16,11.960000038146973,12.0,11.960000038146973,11.989999771118164,11.724135398864746,142600
2025-09-17,12.0,12.038999557495115,11.9399995803833,11.960000038146973,11.69480037689209,214800
2025-09-18,11.84000015258789,11.869999885559082,11.821999549865724,11.859999656677246,11.64374828338623,162700
2025-09-19,11.829999923706056,11.850000381469728,11.8100004196167,11.829999923706056,11.614295959472656,132300
2025-09-22,11.859999656677246,11.859999656677246,11.8100004196167,11.81999969482422,11.604476928710938,144700
2025-09-23,11.84000015258789,11.890000343322754,11.81999969482422,11.890000343322754,11.67320156097412,145900
2025-09-24,11.854999542236328,11.885000228881836,11.84000015258789,11.850000381469728,11.633931159973145,109400
2025-09-25,11.859999656677246,11.895000457763672,11.8149995803833,11.850000381469728,11.633931159973145,210600
2025-09-26,11.880000114440918,11.880000114440918,11.800000190734863,11.8100004196167,11.594660758972168,262900
2025-09-29,11.899999618530272,11.899999618530272,11.800000190734863,11.84000015258789,11.624113082885742,182500
2025-09-30,11.859999656677246,11.880000114440918,11.8100004196167,11.829999923706056,11.614295959472656,155000
2025-10-01,11.890000343322754,11.890000343322754,11.84000015258789,11.859999656677246,11.64374828338623,100400
2025-10-02,11.84000015258789,11.880000114440918,11.829999923706056,11.875,11.658474922180176,77600
2025-10-03,11.869999885559082,11.869999885559082,11.835000038146973,11.859999656677246,11.64374828338623,226200
2025-10-06,11.81999969482422,11.850000381469728,11.789999961853027,11.800000190734863,11.584842681884766,238900
2025-10-07,11.8100004196167,11.868000030517578,11.800000190734863,11.850000381469728,11.633931159973145,186600
2025-10-08,11.864999771118164,11.868000030517578,11.81999969482422,11.829999923706056,11.614295959472656,175500
2025-10-09,11.81999969482422,11.850000381469728,11.8100004196167,11.8149995803833,11.599569320678713,427200
2025-10-10,11.850000381469728,12.059000015258787,11.850000381469728,12.050000190734863,11.830284118652344,340300
2025-10-13,11.970000267028809,12.013999938964844,11.960000038146973,11.960000038146973,11.741925239562988,229500
2025-10-14,12.050000190734863,12.079999923706056,11.970000267028809,12.015000343322754,11.79592227935791,509000
2025-10-15,11.96500015258789,12.03499984741211,11.961000442504885,11.979999542236328,11.761560440063477,263900
2025-10-16,11.970000267028809,12.164999961853027,11.949999809265137,12.130000114440918,11.908824920654297,493200
2025-10-17,12.109999656677246,12.145000457763672,12.029999732971191,12.029999732971191,11.81064796447754,378400
2025-10-20,12.010000228881836,12.010000228881836,11.93000030517578,11.949999809265137,11.732107162475586,368700
2025-10-21,11.989999771118164,11.99899959564209,11.949999809265137,11.970000267028809,11.75174331665039,186100
2025-10-22,11.970000267028809,12.057000160217283,11.960000038146973,12.005000114440918,11.786105155944824,279000
2025-10-23,11.979999542236328,11.984999656677246,11.93000030517578,11.93000030517578,11.712472915649414,104100
2025-10-24,11.899999618530272,11.904999732971191,11.869999885559082,11.890000343322754,11.67320156097412,506900
2025-10-27,11.850000381469728,11.869999885559082,11.81999969482422,11.869999885559082,11.653566360473633,248500
2025-10-28,11.84000015258789,11.890000343322754,11.84000015258789,11.890000343322754,11.67320156097412,115600
2025-10-29,11.869999885559082,11.880000114440918,11.824999809265137,11.829999923706056,11.614295959472656,518100
2025-10-30,11.800000190734863,11.835000038146973,11.779999732971191,11.81999969482422,11.604476928710938,263000
2025-10-31,11.8100004196167,11.859999656677246,11.8100004196167,11.845000267028809,11.629022598266602,138100
2025-11-03,11.800000190734863,11.850000381469728,11.789999961853027,11.829999923706056,11.614295959472656,793200
2025-11-04,11.899999618530272,11.925000190734863,11.859999656677246,11.895000457763672,11.67811107635498,659100
2025-11-05,11.880000114440918,11.909000396728516,11.770000457763672,11.800000190734863,11.584842681884766,638300
2025-11-06,11.829999923706056,11.9399995803833,11.829999923706056,11.914999961853027,11.697746276855469,284500
2025-11-07,11.920000076293944,12.010000228881836,11.895000457763672,11.895000457763672,11.67811107635498,340000
2025-11-10,11.789999961853027,11.857000350952148,11.789999961853027,11.8100004196167,11.594660758972168,823900
2025-11-11,11.859999656677246,11.859999656677246,11.824999809265137,11.850000381469728,11.633931159973145,97000
2025-11-12,11.859999656677246,11.869999885559082,11.824999809265137,11.850000381469728,11.633931159973145,173000
2025-11-13,11.84000015258789,11.927000045776367,11.833999633789062,11.914999961853027,11.697746276855469,296100
2025-11-14,12.0,12.020000457763672,11.854999542236328,11.890000343322754,11.67320156097412,363600
2025-11-17,11.899999618530272,11.968999862670898,11.859999656677246,11.9399995803833,11.7222900390625,553100
2025-11-18,12.039999961853027,12.06999969482422,11.949999809265137,12.020000457763672,11.80083179473877,713400
2025-11-19,12.020000457763672,12.024999618530272,11.923999786376951,11.970000267028809,11.75174331665039,278800
2025-11-20,11.869999885559082,12.130000114440918,11.850000381469728,12.130000114440918,11.908824920654297,545700
2025-11-21,12.100000381469728,12.1899995803833,12.005000114440918,12.06999969482422,11.849919319152832,1377800
2025-11-24,12.039999961853027,12.050000190734863,11.949999809265137,11.979999542236328,11.761560440063477,598100
2025-11-25,11.979999542236328,12.024999618530272,11.920000076293944,11.925000190734863,11.707563400268556,253500
2025-11-26,11.899999618530272,11.904999732971191,11.869999885559082,11.890000343322754,11.67320156097412,303700
2025-11-28,11.869999885559082,11.890000343322754,11.835000038146973,11.850000381469728,11.633931159973145,108800
2025-12-01,11.829999923706056,11.829999923706056,11.765000343322754,11.789999961853027,11.575024604797363,1583600
2025-12-02,11.800000190734863,11.8100004196167,11.760000228881836,11.800000190734863,11.584842681884766,549800
2025-12-03,11.8100004196167,11.829999923706056,11.78499984741211,11.800000190734863,11.584842681884766,106200
2025-12-04,11.779999732971191,11.795000076293944,11.760000228881836,11.765000343322754,11.550480842590332,213400
2025-12-05,11.75,11.760000228881836,11.710000038146973,11.720000267028809,11.506300926208496,167800
2025-12-08,11.720000267028809,11.725000381469728,11.68000030517578,11.710000038146973,11.49648380279541,128000
2025-12-09,11.729999542236328,11.739999771118164,11.6899995803833,11.704999923706056,11.491575241088867,296100
2025-12-10,11.720000267028809,11.729999542236328,11.68299961090088,11.704999923706056,11.491575241088867,504300
2025-12-11,11.739999771118164,11.779999732971191,11.6899995803833,11.6899995803833,11.476848602294922,122900
2025-12-12,11.65999984741211,11.729999542236328,11.651000022888184,11.6850004196167,11.47194004058838,380100
2025-12-15,11.68000030517578,11.734999656677246,11.68000030517578,11.710000038146973,11.49648380279541,146800
2025-12-16,11.65999984741211,11.729999542236328,11.65999984741211,11.720000267028809,11.506300926208496,190000
2025-12-17,11.739999771118164,11.800000190734863,11.710000038146973,11.800000190734863,11.584842681884766,145100
2025-12-18,11.609999656677246,11.649999618530272,11.595000267028809,11.625,11.549077987670898,1168400
2025-12-19,11.579999923706056,11.579999923706056,11.520000457763672,11.520000457763672,11.444764137268066,804200
2025-12-22,11.479999542236328,11.529999732971191,11.46500015258789,11.479999542236328,11.405024528503418,363700
2025-12-23,11.449999809265137,11.470000267028809,11.4399995803833,11.449999809265137,11.37522029876709,312300
2025-12-24,11.470000267028809,11.489999771118164,11.460000038146973,11.489999771118164,11.414958953857422,130100
2025-12-26,11.489999771118164,11.510000228881836,11.467000007629396,11.489999771118164,11.414958953857422,193700
2025-12-29,11.520000457763672,11.539999961853027,11.5,11.505000114440918,11.429862022399902,760800
2025-12-30,11.510000228881836,11.510000228881836,11.479999542236328,11.489999771118164,11.414958953857422,170700
2025-12-31,11.470000267028809,11.529999732971191,11.470000267028809,11.489999771118164,11.414958953857422,417500
2026-01-02,11.470000267028809,11.510000228881836,11.470000267028809,11.475000381469728,11.400057792663574,367300
2026-01-05,11.460000038146973,11.494999885559082,11.460000038146973,11.484999656677246,11.409992218017578,319600
2026-01-06,11.5,11.5,11.4399995803833,11.454999923706056,11.38018798828125,386800
2026-01-07,11.510000228881836,11.510000228881836,11.470000267028809,11.510000228881836,11.434828758239746,289900
2026-01-08,11.470000267028809,11.517000198364258,11.460000038146973,11.460000038146973,11.38515567779541,174300
2026-01-09,11.460000038146973,11.475000381469728,11.43000030517578,11.449999809265137,11.37522029876709,679300
2026-01-12,11.449999809265137,11.449999809265137,11.420000076293944,11.420000076293944,11.345417022705078,300800
2026-01-13,11.4399995803833,11.479999542236328,11.423999786376951,11.470000267028809,11.395090103149414,571600
2026-01-14,11.489999771118164,11.550000190734863,11.489999771118164,11.5,11.424894332885742,174000
2026-01-15,11.470000267028809,11.479999542236328,11.449999809265137,11.470000267028809,11.395090103149414,150800
2026-01-16,11.4399995803833,11.460000038146973,11.399999618530272,11.40999984741211,11.335481643676758,205900
2026-01-20,11.510000228881836,11.529999732971191,11.460000038146973,11.520000457763672,11.444764137268066,220100
2026-01-21,11.5,11.5,11.40999984741211,11.43000030517578,11.355351448059082,238200
2026-01-22,11.380000114440918,11.401000022888184,11.359999656677246,11.395000457763672,11.32058048248291,191200
2026-01-23,11.399999618530272,11.420000076293944,11.390000343322754,11.420000076293944,11.345417022705078,90600
2026-01-26,11.43000030517578,11.43000030517578,11.399999618530272,11.420000076293944,11.345417022705078,212200
2026-01-27,11.420000076293944,11.420000076293944,11.385000228881836,11.395000457763672,11.32058048248291,95200
2026-01-28,11.369999885559082,11.40999984741211,11.369999885559082,11.390000343322754,11.31561279296875,169800
2026-01-29,11.369999885559082,11.5,11.369999885559082,11.40999984741211,11.335481643676758,290800
2026-01-30,11.43000030517578,11.479999542236328,11.404999732971191,11.43000030517578,11.355351448059082,268300
2026-02-02,11.4399995803833,11.4399995803833,11.354999542236328,11.364999771118164,11.290775299072266,166500
2026-02-03,11.380000114440918,11.479999542236328,11.34000015258789,11.414999961853027,11.340449333190918,365700
2026-02-04,11.40999984741211,11.5,11.380000114440918,11.449999809265137,11.37522029876709,253500
2026-02-05,11.520000457763672,11.609999656677246,11.5,11.59000015258789,11.514307022094728,542900
2026-02-06,11.5600004196167,11.5600004196167,11.4399995803833,11.46500015258789,11.39012336730957,760200
2026-02-09,11.4399995803833,11.47599983215332,11.420000076293944,11.44499969482422,11.37025260925293,260400
2026-02-10,11.460000038146973,11.515000343322754,11.460000038146973,11.515000343322754,11.439796447753906,146200
2026-02-11,11.479999542236328,11.510000228881836,11.43000030517578,11.479999542236328,11.405024528503418,303200
2026-02-12,11.449999809265137,11.654999732971191,11.449999809265137,11.654999732971191,11.57888126373291,304400
2026-02-13,11.670000076293944,11.729999542236328,11.625,11.69499969482422,11.618619918823242,643400
2026-02-17,11.6899995803833,11.75,11.630999565124512,11.640000343322754,11.563980102539062,419800
2026-02-18,11.619999885559082,11.630000114440918,11.572999954223633,11.59000015258789,11.514307022094728,254300
2026-02-19,11.630000114440918,11.670000076293944,11.609999656677246,11.645000457763672,11.568947792053224,580500
2026-02-20,11.675000190734863,11.675000190734863,11.56999969482422,11.59000015258789,11.514307022094728,243400
2026-02-23,11.600000381469728,11.725000381469728,11.600000381469728,11.704999923706056,11.628555297851562,892500
2026-02-24,11.720000267028809,11.760000228881836,11.619999885559082,11.635000228881836,11.559012413024902,249900
2026-02-25,11.600000381469728,11.600000381469728,11.5600004196167,11.56999969482422,11.494436264038086,181900
2026-02-26,11.550000190734863,11.68000030517578,11.550000190734863,11.619999885559082,11.544110298156738,293400
2026-02-27,11.760000228881836,11.760000228881836,11.699999809265137,11.71500015258789,11.638489723205566,854300
2026-03-02,11.770000457763672,11.779999732971191,11.619999885559082,11.654999732971191,11.57888126373291,1371100
2026-03-03,11.789999961853027,11.864999771118164,11.68000030517578,11.720000267028809,11.643457412719728,2891200
2026-03-04,11.670000076293944,11.6899995803833,11.600000381469728,11.619999885559082,11.544110298156738,482800
2026-03-05,11.619999885559082,11.710000038146973,11.583000183105469,11.649999618530272,11.573914527893066,1432200
2026-03-06,11.770000457763672,11.8100004196167,11.701000213623049,11.8100004196167,11.732870101928713,1037300
2026-03-09,11.850000381469728,11.890000343322754,11.699999809265137,11.704999923706056,11.628555297851562,1421900
2026-03-10,11.720000267028809,11.729999542236328,11.625,11.699999809265137,11.623587608337402,1743900
2026-03-11,11.664999961853027,11.68000030517578,11.61299991607666,11.625,11.549077987670898,953900
2026-03-12,11.6899995803833,11.739999771118164,11.675000190734863,11.739999771118164,11.663326263427734,865600
2026-03-13,11.710000038146973,11.78499984741211,11.65999984741211,11.770000457763672,11.69313144683838,873200
2026-03-16,11.710000038146973,11.739999771118164,11.651000022888184,11.68000030517578,11.603718757629396,461400
2026-03-17,11.670000076293944,11.68000030517578,11.619999885559082,11.670000076293944,11.59378433227539,463100
2026-03-18,11.699999809265137,11.779999732971191,11.68000030517578,11.779999732971191,11.703064918518066,492400
2026-03-19,11.859999656677246,11.869999885559082,11.734999656677246,11.789999961853027,11.713000297546388,1206800
2026-03-20,11.65999984741211,11.800000190734863,11.635000228881836,11.760000228881836,11.760000228881836,895300
2026-03-23,11.574999809265137,11.645999908447266,11.53499984741211,11.630000114440918,11.630000114440918,394000
2026-03-24,11.670000076293944,11.675000190734863,11.595000267028809,11.630000114440918,11.630000114440918,496800
2026-03-25,11.59000015258789,11.645000457763672,11.56999969482422,11.619999885559082,11.619999885559082,472600
2026-03-26,11.6899995803833,11.755000114440918,11.640000343322754,11.75,11.75,888300
2026-03-27,11.789999961853027,11.949000358581545,11.770000457763672,11.925000190734863,11.925000190734863,662200
2026-03-30,11.890000343322754,12.074999809265137,11.871000289916992,12.010000228881836,12.010000228881836,370200
2026-03-31,11.880000114440918,11.899999618530272,11.699999809265137,11.710000038146973,11.710000038146973,526400
2026-04-01,11.65999984741211,11.668999671936035,11.579999923706056,11.614999771118164,11.614999771118164,1228700
2026-04-02,11.770000457763672,11.779999732971191,11.600000381469728,11.625,11.625,596500
2026-04-06,11.600000381469728,11.600000381469728,11.5,11.539999961853027,11.539999961853027,398700
2026-04-07,11.59000015258789,11.654999732971191,11.56999969482422,11.595000267028809,11.595000267028809,395000
2026-04-08,11.34000015258789,11.420000076293944,11.3100004196167,11.350000381469728,11.350000381469728,1335200
2026-04-09,11.350000381469728,11.375,11.279999732971191,11.289999961853027,11.289999961853027,470400
2026-04-10,11.270000457763672,11.300000190734863,11.265000343322754,11.28499984741211,11.28499984741211,371000
2026-04-13,11.34000015258789,11.34000015258789,11.220000267028809,11.229999542236328,11.229999542236328,1559200
2026-04-14,11.1899995803833,11.229999542236328,11.1899995803833,11.210000038146973,11.210000038146973,529400
2026-04-15,11.1899995803833,11.199999809265137,11.15999984741211,11.15999984741211,11.15999984741211,299500
2026-04-16,11.170000076293944,11.199999809265137,11.125,11.140000343322754,11.140000343322754,702800
2026-04-17,11.140000343322754,11.177000045776367,11.119999885559082,11.130000114440918,11.130000114440918,719100
2026-04-20,11.1899995803833,11.1899995803833,11.130000114440918,11.154999732971191,11.154999732971191,225000
2026-04-21,11.119999885559082,11.170000076293944,11.111000061035156,11.140000343322754,11.140000343322754,159000
2026-04-22,11.100000381469728,11.130000114440918,11.09000015258789,11.095000267028809,11.095000267028809,200800
2026-04-23,11.119999885559082,11.145000457763672,11.095000267028809,11.100000381469728,11.100000381469728,652500
2026-04-24,11.09000015258789,11.104999542236328,11.06999969482422,11.079999923706056,11.079999923706056,373100
2026-04-27,11.100000381469728,11.100000381469728,11.039999961853027,11.0600004196167,11.0600004196167,154100
2026-04-28,11.0600004196167,11.06999969482422,11.045000076293944,11.050000190734863,11.050000190734863,180000
2026-04-29,11.039999961853027,11.039999961853027,11.0,11.005000114440918,11.005000114440918,275000
2026-04-30,11.010000228881836,11.029999732971191,10.949999809265137,10.95699977874756,10.95699977874756,290500
2026-05-01,10.9399995803833,10.975000381469728,10.93000030517578,10.968000411987305,10.968000411987305,176900
2026-05-04,10.960000038146973,10.960000038146973,10.93000030517578,10.94499969482422,10.94499969482422,343500
2026-05-05,10.949999809265137,10.960000038146973,10.920000076293944,10.93000030517578,10.93000030517578,394200
2026-05-06,10.9399995803833,10.970000267028809,10.925000190734863,10.925000190734863,10.925000190734863,843400
2026-05-07,10.970000267028809,10.970000267028809,10.899999618530272,10.90999984741211,10.90999984741211,201100
2026-05-08,10.920000076293944,10.935999870300291,10.899999618530272,10.920000076293944,10.920000076293944,190900
2026-05-11,10.899999618530272,10.899999618530272,10.869999885559082,10.880000114440918,10.880000114440918,257200
2026-05-12,10.880000114440918,10.888999938964844,10.84000015258789,10.845000267028809,10.845000267028809,160800
2026-05-13,10.829999923706056,10.859999656677246,10.8100004196167,10.81999969482422,10.81999969482422,143100
2026-05-14,10.84000015258789,10.850000381469728,10.789999961853027,10.789999961853027,10.789999961853027,175300
2026-05-15,10.789999961853027,10.789999961853027,10.720000267028809,10.739999771118164,10.739999771118164,190200
2026-05-18,10.729999542236328,10.760000228881836,10.710000038146973,10.710000038146973,10.710000038146973,230100
2026-05-19,10.699999809265137,10.718000411987305,10.6899995803833,10.699999809265137,10.699999809265137,133700
2026-05-20,10.710000038146973,10.739999771118164,10.6899995803833,10.720000267028809,10.720000267028809,305100
2026-05-21,10.71500015258789,10.71500015258789,10.6899995803833,10.699999809265137,10.699999809265137,164500
2026-05-22,10.699999809265137,10.707500457763672,10.65999984741211,10.69499969482422,10.69499969482422,74740
2026-05-26,10.720000267028809,10.739999771118164,10.710000038146973,10.729999542236328,10.729999542236328,165458
2026-05-27,10.739999771118164,10.744999885559082,10.720000267028809,10.720000267028809,10.720000267028809,143831
2026-05-28,10.720000267028809,10.729999542236328,10.71500015258789,10.725000381469727,10.725000381469727,269057
