Date,Open,High,Low,Close,Adj Close,Volume
2009-04-16,768.0,774.875,760.0,773.75,592.7715454101562,2504
2009-04-17,785.75,811.5,783.625,802.875,615.0840454101562,4688
2009-04-20,779.5,779.5,756.75,760.0,582.237548828125,2224
2009-04-21,747.5,781.875,732.5,781.0,598.3257446289062,1816
2009-04-22,779.25,815.875,779.25,807.375,618.5316162109375,2496
2009-04-23,813.125,818.0,798.25,801.875,614.3180541992188,3448
2009-04-24,825.0,844.75,821.875,835.5,640.0782470703125,5248
2009-04-27,821.25,847.875,814.875,818.5,627.0545043945312,2808
2009-04-28,817.125,875.625,813.0,868.0,664.976318359375,1648
2009-04-29,864.25,940.0,841.875,892.25,683.5545654296875,4000
2009-04-30,916.75,924.625,899.375,906.625,694.567138671875,4896
2009-05-01,932.25,944.25,924.875,927.5,710.5596923828125,1528
2009-05-04,920.875,937.5,901.875,912.625,699.1638793945312,5808
2009-05-05,912.625,930.5,900.0,916.75,702.3240356445312,5856
2009-05-06,923.625,933.75,902.5,926.25,709.60205078125,6864
2009-05-07,938.75,1027.75,938.75,1014.0,776.827392578125,4152
2009-05-08,1006.875,1016.125,988.375,1006.25,770.8900756835938,3280
2009-05-11,993.75,993.75,952.75,952.75,729.9036254882812,3248
2009-05-12,963.375,973.625,933.625,945.0,723.96630859375,2440
2009-05-13,921.25,921.25,900.0,911.125,698.0147705078125,9920
2009-05-14,919.25,922.625,893.75,897.25,687.385009765625,4184
2009-05-15,905.75,917.875,901.0,907.625,695.3333740234375,3296
2009-05-18,910.0,956.875,906.125,956.875,733.0639038085938,3848
2009-05-19,964.875,976.75,952.75,962.625,737.468994140625,3640
2009-05-20,966.875,978.5,932.375,937.0,717.837646484375,5368
2009-05-21,924.5,1037.5,915.0,1017.125,779.221435546875,3496
2009-05-22,1044.125,1056.5,1012.5,1054.625,807.9502563476562,4048
2009-05-26,1028.125,1108.25,1026.125,1108.25,849.0325317382812,6480
2009-05-27,1091.75,1178.25,1089.125,1175.0,900.169921875,7696
2009-05-28,1109.5,1177.5,1100.25,1114.0,853.4376831054688,12184
2009-05-29,1117.5,1117.5,1007.5,1011.25,774.7207641601562,8952
2009-06-01,1073.0,1128.0,1070.5,1112.0,851.905517578125,5672
2009-06-02,1094.625,1118.75,1075.75,1086.625,832.4655151367188,3688
2009-06-03,1078.5,1088.625,1052.0,1057.375,810.0569458007812,2928
2009-06-04,1093.125,1142.5,1086.625,1126.125,862.7265014648438,6648
2009-06-05,1160.75,1169.5,1111.625,1157.75,886.9547119140625,7400
2009-06-08,1095.25,1172.0,1095.25,1172.0,897.8717041015625,3328
2009-06-09,1159.5,1182.5,1137.5,1161.125,889.5402221679688,3800
2009-06-10,1194.125,1296.125,1178.0,1230.0,942.3056030273438,12776
2009-06-11,1251.0,1258.25,1163.0,1179.75,903.808837890625,13104
2009-06-12,1170.0,1172.625,1120.625,1150.125,881.1129760742188,6152
2009-06-15,1121.0,1129.5,1100.0,1114.0,853.4376831054688,4848
2009-06-16,1110.25,1116.625,1049.75,1049.75,804.2156982421875,6112
2009-06-17,1047.875,1074.0,1016.875,1070.75,820.3037109375,6992
2009-06-18,1101.375,1140.625,1080.75,1114.875,854.10791015625,7816
2009-06-19,1128.0,1133.25,1069.25,1069.25,819.154541015625,3616
2009-06-22,1044.75,1059.25,1021.75,1036.0,793.6817016601562,3712
2009-06-23,1031.0,1056.25,989.25,996.75,763.6121826171875,8672
2009-06-24,997.0,1036.875,981.875,1036.5,794.0647583007812,5432
2009-06-25,1014.0,1034.125,963.125,963.125,737.8519897460938,7712
2009-06-26,966.125,975.0,953.125,960.5,735.8410034179688,3656
2009-06-29,947.5,963.75,938.0,959.125,734.7875366210938,4072
2009-06-30,971.5,989.375,944.375,961.0,736.22412109375,4584
2009-07-01,991.25,998.75,965.875,971.5,744.2681274414062,4224
2009-07-02,962.125,970.0,954.25,965.75,739.8631591796875,2976
2009-07-06,975.875,993.75,969.125,972.5,745.0343017578125,3160
2009-07-07,986.25,987.5,949.5,950.625,728.2756958007812,2848
2009-07-08,937.375,943.75,879.25,891.875,683.2672729492188,9992
2009-07-09,928.75,956.75,918.0,931.375,713.5282592773438,6512
2009-07-10,918.625,925.25,894.25,897.875,687.8638916015625,4720
2009-07-13,899.25,919.5,887.5,916.25,701.9409790039062,4888
2009-07-14,942.375,976.75,930.875,966.625,740.5333251953125,4992
2009-07-15,1013.625,1051.125,1001.875,1045.875,801.2471313476562,6792
2009-07-16,999.375,1009.0,986.25,1005.125,770.0282592773438,4640
2009-07-17,1031.25,1051.625,1018.25,1051.5,805.556396484375,6304
2009-07-20,1066.5,1069.25,1007.5,1036.25,793.8731689453125,7896
2009-07-21,1046.625,1051.0,959.375,963.75,738.330810546875,6624
2009-07-22,970.75,1008.375,970.75,995.625,762.750244140625,5024
2009-07-23,988.875,1070.75,988.5,1056.25,809.1952514648438,7792
2009-07-24,1054.875,1061.125,1039.375,1040.875,797.4164428710938,2112
2009-07-27,1081.125,1097.0,1071.75,1079.625,827.10302734375,4736
2009-07-28,1067.75,1076.75,1021.75,1043.75,799.6190795898438,6464
2009-07-29,1003.0,1053.75,1000.0,1024.0,784.4886474609375,4672
2009-07-30,1029.0,1039.5,974.625,976.875,748.3859252929688,9040
2009-07-31,951.5,970.25,914.625,915.375,701.2705688476562,12208
2009-08-03,934.875,974.125,934.875,962.375,737.27734375,10376
2009-08-04,937.5,1008.625,937.5,986.375,755.6637573242188,6560
2009-08-05,1019.375,1037.5,972.5,1036.625,794.1605224609375,5408
2009-08-06,1034.125,1050.0,1000.625,1021.25,782.3816528320312,5384
2009-08-07,1053.0,1062.25,1039.375,1054.0,807.471435546875,7248
2009-08-10,1050.5,1054.125,1007.25,1010.0,773.7631225585938,3728
2009-08-11,980.625,997.0,965.0,969.875,743.0232543945312,7024
2009-08-12,965.625,1021.25,965.625,1008.125,772.3265991210938,5776
2009-08-13,1001.0,1014.5,955.5,958.125,734.021484375,7120
2009-08-14,951.375,951.375,920.75,949.125,727.1266479492188,7832
2009-08-17,929.375,930.0,903.25,905.0,693.3223266601562,12760
2009-08-18,906.75,926.75,902.875,921.875,706.2503662109375,3120
2009-08-19,888.75,910.75,882.75,890.875,682.5010375976562,8120
2009-08-20,881.25,896.5,866.75,869.25,665.9342041015625,5120
2009-08-21,873.25,934.0,872.375,932.0,714.0071411132812,7736
2009-08-24,941.625,941.625,875.375,875.375,670.6265258789062,8048
2009-08-25,875.0,886.625,852.625,855.75,655.5918579101562,13656
2009-08-26,853.125,858.25,840.5,844.25,646.7816162109375,8312
2009-08-27,855.0,862.375,838.625,856.0,655.7833862304688,3640
2009-08-28,874.0,875.0,838.125,838.125,642.08935546875,3664
2009-08-31,846.375,861.0,826.25,833.625,638.6417846679688,4392
2009-09-01,846.125,874.875,826.375,837.5,641.6105346679688,3976
2009-09-02,829.25,835.75,793.75,802.0,614.4139404296875,10872
2009-09-03,821.5,826.5,811.875,820.375,628.490966796875,3760
2009-09-04,831.75,867.375,828.0,865.5,663.0614013671875,6744
2009-09-08,883.625,887.25,856.25,883.75,677.0427856445312,6440
2009-09-09,900.0,913.25,886.375,887.75,680.1069946289062,6784
2009-09-10,870.375,875.25,816.25,837.5,641.6105346679688,12392
2009-09-11,817.0,822.75,792.375,820.125,628.2994384765625,12376
2009-09-14,834.25,843.75,819.625,843.75,646.3985595703125,4096
2009-09-15,858.875,860.75,841.125,857.125,656.6452026367188,4584
2009-09-16,854.0,875.25,836.5,847.75,649.4629516601562,8664
2009-09-17,846.0,854.375,813.875,816.125,625.2349853515625,4920
2009-09-18,827.0,841.875,817.625,836.75,641.0359497070312,5808
2009-09-21,829.75,851.25,820.625,835.875,640.3655395507812,3664
2009-09-22,838.25,846.0,822.25,825.25,632.2257080078125,2872
2009-09-23,833.25,850.5,817.5,821.875,629.6400756835938,5640
2009-09-24,819.5,828.375,804.0,811.125,621.4044799804688,5408
2009-09-25,798.25,815.0,778.625,780.0,597.5596313476562,8576
2009-09-28,771.5,775.0,755.25,757.25,580.1306762695312,9312
2009-09-29,769.375,772.5,748.375,755.5,578.7901000976562,3192
2009-09-30,761.0,768.75,750.125,758.375,580.9926147460938,3328
2009-10-01,746.125,747.5,716.625,727.0,556.9561157226562,12464
2009-10-02,714.5,748.625,711.75,743.75,569.7882080078125,4344
2009-10-05,733.875,749.625,727.875,746.0,571.5122680664062,4712
2009-10-06,751.0,770.25,748.375,768.875,589.0367431640625,6640
2009-10-07,751.0,751.875,734.25,737.125,564.7130126953125,11168
2009-10-08,724.5,774.5,722.375,764.25,585.493408203125,9664
2009-10-09,778.0,830.25,773.25,820.0,628.2036743164062,20232
2009-10-12,825.625,825.625,806.375,810.125,620.6385498046875,9904
2009-10-13,796.5,802.75,789.375,797.875,611.2536010742188,9264
2009-10-14,825.625,842.75,812.5,838.125,642.08935546875,10800
2009-10-15,850.25,856.25,824.625,849.25,650.6121215820312,9320
2009-10-16,832.5,844.375,821.25,821.5,629.3529052734375,5776
2009-10-19,820.125,825.875,801.625,801.625,614.1266479492188,7880
2009-10-20,782.0,792.875,775.0,788.625,604.1671752929688,4400
2009-10-21,804.75,822.0,804.75,806.625,617.9570922851562,5064
2009-10-22,825.625,827.5,814.875,817.25,626.0968017578125,2880
2009-10-23,841.875,841.875,826.75,840.125,643.6215209960938,9368
2009-10-26,851.0,877.875,851.0,875.125,670.43505859375,12040
2009-10-27,865.5,867.375,832.25,833.0,638.1629638671875,13328
2009-10-28,831.375,835.75,813.0,822.125,629.8317260742188,13360
2009-10-29,839.5,866.0,836.0,852.125,652.8147583007812,10912
2009-10-30,832.125,839.25,805.625,811.375,621.5958251953125,9184
2009-11-02,812.5,832.875,809.625,825.125,632.1300048828125,8584
2009-11-03,820.25,855.875,816.375,854.25,654.4426879882812,12592
2009-11-04,864.0,891.25,853.125,875.75,670.9137573242188,13776
2009-11-05,888.0,889.625,875.625,876.25,671.296875,10576
2009-11-06,873.375,899.625,869.375,874.625,670.052001953125,8888
2009-11-09,874.125,879.75,861.125,872.125,668.1367797851562,8744
2009-11-10,859.625,887.875,848.375,879.75,673.9783325195312,6264
2009-11-11,861.875,865.5,849.375,857.375,656.8366088867188,4784
2009-11-12,873.125,898.875,865.875,871.75,667.8494262695312,6632
2009-11-13,860.375,869.625,851.625,855.5,655.4002685546875,4328
2009-11-16,836.75,837.375,813.125,824.375,631.55517578125,13336
2009-11-17,826.875,830.25,803.75,812.0,622.0748291015625,13056
2009-11-18,813.0,833.375,813.0,830.875,636.5350341796875,9592
2009-11-19,819.25,828.125,803.125,820.375,628.490966796875,7456
2009-11-20,737.0,745.0,726.5,732.75,632.1466064453125,17240
2009-11-23,744.0,750.0,731.25,734.25,633.4407958984375,13272
2009-11-24,733.0,733.5,716.125,720.125,621.2551879882812,5792
2009-11-25,723.5,736.625,705.375,708.875,611.5494995117188,16560
2009-11-27,703.0,708.75,699.0,699.875,603.7852783203125,7648
2009-11-30,705.875,709.125,693.125,693.625,598.393310546875,5208
2009-12-01,709.125,722.5,706.25,721.125,622.1177368164062,6104
2009-12-02,719.75,726.375,702.875,716.5,618.1277465820312,7680
2009-12-03,739.25,743.375,731.0,742.625,640.666015625,12040
2009-12-04,770.0,779.125,759.375,767.5,662.1256713867188,14328
2009-12-07,767.5,773.25,755.5,762.75,658.0278930664062,6144
2009-12-08,747.25,767.0,738.625,758.125,654.0377807617188,5200
2009-12-09,762.0,783.125,748.125,770.125,664.390380859375,7016
2009-12-10,786.75,806.25,782.625,801.375,691.3497924804688,11192
2009-12-11,810.0,823.75,795.625,802.5,692.3203125,9152
2009-12-14,792.25,798.75,787.5,797.25,687.7911987304688,4000
2009-12-15,816.375,816.875,802.5,810.875,699.5454711914062,6328
2009-12-16,804.75,818.75,795.75,812.5,700.9474487304688,6608
2009-12-17,788.75,797.625,767.5,767.875,662.4490966796875,11184
2009-12-18,770.375,784.375,762.125,783.5,675.9290161132812,6720
2009-12-21,798.625,824.25,797.125,823.375,710.3291625976562,10408
2009-12-22,834.375,848.875,832.0,838.875,723.701171875,14536
2009-12-23,829.875,842.125,814.875,838.125,723.05419921875,6352
2009-12-24,850.125,868.125,847.0,867.125,748.0726318359375,7608
2009-12-28,870.5,877.75,866.25,870.875,751.3077392578125,12688
2009-12-29,869.25,869.25,848.75,851.125,734.2693481445312,13168
2009-12-30,848.0,851.125,832.25,834.375,719.8189697265625,7080
2009-12-31,853.25,874.875,843.75,853.125,735.9947509765625,11888
2010-01-04,850.25,858.125,842.5,849.75,733.0831909179688,7552
2010-01-05,844.125,845.0,822.875,832.25,717.9857788085938,7408
2010-01-06,841.25,871.75,837.875,868.5,749.2587280273438,9520
2010-01-07,868.25,868.75,854.25,865.25,746.455078125,5216
2010-01-08,857.5,881.375,856.75,868.875,749.58251953125,8800
2010-01-11,876.875,883.625,865.625,880.5,759.6112060546875,6056
2010-01-12,839.625,849.125,830.75,833.5,719.064208984375,18504
2010-01-13,845.25,868.375,835.375,863.125,744.6217041015625,7200
2010-01-14,850.875,865.875,826.125,827.5,713.8878784179688,10344
2010-01-15,812.125,815.25,804.5,814.375,702.5648193359375,8304
2010-01-19,822.75,830.125,809.375,817.75,705.4766235351562,6056
2010-01-20,803.375,803.875,791.25,794.375,685.3109130859375,7648
2010-01-21,798.875,799.25,775.0,779.875,672.8015747070312,7664
2010-01-22,784.875,791.75,777.875,784.125,676.4682006835938,5728
2010-01-25,797.75,799.625,787.125,796.5,687.14404296875,4800
2010-01-26,783.125,802.0,783.0,796.625,687.251953125,4704
2010-01-27,792.375,800.875,783.375,794.5,685.4186401367188,7184
2010-01-28,808.25,810.25,794.625,800.875,690.9182739257812,7320
2010-01-29,803.0,804.375,776.25,777.875,671.0762329101562,6664
2010-02-01,783.625,802.5,783.625,801.0,691.0263061523438,5184
2010-02-02,798.625,802.75,793.0,794.5,685.4186401367188,3440
2010-02-03,808.25,823.5,804.75,823.375,710.3291625976562,7976
2010-02-04,803.625,805.25,778.875,779.625,672.5860595703125,11720
2010-02-05,792.375,795.375,764.125,777.375,670.6448974609375,12176
2010-02-08,777.875,783.75,771.625,771.625,665.684326171875,6688
2010-02-09,780.125,798.5,768.75,797.375,687.89892578125,9312
2010-02-10,792.375,824.375,785.25,820.125,707.5254516601562,8064
2010-02-11,823.0,848.375,821.5,834.125,719.6034545898438,11928
2010-02-12,819.875,830.0,817.375,822.75,709.7901611328125,3096
2010-02-16,833.875,834.0,813.75,815.125,703.2120361328125,3664
2010-02-17,831.625,851.0,824.25,845.0,728.9854125976562,8128
2010-02-18,841.875,870.0,840.125,855.25,737.8280029296875,11240
2010-02-19,848.125,857.5,839.375,842.0,726.397216796875,14952
2010-02-22,850.375,855.375,846.875,850.0,733.2986450195312,5784
2010-02-23,845.125,845.75,809.25,810.875,699.5454711914062,9744
2010-02-24,808.375,818.25,800.0,806.375,695.6632690429688,6824
2010-02-25,792.375,798.25,789.75,790.625,682.07568359375,6200
2010-02-26,783.875,788.75,768.5,781.0,673.772216796875,11088
2010-03-01,781.375,791.375,774.625,778.625,671.72314453125,5008
2010-03-02,792.625,795.75,781.0,782.375,674.95849609375,5016
2010-03-03,789.75,797.375,787.625,788.0,679.81103515625,4200
2010-03-04,791.375,793.5,771.25,778.375,671.5075073242188,4568
2010-03-05,793.5,814.125,793.5,811.5,700.0845947265625,8496
2010-03-08,818.875,824.625,817.5,822.25,709.3587036132812,7088
2010-03-09,817.0,832.25,815.625,820.875,708.1725463867188,4504
2010-03-10,831.0,838.5,824.125,825.625,712.2703857421875,5640
2010-03-11,832.625,833.125,810.5,817.5,705.260986328125,5496
2010-03-12,821.875,821.875,798.75,802.25,692.1046752929688,8824
2010-03-15,803.875,812.0,801.375,803.5,693.1829833984375,3304
2010-03-16,802.125,802.125,783.25,784.75,677.00732421875,12472
2010-03-17,777.625,785.25,774.875,774.875,668.4880981445312,13928
2010-03-18,774.5,786.75,773.125,782.875,675.3897094726562,6024
2010-03-19,779.5,789.875,772.5,779.5,672.4780883789062,9576
2010-03-22,777.625,779.375,773.0,775.875,669.3508911132812,2976
2010-03-23,784.75,788.75,780.0,788.0,679.81103515625,3208
2010-03-24,816.5,837.625,806.5,831.375,717.2308959960938,24424
2010-03-25,837.875,859.125,833.375,848.25,731.7890625,14456
2010-03-26,852.5,854.875,837.625,840.25,724.8873901367188,6888
2010-03-29,845.75,858.75,844.75,851.125,734.2693481445312,9920
2010-03-30,854.25,860.875,841.25,841.875,726.2893676757812,6544
2010-03-31,833.375,840.375,824.5,825.0,711.731201171875,9800
2010-04-01,837.25,845.125,831.25,833.75,719.2797241210938,7400
2010-04-05,860.625,876.25,855.25,872.875,753.0331420898438,21552
2010-04-06,863.5,878.125,861.25,869.25,749.9059448242188,9208
2010-04-07,873.125,878.75,828.625,833.5,719.064208984375,11936
2010-04-08,830.375,841.75,823.25,835.125,720.4659423828125,7240
2010-04-09,839.625,844.25,826.25,828.0,714.3192138671875,6584
2010-04-12,821.875,823.75,811.25,812.875,701.27099609375,9696
2010-04-13,801.25,811.125,798.25,805.25,694.6928100585938,9024
2010-04-14,805.75,824.25,803.0,824.25,711.0841064453125,8536
2010-04-15,832.375,835.0,812.5,820.375,707.7412719726562,10312
2010-04-16,817.75,820.0,798.25,800.625,690.7028198242188,17648
2010-04-19,800.0,810.875,796.625,807.625,696.74169921875,8992
2010-04-20,801.375,806.875,797.5,798.125,688.5460205078125,6192
2010-04-21,789.125,789.5,774.875,777.5,670.7526245117188,27104
2010-04-22,774.25,788.0,768.125,785.875,677.977783203125,15032
2010-04-23,791.25,798.375,786.375,794.5,685.4186401367188,6368
2010-04-26,782.875,797.5,779.375,792.5,683.6932983398438,5792
2010-04-27,773.75,777.5,746.875,754.75,651.126220703125,42448
2010-04-28,765.5,781.5,758.625,774.75,668.3803100585938,21584
2010-04-29,773.5,781.375,762.625,766.5,661.2628784179688,7104
2010-04-30,762.5,765.25,738.125,738.75,637.3228149414062,19688
2010-05-03,747.0,750.125,740.25,741.375,639.5875854492188,8344
2010-05-04,713.25,719.375,697.875,700.375,604.2166137695312,27008
2010-05-05,685.125,699.625,665.25,687.875,593.432861328125,28576
2010-05-06,684.25,689.375,586.875,624.0,538.32763671875,47376
2010-05-07,638.125,649.75,593.25,644.625,556.1207885742188,41160
2010-05-10,695.0,696.875,678.375,685.375,591.2759399414062,26320
2010-05-11,678.875,699.375,676.875,691.625,596.66796875,16488
2010-05-12,697.0,708.75,693.0,708.5,611.22607421875,9984
2010-05-13,694.0,717.5,686.0,694.125,598.8248901367188,16920
2010-05-14,674.0,674.625,642.375,656.0,565.9341430664062,24280
2010-05-17,657.875,665.375,638.125,663.625,572.51220703125,20920
2010-05-18,654.5,657.625,627.375,631.25,544.58203125,17976
2010-05-19,631.625,633.75,610.875,623.875,538.2197265625,17200
2010-05-20,593.125,599.875,577.875,583.625,503.495849609375,66944
2010-05-21,558.125,591.25,555.75,580.875,501.1234436035156,43776
2010-05-24,574.625,590.5,573.125,587.125,506.5153503417969,11168
2010-05-25,557.875,578.625,552.5,575.0,496.054931640625,38768
2010-05-26,585.5,598.75,581.25,582.25,502.3097534179688,31032
2010-05-27,610.625,625.0,606.875,623.25,537.6804809570312,29408
2010-05-28,616.25,623.875,610.25,615.125,530.6710815429688,18408
2010-06-01,599.375,611.875,590.625,601.5,518.916748046875,8384
2010-06-02,600.875,622.25,595.375,619.375,534.3375244140625,25768
2010-06-03,633.625,637.125,620.75,634.125,547.0626220703125,24112
2010-06-04,600.375,604.375,579.125,580.375,500.6919555664063,23592
2010-06-07,587.625,590.875,568.125,568.625,490.5553283691406,33800
2010-06-08,578.25,581.875,568.625,577.625,498.3196716308594,33752
2010-06-09,585.0,591.875,575.0,577.375,498.10400390625,43552
2010-06-10,593.0,613.125,590.0,611.375,527.4359130859375,39496
2010-06-11,593.125,602.25,579.75,585.125,504.7900085449219,28640
2010-06-14,608.625,609.25,587.5,594.625,512.9856567382812,22480
2010-06-15,591.625,612.0,589.5,604.5,521.5047607421875,37592
2010-06-16,591.25,606.0,590.0,594.25,512.6622314453125,21408
2010-06-17,591.25,591.75,571.5,578.375,498.9666442871094,23320
2010-06-18,576.5,583.875,574.0,581.0,501.23138427734375,43432
2010-06-21,603.75,604.75,583.375,586.0,505.5447998046875,40512
2010-06-22,581.75,585.75,564.125,564.75,487.21234130859375,38720
2010-06-23,564.125,564.375,546.125,551.5,475.7814636230469,46448
2010-06-24,550.5,567.625,546.875,562.625,485.3790588378906,37840
2010-06-25,569.125,571.125,550.625,554.625,478.4774169921875,34616
2010-06-28,545.25,547.75,537.875,538.5,464.56634521484375,34488
2010-06-29,531.25,534.875,517.75,519.5,448.17486572265625,51104
2010-06-30,513.75,522.875,507.625,508.625,438.7931213378906,36080
2010-07-01,506.0,508.5,489.75,506.125,436.6363220214844,44816
2010-07-02,515.375,521.125,508.375,519.125,447.8514709472656,43968
2010-07-06,518.25,518.625,503.375,505.125,435.7735595703125,29008
2010-07-07,508.125,525.25,506.875,524.0,452.0570983886719,34776
2010-07-08,533.625,538.0,528.625,533.375,460.14495849609375,25560
2010-07-09,540.5,544.875,537.125,544.875,470.066162109375,23856
2010-07-12,541.125,546.25,532.875,544.75,469.9581909179688,25064
2010-07-13,550.0,561.375,548.875,558.875,482.1438598632813,37040
2010-07-14,551.25,557.25,537.5,540.125,465.96820068359375,39768
2010-07-15,533.75,533.75,518.375,523.0,451.19439697265625,40984
2010-07-16,524.125,525.0,510.625,515.0,444.2928466796875,29600
2010-07-19,518.75,529.125,516.75,526.0,453.7825622558594,23704
2010-07-20,518.125,526.125,514.25,523.75,451.8414001464844,18792
2010-07-21,521.625,522.25,491.5,496.25,428.1170349121094,36312
2010-07-22,503.625,514.75,503.5,513.5,442.9986877441406,25528
2010-07-23,515.125,531.875,512.5,530.5,457.6646423339844,21664
2010-07-26,532.25,542.875,529.375,532.0,458.9587707519531,17504
2010-07-27,545.75,549.75,538.5,548.625,473.30126953125,26912
2010-07-28,551.5,555.25,540.0,543.375,468.7720642089844,26704
2010-07-29,558.625,562.0,543.25,544.625,469.850341796875,26016
2010-07-30,524.375,530.25,516.875,519.25,447.9592895507813,40968
2010-08-02,534.25,542.0,532.5,540.625,466.3995971679688,12072
2010-08-03,534.875,538.375,526.5,533.0,459.8215026855469,16960
2010-08-04,529.5,544.75,528.75,544.75,469.9581909179688,20464
2010-08-05,531.375,540.875,529.0,537.0,463.272216796875,26512
2010-08-06,524.625,529.5,517.0,518.875,447.6357421875,19080
2010-08-09,525.5,527.0,520.875,524.5,452.4884338378906,15280
2010-08-10,519.0,529.25,504.125,522.5,450.7630920410156,30056
2010-08-11,516.125,517.25,498.5,500.5,431.7835998535156,24328
2010-08-12,496.375,507.625,490.625,506.125,436.6363220214844,18352
2010-08-13,496.0,498.125,484.0,485.5,418.843017578125,60528
2010-08-16,456.25,459.375,447.375,447.5,386.0601806640625,54384
2010-08-17,447.875,459.75,447.5,457.0,394.2559509277344,31744
2010-08-18,445.5,452.25,437.375,452.0,389.9424743652344,40968
2010-08-19,449.0,450.625,424.25,430.0,370.9629211425781,60432
2010-08-20,426.75,434.5,421.5,431.5,372.2570190429688,42744
2010-08-23,437.125,441.75,430.75,432.25,372.9039611816406,42368
2010-08-24,419.625,423.75,406.25,409.875,353.6009521484375,46160
2010-08-25,397.75,417.75,391.75,413.75,356.9439392089844,59000
2010-08-26,411.625,414.875,401.125,401.75,346.59149169921875,41080
2010-08-27,411.125,439.25,403.625,437.75,377.6488952636719,56920
2010-08-30,426.75,431.5,412.375,412.375,355.7577819824219,45176
2010-08-31,401.25,408.25,396.25,396.5,342.0623474121094,61792
2010-09-01,412.25,433.375,410.875,423.5,365.3553161621094,55728
2010-09-02,434.125,443.75,432.875,437.875,377.7566528320313,39936
2010-09-03,466.875,467.375,451.5,455.25,392.7462158203125,45048
2010-09-07,434.375,438.125,424.375,425.875,367.40423583984375,37496
2010-09-08,433.25,443.125,431.75,436.375,376.4627075195313,38464
2010-09-09,451.25,465.625,446.625,462.75,399.2164916992188,52072
2010-09-10,472.125,477.375,465.375,470.5,405.9024658203125,41072
2010-09-13,478.125,478.5,459.125,463.5,399.8634643554688,49680
2010-09-14,459.875,460.75,448.875,449.0,387.3542785644531,29360
2010-09-15,463.375,471.875,456.5,469.375,404.931884765625,33000
2010-09-16,481.25,490.875,476.25,481.375,415.2843627929688,40056
2010-09-17,472.5,479.875,468.875,475.625,410.3237915039063,21296
2010-09-20,468.25,474.5,463.5,466.5,402.45159912109375,29784
2010-09-21,461.125,466.0,443.625,448.75,387.138671875,52280
2010-09-22,435.75,445.5,429.625,435.875,376.03125,43832
2010-09-23,425.375,439.625,425.0,431.25,372.0413818359375,29768
2010-09-24,443.375,448.625,441.125,448.5,386.9229431152344,24768
2010-09-27,435.625,435.875,423.625,425.25,366.8651123046875,34288
2010-09-28,424.375,424.625,413.125,417.0,359.74774169921875,34472
2010-09-29,414.625,424.25,413.625,421.75,363.8455810546875,23528
2010-09-30,424.25,439.625,421.875,421.875,363.9534301757813,29792
2010-10-01,433.125,436.125,422.875,428.25,369.45318603515625,26328
2010-10-04,428.75,431.125,425.0,425.5,367.0807495117188,20736
2010-10-05,427.125,436.625,426.25,432.125,372.7962036132813,25152
2010-10-06,424.625,425.125,410.0,416.875,359.6398620605469,56440
2010-10-07,421.625,426.875,418.75,426.25,367.7278137207031,29296
2010-10-08,424.625,432.0,417.5,431.75,372.4726867675781,30016
2010-10-11,432.375,435.125,430.875,431.375,372.1491088867188,16632
2010-10-12,430.0,445.25,425.625,444.125,383.1486511230469,45208
2010-10-13,455.75,459.625,446.0,447.0,385.6288757324219,44000
2010-10-14,444.0,467.375,439.125,466.875,402.7751770019531,52056
2010-10-15,479.125,489.125,473.375,482.5,416.2549133300781,69088
2010-10-18,470.625,476.25,466.875,470.625,406.0103149414063,55000
2010-10-19,479.625,479.625,458.0,463.5,399.8634643554688,46384
2010-10-20,467.625,469.875,455.375,461.5,398.1380615234375,45104
2010-10-21,463.25,476.875,460.625,475.5,410.2159423828125,43048
2010-10-22,480.125,480.5,466.0,467.375,403.2065124511719,38136
2010-10-25,456.875,464.5,455.0,463.375,399.7556762695313,49312
2010-10-26,474.0,485.25,471.625,484.625,418.088134765625,46872
2010-10-27,490.875,497.125,483.625,496.875,428.65631103515625,78008
2010-10-28,491.875,498.0,488.0,493.5,425.74462890625,62296
2010-10-29,488.5,491.375,478.625,480.0,414.09814453125,40592
2010-11-01,469.5,488.0,469.25,485.375,418.7351684570313,27864
2010-11-02,474.125,474.375,464.75,467.125,402.9908447265625,33528
2010-11-03,456.125,501.625,448.875,494.25,426.3916931152344,119000
2010-11-04,490.875,492.375,480.625,483.75,417.3332824707031,45872
2010-11-05,502.5,507.875,496.25,506.375,436.8519287109375,64552
2010-11-08,498.5,510.625,493.5,501.25,432.4305725097656,42256
2010-11-09,500.375,535.375,499.875,534.5,461.1155090332031,100536
2010-11-10,532.5,554.375,526.25,532.0,458.9587707519531,139776
2010-11-11,531.25,535.875,527.875,532.125,459.0665283203125,26792
2010-11-12,535.0,541.0,526.0,541.0,466.7230529785156,40184
2010-11-15,549.75,574.375,543.0,574.0,495.1922302246094,117976
2010-11-16,555.25,571.875,530.75,533.125,459.9292907714844,88584
2010-11-17,537.625,545.125,521.875,540.625,466.3995971679688,87520
2010-11-18,539.875,554.125,534.375,534.875,461.4389953613281,90872
2010-11-19,532.625,537.5,525.0,525.0,452.91986083984375,60904
2010-11-22,511.5,529.75,507.875,517.625,446.557373046875,74840
2010-11-23,506.75,513.375,502.375,509.5,439.5478515625,70056
2010-11-24,520.125,539.25,517.375,536.5,462.8409729003906,62824
2010-11-26,520.375,523.25,514.25,515.125,444.400634765625,26520
2010-11-29,506.25,514.125,500.625,501.625,432.7540893554688,75664
2010-11-30,481.875,497.875,480.375,493.625,425.85247802734375,90112
2010-12-01,514.625,525.5,507.75,525.0,452.91986083984375,125744
2010-12-02,525.125,532.0,515.625,530.0,457.2333984375,57640
2010-12-03,519.25,543.0,518.625,542.75,468.2328796386719,92328
2010-12-06,531.625,535.0,519.375,519.75,448.39056396484375,61760
2010-12-07,544.0,569.125,540.625,553.0,477.0755920410156,134536
2010-12-08,560.625,588.625,559.375,568.5,490.4474182128906,145712
2010-12-09,562.625,578.125,550.5,560.625,483.6537780761719,109712
2010-12-10,568.125,570.75,558.0,569.875,491.6337585449219,56120
2010-12-13,572.625,580.75,554.25,564.875,487.3201293945313,168608
2010-12-14,583.875,601.375,572.5,587.875,507.1624145507813,135136
2010-12-15,589.625,620.375,586.875,610.875,527.004638671875,169208
2010-12-16,610.0,618.75,598.75,599.0,516.760009765625,143160
2010-12-17,592.125,592.875,555.75,567.125,489.2612609863281,127160
2010-12-20,556.75,576.75,548.0,567.0,489.1533203125,91584
2010-12-21,567.75,579.375,556.25,556.25,479.8792724609375,47200
2010-12-22,561.375,571.125,560.125,567.125,489.2612609863281,61944
2010-12-23,566.5,578.125,565.625,572.5,493.8982543945313,71056
2010-12-27,574.375,582.5,554.375,555.0,478.8009643554688,69232
2010-12-28,565.375,593.125,563.625,588.25,507.4858703613281,114832
2010-12-29,585.125,590.375,551.25,558.125,481.4970703125,133864
2010-12-30,563.125,571.375,555.875,559.25,482.4673461914063,60944
2010-12-31,551.875,552.75,531.0,540.125,465.96820068359375,77712
2011-01-03,555.5,559.75,536.875,551.5,475.7814636230469,108160
2011-01-04,552.25,560.375,545.75,550.125,474.5953369140625,65232
2011-01-05,567.25,590.625,564.5,585.25,504.8977355957031,141656
2011-01-06,584.5,591.625,573.375,578.75,499.2901611328125,64800
2011-01-07,585.125,593.75,563.75,569.875,491.6337585449219,121056
2011-01-10,564.75,572.0,557.125,559.625,482.7908630371094,100224
2011-01-11,566.0,580.625,564.25,569.875,491.6337585449219,65440
2011-01-12,580.125,585.125,572.125,581.25,501.4469909667969,71760
2011-01-13,582.0,585.5,560.25,567.0,489.1533203125,73016
2011-01-14,560.125,578.75,558.125,577.5,498.2117919921875,60328
2011-01-18,588.0,597.75,579.75,585.5,505.1134338378906,87696
2011-01-19,585.5,586.25,572.875,573.375,494.6531982421875,51496
2011-01-20,583.25,603.875,581.25,595.625,513.8483276367188,92984
2011-01-21,598.25,601.875,582.5,582.75,502.7409362792969,41368
2011-01-24,575.625,584.5,574.625,581.625,501.7705078125,94608
2011-01-25,574.25,585.375,555.75,565.75,488.0750732421875,109104
2011-01-26,568.5,592.75,567.75,590.375,509.3191223144531,92624
2011-01-27,589.125,596.75,578.125,582.5,502.52532958984375,58400
2011-01-28,594.0,594.75,566.0,573.625,494.8688659667969,52720
2011-01-31,578.125,588.75,572.0,585.25,504.8977355957031,42624
2011-02-01,592.75,600.625,587.25,593.875,512.338623046875,70728
2011-02-02,585.5,605.0,583.875,593.75,512.2308959960938,129128
2011-02-03,604.375,609.375,592.5,608.75,525.1713256835938,80152
2011-02-04,613.625,627.875,610.25,627.0,540.9157104492188,200592
2011-02-07,629.75,632.125,617.0,618.0,533.1513671875,79416
2011-02-08,616.75,636.25,611.875,634.0,546.9546508789062,97536
2011-02-09,629.375,641.0,608.5,618.625,533.6904907226562,118168
2011-02-10,624.375,639.25,619.625,639.125,551.3759765625,110160
2011-02-11,621.0,626.875,610.125,611.875,527.8672485351562,107784
2011-02-14,614.5,614.5,601.875,610.375,526.5731811523438,96760
2011-02-15,609.5,613.125,601.125,603.0,520.210693359375,75792
2011-02-16,603.0,613.625,594.0,607.375,523.985107421875,89856
2011-02-17,599.625,607.0,596.75,605.375,522.2598266601562,86856
2011-02-18,611.625,618.5,609.625,610.125,526.3577270507812,61784
2011-02-22,601.75,605.25,580.875,583.375,503.28021240234375,134304
2011-02-23,577.625,584.375,569.0,576.0,496.9176330566406,146736
2011-02-24,567.625,571.125,560.0,565.5,487.85943603515625,71704
2011-02-25,564.875,566.875,555.5,555.875,479.5557556152344,46248
2011-02-28,555.125,558.875,550.75,553.125,477.1832885742188,90808
2011-03-01,563.875,564.125,547.875,548.0,472.7620544433594,88280
2011-03-02,557.5,573.375,555.125,572.75,494.114013671875,111984
2011-03-03,581.5,591.75,576.625,589.75,508.7799987792969,143016
2011-03-04,589.375,591.375,574.625,575.5,496.4864501953125,107640
2011-03-07,590.375,593.5,574.5,586.5,505.9760437011719,61448
2011-03-08,588.75,597.25,584.25,597.0,515.0345458984375,72544
2011-03-09,588.875,593.625,574.125,579.75,500.1528930664063,108608
2011-03-10,573.625,577.75,549.875,550.5,474.9187927246094,162128
2011-03-11,550.875,563.5,550.5,559.375,482.5753784179688,71552
2011-03-14,560.75,563.75,552.875,560.875,483.8694458007813,74944
2011-03-15,536.75,544.625,531.875,536.0,462.4095458984375,146632
2011-03-16,527.0,531.625,499.25,517.5,446.4494934082031,231776
2011-03-17,528.125,536.25,522.25,528.125,455.6157836914063,84224
2011-03-18,536.5,537.375,523.75,523.75,451.8414001464844,69904
2011-03-21,529.75,539.0,529.125,533.25,460.0371398925781,88008
2011-03-22,535.125,536.5,527.125,528.25,455.72369384765625,65352
2011-03-23,517.5,533.125,517.125,530.25,457.4490051269531,61040
2011-03-24,536.0,541.375,534.0,541.375,467.0466003417969,75904
2011-03-25,533.75,548.5,532.25,545.375,470.4974060058594,82072
2011-03-28,547.125,548.875,537.25,543.125,468.5563049316406,38920
2011-03-29,549.5,556.5,540.25,555.5,479.23236083984375,59104
2011-03-30,553.625,556.625,543.0,543.125,468.5563049316406,56752
2011-03-31,536.75,555.25,535.75,546.5,471.4679260253906,117088
2011-04-01,550.375,551.875,536.75,538.625,464.6741638183594,82480
2011-04-04,537.875,539.25,531.625,536.0,462.4095458984375,44536
2011-04-05,538.875,547.125,535.0,542.375,467.9093933105469,49472
2011-04-06,545.5,567.0,545.25,566.875,489.0455017089844,68256
2011-04-07,567.125,574.75,563.125,570.25,491.9573059082031,99496
2011-04-08,578.75,580.125,571.375,579.5,499.9372863769531,72960
2011-04-11,580.75,583.75,572.875,578.25,498.85888671875,65744
2011-04-12,565.5,566.5,553.125,560.375,483.43798828125,90152
2011-04-13,566.375,568.125,549.125,549.125,473.7327880859375,89944
2011-04-14,548.125,553.5,543.625,549.25,473.8404235839844,107064
2011-04-15,534.625,538.125,526.875,529.0,456.37060546875,109864
2011-04-18,538.25,548.125,520.125,523.75,451.8414001464844,113080
2011-04-19,524.0,525.75,517.0,517.375,446.3417053222656,64408
2011-04-20,520.25,527.875,517.375,527.125,454.7530212402344,61856
2011-04-21,523.5,529.0,517.125,528.5,455.9393310546875,54808
2011-04-25,527.5,529.625,521.625,522.0,450.3316650390625,38856
2011-04-26,517.0,518.0,506.375,506.375,436.8519287109375,120200
2011-04-27,512.875,524.5,511.5,522.125,450.4395446777344,64448
2011-04-28,516.625,520.625,510.125,510.625,440.5184326171875,67376
2011-04-29,511.875,514.375,505.0,506.625,437.0676574707031,50000
2011-05-02,508.125,510.625,502.25,503.25,434.1559753417969,48376
2011-05-03,497.75,503.75,494.375,494.5,426.60736083984375,74752
2011-05-04,492.25,492.625,485.875,487.5,420.56842041015625,78544
2011-05-05,482.625,484.375,471.75,474.0,408.9219055175781,81640
2011-05-06,488.5,490.625,473.875,480.5,414.5295104980469,95264
2011-05-09,482.625,483.5,478.0,481.125,415.0686645507813,24896
2011-05-10,485.625,491.75,482.75,491.75,424.2349243164063,38864
2011-05-11,491.375,493.25,479.25,483.25,416.9019470214844,59400
2011-05-12,481.375,497.25,479.0,492.25,424.6662902832031,72480
2011-05-13,485.875,487.5,472.375,479.125,413.3432922363281,43400
2011-05-16,479.875,483.75,468.25,471.25,406.5494079589844,59152
2011-05-17,464.75,465.375,456.5,456.875,394.1481018066406,67936
2011-05-18,461.0,474.625,459.25,474.25,409.1375732421875,54984
2011-05-19,486.75,487.25,474.125,474.125,409.0296936035156,60192
2011-05-20,478.5,482.875,472.875,473.875,408.8141479492188,58320
2011-05-23,467.75,469.875,461.25,467.75,403.5299987792969,66432
2011-05-24,469.375,471.625,461.875,462.25,398.7851257324219,34728
2011-05-25,462.0,470.5,460.0,468.375,404.0692443847656,41552
2011-05-26,464.5,465.5,455.875,456.625,393.9324035644531,57304
2011-05-27,461.5,465.0,456.25,456.625,393.9324035644531,38264
2011-05-31,460.75,462.25,452.75,453.5,391.2364501953125,45128
2011-06-01,445.5,445.75,434.125,435.5,375.7077941894531,112768
2011-06-02,450.375,459.875,445.0,459.5,396.4126892089844,96872
2011-06-03,448.5,463.0,448.125,452.125,390.05029296875,64544
2011-06-06,464.0,467.5,456.875,462.5,399.0007629394531,69200
2011-06-07,467.5,469.125,455.625,455.625,393.0697326660156,77992
2011-06-08,452.75,453.875,444.375,444.875,383.7956848144531,107544
2011-06-09,441.125,456.875,437.5,450.375,388.54052734375,91760
2011-06-10,443.25,444.375,436.625,440.375,379.9134826660156,72624
2011-06-13,445.125,446.875,438.125,446.625,385.3053894042969,49656
2011-06-14,458.875,467.375,457.125,467.0,402.8829956054688,57664
2011-06-15,464.0,464.125,441.125,441.25,380.66839599609375,105360
2011-06-16,439.125,442.625,432.875,435.0,375.2765197753906,63944
2011-06-17,442.0,444.625,438.125,441.5,380.8840942382813,56752
2011-06-20,435.625,445.5,435.125,440.0,379.5899353027344,42432
2011-06-21,443.875,449.75,439.625,445.125,384.0113220214844,52144
2011-06-22,440.375,447.75,439.0,445.125,384.0113220214844,41160
2011-06-23,436.5,437.625,429.625,434.5,374.8450317382813,66752
2011-06-24,434.75,439.75,430.375,439.75,379.374267578125,34816
2011-06-27,441.5,459.0,441.25,457.375,394.5794372558594,62608
2011-06-28,460.0,471.0,457.375,469.0,404.6083679199219,100032
2011-06-29,467.875,481.625,464.375,478.125,412.4805908203125,107440
2011-06-30,478.25,494.75,477.25,480.125,414.20599365234375,100864
2011-07-01,475.0,486.5,473.375,482.875,416.5785217285156,93744
2011-07-05,476.375,481.5,474.375,479.5,413.6667785644531,59608
2011-07-06,473.75,479.25,469.75,472.25,407.4121398925781,40728
2011-07-07,479.625,483.375,474.625,475.875,410.5395202636719,78464
2011-07-08,463.625,463.75,452.125,455.625,393.0697326660156,80072
2011-07-11,445.875,450.0,435.5,435.75,375.9234619140625,74192
2011-07-12,428.5,438.25,428.25,431.125,371.9334411621094,81512
2011-07-13,436.5,444.25,426.625,427.5,368.8061828613281,107008
2011-07-14,437.5,445.25,427.625,445.0,383.9035034179688,89504
2011-07-15,455.625,456.0,442.625,443.0,382.1780700683594,86000
2011-07-18,444.375,456.25,443.125,455.875,393.2854309082031,56560
2011-07-19,454.375,456.625,426.875,427.625,368.91400146484375,96312
2011-07-20,434.0,445.0,432.25,442.375,381.638916015625,62976
2011-07-21,453.625,458.375,445.125,452.25,390.1580505371094,148024
2011-07-22,447.375,449.5,441.625,442.375,381.638916015625,38440
2011-07-25,457.0,458.75,442.125,455.875,393.2854309082031,99880
2011-07-26,452.375,452.875,444.125,447.375,385.9523315429688,72920
2011-07-27,451.25,454.75,444.5,446.5,385.1975402832031,140136
2011-07-28,440.875,446.125,437.75,442.125,381.4231872558594,69088
2011-07-29,430.0,431.375,407.5,415.125,358.1301574707031,209208
2011-08-01,418.5,418.625,398.625,403.25,347.8855895996094,134568
2011-08-02,395.625,399.25,366.5,367.0,316.61248779296875,200568
2011-08-03,366.625,368.625,346.75,364.25,314.2401123046875,191328
2011-08-04,357.875,358.875,326.0,326.5,281.6729736328125,189328
2011-08-05,343.25,353.625,324.5,353.125,304.6424255371094,154624
2011-08-08,344.375,346.375,317.125,319.625,275.74188232421875,211160
2011-08-09,324.75,330.625,285.25,316.75,273.2616577148437,188144
2011-08-10,300.875,306.875,288.0,288.375,248.78244018554688,157352
2011-08-11,301.5,334.0,297.75,331.0,285.5551147460937,217464
2011-08-12,322.625,326.25,311.25,312.25,269.37939453125,141568
2011-08-15,317.875,321.875,312.875,321.5,277.3594055175781,86568
2011-08-16,320.125,320.125,302.0,305.0,263.1248474121094,96768
2011-08-17,304.625,309.125,289.25,289.75,249.96864318847656,97912
2011-08-18,273.5,279.75,257.25,272.0,234.6556701660156,155872
2011-08-19,269.0,272.0,263.5,264.625,228.29315185546875,53408
2011-08-22,270.375,270.5,264.375,266.875,230.23423767089844,68784
2011-08-23,275.0,278.125,265.375,277.125,239.07701110839844,60240
2011-08-24,278.25,302.625,277.75,301.25,259.88970947265625,91472
2011-08-25,298.125,300.875,287.5,291.875,251.80194091796875,75816
2011-08-26,281.375,291.75,276.875,283.0,244.1454162597656,108192
2011-08-29,296.875,297.75,291.625,294.75,254.2820739746093,46456
2011-08-30,283.0,284.375,275.25,280.5,241.9886169433593,146296
2011-08-31,279.625,293.5,278.625,292.625,252.4488677978516,90560
2011-09-01,287.25,298.5,274.625,275.25,237.4593963623047,81512
2011-09-02,256.625,261.5,247.625,248.875,214.70556640625,193688
2011-09-06,235.5,242.125,232.125,240.5,207.4803924560547,104704
2011-09-07,249.375,255.125,248.625,253.875,219.0190887451172,55672
2011-09-08,248.375,255.0,246.25,247.375,213.4115295410156,52968
2011-09-09,247.125,249.0,236.0,239.125,206.294189453125,87312
2011-09-12,240.25,242.875,235.625,238.5,205.7550201416016,67792
2011-09-13,240.75,249.125,239.875,248.375,214.2742462158203,54392
2011-09-14,250.375,251.0,227.0,242.375,209.0979919433593,91616
2011-09-15,249.875,253.25,246.625,253.25,218.47987365722656,84808
2011-09-16,254.0,254.625,245.25,248.125,214.0585174560547,109168
2011-09-19,234.75,235.125,228.125,233.875,201.76499938964844,105360
2011-09-20,233.75,235.625,230.5,230.75,199.06903076171875,50112
2011-09-21,232.0,234.375,207.125,208.125,179.5503692626953,152392
2011-09-22,193.125,194.25,180.625,184.0,158.73760986328125,247072
2011-09-23,184.375,194.5,183.375,194.375,167.6881561279297,118368
2011-09-26,197.875,205.375,195.625,203.875,175.88385009765625,228864
2011-09-27,215.0,217.25,212.0,213.25,183.97171020507807,170016
2011-09-28,214.25,220.375,213.0,213.25,183.97171020507807,122976
2011-09-29,210.25,213.0,203.75,209.0,180.3052215576172,81240
2011-09-30,197.25,202.25,192.625,193.375,166.8254852294922,101672
2011-10-03,186.625,190.25,177.125,177.25,152.91436767578125,208992
2011-10-04,174.875,184.25,171.875,183.75,158.52194213867188,192000
2011-10-05,186.5,191.0,186.0,188.0,162.1884307861328,131824
2011-10-06,191.125,198.25,189.625,197.875,170.7075958251953,74920
2011-10-07,205.25,209.375,198.5,202.5,174.69766235351562,146856
2011-10-10,210.0,215.25,209.375,211.75,182.6776580810547,58168
2011-10-11,207.5,214.5,207.0,213.125,183.8639068603516,60072
2011-10-12,221.875,227.875,219.125,222.25,191.736068725586,87400
2011-10-13,219.625,219.625,210.625,216.0,186.3441619873047,100216
2011-10-14,225.625,227.0,221.5,225.25,194.3242034912109,48088
2011-10-17,223.25,223.5,213.375,213.375,184.07955932617188,98128
2011-10-18,212.5,222.25,208.375,217.125,187.314682006836,56496
2011-10-19,221.125,223.125,214.375,217.75,187.85389709472656,51096
2011-10-20,221.625,223.875,214.875,222.5,191.9517517089844,52224
2011-10-21,225.25,229.5,223.25,229.5,197.9907073974609,69888
2011-10-24,224.5,229.625,223.625,228.125,196.8044586181641,43688
2011-10-25,227.875,228.125,210.0,210.75,181.81494140625,84128
2011-10-26,214.875,222.25,210.75,221.5,191.0890350341797,61152
2011-10-27,231.0,246.875,229.5,244.375,210.8233642578125,123056
2011-10-28,240.5,241.125,233.125,237.0,204.46095275878903,116848
2011-10-31,222.75,223.625,208.375,208.625,179.981689453125,83784
2011-11-01,191.5,199.625,187.75,188.25,162.40408325195312,209352
2011-11-02,200.875,201.625,192.75,194.125,167.47250366210938,107768
2011-11-03,202.75,204.25,197.5,202.125,174.3741455078125,53064
2011-11-04,205.125,206.5,198.625,201.875,174.15846252441406,53304
2011-11-07,200.75,202.375,192.0,197.75,170.59979248046875,61752
2011-11-08,200.0,206.375,196.125,205.5,177.28575134277344,100880
2011-11-09,191.875,198.125,187.375,192.375,165.9627685546875,21328
2011-11-10,199.1499938964844,206.8249969482422,195.0749969482422,200.9750061035156,173.3820343017578,1256840
2011-11-11,204.375,205.625,202.25,205.0749969482422,176.91909790039062,140160
2011-11-14,200.9250030517578,201.8500061035156,194.6000061035156,195.3500061035156,168.529296875,438240
2011-11-15,194.1999969482422,199.0500030517578,190.4750061035156,195.7749938964844,168.89598083496094,301160
2011-11-16,193.1999969482422,196.6999969482422,190.5749969482422,190.6499938964844,164.47459411621094,354920
2011-11-17,192.1000061035156,192.375,182.1999969482422,186.1999969482422,160.63555908203125,401160
2011-11-18,186.875,190.8500061035156,185.2250061035156,186.1499938964844,160.59243774414062,299280
2011-11-21,181.1499938964844,183.3500061035156,179.625,182.8999938964844,157.78866577148438,194480
2011-11-22,181.2250061035156,183.5249938964844,176.5500030517578,176.72500610351562,152.46145629882812,163280
2011-11-23,177.47500610351562,178.1999969482422,169.375,171.52499389648438,147.97537231445312,157280
2011-11-25,174.5749969482422,179.0,174.4499969482422,178.625,154.1005859375,129600
2011-11-28,188.25,188.6000061035156,177.1999969482422,179.1750030517578,154.57508850097656,196920
2011-11-29,182.2250061035156,186.375,178.3000030517578,183.375,158.19839477539062,284440
2011-11-30,189.9250030517578,194.875,188.8249969482422,192.6000061035156,166.1569061279297,196560
2011-12-01,198.3249969482422,200.5,193.75,194.8999938964844,168.14108276367188,163920
2011-12-02,196.8249969482422,196.9750061035156,186.6000061035156,186.7749938964844,161.1316375732422,128600
2011-12-05,194.7250061035156,194.9499969482422,185.8249969482422,187.5749969482422,161.82180786132812,135320
2011-12-06,190.4499969482422,195.4750061035156,188.3500061035156,193.1999969482422,166.67449951171875,159600
2011-12-07,192.875,195.0249938964844,188.4250030517578,190.625,164.4530029296875,68360
2011-12-08,191.25,192.3249969482422,183.1000061035156,183.5749969482422,158.3709716796875,112480
2011-12-09,184.3000030517578,195.5249938964844,184.0749969482422,195.0249938964844,168.2489013671875,103280
2011-12-12,189.3249969482422,190.4499969482422,186.3249969482422,188.8999938964844,162.96484375,120080
2011-12-13,191.8999938964844,192.625,181.0500030517578,183.5500030517578,158.34939575195312,112360
2011-12-14,180.1999969482422,181.5500030517578,173.0,173.0,149.2478790283203,174440
2011-12-15,175.9250030517578,177.10000610351562,173.3000030517578,174.6750030517578,150.6929168701172,90480
2011-12-16,172.8249969482422,173.14999389648438,167.5,168.9499969482422,145.75392150878906,165800
2011-12-19,168.52499389648438,168.875,161.8249969482422,162.4250030517578,140.12477111816406,159640
2011-12-20,167.1999969482422,175.0500030517578,167.1999969482422,174.35000610351562,150.41250610351562,317440
2011-12-21,174.8000030517578,181.6499938964844,174.22500610351562,181.6499938964844,156.7102813720703,196960
2011-12-22,177.5,180.1999969482422,175.72500610351562,179.39999389648438,154.76918029785156,82200
2011-12-23,183.9250030517578,187.625,183.4750061035156,185.3249969482422,159.8806915283203,71040
2011-12-27,185.0249938964844,186.4499969482422,182.8500061035156,182.8500061035156,157.7455291748047,52200
2011-12-28,181.125,181.1499938964844,170.625,172.35000610351562,148.68710327148438,103640
2011-12-29,173.25,174.97500610351562,170.5749969482422,171.5,147.953857421875,48960
2011-12-30,170.3249969482422,171.25,167.625,169.89999389648438,146.57345581054688,91520
2012-01-03,177.5,179.5,174.39999389648438,177.5,153.1300506591797,80560
2012-01-04,178.125,185.125,178.125,183.5500030517578,158.34939575195312,125000
2012-01-05,183.0749969482422,185.8249969482422,178.75,184.8000030517578,159.42776489257812,109200
2012-01-06,185.0249938964844,185.0249938964844,179.22500610351562,180.3999938964844,155.6319122314453,98040
2012-01-09,181.5,182.1750030517578,176.64999389648438,181.2250061035156,156.34364318847656,72320
2012-01-10,184.8000030517578,184.8500061035156,179.8249969482422,182.3500061035156,157.31417846679688,70880
2012-01-11,179.0,179.02499389648438,174.25,175.14999389648438,151.1026611328125,140600
2012-01-12,174.85000610351562,177.72500610351562,172.52499389648438,175.8000030517578,151.66342163085938,129480
2012-01-13,169.5500030517578,170.77499389648438,167.25,170.60000610351562,147.17739868164062,149800
2012-01-17,170.35000610351562,170.77499389648438,167.39999389648438,168.375,145.25784301757812,75320
2012-01-18,167.85000610351562,174.4250030517578,167.4250030517578,174.35000610351562,150.41250610351562,106440
2012-01-19,176.9250030517578,183.1750030517578,175.9499969482422,181.3000030517578,156.4083251953125,140960
2012-01-20,184.1499938964844,187.625,183.125,187.4750061035156,161.73550415039062,151760
2012-01-23,191.6000061035156,194.25,189.125,191.0,164.7765350341797,131040
2012-01-24,188.8999938964844,193.3249969482422,188.8999938964844,190.1499938964844,164.04324340820312,90800
2012-01-25,191.875,192.7749938964844,180.0,191.5749969482422,165.27259826660156,283840
2012-01-26,188.9499969482422,189.25,183.75,184.0249938964844,158.7591552734375,109120
2012-01-27,183.2749938964844,186.8000030517578,181.1999969482422,181.9250030517578,156.94752502441406,56040
2012-01-30,173.9499969482422,176.125,171.39999389648438,175.5749969482422,151.4693145751953,141480
2012-01-31,176.72500610351562,176.72500610351562,169.1750030517578,169.75,146.44407653808594,171680
2012-02-01,172.8249969482422,176.75,172.35000610351562,175.3249969482422,151.25369262695312,128800
2012-02-02,176.1750030517578,177.5,174.0749969482422,175.4499969482422,151.36151123046875,50960
2012-02-03,187.1499938964844,189.3500061035156,185.75,186.4499969482422,160.85125732421875,176960
2012-02-06,186.1999969482422,187.6999969482422,180.8000030517578,181.1000061035156,156.2357940673828,129040
2012-02-07,186.0749969482422,190.0749969482422,185.0749969482422,187.75,161.97276306152344,131640
2012-02-08,188.0,189.125,185.375,187.1499938964844,161.455078125,164800
2012-02-09,189.6499938964844,195.6000061035156,188.9499969482422,191.5,165.2079315185547,227320
2012-02-10,184.9499969482422,186.3000030517578,182.5,184.3249969482422,159.0180206298828,142360
2012-02-13,185.75,186.6499938964844,182.2749938964844,183.6000061035156,158.39254760742188,117640
2012-02-14,181.7749938964844,182.8500061035156,178.0500030517578,180.5749969482422,155.78286743164062,137040
2012-02-15,181.0,181.6499938964844,178.25,181.5,156.5808563232422,107240
2012-02-16,182.625,187.8500061035156,181.25,185.6999969482422,160.2042236328125,183720
2012-02-17,189.3000030517578,189.6999969482422,185.8249969482422,185.9750061035156,160.44146728515625,131120
2012-02-21,189.8000030517578,193.5749969482422,189.1499938964844,191.8999938964844,165.55299377441406,153480
2012-02-22,189.0,189.3999938964844,184.7250061035156,184.9250030517578,159.53562927246094,116760
2012-02-23,187.6000061035156,188.5,182.5,184.625,159.27682495117188,113320
2012-02-24,182.3999938964844,183.6000061035156,180.6999969482422,181.25,156.36521911621094,92040
2012-02-27,176.5,178.0500030517578,174.875,176.0749969482422,151.90065002441406,195800
2012-02-28,174.77499389648438,178.875,173.6750030517578,177.9250030517578,153.4967041015625,132360
2012-02-29,177.125,183.2749938964844,176.8249969482422,181.0749969482422,156.2141876220703,231000
2012-03-01,185.6999969482422,188.6499938964844,183.4499969482422,186.0249938964844,160.48458862304688,304720
2012-03-02,183.6000061035156,183.8500061035156,179.5,181.0500030517578,156.1926727294922,135400
2012-03-05,181.8999938964844,185.1000061035156,179.75,185.0749969482422,159.66502380371094,146160
2012-03-06,179.4499969482422,179.4499969482422,176.3249969482422,178.8249969482422,154.2731170654297,117280
2012-03-07,179.3000030517578,182.2749938964844,178.6999969482422,181.6750030517578,156.73182678222656,122640
2012-03-08,184.6499938964844,187.6999969482422,183.4750061035156,187.1000061035156,161.4119873046875,147160
2012-03-09,188.5500030517578,191.25,186.25,186.4499969482422,160.85125732421875,126840
2012-03-12,184.4499969482422,186.5249938964844,183.5749969482422,185.9750061035156,160.44146728515625,53880
2012-03-13,189.3500061035156,196.0749969482422,188.75,195.8249969482422,168.93911743164062,247400
2012-03-14,202.1000061035156,211.1499938964844,202.0500030517578,210.5749969482422,181.6640014648437,463920
2012-03-15,211.6000061035156,211.75,206.875,209.875,181.0601043701172,317920
2012-03-16,213.9250030517578,215.5,208.6000061035156,208.6499938964844,180.00326538085938,217680
2012-03-19,208.8000030517578,218.1999969482422,208.2749938964844,215.7749938964844,186.1500396728516,254080
2012-03-20,214.1499938964844,217.5,211.6000061035156,213.3500061035156,184.0580139160156,237400
2012-03-21,211.5500030517578,211.8500061035156,205.5749969482422,206.1999969482422,177.8896484375,197640
2012-03-22,203.6000061035156,205.5500030517578,202.8500061035156,204.4250030517578,176.3583526611328,145000
2012-03-23,201.1499938964844,201.1999969482422,197.3999938964844,198.375,171.13902282714844,170080
2012-03-26,200.3999938964844,205.6999969482422,199.4250030517578,201.3000030517578,173.66244506835938,133000
2012-03-27,200.5500030517578,200.75,195.6999969482422,196.9750061035156,169.93121337890625,209560
2012-03-28,199.875,200.0,194.4250030517578,197.875,170.7075958251953,89400
2012-03-29,193.8249969482422,196.2250061035156,193.0,193.4499969482422,166.89016723632812,127480
2012-03-30,192.9499969482422,203.0500030517578,192.5,202.9750061035156,175.10745239257812,158680
2012-04-02,197.1750030517578,201.4750061035156,195.6000061035156,199.6999969482422,172.28207397460938,146600
2012-04-03,197.1499938964844,210.1000061035156,194.875,209.8500061035156,181.0385284423828,218040
2012-04-04,203.3999938964844,205.25,201.3999938964844,201.3999938964844,173.74868774414062,143200
2012-04-05,196.3500061035156,199.9750061035156,196.0249938964844,197.0249938964844,169.97433471679688,117600
2012-04-09,183.2250061035156,184.7250061035156,182.0,183.1750030517578,158.02586364746094,274440
2012-04-10,181.25,181.9499969482422,174.875,176.77499389648438,152.5045623779297,309600
2012-04-11,182.0,183.6499938964844,180.5,183.1000061035156,157.96121215820312,166360
2012-04-12,182.1999969482422,186.25,181.8249969482422,185.5500030517578,160.0747833251953,219600
2012-04-13,179.77499389648438,179.9499969482422,176.1999969482422,176.52499389648438,152.2888946533203,221240
2012-04-16,177.22500610351562,177.64999389648438,172.9499969482422,177.14999389648438,152.828125,161200
2012-04-17,177.9499969482422,179.02499389648438,176.5500030517578,177.4250030517578,153.06532287597656,115800
2012-04-18,175.5500030517578,176.8249969482422,175.1999969482422,175.875,151.7281494140625,80640
2012-04-19,174.5500030517578,175.52499389648438,173.64999389648438,175.52499389648438,151.4261932373047,125400
2012-04-20,177.52499389648438,178.64999389648438,175.0500030517578,175.14999389648438,151.1026611328125,117440
2012-04-23,170.77499389648438,172.0,169.375,171.4499969482422,147.91067504882812,188000
2012-04-24,172.9499969482422,175.125,172.1750030517578,174.89999389648438,150.8870086669922,106880
2012-04-25,178.0500030517578,181.3500061035156,174.5,177.5749969482422,153.1947479248047,274760
2012-04-26,173.52499389648438,177.25,173.35000610351562,174.625,150.6497802734375,122120
2012-04-27,175.3000030517578,176.25,173.85000610351562,174.10000610351562,150.19683837890625,110800
2012-04-30,172.85000610351562,174.47500610351562,172.0,174.02499389648438,150.13214111328125,118400
2012-05-01,172.3000030517578,178.1750030517578,171.25,176.5749969482422,152.33203125,123920
2012-05-02,173.0,174.97500610351562,172.5500030517578,172.85000610351562,149.11846923828125,118400
2012-05-03,175.6750030517578,175.85000610351562,172.39999389648438,172.89999389648438,149.16159057617188,85600
2012-05-04,171.77499389648438,172.10000610351562,168.75,168.9250030517578,145.7323455810547,185960
2012-05-07,168.14999389648438,169.3000030517578,167.5,168.8000030517578,145.62449645996094,124000
2012-05-08,166.47500610351562,166.625,162.9499969482422,166.0500030517578,143.25205993652344,235640
2012-05-09,163.3000030517578,167.47500610351562,162.8000030517578,165.6750030517578,142.92857360839844,173640
2012-05-10,169.3000030517578,171.64999389648438,166.77499389648438,167.125,144.17950439453125,197080
2012-05-11,163.0749969482422,172.5749969482422,162.64999389648438,163.125,140.7286834716797,214720
2012-05-14,157.35000610351562,158.4499969482422,155.60000610351562,156.14999389648438,134.7113037109375,302240
2012-05-15,156.39999389648438,157.39999389648438,154.0,154.10000610351562,132.94277954101562,185640
2012-05-16,156.8000030517578,157.8000030517578,152.22500610351562,152.9250030517578,131.9290771484375,188160
2012-05-17,152.8000030517578,152.8000030517578,144.375,144.8249969482422,124.94115447998048,477560
2012-05-18,147.9250030517578,148.39999389648438,143.75,144.5,124.66081237792967,306240
2012-05-21,145.6999969482422,146.625,143.75,145.52499389648438,125.54505157470705,226880
2012-05-22,149.75,152.10000610351562,149.1999969482422,150.3249969482422,129.68601989746094,239720
2012-05-23,146.6999969482422,147.3249969482422,143.1999969482422,147.14999389648438,126.94693756103516,248000
2012-05-24,147.89999389648438,149.5500030517578,146.9499969482422,148.8000030517578,128.37045288085938,199560
2012-05-25,147.0500030517578,148.10000610351562,146.64999389648438,147.14999389648438,126.94693756103516,90120
2012-05-29,147.25,148.52499389648438,145.75,148.4250030517578,128.04690551757812,150880
2012-05-30,140.14999389648438,140.3000030517578,136.64999389648438,137.3249969482422,118.47091674804688,425800
2012-05-31,134.39999389648438,135.4250030517578,127.6999969482422,132.5500030517578,114.35147857666016,569960
2012-06-01,127.5999984741211,128.75,122.9000015258789,123.1500015258789,106.24205017089844,943200
2012-06-04,125.875,127.0,123.5500030517578,125.6500015258789,108.39881134033205,279360
2012-06-05,128.25,130.9250030517578,128.0,130.8249969482422,112.86331176757812,345320
2012-06-06,131.02499389648438,138.625,131.0,138.60000610351562,119.57083892822266,472440
2012-06-07,139.89999389648438,140.85000610351562,136.39999389648438,138.02499389648438,119.0747528076172,294400
2012-06-08,133.0749969482422,140.25,132.4250030517578,138.25,119.2688980102539,159120
2012-06-11,139.6750030517578,139.6750030517578,134.875,136.1999969482422,117.50032806396484,152400
2012-06-12,138.89999389648438,140.39999389648438,136.875,140.0,120.77861785888672,139320
2012-06-13,139.14999389648438,140.89999389648438,134.4499969482422,135.89999389648438,117.24153137207033,131280
2012-06-14,135.47500610351562,138.0500030517578,134.5749969482422,136.375,117.65132904052734,105200
2012-06-15,133.5749969482422,134.89999389648438,132.64999389648438,134.125,115.71024322509766,120320
2012-06-18,131.6999969482422,134.39999389648438,131.10000610351562,131.875,113.7691421508789,122600
2012-06-19,134.4499969482422,137.3000030517578,134.125,137.0,118.19051361083984,122760
2012-06-20,139.8000030517578,141.39999389648438,133.5749969482422,134.97500610351562,116.44352722167967,203080
2012-06-21,135.35000610351562,135.4499969482422,131.0749969482422,132.9250030517578,114.67499542236328,83400
2012-06-22,135.39999389648438,138.1750030517578,134.4250030517578,138.0500030517578,119.09634399414062,68640
2012-06-25,133.75,134.0,131.5,132.14999389648438,114.00637817382812,89120
2012-06-26,134.47500610351562,134.8249969482422,131.72500610351562,133.64999389648438,115.3004379272461,89400
2012-06-27,132.89999389648438,134.5,132.25,133.0500030517578,114.78284454345705,80240
2012-06-28,130.5,132.1999969482422,130.125,131.97500610351562,113.85543823242188,62640
2012-06-29,137.85000610351562,138.8000030517578,135.8000030517578,137.14999389648438,118.31989288330078,125360
2012-07-02,135.72500610351562,135.72500610351562,129.77499389648438,132.8000030517578,114.5671615600586,126120
2012-07-03,133.64999389648438,136.0500030517578,133.60000610351562,136.0,117.3278350830078,91600
2012-07-05,135.77499389648438,135.89999389648438,132.5,133.75,115.38671875,78200
2012-07-06,131.4499969482422,131.5,129.64999389648438,130.22500610351562,112.34569549560548,146280
2012-07-09,129.1999969482422,129.8249969482422,126.5250015258789,126.6750030517578,109.28307342529295,94120
2012-07-10,127.6750030517578,128.0,125.0,125.8499984741211,108.57135772705078,91440
2012-07-11,125.4499969482422,126.3000030517578,123.0,125.5,108.26939392089844,123640
2012-07-12,124.1500015258789,124.4000015258789,122.5749969482422,122.8499984741211,105.98323822021484,214400
2012-07-13,123.5999984741211,125.2750015258789,123.4749984741211,123.75,106.75968933105467,92960
2012-07-16,120.4250030517578,122.4250030517578,119.5749969482422,121.9000015258789,105.16368865966795,114440
2012-07-17,123.375,125.0,121.8499984741211,124.6750030517578,107.55767059326172,111120
2012-07-18,123.2249984741211,124.6999969482422,123.125,124.4749984741211,107.38512420654295,74880
2012-07-19,125.5500030517578,126.5500030517578,123.75,125.4000015258789,108.18314361572266,104360
2012-07-20,122.2750015258789,122.6750030517578,120.25,121.0749969482422,104.45193481445312,98200
2012-07-23,117.4250030517578,119.5250015258789,117.125,118.8249969482422,102.51087188720705,73440
2012-07-24,120.0,120.125,115.4000015258789,116.0749969482422,100.13842010498048,100880
2012-07-25,116.5,116.9000015258789,114.9499969482422,115.2249984741211,99.4051284790039,67280
2012-07-26,116.9000015258789,118.3499984741211,116.1750030517578,118.2750015258789,102.03636169433594,126560
2012-07-27,121.0250015258789,128.9499969482422,120.8249969482422,125.0250015258789,107.85963439941406,301960
2012-07-30,125.2249984741211,125.5250015258789,122.0500030517578,122.1999969482422,105.42247772216795,125800
2012-07-31,121.1500015258789,124.5250015258789,120.8249969482422,121.4000015258789,104.7322998046875,96880
2012-08-01,123.8499984741211,124.875,120.625,123.0500030517578,106.1557846069336,94120
2012-08-02,120.8000030517578,122.0999984741211,117.75,121.1500015258789,104.51663970947266,141240
2012-08-03,125.6500015258789,128.75,124.6500015258789,126.8499984741211,109.43406677246094,180200
2012-08-06,126.0500030517578,127.0500030517578,124.75,126.7249984741211,109.32621002197266,46960
2012-08-07,131.1999969482422,132.85000610351562,130.6999969482422,131.625,113.553466796875,130120
2012-08-08,130.5500030517578,134.0,129.8249969482422,133.52499389648438,115.19261169433594,120920
2012-08-09,135.0,138.125,133.3249969482422,133.9250030517578,115.53768157958984,118400
2012-08-10,130.4499969482422,132.22500610351562,130.0,131.89999389648438,113.79069519042967,68640
2012-08-13,130.72500610351562,132.625,129.8249969482422,132.625,114.4161605834961,45480
2012-08-14,137.47500610351562,138.0,136.02499389648438,137.89999389648438,118.96696472167967,108440
2012-08-15,140.4499969482422,144.3249969482422,139.9499969482422,143.60000610351562,123.88434600830078,210400
2012-08-16,143.22500610351562,149.125,142.25,147.4499969482422,127.20580291748048,136640
2012-08-17,145.9250030517578,146.14999389648438,143.35000610351562,145.35000610351562,125.39407348632812,159320
2012-08-20,145.60000610351562,145.60000610351562,143.14999389648438,144.4250030517578,124.59608459472656,104520
2012-08-21,145.6999969482422,148.5749969482422,142.3000030517578,142.64999389648438,123.06480407714844,128160
2012-08-22,138.5,139.5,135.0,135.4499969482422,116.85333251953124,208920
2012-08-23,134.39999389648438,134.52499389648438,133.0500030517578,133.6999969482422,115.34358215332033,116400
2012-08-24,131.8000030517578,134.4499969482422,131.64999389648438,134.0,115.60238647460938,74160
2012-08-27,132.35000610351562,132.60000610351562,130.9250030517578,131.72500610351562,113.63973236083984,71000
2012-08-28,130.77499389648438,131.52499389648438,129.14999389648438,130.72500610351562,112.7770538330078,53400
2012-08-29,131.4499969482422,133.4250030517578,131.4499969482422,132.22500610351562,114.07110595703124,71520
2012-08-30,129.3249969482422,131.02499389648438,128.8000030517578,130.47500610351562,112.56135559082033,62120
2012-08-31,130.89999389648438,130.89999389648438,124.9499969482422,125.9499969482422,108.65762329101562,128680
2012-09-04,126.375,126.7750015258789,124.3000030517578,124.9749984741211,107.81648254394533,105480
2012-09-05,126.8000030517578,127.4499969482422,125.5,126.9499969482422,109.52033233642578,84280
2012-09-06,130.47500610351562,133.4499969482422,130.47500610351562,133.125,114.84752655029295,130920
2012-09-07,128.3000030517578,135.39999389648438,128.125,135.0500030517578,116.50823974609376,139960
2012-09-10,136.3000030517578,136.72500610351562,134.14999389648438,134.14999389648438,115.73180389404295,100680
2012-09-11,135.0749969482422,137.4499969482422,134.8249969482422,136.625,117.86698150634766,138600
2012-09-12,140.9499969482422,142.75,140.375,141.5749969482422,122.13734436035156,157400
2012-09-13,140.375,147.85000610351562,138.4499969482422,143.1999969482422,123.5392608642578,276000
2012-09-14,149.60000610351562,155.52499389648438,149.3000030517578,154.8000030517578,133.546630859375,344560
2012-09-17,152.5500030517578,152.85000610351562,148.5,149.1999969482422,128.71554565429688,116120
2012-09-18,145.39999389648438,148.25,144.75,147.0500030517578,126.86068725585938,108240
2012-09-19,143.14999389648438,145.8000030517578,143.02499389648438,144.27499389648438,124.46665954589844,143040
2012-09-20,140.35000610351562,144.4250030517578,139.75,142.97500610351562,123.3451690673828,137800
2012-09-21,145.35000610351562,145.5500030517578,142.02499389648438,142.125,122.61185455322266,141560
2012-09-24,140.02499389648438,140.14999389648438,138.375,139.0749969482422,119.98059844970705,99840
2012-09-25,138.125,140.22500610351562,134.75,134.8000030517578,116.29257202148438,132840
2012-09-26,132.1999969482422,132.39999389648438,130.4499969482422,130.60000610351562,112.6692123413086,132200
2012-09-27,132.14999389648438,134.5,131.5,133.27499389648438,114.97693634033205,101240
2012-09-28,131.4499969482422,134.27499389648438,129.875,133.125,114.84752655029295,101560
2012-10-01,133.0749969482422,134.8000030517578,131.4250030517578,131.64999389648438,113.57504272460938,87520
2012-10-02,133.25,133.5,131.3000030517578,132.1999969482422,114.04953002929688,56280
2012-10-03,133.10000610351562,134.0,132.02499389648438,132.02499389648438,113.8985366821289,71920
2012-10-04,134.5500030517578,137.4499969482422,133.5,136.97500610351562,118.16896057128906,141560
2012-10-05,140.8000030517578,142.9499969482422,140.52499389648438,142.125,122.61185455322266,183360
2012-10-08,139.1750030517578,140.22500610351562,138.22500610351562,138.3249969482422,119.33361053466795,59080
2012-10-09,140.9499969482422,141.3000030517578,138.5749969482422,139.27499389648438,120.15314483642578,59440
2012-10-10,141.0500030517578,141.64999389648438,136.0,136.39999389648438,117.6728744506836,102240
2012-10-11,139.14999389648438,139.4499969482422,133.5500030517578,133.5500030517578,115.21418762207033,128200
2012-10-12,132.10000610351562,133.125,129.9499969482422,132.52499389648438,114.32989501953124,100840
2012-10-15,133.25,134.1999969482422,132.0,133.3249969482422,115.02008056640624,59680
2012-10-16,135.8249969482422,139.0749969482422,135.8249969482422,138.9499969482422,119.8727798461914,112720
2012-10-17,141.6999969482422,143.6750030517578,141.35000610351562,142.75,123.15106964111328,144440
2012-10-18,141.6999969482422,146.1999969482422,140.375,145.3000030517578,125.35095977783205,113600
2012-10-19,144.4499969482422,144.52499389648438,139.1999969482422,139.4250030517578,120.2825698852539,124600
2012-10-22,140.25,142.14999389648438,139.0500030517578,142.14999389648438,122.63341522216795,173520
2012-10-23,138.25,138.35000610351562,135.89999389648438,136.125,117.43567657470705,121440
2012-10-24,138.72500610351562,139.97500610351562,137.27499389648438,139.9499969482422,120.73548889160156,83200
2012-10-25,143.35000610351562,143.9499969482422,139.89999389648438,142.02499389648438,122.5255889892578,86200
2012-10-26,139.8000030517578,140.64999389648438,135.89999389648438,135.9250030517578,117.26311492919922,106280
2012-10-31,135.60000610351562,135.8249969482422,132.35000610351562,133.64999389648438,115.3004379272461,86840
2012-11-01,134.60000610351562,136.60000610351562,134.10000610351562,135.6999969482422,117.06900787353516,64480
2012-11-02,139.4499969482422,139.4499969482422,136.0,136.14999389648438,117.45718383789062,60760
2012-11-05,134.22500610351562,134.3249969482422,132.875,133.6999969482422,115.34358215332033,68800
2012-11-06,135.25,137.5,134.0500030517578,137.4499969482422,118.57872772216795,136800
2012-11-07,130.22500610351562,130.72500610351562,128.1750030517578,129.9250030517578,112.08688354492188,358840
2012-11-08,130.64999389648438,131.6999969482422,124.1500015258789,124.1500015258789,107.10476684570312,160520
2012-11-09,124.8000030517578,126.1500015258789,123.75,123.75,106.75968933105467,171600
2012-11-12,124.0,124.3000030517578,122.5,123.125,106.2204818725586,49120
2012-11-13,121.1999969482422,123.5999984741211,121.1999969482422,121.875,105.14210510253906,75760
2012-11-14,124.625,124.7249984741211,121.3249969482422,121.625,104.92645263671876,75520
2012-11-15,123.25,123.5999984741211,120.7750015258789,122.0500030517578,105.2930908203125,89000
2012-11-16,122.5749969482422,122.6999969482422,120.1500015258789,122.2750015258789,105.48719787597656,73560
2012-11-19,125.3249969482422,125.5999984741211,124.1500015258789,124.4499969482422,107.36357879638672,107440
2012-11-20,125.125,128.3249969482422,124.5999984741211,128.1750030517578,110.5771255493164,59360
2012-11-21,128.875,129.4499969482422,128.22500610351562,128.4499969482422,110.81438446044922,70040
2012-11-23,128.5,129.10000610351562,128.125,128.85000610351562,111.15947723388672,28080
2012-11-26,125.8249969482422,127.125,124.7750015258789,127.125,109.67130279541016,76240
2012-11-27,126.5500030517578,127.0999984741211,125.1750030517578,125.5500030517578,108.3125457763672,49160
2012-11-28,123.4499969482422,126.0,122.75,125.875,108.59292602539062,113680
2012-11-29,126.75,127.3499984741211,125.0,125.9000015258789,108.61450958251952,83320
2012-11-30,124.875,127.0999984741211,124.6500015258789,126.9749984741211,109.54188537597656,58680
2012-12-03,129.4250030517578,129.6999969482422,126.1999969482422,126.5,109.1321029663086,40480
2012-12-04,125.6999969482422,125.9250030517578,124.375,124.4499969482422,107.36357879638672,86040
2012-12-05,124.4499969482422,124.9499969482422,123.0500030517578,124.5500030517578,107.4498519897461,46240
2012-12-06,123.0250015258789,124.0,122.375,123.9749984741211,106.95377349853516,61560
2012-12-07,126.9250030517578,127.4000015258789,125.5999984741211,127.0500030517578,109.60662078857422,120360
2012-12-10,125.625,126.6999969482422,125.1750030517578,125.5,108.26939392089844,38880
2012-12-11,127.4499969482422,128.75,127.4499969482422,128.14999389648438,110.55558013916016,123120
2012-12-12,129.02499389648438,132.625,127.4250030517578,132.60000610351562,114.39460754394533,224600
2012-12-13,133.75,134.1999969482422,130.75,132.47500610351562,114.2867660522461,119040
2012-12-14,130.77499389648438,131.10000610351562,129.125,129.64999389648438,111.8496322631836,58760
2012-12-17,129.875,135.22500610351562,129.875,135.0749969482422,116.52981567382812,152760
2012-12-18,136.39999389648438,141.375,135.0749969482422,139.39999389648438,120.2610092163086,207960
2012-12-19,137.77499389648438,138.5,135.375,137.9250030517578,118.98849487304688,122560
2012-12-20,136.6750030517578,138.8000030517578,135.5,137.6750030517578,118.7728271484375,87320
2012-12-21,133.27499389648438,134.35000610351562,132.6999969482422,133.5500030517578,115.21418762207033,108920
2012-12-24,134.0749969482422,134.5,133.9499969482422,134.0,115.60238647460938,32800
2012-12-26,133.35000610351562,133.75,132.5,132.625,114.4161605834961,49640
2012-12-27,133.375,133.6999969482422,129.02499389648438,131.1999969482422,113.1868133544922,106920
2012-12-28,129.5500030517578,130.64999389648438,128.875,128.97500610351562,111.2673110961914,87520
2012-12-31,130.22500610351562,136.39999389648438,130.125,135.60000610351562,116.98273468017578,136440
2013-01-02,140.25,141.5,139.875,140.9499969482422,121.59818267822266,164960
2013-01-03,141.47500610351562,146.875,141.22500610351562,146.72500610351562,126.58033752441406,162800
2013-01-04,147.77499389648438,148.89999389648438,144.8249969482422,145.02499389648438,125.11370849609376,153560
2013-01-07,145.0,146.39999389648438,143.75,144.89999389648438,125.00586700439452,79320
2013-01-08,142.6999969482422,143.4499969482422,141.75,141.9499969482422,122.4609146118164,72280
2013-01-09,142.0,143.22500610351562,140.8249969482422,142.39999389648438,122.84910583496094,141480
2013-01-10,144.1999969482422,144.9250030517578,141.6999969482422,143.5749969482422,123.8628158569336,161360
2013-01-11,144.39999389648438,145.0,139.64999389648438,139.64999389648438,120.4766845703125,107280
2013-01-14,138.8249969482422,141.27499389648438,138.10000610351562,140.6999969482422,121.38251495361328,105040
2013-01-15,137.1750030517578,139.1999969482422,136.64999389648438,139.02499389648438,119.93746948242188,137440
2013-01-16,137.0500030517578,139.0,136.6999969482422,137.8249969482422,118.9022216796875,68400
2013-01-17,141.375,143.3000030517578,140.60000610351562,141.8249969482422,122.3530502319336,152680
2013-01-18,140.4250030517578,140.75,138.72500610351562,138.8249969482422,119.76492309570312,79360
2013-01-22,140.64999389648438,141.0,137.875,138.0500030517578,119.09634399414062,72240
2013-01-23,137.5749969482422,138.97500610351562,136.875,138.5749969482422,119.54926300048828,78600
2013-01-24,139.3000030517578,141.375,138.9250030517578,140.0749969482422,120.84332275390624,109520
2013-01-25,144.14999389648438,146.5749969482422,143.64999389648438,145.5500030517578,125.56663513183594,215360
2013-01-28,149.5,149.5,146.89999389648438,147.27499389648438,127.05476379394533,137840
2013-01-29,147.25,149.9499969482422,145.4499969482422,149.5749969482422,129.03900146484375,122360
2013-01-30,151.0500030517578,152.6750030517578,149.6999969482422,150.3249969482422,129.68601989746094,326360
2013-01-31,149.35000610351562,151.25,148.1999969482422,148.47500610351562,128.09007263183594,98520
2013-02-01,145.60000610351562,154.0500030517578,145.1750030517578,154.0500030517578,132.89962768554688,195520
2013-02-04,149.8000030517578,150.4499969482422,147.0500030517578,148.14999389648438,127.80964660644533,148120
2013-02-05,151.10000610351562,152.4250030517578,150.3000030517578,151.9250030517578,131.0663604736328,106080
2013-02-06,150.0,151.625,148.10000610351562,148.10000610351562,127.7665023803711,150800
2013-02-07,148.8000030517578,149.39999389648438,145.6750030517578,149.375,128.86647033691406,116360
2013-02-08,148.6750030517578,150.8249969482422,147.3249969482422,147.47500610351562,127.22732543945312,127040
2013-02-11,147.875,148.125,146.4499969482422,147.625,127.3567123413086,82240
2013-02-12,149.02499389648438,149.85000610351562,147.8000030517578,148.8000030517578,128.37045288085938,88200
2013-02-13,152.4499969482422,153.39999389648438,150.75,152.35000610351562,131.43304443359375,128120
2013-02-14,150.6999969482422,151.52499389648438,147.625,148.52499389648438,128.13320922851562,152360
2013-02-15,148.8000030517578,151.125,148.6999969482422,149.6999969482422,129.14688110351562,112040
2013-02-19,148.125,152.0,147.9250030517578,151.6999969482422,130.87225341796875,124640
2013-02-20,152.97500610351562,153.10000610351562,150.0,150.35000610351562,129.70762634277344,211600
2013-02-21,148.125,148.47500610351562,146.375,147.875,127.5724105834961,204000
2013-02-22,147.60000610351562,147.9499969482422,146.27499389648438,147.3249969482422,127.09796142578124,145200
2013-02-25,149.85000610351562,150.125,138.5749969482422,138.625,119.59239959716795,350440
2013-02-26,140.8000030517578,141.3000030517578,137.5,141.0749969482422,121.7060089111328,217640
2013-02-27,138.02499389648438,143.3000030517578,137.875,142.10000610351562,122.59030151367188,172880
2013-02-28,141.85000610351562,143.4499969482422,140.9250030517578,141.5749969482422,122.13734436035156,104440
2013-03-01,139.3249969482422,140.47500610351562,138.0500030517578,139.125,120.02373504638672,114760
2013-03-04,139.64999389648438,141.35000610351562,138.89999389648438,141.22500610351562,121.83543395996094,45280
2013-03-05,142.10000610351562,143.47500610351562,141.64999389648438,142.47500610351562,122.9137954711914,95760
2013-03-06,145.375,146.4250030517578,144.125,146.3249969482422,126.2352066040039,127240
2013-03-07,147.97500610351562,149.9250030517578,147.77499389648438,149.77499389648438,129.21156311035156,175000
2013-03-08,154.0,154.9250030517578,152.0749969482422,154.3249969482422,133.13687133789062,291200
2013-03-11,153.0,154.39999389648438,152.5,154.125,132.96432495117188,69800
2013-03-12,152.35000610351562,152.4250030517578,150.3000030517578,150.64999389648438,129.96640014648438,98280
2013-03-13,152.35000610351562,153.1750030517578,150.47500610351562,151.14999389648438,130.3977813720703,104360
2013-03-14,153.125,153.3249969482422,150.77499389648438,152.35000610351562,131.43304443359375,129040
2013-03-15,152.125,152.125,149.875,150.5500030517578,129.88014221191406,144320
2013-03-18,146.14999389648438,148.6750030517578,145.9499969482422,146.9250030517578,126.75285339355467,219440
2013-03-19,146.3000030517578,146.625,142.1999969482422,143.85000610351562,124.10002136230467,187040
2013-03-20,146.5500030517578,148.72500610351562,145.4499969482422,148.47500610351562,128.09007263183594,151840
2013-03-21,145.77499389648438,147.10000610351562,144.35000610351562,144.375,124.55294799804688,137040
2013-03-22,143.9250030517578,145.9250030517578,143.375,144.1750030517578,124.38044738769533,99560
2013-03-25,146.0,146.375,142.39999389648438,144.4250030517578,124.59608459472656,165400
2013-03-26,145.625,146.0,142.9499969482422,143.9250030517578,124.1647720336914,128720
2013-03-27,140.47500610351562,140.8249969482422,138.6750030517578,140.25,120.99430847167967,274880
2013-03-28,141.02499389648438,142.5,139.8000030517578,142.25,122.71971893310548,83400
2013-04-01,142.25,142.3000030517578,139.0,139.0500030517578,119.95906829833984,99160
2013-04-02,140.1999969482422,141.35000610351562,139.97500610351562,140.6999969482422,121.38251495361328,99680
2013-04-03,139.35000610351562,139.4499969482422,135.85000610351562,137.0,118.19051361083984,248800
2013-04-04,134.9499969482422,135.1999969482422,132.0,132.125,113.98483276367188,297720
2013-04-05,123.9000015258789,124.5999984741211,122.0500030517578,124.1750030517578,107.12631225585938,702120
2013-04-08,124.4749984741211,127.0749969482422,123.8249969482422,126.8000030517578,109.39092254638672,206960
2013-04-09,126.4499969482422,128.4250030517578,125.75,127.8249969482422,110.27518463134766,229280
2013-04-10,130.89999389648438,133.0,130.64999389648438,132.8249969482422,114.58872985839844,204000
2013-04-11,132.0,133.0,131.0749969482422,132.3000030517578,114.13581848144533,103160
2013-04-12,128.1999969482422,129.60000610351562,126.25,126.4000015258789,109.0458526611328,168480
2013-04-15,125.6500015258789,126.4250030517578,122.8249969482422,123.2249984741211,106.3067626953125,240400
2013-04-16,126.1750030517578,126.2750015258789,124.375,125.9000015258789,108.61450958251952,124320
2013-04-17,125.0,125.0,121.2249984741211,123.5500030517578,106.58715057373048,232200
2013-04-18,123.5250015258789,123.9250030517578,122.1999969482422,122.5,105.68130493164062,213920
2013-04-19,123.0,123.8499984741211,122.8499984741211,123.2750015258789,106.3498992919922,137360
2013-04-22,123.1999969482422,123.75,121.875,122.9749984741211,106.09107971191406,117560
2013-04-23,121.875,124.625,120.4250030517578,124.0999984741211,107.06161499023438,196360
2013-04-24,124.5,124.875,123.3000030517578,123.3249969482422,106.39302825927734,67200
2013-04-25,125.0500030517578,125.375,124.5999984741211,124.7750015258789,107.64395904541016,108280
2013-04-26,122.1500015258789,122.5749969482422,121.0999984741211,121.5999984741211,104.90486145019533,180600
2013-04-29,120.9000015258789,123.3499984741211,120.4499969482422,122.7249984741211,105.87538146972656,123000
2013-04-30,121.8000030517578,123.4749984741211,120.5749969482422,122.7249984741211,105.87538146972656,101160
2013-05-01,120.5999984741211,120.5999984741211,118.0999984741211,118.8249969482422,102.51087188720705,272560
2013-05-02,119.9250030517578,120.1750030517578,118.8249969482422,119.0500030517578,102.70496368408205,98760
2013-05-03,124.1500015258789,127.875,124.0250015258789,127.6500015258789,110.12422943115234,300480
2013-05-06,126.6999969482422,129.52499389648438,126.625,128.4499969482422,110.81438446044922,120240
2013-05-07,130.0,130.3249969482422,129.0,129.85000610351562,112.0221710205078,132360
2013-05-08,129.6750030517578,129.9499969482422,127.9250030517578,129.625,111.82806396484376,110720
2013-05-09,128.6750030517578,130.5749969482422,126.25,130.5500030517578,112.62606811523438,142440
2013-05-10,131.25,137.4499969482422,131.14999389648438,134.4499969482422,115.99061584472656,243120
2013-05-13,137.5,138.35000610351562,136.4499969482422,137.47500610351562,118.60026550292967,222800
2013-05-14,135.5749969482422,142.1750030517578,135.5749969482422,142.0500030517578,122.54718780517578,262040
2013-05-15,138.5500030517578,142.5749969482422,137.875,139.35000610351562,120.21786499023438,291960
2013-05-16,137.02499389648438,137.1999969482422,133.60000610351562,134.97500610351562,116.44352722167967,181320
2013-05-17,137.0,140.25,136.27499389648438,139.85000610351562,120.64923095703124,194040
2013-05-20,138.02499389648438,140.9499969482422,137.6999969482422,140.35000610351562,121.08058166503906,124520
2013-05-21,140.39999389648438,142.3000030517578,137.10000610351562,137.14999389648438,118.31989288330078,228240
2013-05-22,136.27499389648438,144.3000030517578,134.72500610351562,143.125,123.4745635986328,436200
2013-05-23,139.3000030517578,144.375,139.02499389648438,141.4250030517578,122.00798034667967,189440
2013-05-24,139.97500610351562,140.77499389648438,138.3249969482422,140.5,121.20997619628906,76200
2013-05-28,143.125,151.10000610351562,142.5749969482422,151.0,130.26834106445312,391760
2013-05-29,147.8000030517578,148.6750030517578,145.875,146.25,126.17052459716795,232720
2013-05-30,145.8000030517578,148.14999389648438,145.14999389648438,147.125,126.9254150390625,165240
2013-05-31,146.52499389648438,153.375,146.4499969482422,148.4250030517578,128.04690551757812,311920
2013-06-03,150.02499389648438,150.25,143.52499389648438,145.97500610351562,125.93329620361328,263680
2013-06-04,149.3000030517578,150.5,147.3000030517578,150.5,129.8370361328125,199080
2013-06-05,147.97500610351562,148.47500610351562,143.9250030517578,144.0500030517578,124.27259826660156,178960
2013-06-06,145.4499969482422,147.25,138.6999969482422,144.47500610351562,124.63922882080078,261520
2013-06-07,148.1750030517578,151.6750030517578,145.6999969482422,151.47500610351562,130.6781768798828,342440
2013-06-10,153.5749969482422,155.0,152.0,154.10000610351562,132.94277954101562,156720
2013-06-11,155.6999969482422,156.14999389648438,148.8000030517578,148.9250030517578,128.4782257080078,262360
2013-06-12,152.5500030517578,155.14999389648438,149.1999969482422,155.0,133.71920776367188,203600
2013-06-13,151.9499969482422,152.5,147.47500610351562,148.0500030517578,127.72338104248048,354320
2013-06-14,147.89999389648438,148.64999389648438,145.375,148.64999389648438,128.24099731445312,177840
2013-06-17,147.6999969482422,151.72500610351562,147.6999969482422,150.9499969482422,130.2252197265625,154240
2013-06-18,152.5500030517578,152.9250030517578,149.14999389648438,150.64999389648438,129.96640014648438,119320
2013-06-19,148.89999389648438,157.375,148.8000030517578,155.02499389648438,133.74073791503906,389160
2013-06-20,160.97500610351562,167.1999969482422,159.0500030517578,162.85000610351562,140.49139404296875,636920
2013-06-21,163.22500610351562,171.4250030517578,162.375,171.3000030517578,147.78126525878906,625800
2013-06-24,173.85000610351562,174.25,166.625,169.4250030517578,146.16368103027344,557360
2013-06-25,168.8000030517578,173.6750030517578,168.3249969482422,173.5749969482422,149.7439422607422,187920
2013-06-26,168.10000610351562,172.6999969482422,168.02499389648438,170.4250030517578,147.0264129638672,216800
2013-06-27,165.875,168.14999389648438,163.875,165.1999969482422,142.51876831054688,239720
2013-06-28,167.89999389648438,169.1999969482422,161.3249969482422,161.8000030517578,139.5855712890625,261720
2013-07-01,163.85000610351562,164.47500610351562,160.14999389648438,160.75,138.67970275878906,101640
2013-07-02,160.14999389648438,161.3249969482422,158.85000610351562,160.97500610351562,138.87387084960938,102440
2013-07-03,161.22500610351562,162.25,159.47500610351562,162.0500030517578,139.80126953125,89400
2013-07-05,174.1750030517578,179.02499389648438,173.27499389648438,178.52499389648438,154.01429748535156,314080
2013-07-08,174.77499389648438,175.35000610351562,172.35000610351562,173.89999389648438,150.02432250976562,262000
2013-07-09,172.64999389648438,174.72500610351562,172.125,173.10000610351562,149.33413696289062,95200
2013-07-10,173.4499969482422,178.3249969482422,173.39999389648438,177.0,152.69866943359375,196480
2013-07-11,172.5,175.22500610351562,170.5749969482422,170.9499969482422,147.4793243408203,149360
2013-07-12,168.35000610351562,172.97500610351562,167.72500610351562,171.14999389648438,147.65184020996094,102120
2013-07-15,170.89999389648438,171.1999969482422,168.39999389648438,168.64999389648438,145.49510192871094,108720
2013-07-16,167.89999389648438,168.64999389648438,166.27499389648438,166.9250030517578,144.0069580078125,111600
2013-07-17,164.375,166.72500610351562,163.5749969482422,165.77499389648438,143.01483154296875,147600
2013-07-18,167.1999969482422,172.10000610351562,166.75,171.9499969482422,148.34202575683594,287920
2013-07-19,168.1750030517578,168.375,163.875,164.0749969482422,141.5482177734375,148560
2013-07-22,163.25,164.10000610351562,161.6750030517578,163.25,140.83648681640625,128640
2013-07-23,166.1999969482422,167.72500610351562,164.77499389648438,165.125,142.4540557861328,92520
2013-07-24,170.5500030517578,174.5749969482422,169.6999969482422,171.4250030517578,147.8891143798828,208160
2013-07-25,174.10000610351562,174.75,171.0500030517578,171.4499969482422,147.91067504882812,167400
2013-07-26,168.77499389648438,170.8249969482422,167.8000030517578,168.75,145.58140563964844,93040
2013-07-29,170.625,173.22500610351562,169.85000610351562,172.0,148.38514709472656,74480
2013-07-30,170.625,173.39999389648438,170.125,172.3249969482422,148.66554260253906,79160
2013-07-31,178.14999389648438,179.22500610351562,169.3249969482422,170.35000610351562,146.9617156982422,237200
2013-08-01,175.0,181.8249969482422,174.875,180.02499389648438,155.308349609375,298720
2013-08-02,176.9250030517578,176.9250030517578,173.625,174.4250030517578,150.47723388671875,236560
2013-08-05,175.85000610351562,178.875,174.60000610351562,178.0,153.56138610839844,140080
2013-08-06,179.125,180.0,176.5500030517578,176.60000610351562,152.35362243652344,174400
2013-08-07,175.77499389648438,175.85000610351562,171.97500610351562,172.77499389648438,149.0537567138672,216320
2013-08-08,171.85000610351562,172.5749969482422,168.8249969482422,171.1999969482422,147.69500732421875,189680
2013-08-09,173.5749969482422,174.0749969482422,170.3249969482422,170.4499969482422,147.04795837402344,61320
2013-08-12,168.85000610351562,174.0,168.5749969482422,173.9250030517578,150.04586791992188,150320
2013-08-13,179.60000610351562,182.25,179.3249969482422,181.1000061035156,156.2357940673828,328040
2013-08-14,181.7749938964844,181.8000030517578,179.25,180.4250030517578,155.65350341796875,127720
2013-08-15,186.1000061035156,187.875,183.1750030517578,187.7250061035156,161.951171875,263360
2013-08-16,186.625,193.375,186.3000030517578,189.5500030517578,163.52565002441406,220120
2013-08-19,192.375,195.875,191.5749969482422,194.4250030517578,167.73130798339844,228400
2013-08-20,192.375,192.375,189.5500030517578,190.2250061035156,164.10794067382812,212400
2013-08-21,192.625,196.3500061035156,190.3999938964844,196.2250061035156,169.28416442871094,334240
2013-08-22,194.4499969482422,195.6750030517578,190.0249938964844,190.2250061035156,164.10794067382812,222400
2013-08-23,191.25,192.5,183.4750061035156,184.0249938964844,158.7591552734375,328400
2013-08-26,182.6999969482422,183.6499938964844,181.0,181.1499938964844,156.27891540527344,158040
2013-08-27,179.0,180.0,173.89999389648438,174.4250030517578,150.47723388671875,292760
2013-08-28,177.60000610351562,180.10000610351562,177.125,178.5,153.9927215576172,145760
2013-08-29,180.7250061035156,181.0249938964844,173.35000610351562,174.375,150.4341278076172,165520
2013-08-30,174.875,176.125,171.4250030517578,174.75,150.75759887695312,142280
2013-09-03,180.75,185.6499938964844,180.1999969482422,182.0,157.01217651367188,170920
2013-09-04,180.6999969482422,183.6000061035156,180.0,183.3999938964844,158.21998596191406,76240
2013-09-05,186.0,191.0749969482422,185.3999938964844,190.9250030517578,164.71185302734375,160280
2013-09-06,187.125,189.1499938964844,183.7749938964844,188.0749969482422,162.25314331054688,122640
2013-09-09,183.9499969482422,188.0,183.7749938964844,187.8500061035156,162.05902099609375,91080
2013-09-10,190.0,191.8249969482422,186.5,191.75,165.42356872558594,129720
2013-09-11,188.875,192.625,186.375,186.6750030517578,161.04531860351562,128760
2013-09-12,183.4750061035156,187.75,182.75,187.4499969482422,161.71397399902344,199560
2013-09-13,185.4499969482422,186.875,183.6499938964844,185.0749969482422,159.66502380371094,91960
2013-09-16,180.9750061035156,188.7749938964844,180.5,188.7749938964844,162.8570098876953,211800
2013-09-17,185.7250061035156,188.1499938964844,184.0249938964844,184.2250061035156,158.93173217773438,143240
2013-09-18,184.75,187.9499969482422,174.3000030517578,177.4250030517578,153.06532287597656,525840
2013-09-19,176.6999969482422,181.3999938964844,176.27499389648438,180.2250061035156,155.48092651367188,257400
2013-09-20,178.75,179.9250030517578,176.0500030517578,177.375,153.02220153808594,189880
2013-09-23,176.27499389648438,176.39999389648438,173.375,173.64999389648438,149.8086395263672,133040
2013-09-24,172.14999389648438,172.77499389648438,167.875,168.1750030517578,145.08534240722656,305160
2013-09-25,169.4499969482422,169.89999389648438,165.85000610351562,166.8249969482422,143.92066955566406,156840
2013-09-26,169.47500610351562,170.875,168.89999389648438,170.1999969482422,146.83229064941406,93200
2013-09-27,170.5500030517578,170.5500030517578,167.75,169.22500610351562,145.9911346435547,89240
2013-09-30,168.77499389648438,170.875,167.4499969482422,169.97500610351562,146.63821411132812,142280
2013-10-01,171.0749969482422,172.625,170.4499969482422,171.125,147.63031005859375,168440
2013-10-02,170.6750030517578,171.47500610351562,168.0,170.64999389648438,147.2205047607422,128920
2013-10-03,171.3249969482422,171.75,168.375,171.4499969482422,147.91067504882812,140880
2013-10-04,171.875,173.39999389648438,171.3249969482422,171.5500030517578,147.9969482421875,121560
2013-10-07,169.25,170.47500610351562,168.60000610351562,169.60000610351562,146.31468200683594,115680
2013-10-08,170.1999969482422,171.0,167.75,169.375,146.12057495117188,92080
2013-10-09,170.75,173.5500030517578,170.4499969482422,173.47500610351562,149.6576690673828,126160
2013-10-10,175.97500610351562,177.4499969482422,172.39999389648438,172.625,148.92433166503906,154040
2013-10-11,169.625,172.875,169.0,172.75,149.03216552734375,118960
2013-10-14,173.02499389648438,178.125,171.875,176.8000030517578,152.52615356445312,64640
2013-10-15,174.35000610351562,177.25,173.47500610351562,177.10000610351562,152.78492736816406,79840
2013-10-16,177.75,178.5749969482422,170.5500030517578,170.5749969482422,147.15579223632812,197200
2013-10-17,167.47500610351562,168.39999389648438,164.4250030517578,165.9499969482422,143.16578674316406,226240
2013-10-18,164.375,165.0749969482422,162.77499389648438,164.75,142.1305694580078,225120
2013-10-21,165.60000610351562,167.4499969482422,165.39999389648438,166.39999389648438,143.55401611328125,99320
2013-10-22,162.27499389648438,162.4250030517578,159.6999969482422,160.875,138.78758239746094,238600
2013-10-23,160.1750030517578,160.1750030517578,157.0749969482422,159.0500030517578,137.21311950683594,143680
2013-10-24,157.6999969482422,160.85000610351562,157.47500610351562,160.77499389648438,138.70130920410156,106480
2013-10-25,159.8000030517578,159.8000030517578,158.10000610351562,159.0,137.17001342773438,63040
2013-10-28,160.1999969482422,160.625,158.47500610351562,160.4250030517578,138.3993377685547,62200
2013-10-29,161.75,162.125,159.8000030517578,159.8000030517578,137.86016845703125,81560
2013-10-30,160.3000030517578,163.6750030517578,159.0500030517578,162.8000030517578,140.4482879638672,101280
2013-10-31,160.47500610351562,163.9250030517578,160.0500030517578,161.64999389648438,139.45616149902344,87280
2013-11-01,163.4499969482422,167.0500030517578,163.1999969482422,166.8249969482422,143.92066955566406,173160
2013-11-04,165.75,166.72500610351562,164.60000610351562,166.4250030517578,143.57559204101562,78920
2013-11-05,168.60000610351562,172.47500610351562,168.4499969482422,172.47500610351562,148.79493713378906,199320
2013-11-06,172.5,173.875,171.64999389648438,171.9499969482422,148.34202575683594,127720
2013-11-07,172.125,172.35000610351562,167.27499389648438,167.60000610351562,144.5892791748047,83560
2013-11-08,176.9250030517578,179.625,176.27499389648438,179.35000610351562,154.72601318359375,308480
2013-11-11,179.10000610351562,181.8249969482422,178.75,181.7749938964844,156.81809997558594,79000
2013-11-12,180.4750061035156,180.8249969482422,178.8000030517578,179.39999389648438,154.76918029785156,110760
2013-11-13,177.35000610351562,178.0,176.39999389648438,177.35000610351562,153.00062561035156,112800
2013-11-14,175.0,175.77499389648438,170.8249969482422,173.9250030517578,150.04586791992188,223880
2013-11-15,173.02499389648438,175.0,172.72500610351562,172.89999389648438,149.16159057617188,96880
2013-11-18,173.25,173.25,169.47500610351562,169.8249969482422,146.50877380371094,181280
2013-11-19,171.5,174.25,170.75,173.4250030517578,149.61451721191406,97080
2013-11-20,174.375,182.9750061035156,172.1999969482422,182.2250061035156,157.206298828125,229680
2013-11-21,183.7749938964844,185.625,180.2250061035156,181.5,156.5808563232422,171880
2013-11-22,178.52499389648438,178.60000610351562,175.22500610351562,176.52499389648438,152.2888946533203,160000
2013-11-25,176.75,176.8249969482422,173.64999389648438,174.8000030517578,150.80072021484375,76000
2013-11-26,173.52499389648438,173.52499389648438,171.25,172.9499969482422,149.20472717285156,160280
2013-11-27,172.47500610351562,175.97500610351562,172.3249969482422,173.625,149.7870635986328,93920
2013-11-29,175.47500610351562,175.9499969482422,172.6999969482422,172.85000610351562,149.11846923828125,79400
2013-12-02,174.77499389648438,178.10000610351562,174.77499389648438,177.5749969482422,153.1947479248047,138200
2013-12-03,175.77499389648438,176.8249969482422,174.375,175.75,151.62034606933594,95200
2013-12-04,180.4499969482422,182.25,179.0500030517578,180.4250030517578,155.65350341796875,167840
2013-12-05,181.8249969482422,183.1499938964844,179.875,182.0249938964844,157.03375244140625,165000
2013-12-06,181.3999938964844,182.4250030517578,179.125,179.60000610351562,154.94171142578125,192000
2013-12-09,179.5,179.85000610351562,177.8000030517578,178.22500610351562,153.75550842285156,77080
2013-12-10,174.6999969482422,176.6750030517578,174.0749969482422,174.3249969482422,150.39096069335938,147480
2013-12-11,176.10000610351562,178.6999969482422,174.9499969482422,178.4499969482422,153.94960021972656,127360
2013-12-12,178.75,180.6750030517578,178.0749969482422,180.25,155.50247192382812,126120
2013-12-13,178.02499389648438,179.75,177.14999389648438,177.72500610351562,153.32415771484375,104720
2013-12-16,175.77499389648438,180.10000610351562,175.125,179.27499389648438,154.6613311767578,113480
2013-12-17,180.625,180.8249969482422,176.625,177.1750030517578,152.8496551513672,111080
2013-12-18,179.4250030517578,181.5,174.97500610351562,179.875,155.17897033691406,372600
2013-12-19,179.47500610351562,181.4750061035156,178.5749969482422,180.25,155.50247192382812,114720
2013-12-20,174.89999389648438,176.85000610351562,171.8249969482422,172.1750030517578,148.5361328125,306680
2013-12-23,172.9499969482422,174.89999389648438,171.25,174.875,150.86541748046875,136120
2013-12-24,177.0500030517578,179.1750030517578,176.47500610351562,178.89999389648438,154.33786010742188,143080
2013-12-26,179.625,181.4750061035156,179.5500030517578,180.875,156.04168701171875,116280
2013-12-27,181.125,183.0749969482422,179.77499389648438,182.5749969482422,157.50827026367188,120640
2013-12-30,180.6999969482422,181.0749969482422,178.39999389648438,178.875,154.31625366210938,102520
2013-12-31,179.72500610351562,185.625,178.4250030517578,181.8999938964844,156.92591857910156,175840
2014-01-02,182.5249938964844,182.8999938964844,179.02499389648438,180.02499389648438,155.308349609375,76400
2014-01-03,181.9499969482422,182.25,178.6750030517578,179.97500610351562,155.26527404785156,57960
2014-01-06,179.1750030517578,179.1750030517578,175.8249969482422,178.0,153.56138610839844,155560
2014-01-07,176.85000610351562,178.125,175.875,176.4499969482422,152.22421264648438,59560
2014-01-08,178.625,180.4499969482422,177.35000610351562,177.6999969482422,153.30255126953125,133240
2014-01-09,176.10000610351562,178.3000030517578,174.75,174.8000030517578,150.80072021484375,156240
2014-01-10,171.875,172.27499389648438,167.875,168.77499389648438,145.6029052734375,400920
2014-01-13,168.22500610351562,168.27499389648438,165.0500030517578,166.14999389648438,143.3383331298828,219320
2014-01-14,167.27499389648438,168.5500030517578,166.5,168.3000030517578,145.19317626953125,135000
2014-01-15,170.1750030517578,170.72500610351562,168.0,168.625,145.47349548339844,145800
2014-01-16,166.35000610351562,166.9499969482422,165.25,165.5749969482422,142.84226989746094,127440
2014-01-17,166.02499389648438,166.52499389648438,163.02499389648438,163.27499389648438,140.85809326171875,125880
2014-01-21,163.4250030517578,163.52499389648438,162.0500030517578,162.85000610351562,140.49139404296875,195000
2014-01-22,163.6750030517578,164.25,161.9499969482422,163.97500610351562,141.4619598388672,73400
2014-01-23,161.22500610351562,161.22500610351562,155.625,157.22500610351562,135.63870239257812,313600
2014-01-24,155.25,156.1750030517578,153.9499969482422,154.0,132.8564910888672,270840
2014-01-27,155.0749969482422,157.375,153.4499969482422,157.27499389648438,135.6818389892578,159560
2014-01-28,156.4499969482422,157.89999389648438,155.8000030517578,155.97500610351562,134.56031799316406,146080
2014-01-29,154.39999389648438,155.8249969482422,150.8249969482422,152.10000610351562,131.2173309326172,160920
2014-01-30,153.8249969482422,155.3000030517578,152.97500610351562,153.27499389648438,132.23101806640625,98640
2014-01-31,150.77499389648438,152.0749969482422,149.75,150.5749969482422,129.90171813964844,291560
2014-02-03,151.125,151.875,144.75,145.0,125.09213256835938,291400
2014-02-04,147.89999389648438,150.10000610351562,147.3000030517578,149.10000610351562,128.6292724609375,112160
2014-02-05,151.4499969482422,154.10000610351562,150.9250030517578,153.4250030517578,132.36044311523438,165280
2014-02-06,154.3000030517578,156.22500610351562,154.125,155.27499389648438,133.95640563964844,101760
2014-02-07,156.39999389648438,156.4499969482422,153.1750030517578,155.125,133.8270263671875,158640
2014-02-10,155.9499969482422,155.9499969482422,153.5500030517578,153.72500610351562,132.61924743652344,61520
2014-02-11,155.8249969482422,157.72500610351562,155.4250030517578,156.3000030517578,134.84072875976562,140800
2014-02-12,157.625,159.9250030517578,157.47500610351562,158.625,136.8464813232422,116520
2014-02-13,155.85000610351562,157.0,155.10000610351562,156.0500030517578,134.62506103515625,126560
2014-02-14,155.72500610351562,157.0500030517578,155.02499389648438,155.8249969482422,134.43092346191406,59480
2014-02-18,155.375,155.60000610351562,153.0,154.77499389648438,133.52508544921875,156120
2014-02-19,152.97500610351562,156.89999389648438,152.97500610351562,156.5,135.01324462890625,98240
2014-02-20,156.875,159.47500610351562,155.375,157.5,135.87596130371094,119800
2014-02-21,158.375,158.47500610351562,155.1999969482422,155.1999969482422,133.8917236328125,92280
2014-02-24,155.125,157.39999389648438,154.9499969482422,156.39999389648438,134.92697143554688,48280
2014-02-25,154.14999389648438,154.14999389648438,152.10000610351562,152.27499389648438,131.3683319091797,108680
2014-02-26,152.375,152.5500030517578,149.75,149.85000610351562,129.27626037597656,157920
2014-02-27,148.125,149.0,147.10000610351562,147.60000610351562,127.3351593017578,168200
2014-02-28,148.22500610351562,150.1999969482422,146.3000030517578,146.8000030517578,126.6449966430664,120200
2014-03-03,144.8249969482422,145.625,143.4250030517578,144.14999389648438,124.35884857177734,234840
2014-03-04,146.75,150.5749969482422,146.75,150.27499389648438,129.64291381835938,164400
2014-03-05,150.60000610351562,151.25,149.0,149.6750030517578,129.12527465820312,96160
2014-03-06,153.0,154.0749969482422,152.3000030517578,153.875,132.74862670898438,162800
2014-03-07,157.85000610351562,158.0,155.5500030517578,156.75,135.2289276123047,185880
2014-03-10,156.75,157.25,155.8249969482422,156.1999969482422,134.75442504882812,107400
2014-03-11,156.39999389648438,157.1999969482422,154.77499389648438,155.0,133.71920776367188,72400
2014-03-12,152.22500610351562,152.77499389648438,150.8249969482422,151.75,130.91537475585938,224160
2014-03-13,153.22500610351562,153.3000030517578,145.375,145.60000610351562,125.6097640991211,269000
2014-03-14,143.6999969482422,146.14999389648438,143.625,145.47500610351562,125.50192260742188,187160
2014-03-17,146.89999389648438,148.6999969482422,146.3249969482422,148.5749969482422,128.1763153076172,153080
2014-03-18,148.85000610351562,148.97500610351562,146.77499389648438,147.0500030517578,126.86068725585938,70600
2014-03-19,147.6999969482422,152.0500030517578,147.5,150.3000030517578,129.6645050048828,156720
2014-03-20,150.89999389648438,151.47500610351562,148.75,151.0,130.26834106445312,191200
2014-03-21,149.6750030517578,149.8000030517578,145.77499389648438,146.22500610351562,126.1489486694336,200120
2014-03-24,146.89999389648438,147.3249969482422,142.6999969482422,143.125,123.4745635986328,206240
2014-03-25,145.3249969482422,146.3249969482422,143.72500610351562,144.5,124.66081237792967,195360
2014-03-26,144.9499969482422,145.0,141.14999389648438,141.375,121.96485900878906,156840
2014-03-27,140.625,141.27499389648438,137.5500030517578,139.22500610351562,120.11002349853516,211320
2014-03-28,139.77499389648438,142.64999389648438,139.4499969482422,141.4250030517578,122.00798034667967,92160
2014-03-31,143.75,145.25,141.9499969482422,142.27499389648438,122.7412338256836,102600
2014-04-01,144.8000030517578,146.25,144.27499389648438,146.14999389648438,126.0842514038086,76920
2014-04-02,148.3249969482422,149.0,147.5,148.52499389648438,128.13320922851562,174920
2014-04-03,147.6750030517578,147.8000030517578,145.8000030517578,146.6999969482422,126.55876159667967,89160
2014-04-04,146.0500030517578,146.14999389648438,142.6999969482422,143.6999969482422,123.97061920166016,197800
2014-04-07,143.02499389648438,143.10000610351562,140.375,141.0500030517578,121.68447875976562,149800
2014-04-08,141.47500610351562,142.4499969482422,139.6999969482422,140.0500030517578,120.8217544555664,122240
2014-04-09,142.10000610351562,142.8000030517578,140.14999389648438,141.97500610351562,122.4824676513672,167400
2014-04-10,141.5749969482422,141.8000030517578,136.64999389648438,138.22500610351562,119.2473373413086,235120
2014-04-11,135.5500030517578,136.97500610351562,134.52499389648438,134.875,116.35724639892578,201080
2014-04-14,135.6999969482422,136.25,134.85000610351562,135.6750030517578,117.04743957519533,138520
2014-04-15,135.1999969482422,136.0749969482422,131.8249969482422,133.27499389648438,114.97693634033205,189400
2014-04-16,135.75,135.8249969482422,132.6999969482422,132.77499389648438,114.54560089111328,129400
2014-04-17,132.1750030517578,138.25,132.0749969482422,136.875,118.0826644897461,179960
2014-04-21,135.8249969482422,137.64999389648438,134.75,137.3249969482422,118.47091674804688,65080
2014-04-22,138.375,138.52499389648438,135.3249969482422,135.9250030517578,117.26311492919922,56680
2014-04-23,134.875,135.0749969482422,133.1999969482422,133.60000610351562,115.25732421875,92480
2014-04-24,135.375,135.375,132.64999389648438,132.85000610351562,114.61029815673828,110440
2014-04-25,131.75,132.125,129.8249969482422,132.125,113.98483276367188,158600
2014-04-28,133.0,134.89999389648438,132.27499389648438,133.9250030517578,115.53768157958984,113880
2014-04-29,136.1999969482422,136.72500610351562,134.375,134.39999389648438,115.94747161865234,69360
2014-04-30,134.1750030517578,135.47500610351562,132.375,132.97500610351562,114.71812438964844,78760
2014-05-01,132.64999389648438,132.875,128.47500610351562,129.125,111.39672088623048,188840
2014-05-02,130.1750030517578,131.0749969482422,124.8499984741211,126.3499984741211,109.00270080566406,248880
2014-05-05,126.0,128.9499969482422,125.8249969482422,128.47500610351562,110.8359603881836,190640
2014-05-06,128.1999969482422,128.47500610351562,126.1999969482422,126.9250030517578,109.49877166748048,88480
2014-05-07,127.5500030517578,128.75,126.5999984741211,128.3249969482422,110.70655059814452,128400
2014-05-08,127.4000015258789,130.375,125.9499969482422,129.875,112.04371643066406,230000
2014-05-09,130.1750030517578,132.0749969482422,129.22500610351562,131.10000610351562,113.10054779052734,100600
2014-05-12,131.85000610351562,133.5,131.5,132.60000610351562,114.39460754394533,109400
2014-05-13,130.4499969482422,130.5500030517578,129.3000030517578,129.35000610351562,111.59083557128906,79800
2014-05-14,126.2249984741211,126.3499984741211,124.1750030517578,125.125,107.9458999633789,256560
2014-05-15,122.5,122.9000015258789,120.25,122.1500015258789,105.37936401367188,272480
2014-05-16,122.8499984741211,123.4499969482422,121.5500030517578,123.0500030517578,106.1557846069336,264760
2014-05-19,121.8249969482422,126.0,121.6750030517578,125.5999984741211,108.3556900024414,182920
2014-05-20,126.0500030517578,126.125,123.1500015258789,124.9000015258789,107.75179290771484,145920
2014-05-21,127.3499984741211,128.52499389648438,126.75,127.0749969482422,109.628173828125,167920
2014-05-22,127.1750030517578,128.8000030517578,126.6500015258789,127.5999984741211,110.08106231689452,96840
2014-05-23,126.0749969482422,126.5999984741211,124.9250030517578,125.6500015258789,108.39881134033205,96360
2014-05-27,125.0,126.5749969482422,123.25,123.25,106.32831573486328,135280
2014-05-28,121.0,121.0250015258789,118.5500030517578,118.9250030517578,102.59711456298828,317320
2014-05-29,118.5,120.8000030517578,117.4250030517578,120.5999984741211,104.04216003417967,205480
2014-05-30,121.4250030517578,121.75,119.9000015258789,120.8000030517578,104.21468353271484,175600
2014-06-02,123.1999969482422,124.7750015258789,121.2750015258789,123.3499984741211,106.4145736694336,181760
2014-06-03,125.125,128.22500610351562,124.8249969482422,127.9499969482422,110.38301849365234,170360
2014-06-04,127.2249984741211,129.02499389648438,127.1500015258789,128.125,110.53400421142578,117680
2014-06-05,129.64999389648438,129.89999389648438,126.6999969482422,127.8000030517578,110.25362396240234,92760
2014-06-06,126.0999984741211,128.22500610351562,125.1500015258789,128.0500030517578,110.46932220458984,113640
2014-06-09,128.1999969482422,129.1999969482422,127.6999969482422,128.3000030517578,110.68498229980467,82840
2014-06-10,129.625,130.4499969482422,129.0,129.75,111.93590545654295,87240
2014-06-11,129.125,130.39999389648438,128.0500030517578,129.22500610351562,111.48297882080078,86040
2014-06-12,128.77499389648438,129.8249969482422,125.2249984741211,125.8249969482422,108.5497817993164,148000
2014-06-13,127.8499984741211,127.8499984741211,124.25,125.8249969482422,108.5497817993164,110440
2014-06-16,125.4000015258789,125.9499969482422,124.1999969482422,124.9250030517578,107.77335357666016,152520
2014-06-17,126.0250015258789,127.9749984741211,126.0250015258789,127.8499984741211,110.29676055908205,110160
2014-06-18,126.9749984741211,127.4250030517578,123.625,124.8249969482422,107.68708801269533,184920
2014-06-19,124.4250030517578,130.35000610351562,124.3000030517578,129.47500610351562,111.69866943359376,164080
2014-06-20,129.5500030517578,129.8249969482422,126.7249984741211,126.8000030517578,109.39092254638672,102840
2014-06-23,125.75,128.0,125.3249969482422,127.9250030517578,110.36146545410156,129720
2014-06-24,125.4250030517578,126.5500030517578,123.6750030517578,123.9000015258789,106.88909912109376,159080
2014-06-25,122.2249984741211,123.6500015258789,121.4000015258789,123.0,106.11263275146484,106080
2014-06-26,121.9000015258789,121.9000015258789,120.0,121.1999969482422,104.5597686767578,197680
2014-06-27,120.4000015258789,122.0,119.875,121.8000030517578,105.07740783691406,125000
2014-06-30,120.8249969482422,122.1999969482422,119.8249969482422,120.6750030517578,104.10687255859376,126680
2014-07-01,123.125,124.0250015258789,122.4000015258789,123.6750030517578,106.6949691772461,133720
2014-07-02,126.0,128.10000610351562,125.7750015258789,127.8000030517578,110.25362396240234,194760
2014-07-03,130.0,130.22500610351562,128.47500610351562,129.0,111.28887176513672,140240
2014-07-07,126.9749984741211,127.0500030517578,125.1750030517578,126.2249984741211,108.89486694335938,155880
2014-07-08,123.5999984741211,123.6500015258789,121.5999984741211,122.0,105.24994659423828,204400
2014-07-09,122.1999969482422,123.1750030517578,120.6999969482422,121.6999969482422,104.99113464355467,204120
2014-07-10,119.3499984741211,121.75,119.0,121.6999969482422,104.99113464355467,242080
2014-07-11,120.0999984741211,120.25,118.9000015258789,119.1999969482422,102.83435821533205,155960
2014-07-14,120.0999984741211,121.25,119.75,120.8000030517578,104.21468353271484,84360
2014-07-15,121.6999969482422,122.5749969482422,119.5250015258789,121.4000015258789,104.7322998046875,186280
2014-07-16,121.0500030517578,121.1999969482422,119.1500015258789,119.5500030517578,103.13632202148438,157880
2014-07-17,117.1750030517578,117.9749984741211,114.5,115.0,99.21101379394533,426760
2014-07-18,115.0,117.2750015258789,114.7750015258789,116.0,100.07371520996094,261880
2014-07-21,114.5999984741211,114.5999984741211,112.6999969482422,114.375,98.67182159423828,213640
2014-07-22,114.3499984741211,115.5749969482422,113.25,113.4000015258789,97.83067321777344,164520
2014-07-23,113.125,114.0749969482422,112.6500015258789,114.0,98.34828186035156,142760
2014-07-24,115.9749984741211,116.75,115.8249969482422,116.5250015258789,100.5266342163086,145960
2014-07-25,113.5999984741211,114.0,112.375,112.4749984741211,97.03268432617188,278680
2014-07-28,112.7249984741211,113.9749984741211,111.7249984741211,112.875,97.37776184082033,156440
2014-07-29,111.8249969482422,113.0500030517578,111.1750030517578,111.6750030517578,96.3425064086914,211280
2014-07-30,113.7750015258789,116.6750030517578,113.25,116.3499984741211,100.37567138671876,348320
2014-07-31,118.5,118.8000030517578,115.5,117.125,101.04426574707033,407680
2014-08-01,117.5,118.75,113.6500015258789,114.4250030517578,98.71495819091795,281000
2014-08-04,114.5999984741211,115.4499969482422,113.75,115.375,99.53451538085938,129720
2014-08-05,116.0250015258789,117.0999984741211,113.8000030517578,114.375,98.67182159423828,170840
2014-08-06,111.9499969482422,114.3499984741211,111.7750015258789,114.125,98.45613861083984,150280
2014-08-07,113.7750015258789,114.2750015258789,110.9250030517578,110.9499969482422,95.71704864501952,224120
2014-08-08,110.1999969482422,111.9250030517578,108.9499969482422,111.5250015258789,96.21311950683594,351120
2014-08-11,111.1750030517578,112.1999969482422,110.6999969482422,111.5999984741211,96.27781677246094,164800
2014-08-12,111.7750015258789,113.7750015258789,111.7750015258789,113.6750030517578,98.06792449951172,96360
2014-08-13,113.25,113.5999984741211,111.4499969482422,111.4499969482422,96.1484146118164,187840
2014-08-14,110.3000030517578,111.8249969482422,108.625,108.8000030517578,93.86225128173828,253480
2014-08-15,108.0,108.0,103.3249969482422,105.2249984741211,90.77806854248048,649040
2014-08-18,106.5749969482422,108.6750030517578,106.3000030517578,108.3000030517578,93.43089294433594,309200
2014-08-19,106.8000030517578,109.7750015258789,106.5749969482422,109.1999969482422,94.20731353759766,134920
2014-08-20,109.7249984741211,110.9499969482422,109.4749984741211,109.9250030517578,94.83280181884766,187120
2014-08-21,109.75,109.75,107.5999984741211,108.0,93.17208099365234,161960
2014-08-22,107.7750015258789,109.1500015258789,105.8000030517578,106.0250015258789,91.46824645996094,265760
2014-08-25,105.75,106.3249969482422,104.8000030517578,104.9250030517578,90.5192642211914,133680
2014-08-26,104.375,106.3499984741211,104.2249984741211,105.9250030517578,91.3819808959961,159160
2014-08-27,105.0,105.7249984741211,103.0749969482422,103.2750015258789,89.09580993652344,175560
2014-08-28,101.125,102.2750015258789,100.5250015258789,101.625,87.67234802246094,218440
2014-08-29,101.6500015258789,102.0749969482422,100.3499984741211,101.2750015258789,87.37037658691406,183160
2014-09-02,105.1500015258789,106.6500015258789,104.9250030517578,106.5999984741211,91.96427917480467,297920
2014-09-03,107.5749969482422,107.6750030517578,104.8000030517578,104.8000030517578,90.41143798828124,212680
2014-09-04,106.9499969482422,108.625,106.125,108.5500030517578,93.64657592773438,279240
2014-09-05,107.3000030517578,109.9499969482422,106.7249984741211,109.125,94.1426239013672,261040
2014-09-08,107.0749969482422,109.9749984741211,106.5999984741211,109.1500015258789,94.16419982910156,261920
2014-09-09,109.9000015258789,109.9499969482422,108.6750030517578,109.2750015258789,94.2720184326172,113920
2014-09-10,111.2750015258789,111.7750015258789,110.9250030517578,111.2249984741211,95.9542999267578,208240
2014-09-11,110.4749984741211,112.4749984741211,109.6750030517578,112.3499984741211,96.92484283447266,190880
2014-09-12,115.0,116.4000015258789,114.3249969482422,115.9250030517578,100.00901794433594,320280
2014-09-15,114.5250015258789,115.9250030517578,113.75,115.4000015258789,99.55609130859376,182760
2014-09-16,115.3000030517578,116.7750015258789,114.4499969482422,116.6500015258789,100.63446044921876,239440
2014-09-17,115.4499969482422,117.875,114.5,117.7249984741211,101.56188201904295,392480
2014-09-18,116.4499969482422,117.5,115.5500030517578,116.4250030517578,100.44037628173828,248800
2014-09-19,115.1999969482422,116.3249969482422,111.8000030517578,112.0500030517578,96.6660385131836,234920
2014-09-22,111.9000015258789,112.4499969482422,110.6999969482422,111.6750030517578,96.3425064086914,357000
2014-09-23,111.0250015258789,111.4499969482422,109.5,109.5749969482422,94.53086853027344,258120
2014-09-24,109.9499969482422,111.8000030517578,109.25,111.3249969482422,96.0405731201172,208840
2014-09-25,109.8000030517578,109.8000030517578,107.375,107.4250030517578,92.676025390625,327880
2014-09-26,107.75,108.875,107.0500030517578,107.8499984741211,93.04267120361328,278800
2014-09-29,105.0,105.9250030517578,104.5749969482422,105.2750015258789,90.82121276855467,275120
2014-09-30,105.9250030517578,107.375,104.9000015258789,106.9499969482422,92.26625061035156,227000
2014-10-01,104.5999984741211,104.5999984741211,100.6999969482422,100.875,87.02529907226562,734040
2014-10-02,101.7249984741211,103.5500030517578,100.8499984741211,103.375,89.18208312988281,279800
2014-10-03,103.9000015258789,104.375,101.9000015258789,102.0999984741211,88.0821304321289,301480
2014-10-06,102.2249984741211,102.875,100.75,101.9749984741211,87.97427368164062,287920
2014-10-07,100.5,100.7750015258789,97.5500030517578,97.6750030517578,84.2646484375,342080
2014-10-08,97.5999984741211,99.8000030517578,97.3000030517578,97.6500015258789,84.24309539794922,354240
2014-10-09,98.0,99.0999984741211,96.9499969482422,98.8499984741211,85.27832794189453,331440
2014-10-10,97.0999984741211,97.7249984741211,95.875,95.9250030517578,82.75492858886719,450800
2014-10-13,95.7249984741211,95.875,93.1999969482422,94.0999984741211,81.18048095703125,253280
2014-10-14,92.875,94.375,91.75,92.3249969482422,79.64920043945312,373200
2014-10-15,85.4000015258789,91.6500015258789,78.7750015258789,90.1750030517578,77.79436492919922,875200
2014-10-16,86.57499694824219,92.4250030517578,86.5250015258789,91.7249984741211,79.13155364990234,305240
2014-10-17,92.9499969482422,94.5999984741211,91.9000015258789,93.0749969482422,80.29621887207031,390840
2014-10-20,91.5500030517578,93.5500030517578,91.5500030517578,92.25,79.58448791503906,355840
2014-10-21,93.7750015258789,94.4749984741211,92.8499984741211,94.3249969482422,81.37459564208984,435000
2014-10-22,94.5749969482422,95.1999969482422,93.7249984741211,94.1999969482422,81.26673889160156,455560
2014-10-23,95.4749984741211,97.8499984741211,95.3000030517578,96.5999984741211,83.33724975585938,306560
2014-10-24,95.8249969482422,96.9749984741211,94.6500015258789,96.3249969482422,83.10002136230469,331280
2014-10-27,96.0250015258789,96.4749984741211,95.0250015258789,95.8249969482422,82.66864776611328,193280
2014-10-28,97.0,97.7750015258789,96.5,97.4749984741211,84.09210968017578,125320
2014-10-29,98.0749969482422,99.4499969482422,96.0250015258789,97.0,83.68234252929688,431520
2014-10-30,94.875,96.7249984741211,94.4499969482422,96.6500015258789,83.38038635253906,276320
2014-10-31,97.125,98.4250030517578,96.3249969482422,97.4749984741211,84.09210968017578,261160
2014-11-03,97.625,99.1999969482422,96.9499969482422,97.2750015258789,83.91957092285156,241040
2014-11-04,96.2750015258789,97.125,95.0749969482422,96.5500030517578,83.29412078857422,128480
2014-11-05,97.5250015258789,97.7249984741211,96.4250030517578,96.75,83.46666717529297,167880
2014-11-06,98.2249984741211,98.9499969482422,97.4499969482422,98.7249984741211,85.17049407958984,309280
2014-11-07,97.8249969482422,97.9749984741211,95.3499984741211,95.4250030517578,82.3235855102539,239120
2014-11-10,95.8249969482422,98.1500015258789,95.75,97.9499969482422,84.50190734863281,221040
2014-11-11,98.25,98.6750030517578,97.5500030517578,97.6500015258789,84.24309539794922,71880
2014-11-12,96.5749969482422,98.4499969482422,95.75,98.0,84.54502868652344,170600
2014-11-13,97.75,98.4000015258789,96.625,97.2249984741211,83.87642669677734,193560
2014-11-14,97.4250030517578,97.6999969482422,95.5749969482422,95.9250030517578,82.75492858886719,182360
2014-11-17,95.0749969482422,97.25,95.0749969482422,96.4499969482422,83.20787048339844,176200
2014-11-18,96.2249984741211,96.5749969482422,95.5999984741211,95.7750015258789,82.62552642822266,97840
2014-11-19,97.1999969482422,97.5500030517578,95.5749969482422,97.3499984741211,83.98428344726562,143880
2014-11-20,94.6750030517578,96.7249984741211,94.5999984741211,96.0999984741211,82.9059066772461,224120
2014-11-21,95.5,95.6750030517578,94.0749969482422,94.1750030517578,81.24519348144531,205320
2014-11-24,95.3499984741211,95.5,93.8499984741211,93.9749984741211,81.0726318359375,114360
2014-11-25,93.6999969482422,93.7249984741211,91.4749984741211,91.7249984741211,79.13155364990234,175280
2014-11-26,90.6500015258789,90.9749984741211,90.1750030517578,90.9250030517578,78.44139862060547,142720
2014-11-28,89.32499694824219,89.4749984741211,88.32499694824219,88.5999984741211,76.43562316894531,156000
2014-12-01,87.5999984741211,90.2750015258789,87.42500305175781,90.0999984741211,77.72967529296875,245720
2014-12-02,91.6750030517578,92.875,91.625,92.7750015258789,80.03739166259766,170400
2014-12-03,92.9749984741211,93.25,91.6999969482422,91.7249984741211,79.13155364990234,120440
2014-12-04,91.875,92.0,89.4749984741211,89.55000305175781,77.25519561767578,107840
2014-12-05,89.8499984741211,92.25,89.8499984741211,90.8499984741211,78.37670135498047,263640
2014-12-08,90.125,90.3499984741211,87.07499694824219,87.7750015258789,75.723876953125,153960
2014-12-09,85.4749984741211,86.7750015258789,84.69999694824219,86.19999694824219,74.3651123046875,247840
2014-12-10,86.30000305175781,86.44999694824219,83.7249984741211,84.30000305175781,72.72598266601562,234880
2014-12-11,85.07499694824219,86.0,83.5999984741211,83.67500305175781,72.18679809570312,323600
2014-12-12,81.67500305175781,82.5,79.82499694824219,80.0,69.01636505126953,393160
2014-12-15,81.25,81.57499694824219,79.1500015258789,80.30000305175781,69.27517700195312,414560
2014-12-16,77.80000305175781,79.7750015258789,77.17500305175781,77.42500305175781,66.79490661621094,574800
2014-12-17,78.57499694824219,80.625,78.0250015258789,79.42500305175781,68.52031707763672,559840
2014-12-18,82.42500305175781,83.55000305175781,82.07499694824219,83.0999984741211,71.69074249267578,531640
2014-12-19,83.0,83.19999694824219,80.19999694824219,80.3499984741211,69.31829833984375,357880
2014-12-22,81.07499694824219,81.4000015258789,79.7249984741211,79.8499984741211,68.88692474365234,258880
2014-12-23,81.0250015258789,84.82499694824219,80.8499984741211,84.7249984741211,73.09264373779297,221520
2014-12-24,85.17500305175781,85.4749984741211,83.1500015258789,83.1500015258789,71.73387145996094,100280
2014-12-26,82.125,83.17500305175781,82.0,82.375,71.0652847290039,203800
2014-12-29,81.32499694824219,81.55000305175781,79.82499694824219,80.4749984741211,69.42615509033203,155120
2014-12-30,79.375,80.125,78.82499694824219,79.875,68.90850830078125,225200
2014-12-31,79.7249984741211,79.875,78.9000015258789,79.32499694824219,68.43402099609375,294600
2015-01-02,78.7750015258789,78.875,76.0999984741211,76.80000305175781,66.2557144165039,333040
2015-01-05,75.55000305175781,75.55000305175781,72.5999984741211,73.1500015258789,63.10684585571289,397640
2015-01-06,70.69999694824219,71.55000305175781,67.75,69.125,59.63444900512695,667600
2015-01-07,70.6500015258789,71.42500305175781,68.6500015258789,69.55000305175781,60.0010986328125,533120
2015-01-08,71.25,72.6500015258789,71.1500015258789,72.2750015258789,62.35196304321289,487600
2015-01-09,73.125,73.32499694824219,69.8499984741211,69.92500305175781,60.324615478515625,290360
2015-01-12,70.0999984741211,70.0999984741211,67.94999694824219,68.67500305175781,59.2462158203125,205720
2015-01-13,69.3499984741211,69.75,67.4749984741211,68.67500305175781,59.2462158203125,317600
2015-01-14,65.80000305175781,67.32499694824219,65.0999984741211,67.17500305175781,57.9521713256836,420640
2015-01-15,67.125,67.32499694824219,63.75,63.875,55.1052360534668,399920
2015-01-16,64.7249984741211,66.625,64.32499694824219,66.44999694824219,57.32671356201172,332840
2015-01-20,64.9749984741211,65.0,63.5,63.72499847412109,54.9758415222168,325840
2015-01-21,63.29999923706055,66.5250015258789,62.82500076293945,65.9000015258789,56.85222625732422,323280
2015-01-22,65.0,67.5,64.7750015258789,66.7249984741211,57.563961029052734,390200
2015-01-23,64.67500305175781,64.75,63.32500076293945,63.900001525878906,55.12681198120117,242840
2015-01-26,63.70000076293945,64.8499984741211,63.20000076293945,64.44999694824219,55.60129928588867,180560
2015-01-27,62.5,64.67500305175781,61.79999923706055,64.07499694824219,55.27779006958008,269120
2015-01-28,63.92499923706055,63.92499923706055,60.025001525878906,61.0,52.62497329711914,300280
2015-01-29,61.775001525878906,62.67499923706055,61.04999923706055,62.09999847412109,53.57394409179688,220080
2015-01-30,59.59999847412109,60.29999923706055,58.54999923706055,58.82500076293945,50.74858856201172,439200
2015-02-02,60.400001525878906,60.525001525878906,58.900001525878906,59.45000076293945,51.28777694702149,250120
2015-02-03,61.79999923706055,63.47499847412109,61.59999847412109,63.150001525878906,54.47978591918945,236960
2015-02-04,64.82499694824219,65.25,62.625,62.97499847412109,54.32881164550781,220200
2015-02-05,64.0,65.19999694824219,63.70000076293945,64.8499984741211,55.94638442993164,234400
2015-02-06,66.7249984741211,68.875,66.3499984741211,68.32499694824219,58.94428253173828,450000
2015-02-09,66.9000015258789,68.67500305175781,66.82499694824219,68.67500305175781,59.2462158203125,216400
2015-02-10,69.5999984741211,70.75,69.17500305175781,70.30000305175781,60.64811706542969,205840
2015-02-11,70.4000015258789,71.5250015258789,69.42500305175781,70.05000305175781,60.43244934082031,169560
2015-02-12,70.375,70.75,69.0250015258789,70.75,61.036354064941406,143680
2015-02-13,70.67500305175781,73.0,70.67500305175781,72.92500305175781,62.912723541259766,209600
2015-02-17,73.625,76.67500305175781,73.30000305175781,76.0999984741211,65.65178680419922,428440
2015-02-18,75.0250015258789,75.75,73.4749984741211,74.9000015258789,64.61656188964844,376320
2015-02-19,75.17500305175781,76.2249984741211,73.9749984741211,76.19999694824219,65.73806762695312,251880
2015-02-20,74.57499694824219,76.4749984741211,72.875,75.3499984741211,65.00477600097656,530160
2015-02-23,74.3499984741211,74.3499984741211,72.57499694824219,73.07499694824219,63.0421257019043,313880
2015-02-24,73.55000305175781,74.25,69.8499984741211,70.0999984741211,60.47559356689453,356920
2015-02-25,70.4000015258789,71.0,68.9000015258789,69.17500305175781,59.67758560180664,254640
2015-02-26,70.0,72.0250015258789,69.0250015258789,71.9000015258789,62.02843475341797,277400
2015-02-27,70.9749984741211,72.2249984741211,69.9749984741211,70.125,60.49715423583984,288160
2015-03-02,70.55000305175781,74.1500015258789,70.44999694824219,73.94999694824219,63.7969970703125,270720
2015-03-03,73.9749984741211,74.82499694824219,73.1500015258789,74.82499694824219,64.55186462402344,243560
2015-03-04,73.9000015258789,75.2249984741211,73.75,74.55000305175781,64.31463623046875,149600
2015-03-05,74.69999694824219,75.69999694824219,73.9749984741211,74.92500305175781,64.63813018798828,167880
2015-03-06,77.82499694824219,80.92500305175781,77.57499694824219,79.9749984741211,68.99478912353516,559400
2015-03-09,77.67500305175781,78.80000305175781,77.32499694824219,77.7750015258789,67.0968246459961,321680
2015-03-10,75.2750015258789,75.67500305175781,74.4000015258789,74.7249984741211,64.46558380126953,321440
2015-03-11,74.75,74.9749984741211,72.5999984741211,73.0,62.977420806884766,298440
2015-03-12,71.4000015258789,73.82499694824219,71.2750015258789,73.0999984741211,63.063697814941406,357880
2015-03-13,73.75,74.19999694824219,72.32499694824219,73.82499694824219,63.689151763916016,188440
2015-03-16,71.75,72.82499694824219,71.32499694824219,71.75,61.89902877807617,217600
2015-03-17,70.625,71.0999984741211,69.75,69.94999694824219,60.34618377685547,181040
2015-03-18,68.44999694824219,70.5,65.80000305175781,65.8499984741211,56.80908584594727,372560
2015-03-19,66.19999694824219,67.5999984741211,65.6500015258789,66.7249984741211,57.563961029052734,283360
2015-03-20,66.2750015258789,66.32499694824219,65.5,65.6500015258789,56.63655090332031,179960
2015-03-23,65.44999694824219,66.5250015258789,65.42500305175781,65.9749984741211,56.91691970825195,112640
2015-03-24,65.30000305175781,65.7750015258789,64.07499694824219,64.07499694824219,55.27779006958008,161240
2015-03-25,63.82500076293945,65.75,63.82500076293945,65.69999694824219,56.6796760559082,144040
2015-03-26,66.44999694824219,69.17500305175781,66.32499694824219,68.6500015258789,59.22466278076172,294600
2015-03-27,67.94999694824219,67.94999694824219,66.1500015258789,66.30000305175781,57.197303771972656,145760
2015-03-30,66.4749984741211,67.5999984741211,66.2750015258789,67.17500305175781,57.9521713256836,147560
2015-03-31,67.44999694824219,67.9000015258789,66.32499694824219,66.75,57.58552169799805,145560
2015-04-01,65.4000015258789,65.4000015258789,63.59999847412109,64.0999984741211,55.29935073852539,279560
2015-04-02,64.42500305175781,66.25,64.3499984741211,66.0250015258789,56.96004867553711,163600
2015-04-06,65.0999984741211,67.625,64.94999694824219,67.125,57.909027099609375,164360
2015-04-07,66.92500305175781,67.4000015258789,65.3499984741211,65.55000305175781,56.55027389526367,159720
2015-04-08,65.5250015258789,67.0999984741211,65.1500015258789,65.5250015258789,56.52870941162109,165400
2015-04-09,65.75,68.375,65.75,67.94999694824219,58.62076568603516,174480
2015-04-10,66.5999984741211,67.80000305175781,66.4000015258789,67.69999694824219,58.40509414672852,141960
2015-04-13,67.875,68.0250015258789,67.0999984741211,67.4000015258789,58.14628601074219,153280
2015-04-14,65.0,66.32499694824219,64.17500305175781,65.9749984741211,56.91691970825195,220840
2015-04-15,65.5,66.55000305175781,65.1500015258789,66.0999984741211,57.02476501464844,149080
2015-04-16,65.92500305175781,67.92500305175781,65.75,67.07499694824219,57.86590194702149,196480
2015-04-17,67.42500305175781,67.44999694824219,64.42500305175781,64.8499984741211,55.94638442993164,187280
2015-04-20,65.4749984741211,66.9749984741211,65.4749984741211,66.42500305175781,57.30514907836914,103880
2015-04-21,66.57499694824219,67.55000305175781,66.30000305175781,67.32499694824219,58.08157730102539,122440
2015-04-22,67.67500305175781,70.69999694824219,67.6500015258789,70.4749984741211,60.79909133911133,301440
2015-04-23,70.3499984741211,70.57499694824219,68.5999984741211,69.57499694824219,60.02266311645508,693400
2015-04-24,68.94999694824219,69.0250015258789,67.67500305175781,68.2249984741211,58.858009338378906,143120
2015-04-27,68.30000305175781,69.30000305175781,67.55000305175781,68.19999694824219,58.8364372253418,130480
2015-04-28,69.5999984741211,71.05000305175781,68.75,71.0250015258789,61.27359390258789,199520
2015-04-29,73.3499984741211,74.30000305175781,72.4000015258789,73.55000305175781,63.4519157409668,364280
2015-04-30,74.75,75.69999694824219,72.92500305175781,73.0999984741211,63.063697814941406,389840
2015-05-01,74.75,76.67500305175781,74.30000305175781,76.1500015258789,65.69493103027344,224880
2015-05-04,75.625,78.5,75.2249984741211,78.25,67.50662231445312,297560
2015-05-05,78.3499984741211,80.5,78.0250015258789,78.5999984741211,67.80855560302734,564280
2015-05-06,79.8499984741211,83.0,79.80000305175781,82.57499694824219,71.2378158569336,738480
2015-05-07,80.8499984741211,81.0250015258789,78.5250015258789,79.32499694824219,68.43402099609375,584960
2015-05-08,77.0,79.07499694824219,76.67500305175781,78.5999984741211,67.80855560302734,290440
2015-05-11,80.30000305175781,84.4749984741211,80.30000305175781,84.375,72.79070281982422,425000
2015-05-12,85.0999984741211,85.8499984741211,82.05000305175781,83.75,72.25150299072266,409000
2015-05-13,82.0250015258789,86.2249984741211,81.875,85.7750015258789,73.99847412109375,609560
2015-05-14,85.67500305175781,86.07499694824219,83.75,85.0999984741211,73.41614532470703,332960
2015-05-15,82.4749984741211,82.7249984741211,79.17500305175781,80.0,69.01636505126953,647520
2015-05-18,82.4000015258789,84.0,82.1500015258789,83.7750015258789,72.2730712890625,374640
2015-05-19,86.67500305175781,86.82499694824219,83.2750015258789,86.05000305175781,74.23573303222656,412240
2015-05-20,85.5,86.80000305175781,84.0,85.625,73.86907196044922,253240
2015-05-21,83.75,84.0,81.5250015258789,82.0999984741211,70.82806396484375,246200
2015-05-22,81.42500305175781,83.17500305175781,81.25,82.0,70.74176788330078,225040
2015-05-26,81.0999984741211,81.32499694824219,77.5250015258789,77.75,67.07527160644531,600600
2015-05-27,78.25,79.375,76.94999694824219,77.17500305175781,66.57921600341797,258800
2015-05-28,77.69999694824219,78.125,76.5999984741211,77.7249984741211,67.0536880493164,155960
2015-05-29,76.2750015258789,77.55000305175781,75.5999984741211,77.1500015258789,66.55765533447266,320800
2015-06-01,77.80000305175781,80.42500305175781,77.32499694824219,79.5999984741211,68.67127227783203,304840
2015-06-02,81.5,83.5999984741211,81.4000015258789,83.0,71.60446166992188,247000
2015-06-03,85.0999984741211,87.6500015258789,84.7249984741211,87.17500305175781,75.20625305175781,386080
2015-06-04,85.44999694824219,85.5250015258789,83.05000305175781,83.6500015258789,72.16523742675781,340280
2015-06-05,86.19999694824219,87.0250015258789,84.5999984741211,86.5999984741211,74.71019744873047,378200
2015-06-08,85.8499984741211,87.0999984741211,85.4000015258789,86.9000015258789,74.96900177001953,261520
2015-06-09,87.69999694824219,89.82499694824219,87.57499694824219,88.9000015258789,76.69442749023438,601560
2015-06-10,90.4250030517578,91.8499984741211,89.9000015258789,91.2750015258789,78.74336242675781,508080
2015-06-11,88.80000305175781,89.5250015258789,85.42500305175781,85.5999984741211,73.84750366210938,575920
2015-06-12,86.125,86.3499984741211,83.0250015258789,85.4749984741211,73.73966217041016,272320
2015-06-15,83.25,85.9000015258789,83.0999984741211,85.0999984741211,73.41614532470703,174840
2015-06-16,84.05000305175781,85.44999694824219,83.05000305175781,83.0999984741211,71.69074249267578,235840
2015-06-17,84.25,86.80000305175781,83.9749984741211,84.9000015258789,73.24359130859375,417200
2015-06-18,86.55000305175781,87.92500305175781,85.875,86.2249984741211,74.38668823242188,313080
2015-06-19,84.1500015258789,84.1500015258789,82.5999984741211,82.875,71.49662017822266,360160
2015-06-22,85.42500305175781,88.0,84.80000305175781,87.82499694824219,75.76701354980469,370560
2015-06-23,89.94999694824219,90.0250015258789,87.17500305175781,89.4749984741211,77.19047546386719,520400
2015-06-24,88.1500015258789,88.94999694824219,86.6500015258789,87.2750015258789,75.29251098632812,248080
2015-06-25,87.9749984741211,88.82499694824219,86.875,88.0999984741211,76.00425720214844,200040
2015-06-26,89.875,91.75,89.55000305175781,90.9749984741211,78.48453521728516,406000
2015-06-29,86.875,88.0250015258789,82.9000015258789,84.0,72.46717071533203,694080
2015-06-30,85.625,85.7750015258789,82.875,85.32499694824219,73.6102523803711,526280
2015-07-01,88.375,89.4000015258789,87.32499694824219,88.9000015258789,76.69442749023438,581920
2015-07-02,87.1500015258789,88.2750015258789,86.5250015258789,87.82499694824219,75.76701354980469,287720
2015-07-06,83.3499984741211,85.57499694824219,82.0,83.125,71.7123031616211,649320
2015-07-07,80.05000305175781,81.42500305175781,78.17500305175781,80.82499694824219,69.72808074951172,730480
2015-07-08,79.3499984741211,80.2750015258789,78.0999984741211,78.6500015258789,67.85172271728516,460240
2015-07-09,81.75,83.44999694824219,80.92500305175781,83.2750015258789,71.84170532226562,404360
2015-07-10,87.32499694824219,87.9000015258789,85.8499984741211,87.25,75.27095031738281,712840
2015-07-13,88.625,88.75,86.32499694824219,87.9749984741211,75.89643096923828,868520
2015-07-14,87.2249984741211,88.07499694824219,86.7249984741211,87.17500305175781,75.20625305175781,161400
2015-07-15,87.0,87.2249984741211,83.8499984741211,84.42500305175781,72.83383178710938,255440
2015-07-16,85.05000305175781,85.32499694824219,82.55000305175781,82.6500015258789,71.30252838134766,323320
2015-07-17,82.0999984741211,82.125,81.0250015258789,81.42500305175781,70.24569702148438,361640
2015-07-20,82.17500305175781,83.0250015258789,81.57499694824219,82.375,71.0652847290039,484240
2015-07-21,83.3499984741211,83.55000305175781,80.94999694824219,81.0,69.87904357910156,235440
2015-07-22,80.7750015258789,80.80000305175781,78.92500305175781,79.57499694824219,68.64969635009766,206760
2015-07-23,79.5,79.80000305175781,76.3499984741211,76.5250015258789,66.0184555053711,351560
2015-07-24,75.92500305175781,76.82499694824219,75.6500015258789,75.94999694824219,65.52239227294922,357480
2015-07-27,74.5999984741211,75.7249984741211,74.25,74.625,64.37931823730469,324440
2015-07-28,76.32499694824219,76.7750015258789,75.625,76.30000305175781,65.8243408203125,287280
2015-07-29,76.5250015258789,77.75,76.32499694824219,77.125,66.53607940673828,249320
2015-07-30,76.30000305175781,76.30000305175781,74.82499694824219,75.375,65.02633666992188,189360
2015-07-31,73.9000015258789,74.57499694824219,73.05000305175781,73.5999984741211,63.49504470825195,224200
2015-08-03,73.5999984741211,73.5999984741211,71.0,71.32499694824219,61.53240203857422,301160
2015-08-04,72.0,73.25,71.7750015258789,72.9749984741211,62.95585632324219,250360
2015-08-05,74.42500305175781,75.5,74.2249984741211,74.67500305175781,64.42243957519531,263760
2015-08-06,74.05000305175781,74.05000305175781,72.44999694824219,72.7750015258789,62.78331756591797,174760
2015-08-07,71.69999694824219,71.75,69.57499694824219,69.92500305175781,60.324615478515625,280480
2015-08-10,71.32499694824219,72.8499984741211,71.17500305175781,72.375,62.438236236572266,251360
2015-08-11,69.875,70.0250015258789,68.30000305175781,69.0,59.52660369873047,376360
2015-08-12,68.67500305175781,70.17500305175781,67.375,70.0250015258789,60.4108772277832,363800
2015-08-13,70.44999694824219,71.57499694824219,69.4749984741211,70.7750015258789,61.05790328979492,205040
2015-08-14,71.17500305175781,71.55000305175781,69.55000305175781,70.25,60.60498809814453,182160
2015-08-17,69.07499694824219,69.4749984741211,68.30000305175781,69.32499694824219,59.80699157714844,201760
2015-08-18,70.42500305175781,71.1500015258789,69.67500305175781,70.875,61.1441650390625,233240
2015-08-19,71.7750015258789,71.82499694824219,68.5,68.875,59.41878128051758,399600
2015-08-20,67.8499984741211,68.07499694824219,66.55000305175781,66.69999694824219,57.54238128662109,445400
2015-08-21,66.55000305175781,67.3499984741211,65.5250015258789,66.0999984741211,57.02476501464844,521120
2015-08-24,62.875,66.94999694824219,62.09999847412109,66.05000305175781,56.98162841796875,1018080
2015-08-25,68.82499694824219,70.4749984741211,68.55000305175781,69.125,59.63444900512695,608240
2015-08-26,71.4749984741211,74.2249984741211,70.6500015258789,73.25,63.19309997558594,769040
2015-08-27,73.42500305175781,73.7750015258789,71.57499694824219,73.17500305175781,63.128395080566406,498240
2015-08-28,71.05000305175781,72.67500305175781,70.5,72.625,62.65392303466797,344600
2015-08-31,70.625,74.25,70.5,74.125,63.94796752929688,334160
2015-09-01,73.30000305175781,74.4749984741211,72.44999694824219,72.6500015258789,62.675479888916016,398920
2015-09-02,73.57499694824219,74.5999984741211,72.625,74.42500305175781,64.206787109375,312280
2015-09-03,73.5999984741211,74.92500305175781,73.1500015258789,73.375,63.30093765258789,231240
2015-09-04,71.82499694824219,72.82499694824219,70.875,71.32499694824219,61.53240203857422,213120
2015-09-08,73.5250015258789,74.5999984741211,73.2249984741211,74.375,64.16364288330078,270920
2015-09-09,76.69999694824219,76.8499984741211,72.9000015258789,73.4000015258789,63.3224983215332,346400
2015-09-10,74.25,75.17500305175781,73.8499984741211,74.82499694824219,64.55186462402344,218120
2015-09-11,73.2249984741211,73.5250015258789,72.17500305175781,73.4749984741211,63.387203216552734,156880
2015-09-14,72.42500305175781,73.57499694824219,72.07499694824219,73.0250015258789,62.998985290527344,180440
2015-09-15,74.2249984741211,77.42500305175781,74.0250015258789,77.1500015258789,66.55765533447266,421680
2015-09-16,77.6500015258789,78.57499694824219,76.8499984741211,78.05000305175781,67.33409881591797,337600
2015-09-17,78.0250015258789,78.19999694824219,75.0250015258789,75.1500015258789,64.8322525024414,969160
2015-09-18,73.44999694824219,73.5250015258789,71.55000305175781,71.8499984741211,61.98530960083008,379640
2015-09-21,73.625,75.80000305175781,73.44999694824219,75.19999694824219,64.87538146972656,337760
2015-09-22,72.80000305175781,73.2750015258789,70.92500305175781,72.1500015258789,62.244136810302734,266000
2015-09-23,72.3499984741211,73.5,71.55000305175781,72.05000305175781,62.15785217285156,243920
2015-09-24,69.6500015258789,70.82499694824219,68.7249984741211,70.6500015258789,60.950077056884766,260720
2015-09-25,72.19999694824219,72.875,71.7750015258789,72.4000015258789,62.45980072021485,236320
2015-09-28,71.125,71.25,68.44999694824219,68.75,59.31092071533203,267960
2015-09-29,68.94999694824219,69.32499694824219,67.55000305175781,68.05000305175781,58.7070426940918,440080
2015-09-30,69.05000305175781,69.4749984741211,68.375,68.75,59.31092071533203,212040
2015-10-01,67.5,68.17500305175781,66.7249984741211,67.9749984741211,58.64232635498047,417600
2015-10-02,65.0,67.3499984741211,63.97499847412109,66.7249984741211,57.563961029052734,540400
2015-10-05,68.05000305175781,69.55000305175781,67.875,69.3499984741211,59.828556060791016,322640
2015-10-06,69.92500305175781,70.1500015258789,68.17500305175781,68.5,59.09525680541992,211400
2015-10-07,69.5250015258789,69.94999694824219,68.625,69.1500015258789,59.65601348876953,214760
2015-10-08,68.57499694824219,71.4000015258789,68.55000305175781,70.7750015258789,61.05790328979492,267000
2015-10-09,70.80000305175781,71.0,69.7249984741211,70.375,60.71281051635742,205280
2015-10-12,69.05000305175781,69.19999694824219,68.30000305175781,68.6500015258789,59.22466278076172,134000
2015-10-13,68.0,69.375,68.0,68.32499694824219,58.94428253173828,182560
2015-10-14,67.82499694824219,68.5250015258789,66.5,66.57499694824219,57.43453979492188,213160
2015-10-15,66.82499694824219,67.67500305175781,66.625,67.5,58.2325439453125,153600
2015-10-16,66.94999694824219,67.5250015258789,66.5999984741211,67.4749984741211,58.21098327636719,102840
2015-10-19,67.6500015258789,69.07499694824219,67.4749984741211,68.0250015258789,58.68546676635742,158520
2015-10-20,69.32499694824219,69.69999694824219,69.0250015258789,69.30000305175781,59.78541946411133,124120
2015-10-21,68.0,68.1500015258789,66.875,67.125,57.909027099609375,235960
2015-10-22,67.17500305175781,68.0,66.0,66.82499694824219,57.65021896362305,125520
2015-10-23,68.69999694824219,69.0250015258789,68.0999984741211,68.44999694824219,59.05210876464844,117680
2015-10-26,67.4000015258789,67.44999694824219,66.80000305175781,67.0999984741211,57.887454986572266,119880
2015-10-27,66.32499694824219,66.8499984741211,65.69999694824219,66.5999984741211,57.45611190795898,94840
2015-10-28,66.67500305175781,68.25,66.5999984741211,67.4000015258789,58.14628601074219,196640
2015-10-29,68.32499694824219,70.875,68.32499694824219,70.55000305175781,60.86379623413086,556320
2015-10-30,69.92500305175781,70.3499984741211,68.9749984741211,69.07499694824219,59.5912971496582,129160
2015-11-02,70.2249984741211,70.4000015258789,69.57499694824219,69.9749984741211,60.36774444580078,157040
2015-11-03,70.3499984741211,71.92500305175781,70.32499694824219,71.625,61.791202545166016,145680
2015-11-04,71.4000015258789,72.0999984741211,70.5999984741211,71.4000015258789,61.59709167480469,177040
2015-11-05,71.44999694824219,72.80000305175781,71.44999694824219,71.94999694824219,62.07157897949219,207520
2015-11-06,74.2249984741211,75.5999984741211,74.17500305175781,75.05000305175781,64.7459716796875,319000
2015-11-09,76.8499984741211,77.0,75.30000305175781,76.25,65.78121185302734,383560
2015-11-10,76.0250015258789,76.25,74.67500305175781,75.69999694824219,65.30671691894531,198560
2015-11-11,76.32499694824219,76.44999694824219,75.9000015258789,76.17500305175781,65.71652221679688,129600
2015-11-12,75.4749984741211,75.6500015258789,73.875,75.0999984741211,64.78910064697266,159720
2015-11-13,74.55000305175781,74.5999984741211,73.3499984741211,73.82499694824219,63.689151763916016,175240
2015-11-16,73.44999694824219,74.7249984741211,73.17500305175781,73.92500305175781,63.77544021606445,174000
2015-11-17,74.9749984741211,75.625,72.92500305175781,73.625,63.516632080078125,191560
2015-11-18,73.875,74.32499694824219,72.80000305175781,73.0999984741211,63.063697814941406,233280
2015-11-19,71.55000305175781,71.9000015258789,71.05000305175781,71.69999694824219,61.85588836669922,203600
2015-11-20,71.5250015258789,72.55000305175781,71.25,72.2249984741211,62.30881881713867,251680
2015-11-23,72.125,72.5,71.0999984741211,71.625,61.791202545166016,173240
2015-11-24,71.625,71.9749984741211,70.94999694824219,71.55000305175781,61.72651672363281,138080
2015-11-25,71.05000305175781,71.375,70.55000305175781,71.0999984741211,61.33829498291016,139240
2015-11-27,70.82499694824219,71.32499694824219,70.69999694824219,71.2249984741211,61.44612503051758,74480
2015-11-30,71.125,71.1500015258789,70.32499694824219,70.44999694824219,60.77753448486328,258480
2015-12-01,70.30000305175781,70.30000305175781,67.57499694824219,67.625,58.34038162231445,366840
2015-12-02,68.0,68.5999984741211,67.25,67.5,58.2325439453125,270160
2015-12-03,69.94999694824219,73.9000015258789,69.9000015258789,72.92500305175781,62.912723541259766,599520
2015-12-04,73.07499694824219,73.07499694824219,70.44999694824219,71.125,61.359859466552734,410840
2015-12-07,70.69999694824219,70.69999694824219,67.75,69.07499694824219,59.5912971496582,277520
2015-12-08,68.07499694824219,69.5,67.9000015258789,68.875,59.41878128051758,245880
2015-12-09,69.6500015258789,71.0999984741211,68.30000305175781,69.07499694824219,59.5912971496582,326280
2015-12-10,68.92500305175781,69.4749984741211,68.55000305175781,68.9000015258789,59.44033050537109,296760
2015-12-11,66.875,67.05000305175781,65.0,65.5999984741211,56.593406677246094,875400
2015-12-14,66.625,68.75,66.55000305175781,68.0999984741211,58.75016403198242,305200
2015-12-15,70.0,70.30000305175781,69.0250015258789,69.25,59.74227523803711,503760
2015-12-16,69.82499694824219,70.92500305175781,68.05000305175781,69.69999694824219,60.1305046081543,420520
2015-12-17,68.625,68.875,66.92500305175781,67.3499984741211,58.103153228759766,203960
2015-12-18,66.5,66.8499984741211,65.7249984741211,66.17500305175781,57.08946990966797,883760
2015-12-21,65.80000305175781,66.69999694824219,65.30000305175781,66.30000305175781,57.197303771972656,348800
2015-12-22,67.0250015258789,68.17500305175781,66.875,67.5999984741211,58.31882095336914,259320
2015-12-23,69.42500305175781,70.05000305175781,68.8499984741211,69.19999694824219,59.69914627075195,232400
2015-12-24,68.7249984741211,68.7249984741211,67.92500305175781,68.07499694824219,58.72859191894531,140200
2015-12-28,67.7750015258789,67.94999694824219,66.55000305175781,67.375,58.12471008300781,209760
2015-12-29,68.05000305175781,70.9749984741211,68.05000305175781,70.6500015258789,60.950077056884766,326360
2015-12-30,71.0999984741211,71.5999984741211,70.07499694824219,70.92500305175781,61.18729782104492,192680
2015-12-31,69.94999694824219,70.5250015258789,69.4749984741211,69.94999694824219,60.34618377685547,206080
2016-01-04,67.625,68.67500305175781,66.7249984741211,68.4000015258789,59.00897979736328,476840
2016-01-05,69.32499694824219,69.75,68.375,69.25,59.74227523803711,212760
2016-01-06,66.94999694824219,67.4000015258789,66.44999694824219,66.5250015258789,57.39142227172852,321040
2016-01-07,66.30000305175781,67.7750015258789,65.9000015258789,66.05000305175781,56.98162841796875,361440
2016-01-08,66.80000305175781,67.0250015258789,65.05000305175781,65.25,56.29145812988281,312640
2016-01-11,67.19999694824219,67.55000305175781,66.125,67.3499984741211,58.103153228759766,250800
2016-01-12,66.8499984741211,67.0999984741211,63.525001525878906,64.4749984741211,55.62286376953125,311760
2016-01-13,64.6500015258789,65.2249984741211,61.70000076293945,62.525001525878906,53.94059753417969,269120
2016-01-14,63.29999923706055,64.9749984741211,62.525001525878906,64.17500305175781,55.36405563354492,268320
2016-01-15,61.82500076293945,62.275001525878906,60.92499923706055,61.275001525878906,52.86221694946289,413440
2016-01-19,62.125,62.34999847412109,60.79999923706055,61.72499847412109,53.25042343139648,290080
2016-01-20,59.375,60.22499847412109,58.0,59.82500076293945,51.61129760742188,409680
2016-01-21,59.42499923706055,61.25,58.97499847412109,61.025001525878906,52.64654541015625,233440
2016-01-22,62.29999923706055,62.900001525878906,61.45000076293945,61.67499923706055,53.2072868347168,216480
2016-01-25,60.82500076293945,61.25,60.375,60.75,52.4092903137207,175200
2016-01-26,60.75,61.09999847412109,60.07500076293945,60.54999923706055,52.23675537109375,121720
2016-01-27,61.125,61.900001525878906,60.32500076293945,60.67499923706055,52.34459686279297,243320
2016-01-28,61.45000076293945,61.5,60.20000076293945,60.375,52.08578109741211,123080
2016-01-29,58.75,59.400001525878906,58.07500076293945,58.92499923706055,50.83486175537109,421240
2016-02-01,59.17499923706055,59.900001525878906,58.82500076293945,59.375,51.22307968139648,135720
2016-02-02,57.42499923706055,57.5,56.07500076293945,56.125,48.41928482055664,248080
2016-02-03,57.04999923706055,57.54999923706055,54.875,57.525001525878906,49.627079010009766,337600
2016-02-04,57.125,58.07500076293945,56.650001525878906,56.70000076293945,48.91533660888672,106920
2016-02-05,57.625,57.92499923706055,56.07500076293945,56.47499847412109,48.721229553222656,136200
2016-02-08,55.20000076293945,55.20000076293945,52.5,52.900001525878906,45.6370735168457,403840
2016-02-09,52.20000076293945,53.42499923706055,52.125,52.54999923706055,45.33511734008789,223480
2016-02-10,52.59999847412109,53.275001525878906,51.17499923706055,51.22499847412109,44.19203567504883,278400
2016-02-11,49.34999847412109,50.95000076293945,48.375,50.275001525878906,43.37247848510742,524280
2016-02-12,51.25,53.275001525878906,50.79999923706055,52.57500076293945,45.356693267822266,380040
2016-02-16,53.59999847412109,54.650001525878906,53.54999923706055,54.150001525878906,46.71544647216797,224600
2016-02-17,54.79999923706055,56.0,54.625,55.275001525878906,47.68599319458008,319840
2016-02-18,55.20000076293945,55.22499847412109,53.125,53.25,45.93901062011719,199400
2016-02-19,53.25,53.42499923706055,52.125,53.09999847412109,45.809600830078125,137320
2016-02-22,53.04999923706055,53.45000076293945,52.97499847412109,53.25,45.93901062011719,118520
2016-02-23,54.45000076293945,54.57500076293945,52.22499847412109,52.54999923706055,45.33511734008789,154200
2016-02-24,51.45000076293945,53.150001525878906,50.275001525878906,52.84999847412109,45.59392547607422,187880
2016-02-25,52.54999923706055,52.70000076293945,51.22499847412109,52.32500076293945,45.14101028442383,139800
2016-02-26,53.875,54.20000076293945,53.32500076293945,53.70000076293945,46.32723617553711,260200
2016-02-29,53.70000076293945,53.75,52.84999847412109,53.20000076293945,45.89588165283203,114920
2016-03-01,53.025001525878906,55.97499847412109,52.92499923706055,55.775001525878906,48.11734390258789,315080
2016-03-02,55.95000076293945,56.125,55.150001525878906,55.150001525878906,47.57814407348633,119120
2016-03-03,55.09999847412109,55.400001525878906,53.92499923706055,54.57500076293945,47.08209991455078,259400
2016-03-04,55.400001525878906,56.650001525878906,54.95000076293945,55.54999923706055,47.92323303222656,293520
2016-03-07,55.84999847412109,56.29999923706055,55.525001525878906,55.625,47.987937927246094,162120
2016-03-08,53.375,53.82500076293945,52.47499847412109,53.72499847412109,46.34880065917969,168240
2016-03-09,54.95000076293945,55.22499847412109,54.150001525878906,54.875,47.340911865234375,174080
2016-03-10,54.45000076293945,56.42499923706055,53.97499847412109,55.375,47.77225875854492,242800
2016-03-11,55.125,57.29999923706055,55.125,57.04999923706055,49.21728515625,274200
2016-03-14,56.45000076293945,56.70000076293945,55.72499847412109,56.57500076293945,48.80751037597656,154320
2016-03-15,55.54999923706055,56.75,55.375,56.42499923706055,48.67809677124024,131680
2016-03-16,56.54999923706055,57.04999923706055,55.57500076293945,55.92499923706055,48.24675369262695,251360
2016-03-17,55.650001525878906,55.650001525878906,54.45000076293945,55.22499847412109,47.64284896850586,202360
2016-03-18,54.900001525878906,55.29999923706055,54.25,54.84999847412109,47.319332122802734,139480
2016-03-21,55.84999847412109,56.5,55.400001525878906,56.125,48.41928482055664,181120
2016-03-22,55.125,56.29999923706055,54.875,56.125,48.41928482055664,161880
2016-03-23,55.75,55.79999923706055,53.82500076293945,54.22499847412109,46.78014755249024,218040
2016-03-24,52.82500076293945,54.82500076293945,52.79999923706055,54.20000076293945,46.758575439453125,132720
2016-03-28,54.375,54.45000076293945,53.400001525878906,53.92499923706055,46.52133560180664,67360
2016-03-29,53.125,53.525001525878906,52.22499847412109,52.25,45.0763053894043,175960
2016-03-30,53.45000076293945,54.72499847412109,53.42499923706055,53.875,46.47819900512695,154960
2016-03-31,53.47499847412109,53.75,52.525001525878906,52.875,45.61549377441406,109600
2016-04-01,52.0,53.22499847412109,51.775001525878906,52.32500076293945,45.14101028442383,166640
2016-04-04,52.17499923706055,52.79999923706055,51.95000076293945,52.22499847412109,45.05474472045898,84760
2016-04-05,50.775001525878906,50.97499847412109,50.29999923706055,50.57500076293945,43.63127899169922,182280
2016-04-06,51.275001525878906,52.150001525878906,51.125,51.525001525878906,44.45084381103516,160520
2016-04-07,50.42499923706055,50.650001525878906,49.525001525878906,49.67499923706055,42.85483932495117,271200
2016-04-08,50.400001525878906,51.025001525878906,50.22499847412109,50.57500076293945,43.63127899169922,136040
2016-04-11,51.32500076293945,51.650001525878906,50.47499847412109,50.79999923706055,43.82537460327149,141600
2016-04-12,51.67499923706055,52.32500076293945,51.20000076293945,51.875,44.7527961730957,195560
2016-04-13,52.20000076293945,52.29999923706055,51.09999847412109,51.32500076293945,44.2783088684082,211200
2016-04-14,51.82500076293945,52.34999847412109,51.375,52.04999923706055,44.90376663208008,210080
2016-04-15,51.5,51.5,50.400001525878906,50.775001525878906,43.80381393432617,484880
2016-04-18,51.275001525878906,52.125,51.22499847412109,51.34999847412109,44.29987335205078,169840
2016-04-19,51.59999847412109,52.525001525878906,51.34999847412109,51.775001525878906,44.66652297973633,109960
2016-04-20,51.42499923706055,53.72499847412109,50.95000076293945,53.5,46.15468978881836,326560
2016-04-21,54.82500076293945,55.0,54.04999923706055,54.47499847412109,46.99582290649414,409760
2016-04-22,54.29999923706055,55.025001525878906,54.22499847412109,54.875,47.340911865234375,134560
2016-04-25,55.17499923706055,55.54999923706055,54.70000076293945,55.54999923706055,47.92323303222656,170800
2016-04-26,55.650001525878906,56.45000076293945,55.650001525878906,56.32500076293945,48.591835021972656,185160
2016-04-27,55.42499923706055,55.775001525878906,54.25,54.72499847412109,47.21150588989258,232240
2016-04-28,54.97499847412109,55.20000076293945,53.84999847412109,54.0,46.58604049682617,364800
2016-04-29,54.67499923706055,55.025001525878906,53.125,53.45000076293945,46.1115608215332,314640
2016-05-02,54.09999847412109,55.09999847412109,53.79999923706055,55.04999923706055,47.49188232421875,225440
2016-05-03,53.0,53.150001525878906,52.32500076293945,53.0,45.723331451416016,305840
2016-05-04,52.70000076293945,53.34999847412109,52.125,52.125,44.96846771240234,162680
2016-05-05,52.275001525878906,52.67499923706055,51.07500076293945,51.07500076293945,44.06262969970703,176600
2016-05-06,51.29999923706055,51.92499923706055,51.29999923706055,51.75,44.64495086669922,122280
2016-05-09,51.75,51.92499923706055,51.275001525878906,51.29999923706055,44.25673675537109,93760
2016-05-10,51.25,51.54999923706055,51.025001525878906,51.29999923706055,44.25673675537109,141960
2016-05-11,51.375,51.5,49.95000076293945,50.400001525878906,43.48030471801758,187840
2016-05-12,51.54999923706055,51.59999847412109,50.92499923706055,51.07500076293945,44.06262969970703,148800
2016-05-13,50.57500076293945,50.79999923706055,49.57500076293945,49.650001525878906,42.83327102661133,231000
2016-05-16,50.32500076293945,51.04999923706055,50.32500076293945,50.79999923706055,43.82537460327149,112520
2016-05-17,50.79999923706055,50.79999923706055,50.09999847412109,50.72499847412109,43.76067733764648,82240
2016-05-18,51.29999923706055,53.42499923706055,51.22499847412109,52.75,45.50765609741211,286440
2016-05-19,52.57500076293945,52.57500076293945,51.775001525878906,52.04999923706055,44.90376663208008,136640
2016-05-20,52.5,52.650001525878906,51.67499923706055,52.025001525878906,44.88219451904297,89200
2016-05-23,51.625,52.150001525878906,51.25,51.650001525878906,44.55868911743164,82480
2016-05-24,52.22499847412109,53.0,51.900001525878906,52.20000076293945,45.03317642211914,117280
2016-05-25,52.29999923706055,52.95000076293945,51.82500076293945,52.875,45.61549377441406,193760
2016-05-26,52.34999847412109,52.34999847412109,51.57500076293945,52.07500076293945,44.92533493041992,108920
2016-05-27,52.0,52.45000076293945,51.79999923706055,52.29999923706055,45.119441986083984,78160
2016-05-31,53.25,53.34999847412109,51.57500076293945,51.900001525878906,44.77436828613281,257160
2016-06-01,51.025001525878906,51.67499923706055,50.275001525878906,51.32500076293945,44.2783088684082,284040
2016-06-02,50.70000076293945,50.72499847412109,49.79999923706055,50.17499923706055,43.28619003295898,239320
2016-06-03,48.525001525878906,48.75,48.07500076293945,48.09999847412109,41.49607849121094,457800
2016-06-06,48.47499847412109,49.25,48.400001525878906,49.09999847412109,42.35879135131836,109200
2016-06-07,48.650001525878906,48.75,48.29999923706055,48.70000076293945,42.01370620727539,170640
2016-06-08,48.45000076293945,48.54999923706055,47.79999923706055,48.0,41.40982055664063,231000
2016-06-09,47.0,47.22499847412109,46.59999847412109,47.025001525878906,40.56867980957031,336720
2016-06-10,46.34999847412109,46.900001525878906,45.75,46.47499847412109,40.09418869018555,429320
2016-06-13,46.07500076293945,46.32500076293945,45.72499847412109,45.72499847412109,39.44716644287109,340080
2016-06-14,44.92499923706055,45.875,44.84999847412109,45.72499847412109,39.44716644287109,451520
2016-06-15,45.525001525878906,45.75,44.875,45.32500076293945,39.102081298828125,401520
2016-06-16,44.32500076293945,44.875,43.525001525878906,44.625,38.4981803894043,264920
2016-06-17,44.95000076293945,45.79999923706055,44.84999847412109,45.45000076293945,39.20991516113281,183440
2016-06-20,46.79999923706055,47.04999923706055,46.525001525878906,46.95000076293945,40.50397109985352,253680
2016-06-21,46.75,47.625,46.5,47.45000076293945,40.93532180786133,257280
2016-06-22,47.54999923706055,47.82500076293945,47.04999923706055,47.32500076293945,40.82748794555664,116280
2016-06-23,48.54999923706055,49.025001525878906,47.775001525878906,48.75,42.05684280395508,164440
2016-06-24,44.25,45.5,44.07500076293945,45.0,38.82169723510742,380680
2016-06-27,42.375,42.375,41.20000076293945,41.5,35.80223083496094,665560
2016-06-28,41.375,41.82500076293945,40.97499847412109,41.400001525878906,35.71596908569336,401200
2016-06-29,41.17499923706055,42.42499923706055,40.75,42.29999923706055,36.49239349365234,449320
2016-06-30,41.875,42.57500076293945,40.875,41.900001525878906,36.14731979370117,374240
2016-07-01,39.84999847412109,41.34999847412109,39.84999847412109,40.04999923706055,34.55130386352539,550720
2016-07-05,39.0,39.125,38.09999847412109,38.57500076293945,33.27882766723633,466440
2016-07-06,38.20000076293945,38.79999923706055,38.025001525878906,38.400001525878906,33.12785720825195,303720
2016-07-07,38.79999923706055,39.0,37.900001525878906,38.20000076293945,32.955318450927734,399640
2016-07-08,38.07500076293945,38.525001525878906,37.57500076293945,37.59999847412109,32.43769073486328,475680
2016-07-11,37.92499923706055,38.59999847412109,37.650001525878906,38.5,33.2141227722168,350440
2016-07-12,40.07500076293945,40.72499847412109,39.72499847412109,40.32500076293945,34.78855895996094,516560
2016-07-13,39.275001525878906,39.57500076293945,38.92499923706055,39.0,33.645477294921875,412680
2016-07-14,40.92499923706055,41.09999847412109,40.5,40.650001525878906,35.068939208984375,372960
2016-07-15,41.275001525878906,41.95000076293945,41.125,41.67499923706055,35.953208923339844,387200
2016-07-18,41.07500076293945,42.32500076293945,40.92499923706055,41.900001525878906,36.14731979370117,273560
2016-07-19,41.25,41.70000076293945,40.900001525878906,41.09999847412109,35.457157135009766,188000
2016-07-20,41.875,42.125,39.75,41.79999923706055,36.06103897094727,325840
2016-07-21,42.900001525878906,42.97499847412109,41.47499847412109,41.57500076293945,35.86693572998047,457040
2016-07-22,42.150001525878906,42.150001525878906,40.95000076293945,41.32500076293945,35.65126419067383,247600
2016-07-25,41.20000076293945,41.5,40.92499923706055,41.400001525878906,35.71596908569336,178320
2016-07-26,40.67499923706055,41.625,40.67499923706055,41.22499847412109,35.56499099731445,256280
2016-07-27,40.650001525878906,40.775001525878906,39.70000076293945,39.70000076293945,34.249366760253906,570240
2016-07-28,40.400001525878906,40.47499847412109,39.5,39.875,34.400333404541016,273680
2016-07-29,39.82500076293945,40.29999923706055,38.79999923706055,38.900001525878906,33.559207916259766,545200
2016-08-01,40.17499923706055,40.275001525878906,39.57500076293945,40.125,34.61601638793945,324320
2016-08-02,41.79999923706055,42.09999847412109,40.59999847412109,41.42499923706055,35.73752975463867,672800
2016-08-03,41.17499923706055,41.775001525878906,41.025001525878906,41.32500076293945,35.65126419067383,310720
2016-08-04,40.400001525878906,40.54999923706055,39.775001525878906,40.400001525878906,34.85325622558594,224840
2016-08-05,40.72499847412109,41.79999923706055,40.625,41.67499923706055,35.953208923339844,463320
2016-08-08,42.04999923706055,42.275001525878906,41.17499923706055,41.45000076293945,35.75909805297852,329680
2016-08-09,41.025001525878906,41.07500076293945,40.125,40.25,34.723846435546875,312080
2016-08-10,39.97499847412109,40.29999923706055,39.42499923706055,39.75,34.292503356933594,280120
2016-08-11,39.82500076293945,41.09999847412109,39.82500076293945,40.79999923706055,35.19834518432617,277320
2016-08-12,39.47499847412109,39.92499923706055,39.07500076293945,39.75,34.292503356933594,356320
2016-08-15,40.34999847412109,40.900001525878906,40.125,40.84999847412109,35.2414665222168,241840
2016-08-16,40.67499923706055,41.32500076293945,40.525001525878906,41.20000076293945,35.543426513671875,268240
2016-08-17,40.92499923706055,41.09999847412109,40.275001525878906,40.45000076293945,34.896392822265625,403720
2016-08-18,40.47499847412109,40.82500076293945,39.97499847412109,40.275001525878906,34.74542236328125,117680
2016-08-19,40.95000076293945,41.42499923706055,40.59999847412109,40.875,35.26305389404297,402640
2016-08-22,40.0,40.32500076293945,39.625,39.82500076293945,34.35721206665039,306960
2016-08-23,39.5,40.025001525878906,39.25,39.75,34.292503356933594,248720
2016-08-24,39.67499923706055,40.25,39.57500076293945,40.0,34.508182525634766,188800
2016-08-25,40.42499923706055,40.625,39.95000076293945,40.47499847412109,34.917964935302734,295360
2016-08-26,39.97499847412109,41.275001525878906,39.17499923706055,41.125,35.478721618652344,781200
2016-08-29,40.25,40.400001525878906,39.375,39.47499847412109,34.05525207519531,279600
2016-08-30,39.525001525878906,39.92499923706055,39.45000076293945,39.900001525878906,34.42190170288086,208560
2016-08-31,39.97499847412109,40.22499847412109,39.525001525878906,39.75,34.292503356933594,348160
2016-09-01,40.625,40.650001525878906,39.375,39.650001525878906,34.20622634887695,346200
2016-09-02,40.32500076293945,41.0,40.25,40.57500076293945,35.00423049926758,495080
2016-09-06,40.57500076293945,40.67499923706055,39.34999847412109,39.70000076293945,34.249366760253906,507560
2016-09-07,39.150001525878906,39.79999923706055,39.07500076293945,39.775001525878906,34.31407165527344,329320
2016-09-08,40.375,41.75,40.04999923706055,41.29999923706055,35.62969207763672,589040
2016-09-09,42.775001525878906,43.42499923706055,42.775001525878906,43.34999847412109,37.398231506347656,810600
2016-09-12,43.5,43.67499923706055,43.025001525878906,43.275001525878906,37.333534240722656,638600
2016-09-13,42.97499847412109,45.400001525878906,42.875,44.70000076293945,38.56289291381836,782880
2016-09-14,44.75,44.75,43.875,44.525001525878906,38.41191864013672,343920
2016-09-15,45.20000076293945,45.75,44.75,45.07500076293945,38.88639831542969,495280
2016-09-16,44.22499847412109,44.54999923706055,44.0,44.025001525878906,37.98056411743164,290760
2016-09-19,44.25,44.5,43.92499923706055,44.5,38.39034652709961,157320
2016-09-20,43.650001525878906,44.07500076293945,43.17499923706055,43.97499847412109,37.93743133544922,274880
2016-09-21,44.150001525878906,44.5,42.84999847412109,42.84999847412109,36.966896057128906,568720
2016-09-22,42.20000076293945,42.32500076293945,41.57500076293945,41.97499847412109,36.21201705932617,323840
2016-09-23,41.775001525878906,42.09999847412109,41.54999923706055,42.025001525878906,36.25515365600586,107560
2016-09-26,41.75,41.775001525878906,41.07500076293945,41.25,35.586551666259766,217960
2016-09-27,40.400001525878906,40.95000076293945,40.20000076293945,40.32500076293945,34.78855895996094,338840
2016-09-28,40.47499847412109,40.72499847412109,39.92499923706055,40.47499847412109,34.917964935302734,314400
2016-09-29,41.34999847412109,41.375,40.0,40.32500076293945,34.78855895996094,327280
2016-09-30,40.42499923706055,41.875,40.34999847412109,41.275001525878906,35.608131408691406,339760
2016-10-03,40.95000076293945,41.79999923706055,40.875,41.75,36.017906188964844,251000
2016-10-04,41.875,43.275001525878906,41.70000076293945,43.22499847412109,37.29039764404297,385240
2016-10-05,43.34999847412109,44.25,43.32500076293945,43.775001525878906,37.764896392822266,589640
2016-10-06,44.45000076293945,44.67499923706055,43.72499847412109,44.54999923706055,38.43347930908203,365360
2016-10-07,44.47499847412109,45.275001525878906,44.09999847412109,44.42499923706055,38.32563781738281,291400
2016-10-10,45.45000076293945,45.84999847412109,45.20000076293945,45.22499847412109,39.01580429077149,282600
2016-10-11,45.525001525878906,45.775001525878906,44.79999923706055,45.54999923706055,39.296180725097656,310840
2016-10-12,45.72499847412109,46.125,45.32500076293945,45.400001525878906,39.16677474975586,322680
2016-10-13,44.67499923706055,44.97499847412109,44.400001525878906,44.900001525878906,38.73542785644531,355640
2016-10-14,46.07500076293945,46.79999923706055,45.400001525878906,46.72499847412109,40.30986022949219,271840
2016-10-17,46.20000076293945,46.20000076293945,45.525001525878906,45.775001525878906,39.49030303955078,270200
2016-10-18,46.400001525878906,46.45000076293945,45.375,45.42499923706055,39.18835067749024,301760
2016-10-19,45.900001525878906,45.92499923706055,44.97499847412109,45.22499847412109,39.01580429077149,299760
2016-10-20,44.57500076293945,45.34999847412109,44.47499847412109,45.150001525878906,38.95110321044922,199680
2016-10-21,44.72499847412109,45.375,44.525001525878906,44.875,38.713863372802734,266160
2016-10-24,44.75,45.95000076293945,44.75,45.45000076293945,39.20991516113281,333160
2016-10-25,45.72499847412109,45.72499847412109,44.67499923706055,45.22499847412109,39.01580429077149,170840
2016-10-26,45.82500076293945,46.22499847412109,45.45000076293945,46.0,39.68440246582031,267360
2016-10-27,47.275001525878906,48.275001525878906,47.22499847412109,47.57500076293945,41.04316329956055,393320
2016-10-28,48.0,48.025001525878906,47.375,47.900001525878906,41.32355117797852,468520
2016-10-31,47.45000076293945,47.59999847412109,47.0,47.04999923706055,40.590240478515625,214840
2016-11-01,47.97499847412109,48.20000076293945,46.400001525878906,47.0,40.5471076965332,392520
2016-11-02,46.67499923706055,46.97499847412109,45.82500076293945,46.32500076293945,39.96478271484375,335280
2016-11-03,47.20000076293945,47.59999847412109,46.97499847412109,47.42499923706055,40.913761138916016,309520
2016-11-04,46.70000076293945,46.84999847412109,46.150001525878906,46.22499847412109,39.878517150878906,313640
2016-11-07,47.25,47.525001525878906,46.95000076293945,47.375,40.87062454223633,161720
2016-11-08,46.95000076293945,48.32500076293945,46.72499847412109,47.97499847412109,41.38824844360352,293680
2016-11-09,51.0,54.375,50.92499923706055,53.95000076293945,46.54290771484375,1029560
2016-11-10,54.775001525878906,56.375,53.525001525878906,56.29999923706055,48.57025909423828,996040
2016-11-11,56.07500076293945,57.875,55.95000076293945,57.29999923706055,49.43296432495117,706480
2016-11-14,58.375,59.17499923706055,56.5,58.32500076293945,50.317230224609375,998960
2016-11-15,57.125,57.650001525878906,56.20000076293945,57.5,49.605506896972656,528000
2016-11-16,56.900001525878906,57.125,55.775001525878906,55.900001525878906,48.22517395019531,507960
2016-11-17,57.375,58.650001525878906,57.125,58.375,50.3603744506836,751320
2016-11-18,57.79999923706055,59.625,57.275001525878906,58.84999847412109,50.77014923095703,957720
2016-11-21,58.34999847412109,58.82500076293945,58.0,58.400001525878906,50.381935119628906,534040
2016-11-22,57.79999923706055,58.82500076293945,57.57500076293945,58.54999923706055,50.5113410949707,438320
2016-11-23,60.09999847412109,61.20000076293945,58.82500076293945,59.17499923706055,51.05053329467773,1019920
2016-11-25,58.375,59.54999923706055,58.25,58.92499923706055,50.83486175537109,264920
2016-11-28,58.125,58.5,57.59999847412109,57.59999847412109,49.69178009033203,453760
2016-11-29,57.97499847412109,58.32500076293945,56.625,56.97499847412109,49.152587890625,469200
2016-11-30,60.150001525878906,60.67499923706055,58.57500076293945,59.67499923706055,51.48189163208008,916360
2016-12-01,61.95000076293945,63.20000076293945,61.150001525878906,61.45000076293945,53.01318359375,1053840
2016-12-02,60.79999923706055,60.900001525878906,59.25,60.17499923706055,51.91323471069336,592440
2016-12-05,61.150001525878906,61.900001525878906,59.0,60.375,52.08578109741211,600960
2016-12-06,60.0,60.875,59.67499923706055,60.45000076293945,52.15047836303711,394000
2016-12-07,59.84999847412109,59.84999847412109,58.625,59.0,50.899559020996094,486640
2016-12-08,60.72499847412109,61.32500076293945,60.54999923706055,61.025001525878906,52.64654541015625,738480
2016-12-09,61.57500076293945,63.67499923706055,61.25,63.25,54.5660514831543,770440
2016-12-12,63.72499847412109,64.2750015258789,62.84999847412109,63.025001525878906,54.3719596862793,539560
2016-12-13,61.95000076293945,63.400001525878906,61.72499847412109,62.22499847412109,53.68178939819336,627400
2016-12-14,60.82500076293945,64.3499984741211,60.57500076293945,64.3499984741211,55.51503753662109,1086840
2016-12-15,63.17499923706055,64.0,61.95000076293945,63.400001525878906,54.69546127319336,762000
2016-12-16,63.07500076293945,64.375,62.57500076293945,63.75,54.997406005859375,843640
2016-12-19,62.47499847412109,62.79999923706055,61.47499847412109,61.775001525878906,53.293575286865234,607600
2016-12-20,63.07500076293945,63.32500076293945,62.5,62.650001525878906,54.04843521118164,304680
2016-12-21,62.400001525878906,62.775001525878906,61.72499847412109,61.775001525878906,53.293575286865234,238760
2016-12-22,62.54999923706055,62.625,61.875,62.17499923706055,53.638648986816406,415520
2016-12-23,61.47499847412109,61.900001525878906,61.275001525878906,61.79999923706055,53.315128326416016,220640
2016-12-27,62.72499847412109,63.0,62.34999847412109,62.400001525878906,53.83275985717773,227640
2016-12-28,62.09999847412109,62.32500076293945,60.45000076293945,61.025001525878906,52.64654541015625,415880
2016-12-29,60.67499923706055,60.775001525878906,59.84999847412109,60.42499923706055,52.1289176940918,429920
2016-12-30,60.67499923706055,60.67499923706055,59.275001525878906,59.95000076293945,51.7191276550293,409880
2017-01-03,61.22499847412109,61.5,58.775001525878906,59.20000076293945,51.07210159301758,512000
2017-01-04,59.125,59.54999923706055,58.45000076293945,58.67499923706055,50.61918258666992,441400
2017-01-05,58.09999847412109,58.525001525878906,55.84999847412109,55.92499923706055,48.24675369262695,559880
2017-01-06,57.09999847412109,57.525001525878906,56.45000076293945,57.42499923706055,49.54080581665039,445680
2017-01-09,56.025001525878906,56.525001525878906,55.775001525878906,56.0,48.31144714355469,302040
2017-01-10,56.400001525878906,56.775001525878906,55.92499923706055,56.25,48.527122497558594,165320
2017-01-11,55.97499847412109,56.59999847412109,54.875,55.650001525878906,48.00950622558594,388760
2017-01-12,54.775001525878906,56.025001525878906,54.22499847412109,55.900001525878906,48.22517395019531,404000
2017-01-13,56.625,57.650001525878906,56.150001525878906,56.72499847412109,48.93690872192383,398160
2017-01-17,54.625,55.79999923706055,54.47499847412109,55.025001525878906,47.47031784057617,369840
2017-01-18,56.0,57.20000076293945,55.79999923706055,57.04999923706055,49.21728515625,302080
2017-01-19,57.875,59.125,57.70000076293945,58.25,50.25252914428711,445840
2017-01-20,58.72499847412109,59.54999923706055,58.09999847412109,58.54999923706055,50.5113410949707,518480
2017-01-23,58.04999923706055,58.45000076293945,55.775001525878906,56.75,48.95847702026367,699960
2017-01-24,57.34999847412109,58.650001525878906,56.84999847412109,57.900001525878906,49.95058822631836,797520
2017-01-25,59.5,60.5,59.0,60.125,51.87009811401367,486840
2017-01-26,59.95000076293945,60.900001525878906,59.47499847412109,59.5,51.33091354370117,323280
2017-01-27,59.29999923706055,59.47499847412109,58.625,58.95000076293945,50.85643005371094,275880
2017-01-30,59.17499923706055,59.525001525878906,58.54999923706055,59.375,51.22307968139648,265760
2017-01-31,59.375,59.47499847412109,57.75,58.150001525878906,50.166259765625,371720
2017-02-01,59.34999847412109,60.04999923706055,58.67499923706055,59.29999923706055,51.15838241577149,322920
2017-02-02,58.07500076293945,59.42499923706055,57.75,59.32500076293945,51.17995071411133,267600
2017-02-03,58.70000076293945,60.20000076293945,58.150001525878906,59.45000076293945,51.28777694702149,315920
2017-02-06,58.34999847412109,59.25,57.75,58.34999847412109,50.33879852294922,359480
2017-02-07,58.32500076293945,58.70000076293945,56.47499847412109,57.125,49.2819938659668,424120
2017-02-08,55.900001525878906,55.95000076293945,54.70000076293945,54.79999923706055,47.27619552612305,578200
2017-02-09,55.900001525878906,56.82500076293945,55.625,56.57500076293945,48.80751037597656,485560
2017-02-10,57.59999847412109,57.625,56.47499847412109,56.67499923706055,48.893775939941406,409320
2017-02-13,57.5,57.95000076293945,57.22499847412109,57.25,49.38983154296875,310680
2017-02-14,57.375,59.47499847412109,57.375,58.525001525878906,50.48977279663086,640320
2017-02-15,59.625,59.79999923706055,58.92499923706055,59.32500076293945,51.17995071411133,391880
2017-02-16,58.92499923706055,59.07500076293945,57.47499847412109,58.29999923706055,50.2956657409668,385880
2017-02-17,56.92499923706055,57.57500076293945,56.775001525878906,57.32500076293945,49.45453643798828,238480
2017-02-21,58.17499923706055,58.32500076293945,56.900001525878906,57.650001525878906,49.73491287231445,317160
2017-02-22,56.625,58.34999847412109,56.59999847412109,57.32500076293945,49.45453643798828,369960
2017-02-23,56.95000076293945,57.275001525878906,56.72499847412109,56.775001525878906,48.98004150390625,221480
2017-02-24,55.79999923706055,55.95000076293945,54.75,54.97499847412109,47.42717361450195,478120
2017-02-27,55.22499847412109,55.97499847412109,55.07500076293945,55.84999847412109,48.18204879760742,315080
2017-02-28,55.57500076293945,55.82500076293945,54.82500076293945,55.22499847412109,47.64284896850586,327960
2017-03-01,58.09999847412109,58.72499847412109,57.92499923706055,58.025001525878906,50.05842208862305,421520
2017-03-02,58.70000076293945,59.275001525878906,58.42499923706055,58.59999847412109,50.55447769165039,382800
2017-03-03,58.375,59.375,58.22499847412109,58.22499847412109,50.2309684753418,458640
2017-03-06,58.525001525878906,59.400001525878906,58.525001525878906,59.04999923706055,50.94269561767578,252880
2017-03-07,59.525001525878906,59.82500076293945,59.17499923706055,59.59999847412109,51.417179107666016,235760
2017-03-08,61.20000076293945,61.34999847412109,60.29999923706055,60.57500076293945,52.25831985473633,668920
2017-03-09,61.22499847412109,62.07500076293945,61.0,61.97499847412109,53.46610641479492,797400
2017-03-10,61.5,62.22499847412109,61.22499847412109,61.29999923706055,52.88378143310547,525280
2017-03-13,61.95000076293945,62.5,61.57500076293945,62.5,53.91903305053711,366480
2017-03-14,62.09999847412109,62.150001525878906,61.125,61.5,53.05631637573242,412880
2017-03-15,60.79999923706055,61.0,58.79999923706055,59.32500076293945,51.17995071411133,980480
2017-03-16,60.025001525878906,60.59999847412109,59.84999847412109,60.17499923706055,51.91323471069336,415280
2017-03-17,59.82500076293945,59.97499847412109,58.92499923706055,59.04999923706055,50.94269561767578,323600
2017-03-20,59.17499923706055,59.29999923706055,58.125,58.20000076293945,50.20939636230469,362600
2017-03-21,58.5,58.5,56.625,56.900001525878906,49.087886810302734,451840
2017-03-22,55.97499847412109,56.42499923706055,55.400001525878906,56.20000076293945,48.483985900878906,521880
2017-03-23,55.82500076293945,56.97499847412109,55.625,56.47499847412109,48.721229553222656,529360
2017-03-24,56.32500076293945,56.5,55.525001525878906,55.875,48.203609466552734,393760
2017-03-27,54.54999923706055,55.400001525878906,54.34999847412109,55.125,47.55656814575195,428240
2017-03-28,54.59999847412109,56.375,54.59999847412109,56.22499847412109,48.50556182861328,381320
2017-03-29,55.79999923706055,55.79999923706055,55.150001525878906,55.17499923706055,47.59971618652344,396240
2017-03-30,55.525001525878906,56.57500076293945,55.525001525878906,56.5,48.7428092956543,282440
2017-03-31,56.650001525878906,56.72499847412109,55.900001525878906,55.95000076293945,48.26830673217773,333040
2017-04-03,56.025001525878906,56.09999847412109,54.07500076293945,54.32500076293945,46.86642074584961,516960
2017-04-04,54.75,55.29999923706055,54.45000076293945,55.25,47.66442489624024,301640
2017-04-05,55.82500076293945,56.07500076293945,54.54999923706055,54.70000076293945,47.18993377685547,386480
2017-04-06,54.875,55.875,54.67499923706055,55.0,47.4487419128418,187400
2017-04-07,54.150001525878906,55.67499923706055,53.57500076293945,55.59999847412109,47.96637344360352,613120
2017-04-10,55.025001525878906,55.20000076293945,54.400001525878906,54.82500076293945,47.29776763916016,271280
2017-04-11,54.09999847412109,54.22499847412109,53.0,53.32500076293945,46.003719329833984,571600
2017-04-12,53.20000076293945,53.47499847412109,52.29999923706055,52.400001525878906,45.20571899414063,574080
2017-04-13,52.0,52.625,51.59999847412109,51.92499923706055,44.79593276977539,381160
2017-04-17,51.92499923706055,52.67499923706055,51.84999847412109,52.32500076293945,45.14101028442383,235720
2017-04-18,51.45000076293945,51.79999923706055,50.0,50.375,43.45873641967773,520680
2017-04-19,51.09999847412109,51.57500076293945,51.025001525878906,51.150001525878906,44.1273307800293,628800
2017-04-20,51.54999923706055,52.25,51.32500076293945,51.70000076293945,44.6018180847168,263040
2017-04-21,51.42499923706055,51.82500076293945,50.900001525878906,51.79999923706055,44.688087463378906,296880
2017-04-24,52.97499847412109,53.125,52.275001525878906,52.525001525878906,45.31355285644531,379560
2017-04-25,53.45000076293945,54.5,53.125,54.42499923706055,46.95269012451172,338760
2017-04-26,54.32500076293945,54.45000076293945,53.5,53.57500076293945,46.219383239746094,274200
2017-04-27,53.97499847412109,54.22499847412109,53.25,53.525001525878906,46.176265716552734,195160
2017-04-28,54.22499847412109,54.29999923706055,53.125,53.20000076293945,45.89588165283203,299880
2017-05-01,53.79999923706055,55.04999923706055,53.150001525878906,54.57500076293945,47.08209991455078,347320
2017-05-02,54.650001525878906,54.72499847412109,53.59999847412109,53.775001525878906,46.39194107055664,205280
2017-05-03,53.07500076293945,53.900001525878906,52.84999847412109,53.625,46.26252746582031,504280
2017-05-04,54.625,55.07500076293945,54.375,54.375,46.90956497192383,448360
2017-05-05,54.150001525878906,54.775001525878906,54.04999923706055,54.25,46.80170822143555,258480
2017-05-08,54.5,55.275001525878906,54.5,55.125,47.55656814575195,305960
2017-05-09,55.5,55.79999923706055,55.17499923706055,55.20000076293945,47.621280670166016,248440
2017-05-10,54.75,55.775001525878906,54.54999923706055,55.375,47.77225875854492,240640
2017-05-11,56.0,56.150001525878906,55.22499847412109,55.400001525878906,47.7938346862793,227120
2017-05-12,54.625,54.67499923706055,53.97499847412109,54.150001525878906,46.71544647216797,300640
2017-05-15,54.54999923706055,54.92499923706055,54.34999847412109,54.5,47.01738739013672,175960
2017-05-16,54.47499847412109,54.47499847412109,53.42499923706055,53.97499847412109,46.56447982788086,667680
2017-05-17,52.42499923706055,52.75,51.25,51.625,44.53711700439453,903400
2017-05-18,51.0,51.70000076293945,50.775001525878906,51.400001525878906,44.34300994873047,316680
2017-05-19,51.525001525878906,51.95000076293945,51.0,51.125,44.10576248168945,254480
2017-05-22,51.47499847412109,51.625,51.275001525878906,51.5,44.42927169799805,267800
2017-05-23,51.29999923706055,52.59999847412109,51.17499923706055,52.525001525878906,45.31355285644531,272600
2017-05-24,52.150001525878906,52.525001525878906,51.59999847412109,51.650001525878906,44.55868911743164,263560
2017-05-25,51.92499923706055,52.22499847412109,51.54999923706055,51.54999923706055,44.472412109375,157280
2017-05-26,51.20000076293945,51.59999847412109,51.0,51.34999847412109,44.29987335205078,198320
2017-05-30,50.67499923706055,50.97499847412109,50.5,50.57500076293945,43.63127899169922,196480
2017-05-31,50.59999847412109,50.59999847412109,49.875,50.17499923706055,43.28619003295898,311720
2017-06-01,50.70000076293945,50.75,50.125,50.22499847412109,43.3293342590332,291400
2017-06-02,48.875,49.07500076293945,48.22499847412109,48.400001525878906,41.75490188598633,502720
2017-06-05,49.275001525878906,49.34999847412109,48.92499923706055,49.32500076293945,42.55290222167969,172560
2017-06-06,48.275001525878906,48.57500076293945,48.07500076293945,48.54999923706055,41.88429260253906,413360
2017-06-07,48.84999847412109,49.29999923706055,48.47499847412109,49.150001525878906,42.40193176269531,420000
2017-06-08,49.22499847412109,49.875,49.20000076293945,49.59999847412109,42.79013442993164,322480
2017-06-09,50.125,50.29999923706055,49.525001525878906,49.82500076293945,42.98424911499024,285560
2017-06-12,50.04999923706055,50.09999847412109,49.775001525878906,49.875,43.027381896972656,212120
2017-06-13,50.22499847412109,50.32500076293945,49.650001525878906,49.75,42.9195556640625,138200
2017-06-14,48.0,48.17499923706055,47.09999847412109,47.54999923706055,41.02159881591797,623520
2017-06-15,47.79999923706055,48.025001525878906,47.47499847412109,47.67499923706055,41.12942886352539,232440
2017-06-16,47.72499847412109,47.82500076293945,47.34999847412109,47.45000076293945,40.93532180786133,174080
2017-06-19,47.45000076293945,47.79999923706055,47.32500076293945,47.625,41.08629989624024,240480
2017-06-20,46.97499847412109,46.97499847412109,46.25,46.34999847412109,39.98635482788086,267400
2017-06-21,46.57500076293945,46.82500076293945,46.0,46.125,39.79224395751953,196320
2017-06-22,45.900001525878906,46.34999847412109,45.75,45.775001525878906,39.49030303955078,194600
2017-06-23,46.22499847412109,46.25,45.72499847412109,45.875,39.57656097412109,189880
2017-06-26,45.32500076293945,45.45000076293945,45.0,45.29999923706055,39.08050537109375,257200
2017-06-27,46.25,47.07500076293945,46.150001525878906,46.75,40.33142852783203,285760
2017-06-28,47.04999923706055,47.79999923706055,47.025001525878906,47.275001525878906,40.78435134887695,304720
2017-06-29,48.875,49.025001525878906,48.125,48.45000076293945,41.798038482666016,436600
2017-06-30,48.75,49.09999847412109,48.5,48.79999923706055,42.0999870300293,268680
2017-07-03,48.650001525878906,49.79999923706055,48.59999847412109,49.400001525878906,42.61759948730469,361760
2017-07-05,49.54999923706055,49.67499923706055,49.04999923706055,49.275001525878906,42.509761810302734,321480
2017-07-06,50.400001525878906,51.07500076293945,50.25,50.45000076293945,43.5234375,369520
2017-07-07,51.25,51.525001525878906,51.0,51.34999847412109,44.29987335205078,291120
2017-07-10,51.125,51.42499923706055,50.900001525878906,51.17499923706055,44.148902893066406,187840
2017-07-11,51.17499923706055,51.375,50.625,50.82500076293945,43.846954345703125,329960
2017-07-12,49.875,50.400001525878906,49.72499847412109,49.82500076293945,42.98424911499024,451520
2017-07-13,50.25,51.22499847412109,50.25,50.775001525878906,43.80381393432617,467920
2017-07-14,49.650001525878906,50.84999847412109,49.57500076293945,50.625,43.674415588378906,243000
2017-07-17,50.57500076293945,50.67499923706055,49.82500076293945,50.150001525878906,43.26463317871094,182280
2017-07-18,49.25,49.47499847412109,48.84999847412109,48.84999847412109,42.14310836791992,480760
2017-07-19,48.82500076293945,49.09999847412109,48.59999847412109,48.84999847412109,42.14310836791992,137880
2017-07-20,48.025001525878906,48.625,47.75,48.34999847412109,41.71175765991211,254680
2017-07-21,47.75,47.92499923706055,47.400001525878906,47.82500076293945,41.25884246826172,258560
2017-07-24,48.04999923706055,48.400001525878906,47.82500076293945,48.29999923706055,41.66862487792969,244000
2017-07-25,49.54999923706055,50.32500076293945,49.525001525878906,50.22499847412109,43.3293342590332,651280
2017-07-26,50.650001525878906,50.84999847412109,49.625,50.025001525878906,43.15679550170898,371640
2017-07-27,50.75,51.150001525878906,50.47499847412109,50.70000076293945,43.7391242980957,242200
2017-07-28,50.650001525878906,50.650001525878906,49.72499847412109,49.82500076293945,42.98424911499024,233840
2017-07-31,50.29999923706055,50.400001525878906,49.625,49.67499923706055,42.85483932495117,215920
2017-08-01,50.32500076293945,50.34999847412109,48.57500076293945,48.625,41.949005126953125,681320
2017-08-02,48.5,48.57500076293945,48.025001525878906,48.525001525878906,41.86273956298828,452760
2017-08-03,47.95000076293945,47.95000076293945,47.025001525878906,47.04999923706055,40.590240478515625,487360
2017-08-04,48.025001525878906,48.82500076293945,47.97499847412109,48.34999847412109,41.71175765991211,998480
2017-08-07,48.400001525878906,48.625,48.07500076293945,48.09999847412109,41.49607849121094,191040
2017-08-08,48.32500076293945,49.150001525878906,48.25,48.59999847412109,41.92742538452149,325000
2017-08-09,47.150001525878906,47.95000076293945,47.04999923706055,47.875,41.30198287963867,614960
2017-08-10,47.5,47.57500076293945,46.57500076293945,46.59999847412109,40.202030181884766,566320
2017-08-11,47.22499847412109,47.5,46.5,46.57500076293945,40.18046951293945,267960
2017-08-14,47.0,47.32500076293945,46.72499847412109,47.22499847412109,40.7412109375,218160
2017-08-15,48.47499847412109,48.5,47.54999923706055,47.82500076293945,41.25884246826172,176600
2017-08-16,48.34999847412109,48.400001525878906,47.0,47.400001525878906,40.89218521118164,246240
2017-08-17,47.375,47.54999923706055,46.275001525878906,46.29999923706055,39.94322204589844,239440
2017-08-18,45.95000076293945,46.70000076293945,45.75,46.34999847412109,39.98635482788086,246360
2017-08-21,46.09999847412109,46.42499923706055,45.875,46.0,39.68440246582031,442200
2017-08-22,46.09999847412109,46.67499923706055,46.09999847412109,46.57500076293945,40.18046951293945,272240
2017-08-23,45.875,46.125,45.54999923706055,45.57500076293945,39.317752838134766,447520
2017-08-24,46.025001525878906,46.20000076293945,45.54999923706055,46.07500076293945,39.74911117553711,148000
2017-08-25,45.900001525878906,46.025001525878906,45.400001525878906,45.54999923706055,39.296180725097656,457880
2017-08-28,45.97499847412109,46.17499923706055,45.47499847412109,45.650001525878906,39.38245391845703,137640
2017-08-29,44.34999847412109,45.54999923706055,44.275001525878906,45.150001525878906,38.95110321044922,518440
2017-08-30,45.375,45.5,45.125,45.275001525878906,39.0589485168457,158280
2017-08-31,45.22499847412109,45.275001525878906,44.79999923706055,44.82500076293945,38.67073059082031,207920
2017-09-01,45.275001525878906,46.17499923706055,45.275001525878906,45.84999847412109,39.55499649047852,503240
2017-09-05,44.84999847412109,44.84999847412109,43.67499923706055,43.70000076293945,37.70018005371094,1036840
2017-09-06,43.72499847412109,44.72499847412109,43.45000076293945,44.5,38.39034652709961,540880
2017-09-07,44.150001525878906,44.150001525878906,42.84999847412109,43.17499923706055,37.24726104736328,467960
2017-09-08,43.25,43.82500076293945,43.25,43.375,37.419803619384766,501320
2017-09-11,44.5,45.125,44.375,44.92499923706055,38.75699996948242,322680
2017-09-12,45.45000076293945,45.92499923706055,45.375,45.650001525878906,39.38245391845703,214480
2017-09-13,45.54999923706055,46.20000076293945,45.54999923706055,46.17499923706055,39.83537292480469,213960
2017-09-14,46.17499923706055,46.17499923706055,45.625,45.67499923706055,39.40402221679688,164960
2017-09-15,45.375,45.92499923706055,45.375,45.59999847412109,39.339317321777344,129520
2017-09-18,45.95000076293945,46.70000076293945,45.900001525878906,46.34999847412109,39.98635482788086,206200
2017-09-19,46.22499847412109,46.79999923706055,46.150001525878906,46.67499923706055,40.2667350769043,157120
2017-09-20,46.625,47.275001525878906,46.34999847412109,46.625,40.22360610961914,359000
2017-09-21,46.400001525878906,46.70000076293945,45.95000076293945,46.67499923706055,40.2667350769043,170120
2017-09-22,45.97499847412109,46.47499847412109,45.72499847412109,46.275001525878906,39.92164993286133,163400
2017-09-25,46.150001525878906,46.29999923706055,45.150001525878906,45.375,39.14521408081055,456680
2017-09-26,45.70000076293945,46.04999923706055,45.57500076293945,45.67499923706055,39.40402221679688,268600
2017-09-27,47.67499923706055,48.025001525878906,47.275001525878906,47.75,41.19413375854492,477760
2017-09-28,48.5,48.75,48.0,48.20000076293945,41.58235931396485,262560
2017-09-29,47.875,48.42499923706055,47.57500076293945,47.82500076293945,41.25884246826172,294880
2017-10-02,47.525001525878906,48.17499923706055,47.32500076293945,48.150001525878906,41.53922653198242,236360
2017-10-03,48.525001525878906,48.59999847412109,47.875,47.97499847412109,41.38824844360352,158000
2017-10-04,47.82500076293945,48.59999847412109,47.775001525878906,48.0,41.40982055664063,219960
2017-10-05,48.125,48.79999923706055,48.125,48.54999923706055,41.88429260253906,204240
2017-10-06,49.29999923706055,49.59999847412109,48.375,48.92499923706055,42.20780944824219,261760
2017-10-09,48.79999923706055,48.900001525878906,48.400001525878906,48.525001525878906,41.86273956298828,67160
2017-10-10,48.275001525878906,48.45000076293945,47.45000076293945,48.275001525878906,41.64706039428711,658960
2017-10-11,47.84999847412109,48.150001525878906,47.72499847412109,47.97499847412109,41.38824844360352,484560
2017-10-12,47.79999923706055,48.17499923706055,47.34999847412109,47.34999847412109,40.84905624389648,519960
2017-10-13,46.650001525878906,47.125,46.275001525878906,46.32500076293945,39.96478271484375,642120
2017-10-16,46.67499923706055,46.875,46.29999923706055,46.42499923706055,40.051055908203125,244760
2017-10-17,46.84999847412109,46.84999847412109,46.09999847412109,46.25,39.90008544921875,137280
2017-10-18,47.25,47.650001525878906,47.125,47.25,40.762794494628906,208720
2017-10-19,46.42499923706055,46.95000076293945,46.20000076293945,46.95000076293945,40.50397109985352,952680
2017-10-20,48.400001525878906,48.84999847412109,48.17499923706055,48.45000076293945,41.798038482666016,665000
2017-10-23,48.32500076293945,48.42499923706055,47.875,48.22499847412109,41.60393524169922,568960
2017-10-24,49.150001525878906,49.42499923706055,48.79999923706055,49.09999847412109,42.35879135131836,313720
2017-10-25,50.17499923706055,50.29999923706055,49.650001525878906,49.84999847412109,43.00580978393555,597760
2017-10-26,49.525001525878906,50.32500076293945,49.525001525878906,50.275001525878906,43.37247848510742,222320
2017-10-27,49.625,49.900001525878906,49.25,49.34999847412109,42.57445526123047,472440
2017-10-30,49.625,49.625,47.875,47.875,41.30198287963867,533000
2017-10-31,47.775001525878906,47.92499923706055,47.67499923706055,47.875,41.30198287963867,230480
2017-11-01,47.625,47.75,46.79999923706055,47.29999923706055,40.805912017822266,341920
2017-11-02,46.97499847412109,47.04999923706055,46.375,46.59999847412109,40.202030181884766,224960
2017-11-03,46.400001525878906,46.775001525878906,46.150001525878906,46.17499923706055,39.83537292480469,371800
2017-11-06,45.900001525878906,46.125,45.59999847412109,45.650001525878906,39.38245391845703,188200
2017-11-07,45.59999847412109,45.67499923706055,44.97499847412109,45.17499923706055,38.97267532348633,273880
2017-11-08,45.22499847412109,45.57500076293945,44.97499847412109,45.5,39.25304412841797,184200
2017-11-09,45.95000076293945,46.29999923706055,45.59999847412109,45.82500076293945,39.53342819213867,218600
2017-11-10,47.25,48.025001525878906,47.09999847412109,47.900001525878906,41.32355117797852,674280
2017-11-13,47.07500076293945,47.650001525878906,47.07500076293945,47.57500076293945,41.04316329956055,170000
2017-11-14,47.07500076293945,47.150001525878906,46.57500076293945,46.650001525878906,40.24517059326172,152720
2017-11-15,45.650001525878906,46.150001525878906,45.025001525878906,45.150001525878906,38.95110321044922,594640
2017-11-16,45.72499847412109,46.34999847412109,45.400001525878906,46.34999847412109,39.98635482788086,210240
2017-11-17,45.70000076293945,45.775001525878906,45.25,45.275001525878906,39.0589485168457,216440
2017-11-20,45.82500076293945,45.82500076293945,45.29999923706055,45.29999923706055,39.08050537109375,166240
2017-11-21,44.59999847412109,45.34999847412109,44.32500076293945,44.97499847412109,38.800140380859375,349600
2017-11-22,45.0,45.150001525878906,44.45000076293945,44.525001525878906,38.41191864013672,355160
2017-11-24,44.75,44.97499847412109,44.625,44.84999847412109,38.69229507446289,71960
2017-11-27,44.82500076293945,45.25,44.625,45.025001525878906,38.84326934814453,196120
2017-11-28,44.875,45.17499923706055,44.47499847412109,44.875,38.713863372802734,347880
2017-11-29,46.22499847412109,46.650001525878906,46.025001525878906,46.17499923706055,39.83537292480469,913400
2017-11-30,46.47499847412109,47.400001525878906,46.22499847412109,46.625,40.22360610961914,422040
2017-12-01,45.54999923706055,46.42499923706055,43.54999923706055,44.82500076293945,38.67073059082031,1127760
2017-12-04,45.400001525878906,45.54999923706055,44.650001525878906,44.650001525878906,38.51976013183594,679960
2017-12-05,44.84999847412109,44.84999847412109,43.82500076293945,44.07500076293945,38.02369689941406,609440
2017-12-06,43.42499923706055,43.67499923706055,43.04999923706055,43.67499923706055,37.678619384765625,673680
2017-12-07,43.375,45.04999923706055,43.20000076293945,44.57500076293945,38.455055236816406,330440
2017-12-08,44.775001525878906,45.04999923706055,44.625,44.625,38.4981803894043,544280
2017-12-11,44.47499847412109,44.95000076293945,44.22499847412109,44.95000076293945,38.77855682373047,485120
2017-12-12,45.17499923706055,45.67499923706055,44.92499923706055,44.95000076293945,38.77855682373047,608960
2017-12-13,44.525001525878906,44.72499847412109,43.875,43.97499847412109,37.93743133544922,839440
2017-12-14,44.25,44.525001525878906,43.275001525878906,43.34999847412109,37.398231506347656,401760
2017-12-15,43.45000076293945,43.70000076293945,42.67499923706055,42.92499923706055,37.03159332275391,413680
2017-12-18,43.17499923706055,44.34999847412109,43.17499923706055,44.07500076293945,38.02369689941406,859880
2017-12-19,44.97499847412109,46.275001525878906,44.92499923706055,45.72499847412109,39.44716644287109,652040
2017-12-20,47.09999847412109,47.5,46.70000076293945,47.32500076293945,40.82748794555664,490360
2017-12-21,47.150001525878906,47.17499923706055,46.20000076293945,46.57500076293945,40.18046951293945,651600
2017-12-22,46.375,46.59999847412109,46.25,46.34999847412109,39.98635482788086,299720
2017-12-26,46.07500076293945,46.20000076293945,45.47499847412109,45.97499847412109,39.6628303527832,207200
2017-12-27,45.29999923706055,45.34999847412109,43.900001525878906,44.125,38.066837310791016,592000
2017-12-28,44.32500076293945,44.54999923706055,44.07500076293945,44.22499847412109,38.15311050415039,318440
2017-12-29,44.375,44.42499923706055,43.775001525878906,44.07500076293945,38.02369689941406,343560
2018-01-02,44.375,45.900001525878906,44.375,45.45000076293945,39.20991516113281,372320
2018-01-03,44.95000076293945,45.45000076293945,44.70000076293945,44.82500076293945,38.67073059082031,202040
2018-01-04,45.32500076293945,45.59999847412109,44.72499847412109,44.900001525878906,38.73542785644531,181560
2018-01-05,45.025001525878906,45.59999847412109,44.75,45.25,39.03737258911133,509520
2018-01-08,44.97499847412109,45.79999923706055,44.900001525878906,45.375,39.14521408081055,235120
2018-01-09,46.20000076293945,47.29999923706055,46.17499923706055,47.17499923706055,40.69809341430664,727760
2018-01-10,48.42499923706055,48.625,47.150001525878906,47.32500076293945,40.82748794555664,629200
2018-01-11,47.650001525878906,47.875,46.400001525878906,46.72499847412109,40.30986022949219,536120
2018-01-12,46.95000076293945,47.20000076293945,46.20000076293945,46.47499847412109,40.09418869018555,357000
2018-01-16,45.67499923706055,46.45000076293945,45.650001525878906,45.97499847412109,39.6628303527832,776720
2018-01-17,45.95000076293945,46.400001525878906,45.29999923706055,46.125,39.79224395751953,560920
2018-01-18,47.20000076293945,47.59999847412109,46.79999923706055,47.375,40.87062454223633,380880
2018-01-19,47.75,48.25,47.59999847412109,48.17499923706055,41.56079864501953,406080
2018-01-22,47.72499847412109,48.25,47.42499923706055,48.07500076293945,41.47452163696289,490120
2018-01-23,47.275001525878906,47.95000076293945,46.875,47.400001525878906,40.89218521118164,310200
2018-01-24,48.375,48.775001525878906,48.09999847412109,48.22499847412109,41.60393524169922,466920
2018-01-25,48.04999923706055,48.47499847412109,46.900001525878906,47.04999923706055,40.590240478515625,503760
2018-01-26,47.25,48.09999847412109,47.20000076293945,47.650001525878906,41.10786437988281,322800
2018-01-29,48.25,49.04999923706055,48.25,48.525001525878906,41.86273956298828,523960
2018-01-30,49.09999847412109,49.75,49.0,49.400001525878906,42.61759948730469,452200
2018-01-31,48.400001525878906,49.5,48.29999923706055,48.54999923706055,41.88429260253906,552280
2018-02-01,48.525001525878906,50.72499847412109,48.47499847412109,50.59999847412109,43.6528434753418,718640
2018-02-02,51.400001525878906,52.5,51.22499847412109,52.07500076293945,44.92533493041992,1099960
2018-02-05,52.57500076293945,53.275001525878906,49.09999847412109,50.5,43.56657409667969,1756760
2018-02-06,50.92499923706055,51.82500076293945,50.375,51.47499847412109,44.40771484375,596520
2018-02-07,51.29999923706055,53.29999923706055,51.07500076293945,52.95000076293945,45.68019104003906,832280
2018-02-08,54.09999847412109,54.29999923706055,52.525001525878906,53.17499923706055,45.87430953979492,959480
2018-02-09,53.92499923706055,54.375,52.650001525878906,54.275001525878906,46.82328796386719,743720
2018-02-12,53.34999847412109,53.84999847412109,52.32500076293945,53.5,46.15468978881836,774600
2018-02-13,53.275001525878906,53.57500076293945,52.75,52.775001525878906,45.52922439575195,411360
2018-02-14,53.45000076293945,54.84999847412109,53.400001525878906,54.54999923706055,47.060523986816406,722960
2018-02-15,53.84999847412109,54.09999847412109,53.025001525878906,53.97499847412109,46.56447982788086,560720
2018-02-16,52.70000076293945,53.625,52.45000076293945,53.125,45.8311653137207,625240
2018-02-20,53.67499923706055,54.34999847412109,53.42499923706055,53.875,46.47819900512695,531080
2018-02-21,53.775001525878906,56.125,53.75,55.84999847412109,48.18204879760742,436480
2018-02-22,55.07500076293945,55.45000076293945,54.525001525878906,55.275001525878906,47.68599319458008,392800
2018-02-23,54.22499847412109,54.45000076293945,53.59999847412109,53.92499923706055,46.52133560180664,497040
2018-02-26,53.125,53.95000076293945,52.79999923706055,53.775001525878906,46.39194107055664,775520
2018-02-27,53.25,55.025001525878906,53.125,54.04999923706055,46.629173278808594,463960
2018-02-28,53.400001525878906,53.70000076293945,52.95000076293945,53.04999923706055,45.76646041870117,646760
2018-03-01,53.150001525878906,53.525001525878906,51.57500076293945,51.95000076293945,44.817501068115234,798120
2018-03-02,52.525001525878906,53.5,52.45000076293945,53.17499923706055,45.87430953979492,599720
2018-03-05,52.625,54.150001525878906,52.59999847412109,53.625,46.26252746582031,237120
2018-03-06,53.20000076293945,53.54999923706055,52.75,53.54999923706055,46.19782257080078,282320
2018-03-07,52.97499847412109,53.75,52.775001525878906,53.72499847412109,46.34880065917969,207760
2018-03-08,53.275001525878906,53.34999847412109,52.375,52.84999847412109,45.59392547607422,507400
2018-03-09,53.70000076293945,54.22499847412109,53.32500076293945,53.84999847412109,46.45663833618164,610000
2018-03-12,53.275001525878906,53.42499923706055,52.79999923706055,52.82500076293945,45.57237243652344,578200
2018-03-13,52.34999847412109,53.0,51.84999847412109,52.04999923706055,44.90376663208008,489360
2018-03-14,51.775001525878906,51.84999847412109,50.525001525878906,50.75,43.7822494506836,475400
2018-03-15,50.75,51.09999847412109,50.400001525878906,50.625,43.674415588378906,389640
2018-03-16,51.22499847412109,51.625,51.025001525878906,51.25,44.213600158691406,431440
2018-03-19,51.97499847412109,52.07500076293945,51.07500076293945,51.70000076293945,44.6018180847168,610200
2018-03-20,52.42499923706055,52.5,52.025001525878906,52.375,45.18414306640625,275720
2018-03-21,52.82500076293945,53.5,51.775001525878906,52.22499847412109,45.05474472045898,639720
2018-03-22,50.625,51.42499923706055,49.95000076293945,50.72499847412109,43.76067733764648,802120
2018-03-23,51.42499923706055,51.5,50.625,50.900001525878906,43.911651611328125,288720
2018-03-26,50.95000076293945,51.400001525878906,50.42499923706055,51.34999847412109,44.29987335205078,304000
2018-03-27,51.22499847412109,51.25,49.57500076293945,49.775001525878906,42.94112014770508,553240
2018-03-28,49.150001525878906,49.79999923706055,48.97499847412109,49.400001525878906,42.61759948730469,593040
2018-03-29,49.025001525878906,49.125,48.17499923706055,48.54999923706055,41.88429260253906,556000
2018-04-02,48.900001525878906,49.20000076293945,47.79999923706055,48.34999847412109,41.71175765991211,564600
2018-04-03,49.025001525878906,49.59999847412109,48.84999847412109,49.54999923706055,42.74700164794922,476560
2018-04-04,49.0,49.900001525878906,48.875,49.79999923706055,42.962677001953125,372360
2018-04-05,50.525001525878906,50.95000076293945,50.29999923706055,50.92499923706055,43.9332160949707,205000
2018-04-06,49.775001525878906,50.375,49.20000076293945,49.275001525878906,42.509761810302734,482280
2018-04-09,49.79999923706055,50.17499923706055,49.025001525878906,49.025001525878906,42.29408645629883,354640
2018-04-10,49.09999847412109,49.650001525878906,48.95000076293945,49.275001525878906,42.509761810302734,553760
2018-04-11,48.29999923706055,49.04999923706055,48.29999923706055,48.79999923706055,42.0999870300293,212440
2018-04-12,49.34999847412109,50.125,49.34999847412109,49.82500076293945,42.98424911499024,446560
2018-04-13,49.97499847412109,50.0,49.22499847412109,49.47499847412109,42.68230438232422,271000
2018-04-16,50.42499923706055,50.42499923706055,49.45000076293945,49.47499847412109,42.68230438232422,164840
2018-04-17,49.5,49.625,48.70000076293945,49.09999847412109,42.35879135131836,177320
2018-04-18,49.09999847412109,50.32500076293945,49.025001525878906,50.32500076293945,43.41561126708984,262640
2018-04-19,51.375,52.125,51.22499847412109,51.5,44.42927169799805,358560
2018-04-20,52.09999847412109,52.625,51.75,52.625,45.39982604980469,332520
2018-04-23,52.75,53.125,52.400001525878906,52.54999923706055,45.33511734008789,344560
2018-04-24,53.0,53.57500076293945,52.67499923706055,53.375,46.04684829711914,318000
2018-04-25,54.07500076293945,54.70000076293945,53.75,54.42499923706055,46.95269012451172,361800
2018-04-26,53.625,53.79999923706055,53.07500076293945,53.275001525878906,45.9605827331543,255520
2018-04-27,52.54999923706055,52.59999847412109,51.95000076293945,52.07500076293945,44.92533493041992,270000
2018-04-30,51.84999847412109,51.95000076293945,51.20000076293945,51.75,44.64495086669922,593080
2018-05-01,51.875,52.57500076293945,51.775001525878906,52.34999847412109,45.16256713867188,185880
2018-05-02,52.09999847412109,52.57500076293945,51.775001525878906,52.57500076293945,45.356693267822266,178680
2018-05-03,51.79999923706055,51.97499847412109,51.20000076293945,51.84999847412109,44.731231689453125,288600
2018-05-04,51.275001525878906,52.25,51.275001525878906,51.54999923706055,44.472412109375,280720
2018-05-07,51.59999847412109,51.92499923706055,51.54999923706055,51.84999847412109,44.731231689453125,165440
2018-05-08,52.17499923706055,52.5,51.625,52.025001525878906,44.88219451904297,243080
2018-05-09,52.72499847412109,52.92499923706055,52.34999847412109,52.875,45.61549377441406,386520
2018-05-10,52.17499923706055,52.42499923706055,51.57500076293945,51.70000076293945,44.6018180847168,238920
2018-05-11,51.125,51.82500076293945,51.125,51.275001525878906,44.23517608642578,363440
2018-05-14,51.84999847412109,52.125,51.59999847412109,52.09999847412109,44.946903228759766,175040
2018-05-15,53.42499923706055,54.59999847412109,53.42499923706055,53.900001525878906,46.49977111816406,1047480
2018-05-16,53.67499923706055,54.57500076293945,53.525001525878906,54.57500076293945,47.08209991455078,450320
2018-05-17,54.75,55.5,54.525001525878906,55.275001525878906,47.68599319458008,423040
2018-05-18,54.92499923706055,54.95000076293945,53.82500076293945,53.92499923706055,46.52133560180664,366000
2018-05-21,54.025001525878906,54.29999923706055,53.75,53.79999923706055,46.41350555419922,369920
2018-05-22,53.82500076293945,54.45000076293945,53.79999923706055,54.125,46.69388198852539,180360
2018-05-23,53.25,53.32500076293945,52.72499847412109,52.97499847412109,45.7017707824707,392080
2018-05-24,51.97499847412109,52.0,51.47499847412109,51.70000076293945,44.6018180847168,382440
2018-05-25,50.82500076293945,50.92499923706055,50.45000076293945,50.67499923706055,43.71755599975586,417560
2018-05-29,49.25,49.70000076293945,47.07500076293945,47.42499923706055,40.913761138916016,1176240
2018-05-30,48.900001525878906,49.150001525878906,48.32500076293945,48.375,41.73333358764648,484680
2018-05-31,48.25,48.95000076293945,47.72499847412109,48.650001525878906,41.97055816650391,613360
2018-06-01,49.54999923706055,49.92499923706055,48.95000076293945,49.400001525878906,42.61759948730469,419920
2018-06-04,49.70000076293945,50.59999847412109,49.625,50.57500076293945,43.63127899169922,333240
2018-06-05,49.79999923706055,50.275001525878906,49.59999847412109,50.09999847412109,43.221492767333984,367800
2018-06-06,50.95000076293945,51.75,50.900001525878906,51.375,44.32143783569336,330480
2018-06-07,51.400001525878906,51.42499923706055,49.09999847412109,49.900001525878906,43.048946380615234,752400
2018-06-08,50.275001525878906,50.42499923706055,49.95000076293945,50.29999923706055,43.394039154052734,251240
2018-06-11,50.900001525878906,51.04999923706055,50.5,50.650001525878906,43.69598388671875,258360
2018-06-12,51.150001525878906,51.150001525878906,50.45000076293945,50.625,43.674415588378906,239720
2018-06-13,50.47499847412109,51.47499847412109,50.22499847412109,50.72499847412109,43.76067733764648,493360
2018-06-14,50.025001525878906,50.42499923706055,49.42499923706055,49.45000076293945,42.660736083984375,336280
2018-06-15,48.650001525878906,49.34999847412109,48.400001525878906,49.32500076293945,42.55290222167969,540960
2018-06-18,49.125,49.72499847412109,49.07500076293945,49.5,42.70387268066406,190920
2018-06-19,48.57500076293945,48.875,48.25,48.59999847412109,41.94013595581055,185840
2018-06-20,48.84999847412109,49.875,48.84999847412109,49.875,43.04042816162109,231440
2018-06-21,49.25,49.47499847412109,48.84999847412109,49.125,42.39320373535156,212880
2018-06-22,49.625,49.650001525878906,48.97499847412109,49.04999923706055,42.3284797668457,163360
2018-06-25,48.97499847412109,48.97499847412109,48.375,48.775001525878906,42.09116744995117,435360
2018-06-26,48.775001525878906,48.92499923706055,48.5,48.54999923706055,41.89699935913086,240840
2018-06-27,47.59999847412109,47.875,47.125,47.20000076293945,40.73200225830078,422800
2018-06-28,47.150001525878906,47.525001525878906,47.07500076293945,47.20000076293945,40.73200225830078,168720
2018-06-29,47.125,47.775001525878906,46.79999923706055,47.67499923706055,41.14189910888672,350360
2018-07-02,47.29999923706055,47.875,47.29999923706055,47.79999923706055,41.2497673034668,171040
2018-07-03,47.54999923706055,47.625,47.04999923706055,47.125,40.667266845703125,145600
2018-07-05,46.97499847412109,47.025001525878906,46.45000076293945,46.70000076293945,40.30051040649414,357560
2018-07-06,46.22499847412109,46.5,46.0,46.25,39.91217803955078,227080
2018-07-09,46.97499847412109,47.17499923706055,46.84999847412109,47.07500076293945,40.62412643432617,226080
2018-07-10,47.22499847412109,47.275001525878906,46.92499923706055,47.125,40.667266845703125,198360
2018-07-11,46.525001525878906,46.97499847412109,46.45000076293945,46.59999847412109,40.21421051025391,161640
2018-07-12,46.900001525878906,46.900001525878906,46.54999923706055,46.625,40.23579025268555,139560
2018-07-13,46.32500076293945,46.54999923706055,46.07500076293945,46.22499847412109,39.890602111816406,155280
2018-07-16,46.82500076293945,47.5,46.775001525878906,46.84999847412109,40.429954528808594,218600
2018-07-17,46.75,47.22499847412109,46.67499923706055,47.125,40.667266845703125,86160
2018-07-18,47.09999847412109,47.82500076293945,47.07500076293945,47.70000076293945,41.16347885131836,149400
2018-07-19,47.29999923706055,47.400001525878906,46.57500076293945,46.79999923706055,40.38679504394531,240080
2018-07-20,47.57500076293945,48.59999847412109,47.57500076293945,48.5,41.85385513305664,371080
2018-07-23,48.95000076293945,50.42499923706055,48.95000076293945,50.29999923706055,43.40718460083008,553000
2018-07-24,50.34999847412109,50.525001525878906,49.70000076293945,49.79999923706055,42.975704193115234,615600
2018-07-25,49.34999847412109,50.375,49.09999847412109,50.09999847412109,43.234596252441406,305400
2018-07-26,49.82500076293945,50.5,49.625,50.375,43.47190856933594,226240
2018-07-27,49.67499923706055,50.22499847412109,49.59999847412109,50.150001525878906,43.27774810791016,225920
2018-07-30,50.72499847412109,50.775001525878906,50.22499847412109,50.650001525878906,43.70922470092773,178160
2018-07-31,49.70000076293945,50.0,49.625,49.84999847412109,43.018856048583984,180880
2018-08-01,51.22499847412109,51.525001525878906,50.59999847412109,51.0,44.011260986328125,319240
2018-08-02,50.875,51.25,50.72499847412109,50.79999923706055,43.83866500854492,121960
2018-08-03,50.625,50.625,50.0,50.125,43.25616455078125,335040
2018-08-06,49.72499847412109,50.04999923706055,49.32500076293945,50.025001525878906,43.16987609863281,212120
2018-08-07,50.34999847412109,50.92499923706055,50.29999923706055,50.82500076293945,43.86024475097656,171280
2018-08-08,50.84999847412109,50.900001525878906,50.375,50.67499923706055,43.73080825805664,135160
2018-08-09,50.125,50.25,49.34999847412109,49.42499923706055,42.65209197998047,238560
2018-08-10,48.75,48.79999923706055,47.875,48.375,41.74597930908203,261040
2018-08-13,48.82500076293945,48.875,48.29999923706055,48.59999847412109,41.94013595581055,201480
2018-08-14,48.525001525878906,49.09999847412109,48.525001525878906,48.97499847412109,42.26375579833984,127040
2018-08-15,48.400001525878906,48.47499847412109,47.775001525878906,48.20000076293945,41.5949592590332,285280
2018-08-16,48.150001525878906,48.82500076293945,48.04999923706055,48.150001525878906,41.55181503295898,148200
2018-08-17,47.84999847412109,48.25,47.525001525878906,47.97499847412109,41.40079879760742,154800
2018-08-20,47.20000076293945,47.32500076293945,46.900001525878906,47.025001525878906,40.58098220825195,381640
2018-08-21,47.525001525878906,47.875,47.375,47.525001525878906,41.01245880126953,169400
2018-08-22,46.82500076293945,47.275001525878906,46.75,46.97499847412109,40.53782272338867,297160
2018-08-23,46.82500076293945,47.07500076293945,46.650001525878906,46.75,40.34365463256836,198080
2018-08-24,47.25,47.400001525878906,46.45000076293945,46.47499847412109,40.10634231567383,267520
2018-08-27,47.04999923706055,47.375,46.97499847412109,47.375,40.88300704956055,167200
2018-08-28,48.0,48.34999847412109,47.900001525878906,48.150001525878906,41.55181503295898,198520
2018-08-29,48.09999847412109,48.45000076293945,47.82500076293945,48.025001525878906,41.443946838378906,157600
2018-08-30,47.625,47.92499923706055,47.47499847412109,47.70000076293945,41.16347885131836,220040
2018-08-31,47.025001525878906,48.150001525878906,46.95000076293945,48.025001525878906,41.443946838378906,160400
2018-09-04,48.97499847412109,49.17499923706055,48.775001525878906,48.900001525878906,42.19902801513672,237640
2018-09-05,49.17499923706055,49.45000076293945,49.025001525878906,49.22499847412109,42.47949981689453,265280
2018-09-06,49.22499847412109,49.275001525878906,48.54999923706055,48.75,42.06958770751953,164560
2018-09-07,49.70000076293945,50.150001525878906,49.625,49.97499847412109,43.126712799072266,293240
2018-09-10,49.95000076293945,49.95000076293945,49.42499923706055,49.45000076293945,42.67367172241211,115280
2018-09-11,50.0,50.59999847412109,49.92499923706055,50.47499847412109,43.558204650878906,178640
2018-09-12,50.0,50.22499847412109,49.92499923706055,50.17499923706055,43.299312591552734,129960
2018-09-13,49.650001525878906,50.150001525878906,49.400001525878906,50.07500076293945,43.213016510009766,177360
2018-09-14,50.84999847412109,51.04999923706055,50.29999923706055,50.67499923706055,43.73080825805664,172640
2018-09-17,51.150001525878906,51.275001525878906,50.400001525878906,50.70000076293945,43.75237274169922,114080
2018-09-18,51.34999847412109,52.5,51.34999847412109,52.29999923706055,45.13311004638672,238520
2018-09-19,52.54999923706055,53.82500076293945,52.54999923706055,53.22499847412109,45.93135833740234,439440
2018-09-20,53.29999923706055,53.47499847412109,52.375,52.57500076293945,45.37044525146485,349360
2018-09-21,52.97499847412109,52.97499847412109,52.400001525878906,52.57500076293945,45.37044525146485,200600
2018-09-24,53.125,53.125,52.400001525878906,53.04999923706055,45.78034210205078,318280
2018-09-25,53.400001525878906,53.45000076293945,53.0,53.04999923706055,45.89280319213867,213000
2018-09-26,52.775001525878906,53.09999847412109,51.84999847412109,51.97499847412109,44.96284484863281,354520
2018-09-27,52.29999923706055,52.5,51.79999923706055,51.84999847412109,44.85470199584961,134920
2018-09-28,51.5,52.34999847412109,51.47499847412109,52.29999923706055,45.24398422241211,220960
2018-10-01,52.775001525878906,53.5,52.54999923706055,53.45000076293945,46.23884201049805,226360
2018-10-02,52.775001525878906,52.82500076293945,52.09999847412109,52.42499923706055,45.35212707519531,149200
2018-10-03,53.29999923706055,56.04999923706055,53.17499923706055,55.25,47.79599380493164,793080
2018-10-04,56.22499847412109,56.84999847412109,55.900001525878906,56.47499847412109,48.855712890625,351040
2018-10-05,57.375,58.525001525878906,56.900001525878906,57.82500076293945,50.02359390258789,791600
2018-10-08,57.92499923706055,58.5,57.79999923706055,58.47499847412109,50.58589172363281,219600
2018-10-09,57.72499847412109,57.875,56.67499923706055,56.75,49.0936164855957,448920
2018-10-10,57.70000076293945,58.275001525878906,57.125,57.22499847412109,49.50453567504883,638760
2018-10-11,56.5,56.775001525878906,54.70000076293945,55.09999847412109,47.666236877441406,611960
2018-10-12,55.79999923706055,56.0,54.97499847412109,55.72499847412109,48.20690536499024,183680
2018-10-15,55.400001525878906,56.0,55.25,55.72499847412109,48.20690536499024,155760
2018-10-16,55.875,56.20000076293945,55.400001525878906,55.47499847412109,47.99063491821289,195320
2018-10-17,55.5,56.5,55.32500076293945,56.42499923706055,48.812477111816406,358560
2018-10-18,56.97499847412109,57.125,55.900001525878906,56.54999923706055,48.92060089111328,281880
2018-10-19,56.72499847412109,57.32500076293945,56.525001525878906,56.84999847412109,49.18012619018555,288400
2018-10-22,56.59999847412109,57.17499923706055,56.34999847412109,57.17499923706055,49.46128463745117,213360
2018-10-23,55.375,56.75,54.95000076293945,56.650001525878906,49.00712203979492,392840
2018-10-24,55.95000076293945,56.150001525878906,55.32500076293945,55.400001525878906,47.925758361816406,304080
2018-10-25,55.72499847412109,56.125,55.42499923706055,56.04999923706055,48.48806381225586,227880
2018-10-26,55.09999847412109,55.32500076293945,54.57500076293945,55.09999847412109,47.666236877441406,253280
2018-10-29,55.25,56.09999847412109,55.0,55.42499923706055,47.947383880615234,289040
2018-10-30,56.07500076293945,56.45000076293945,55.72499847412109,56.25,48.66107940673828,346920
2018-10-31,56.875,57.650001525878906,56.57500076293945,57.125,49.41802597045898,461040
2018-11-01,57.875,57.875,56.775001525878906,57.025001525878906,49.33152389526367,205680
2018-11-02,57.34999847412109,59.25,57.22499847412109,59.150001525878906,51.169830322265625,708040
2018-11-05,58.375,58.57500076293945,58.025001525878906,58.42499923706055,50.54265213012695,210920
2018-11-06,58.20000076293945,58.59999847412109,58.0,58.54999923706055,50.65078353881836,216320
2018-11-07,57.29999923706055,58.5,56.95000076293945,58.34999847412109,50.477760314941406,544840
2018-11-08,57.650001525878906,58.54999923706055,57.650001525878906,58.42499923706055,50.54265213012695,218120
2018-11-09,58.04999923706055,58.07500076293945,56.84999847412109,57.04999923706055,49.353153228759766,357480
2018-11-12,56.275001525878906,56.275001525878906,55.650001525878906,55.95000076293945,48.40154647827149,249200
2018-11-13,56.47499847412109,56.900001525878906,56.125,56.150001525878906,48.57456588745117,280680
2018-11-14,56.900001525878906,57.125,55.375,55.97499847412109,48.42317962646485,283480
2018-11-15,55.47499847412109,56.57500076293945,55.34999847412109,56.09999847412109,48.53131484985352,222440
2018-11-16,55.82500076293945,56.29999923706055,54.97499847412109,55.20000076293945,47.75273132324219,759160
2018-11-19,55.54999923706055,55.59999847412109,54.67499923706055,54.67499923706055,47.2985725402832,200480
2018-11-20,54.34999847412109,54.79999923706055,54.04999923706055,54.650001525878906,47.27694320678711,342680
2018-11-21,54.84999847412109,55.375,54.625,54.70000076293945,47.3202018737793,204160
2018-11-23,53.79999923706055,54.625,53.70000076293945,54.59999847412109,47.233680725097656,116000
2018-11-26,54.95000076293945,55.04999923706055,54.70000076293945,54.95000076293945,47.53646087646485,100440
2018-11-27,55.025001525878906,55.09999847412109,54.42499923706055,54.72499847412109,47.34182357788086,144480
2018-11-28,54.95000076293945,55.650001525878906,54.72499847412109,55.650001525878906,48.14202880859375,252320
2018-11-29,54.82500076293945,55.32500076293945,54.400001525878906,54.875,47.471588134765625,913520
2018-11-30,54.29999923706055,54.775001525878906,54.20000076293945,54.275001525878906,46.95253372192383,108400
2018-12-03,54.79999923706055,54.84999847412109,53.150001525878906,53.150001525878906,45.97931289672852,192320
2018-12-04,51.875,52.150001525878906,49.32500076293945,50.47499847412109,43.66521072387695,552520
2018-12-06,49.625,50.125,48.72499847412109,50.07500076293945,43.319183349609375,533360
2018-12-07,50.5,50.900001525878906,49.625,49.775001525878906,43.05965423583984,224640
2018-12-10,49.20000076293945,49.72499847412109,48.70000076293945,49.150001525878906,42.51897811889648,246760
2018-12-11,49.09999847412109,49.525001525878906,48.57500076293945,49.17499923706055,42.54059600830078,229160
2018-12-12,49.59999847412109,50.025001525878906,49.400001525878906,49.84999847412109,43.12453079223633,219880
2018-12-13,49.775001525878906,50.375,49.625,50.25,43.47055816650391,208680
2018-12-14,49.625,50.09999847412109,49.400001525878906,49.775001525878906,43.05965423583984,138280
2018-12-17,49.59999847412109,49.59999847412109,48.75,48.875,42.28107833862305,153200
2018-12-18,48.650001525878906,48.82500076293945,47.82500076293945,48.0,41.52412414550781,192120
2018-12-19,47.45000076293945,47.625,45.57500076293945,46.125,39.90208435058594,601720
2018-12-20,45.22499847412109,46.70000076293945,45.17499923706055,46.70000076293945,40.399513244628906,772480
2018-12-21,46.20000076293945,47.07500076293945,46.125,46.67499923706055,40.37787628173828,247480
2018-12-24,46.20000076293945,46.47499847412109,45.900001525878906,46.0,39.79394912719727,295160
2018-12-26,46.375,47.54999923706055,45.95000076293945,47.47499847412109,41.0699577331543,336920
2018-12-27,45.84999847412109,47.375,45.775001525878906,47.375,41.10248565673828,264480
2018-12-28,46.900001525878906,47.04999923706055,46.125,46.20000076293945,40.08305740356445,184320
2018-12-31,46.59999847412109,46.84999847412109,45.57500076293945,45.57500076293945,39.540809631347656,285160
2019-01-02,45.54999923706055,45.82500076293945,44.900001525878906,44.95000076293945,38.99856185913086,224280
2019-01-03,44.775001525878906,44.84999847412109,43.07500076293945,43.400001525878906,37.65378189086914,482160
2019-01-04,44.67499923706055,45.400001525878906,44.45000076293945,44.875,38.93348693847656,501480
2019-01-07,44.375,45.47499847412109,44.34999847412109,45.29999923706055,39.30221557617188,298160
2019-01-08,45.42499923706055,45.72499847412109,45.125,45.70000076293945,39.64926528930664,252120
2019-01-09,45.900001525878906,46.42499923706055,45.72499847412109,45.92499923706055,39.84447860717773,289240
2019-01-10,45.875,46.95000076293945,45.75,46.79999923706055,40.603614807128906,293440
2019-01-11,46.400001525878906,46.54999923706055,45.900001525878906,46.275001525878906,40.148136138916016,144560
2019-01-14,46.275001525878906,47.04999923706055,46.20000076293945,46.82500076293945,40.62530899047852,106040
2019-01-15,46.72499847412109,47.400001525878906,46.67499923706055,47.29999923706055,41.03740692138672,145760
2019-01-16,47.775001525878906,47.95000076293945,46.900001525878906,47.20000076293945,40.95065689086914,305920
2019-01-17,47.125,47.5,46.75,47.150001525878906,40.90727615356445,227480
2019-01-18,47.54999923706055,48.125,47.275001525878906,47.84999847412109,41.514591217041016,236320
2019-01-22,47.025001525878906,47.32500076293945,46.54999923706055,46.97499847412109,40.75544738769531,389760
2019-01-23,47.5,47.57500076293945,46.67499923706055,47.0,40.77713394165039,243200
2019-01-24,46.32500076293945,46.54999923706055,45.95000076293945,46.17499923706055,40.06136703491211,160320
2019-01-25,46.70000076293945,47.04999923706055,46.54999923706055,46.75,40.56023406982422,200600
2019-01-28,46.775001525878906,46.92499923706055,46.32500076293945,46.900001525878906,40.69038772583008,136800
2019-01-29,46.79999923706055,46.95000076293945,46.22499847412109,46.25,40.12644577026367,118920
2019-01-30,46.45000076293945,47.025001525878906,46.29999923706055,46.34999847412109,40.21319580078125,436840
2019-01-31,45.67499923706055,45.67499923706055,44.900001525878906,45.22499847412109,39.23713684082031,431160
2019-02-01,45.45000076293945,46.09999847412109,45.32500076293945,46.025001525878906,39.93123626708984,299240
2019-02-04,46.625,47.07500076293945,46.47499847412109,46.59999847412109,40.43009567260742,178080
2019-02-05,46.32500076293945,46.34999847412109,45.72499847412109,46.04999923706055,39.952911376953125,152640
2019-02-06,45.57500076293945,46.275001525878906,45.525001525878906,46.0,39.9095458984375,175800
2019-02-07,45.45000076293945,45.72499847412109,44.97499847412109,45.07500076293945,39.10700988769531,216320
2019-02-08,44.59999847412109,44.775001525878906,44.34999847412109,44.5,38.608131408691406,180920
2019-02-11,45.0,45.125,44.70000076293945,44.97499847412109,39.0202522277832,110440
2019-02-12,45.275001525878906,45.75,45.17499923706055,45.34999847412109,39.34560012817383,145360
2019-02-13,45.79999923706055,46.125,45.59999847412109,45.875,39.801082611083984,162400
2019-02-14,44.75,45.375,44.67499923706055,45.125,39.150390625,243520
2019-02-15,45.375,45.42499923706055,44.900001525878906,44.92499923706055,38.97687149047852,178720
2019-02-19,44.5,44.97499847412109,44.34999847412109,44.67499923706055,38.75997543334961,227360
2019-02-20,44.97499847412109,45.375,44.82500076293945,44.97499847412109,39.0202522277832,227440
2019-02-21,45.97499847412109,46.400001525878906,45.875,46.17499923706055,40.06136703491211,216200
2019-02-22,45.525001525878906,45.57500076293945,45.0,45.45000076293945,39.4323616027832,207720
2019-02-25,45.84999847412109,46.150001525878906,45.72499847412109,45.79999923706055,39.73601150512695,187120
2019-02-26,45.275001525878906,45.650001525878906,45.150001525878906,45.17499923706055,39.19377136230469,169400
2019-02-27,45.92499923706055,46.875,45.92499923706055,46.650001525878906,40.47347640991211,227480
2019-02-28,46.59999847412109,47.57500076293945,46.5,47.20000076293945,40.95065689086914,332800
2019-03-01,47.67499923706055,48.525001525878906,47.525001525878906,48.5,42.07854080200195,360200
2019-03-04,47.775001525878906,48.025001525878906,47.20000076293945,47.375,41.10248565673828,306840
2019-03-05,47.75,47.775001525878906,47.07500076293945,47.09999847412109,40.863887786865234,413120
2019-03-06,47.0,47.04999923706055,46.32500076293945,46.54999923706055,40.386714935302734,243520
2019-03-07,46.25,46.25,45.47499847412109,45.70000076293945,39.64926528930664,219720
2019-03-08,45.650001525878906,45.95000076293945,45.0,45.09999847412109,39.12869644165039,259200
2019-03-11,45.32500076293945,45.79999923706055,45.32500076293945,45.57500076293945,39.540809631347656,119160
2019-03-12,45.5,45.525001525878906,44.45000076293945,44.67499923706055,38.75997543334961,220240
2019-03-13,45.025001525878906,45.07500076293945,44.75,44.900001525878906,38.95518493652344,256720
2019-03-14,45.04999923706055,45.875,45.0,45.82500076293945,39.7577018737793,230200
2019-03-15,45.025001525878906,45.375,44.75,45.09999847412109,39.12869644165039,181160
2019-03-18,45.150001525878906,45.25,44.84999847412109,45.125,39.150390625,114240
2019-03-19,45.59999847412109,45.82500076293945,45.04999923706055,45.25,39.35258865356445,152360
2019-03-20,44.900001525878906,45.025001525878906,43.67499923706055,43.84999847412109,38.135047912597656,314200
2019-03-21,43.525001525878906,43.79999923706055,43.42499923706055,43.57500076293945,37.89589691162109,241080
2019-03-22,42.25,42.400001525878906,41.09999847412109,41.525001525878906,36.113067626953125,455040
2019-03-25,41.59999847412109,41.92499923706055,40.5,41.34999847412109,35.960872650146484,224320
2019-03-26,41.72499847412109,41.79999923706055,41.17499923706055,41.45000076293945,36.0478401184082,134840
2019-03-27,41.0,41.125,40.150001525878906,40.34999847412109,35.0911979675293,397920
2019-03-28,40.22499847412109,40.45000076293945,39.82500076293945,39.97499847412109,34.76507568359375,243400
2019-03-29,40.75,40.82500076293945,40.025001525878906,40.025001525878906,34.808563232421875,237760
2019-04-01,40.82500076293945,41.92499923706055,40.82500076293945,41.775001525878906,36.33048248291016,548000
2019-04-02,41.650001525878906,41.900001525878906,41.42499923706055,41.57500076293945,36.15654754638672,232760
2019-04-03,42.525001525878906,42.75,42.29999923706055,42.59999847412109,37.0479621887207,334720
2019-04-04,42.525001525878906,42.70000076293945,42.25,42.275001525878906,36.76532745361328,152880
2019-04-05,42.59999847412109,42.59999847412109,42.0,42.150001525878906,36.65660858154297,110880
2019-04-08,42.29999923706055,42.650001525878906,42.22499847412109,42.59999847412109,37.0479621887207,143600
2019-04-09,41.92499923706055,42.375,41.82500076293945,42.17499923706055,36.67835235595703,127560
2019-04-10,41.95000076293945,42.04999923706055,41.650001525878906,41.95000076293945,36.4826774597168,157760
2019-04-11,42.20000076293945,42.775001525878906,42.17499923706055,42.625,37.0697021484375,93640
2019-04-12,43.34999847412109,43.625,43.20000076293945,43.54999923706055,37.8741455078125,185840
2019-04-15,43.525001525878906,43.525001525878906,43.25,43.25,37.61325454711914,73600
2019-04-16,43.75,44.150001525878906,43.650001525878906,44.04999923706055,38.30897521972656,175920
2019-04-17,44.150001525878906,44.17499923706055,43.72499847412109,44.04999923706055,38.30897521972656,134520
2019-04-18,43.47499847412109,43.5,43.17499923706055,43.29999923706055,37.65672302246094,226400
2019-04-22,43.79999923706055,44.07500076293945,43.72499847412109,44.0,38.26549911499024,116440
2019-04-23,43.70000076293945,43.900001525878906,43.59999847412109,43.75,38.04808807373047,98880
2019-04-24,43.17499923706055,43.17499923706055,42.650001525878906,42.650001525878906,37.09144592285156,142480
2019-04-25,42.75,43.150001525878906,42.625,42.84999847412109,37.265380859375,151800
2019-04-26,42.29999923706055,42.57500076293945,42.22499847412109,42.42499923706055,36.89576721191406,142040
2019-04-29,43.0,43.42499923706055,42.95000076293945,43.20000076293945,37.56977081298828,106920
2019-04-30,43.32500076293945,43.34999847412109,42.525001525878906,42.625,37.0697021484375,171960
2019-05-01,42.275001525878906,42.400001525878906,41.54999923706055,42.150001525878906,36.65660858154297,448160
2019-05-02,42.275001525878906,43.0,42.22499847412109,42.75,37.17841339111328,130960
2019-05-03,42.375,42.67499923706055,42.150001525878906,42.400001525878906,36.874019622802734,101440
2019-05-06,41.70000076293945,42.07500076293945,41.650001525878906,42.025001525878906,36.54790496826172,78600
2019-05-07,41.47499847412109,41.650001525878906,40.900001525878906,41.09999847412109,35.74345016479492,89800
2019-05-08,40.84999847412109,41.70000076293945,40.75,41.59999847412109,36.17829513549805,163360
2019-05-09,40.95000076293945,41.72499847412109,40.75,41.07500076293945,35.72171401977539,187800
2019-05-10,41.150001525878906,41.45000076293945,40.650001525878906,41.29999923706055,35.917388916015625,132520
2019-05-13,40.70000076293945,40.82500076293945,40.17499923706055,40.34999847412109,35.0911979675293,165880
2019-05-14,40.59999847412109,40.84999847412109,40.42499923706055,40.72499847412109,35.41733169555664,102120
2019-05-15,39.900001525878906,40.29999923706055,39.84999847412109,39.97499847412109,34.76507568359375,190120
2019-05-16,40.275001525878906,40.54999923706055,40.275001525878906,40.375,35.112945556640625,95960
2019-05-17,39.82500076293945,40.375,39.82500076293945,40.09999847412109,34.873783111572266,81760
2019-05-20,40.0,40.45000076293945,39.775001525878906,40.375,35.112945556640625,155160
2019-05-21,40.45000076293945,40.775001525878906,40.42499923706055,40.59999847412109,35.308616638183594,76480
2019-05-22,40.32500076293945,40.42499923706055,39.84999847412109,39.95000076293945,34.74333953857422,124520
2019-05-23,39.34999847412109,39.34999847412109,38.17499923706055,38.57500076293945,33.54753494262695,185520
2019-05-24,38.625,38.84999847412109,38.5,38.5,33.48231506347656,126360
2019-05-28,38.0,38.20000076293945,37.5,37.650001525878906,32.74308776855469,154200
2019-05-29,36.84999847412109,37.375,36.625,37.32500076293945,32.46044921875,361520
2019-05-30,37.09999847412109,37.525001525878906,36.34999847412109,36.400001525878906,31.65600204467773,240200
2019-05-31,35.775001525878906,35.875,34.974998474121094,35.025001525878906,30.460214614868164,443320
2019-06-03,34.75,35.04999923706055,34.224998474121094,34.375,29.894926071166992,325680
2019-06-04,35.17499923706055,35.79999923706055,34.875,35.5,30.8733024597168,304440
2019-06-05,35.82500076293945,36.150001525878906,35.5,36.150001525878906,31.4385929107666,363160
2019-06-06,35.474998474121094,36.0,34.974998474121094,35.775001525878906,31.11246109008789,175240
2019-06-07,34.775001525878906,35.099998474121094,34.625,34.875,30.32975578308105,321600
2019-06-10,35.70000076293945,36.0,35.70000076293945,35.875,31.19942855834961,211520
2019-06-11,35.95000076293945,36.025001525878906,35.67499923706055,35.79999923706055,31.134201049804688,211440
2019-06-12,35.974998474121094,36.025001525878906,35.67499923706055,35.724998474121094,31.06897735595703,107680
2019-06-13,35.599998474121094,35.599998474121094,35.275001525878906,35.375,30.76459503173828,88120
2019-06-14,35.400001525878906,35.400001525878906,34.900001525878906,35.099998474121094,30.52543067932129,114200
2019-06-17,35.125,35.375,34.900001525878906,34.92499923706055,30.37324333190918,57080
2019-06-18,34.125,34.724998474121094,34.0,34.45000076293945,29.960147857666016,215800
2019-06-19,34.849998474121094,35.0,34.17499923706055,34.32500076293945,29.851436614990234,250000
2019-06-20,33.95000076293945,34.224998474121094,33.54999923706055,34.025001525878906,29.59054183959961,236040
2019-06-21,34.32500076293945,35.20000076293945,34.32500076293945,35.125,30.54717445373535,218160
2019-06-24,34.599998474121094,34.650001525878906,34.275001525878906,34.375,29.894926071166992,180480
2019-06-25,33.875,33.95000076293945,33.67499923706055,33.82500076293945,29.56712532043457,129800
2019-06-26,34.0,34.599998474121094,33.974998474121094,34.525001525878906,30.179014205932617,162560
2019-06-27,34.29999923706055,34.525001525878906,33.67499923706055,33.875,29.6108341217041,150320
2019-06-28,34.07500076293945,34.20000076293945,33.724998474121094,33.900001525878906,29.6326904296875,130640
2019-07-01,33.875,34.650001525878906,33.75,34.099998474121094,29.807512283325195,235440
2019-07-02,33.92499923706055,33.974998474121094,33.275001525878906,33.349998474121094,29.15191650390625,168600
2019-07-03,33.20000076293945,33.20000076293945,32.599998474121094,32.724998474121094,28.6055908203125,108240
2019-07-05,33.875,34.525001525878906,33.875,33.974998474121094,29.69824409484864,296120
2019-07-08,33.5,33.875,33.400001525878906,33.875,29.6108341217041,170720
2019-07-09,33.79999923706055,34.20000076293945,33.79999923706055,33.875,29.6108341217041,147520
2019-07-10,34.0,34.70000076293945,34.0,34.45000076293945,30.11345291137696,285320
2019-07-11,34.82500076293945,36.07500076293945,34.79999923706055,35.82500076293945,31.31536865234375,475920
2019-07-12,36.025001525878906,36.17499923706055,35.54999923706055,35.724998474121094,31.22796058654785,289280
2019-07-15,35.57500076293945,35.57500076293945,35.04999923706055,35.07500076293945,30.65977668762207,198360
2019-07-16,35.775001525878906,35.92499923706055,35.42499923706055,35.474998474121094,31.009418487548828,119000
2019-07-17,35.099998474121094,35.099998474121094,34.275001525878906,34.32500076293945,30.004186630249023,191000
2019-07-18,34.70000076293945,34.875,34.07500076293945,34.29999923706055,29.982330322265625,241040
2019-07-19,34.650001525878906,34.70000076293945,34.400001525878906,34.525001525878906,30.179014205932617,117640
2019-07-22,33.92499923706055,34.5,33.92499923706055,34.349998474121094,30.026037216186523,138680
2019-07-23,34.650001525878906,35.125,34.599998474121094,34.92499923706055,30.528663635253903,125880
2019-07-24,34.599998474121094,34.75,34.42499923706055,34.474998474121094,30.135303497314453,153320
2019-07-25,34.95000076293945,35.5,34.79999923706055,35.0,30.594215393066406,255880
2019-07-26,34.599998474121094,34.92499923706055,34.525001525878906,34.724998474121094,30.353836059570312,104600
2019-07-29,34.42499923706055,34.82500076293945,34.400001525878906,34.724998474121094,30.353836059570312,170360
2019-07-30,34.32500076293945,34.79999923706055,34.29999923706055,34.525001525878906,30.179014205932617,441360
2019-07-31,34.57500076293945,34.625,33.349998474121094,33.70000076293945,29.45786476135254,751640
2019-08-01,33.125,33.17499923706055,31.600000381469727,31.700000762939453,27.709619522094727,783600
2019-08-02,31.424999237060547,31.575000762939453,30.875,30.89999961853028,27.01032447814941,617000
2019-08-05,29.725000381469727,30.02499961853028,29.200000762939453,29.200000762939453,25.52431869506836,616880
2019-08-06,29.625,29.725000381469727,28.549999237060547,28.600000381469727,24.99984741210937,434280
2019-08-07,27.049999237060547,28.625,26.64999961853028,28.475000381469727,24.89057922363281,2494280
2019-08-08,29.02499961853028,29.75,28.27499961853028,28.350000381469727,24.78131484985352,1149520
2019-08-09,28.14999961853028,28.600000381469727,27.600000381469727,28.52499961853028,24.93428611755371,672560
2019-08-12,27.5,27.600000381469727,26.475000381469727,26.625,23.273456573486328,463640
2019-08-13,26.25,27.299999237060547,26.225000381469727,27.02499961853028,23.623104095458984,1180520
2019-08-14,25.52499961853028,25.725000381469727,25.174999237060547,25.225000381469727,22.04969024658203,697680
2019-08-15,25.049999237060547,25.25,23.725000381469727,24.350000381469727,21.284832000732425,1246480
2019-08-16,24.975000381469727,25.575000762939453,24.825000762939453,24.975000381469727,21.83116340637207,647040
2019-08-19,26.25,26.27499961853028,25.725000381469727,26.0,22.72713279724121,1249920
2019-08-20,25.375,25.600000381469727,25.174999237060547,25.25,22.07154655456543,396200
2019-08-21,25.625,25.875,25.075000762939453,25.75,22.508602142333984,370000
2019-08-22,26.049999237060547,26.299999237060547,25.674999237060547,26.25,22.94565963745117,325720
2019-08-23,26.27499961853028,26.350000381469727,24.799999237060547,24.950000762939453,21.809307098388672,722880
2019-08-26,25.0,25.325000762939453,24.799999237060547,25.225000381469727,22.04969024658203,440280
2019-08-27,24.625,24.674999237060547,24.049999237060547,24.075000762939453,21.04445075988769,523880
2019-08-28,23.475000381469727,24.075000762939453,23.475000381469727,24.0,20.978893280029297,1146480
2019-08-29,24.27499961853028,24.825000762939453,24.25,24.299999237060547,21.24112701416016,693080
2019-08-30,24.625,24.75,24.200000762939453,24.27499961853028,21.219276428222656,619040
2019-09-03,24.27499961853028,24.52499961853028,23.5,24.25,21.197418212890625,431840
2019-09-04,24.52499961853028,24.549999237060547,24.02499961853028,24.125,21.08815193176269,572680
2019-09-05,25.02499961853028,25.825000762939453,24.89999961853028,25.424999237060547,22.224515914916992,774200
2019-09-06,25.200000762939453,25.25,24.77499961853028,24.850000381469727,21.721895217895508,391120
2019-09-09,25.875,26.225000381469727,25.825000762939453,26.225000381469727,22.923810958862305,388360
2019-09-10,26.39999961853028,27.600000381469727,26.174999237060547,27.575000762939453,24.103872299194336,868640
2019-09-11,27.77499961853028,27.77499961853028,27.325000762939453,27.700000762939453,24.2131404876709,820400
2019-09-12,27.125,28.575000762939453,26.950000762939453,28.27499961853028,24.71575736999512,1117080
2019-09-13,29.049999237060547,30.125,28.799999237060547,30.125,26.3328800201416,993240
2019-09-16,29.225000381469727,29.64999961853028,28.799999237060547,28.975000381469727,25.327640533447266,507080
2019-09-17,28.89999961853028,29.125,28.14999961853028,28.475000381469727,24.89057922363281,539200
2019-09-18,27.950000762939453,28.200000762939453,27.5,28.14999961853028,24.606491088867188,695240
2019-09-19,27.424999237060547,27.924999237060547,27.325000762939453,27.875,24.36610984802246,918240
2019-09-20,27.450000762939453,27.674999237060547,26.75,26.825000762939453,23.44828224182129,815960
2019-09-23,26.600000381469727,26.924999237060547,26.125,26.825000762939453,23.44828224182129,365840
2019-09-24,26.39999961853028,26.39999961853028,25.575000762939453,25.700000762939453,22.580638885498047,415280
2019-09-25,25.89999961853028,27.02499961853028,25.75,26.924999237060547,23.656957626342773,1301200
2019-09-26,26.424999237060547,26.600000381469727,26.0,26.350000381469727,23.15174674987793,407880
2019-09-27,26.375,26.475000381469727,26.02499961853028,26.14999961853028,22.976024627685547,378960
2019-09-30,26.625,26.64999961853028,25.975000381469727,25.975000381469727,22.822265625,238920
2019-10-01,26.799999237060547,26.89999961853028,25.39999961853028,25.725000381469727,22.60260581970215,571600
2019-10-02,25.625,25.725000381469727,25.200000762939453,25.52499961853028,22.4268798828125,328840
2019-10-03,25.350000381469727,25.375,24.475000381469727,24.850000381469727,21.83381080627441,883960
2019-10-04,24.674999237060547,24.725000381469727,24.299999237060547,24.325000762939453,21.372529983520508,549800
2019-10-07,24.725000381469727,24.975000381469727,24.549999237060547,24.89999961853028,21.87773895263672,441200
2019-10-08,24.39999961853028,25.0,24.350000381469727,24.77499961853028,21.76791000366211,633040
2019-10-09,25.0,25.450000762939453,25.0,25.174999237060547,22.119361877441406,672400
2019-10-10,25.799999237060547,26.52499961853028,25.799999237060547,26.299999237060547,23.10781478881836,541120
2019-10-11,26.950000762939453,27.64999961853028,26.924999237060547,27.225000381469727,23.92054748535156,1048880
2019-10-14,26.700000762939453,26.89999961853028,26.64999961853028,26.725000381469727,23.481231689453125,195920
2019-10-15,27.125,27.799999237060547,27.0,27.700000762939453,24.337890625,388240
2019-10-16,27.75,27.924999237060547,27.5,27.64999961853028,24.2939567565918,280160
2019-10-17,27.799999237060547,27.950000762939453,27.325000762939453,27.75,24.381818771362305,234800
2019-10-18,27.674999237060547,27.875,27.424999237060547,27.799999237060547,24.42575454711914,202240
2019-10-21,28.39999961853028,28.600000381469727,28.174999237060547,28.5,25.040786743164062,311120
2019-10-22,27.924999237060547,28.350000381469727,27.850000381469727,28.02499961853028,24.623443603515625,300320
2019-10-23,27.549999237060547,27.89999961853028,27.350000381469727,27.89999961853028,24.513614654541016,249400
2019-10-24,27.725000381469727,28.125,27.424999237060547,28.075000762939453,24.66737365722656,197360
2019-10-25,27.850000381469727,28.575000762939453,27.850000381469727,28.475000381469727,25.0188217163086,205920
2019-10-28,29.02499961853028,29.39999961853028,29.02499961853028,29.225000381469727,25.67779541015625,330680
2019-10-29,28.975000381469727,29.27499961853028,28.950000762939453,29.174999237060547,25.63385772705078,221360
2019-10-30,28.89999961853028,28.89999961853028,27.850000381469727,27.924999237060547,24.53557777404785,355920
2019-10-31,27.174999237060547,27.25,26.52499961853028,26.75,23.503198623657227,422520
2019-11-01,26.924999237060547,27.475000381469727,26.64999961853028,27.075000762939453,23.78875160217285,540840
2019-11-04,27.950000762939453,28.225000381469727,27.875,28.075000762939453,24.66737365722656,248120
2019-11-05,29.075000762939453,29.299999237060547,28.875,29.100000381469727,25.567964553833008,439480
2019-11-06,28.52499961853028,28.924999237060547,28.299999237060547,28.549999237060547,25.084716796875,345840
2019-11-07,29.549999237060547,30.725000381469727,29.549999237060547,30.100000381469727,26.44658851623535,938120
2019-11-08,30.375,30.600000381469727,29.825000762939453,30.475000381469727,26.776073455810547,445560
2019-11-11,30.225000381469727,30.700000762939453,30.174999237060547,30.450000762939453,26.754106521606445,245640
2019-11-12,30.25,30.600000381469727,29.799999237060547,29.975000381469727,26.33676147460937,354360
2019-11-13,29.225000381469727,29.64999961853028,29.125,29.450000762939453,25.87548065185547,530960
2019-11-14,28.64999961853028,28.674999237060547,28.225000381469727,28.549999237060547,25.084716796875,535720
2019-11-15,28.850000381469727,28.850000381469727,28.424999237060547,28.64999961853028,25.172584533691406,217080
2019-11-18,28.375,28.52499961853028,28.125,28.450000762939453,24.99685859680176,223720
2019-11-19,28.25,28.25,27.75,27.825000762939453,24.447715759277344,248480
2019-11-20,27.350000381469727,27.39999961853028,26.924999237060547,26.924999237060547,23.656957626342773,423440
2019-11-21,27.5,27.77499961853028,27.225000381469727,27.375,24.052335739135746,345160
2019-11-22,27.200000762939453,27.475000381469727,27.14999961853028,27.375,24.052335739135746,228480
2019-11-25,27.14999961853028,27.174999237060547,26.975000381469727,27.100000381469727,23.81071662902832,150920
2019-11-26,26.674999237060547,26.75,26.549999237060547,26.600000381469727,23.37140655517578,175040
2019-11-27,26.875,27.02499961853028,26.77499961853028,26.924999237060547,23.656957626342773,183560
2019-11-29,26.89999961853028,27.424999237060547,26.89999961853028,27.075000762939453,23.78875160217285,192600
2019-12-02,28.225000381469727,28.350000381469727,27.950000762939453,28.100000381469727,24.68933868408203,463000
2019-12-03,27.125,27.174999237060547,26.049999237060547,26.375,23.17371368408203,672120
2019-12-04,26.875,27.5,26.799999237060547,27.14999961853028,23.854642868041992,473000
2019-12-05,27.799999237060547,27.875,27.375,27.575000762939453,24.22805976867676,417240
2019-12-06,28.25,28.325000762939453,27.600000381469727,28.049999237060547,24.645408630371094,338880
2019-12-09,27.64999961853028,27.924999237060547,27.575000762939453,27.799999237060547,24.42575454711914,283200
2019-12-10,27.52499961853028,28.0,27.450000762939453,27.89999961853028,24.513614654541016,297240
2019-12-11,27.5,27.52499961853028,27.0,27.27499961853028,23.964473724365234,336640
2019-12-12,27.52499961853028,29.02499961853028,27.5,28.52499961853028,25.0627555847168,947840
2019-12-13,28.174999237060547,28.700000762939453,27.27499961853028,27.600000381469727,24.2500228881836,625000
2019-12-16,27.89999961853028,28.549999237060547,27.89999961853028,28.299999237060547,24.865066528320312,278520
2019-12-17,28.075000762939453,28.674999237060547,28.0,28.424999237060547,24.974891662597656,343040
2019-12-18,28.625,29.27499961853028,28.575000762939453,29.14999961853028,25.611894607543945,395040
2019-12-19,29.375,29.475000381469727,28.77499961853028,29.075000762939453,25.545997619628903,473280
2019-12-20,29.27499961853028,29.375,28.89999961853028,28.89999961853028,25.39223861694336,221800
2019-12-23,28.77499961853028,29.27499961853028,28.674999237060547,29.02499961853028,25.54847526550293,299040
2019-12-24,29.299999237060547,29.350000381469727,28.625,28.75,25.30641746520996,200080
2019-12-26,28.700000762939453,28.975000381469727,28.549999237060547,28.625,25.196388244628903,244720
2019-12-27,28.424999237060547,28.52499961853028,28.27499961853028,28.52499961853028,25.10836601257324,305240
2019-12-30,29.375,29.5,28.75,28.799999237060547,25.35042762756348,333560
2019-12-31,29.174999237060547,29.725000381469727,29.049999237060547,29.549999237060547,26.01059532165528,403520
2020-01-02,28.850000381469727,28.875,28.325000762939453,28.64999961853028,25.218395233154297,357840
2020-01-03,27.89999961853028,28.125,27.350000381469727,27.350000381469727,24.07410430908203,576720
2020-01-06,26.975000381469727,27.89999961853028,26.975000381469727,27.77499961853028,24.448198318481445,478680
2020-01-07,27.850000381469727,28.225000381469727,27.75,28.200000762939453,24.822296142578125,277760
2020-01-08,28.02499961853028,29.02499961853028,27.825000762939453,28.77499961853028,25.328426361083984,477280
2020-01-09,29.25,29.325000762939453,28.350000381469727,28.450000762939453,25.042348861694336,400880
2020-01-10,28.25,28.25,27.725000381469727,27.77499961853028,24.448198318481445,358000
2020-01-13,28.075000762939453,28.350000381469727,27.950000762939453,28.0,24.646249771118164,406440
2020-01-14,27.875,27.924999237060547,27.575000762939453,27.600000381469727,24.294160842895508,666160
2020-01-15,27.125,27.39999961853028,26.975000381469727,27.02499961853028,23.78803253173828,268520
2020-01-16,27.225000381469727,27.549999237060547,27.125,27.325000762939453,24.052101135253903,246320
2020-01-17,28.27499961853028,28.375,27.950000762939453,27.975000381469727,24.624244689941406,349800
2020-01-21,27.549999237060547,27.549999237060547,27.02499961853028,27.125,23.876054763793945,307840
2020-01-22,26.950000762939453,27.049999237060547,26.725000381469727,26.825000762939453,23.61198806762696,182720
2020-01-23,26.299999237060547,26.375,26.02499961853028,26.350000381469727,23.19388008117676,866360
2020-01-24,26.0,26.100000381469727,25.39999961853028,25.674999237060547,22.599729537963867,297880
2020-01-27,24.700000762939453,24.89999961853028,24.450000762939453,24.450000762939453,21.521459579467773,497480
2020-01-28,24.674999237060547,25.200000762939453,24.575000762939453,25.075000762939453,22.07159423828125,347560
2020-01-29,24.875,24.924999237060547,24.25,24.325000762939453,21.41142845153809,398120
2020-01-30,24.125,24.450000762939453,23.77499961853028,24.299999237060547,21.389423370361328,411080
2020-01-31,24.02499961853028,24.02499961853028,23.625,23.674999237060547,20.83928108215332,669680
2020-02-03,24.0,24.424999237060547,23.600000381469727,23.700000762939453,20.861289978027344,419960
2020-02-04,24.450000762939453,24.924999237060547,24.450000762939453,24.674999237060547,21.7195053100586,447280
2020-02-05,25.350000381469727,25.549999237060547,25.125,25.5,22.445695877075195,1017840
2020-02-06,25.39999961853028,25.5,25.0,25.125,22.11560821533203,285840
2020-02-07,24.325000762939453,24.5,24.049999237060547,24.200000762939453,21.301401138305664,389840
2020-02-10,23.875,24.075000762939453,23.825000762939453,24.0,21.12535858154297,380360
2020-02-11,24.125,24.450000762939453,24.100000381469727,24.424999237060547,21.49945068359375,410280
2020-02-12,24.77499961853028,24.950000762939453,24.674999237060547,24.75,21.785524368286133,269400
2020-02-13,24.75,24.799999237060547,24.350000381469727,24.52499961853028,21.58747673034668,245120
2020-02-14,24.049999237060547,24.200000762939453,23.89999961853028,24.174999237060547,21.279396057128903,716840
2020-02-18,23.799999237060547,23.975000381469727,23.424999237060547,23.700000762939453,20.861289978027344,542200
2020-02-19,23.89999961853028,23.924999237060547,23.64999961853028,23.674999237060547,20.83928108215332,636800
2020-02-20,23.424999237060547,23.450000762939453,23.0,23.14999961853028,20.37716484069824,501880
2020-02-21,22.625,22.674999237060547,22.100000381469727,22.52499961853028,19.82703018188477,975880
2020-02-24,21.25,21.600000381469727,21.14999961853028,21.450000762939453,18.880788803100582,2006240
2020-02-25,21.5,21.52499961853028,20.875,21.075000762939453,18.550704956054688,856920
2020-02-26,21.600000381469727,21.75,20.875,21.424999237060547,18.85878562927246,1186520
2020-02-27,20.450000762939453,21.25,20.27499961853028,20.77499961853028,18.286636352539062,1354880
2020-02-28,19.950000762939453,19.950000762939453,19.125,19.325000762939453,17.01031494140625,2523560
2020-03-02,19.299999237060547,19.875,18.850000381469727,19.799999237060547,17.428417205810547,2508560
2020-03-03,19.850000381469727,20.424999237060547,17.649999618530273,18.89999961853028,16.63622283935547,2920600
2020-03-04,18.924999237060547,19.674999237060547,18.52499961853028,19.52499961853028,17.186357498168945,1009240
2020-03-05,18.625,18.700000762939453,17.950000762939453,18.049999237060547,15.88803005218506,1518800
2020-03-06,15.024999618530272,16.125,14.425000190734863,15.225000381469728,13.40139865875244,5252320
2020-03-09,13.699999809265137,14.175000190734863,11.399999618530272,13.875,12.213096618652344,3091600
2020-03-10,14.625,16.25,13.600000381469728,16.174999237060547,14.23760986328125,3416040
2020-03-11,15.300000190734863,18.125,14.800000190734863,17.825000762939453,15.68997859954834,1847560
2020-03-12,15.524999618530272,18.174999237060547,14.550000190734863,17.5,15.403904914855955,3349960
2020-03-13,18.424999237060547,19.424999237060547,17.424999237060547,18.799999237060547,16.548194885253906,2162760
2020-03-16,16.125,17.274999618530273,14.600000381469728,15.0,13.20334815979004,3991200
2020-03-17,15.125,18.299999237060547,14.625,18.02499961853028,15.86602020263672,1263840
2020-03-18,18.25,22.924999237060547,17.649999618530273,21.14999961853028,18.616718292236328,2504000
2020-03-19,19.575000762939453,20.725000381469727,17.25,19.39999961853028,17.07632827758789,2300120
2020-03-20,17.5,17.850000381469727,15.375,15.399999618530272,13.555437088012695,1171760
2020-03-23,15.675000190734863,15.774999618530272,13.300000190734863,13.375,11.772984504699709,1731760
2020-03-24,14.399999618530272,14.550000190734863,13.324999809265137,13.899999618530272,12.281012535095217,869520
2020-03-25,13.75,14.274999618530272,12.975000381469728,14.0,12.369365692138672,1202160
2020-03-26,13.75,14.100000381469728,13.225000381469728,13.875,12.258923530578612,692480
2020-03-27,13.425000190734863,13.5,12.574999809265137,12.675000190734863,11.19869327545166,722520
2020-03-30,12.600000381469728,13.100000381469728,12.175000190734863,13.0,11.485841751098633,768720
2020-03-31,13.225000381469728,13.399999618530272,12.875,13.324999809265137,11.772984504699709,839280
2020-04-01,12.5,12.899999618530272,12.274999618530272,12.699999809265137,11.220782279968262,445960
2020-04-02,12.375,12.725000381469728,12.274999618530272,12.550000190734863,11.088253021240234,528560
2020-04-03,12.550000190734863,12.550000190734863,12.050000190734863,12.425000190734863,10.977812767028809,409080
2020-04-06,12.824999809265137,12.875,12.5,12.524999618530272,11.066163063049316,752120
2020-04-07,13.199999809265137,13.524999618530272,12.899999618530272,12.949999809265137,11.441662788391112,1097880
2020-04-08,13.274999618530272,13.375,12.949999809265137,13.199999809265137,11.662545204162598,533280
2020-04-09,13.350000381469728,13.524999618530272,13.050000190734863,13.175000190734863,11.640457153320312,802840
2020-04-13,13.324999809265137,13.5,13.074999809265137,13.475000381469728,11.90551471710205,412240
2020-04-14,13.475000381469728,13.600000381469728,13.300000190734863,13.5,11.927602767944336,482840
2020-04-15,12.824999809265137,12.824999809265137,12.350000381469728,12.449999809265137,10.999899864196776,1048560
2020-04-16,12.199999809265137,12.225000381469728,11.975000381469728,12.050000190734863,10.646491050720217,546400
2020-04-17,12.125,12.625,11.875,12.524999618530272,11.066163063049316,550280
2020-04-20,12.5,12.5,12.175000190734863,12.199999809265137,10.779020309448242,283600
2020-04-21,11.649999618530272,11.875,11.550000190734863,11.725000381469728,10.359344482421877,785200
2020-04-22,12.024999618530272,12.274999618530272,11.949999809265137,12.100000381469728,10.690667152404783,457320
2020-04-23,12.015000343322754,12.0649995803833,11.802499771118164,11.912500381469728,10.525006294250488,770800
2020-04-24,12.072500228881836,12.092499732971191,11.824999809265137,11.827500343322754,10.449906349182127,782800
2020-04-27,12.0625,12.522500038146973,12.050000190734863,12.487500190734863,11.033034324645996,794400
2020-04-28,12.302499771118164,12.3149995803833,11.99250030517578,12.05500030517578,10.650908470153809,641600
2020-04-29,12.087499618530272,12.392499923706056,11.90999984741211,12.234999656677246,10.809940338134766,432400
2020-04-30,12.227499961853027,12.670000076293944,12.135000228881836,12.662500381469728,11.187650680541992,1706400
2020-05-01,12.4375,12.682499885559082,12.3100004196167,12.354999542236328,10.915964126586914,2157600
2020-05-04,12.4375,12.664999961853027,12.407500267028809,12.524999618530272,11.066163063049316,1058800
2020-05-05,12.869999885559082,12.9350004196167,12.720000267028809,12.75749969482422,11.271584510803224,1161600
2020-05-06,13.414999961853027,13.6899995803833,13.327500343322754,13.369999885559082,11.812744140625,2354400
2020-05-07,13.350000381469728,13.385000228881836,12.654999732971191,12.710000038146973,11.229619026184082,1690400
2020-05-08,13.085000038146973,13.255000114440918,12.875,13.1850004196167,11.649292945861816,1106400
2020-05-11,13.262499809265137,13.654999732971191,13.149999618530272,13.5024995803833,11.929810523986816,1129200
2020-05-12,13.392499923706056,13.40250015258789,12.989999771118164,13.100000381469728,11.57419204711914,873200
2020-05-13,12.920000076293944,12.984999656677246,12.637499809265137,12.827500343322754,11.333431243896484,2343200
2020-05-14,12.395000457763672,12.462499618530272,12.212499618530272,12.4375,10.988856315612791,1935600
2020-05-15,12.177499771118164,12.625,12.147500038146973,12.542499542236328,11.081624984741213,1524400
2020-05-18,12.932499885559082,13.5,12.914999961853027,13.34749984741211,11.792863845825195,1111600
2020-05-19,13.4975004196167,13.5,13.197500228881836,13.212499618530272,11.673589706420898,846800
2020-05-20,13.31999969482422,13.390000343322754,12.960000038146973,13.104999542236328,11.578607559204102,1790000
2020-05-21,12.932499885559082,13.0600004196167,12.802499771118164,12.994999885559082,11.481423377990724,674800
2020-05-22,12.952500343322754,12.982500076293944,12.729999542236328,12.78499984741211,11.295881271362305,373600
2020-05-26,13.192500114440918,13.354999542236328,13.18000030517578,13.274999618530272,11.728809356689451,746400
2020-05-27,13.40250015258789,13.454999923706056,13.147500038146973,13.337499618530272,11.78403091430664,1054800
2020-05-28,13.600000381469728,13.677499771118164,13.470000267028809,13.494999885559082,11.92318344116211,1102400
2020-05-29,13.417499542236328,13.512499809265137,13.087499618530272,13.22249984741211,11.682425498962402,1243200
2020-06-01,13.50749969482422,13.6225004196167,13.449999809265137,13.482500076293944,11.912141799926758,553600
2020-06-02,13.625,13.729999542236328,13.524999618530272,13.61750030517578,12.031416893005373,585600
2020-06-03,14.0,14.317500114440918,13.96500015258789,14.149999618530272,12.5018949508667,1062000
2020-06-04,14.327500343322754,14.792499542236328,14.307499885559082,14.782500267028809,13.060725212097168,1110400
2020-06-05,15.520000457763672,15.927499771118164,15.077500343322754,15.087499618530272,13.330202102661133,1830000
2020-06-08,15.390000343322754,15.395000457763672,14.875,14.914999961853027,13.177791595458984,1294400
2020-06-09,14.2524995803833,14.46500015258789,14.087499618530272,14.407500267028809,12.72940158843994,628000
2020-06-10,14.19499969482422,14.255000114440918,13.772500038146973,13.782500267028809,12.17719841003418,1097200
2020-06-11,13.145000457763672,13.279999732971191,12.914999961853027,13.017499923706056,11.501300811767578,878000
2020-06-12,13.3125,13.422499656677246,13.045000076293944,13.357500076293944,11.8016996383667,715600
2020-06-15,12.96500015258789,13.380000114440918,12.890000343322754,13.327500343322754,11.775193214416504,344800
2020-06-16,14.0649995803833,14.239999771118164,13.6274995803833,13.917499542236328,12.296475410461426,750800
2020-06-17,13.850000381469728,14.082500457763672,13.725000381469728,13.77750015258789,12.172780990600586,378000
2020-06-18,13.399999618530272,13.5024995803833,13.287500381469728,13.335000038146973,11.781820297241213,387200
2020-06-19,13.65999984741211,13.65999984741211,13.292499542236328,13.3100004196167,11.759733200073242,416000
2020-06-22,13.109999656677246,13.3725004196167,13.0625,13.300000190734863,11.750898361206056,653600
2020-06-23,13.545000076293944,13.609999656677246,13.40999984741211,13.5625,11.98282241821289,385600
2020-06-24,13.510000228881836,13.510000228881836,13.125,13.130000114440918,11.60069751739502,326400
2020-06-25,12.932499885559082,13.047499656677246,12.817500114440918,13.02750015258789,11.510135650634766,556000
2020-06-26,12.845000267028809,12.859999656677246,12.592499732971191,12.609999656677246,11.141263961791992,515600
2020-06-29,12.682499885559082,12.789999961853027,12.59749984741211,12.727499961853027,11.245078086853027,273600
2020-06-30,12.600000381469728,13.0024995803833,12.600000381469728,12.907500267028809,11.404114723205566,376800
2020-07-01,13.125,13.272500038146973,12.949999809265137,12.989999771118164,11.477005004882812,498800
2020-07-02,13.149999618530272,13.255000114440918,12.907500267028809,12.9350004196167,11.428411483764648,445200
2020-07-06,13.2524995803833,13.350000381469728,13.074999809265137,13.102499961853027,11.576400756835938,546800
2020-07-07,12.977499961853027,13.022500038146973,12.522500038146973,12.552499771118164,11.090459823608398,716000
2020-07-08,12.739999771118164,12.852499961853027,12.619999885559082,12.710000038146973,11.229619026184082,240400
2020-07-09,12.670000076293944,12.68000030517578,12.029999732971191,12.100000381469728,10.690667152404783,765200
2020-07-10,11.90250015258789,12.300000190734863,11.864999771118164,12.272500038146973,10.843073844909668,637600
2020-07-13,12.46500015258789,12.505000114440918,12.137499809265137,12.15250015258789,10.737051963806152,422000
2020-07-14,11.932499885559082,12.119999885559082,11.885000228881836,12.100000381469728,10.690667152404783,506800
2020-07-15,12.364999771118164,12.364999771118164,12.137499809265137,12.25749969482422,10.829819679260254,649200
2020-07-16,12.022500038146973,12.107500076293944,11.949999809265137,12.095000267028809,10.68624782562256,335200
2020-07-17,12.0600004196167,12.225000381469728,12.045000076293944,12.1850004196167,10.765767097473145,146000
2020-07-20,12.015000343322754,12.157500267028809,11.979999542236328,12.082500457763672,10.675204277038574,289200
2020-07-21,12.042499542236328,12.092499732971191,11.96500015258789,12.05500030517578,10.650908470153809,357600
2020-07-22,11.850000381469728,11.960000038146973,11.807499885559082,11.94499969482422,10.553719520568848,437600
2020-07-23,11.707500457763672,11.770000457763672,11.5024995803833,11.539999961853027,10.195890426635742,516000
2020-07-24,11.667499542236328,11.707500457763672,11.494999885559082,11.522500038146973,10.18043041229248,419200
2020-07-27,11.417499542236328,11.677499771118164,11.417499542236328,11.649999618530272,10.293079376220703,469600
2020-07-28,11.55500030517578,11.577500343322754,11.399999618530272,11.414999961853027,10.08544921875,301600
2020-07-29,11.449999809265137,11.670000076293944,11.387499809265137,11.477499961853027,10.140670776367188,432400
2020-07-30,11.25,11.3125,11.217499732971191,11.24250030517578,9.933042526245115,318000
2020-07-31,11.427499771118164,11.467499732971191,11.1875,11.265000343322754,9.952922821044922,401200
2020-08-03,11.577500343322754,11.625,11.38249969482422,11.38249969482422,10.05673599243164,432800
2020-08-04,11.2524995803833,11.279999732971191,11.107500076293944,11.112500190734863,9.818184852600098,528400
2020-08-05,11.397500038146973,11.477499961853027,11.3125,11.387499809265137,10.061153411865234,684400
2020-08-06,11.147500038146973,11.282500267028809,10.962499618530272,11.207500457763672,9.902118682861328,621600
2020-08-07,11.154999732971191,11.487500190734863,11.11750030517578,11.422499656677246,10.092077255249023,409200
2020-08-10,11.357500076293944,11.595000267028809,11.354999542236328,11.579999923706056,10.231234550476074,692400
2020-08-11,11.970000267028809,12.25,11.917499542236328,11.989999771118164,10.593477249145508,1919200
2020-08-12,12.307499885559082,12.452500343322754,12.22249984741211,12.332500457763672,10.89608669281006,614000
2020-08-13,12.387499809265137,12.857500076293944,12.329999923706056,12.717499732971191,11.236244201660156,1239200
2020-08-14,12.720000267028809,12.869999885559082,12.640000343322754,12.869999885559082,11.37098217010498,1124000
2020-08-17,12.68000030517578,12.797499656677246,12.567500114440918,12.770000457763672,11.28262710571289,547600
2020-08-18,12.574999809265137,12.649999618530272,12.470000267028809,12.479999542236328,11.026406288146973,669200
2020-08-19,12.342499732971191,12.817500114440918,12.297499656677246,12.727499961853027,11.245078086853027,805200
2020-08-20,12.327500343322754,12.442500114440918,12.279999732971191,12.369999885559082,10.929218292236328,628800
2020-08-21,12.25,12.422499656677246,12.137499809265137,12.149999618530272,10.73484230041504,670400
2020-08-24,12.13249969482422,12.229999542236328,11.99250030517578,12.220000267028809,10.796689987182615,282800
2020-08-25,12.5649995803833,12.682499885559082,12.404999732971191,12.489999771118164,11.035240173339844,594400
2020-08-26,12.63249969482422,12.8125,12.574999809265137,12.63249969482422,11.161142349243164,1104000
2020-08-27,12.484999656677246,13.30500030517578,12.454999923706056,13.292499542236328,11.744272232055664,1612800
2020-08-28,13.100000381469728,13.427499771118164,13.082500457763672,13.332500457763672,11.779611587524414,543600
2020-08-31,13.197500228881836,13.199999809265137,12.792499542236328,13.0600004196167,11.53885269165039,1104400
2020-09-01,13.119999885559082,13.2475004196167,12.5625,12.600000381469728,11.132431030273438,987200
2020-09-02,12.6875,12.6899995803833,12.210000038146973,12.239999771118164,10.814358711242676,999200
2020-09-03,12.170000076293944,12.239999771118164,11.850000381469728,12.130000114440918,10.71717357635498,1331600
2020-09-04,12.475000381469728,12.88249969482422,12.404999732971191,12.822500228881836,11.32901382446289,841600
2020-09-08,12.4375,12.582500457763672,12.244999885559082,12.577500343322754,11.112550735473633,1234800
2020-09-09,12.545000076293944,12.8125,12.475000381469728,12.6899995803833,11.211946487426758,914000
2020-09-10,12.90999984741211,13.0,12.442500114440918,12.487500190734863,11.033034324645996,816400
2020-09-11,12.449999809265137,12.510000228881836,12.40250015258789,12.417499542236328,10.971186637878418,340800
2020-09-14,12.34000015258789,12.46500015258789,12.292499542236328,12.412500381469728,10.966767311096191,363600
2020-09-15,12.479999542236328,12.56999969482422,12.420000076293944,12.5024995803833,11.046283721923828,478800
2020-09-16,12.350000381469728,12.739999771118164,12.324999809265137,12.609999656677246,11.141263961791992,1029600
2020-09-17,12.3125,12.567500114440918,12.297499656677246,12.4975004196167,11.04186725616455,1336800
2020-09-18,12.512499809265137,12.667499542236328,12.470000267028809,12.630000114440918,11.158933639526367,590800
2020-09-21,12.322500228881836,12.487500190734863,12.197500228881836,12.43000030517578,10.982230186462402,948400
2020-09-22,12.414999961853027,12.542499542236328,12.322500228881836,12.460000038146973,11.00873565673828,718400
2020-09-23,12.447500228881836,12.635000228881836,12.399999618530272,12.404999732971191,10.960143089294434,430400
2020-09-24,12.302499771118164,12.369999885559082,12.267499923706056,12.272500038146973,10.843073844909668,516400
2020-09-25,12.270000457763672,12.350000381469728,12.197500228881836,12.274999618530272,10.845282554626465,262000
2020-09-28,12.31999969482422,12.425000190734863,12.31999969482422,12.364999771118164,10.924799919128418,474800
2020-09-29,12.327500343322754,12.385000228881836,12.24250030517578,12.337499618530272,10.90050220489502,591200
2020-09-30,12.515000343322754,12.84000015258789,12.515000343322754,12.664999961853027,11.189859390258787,658000
2020-10-01,12.807499885559082,12.90999984741211,12.520000457763672,12.520000457763672,11.061748504638672,520000
2020-10-02,12.539999961853027,12.88249969482422,12.537500381469728,12.755000114440918,11.269375801086426,1202800
2020-10-05,13.175000190734863,13.524999618530272,13.175000190734863,13.524999618530272,11.94969081878662,624800
2020-10-06,13.577500343322754,13.72249984741211,13.045000076293944,13.274999618530272,11.728809356689451,1795200
2020-10-07,13.4975004196167,13.667499542236328,13.300000190734863,13.577500343322754,11.996075630187988,357600
2020-10-08,13.399999618530272,13.47249984741211,13.324999809265137,13.345000267028809,11.790657997131348,547200
2020-10-09,13.512499809265137,13.68000030517578,13.329999923706056,13.364999771118164,11.808326721191406,666400
2020-10-12,13.282500267028809,13.357500076293944,13.212499618530272,13.22249984741211,11.682425498962402,349600
2020-10-13,13.077500343322754,13.085000038146973,12.917499542236328,12.9375,11.430620193481444,387200
2020-10-14,12.787500381469728,12.887499809265137,12.712499618530272,12.857500076293944,11.35993766784668,449600
2020-10-15,12.662500381469728,12.97249984741211,12.609999656677246,12.90999984741211,11.406322479248049,557200
2020-10-16,12.975000381469728,13.095000267028809,12.81999969482422,13.022500038146973,11.505718231201172,330400
2020-10-19,13.239999771118164,13.34749984741211,13.137499809265137,13.1875,11.651501655578612,498800
2020-10-20,13.397500038146973,13.6225004196167,13.3725004196167,13.552499771118164,11.973986625671388,602800
2020-10-21,13.675000190734863,13.767499923706056,13.524999618530272,13.6850004196167,12.091054916381836,894800
2020-10-22,13.797499656677246,14.202500343322754,13.71500015258789,14.202500343322754,12.548280715942385,646800
2020-10-23,14.170000076293944,14.172499656677246,13.8149995803833,13.869999885559082,12.254507064819336,297600
2020-10-26,13.545000076293944,13.59000015258789,13.332500457763672,13.46500015258789,11.896677017211914,593200
2020-10-27,13.270000457763672,13.354999542236328,13.162500381469728,13.202500343322754,11.664754867553713,428000
2020-10-28,12.994999885559082,13.279999732971191,12.984999656677246,13.15250015258789,11.620576858520508,1238800
2020-10-29,13.154999732971191,13.702500343322754,13.135000228881836,13.532500267028809,11.956316947937012,1300800
2020-10-30,13.567500114440918,13.9375,13.494999885559082,13.9350004196167,12.311938285827637,1685600
2020-11-02,13.602499961853027,13.69499969482422,13.467499732971191,13.635000228881836,12.046876907348633,1193600
2020-11-03,13.837499618530272,14.012499809265137,13.789999961853027,13.857500076293944,12.243465423583984,1092800
2020-11-04,12.8100004196167,13.092499732971191,12.670000076293944,12.977499961853027,11.465961456298828,3007600
2020-11-05,12.8125,13.085000038146973,12.800000190734863,12.914999961853027,11.41073989868164,2058800
2020-11-06,13.30500030517578,13.462499618530272,13.24250030517578,13.342499732971191,11.788446426391602,672800
2020-11-09,14.212499618530272,14.5625,14.182499885559082,14.197500228881836,12.543861389160156,2301600
2020-11-10,14.487500190734863,14.545000076293944,14.270000457763672,14.422499656677246,12.742655754089355,1016400
2020-11-11,14.460000038146973,14.50749969482422,14.229999542236328,14.279999732971191,12.616753578186035,522000
2020-11-12,13.947500228881836,14.0024995803833,13.537500381469728,13.537500381469728,11.960736274719238,493600
2020-11-13,13.539999961853027,13.657500267028809,13.515000343322754,13.595000267028809,12.0115385055542,318800
2020-11-16,13.699999809265137,13.74250030517578,13.5600004196167,13.69499969482422,12.09989070892334,449200
2020-11-17,13.452500343322754,13.475000381469728,13.337499618530272,13.422499656677246,11.859129905700684,340400
2020-11-18,13.262499809265137,13.550000190734863,13.2475004196167,13.31999969482422,11.768567085266112,678000
2020-11-19,13.137499809265137,13.162500381469728,12.949999809265137,13.104999542236328,11.578607559204102,528400
2020-11-20,13.0,13.029999732971191,12.744999885559082,12.767499923706056,11.28041934967041,478000
2020-11-23,12.93000030517578,13.047499656677246,12.88249969482422,12.925000190734863,11.419574737548828,847200
2020-11-24,13.18000030517578,13.352499961853027,13.125,13.3100004196167,11.759733200073242,929200
2020-11-25,13.289999961853027,13.447500228881836,13.1274995803833,13.4399995803833,11.874591827392578,382000
2020-11-27,13.182499885559082,13.199999809265137,13.039999961853027,13.050000190734863,11.530017852783203,431200
2020-11-30,13.104999542236328,13.154999732971191,12.979999542236328,13.052499771118164,11.532224655151367,653200
2020-12-01,13.397500038146973,13.875,13.380000114440918,13.670000076293944,12.077801704406738,665600
2020-12-02,13.822500228881836,14.172499656677246,13.81999969482422,14.024999618530272,12.391453742980955,370000
2020-12-03,13.817500114440918,13.907500267028809,13.577500343322754,13.664999961853027,12.07338523864746,752000
2020-12-04,14.1225004196167,14.3725004196167,14.109999656677246,14.27750015258789,12.614543914794922,867200
2020-12-07,13.949999809265137,13.982500076293944,13.795000076293944,13.890000343322754,12.272177696228027,924400
2020-12-08,13.614999771118164,13.707500457763672,13.477499961853027,13.675000190734863,12.082221031188965,797200
2020-12-09,13.885000228881836,14.015000343322754,13.6850004196167,13.739999771118164,12.1396484375,749200
2020-12-10,13.697500228881836,13.807499885559082,13.422499656677246,13.477499961853027,11.907723426818848,670000
2020-12-11,13.260000228881836,13.407500267028809,13.145000457763672,13.292499542236328,11.744272232055664,400400
2020-12-14,13.619999885559082,13.712499618530272,13.31999969482422,13.404999732971191,11.843666076660156,1042000
2020-12-15,13.55500030517578,13.664999961853027,13.399999618530272,13.545000076293944,11.967361450195312,564000
2020-12-16,13.852499961853027,13.907500267028809,13.517499923706056,13.649999618530272,12.060131072998049,1551200
2020-12-17,13.40999984741211,13.854999542236328,13.327500343322754,13.760000228881836,12.157320022583008,1242000
2020-12-18,13.675000190734863,13.914999961853027,13.607500076293944,13.869999885559082,12.254507064819336,667600
2020-12-21,13.65250015258789,13.852499961853027,13.609999656677246,13.707500457763672,12.110934257507324,1415600
2020-12-22,13.55500030517578,13.670000076293944,13.487500190734863,13.5024995803833,11.929810523986816,657200
2020-12-23,13.800000190734863,14.074999809265137,13.779999732971191,13.779999732971191,12.1749906539917,790000
2020-12-24,13.72249984741211,13.729999542236328,13.587499618530272,13.625,12.038043022155762,188400
2020-12-28,13.857500076293944,13.927499771118164,13.574999809265137,13.600000381469728,12.015955924987791,666800
2020-12-29,13.859999656677246,13.859999656677246,13.619999885559082,13.645000457763672,12.055713653564451,926400
2020-12-30,13.727499961853027,13.772500038146973,13.55500030517578,13.567500114440918,11.987238883972168,987200
2020-12-31,13.574999809265137,13.574999809265137,13.412500381469728,13.5024995803833,11.929810523986816,1063600
2021-01-04,13.765000343322754,13.80500030517578,13.390000343322754,13.542499542236328,11.9651517868042,1188000
2021-01-05,13.710000038146973,14.022500038146973,13.707500457763672,13.837499618530272,12.225791931152344,1121200
2021-01-06,14.520000457763672,14.93000030517578,14.520000457763672,14.692500114440918,12.981207847595217,3635200
2021-01-07,15.095000267028809,15.244999885559082,14.99250030517578,15.087499618530272,13.330202102661133,1077200
2021-01-08,15.1850004196167,15.432499885559082,15.045000076293944,15.21500015258789,13.442851066589355,2421600
2021-01-11,15.324999809265137,15.487500190734863,15.262499809265137,15.31999969482422,13.535619735717772,2068400
2021-01-12,15.392499923706056,15.657500267028809,15.282500267028809,15.342499732971191,13.555499076843262,1999200
2021-01-13,15.13249969482422,15.154999732971191,14.699999809265137,14.827500343322754,13.10048484802246,1796800
2021-01-14,14.84000015258789,15.369999885559082,14.835000038146973,15.229999542236328,13.45610237121582,3131200
2021-01-15,14.954999923706056,15.164999961853027,14.90250015258789,15.045000076293944,13.292651176452637,1625600
2021-01-19,15.1274995803833,15.157500267028809,14.899999618530272,14.899999618530272,13.16453742980957,1339600
2021-01-20,15.015000343322754,15.072500228881836,14.869999885559082,14.8774995803833,13.144657135009766,1334000
2021-01-21,15.1850004196167,15.270000457763672,15.087499618530272,15.18000030517578,13.411925315856934,988800
2021-01-22,15.045000076293944,15.172499656677246,15.010000228881836,15.045000076293944,13.292651176452637,777600
2021-01-25,14.772500038146973,14.8149995803833,14.5,14.515000343322754,12.824382781982422,1966000
2021-01-26,14.670000076293944,14.71500015258789,14.52750015258789,14.579999923706056,12.88181209564209,1030800
2021-01-27,14.404999732971191,14.545000076293944,14.265000343322754,14.470000267028809,12.784623146057127,2009600
2021-01-28,14.574999809265137,14.927499771118164,14.5649995803833,14.702500343322754,12.990042686462402,1465600
2021-01-29,15.142499923706056,15.182499885559082,14.837499618530272,14.96500015258789,13.221968650817873,3515200
2021-02-01,15.020000457763672,15.06999969482422,14.822500228881836,14.914999961853027,13.177791595458984,1416000
2021-02-02,15.292499542236328,15.357500076293944,15.1875,15.202500343322754,13.431806564331056,1033200
2021-02-03,15.385000228881836,15.647500038146973,15.34749984741211,15.6225004196167,13.802886009216309,1209200
2021-02-04,15.765000343322754,15.890000343322754,15.682499885559082,15.75,13.915535926818848,795200
2021-02-05,15.802499771118164,16.13249969482422,15.65999984741211,16.125,14.24685764312744,1686800
2021-02-08,16.045000076293945,16.13249969482422,15.732500076293944,15.932499885559082,14.076780319213867,1294000
2021-02-09,15.779999732971191,15.93000030517578,15.609999656677246,15.895000457763672,14.043649673461914,658400
2021-02-10,15.744999885559082,15.772500038146973,15.577500343322754,15.587499618530272,13.771963119506836,1191600
2021-02-11,15.607500076293944,15.880000114440918,15.56999969482422,15.822500228881836,13.979594230651855,777200
2021-02-12,16.227500915527344,16.434999465942383,16.110000610351562,16.392499923706055,14.483202934265137,1476400
2021-02-16,17.047500610351562,17.232500076293945,16.920000076293945,17.137500762939453,15.141430854797363,1743200
2021-02-17,16.77750015258789,17.1200008392334,16.625,16.84000015258789,14.878579139709473,1848800
2021-02-18,17.239999771118164,17.342500686645508,16.907499313354492,17.047500610351562,15.06191349029541,2108400
2021-02-19,17.447500228881836,17.860000610351562,17.352500915527344,17.704999923706055,15.642831802368164,2525200
2021-02-22,17.837499618530273,18.290000915527344,17.545000076293945,18.11750030517578,16.007282257080078,3157600
2021-02-23,18.3799991607666,18.520000457763672,18.0,18.287500381469727,16.15748405456543,2564000
2021-02-24,19.20499992370605,19.292499542236328,18.51499938964844,18.6200008392334,16.451257705688477,3318400
2021-02-25,19.19499969482422,20.295000076293945,19.0,19.50749969482422,17.235383987426758,11497200
2021-02-26,18.61000061035156,19.0575008392334,17.537500381469727,17.540000915527344,15.497045516967772,4699600
2021-03-01,18.43000030517578,18.655000686645508,18.17250061035156,18.26749992370605,16.139812469482422,2708400
2021-03-02,18.55500030517578,18.59499931335449,18.27499961853028,18.27750015258789,16.148649215698242,1443200
2021-03-03,18.97249984741211,19.190000534057617,18.655000686645508,18.89249992370605,16.6920166015625,3515200
2021-03-04,18.862499237060547,19.52750015258789,18.729999542236328,19.252500534057617,17.010089874267578,3891200
2021-03-05,19.450000762939453,19.51499938964844,18.96249961853028,19.145000457763672,16.915109634399414,2954400
2021-03-08,19.174999237060547,19.58749961853028,19.15250015258789,19.58749961853028,17.306068420410156,2222800
2021-03-09,18.97249984741211,19.09749984741211,18.747499465942383,18.78249931335449,16.594829559326172,2781600
2021-03-10,18.7549991607666,18.957500457763672,18.627500534057617,18.670000076293945,16.495433807373047,1756400
2021-03-11,18.9950008392334,19.262500762939453,18.912500381469727,19.04750061035156,16.828964233398438,1520800
2021-03-12,20.125,20.4424991607666,20.11750030517578,20.270000457763672,17.909072875976562,2005200
2021-03-15,20.07999992370605,20.11000061035156,19.8174991607666,19.9325008392334,17.610883712768555,1771200
2021-03-16,19.854999542236328,20.38999938964844,19.799999237060547,20.147499084472656,17.80084228515625,1790000
2021-03-17,20.68000030517578,21.104999542236328,20.5,20.604999542236328,18.205059051513672,2748800
2021-03-18,21.50749969482422,21.5575008392334,20.979999542236328,21.20499992370605,18.735170364379883,4590000
2021-03-19,21.15999984741211,21.27499961853028,20.79750061035156,20.825000762939453,18.399433135986328,2376400
2021-03-22,20.397499084472656,20.540000915527344,20.0625,20.15250015258789,17.805261611938477,3024000
2021-03-23,19.98500061035156,20.167499542236328,19.5625,19.59749984741211,17.314903259277344,1523600
2021-03-24,19.76749992370605,19.809999465942383,19.239999771118164,19.28499984741211,17.038803100585938,1500800
2021-03-25,19.1875,19.732500076293945,19.09499931335449,19.71500015258789,17.418720245361328,2965200
2021-03-26,20.03249931335449,20.11750030517578,19.6825008392334,19.920000076293945,17.599834442138672,1286000
2021-03-29,19.834999084472656,20.65999984741211,19.834999084472656,20.43000030517578,18.050437927246094,1296400
2021-03-30,20.512500762939453,20.647499084472656,19.975000381469727,20.102500915527344,17.761085510253906,1505600
2021-03-31,20.059999465942383,20.655000686645508,19.94499969482422,20.36750030517578,17.995220184326172,1501600
2021-04-01,19.875,19.975000381469727,19.38999938964844,19.4375,17.173540115356445,1300000
2021-04-05,19.842500686645508,20.09000015258789,19.65999984741211,19.684999465942383,17.392213821411133,1302000
2021-04-06,19.5575008392334,19.625,19.22249984741211,19.272499084472656,17.02775764465332,1812000
2021-04-07,19.4424991607666,19.68000030517578,19.177499771118164,19.662500381469727,17.372333526611328,1323200
2021-04-08,19.46249961853028,19.467500686645508,19.17250061035156,19.1924991607666,16.957077026367188,1562400
2021-04-09,19.395000457763672,19.559999465942383,19.1200008392334,19.397499084472656,17.13819694519043,1056400
2021-04-12,19.420000076293945,19.5674991607666,19.387500762939453,19.42250061035156,17.160287857055664,925600
2021-04-13,19.479999542236328,19.5,18.975000381469727,18.997499465942383,16.784786224365234,1107600
2021-04-14,19.15749931335449,19.357500076293945,19.08749961853028,19.174999237060547,16.941612243652344,762400
2021-04-15,18.559999465942383,18.575000762939453,17.940000534057617,18.225000381469727,16.102262496948242,2964400
2021-04-16,18.69750022888184,18.75,18.44499969482422,18.627500534057617,16.457883834838867,1432000
2021-04-19,18.832500457763672,18.90749931335449,18.61000061035156,18.76749992370605,16.581579208374023,1452400
2021-04-20,18.940000534057617,18.959999084472656,18.417499542236328,18.52750015258789,16.369529724121094,1052400
2021-04-21,18.522499084472656,18.684999465942383,18.364999771118164,18.417499542236328,16.2723445892334,585600
2021-04-22,18.315000534057617,18.627500534057617,18.17250061035156,18.1924991607666,16.07354736328125,950800
2021-04-23,18.174999237060547,18.51000022888184,18.147499084472656,18.292499542236328,16.161903381347656,788000
2021-04-26,18.26749992370605,18.364999771118164,18.11750030517578,18.36000061035156,16.22153663635254,612000
2021-04-27,18.487499237060547,18.897499084472656,18.397499084472656,18.852500915527344,16.65667724609375,1076000
2021-04-28,18.86000061035156,19.11000061035156,18.7549991607666,18.8174991607666,16.62575340270996,936400
2021-04-29,19.33749961853028,19.457500457763672,18.967500686645508,19.0,16.7869930267334,1220400
2021-04-30,18.912500381469727,19.114999771118164,18.8174991607666,18.82999992370605,16.636798858642578,1133200
2021-05-03,18.747499465942383,18.89249992370605,18.357500076293945,18.8075008392334,16.616914749145508,1602000
2021-05-04,18.420000076293945,18.552499771118164,18.14999961853028,18.457500457763672,16.30768585205078,2003200
2021-05-05,18.612499237060547,18.690000534057617,18.280000686645508,18.342500686645508,16.20607566833496,1670800
2021-05-06,18.51499938964844,18.522499084472656,18.147499084472656,18.26749992370605,16.139812469482422,1625600
2021-05-07,18.170000076293945,18.637500762939453,17.982500076293945,18.51499938964844,16.35848045349121,1475600
2021-05-10,18.61750030517578,19.114999771118164,18.512500762939453,19.07999992370605,16.85767936706543,1648800
2021-05-11,19.34000015258789,19.5049991607666,19.22249984741211,19.38999938964844,17.13157081604004,1260400
2021-05-12,19.559999465942383,20.107500076293945,19.5,19.98500061035156,17.657268524169922,2473600
2021-05-13,19.8700008392334,19.99250030517578,19.684999465942383,19.90250015258789,17.584379196166992,1317200
2021-05-14,19.61750030517578,19.71500015258789,19.3700008392334,19.3700008392334,17.11389923095703,1064800
2021-05-17,19.459999084472656,19.56999969482422,19.32999992370605,19.47249984741211,17.20446014404297,868800
2021-05-18,19.64249992370605,19.77750015258789,19.56999969482422,19.622499465942383,17.33698844909668,1060400
2021-05-19,19.582500457763672,19.977500915527344,19.2549991607666,19.770000457763672,17.467309951782227,2081200
2021-05-20,19.475000381469727,19.51000022888184,19.174999237060547,19.26499938964844,17.021129608154297,1192800
2021-05-21,19.107500076293945,19.342500686645508,19.075000762939453,19.107500076293945,16.88197898864746,1309600
2021-05-24,18.967500686645508,18.99250030517578,18.71249961853028,18.88249969482422,16.68317985534668,2442400
2021-05-25,18.70499992370605,18.70499992370605,18.33749961853028,18.34749984741211,16.210493087768555,1482800
2021-05-26,18.295000076293945,18.5674991607666,18.17250061035156,18.45249938964844,16.303266525268555,1592800
2021-05-27,18.71249961853028,18.927499771118164,18.65749931335449,18.674999237060547,16.499849319458008,1829600
2021-05-28,18.69750022888184,18.76749992370605,18.40999984741211,18.737499237060547,16.555068969726562,863200
2021-06-01,18.9375,19.13500022888184,18.732500076293945,18.75,16.566112518310547,1280800
2021-06-02,18.602500915527344,18.70249938964844,18.512500762939453,18.607500076293945,16.44021224975586,903200
2021-06-03,18.63999938964844,18.895000457763672,18.637500762939453,18.84000015258789,16.645631790161133,1117600
2021-06-04,18.61750030517578,18.61750030517578,18.06999969482422,18.06999969482422,15.965317726135254,1809600
2021-06-07,18.170000076293945,18.290000915527344,18.1299991607666,18.207500457763672,16.086801528930664,803600
2021-06-08,17.75749969482422,17.912500381469727,17.75,17.854999542236328,15.775361061096191,1705600
2021-06-09,17.344999313354492,17.52750015258789,17.184999465942383,17.357500076293945,15.335803031921388,2208400
2021-06-10,17.672500610351562,17.729999542236328,17.045000076293945,17.059999465942383,15.072955131530762,3009600
2021-06-11,17.127500534057617,17.302499771118164,17.094999313354492,17.127500534057617,15.132593154907228,1143200
2021-06-14,17.200000762939453,17.592500686645508,17.200000762939453,17.5049991607666,15.466121673583984,1210400
2021-06-15,17.674999237060547,17.787500381469727,17.575000762939453,17.59000015258789,15.54122257232666,834400
2021-06-16,17.452499389648438,17.892499923706055,17.357500076293945,17.65250015258789,15.596444129943848,2218800
2021-06-17,17.28499984741211,17.352500915527344,16.125,16.815000534057617,14.85649299621582,4734800
2021-06-18,16.392499923706055,16.440000534057617,15.772500038146973,15.869999885559082,14.021561622619627,3949600
2021-06-21,16.30500030517578,16.7549991607666,16.272499084472656,16.645000457763672,14.706293106079102,1586400
2021-06-22,17.0674991607666,17.0674991607666,16.53499984741211,16.565000534057617,14.635611534118652,1060000
2021-06-23,16.729999542236328,16.862499237060547,16.592500686645508,16.68000030517578,14.737215042114258,1438800
2021-06-24,16.614999771118164,16.639999389648438,16.454999923706055,16.600000381469727,14.666534423828123,574000
2021-06-25,16.672500610351562,17.31999969482422,16.625,17.102500915527344,15.11050796508789,802400
2021-06-28,16.850000381469727,16.86750030517578,16.46500015258789,16.577499389648438,14.64665412902832,1482000
2021-06-29,16.704999923706055,16.709999084472656,16.4950008392334,16.502500534057617,14.580389022827148,473600
2021-06-30,16.309999465942383,16.360000610351562,16.075000762939453,16.290000915527344,14.3926420211792,1540000
2021-07-01,16.334999084472656,16.479999542236328,16.225000381469727,16.274999618530273,14.379387855529783,1152800
2021-07-02,16.235000610351562,16.280000686645508,15.975000381469728,15.982500076293944,14.120956420898438,985600
2021-07-06,15.7475004196167,15.7475004196167,15.317500114440918,15.40250015258789,13.608510971069336,2164400
2021-07-07,15.147500038146973,15.24250030517578,14.829999923706056,15.0,13.25289249420166,3197600
2021-07-08,14.732500076293944,14.949999809265137,14.5649995803833,14.822500228881836,13.09606647491455,3814800
2021-07-09,15.345000267028809,15.447500228881836,15.302499771118164,15.427499771118164,13.63059902191162,2024400
2021-07-12,15.267499923706056,15.547499656677246,15.217499732971191,15.494999885559082,13.690237045288086,1552800
2021-07-13,15.354999542236328,16.030000686645508,15.140000343322754,15.86750030517578,14.019351959228516,2445200
2021-07-14,15.602499961853027,15.657500267028809,15.295000076293944,15.31999969482422,13.535619735717772,1740800
2021-07-15,14.970000267028809,15.255000114440918,14.772500038146973,14.807499885559082,13.08281421661377,1906000
2021-07-16,15.154999732971191,15.154999732971191,14.842499732971191,14.869999885559082,13.138031959533691,1273600
2021-07-19,14.072500228881836,14.15250015258789,13.760000228881836,13.904999732971191,12.285430908203123,5242400
2021-07-20,13.619999885559082,14.369999885559082,13.5600004196167,14.30500030517578,12.63884449005127,4116800
2021-07-21,14.824999809265137,15.085000038146973,14.739999771118164,14.852499961853027,13.122572898864746,2071600
2021-07-22,14.862500190734863,14.862500190734863,14.332500457763672,14.427499771118164,12.747074127197266,2503200
2021-07-23,14.875,14.885000228881836,14.664999961853027,14.704999923706056,12.992252349853516,1161200
2021-07-26,14.567500114440918,14.890000343322754,14.557499885559082,14.827500343322754,13.10048484802246,632000
2021-07-27,14.460000038146973,14.547499656677246,14.34749984741211,14.364999771118164,12.691851615905762,936400
2021-07-28,14.635000228881836,14.744999885559082,14.359999656677246,14.362500190734863,12.68964385986328,996000
2021-07-29,14.61750030517578,14.682499885559082,14.489999771118164,14.607500076293944,12.906107902526855,661200
2021-07-30,14.512499809265137,14.52750015258789,14.335000038146973,14.380000114440918,12.70510482788086,849600
2021-08-02,14.359999656677246,14.427499771118164,13.859999656677246,14.012499809265137,12.380411148071287,1624000
2021-08-03,13.979999542236328,14.079999923706056,13.845000267028809,13.982500076293944,12.353904724121094,924800
2021-08-04,13.774999618530272,14.262499809265137,13.6875,13.897500038146973,12.278803825378418,2200400
2021-08-05,13.984999656677246,14.1850004196167,13.942500114440918,14.119999885559082,12.475388526916504,1174400
2021-08-06,14.65250015258789,14.837499618530272,14.542499542236328,14.807499885559082,13.08281421661377,2276000
2021-08-09,14.704999923706056,14.979999542236328,14.577500343322754,14.962499618530272,13.219758987426758,1791600
2021-08-10,14.904999732971191,15.182499885559082,14.875,15.172499656677246,13.40530014038086,1890400
2021-08-11,15.229999542236328,15.46500015258789,14.977499961853027,15.210000038146973,13.438430786132812,2634400
2021-08-12,15.327500343322754,15.52750015258789,15.220000267028809,15.274999618530272,13.49586009979248,2075600
2021-08-13,15.09749984741211,15.09749984741211,14.557499885559082,14.5649995803833,12.868557929992676,2664800
2021-08-16,14.362500190734863,14.477499961853027,14.125,14.460000038146973,12.77578830718994,1352800
2021-08-17,14.460000038146973,14.515000343322754,14.287500381469728,14.452500343322754,12.76916217803955,1281600
2021-08-18,14.512499809265137,14.579999923706056,14.287500381469728,14.3100004196167,12.64326000213623,1196800
2021-08-19,14.052499771118164,14.182499885559082,14.0024995803833,14.00749969482422,12.375990867614746,2581200
2021-08-20,13.954999923706056,14.087499618530272,13.90250015258789,13.982500076293944,12.353904724121094,842800
2021-08-23,14.072500228881836,14.145000457763672,13.987500190734863,14.0024995803833,12.371574401855469,972400
2021-08-24,14.1850004196167,14.322500228881836,14.107500076293944,14.322500228881836,12.654301643371582,1336400
2021-08-25,14.34749984741211,14.8125,14.30500030517578,14.675000190734863,12.965744972229004,1261200
2021-08-26,14.702500343322754,14.837499618530272,14.524999618530272,14.539999961853027,12.84646987915039,1430400
2021-08-27,14.517499923706056,14.587499618530272,14.255000114440918,14.272500038146973,12.610127449035645,2235200
2021-08-30,14.390000343322754,14.404999732971191,14.13249969482422,14.147500038146973,12.49968433380127,1154800
2021-08-31,14.192500114440918,14.515000343322754,14.087499618530272,14.399999618530272,12.72277545928955,1051200
2021-09-01,14.25749969482422,14.475000381469728,14.225000381469728,14.362500190734863,12.68964385986328,853600
2021-09-02,14.260000228881836,14.395000457763672,14.170000076293944,14.172499656677246,12.521774291992188,802400
2021-09-03,14.529999732971191,14.619999885559082,14.467499732971191,14.5600004196167,12.864141464233398,925200
2021-09-07,14.829999923706056,15.0024995803833,14.755000114440918,14.917499542236328,13.179998397827148,1680000
2021-09-08,14.697500228881836,14.77750015258789,14.542499542236328,14.614999771118164,12.912734031677246,1133200
2021-09-09,14.55500030517578,14.63249969482422,14.032500267028809,14.092499732971191,12.451089859008787,1729200
2021-09-10,14.317500114440918,14.52750015258789,14.237500190734863,14.4375,12.75590991973877,1204000
2021-09-13,14.272500038146973,14.27750015258789,14.135000228881836,14.162500381469728,12.512937545776367,1291200
2021-09-14,14.072500228881836,14.102499961853027,13.550000190734863,13.682499885559082,12.088847160339355,2606800
2021-09-15,13.654999732971191,13.9975004196167,13.65250015258789,13.829999923706056,12.21916675567627,1117600
2021-09-16,14.082500457763672,14.114999771118164,13.8725004196167,14.0024995803833,12.371574401855469,707200
2021-09-17,14.207500457763672,14.337499618530272,14.157500267028809,14.210000038146973,12.554906845092772,704000
2021-09-20,13.8100004196167,13.90250015258789,13.582500457763672,13.667499542236328,12.075593948364258,1348800
2021-09-21,13.762499809265137,13.8774995803833,13.692500114440918,13.72249984741211,12.124186515808104,925200
2021-09-22,13.744999885559082,13.827500343322754,13.47249984741211,13.494999885559082,11.92318344116211,1797200
2021-09-23,13.842499732971191,14.375,13.824999809265137,14.375,12.700689315795898,1373600
2021-09-24,14.53499984741211,14.852499961853027,14.524999618530272,14.779999732971191,13.058516502380373,1409200
2021-09-27,15.057499885559082,15.109999656677246,14.8125,14.96500015258789,13.221968650817873,2095200
2021-09-28,15.59000015258789,15.797499656677246,15.364999771118164,15.670000076293944,13.844854354858398,2780000
2021-09-29,15.427499771118164,15.779999732971191,15.225000381469728,15.567500114440918,13.754294395446776,2482800
2021-09-30,15.645000457763672,15.787500381469728,15.52750015258789,15.574999809265137,13.760918617248535,1284800
2021-10-01,15.36750030517578,15.55500030517578,15.177499771118164,15.204999923706056,13.43401336669922,2048400
2021-10-04,15.404999732971191,15.582500457763672,15.15250015258789,15.30500030517578,13.522369384765623,1906000
2021-10-05,15.420000076293944,15.782500267028809,15.397500038146973,15.727499961853027,13.89565658569336,1544800
2021-10-06,15.532500267028809,15.592499732971191,15.3725004196167,15.487500190734863,13.683611869812012,2338400
2021-10-07,15.859999656677246,16.045000076293945,15.817500114440918,15.954999923706056,14.096657752990724,905600
2021-10-08,16.162500381469727,16.417499542236328,16.149999618530273,16.297500610351562,14.39926815032959,1835200
2021-10-11,16.40250015258789,16.4375,16.297500610351562,16.417499542236328,14.505289077758787,1046000
2021-10-12,16.040000915527344,16.084999084472656,15.5625,15.602499961853027,13.785216331481934,3181200
2021-10-13,15.3725004196167,15.375,15.06999969482422,15.1274995803833,13.36553955078125,3152000
2021-10-14,15.112500190734863,15.239999771118164,14.9399995803833,14.96500015258789,13.221968650817873,1559600
2021-10-15,15.229999542236328,15.385000228881836,15.1850004196167,15.220000267028809,13.44726848602295,1036000
2021-10-18,15.232500076293944,15.3774995803833,14.922499656677246,15.022500038146973,13.272771835327148,1333600
2021-10-19,15.327500343322754,15.635000228881836,15.307499885559082,15.625,13.805096626281738,1181200
2021-10-20,15.770000457763672,16.012500762939453,15.640000343322754,15.94499969482422,14.087824821472168,1120000
2021-10-21,15.850000381469728,16.104999542236328,15.807499885559082,15.982500076293944,14.120956420898438,1185600
2021-10-22,15.697500228881836,15.772500038146973,15.3725004196167,15.46500015258789,13.663731575012209,1725200
2021-10-25,15.61750030517578,15.61750030517578,15.407500267028809,15.532500267028809,13.723368644714355,616800
2021-10-26,15.30500030517578,15.582500457763672,15.154999732971191,15.15999984741211,13.39425563812256,876400
2021-10-27,14.732500076293944,14.875,14.1875,14.332500457763672,12.66313934326172,2928800
2021-10-28,14.300000190734863,14.582500457763672,14.15250015258789,14.482500076293944,12.795665740966797,2840800
2021-10-29,14.697500228881836,14.737500190734863,14.244999885559082,14.324999809265137,12.656513214111328,1608800
2021-11-01,14.822500228881836,14.850000381469728,14.550000190734863,14.6274995803833,12.923779487609863,828400
2021-11-02,14.61750030517578,14.6225004196167,14.297499656677246,14.460000038146973,12.77578830718994,775200
2021-11-03,14.234999656677246,14.899999618530272,14.192500114440918,14.880000114440918,13.146867752075195,1910000
2021-11-04,14.802499771118164,14.80500030517578,14.342499732971191,14.422499656677246,12.742655754089355,1296800
2021-11-05,14.0,14.11750030517578,13.69499969482422,13.792499542236328,12.186036109924316,2588000
2021-11-08,13.86750030517578,13.987500190734863,13.779999732971191,13.842499732971191,12.230210304260254,1378000
2021-11-09,13.364999771118164,13.395000457763672,13.09000015258789,13.322500228881836,11.77077579498291,3998000
2021-11-10,13.332500457763672,14.342499732971191,13.3149995803833,14.03499984741211,12.400288581848145,5408800
2021-11-11,13.954999923706056,14.114999771118164,13.899999618530272,14.100000381469728,12.457719802856444,746800
2021-11-12,14.085000038146973,14.4375,13.952500343322754,14.267499923706056,12.60571002960205,1452400
2021-11-15,14.40999984741211,14.890000343322754,14.392499923706056,14.822500228881836,13.09606647491455,2342400
2021-11-16,14.787500381469728,15.0,14.547499656677246,14.920000076293944,13.182209014892578,1376000
2021-11-17,15.095000267028809,15.125,14.572500228881836,14.572500228881836,12.875184059143066,1495600
2021-11-18,14.657500267028809,14.657500267028809,14.38249969482422,14.417499542236328,12.738236427307127,1252800
2021-11-19,14.164999961853027,14.170000076293944,13.88249969482422,13.954999923706056,12.329607009887695,1470000
2021-11-22,14.227499961853027,14.577500343322754,14.15250015258789,14.449999809265137,12.766952514648438,1539600
2021-11-23,14.654999732971191,15.0649995803833,14.607500076293944,15.0649995803833,13.310321807861328,1860000
2021-11-24,14.96500015258789,14.96500015258789,14.34749984741211,14.34749984741211,12.676390647888184,1502400
2021-11-26,13.75,13.800000190734863,13.25,13.302499771118164,11.753107070922852,3068000
2021-11-29,13.832500457763672,13.875,13.49250030517578,13.56999969482422,11.989449501037598,1445200
2021-11-30,13.162500381469728,13.3149995803833,12.817500114440918,12.942500114440918,11.43503761291504,6117600
2021-12-01,13.1899995803833,13.352499961853027,12.69499969482422,12.725000381469728,11.242870330810549,2797600
2021-12-02,12.567500114440918,12.904999732971191,12.539999961853027,12.65999984741211,11.18544101715088,2773200
2021-12-03,12.864999771118164,12.949999809265137,12.012499809265137,12.212499618530272,10.79006290435791,3861600
2021-12-06,12.287500381469728,12.774999618530272,12.202500343322754,12.702500343322754,11.222991943359377,4999600
2021-12-07,12.832500457763672,13.050000190734863,12.637499809265137,13.010000228881836,11.494673728942873,3206800
2021-12-08,13.154999732971191,13.6875,13.149999618530272,13.682499885559082,12.088847160339355,3897600
2021-12-09,13.427499771118164,13.654999732971191,13.28499984741211,13.452500343322754,11.885634422302246,2942000
2021-12-10,13.265000343322754,13.5649995803833,13.177499771118164,13.539999961853027,11.962944984436035,1946400
2021-12-13,13.135000228881836,13.149999618530272,12.885000228881836,12.970000267028809,11.459335327148438,2114800
2021-12-14,13.1274995803833,13.397500038146973,12.979999542236328,13.042499542236328,11.52338981628418,2762400
2021-12-15,13.31999969482422,13.447500228881836,13.020000457763672,13.420000076293944,11.85692024230957,2774000
2021-12-16,13.494999885559082,13.5024995803833,13.212499618530272,13.395000457763672,11.834833145141602,2386400
2021-12-17,13.0625,13.1225004196167,12.904999732971191,12.954999923706056,11.44608211517334,3221200
2021-12-20,12.957500457763672,13.25749969482422,12.899999618530272,13.21500015258789,11.675798416137695,2475200
2021-12-21,13.642499923706056,13.779999732971191,13.362500190734863,13.390000343322754,11.830415725708008,2031600
2021-12-22,13.220000267028809,13.399999618530272,13.192500114440918,13.202500343322754,11.664754867553713,1168400
2021-12-23,13.260000228881836,13.670000076293944,13.260000228881836,13.529999732971191,11.954108238220217,1632800
2021-12-27,13.557499885559082,13.587499618530272,13.399999618530272,13.44499969482422,11.879008293151855,1029200
2021-12-28,13.239999771118164,13.675000190734863,13.19499969482422,13.59749984741211,12.01374626159668,815200
2021-12-29,13.962499618530272,14.100000381469728,13.859999656677246,14.037500381469728,12.402498245239258,1504800
2021-12-30,13.8725004196167,14.100000381469728,13.670000076293944,13.68000030517578,12.08663845062256,1175600
2021-12-31,13.707500457763672,13.800000190734863,13.369999885559082,13.614999771118164,12.029208183288574,1284000
2022-01-03,14.087499618530272,14.672499656677246,13.94499969482422,14.672499656677246,12.963537216186523,2539600
2022-01-04,14.880000114440918,15.130000114440918,14.72249984741211,14.84000015258789,13.111527442932127,2272800
2022-01-05,14.72249984741211,15.15250015258789,14.704999923706056,15.082500457763672,13.325782775878906,1616400
2022-01-06,15.19499969482422,15.28499984741211,14.925000190734863,14.970000267028809,13.226386070251465,1938400
2022-01-07,15.020000457763672,15.50749969482422,14.994999885559082,15.287500381469728,13.506906509399414,1479200
2022-01-10,15.489999771118164,15.582500457763672,15.119999885559082,15.170000076293944,13.403091430664062,2788000
2022-01-11,15.100000381469728,15.149999618530272,14.857500076293944,14.8774995803833,13.144657135009766,1379600
2022-01-12,14.762499809265137,15.047499656677246,14.739999771118164,15.029999732971191,13.27939796447754,2578000
2022-01-13,14.9375,15.029999732971191,14.59749984741211,14.637499809265137,12.93261432647705,1786400
2022-01-14,14.912500381469728,15.397500038146973,14.912500381469728,15.307499885559082,13.524576187133787,2086000
2022-01-18,15.664999961853027,15.9975004196167,15.5600004196167,15.970000267028809,14.109911918640137,1785600
2022-01-19,15.802499771118164,15.875,15.412500381469728,15.61750030517578,13.798470497131348,1166400
2022-01-20,15.50749969482422,15.595000267028809,15.3100004196167,15.322500228881836,13.537830352783203,909200
2022-01-21,14.862500190734863,15.087499618530272,14.63249969482422,14.765000343322754,13.045263290405272,3208800
2022-01-24,14.574999809265137,15.147500038146973,14.550000190734863,15.125,13.363332748413086,3135200
2022-01-25,14.94499969482422,15.352499961853027,14.744999885559082,15.237500190734863,13.462729454040527,2241200
2022-01-26,15.217499732971191,15.77750015258789,15.114999771118164,15.77750015258789,13.939833641052246,2381200
2022-01-27,15.140000343322754,15.147500038146973,14.807499885559082,14.914999961853027,13.177791595458984,2292400
2022-01-28,15.202500343322754,15.287500381469728,14.782500267028809,14.897500038146973,13.162331581115724,1554800
2022-01-31,15.192500114440918,15.244999885559082,14.94499969482422,15.09000015258789,13.332409858703612,1351600
2022-02-01,15.087499618530272,15.475000381469728,15.0600004196167,15.27750015258789,13.498068809509276,1640000
2022-02-02,15.18000030517578,15.182499885559082,14.664999961853027,15.104999542236328,13.345662117004396,2853200
2022-02-03,15.647500038146973,15.744999885559082,15.335000038146973,15.43000030517578,13.632807731628418,1798800
2022-02-04,15.850000381469728,16.217500686645508,15.779999732971191,16.112499237060547,14.235816955566406,2108800
2022-02-07,16.162500381469727,16.287500381469727,16.037500381469727,16.077499389648438,14.204891204833984,1413600
2022-02-08,16.392499923706055,16.547500610351562,16.290000915527344,16.4325008392334,14.51854419708252,1626800
2022-02-09,16.235000610351562,16.412500381469727,16.0,16.362499237060547,14.456695556640623,2324400
2022-02-10,16.627500534057617,17.2549991607666,16.552499771118164,17.137500762939453,15.141430854797363,4284800
2022-02-11,16.895000457763672,17.4424991607666,16.260000228881836,16.342500686645508,14.43902587890625,5134400
2022-02-14,16.760000228881836,17.15250015258789,16.537500381469727,16.969999313354492,14.993435859680176,2918400
2022-02-15,17.315000534057617,17.55500030517578,17.22249984741211,17.52750015258789,15.486002922058104,2317600
2022-02-16,17.167499542236328,17.719999313354492,17.114999771118164,17.24250030517578,15.234200477600098,2077600
2022-02-17,16.969999313354492,17.170000076293945,16.549999237060547,16.829999923706055,14.869744300842283,3750800
2022-02-18,16.579999923706055,16.697500228881836,16.267499923706055,16.325000762939453,14.423563957214355,2460400
2022-02-22,16.489999771118164,16.56999969482422,16.157499313354492,16.177499771118164,14.293243408203123,2308800
2022-02-23,16.502500534057617,16.875,16.4424991607666,16.860000610351562,14.896252632141112,2490400
2022-02-24,15.957500457763672,17.0,15.9375,16.799999237060547,14.843235969543455,5901200
2022-02-25,16.864999771118164,17.024999618530273,16.6200008392334,16.774999618530273,14.82115077972412,3282800
2022-02-28,16.21500015258789,16.235000610351562,15.59749984741211,15.65250015258789,13.829392433166504,4464800
2022-03-01,15.432499885559082,15.557499885559082,14.774999618530272,15.095000267028809,13.336828231811523,6000800
2022-03-02,15.604999542236328,16.69499969482422,15.40999984741211,16.665000915527344,14.723963737487791,4445600
2022-03-03,16.309999465942383,16.467500686645508,15.857500076293944,16.1299991607666,14.251276969909668,2149600
2022-03-04,15.287500381469728,15.654999732971191,15.11750030517578,15.317500114440918,13.533411979675291,3662800
2022-03-07,15.6899995803833,15.800000190734863,15.199999809265137,15.647500038146973,13.82497501373291,2828400
2022-03-08,16.217500686645508,16.3174991607666,15.982500076293944,16.112499237060547,14.235816955566406,2805600
2022-03-09,16.397499084472656,16.719999313354492,16.295000076293945,16.657499313354492,14.717333793640137,1800800
2022-03-10,17.202499389648438,17.594999313354492,17.087499618530273,17.34749984741211,15.326970100402832,3223600
2022-03-11,17.385000228881836,17.412500381469727,16.952499389648438,17.145000457763672,15.148056983947754,1048800
2022-03-14,17.987499237060547,18.36750030517578,17.934999465942383,18.354999542236328,16.21712303161621,2058000
2022-03-15,17.90999984741211,18.59000015258789,17.770000457763672,18.43000030517578,16.28338623046875,1970000
2022-03-16,18.32749938964844,18.957500457763672,17.78499984741211,17.897499084472656,15.812907218933104,2804400
2022-03-17,17.875,18.607500076293945,17.6924991607666,18.32749938964844,16.192827224731445,2062000
2022-03-18,17.985000610351562,17.9950008392334,17.607500076293945,17.665000915527344,15.607489585876465,1440800
2022-03-21,18.482500076293945,19.08749961853028,18.342500686645508,18.915000915527344,16.711898803710938,1866400
2022-03-22,19.477500915527344,19.71999931335449,19.302499771118164,19.5575008392334,17.279563903808594,2055600
2022-03-23,19.290000915527344,19.487499237060547,18.25,18.272499084472656,16.144229888916016,2022000
2022-03-24,19.075000762939453,19.07999992370605,18.424999237060547,18.75,16.566112518310547,1073200
2022-03-25,19.14999961853028,19.897499084472656,19.13500022888184,19.51000022888184,17.237594604492188,1830000
2022-03-28,19.177499771118164,19.3174991607666,18.63999938964844,18.989999771118164,16.778160095214844,1637200
2022-03-29,18.655000686645508,18.987499237060547,18.22249984741211,18.5625,16.40045166015625,2956400
2022-03-30,18.8700008392334,18.88500022888184,18.03249931335449,18.170000076293945,16.05367088317871,2686000
2022-03-31,18.042499542236328,18.170000076293945,17.75749969482422,17.952499389648438,15.86150360107422,2077600
2022-04-01,18.7450008392334,18.875,17.559999465942383,17.809999465942383,15.735597610473633,3017600
2022-04-04,17.962499618530273,18.46999931335449,17.962499618530273,18.155000686645508,16.04041290283203,2152800
2022-04-05,18.489999771118164,19.479999542236328,18.45499992370605,19.412500381469727,17.151453018188477,2342800
2022-04-06,20.3174991607666,20.34499931335449,19.49250030517578,19.887500762939453,17.571125030517578,2666400
2022-04-07,20.479999542236328,20.8125,20.2450008392334,20.354999542236328,17.98417091369629,2647600
2022-04-08,20.80500030517578,21.387500762939453,20.63249969482422,21.00749969482422,18.56067276000977,2953200
2022-04-11,21.58749961853028,22.2549991607666,21.4424991607666,21.979999542236328,19.41990089416504,4076800
2022-04-12,21.475000381469727,22.24250030517578,21.417499542236328,22.049999237060547,19.48175048828125,3283600
2022-04-13,22.0049991607666,22.0625,21.362499237060547,21.862499237060547,19.31608772277832,1879200
2022-04-14,22.100000381469727,23.424999237060547,22.100000381469727,23.25,20.54198265075684,3337600
2022-04-18,23.20499992370605,23.850000381469727,23.065000534057617,23.625,20.873306274414062,3048800
2022-04-19,24.19750022888184,24.45249938964844,23.84499931335449,24.09000015258789,21.28414726257324,4175600
2022-04-20,23.5625,23.71500015258789,22.46249961853028,22.65749931335449,20.01849174499512,4628800
2022-04-21,23.1299991607666,24.030000686645508,23.07749938964844,23.19499969482422,20.49338722229004,3787200
2022-04-22,23.57250022888184,23.6875,22.76499938964844,23.59749984741211,20.84900665283203,3368800
2022-04-25,22.78249931335449,23.092500686645508,22.302499771118164,22.872499465942383,20.20845413208008,4186000
2022-04-26,22.20499992370605,22.55500030517578,21.842500686645508,22.24250030517578,19.651830673217773,3114400
2022-04-27,22.3075008392334,23.084999084472656,22.24250030517578,23.00749969482422,20.327726364135746,2214400
2022-04-28,23.34000015258789,23.520000457763672,22.924999237060547,22.982500076293945,20.305641174316406,2270400
2022-04-29,23.924999237060547,24.02499961853028,22.982500076293945,23.84749984741211,21.06989097595215,3414800
2022-05-02,24.665000915527344,25.207500457763672,24.424999237060547,25.06999969482422,22.14999961853028,4468000
2022-05-03,23.877500534057617,24.6200008392334,23.71249961853028,24.56999969482422,21.708234786987305,3594400
2022-05-04,24.56999969482422,24.950000762939453,23.95249938964844,24.1924991607666,21.37470436096192,3837200
2022-05-05,25.530000686645508,26.96500015258789,25.482500076293945,26.100000381469727,23.060035705566406,5294800
2022-05-06,27.01749992370605,27.542499542236328,26.3700008392334,27.33749961853028,24.15339469909668,4592800
2022-05-09,27.9424991607666,28.052499771118164,26.575000762939453,26.622499465942383,23.52167320251465,4498400
2022-05-10,25.69750022888184,26.01000022888184,24.977500915527344,25.852500915527344,22.84136009216309,4736400
2022-05-11,26.53249931335449,26.707500457763672,24.350000381469727,24.412500381469727,21.56908416748047,4398400
2022-05-12,24.287500381469727,24.522499084472656,23.809999465942383,24.459999084472656,21.611047744750977,4146800
2022-05-13,24.99250030517578,25.64249992370605,24.88500022888184,25.64249992370605,22.65581703186035,3285600
2022-05-16,25.420000076293945,25.674999237060547,24.96249961853028,25.65250015258789,22.664655685424805,1930800
2022-05-17,26.420000076293945,26.645000457763672,26.012500762939453,26.625,23.523881912231445,2094400
2022-05-18,26.45249938964844,26.482500076293945,24.832500457763672,24.924999237060547,22.02189064025879,3406800
2022-05-19,23.76000022888184,24.92250061035156,23.737499237060547,24.75,21.86727333068848,2308800
2022-05-20,24.762500762939453,24.787500381469727,23.56999969482422,23.875,21.09418487548828,3388800
2022-05-23,24.364999771118164,25.0575008392334,24.040000915527344,25.0575008392334,22.13895606994629,2185200
2022-05-24,24.1875,24.21500015258789,23.07999992370605,23.57250022888184,20.826919555664062,3454000
2022-05-25,23.107500076293945,23.71999931335449,23.107500076293945,23.295000076293945,20.581743240356445,2047600
2022-05-26,23.45249938964844,24.1924991607666,23.440000534057617,23.614999771118164,20.86446952819824,2639600
2022-05-27,23.309999465942383,23.645000457763672,23.05500030517578,23.477500915527344,20.74298667907715,1628000
2022-05-31,24.5625,25.31999969482422,24.55500030517578,24.92250061035156,22.01968002319336,1766800
2022-06-01,24.61750030517578,25.352500915527344,24.3174991607666,25.042499542236328,22.125701904296875,3622800
2022-06-02,24.790000915527344,25.522499084472656,24.71999931335449,25.020000457763672,22.105823516845703,1295600
2022-06-03,25.75,25.89249992370605,25.1299991607666,25.200000762939453,22.264862060546875,2371600
2022-06-06,25.737499237060547,26.59749984741211,25.51000022888184,26.5625,23.46866226196289,2492800
2022-06-07,26.049999237060547,26.0625,25.24250030517578,25.747499465942383,22.74858856201172,1941600
2022-06-08,25.959999084472656,26.375,25.690000534057617,26.375,23.303003311157227,1261600
2022-06-09,26.530000686645508,26.645000457763672,25.967500686645508,26.114999771118164,23.07328224182129,1118400
2022-06-10,26.1924991607666,27.14999961853028,26.042499542236328,26.625,23.523881912231445,2746400
2022-06-13,28.225000381469727,29.76499938964844,28.0674991607666,29.09749984741211,25.708402633666992,4264000
2022-06-14,28.864999771118164,30.375,28.477500915527344,30.1825008392334,26.66702651977539,2951200
2022-06-15,29.15250015258789,30.012500762939453,28.395000457763672,28.450000762939453,25.13631629943848,3727600
2022-06-16,30.395000457763672,30.600000381469727,27.8700008392334,27.88500022888184,24.63712501525879,3820800
2022-06-17,27.64999961853028,28.38500022888184,27.02499961853028,27.51000022888184,24.305805206298828,2662000
2022-06-21,29.02499961853028,29.239999771118164,28.36000061035156,29.00749969482422,25.628887176513672,2409200
2022-06-22,27.022499084472656,27.24250030517578,26.52499961853028,26.65250015258789,23.548179626464844,3516000
2022-06-23,26.107500076293945,26.40749931335449,25.225000381469727,25.940000534057617,22.918670654296875,3651200
2022-06-24,26.405000686645508,27.0674991607666,25.934999465942383,26.96999931335449,23.828702926635746,1742400
2022-06-27,27.95499992370605,28.030000686645508,27.290000915527344,27.6924991607666,24.4670467376709,1599600
2022-06-28,27.90999984741211,28.25,27.28249931335449,27.32749938964844,24.14455986022949,1475200
2022-06-29,27.125,27.280000686645508,26.045000076293945,26.09749984741211,23.05782127380371,1634400
2022-06-30,25.43000030517578,25.44499969482422,24.762500762939453,25.364999771118164,22.41064071655273,2925200
2022-07-01,24.51000022888184,24.98500061035156,23.4375,24.59499931335449,21.73032760620117,2985200
2022-07-05,23.917499542236328,24.375,23.3700008392334,24.0,21.204626083374023,2166000
2022-07-06,23.59499931335449,25.217500686645508,23.52499961853028,25.207500457763672,22.271484375,2278800
2022-07-07,25.022499084472656,26.052499771118164,24.96999931335449,25.864999771118164,22.85240173339844,1860800
2022-07-08,26.127500534057617,27.0674991607666,26.084999084472656,26.770000457763672,23.651996612548828,1966400
2022-07-11,25.84499931335449,25.912500381469727,25.13999938964844,25.42250061035156,22.461441040039062,1684800
2022-07-12,24.67250061035156,25.04750061035156,24.209999084472656,24.989999771118164,22.07931900024414,1474400
2022-07-13,25.802499771118164,26.012500762939453,23.95499992370605,24.0674991607666,21.264265060424805,3580800
2022-07-14,24.96999931335449,25.27750015258789,24.272499084472656,24.65749931335449,21.78554344177246,2128400
2022-07-15,24.4424991607666,24.592500686645508,23.84000015258789,24.24250030517578,21.41888427734375,2524400
2022-07-18,24.81999969482422,25.477500915527344,24.79750061035156,25.01749992370605,22.10361099243164,1952800
2022-07-19,24.982500076293945,25.854999542236328,24.887500762939453,25.42250061035156,22.461441040039062,1765600
2022-07-20,24.63249969482422,25.607500076293945,24.625,25.227500915527344,22.289155960083008,1624400
2022-07-21,24.88500022888184,24.92250061035156,23.86750030517578,23.95249938964844,21.162660598754883,2486400
2022-07-22,22.88999938964844,23.07749938964844,22.302499771118164,22.71999931335449,20.073713302612305,4010000
2022-07-25,23.78249931335449,23.9325008392334,23.3125,23.4325008392334,20.70322608947754,2218000
2022-07-26,22.51000022888184,23.39999961853028,22.31999969482422,23.34000015258789,20.62149810791016,1908400
2022-07-27,23.0625,23.799999237060547,22.7549991607666,23.690000534057617,20.930736541748047,2393600
2022-07-28,22.95499992370605,23.4375,22.46999931335449,23.184999465942383,20.484548568725582,4060000
2022-07-29,23.200000762939453,23.4325008392334,22.28249931335449,23.332500457763672,20.6148738861084,2436800
2022-08-01,22.780000686645508,22.83749961853028,21.65999984741211,21.70499992370605,19.17693328857422,2522000
2022-08-02,21.622499465942383,23.184999465942383,21.357500076293945,23.052499771118164,20.36748695373535,4767600
2022-08-03,23.25,23.762500762939453,21.9375,21.95499992370605,19.39781379699707,2845200
2022-08-04,22.18000030517578,22.440000534057617,21.877500534057617,22.07999992370605,19.50826072692871,1308800
2022-08-05,23.23500061035156,23.917499542236328,23.227500915527344,23.57250022888184,20.826919555664062,2876800
2022-08-08,22.86750030517578,22.934999465942383,22.36750030517578,22.4950008392334,19.874919891357425,1032400
2022-08-09,22.815000534057617,22.94750022888184,22.475000381469727,22.75,20.1002197265625,785600
2022-08-10,22.8125,23.39249992370605,22.147499084472656,23.1825008392334,20.48234748840332,1577600
2022-08-11,23.31999969482422,24.975000381469727,23.25,24.834999084472656,21.94237327575684,1553200
2022-08-12,24.352500915527344,24.75749969482422,24.042499542236328,24.07999992370605,21.27530860900879,1269600
2022-08-15,23.600000381469727,24.1299991607666,23.315000534057617,24.1299991607666,21.31948471069336,476800
2022-08-16,24.270000457763672,24.887500762939453,23.787500381469727,23.79750061035156,21.02571678161621,788800
2022-08-17,24.375,24.825000762939453,24.357500076293945,24.61750030517578,21.75020408630371,1077200
2022-08-18,24.412500381469727,24.667499542236328,24.012500762939453,24.497499465942383,21.644182205200195,888000
2022-08-19,25.52750015258789,25.850000381469727,25.51000022888184,25.68000030517578,22.688947677612305,1703600
2022-08-22,25.78499984741211,26.295000076293945,25.732500076293945,25.96500015258789,22.94075584411621,1617600
2022-08-23,26.302499771118164,26.575000762939453,25.39249992370605,26.372499465942383,23.3007926940918,1378800
2022-08-24,26.75,27.19750022888184,26.49250030517578,27.0,23.855205535888672,1331200
2022-08-25,26.90250015258789,27.147499084472656,25.625,25.86750030517578,22.854612350463867,1240800
2022-08-26,26.17250061035156,26.350000381469727,25.065000534057617,25.28499984741211,22.339962005615234,1904800
2022-08-29,25.76499938964844,26.2549991607666,25.70249938964844,25.927499771118164,22.907623291015625,499200
2022-08-30,25.96500015258789,26.229999542236328,25.350000381469727,25.662500381469727,22.67348861694336,563200
2022-08-31,25.920000076293945,26.64999961853028,25.475000381469727,26.434999465942383,23.356016159057617,1045600
2022-09-01,27.700000762939453,28.375,27.459999084472656,27.924999237060547,24.67247009277344,2039200
2022-09-02,27.997499465942383,28.01749992370605,27.225000381469727,27.420000076293945,24.226287841796875,961600
2022-09-06,28.475000381469727,29.52750015258789,28.4424991607666,29.51749992370605,26.07948303222656,1427600
2022-09-07,28.875,28.905000686645508,27.8700008392334,28.1200008392334,24.844757080078125,1133200
2022-09-08,28.420000076293945,28.989999771118164,27.89249992370605,28.989999771118164,25.613422393798828,782400
2022-09-09,28.815000534057617,29.32999992370605,28.40250015258789,28.802499771118164,25.447763442993164,640000
2022-09-12,28.582500457763672,29.895000457763672,28.362499237060547,29.51000022888184,26.072858810424805,833200
2022-09-13,30.23500061035156,30.487499237060547,29.27750015258789,29.32999992370605,25.9138240814209,1124000
2022-09-14,29.59000015258789,29.77750015258789,28.887500762939453,29.030000686645508,25.648765563964844,1012800
2022-09-15,29.22249984741211,29.395000457763672,28.920000076293945,29.1299991607666,25.73711585998535,711600
2022-09-16,29.897499084472656,30.059999465942383,29.040000915527344,29.780000686645508,26.31140899658203,1358800
2022-09-19,29.90999984741211,30.049999237060547,29.227500915527344,29.614999771118164,26.16562843322754,697600
2022-09-20,30.90999984741211,31.200000762939453,30.02499961853028,30.545000076293945,26.987302780151367,1013600
2022-09-21,30.18000030517578,30.75,29.0,29.01749992370605,25.63772201538086,1336400
2022-09-22,30.752500534057617,31.637500762939453,30.665000915527344,31.225000381469727,27.58810234069824,2066800
2022-09-23,31.237499237060547,31.864999771118164,30.23500061035156,30.834999084472656,27.243526458740234,1444000
2022-09-26,31.200000762939453,33.002498626708984,31.1200008392334,32.587501525878906,28.79190826416016,1899600
2022-09-27,33.63999938964844,35.25,33.317501068115234,35.154998779296875,31.06035423278809,2850400
2022-09-28,33.09749984741211,33.59749984741211,31.57749938964844,31.625,27.94151306152344,2658800
2022-09-29,32.994998931884766,33.07749938964844,31.79750061035156,32.20000076293945,28.44954299926757,2011200
2022-09-30,31.739999771118164,33.6349983215332,31.225000381469727,33.412498474121094,29.52081871032715,2667600
2022-10-03,31.852500915527344,32.525001525878906,31.052499771118164,31.940000534057617,28.21982383728028,1722000
2022-10-04,31.5625,32.380001068115234,31.14999961853028,32.1349983215332,28.39211082458496,1595200
2022-10-05,32.97999954223633,33.962501525878906,32.82500076293945,33.157501220703125,29.29551887512207,1574800
2022-10-06,33.11249923706055,34.095001220703125,32.869998931884766,33.712501525878906,29.785877227783203,1000800
2022-10-07,34.834999084472656,35.16999816894531,34.02750015258789,34.647499084472656,30.61197090148925,1095600
2022-10-10,35.227500915527344,36.90250015258789,35.16749954223633,36.21749877929688,31.999113082885746,1782400
2022-10-11,35.98749923706055,36.75,34.66999816894531,35.834999084472656,31.661157608032227,1152800
2022-10-12,36.48249816894531,36.5525016784668,35.11750030517578,35.314998626708984,31.201732635498047,1226000
2022-10-13,37.44499969482422,37.45000076293945,35.3025016784668,36.26499938964844,32.04107666015625,1639600
2022-10-14,35.47249984741211,37.5724983215332,35.39500045776367,37.22249984741211,32.887054443359375,2414400
2022-10-17,36.45750045776367,37.96749877929688,36.02750015258789,37.872501373291016,33.46134567260742,1193600
2022-10-18,38.00249862670898,39.21500015258789,37.4900016784668,37.6349983215332,33.25150680541992,1373600
2022-10-19,38.900001525878906,39.810001373291016,38.650001525878906,39.65499877929688,35.03622817993164,1577600
2022-10-20,40.44499969482422,41.83000183105469,39.89500045776367,41.68000030517578,36.82536697387695,2030800
2022-10-21,44.1775016784668,44.79750061035156,42.962501525878906,43.91749954223633,38.8022575378418,3771200
2022-10-24,44.48500061035156,45.782501220703125,43.45000076293945,45.10499954223633,39.85144805908203,2608800
2022-10-25,41.9900016784668,42.0625,40.932498931884766,41.227500915527344,36.42557907104492,2470800
2022-10-26,40.23500061035156,40.27750015258789,39.040000915527344,39.45500183105469,34.859527587890625,2543600
2022-10-27,38.775001525878906,39.67499923706055,37.59749984741211,38.14500045776367,33.70210266113281,2308800
2022-10-28,38.875,39.40250015258789,37.977500915527344,38.99250030517578,34.450897216796875,1364000
2022-10-31,39.50749969482422,41.10499954223633,39.212501525878906,39.9900016784668,35.33220291137695,2266800
2022-11-01,37.89500045776367,39.37749862670898,37.87749862670898,38.744998931884766,34.232215881347656,2302400
2022-11-02,38.53499984741211,39.66249847412109,37.6875,39.23749923706055,34.667362213134766,1670800
2022-11-03,40.685001373291016,40.75,39.20000076293945,39.8849983215332,35.239437103271484,2826000
2022-11-04,40.84999847412109,42.02999877929688,40.09000015258789,41.810001373291016,36.94021987915039,1596800
2022-11-07,41.20000076293945,43.20249938964844,41.060001373291016,43.08000183105469,38.062313079833984,1136800
2022-11-08,42.52000045776367,42.52000045776367,40.85749816894531,41.77999877929688,36.913719177246094,1414800
2022-11-09,42.375,42.587501525878906,40.87749862670898,41.42250061035156,36.59786224365234,1402000
2022-11-10,38.53499984741211,38.60499954223633,36.37749862670898,36.66249847412109,32.392276763916016,2737600
2022-11-11,37.4275016784668,37.43000030517578,36.52750015258789,37.11249923706055,32.78987121582031,717600
2022-11-14,37.05500030517578,37.95249938964844,36.97249984741211,37.36249923706055,33.010738372802734,855200
2022-11-15,36.62749862670898,36.8025016784668,35.43000030517578,35.56999969482422,31.427021026611328,2039200
2022-11-16,34.6875,34.970001220703125,33.182498931884766,33.26499938964844,29.39049530029297,2088400
2022-11-17,34.4275016784668,34.81999969482422,34.0625,34.3650016784668,30.36236953735352,1193200
2022-11-18,34.08000183105469,35.1150016784668,33.692501068115234,34.95750045776367,30.8858642578125,1448800
2022-11-21,34.0,34.869998931884766,33.790000915527344,34.567501068115234,30.5412826538086,848000
2022-11-22,33.98500061035156,34.1349983215332,32.939998626708984,33.15999984741211,29.297727584838867,1190400
2022-11-23,32.51250076293945,32.58000183105469,31.39999961853028,31.45249938964844,27.789106369018555,1903600
2022-11-25,32.0625,32.189998626708984,31.75,31.795000076293945,28.091711044311523,304800
2022-11-28,31.1299991607666,31.959999084472656,30.934999465942383,31.49250030517578,27.824447631835938,1038800
2022-11-29,32.5,32.6974983215332,31.690000534057617,32.622501373291016,28.822832107543945,2794800
2022-11-30,33.02000045776367,33.224998474121094,31.989999771118164,31.989999771118164,28.26399803161621,1310400
2022-12-01,31.34499931335449,31.375,28.852500915527344,28.887500762939453,25.522863388061523,2721200
2022-12-02,29.290000915527344,29.83749961853028,27.82250022888184,27.877500534057617,24.630502700805664,2829600
2022-12-05,28.834999084472656,29.530000686645508,28.707500457763672,28.940000534057617,25.56924629211425,2090400
2022-12-06,28.239999771118164,28.5,27.52499961853028,27.88999938964844,24.64154624938965,1337200
2022-12-07,26.76499938964844,26.89999961853028,25.78249931335449,25.950000762939453,22.927505493164062,2653600
2022-12-08,26.46999931335449,26.63500022888184,25.97249984741211,26.147499084472656,23.10199737548828,1841600
2022-12-09,27.08749961853028,28.225000381469727,26.9375,28.225000381469727,24.937524795532227,2150800
2022-12-12,27.052499771118164,28.29750061035156,26.825000762939453,27.93000030517578,24.6768856048584,1793200
2022-12-13,26.100000381469727,27.34000015258789,26.075000762939453,27.177499771118164,24.01202964782715,1956000
2022-12-14,27.1825008392334,27.75749969482422,26.70499992370605,26.795000076293945,23.6740837097168,1386000
2022-12-15,26.440000534057617,26.63249969482422,25.90749931335449,26.5,23.413442611694336,3450000
2022-12-16,27.762500762939453,28.02499961853028,26.887500762939453,27.38999938964844,24.19978141784668,1667600
2022-12-19,28.38249969482422,29.06999969482422,28.38249969482422,28.799999237060547,25.4455509185791,1130400
2022-12-20,30.434999465942383,30.625,30.07250022888184,30.375,26.83710289001465,3230000
2022-12-21,29.627500534057617,30.802499771118164,29.51499938964844,30.21999931335449,26.70015525817871,1401600
2022-12-22,30.165000915527344,30.45499992370605,29.82999992370605,30.20249938964844,26.68470001220703,1271200
2022-12-23,31.23500061035156,31.6825008392334,31.0,31.53249931335449,27.859786987304688,1860800
2022-12-27,33.217498779296875,33.5525016784668,32.587501525878906,33.45000076293945,29.55394744873047,1231600
2022-12-28,33.05500030517578,34.25,32.82749938964844,34.087501525878906,30.117197036743164,1533600
2022-12-29,33.752498626708984,33.82749938964844,32.63999938964844,32.9275016784668,29.092309951782227,1126800
2022-12-30,33.73249816894531,34.227500915527344,33.189998626708984,34.0625,30.095109939575195,1619200
2023-01-03,31.40749931335449,32.78499984741211,31.21999931335449,32.13999938964844,28.396530151367188,1108000
2023-01-04,30.49250030517578,31.4424991607666,30.280000686645508,30.84499931335449,27.25235939025879,1184800
2023-01-05,31.739999771118164,31.802499771118164,30.475000381469727,30.520000457763672,26.9652156829834,1200400
2023-01-06,30.987499237060547,31.052499771118164,28.70249938964844,28.82749938964844,25.469850540161133,1845200
2023-01-09,29.44750022888184,29.549999237060547,28.247499465942383,28.3700008392334,25.06563949584961,930000
2023-01-10,29.30500030517578,30.170000076293945,29.1299991607666,29.809999465942383,26.33791160583496,1472400
2023-01-11,28.967500686645508,29.18000030517578,28.34499931335449,28.38249969482422,25.076679229736328,553200
2023-01-12,28.262500762939453,29.26499938964844,26.674999237060547,26.674999237060547,23.56806182861328,2721200
2023-01-13,27.227500915527344,27.75,26.709999084472656,27.47249984741211,24.27267265319824,2414000
2023-01-17,28.315000534057617,28.357500076293945,27.59000015258789,27.98500061035156,24.72547912597656,1268000
2023-01-18,26.107500076293945,27.20249938964844,25.89249992370605,26.02750015258789,22.99597549438477,4978400
2023-01-19,26.38249969482422,26.875,26.20499992370605,26.512500762939453,23.42448806762696,1215200
2023-01-20,27.2450008392334,27.875,27.049999237060547,27.802499771118164,24.56423759460449,1622000
2023-01-23,28.290000915527344,28.34749984741211,27.832500457763672,28.24250030517578,24.95298957824707,1018400
2023-01-24,27.920000076293945,28.46249961853028,26.852500915527344,27.030000686645508,23.8817081451416,1068000
2023-01-25,26.927499771118164,27.46249961853028,26.512500762939453,26.832500457763672,23.707216262817383,1586800
2023-01-26,27.07999992370605,27.58749961853028,26.725000381469727,27.25749969482422,24.08271217346192,2122000
2023-01-27,27.834999084472656,27.927499771118164,27.280000686645508,27.450000762939453,24.25279426574707,803600
2023-01-30,27.700000762939453,27.857500076293945,27.1200008392334,27.792499542236328,24.555400848388672,462800
2023-01-31,27.272499084472656,28.125,27.030000686645508,27.09000015258789,23.934722900390625,746400
2023-02-01,26.604999542236328,27.46249961853028,25.862499237060547,26.170000076293945,23.12187957763672,1531600
2023-02-02,25.65749931335449,26.24250030517578,25.3174991607666,26.08749961853028,23.04898834228516,1488800
2023-02-03,27.18000030517578,27.700000762939453,26.9950008392334,27.237499237060547,24.06504249572754,1758800
2023-02-06,28.040000915527344,28.07999992370605,27.600000381469727,27.89999961853028,24.650375366210938,1038800
2023-02-07,28.325000762939453,28.61000061035156,27.57250022888184,28.575000762939453,25.24675750732422,1116000
2023-02-08,28.614999771118164,29.107500076293945,28.15250015258789,28.1875,24.904390335083008,1013600
2023-02-09,27.467500686645508,29.137500762939453,27.34499931335449,28.97249984741211,25.59796142578125,2782000
2023-02-10,29.15999984741211,30.21999931335449,29.1200008392334,30.037500381469727,26.538917541503903,1190800
2023-02-13,29.75,29.82999992370605,29.125,29.27750015258789,25.867435455322266,1099200
2023-02-14,29.295000076293945,30.20499992370605,28.77750015258789,29.497499465942383,26.061811447143555,1285600
2023-02-15,29.86750030517578,30.75,29.612499237060547,30.295000076293945,26.76642227172852,830800
2023-02-16,31.229999542236328,31.852500915527344,31.059999465942383,31.61750030517578,27.93488502502441,1813200
2023-02-17,32.14500045776367,32.23249816894531,30.9375,30.9424991607666,27.3385066986084,1692000
2023-02-21,32.18000030517578,32.82500076293945,32.0625,32.772499084472656,28.955360412597656,1298800
2023-02-22,32.185001373291016,32.1875,31.48500061035156,31.86750030517578,28.1557674407959,580400
2023-02-23,31.64249992370605,31.717500686645508,30.674999237060547,30.997499465942383,27.38710021972656,1290400
2023-02-24,31.7549991607666,32.56999969482422,31.45249938964844,32.220001220703125,28.467214584350582,732800
2023-02-27,31.934999465942383,32.255001068115234,31.522499084472656,32.01750183105469,28.288301467895508,387200
2023-02-28,32.587501525878906,32.86000061035156,31.53249931335449,31.53249931335449,27.859786987304688,656400
2023-03-01,32.13249969482422,32.91999816894531,31.94499969482422,32.529998779296875,28.741106033325195,706800
2023-03-02,33.84749984741211,34.01250076293945,33.345001220703125,33.45249938964844,29.5561580657959,2334400
2023-03-03,32.01750183105469,32.375,31.049999237060547,31.08749961853028,27.46661949157715,1773600
2023-03-06,30.729999542236328,31.862499237060547,30.662500381469727,31.77750015258789,28.07625198364257,1583600
2023-03-07,31.45499992370605,31.997499465942383,30.63249969482422,31.232500076293945,27.594730377197266,979600
2023-03-08,30.622499465942383,31.45499992370605,30.08749961853028,31.15999984741211,27.53067398071289,1264400
2023-03-09,31.387500762939453,31.612499237060547,30.54750061035156,30.950000762939453,27.345134735107425,2964000
2023-03-10,29.170000076293945,29.1924991607666,27.690000534057617,27.8075008392334,24.56865501403809,2453600
2023-03-13,25.690000534057617,28.1924991607666,25.020000457763672,27.46999931335449,24.270463943481445,3031600
2023-03-14,28.1200008392334,29.207500457763672,27.787500381469727,29.042499542236328,25.659807205200195,2376800
2023-03-15,26.69750022888184,27.88249969482422,25.95499992370605,27.3125,24.13130760192871,2074000
2023-03-16,26.280000686645508,28.13249969482422,25.84749984741211,27.912500381469727,24.661420822143555,3712000
2023-03-17,26.8700008392334,27.01499938964844,26.02499961853028,26.59499931335449,23.49737548828125,3032000
2023-03-20,26.68000030517578,27.6200008392334,26.64999961853028,27.467500686645508,24.26825523376465,1624800
2023-03-21,27.82749938964844,28.21249961853028,27.53499984741211,27.90999984741211,24.92991065979004,894800
2023-03-22,28.122499465942383,28.280000686645508,26.707500457763672,26.799999237060547,23.938426971435547,1446800
2023-03-23,27.5575008392334,27.950000762939453,26.6875,26.862499237060547,23.9942569732666,2456000
2023-03-24,26.27750015258789,26.877500534057617,26.037500381469727,26.512500762939453,23.681629180908203,1349600
2023-03-27,27.76749992370605,28.342500686645508,27.295000076293945,28.299999237060547,25.278270721435547,1096800
2023-03-28,28.420000076293945,28.600000381469727,28.082500457763672,28.190000534057617,25.18001365661621,602000
2023-03-29,28.850000381469727,28.95499992370605,28.280000686645508,28.39999961853028,25.367589950561523,508400
2023-03-30,28.3075008392334,28.440000534057617,27.834999084472656,28.0575008392334,25.06165885925293,768400
2023-03-31,27.604999542236328,27.792499542236328,26.65999984741211,26.802499771118164,23.940662384033203,653600
2023-04-03,26.92250061035156,27.102500915527344,26.0575008392334,26.44750022888184,23.623571395874023,911200
2023-04-04,27.01749992370605,27.06999969482422,25.540000915527344,26.02750015258789,23.248414993286133,1176800
2023-04-05,25.58749961853028,25.86000061035156,25.174999237060547,25.27750015258789,22.5784912109375,3361600
2023-04-06,25.170000076293945,25.1825008392334,24.8700008392334,25.104999542236328,22.42441177368164,875600
2023-04-10,25.70499992370605,26.459999084472656,25.627500534057617,26.292499542236328,23.48512077331543,882400
2023-04-11,26.17250061035156,26.51000022888184,26.1200008392334,26.1875,23.39133071899414,303200
2023-04-12,26.107500076293945,26.982500076293945,26.107500076293945,26.25749969482422,23.453855514526367,926400
2023-04-13,26.102500915527344,27.020000457763672,25.924999237060547,26.920000076293945,24.04561996459961,1155600
2023-04-14,27.424999237060547,27.887500762939453,27.325000762939453,27.732500076293945,24.771364212036133,973200
2023-04-17,28.190000534057617,28.7549991607666,28.07749938964844,28.6924991607666,25.628856658935547,574800
2023-04-18,28.70499992370605,28.70499992370605,28.07999992370605,28.377500534057617,25.34749221801757,385600
2023-04-19,28.612499237060547,28.96999931335449,28.362499237060547,28.477500915527344,25.43681907653809,497600
2023-04-20,27.88249969482422,27.9375,27.512500762939453,27.780000686645508,24.813793182373047,738400
2023-04-21,27.52499961853028,28.34000015258789,27.46999931335449,28.27750015258789,25.25817108154297,927600
2023-04-24,27.8125,27.895000457763672,27.42250061035156,27.46500015258789,24.53242492675781,560800
2023-04-25,26.747499465942383,26.7549991607666,26.13999938964844,26.299999237060547,23.491819381713867,1112400
2023-04-26,26.39999961853028,27.225000381469727,26.075000762939453,27.137500762939453,24.239896774291992,1240000
2023-04-27,27.5674991607666,28.09000015258789,27.5575008392334,27.92250061035156,24.941076278686523,1158000
2023-04-28,26.79750061035156,27.092500686645508,26.39249992370605,26.614999771118164,23.77318382263184,612000
2023-05-01,27.287500381469727,29.155000686645508,27.22249984741211,28.90749931335449,25.820905685424805,1382400
2023-05-02,28.237499237060547,28.287500381469727,26.8125,26.825000762939453,23.96076202392578,780000
2023-05-03,26.592500686645508,27.11000061035156,26.122499465942383,26.38249969482422,23.56550979614257,1181200
2023-05-04,27.184999465942383,27.209999084472656,26.252500534057617,27.1825008392334,24.280086517333984,1843200
2023-05-05,27.864999771118164,28.052499771118164,27.4424991607666,27.46999931335449,24.53689193725586,668800
2023-05-08,28.542499542236328,28.709999084472656,28.27499961853028,28.559999465942383,25.510507583618164,1496000
2023-05-09,28.545000076293945,28.979999542236328,28.45499992370605,28.94750022888184,25.856632232666016,618800
2023-05-10,28.397499084472656,28.45249938964844,27.96500015258789,28.122499465942383,25.11972045898437,2022800
2023-05-11,27.107500076293945,27.56999969482422,26.94499969482422,27.302499771118164,24.38727378845215,1143600
2023-05-12,27.325000762939453,27.989999771118164,27.25,27.989999771118164,25.001367568969727,372000
2023-05-15,28.670000076293945,28.887500762939453,28.607500076293945,28.83749961853028,25.758378982543945,631600
2023-05-16,29.49250030517578,29.752500534057617,29.1299991607666,29.14249992370605,26.03080940246582,1051200
2023-05-17,28.920000076293945,29.6299991607666,28.915000915527344,29.32999992370605,26.198291778564453,424800
2023-05-18,29.70249938964844,30.09499931335449,29.70249938964844,30.040000915527344,26.832481384277344,7071200
2023-05-19,30.58749961853028,30.88500022888184,30.0674991607666,30.709999084472656,27.430938720703125,4681200
2023-05-22,30.600000381469727,31.15250015258789,30.280000686645508,31.082500457763672,27.76366806030273,1181600
2023-05-23,31.415000915527344,31.537500381469727,30.647499084472656,30.895000457763672,27.59619140625,2359600
2023-05-24,30.625,31.28499984741211,30.540000915527344,31.28499984741211,27.94454574584961,1170800
2023-05-25,31.21500015258789,31.84499931335449,31.100000381469727,31.59749984741211,28.223678588867188,1780800
2023-05-26,31.82999992370605,31.88999938964844,30.84000015258789,30.862499237060547,27.567157745361328,1376800
2023-05-30,30.592500686645508,30.725000381469727,29.84499931335449,30.012500762939453,26.807920455932617,1184400
2023-05-31,30.052499771118164,30.102500915527344,29.02750015258789,29.1875,26.071008682250977,1242000
2023-06-01,28.700000762939453,29.295000076293945,28.46999931335449,28.95499992370605,25.86333465576172,787600
2023-06-02,28.997499465942383,29.90250015258789,28.97249984741211,29.84000015258789,26.65383529663086,1241200
2023-06-05,30.39999961853028,30.549999237060547,29.4950008392334,30.03499984741211,26.828014373779297,661200
2023-06-06,29.98500061035156,30.412500381469727,29.48500061035156,29.52750015258789,26.37470054626465,517200
2023-06-07,29.77750015258789,30.912500381469727,29.53499984741211,30.857500076293945,27.56268882751465,801600
2023-06-08,30.864999771118164,30.950000762939453,29.732500076293945,29.8125,26.6292667388916,772800
2023-06-09,30.22249984741211,30.440000534057617,29.667499542236328,29.924999237060547,26.7297592163086,444000
2023-06-12,29.690000534057617,30.65749931335449,29.65999984741211,29.6924991607666,26.522085189819336,536000
2023-06-13,29.75,30.815000534057617,29.627500534057617,30.575000762939453,27.31035614013672,1095600
2023-06-14,30.184999465942383,30.375,29.625,29.815000534057617,26.631505966186523,2501600
2023-06-15,29.01000022888184,29.405000686645508,28.52499961853028,29.13249969482422,26.02187728881836,1145200
2023-06-16,29.520000457763672,29.92250061035156,29.25,29.38249969482422,26.24518394470215,572000
2023-06-20,29.01499938964844,29.01499938964844,28.5625,28.799999237060547,25.72488021850586,382400
2023-06-21,28.9375,29.34000015258789,28.2450008392334,28.325000762939453,25.58106231689453,745600
2023-06-22,29.012500762939453,29.467500686645508,28.612499237060547,29.270000457763672,26.434513092041016,587600
2023-06-23,28.11750030517578,28.81999969482422,28.012500762939453,28.530000686645508,25.76619911193848,1148800
2023-06-26,28.27499961853028,28.6875,28.1875,28.47249984741211,25.714269638061523,409600
2023-06-27,28.334999084472656,29.03499984741211,28.0625,28.70499992370605,25.924245834350582,772000
2023-06-28,28.5,29.0,28.17250061035156,28.34000015258789,25.5946044921875,1442800
2023-06-29,29.545000076293945,30.14249992370605,29.4375,29.90749931335449,27.01025581359864,1952800
2023-06-30,29.655000686645508,29.834999084472656,28.792499542236328,28.934999465942383,26.13196563720703,1026400
2023-07-03,28.76499938964844,29.40999984741211,28.415000915527344,29.40999984741211,26.56095123291016,728000
2023-07-05,29.542499542236328,30.5575008392334,29.48500061035156,30.27499961853028,27.342153549194336,945200
2023-07-06,31.137500762939453,31.772499084472656,30.98500061035156,31.559999465942383,28.50267219543457,2183600
2023-07-07,32.06999969482422,32.26750183105469,31.6875,32.20249938964844,29.08293342590332,1220000
2023-07-10,32.375,32.407501220703125,31.76749992370605,32.095001220703125,28.9858455657959,954000
2023-07-11,31.6875,32.01499938964844,31.364999771118164,31.700000762939453,28.62910842895508,778000
2023-07-12,31.2549991607666,31.549999237060547,30.280000686645508,30.52750015258789,27.57019424438477,2456400
2023-07-13,30.107500076293945,30.39999961853028,29.54750061035156,29.69499969482422,26.818340301513672,1368800
2023-07-14,29.77750015258789,30.225000381469727,29.61000061035156,30.147499084472656,27.22700500488281,1098800
2023-07-17,30.229999542236328,30.5049991607666,30.002500534057617,30.162500381469727,27.240550994873047,789200
2023-07-18,29.737499237060547,29.9325008392334,29.520000457763672,29.76499938964844,26.881563186645508,581600
2023-07-19,29.537500381469727,29.802499771118164,28.72249984741211,28.7549991607666,25.96940422058105,920800
2023-07-20,29.4325008392334,30.165000915527344,29.32999992370605,29.82250022888184,26.933494567871094,1136000
2023-07-21,29.427499771118164,29.905000686645508,29.270000457763672,29.78499984741211,26.89962577819824,1393200
2023-07-24,29.59749984741211,30.21999931335449,29.475000381469727,30.170000076293945,27.24733161926269,808800
2023-07-25,30.63999938964844,30.6875,30.059999465942383,30.34749984741211,27.407634735107425,1121200
2023-07-26,29.905000686645508,30.552499771118164,29.89999961853028,30.299999237060547,27.364728927612305,746000
2023-07-27,30.802499771118164,32.4275016784668,30.64999961853028,32.08000183105469,28.97229766845703,1791200
2023-07-28,31.96999931335449,32.25,31.58749961853028,31.647499084472656,28.58169746398925,922000
2023-07-31,31.770000457763672,31.80500030517578,31.155000686645508,31.395000457763672,28.353656768798828,499200
2023-08-01,32.279998779296875,33.189998626708984,32.26750183105469,32.974998474121094,29.780593872070312,1494800
2023-08-02,34.037498474121094,34.72999954223633,33.897499084472656,34.005001068115234,30.7108154296875,2308000
2023-08-03,36.04750061035156,36.77999877929688,35.9474983215332,36.4375,32.90766906738281,3775600
2023-08-04,36.182498931884766,36.182498931884766,34.36750030517578,34.5625,31.214305877685547,2850400
2023-08-07,35.037498474121094,35.657501220703125,34.93000030517578,35.622501373291016,32.171630859375,993600
2023-08-08,34.162498474121094,34.63750076293945,33.595001220703125,34.377498626708984,31.047229766845703,1195600
2023-08-09,34.13249969482422,34.20000076293945,33.727500915527344,33.849998474121094,30.57083511352539,2351600
2023-08-10,34.05500030517578,35.54750061035156,33.73500061035156,35.5,32.06098556518555,3971600
2023-08-11,35.877498626708984,36.02999877929688,35.30500030517578,35.80500030517578,32.33644104003906,2496400
2023-08-14,36.04249954223633,36.369998931884766,35.244998931884766,36.06499862670898,32.57126235961914,714400
2023-08-15,36.477500915527344,36.78499984741211,36.0724983215332,36.76750183105469,33.20570373535156,1213600
2023-08-16,37.11249923706055,37.77000045776367,36.53749847412109,37.59999847412109,33.957557678222656,1854400
2023-08-17,38.12749862670898,38.67499923706055,37.98749923706055,38.16749954223633,34.47008514404297,2214800
2023-08-18,38.17250061035156,38.36249923706055,37.310001373291016,37.84000015258789,34.174312591552734,2558000
2023-08-21,39.16249847412109,39.66999816894531,39.0525016784668,39.3650016784668,35.551570892333984,1548800
2023-08-22,39.1875,39.44499969482422,38.42499923706055,38.45249938964844,34.72747802734375,725600
2023-08-23,37.185001373291016,37.20750045776367,35.61000061035156,35.66749954223633,32.21226119995117,1923600
2023-08-24,36.032501220703125,36.38750076293945,35.709999084472656,36.3650016784668,32.84219741821289,1451600
2023-08-25,36.7400016784668,36.852500915527344,35.724998474121094,36.087501525878906,32.59157943725586,1456800
2023-08-28,35.560001373291016,36.43000030517578,35.560001373291016,35.939998626708984,32.45836639404297,345600
2023-08-29,36.36000061035156,36.400001525878906,34.630001068115234,34.849998474121094,31.47395706176757,1454100
2023-08-30,35.0,35.33000183105469,34.7599983215332,34.970001220703125,31.582338333129883,896800
2023-08-31,34.619998931884766,34.79999923706055,34.13999938964844,34.58000183105469,31.2301082611084,2273600
2023-09-01,35.150001525878906,36.45000076293945,35.150001525878906,36.18999862670898,32.68414306640625,908100
2023-09-05,36.880001068115234,37.77999877929688,36.880001068115234,37.720001220703125,34.06592559814453,930900
2023-09-06,37.04999923706055,37.84999847412109,37.04999923706055,37.45000076293945,33.82209396362305,1000900
2023-09-07,37.220001220703125,37.619998931884766,37.16999816894531,37.27000045776367,33.659523010253906,990400
2023-09-08,36.81999969482422,37.06999969482422,36.220001220703125,36.84000015258789,33.27118682861328,859500
2023-09-11,37.619998931884766,37.81999969482422,37.31999969482422,37.619998931884766,33.975624084472656,803500
2023-09-12,37.45000076293945,37.79999923706055,36.970001220703125,36.970001220703125,33.38859176635742,1002400
2023-09-13,37.369998931884766,37.52000045776367,36.68999862670898,37.09999847412109,33.5059928894043,1041300
2023-09-14,37.36000061035156,38.060001373291016,37.13999938964844,37.959999084472656,34.282676696777344,2230000
2023-09-15,38.06999969482422,38.61000061035156,38.0099983215332,38.54999923706055,34.81552505493164,2430600
2023-09-18,38.79999923706055,38.83000183105469,37.95000076293945,38.02000045776367,34.33686828613281,1187800
2023-09-19,38.2400016784668,38.59000015258789,37.84000015258789,38.58000183105469,35.083457946777344,1844600
2023-09-20,38.0,38.29999923706055,37.619998931884766,38.27999877929688,34.81064987182617,1981400
2023-09-21,40.4900016784668,41.27000045776367,40.43999862670898,41.2599983215332,37.52056884765625,2454700
2023-09-22,41.13999938964844,41.33000183105469,40.06999969482422,40.29999923706055,36.6475715637207,1346300
2023-09-25,42.59999847412109,43.34999847412109,42.15999984741211,43.34999847412109,39.421146392822266,2646600
2023-09-26,42.91999816894531,44.0,42.68000030517578,43.7599983215332,39.79399490356445,3139600
2023-09-27,42.81999969482422,44.95000076293945,42.68000030517578,44.470001220703125,40.439640045166016,3184400
2023-09-28,45.709999084472656,46.5,44.06999969482422,44.18000030517578,40.17593002319336,2901700
2023-09-29,43.2599983215332,45.0099983215332,42.970001220703125,44.13999938964844,40.13954925537109,4335400
2023-10-02,45.150001525878906,46.7599983215332,44.93000030517578,46.380001068115234,42.17654037475586,2482200
2023-10-03,47.45000076293945,49.720001220703125,46.880001068115234,49.36000061035156,44.8864631652832,2780300
2023-10-04,48.27000045776367,48.91999816894531,47.27000045776367,47.369998931884766,43.07681655883789,3830100
2023-10-05,47.720001220703125,48.45000076293945,47.560001373291016,48.13999938964844,43.77703094482422,2359600
2023-10-06,50.880001068115234,51.18000030517578,48.43999862670898,49.95000076293945,45.42298889160156,3992700
2023-10-09,48.63999938964844,49.650001525878906,46.45000076293945,46.470001220703125,42.25838470458984,2109000
2023-10-10,47.88999938964844,48.459999084472656,45.810001373291016,46.65999984741211,42.4311637878418,4448900
2023-10-11,44.68999862670898,45.11000061035156,43.7400016784668,43.77000045776367,39.80309295654297,3274100
2023-10-12,44.40999984741211,47.54999923706055,44.209999084472656,47.290000915527344,43.00406265258789,3413900
2023-10-13,44.81999969482422,45.560001373291016,44.5,44.86000061035156,40.79429626464844,2093900
2023-10-16,47.02999877929688,47.5,46.77999877929688,47.02999877929688,42.76762771606445,1556900
2023-10-17,49.2400016784668,49.84999847412109,48.02999877929688,48.61000061035156,44.204437255859375,1612000
2023-10-18,50.119998931884766,51.040000915527344,49.54999923706055,49.97999954223633,45.45026779174805,2096900
2023-10-19,51.02999877929688,53.08000183105469,49.81999969482422,53.02000045776367,48.214752197265625,5423200
2023-10-20,52.68000030517578,53.119998931884766,51.63999938964844,52.27000045776367,47.53273010253906,2631900
2023-10-23,53.0,53.77000045776367,49.20000076293945,50.33000183105469,45.76854705810547,4322600
2023-10-24,50.04999923706055,50.63999938964844,48.40999984741211,48.459999084472656,44.06803131103516,2743400
2023-10-25,50.61000061035156,52.18999862670898,50.4900016784668,51.66999816894531,46.98710632324219,3404500
2023-10-26,51.65999984741211,51.77999877929688,49.16999816894531,49.38999938964844,44.91374588012695,2867800
2023-10-27,50.40999984741211,51.11000061035156,49.810001373291016,50.09999847412109,45.55939865112305,2144900
2023-10-30,51.02000045776367,52.040000915527344,49.93000030517578,50.63999938964844,46.05044937133789,2531500
2023-10-31,50.04999923706055,51.54999923706055,49.34999847412109,51.43999862670898,46.77794647216797,1624600
2023-11-01,50.13999938964844,50.150001525878906,48.130001068115234,48.220001220703125,43.84978485107422,4138200
2023-11-02,45.5099983215332,46.31999969482422,44.4900016784668,45.02000045776367,40.93979644775391,5061000
2023-11-03,42.27000045776367,44.15999984741211,41.869998931884766,44.06999969482422,40.07589721679688,3707400
2023-11-06,44.93000030517578,45.63999938964844,44.7400016784668,45.27999877929688,41.176231384277344,2291000
2023-11-07,44.08000183105469,44.11000061035156,42.709999084472656,43.41999816894531,39.48479843139648,2577900
2023-11-08,42.77000045776367,42.810001373291016,41.08000183105469,41.18999862670898,37.45691680908203,3554600
2023-11-09,42.060001373291016,45.130001068115234,41.959999084472656,44.09000015258789,40.094085693359375,5862300
2023-11-10,42.9900016784668,43.709999084472656,42.7400016784668,43.27999877929688,39.35749435424805,1712000
2023-11-13,44.52000045776367,44.9900016784668,43.459999084472656,43.68000030517578,39.72124099731445,1853500
2023-11-14,40.41999816894531,41.45000076293945,40.18999862670898,40.709999084472656,37.020416259765625,3399900
2023-11-15,41.75,42.7400016784668,41.630001068115234,42.400001525878906,38.5572509765625,2577500
2023-11-16,41.34999847412109,41.45000076293945,40.45000076293945,40.91999816894531,37.21138000488281,3738800
2023-11-17,40.18999862670898,40.95000076293945,39.869998931884766,40.43000030517578,36.76579666137695,3442200
2023-11-20,40.9900016784668,40.9900016784668,39.59000015258789,39.68999862670898,36.09285736083984,3125200
2023-11-21,39.75,40.619998931884766,39.41999816894531,39.790000915527344,36.18379592895508,2677900
2023-11-22,39.060001373291016,40.02000045776367,38.810001373291016,39.38999938964844,35.82005310058594,2557600
2023-11-24,40.400001525878906,40.83000183105469,40.220001220703125,40.83000183105469,37.12954330444336,1490600
2023-11-27,40.11000061035156,40.27999877929688,38.790000915527344,38.790000915527344,35.27442932128906,2152400
2023-11-28,39.31999969482422,39.459999084472656,38.5099983215332,38.61000061035156,35.110748291015625,3306000
2023-11-29,37.77999877929688,38.22999954223633,37.060001373291016,37.16999816894531,33.801246643066406,4916600
2023-11-30,37.970001220703125,38.970001220703125,37.75,38.470001220703125,34.98343276977539,5323400
2023-12-01,38.470001220703125,38.70000076293945,36.27000045776367,36.470001220703125,33.16469192504883,6053600
2023-12-04,36.95000076293945,37.43000030517578,36.560001373291016,36.81999969482422,33.48297119140625,2647400
2023-12-05,35.61000061035156,35.70000076293945,34.459999084472656,34.5,31.373231887817383,4998000
2023-12-06,33.959999084472656,34.16999816894531,32.88999938964844,33.15999984741211,30.15468406677246,4145300
2023-12-07,33.810001373291016,33.959999084472656,32.900001525878906,33.630001068115234,30.58208656311035,6893000
2023-12-08,34.709999084472656,35.220001220703125,34.369998931884766,34.56999969482422,31.4368896484375,5017500
2023-12-11,35.15999984741211,35.630001068115234,34.66999816894531,34.79999923706055,31.64604949951172,2464000
2023-12-12,34.9900016784668,35.27000045776367,34.400001525878906,34.529998779296875,31.400508880615234,3068200
2023-12-13,33.900001525878906,34.04999923706055,31.90999984741211,32.09000015258789,29.18165779113769,5371200
2023-12-14,31.0,31.200000762939453,29.6200008392334,29.709999084472656,27.017358779907227,7826100
2023-12-15,29.93000030517578,30.049999237060547,29.3700008392334,29.540000915527344,26.862768173217773,3251500
2023-12-18,30.170000076293945,30.559999465942383,30.170000076293945,30.209999084472656,27.4720401763916,2149000
2023-12-19,29.84000015258789,30.0,29.450000762939453,29.809999465942383,27.108293533325195,1839100
2023-12-20,29.59000015258789,30.06999969482422,29.059999465942383,29.15999984741211,26.51720428466797,4164200
2023-12-21,28.799999237060547,29.690000534057617,28.709999084472656,29.51000022888184,27.08628463745117,6281600
2023-12-22,29.13999938964844,30.18000030517578,29.1200008392334,29.920000076293945,27.462608337402344,2258100
2023-12-26,29.88999938964844,29.96999931335449,29.61000061035156,29.709999084472656,27.26985740661621,1319800
2023-12-27,28.81999969482422,29.040000915527344,28.13999938964844,28.170000076293945,25.856340408325195,2911700
2023-12-28,28.540000915527344,28.989999771118164,28.13999938964844,28.809999465942383,26.44377326965332,4424600
2023-12-29,29.479999542236328,29.71999931335449,28.84000015258789,29.61000061035156,27.17807006835937,4123200
2024-01-02,30.25,30.459999084472656,29.8700008392334,30.18000030517578,27.701255798339844,3467900
2024-01-03,31.049999237060547,31.239999771118164,29.690000534057617,29.81999969482422,27.37082290649414,4579600
2024-01-04,31.059999465942383,31.34000015258789,30.82999992370605,31.18000030517578,28.619121551513672,5048300
2024-01-05,31.920000076293945,32.209999084472656,30.790000915527344,32.11000061035156,29.47273826599121,5968900
2024-01-08,32.209999084472656,32.33000183105469,31.059999465942383,31.200000762939453,28.63747978210449,3742900
2024-01-09,31.770000457763672,31.81999969482422,31.26000022888184,31.75,29.142305374145508,4168700
2024-01-10,31.549999237060547,32.290000915527344,31.3799991607666,32.22999954223633,29.582883834838867,4415100
2024-01-11,32.31999969482422,32.779998779296875,31.64999961853028,31.81999969482422,29.206558227539062,9028200
2024-01-12,31.76000022888184,32.2400016784668,31.26000022888184,32.0099983215332,29.380949020385746,5895400
2024-01-16,32.95000076293945,34.04999923706055,32.79999923706055,33.72999954223633,30.959686279296875,13853500
2024-01-17,34.06999969482422,34.5,33.59000015258789,33.959999084472656,31.17079734802246,3758000
2024-01-18,34.16999816894531,35.22999954223633,34.09000015258789,34.939998626708984,32.070308685302734,4421300
2024-01-19,34.900001525878906,35.470001220703125,34.459999084472656,34.560001373291016,31.721519470214844,3755500
2024-01-22,33.7400016784668,34.220001220703125,33.45000076293945,33.959999084472656,31.17079734802246,3754200
2024-01-23,34.7400016784668,35.27000045776367,34.66999816894531,34.77000045776367,31.91427230834961,2871200
2024-01-24,34.119998931884766,35.66999816894531,34.08000183105469,35.38999938964844,32.48334884643555,3676600
2024-01-25,34.619998931884766,35.189998626708984,34.470001220703125,34.790000915527344,31.93262481689453,4457400
2024-01-26,34.84000015258789,35.29999923706055,34.65999984741211,35.02000045776367,32.14373779296875,1851200
2024-01-29,34.439998626708984,34.61000061035156,33.459999084472656,33.77000045776367,30.99639892578125,2679700
2024-01-30,33.119998931884766,33.93000030517578,32.880001068115234,32.939998626708984,30.23456573486328,3726600
2024-01-31,32.369998931884766,32.599998474121094,31.690000534057617,31.940000534057617,29.31670188903809,4285500
2024-02-01,30.920000076293945,31.1299991607666,29.690000534057617,30.190000534057617,27.71043586730957,6792900
2024-02-02,31.93000030517578,32.470001220703125,31.6299991607666,32.119998931884766,29.481918334960938,4124700
2024-02-05,33.61000061035156,34.209999084472656,33.380001068115234,34.08000183105469,31.28093719482422,3389400
2024-02-06,33.959999084472656,34.02000045776367,33.0099983215332,33.16999816894531,30.445680618286133,3242000
2024-02-07,33.63999938964844,33.689998626708984,32.939998626708984,33.58000183105469,30.822006225585938,2493000
2024-02-08,34.22999954223633,34.65999984741211,33.97999954223633,34.290000915527344,31.47369384765625,2970200
2024-02-09,34.630001068115234,34.68000030517578,34.310001373291016,34.470001220703125,31.63891220092773,1588200
2024-02-12,34.43000030517578,34.880001068115234,34.189998626708984,34.38999938964844,31.56548118591309,1758000
2024-02-13,35.59000015258789,36.18000030517578,35.38999938964844,36.15999984741211,33.19010543823242,2894100
2024-02-14,36.25,36.31999969482422,35.380001068115234,35.66999816894531,32.7403450012207,2549400
2024-02-15,34.84000015258789,35.4900016784668,34.66999816894531,35.15999984741211,32.27223587036133,3761500
2024-02-16,36.09999847412109,36.2400016784668,35.720001220703125,35.810001373291016,32.86885070800781,2463900
2024-02-20,35.7599983215332,35.86000061035156,35.31999969482422,35.75,32.81378173828125,1668900
2024-02-21,35.72999954223633,36.70000076293945,35.66999816894531,36.47999954223633,33.48381805419922,1828000
2024-02-22,36.36000061035156,36.459999084472656,35.88999938964844,36.04999923706055,33.08914566040039,2653700
2024-02-23,35.88999938964844,35.900001525878906,34.47999954223633,34.599998474121094,31.758230209350582,2464700
2024-02-26,34.470001220703125,35.38999938964844,34.43000030517578,34.97999954223633,32.10701370239258,2065100
2024-02-27,35.380001068115234,35.790000915527344,35.099998474121094,35.70000076293945,32.76789093017578,1700400
2024-02-28,35.529998779296875,35.7400016784668,34.959999084472656,35.040000915527344,32.1620979309082,1644100
2024-02-29,34.709999084472656,34.77000045776367,34.209999084472656,34.38999938964844,31.56548118591309,2691400
2024-03-01,34.849998474121094,35.31999969482422,33.689998626708984,33.75,30.978042602539062,2548900
2024-03-04,34.560001373291016,34.599998474121094,34.099998474121094,34.16999816894531,31.363550186157227,1283500
2024-03-05,32.93000030517578,33.22999954223633,32.459999084472656,32.709999084472656,30.02345848083496,2216900
2024-03-06,32.65999984741211,32.7400016784668,31.979999542236328,32.20000076293945,29.55535125732422,1816100
2024-03-07,31.799999237060547,32.720001220703125,31.790000915527344,32.36000061035156,29.702207565307617,1671800
2024-03-08,32.400001525878906,32.75,32.18000030517578,32.4900016784668,29.82152938842773,1413300
2024-03-11,32.2599983215332,32.88999938964844,32.2400016784668,32.560001373291016,29.88578224182129,1396100
2024-03-12,33.2599983215332,33.59000015258789,33.06999969482422,33.43000030517578,30.684324264526367,1774400
2024-03-13,33.81999969482422,34.130001068115234,33.560001373291016,33.91999816894531,31.13407325744629,1454900
2024-03-14,34.709999084472656,35.63999938964844,34.70000076293945,35.529998779296875,32.611846923828125,1934100
2024-03-15,35.43000030517578,35.7599983215332,35.290000915527344,35.59000015258789,32.66691589355469,2068900
2024-03-18,35.849998474121094,36.11000061035156,35.560001373291016,35.939998626708984,32.98817825317383,1428800
2024-03-19,35.209999084472656,35.41999816894531,34.75,35.16999816894531,32.73130798339844,1829800
2024-03-20,34.93000030517578,35.880001068115234,34.20000076293945,35.209999084472656,32.76853942871094,2099500
2024-03-21,34.810001373291016,35.439998626708984,34.599998474121094,35.04999923706055,32.619632720947266,1573400
2024-03-22,33.79999923706055,34.27000045776367,33.790000915527344,34.08000183105469,31.716896057128903,1555600
2024-03-25,34.34000015258789,34.79999923706055,34.34000015258789,34.56999969482422,32.17291259765625,1414600
2024-03-26,34.58000183105469,34.84000015258789,34.189998626708984,34.27000045776367,31.893712997436523,1995600
2024-03-27,34.119998931884766,34.20000076293945,33.380001068115234,33.400001525878906,31.084047317504883,1615500
2024-03-28,33.59000015258789,33.790000915527344,33.060001373291016,33.4900016784668,31.16780471801757,2380900
2024-04-01,34.560001373291016,35.4900016784668,34.560001373291016,35.40999984741211,32.95467758178711,2095000
2024-04-02,36.52999877929688,36.77000045776367,35.79999923706055,35.93000030517578,33.43861389160156,2808900
2024-04-03,36.900001525878906,37.13999938964844,35.97999954223633,36.0099983215332,33.513065338134766,2366900
2024-04-04,35.310001373291016,36.040000915527344,35.22999954223633,35.34000015258789,32.8895263671875,2466000
2024-04-05,36.43999862670898,36.810001373291016,35.900001525878906,36.810001373291016,34.257591247558594,2864800
2024-04-08,37.060001373291016,37.130001068115234,36.59000015258789,36.81999969482422,34.26689529418945,2597100
2024-04-09,36.290000915527344,36.29999923706055,35.70000076293945,35.83000183105469,33.345550537109375,2108900
2024-04-10,37.040000915527344,38.380001068115234,36.93000030517578,38.16999816894531,35.523292541503906,4386000
2024-04-11,38.04999923706055,39.13999938964844,37.959999084472656,38.72999954223633,36.04446029663086,3266400
2024-04-12,37.75,38.18999862670898,37.31999969482422,38.18999862670898,35.54190444946289,2511900
2024-04-15,39.52999877929688,40.43000030517578,39.52000045776367,39.959999084472656,37.18917465209961,3670500
2024-04-16,41.119998931884766,41.47999954223633,40.43000030517578,40.7599983215332,37.93369674682617,3544800
2024-04-17,40.0099983215332,40.58000183105469,39.33000183105469,39.459999084472656,36.72384262084961,3506100
2024-04-18,39.540000915527344,40.43000030517578,39.540000915527344,40.130001068115234,37.347389221191406,2092800
2024-04-19,39.36000061035156,40.04999923706055,39.36000061035156,39.7400016784668,36.98443603515625,1932800
2024-04-22,40.369998931884766,40.41999816894531,39.77999877929688,39.91999816894531,37.15194320678711,1924800
2024-04-23,40.34000015258789,40.560001373291016,39.2400016784668,39.97999954223633,37.207786560058594,2298400
2024-04-24,40.560001373291016,41.369998931884766,40.5099983215332,40.84999847412109,38.01746368408203,1870400
2024-04-25,42.119998931884766,42.31999969482422,41.58000183105469,41.77999877929688,38.88297653198242,2134300
2024-04-26,41.09000015258789,41.22999954223633,40.58000183105469,41.08000183105469,38.23151779174805,1754600
2024-04-29,40.59000015258789,40.790000915527344,40.060001373291016,40.150001525878906,37.36600112915039,2019900
2024-04-30,40.86000061035156,41.29999923706055,40.45000076293945,41.11000061035156,38.25942993164063,1833700
2024-05-01,40.20000076293945,40.70000076293945,39.36000061035156,40.209999084472656,37.421836853027344,3493400
2024-05-02,40.79999923706055,41.060001373291016,39.720001220703125,39.90999984741211,37.14264297485352,1748700
2024-05-03,38.470001220703125,39.400001525878906,38.27000045776367,38.68000030517578,35.9979248046875,3133700
2024-05-06,38.61000061035156,38.88999938964844,38.130001068115234,38.20000076293945,35.551212310791016,974300
2024-05-07,37.290000915527344,37.68999862670898,36.90999984741211,37.47999954223633,34.88113021850586,2412700
2024-05-08,38.08000183105469,38.2599983215332,37.900001525878906,38.20000076293945,35.551212310791016,1435700
2024-05-09,38.720001220703125,38.7400016784668,37.56999969482422,37.77000045776367,35.151031494140625,2268600
2024-05-10,38.18000030517578,38.59000015258789,38.08000183105469,38.33000183105469,35.672203063964844,1156200
2024-05-13,37.84999847412109,38.16999816894531,37.79999923706055,38.119998931884766,35.47676086425781,866800
2024-05-14,37.7400016784668,38.04999923706055,37.43999862670898,37.540000915527344,34.93697738647461,1768900
2024-05-15,36.2599983215332,36.56999969482422,35.79999923706055,36.0,33.503753662109375,1733800
2024-05-16,35.68000030517578,36.22999954223633,35.65999984741211,36.150001525878906,33.64335632324219,1160300
2024-05-17,36.56999969482422,36.95000076293945,36.41999816894531,36.84999847412109,34.29481887817383,1037300
2024-05-20,37.31999969482422,37.380001068115234,37.02000045776367,37.27000045776367,34.685699462890625,776500
2024-05-21,36.5,36.880001068115234,36.470001220703125,36.66999816894531,34.12730407714844,850700
2024-05-22,37.08000183105469,37.119998931884766,36.4900016784668,36.59000015258789,34.0528450012207,726900
2024-05-23,36.47999954223633,37.68000030517578,36.47999954223633,37.38999938964844,34.79737854003906,1545600
2024-05-24,37.560001373291016,37.650001525878906,36.970001220703125,37.040000915527344,34.47164535522461,762400
2024-05-28,37.130001068115234,38.709999084472656,37.11000061035156,38.68000030517578,35.9979248046875,1866300
2024-05-29,39.650001525878906,40.4900016784668,39.58000183105469,40.08000183105469,37.30086135864258,1612000
2024-05-30,39.2599983215332,39.5099983215332,38.880001068115234,38.97999954223633,36.27712631225586,1175600
2024-05-31,38.18999862670898,38.5,37.970001220703125,38.150001525878906,35.504676818847656,1614700
2024-06-03,37.63999938964844,37.66999816894531,36.31999969482422,36.470001220703125,33.94116973876953,1480500
2024-06-04,35.720001220703125,35.970001220703125,35.0099983215332,35.20000076293945,32.75922775268555,1888800
2024-06-05,34.79999923706055,35.4900016784668,34.41999816894531,34.45000076293945,32.06123352050781,1853700
2024-06-06,34.91999816894531,34.970001220703125,34.34000015258789,34.560001373291016,32.163612365722656,928200
2024-06-07,36.150001525878906,36.63999938964844,36.150001525878906,36.5,33.96909713745117,1004800
2024-06-10,37.150001525878906,37.5099983215332,37.09000015258789,37.27000045776367,34.685699462890625,725300
2024-06-11,37.119998931884766,37.2599983215332,36.09999847412109,36.150001525878906,33.64335632324219,986100
2024-06-12,34.75,35.400001525878906,34.11000061035156,35.34000015258789,32.8895263671875,1850900
2024-06-13,34.54999923706055,34.880001068115234,33.709999084472656,33.810001373291016,31.465620040893555,1079100
2024-06-14,33.310001373291016,33.47999954223633,32.849998474121094,33.0,30.711782455444336,1104500
2024-06-17,34.25,34.5,33.959999084472656,34.09000015258789,31.7262020111084,740400
2024-06-18,33.880001068115234,34.06999969482422,33.119998931884766,33.119998931884766,30.823457717895508,940900
2024-06-20,34.36000061035156,34.459999084472656,33.77000045776367,33.81999969482422,31.47492218017578,746100
2024-06-21,33.529998779296875,34.25,33.31999969482422,33.869998931884766,31.52145004272461,596300
2024-06-24,33.779998779296875,34.11000061035156,33.4900016784668,33.529998779296875,31.20502471923828,503400
2024-06-25,33.369998931884766,33.400001525878906,32.880001068115234,32.93000030517578,31.01384162902832,489100
2024-06-26,34.189998626708984,34.380001068115234,34.02000045776367,34.349998474121094,32.35121154785156,688900
2024-06-27,33.959999084472656,34.06999969482422,33.7400016784668,33.9900016784668,32.01216125488281,517800
2024-06-28,33.790000915527344,35.900001525878906,33.7599983215332,35.88999938964844,33.801605224609375,1729300
2024-07-01,37.16999816894531,37.88999938964844,36.43000030517578,37.7400016784668,35.5439567565918,1165900
2024-07-02,36.81999969482422,37.59000015258789,36.68000030517578,36.95000076293945,34.7999267578125,1042400
2024-07-03,36.2599983215332,36.380001068115234,35.369998931884766,35.470001220703125,33.406044006347656,1134300
2024-07-05,35.040000915527344,35.459999084472656,34.52000045776367,34.72999954223633,32.709102630615234,874100
2024-07-08,34.72999954223633,35.09000015258789,34.400001525878906,34.529998779296875,32.52073669433594,592200
2024-07-09,34.849998474121094,35.4900016784668,34.61000061035156,35.02000045776367,32.982234954833984,946400
2024-07-10,34.849998474121094,35.08000183105469,34.630001068115234,34.68000030517578,32.662017822265625,758800
2024-07-11,33.4900016784668,33.75,33.0099983215332,33.68000030517578,31.72020149230957,1392800
2024-07-12,33.77000045776367,33.939998626708984,33.33000183105469,33.36000061035156,31.418819427490234,822700
2024-07-15,34.29999923706055,34.540000915527344,33.9900016784668,34.45000076293945,32.44539260864258,926800
2024-07-16,33.72999954223633,33.88999938964844,32.9900016784668,33.060001373291016,31.13627815246582,875600
2024-07-17,33.290000915527344,33.560001373291016,32.810001373291016,33.040000915527344,31.117441177368164,951100
2024-07-18,33.56999969482422,33.900001525878906,33.11000061035156,33.790000915527344,31.823808670043945,700400
2024-07-19,34.310001373291016,34.56999969482422,34.20000076293945,34.439998626708984,32.435970306396484,623900
2024-07-22,33.93000030517578,35.13999938964844,33.810001373291016,34.83000183105469,32.80328369140625,709500
2024-07-23,34.599998474121094,34.959999084472656,34.380001068115234,34.90999984741211,32.878631591796875,433800
2024-07-24,34.869998931884766,36.13999938964844,34.619998931884766,36.06999969482422,33.971126556396484,1254900
2024-07-25,35.5,35.58000183105469,34.529998779296875,35.2400016784668,33.189430236816406,1163800
2024-07-26,34.5099983215332,34.779998779296875,34.29999923706055,34.45000076293945,32.44539260864258,852700
2024-07-29,33.709999084472656,34.220001220703125,33.709999084472656,33.95000076293945,31.974489212036133,581000
2024-07-30,33.689998626708984,34.150001525878906,33.349998474121094,33.59000015258789,31.635440826416016,730900
2024-07-31,32.849998474121094,33.15999984741211,32.52000045776367,32.560001373291016,30.66537475585937,1285100
2024-08-01,31.8799991607666,31.90999984741211,31.1200008392334,31.700000762939453,29.85541534423828,2119400
2024-08-02,30.09000015258789,30.190000534057617,28.739999771118164,28.84000015258789,27.161834716796875,2551200
2024-08-05,27.559999465942383,29.15999984741211,27.3700008392334,28.43000030517578,26.775693893432617,2249000
2024-08-06,28.96999931335449,30.239999771118164,28.729999542236328,30.21999931335449,28.46153450012207,1488000
2024-08-07,30.90999984741211,31.32999992370605,30.440000534057617,30.96999931335449,29.167888641357425,1582800
2024-08-08,31.739999771118164,32.0099983215332,31.479999542236328,31.57999992370605,29.74239730834961,1164500
2024-08-09,30.39999961853028,30.809999465942383,30.3700008392334,30.63999938964844,28.857097625732425,746000
2024-08-12,30.8799991607666,31.01000022888184,30.13999938964844,30.31999969482422,28.55571556091309,577700
2024-08-13,29.690000534057617,30.020000457763672,29.64999961853028,29.75,28.01888084411621,1168000
2024-08-14,29.479999542236328,29.520000457763672,28.950000762939453,29.200000762939453,27.500885009765625,1185500
2024-08-15,30.549999237060547,30.700000762939453,29.920000076293945,29.950000762939453,28.20724296569824,1259300
2024-08-16,29.63999938964844,30.040000915527344,29.56999969482422,29.690000534057617,27.96237564086914,678200
2024-08-19,29.670000076293945,29.700000762939453,29.020000457763672,29.270000457763672,27.56681251525879,703400
2024-08-20,28.8700008392334,29.059999465942383,28.420000076293945,28.56999969482422,26.90754508972168,914800
2024-08-21,28.57999992370605,28.979999542236328,28.13999938964844,28.530000686645508,26.86987495422364,1311400
2024-08-22,28.989999771118164,29.68000030517578,28.920000076293945,29.40999984741211,27.69866752624512,918400
2024-08-23,29.020000457763672,29.25,28.6200008392334,28.89999961853028,27.21834373474121,916000
2024-08-26,28.6200008392334,29.14999961853028,28.61000061035156,29.100000381469727,27.40670585632324,669200
2024-08-27,29.68000030517578,29.770000457763672,29.18000030517578,29.290000915527344,27.585649490356445,724100
2024-08-28,29.25,29.51000022888184,29.09000015258789,29.3799991607666,27.67041206359864,526600
2024-08-29,29.86000061035156,30.059999465942383,29.600000381469727,29.739999771118164,28.00946617126465,673400
2024-08-30,29.6200008392334,30.700000762939453,29.36000061035156,30.690000534057617,28.90418815612793,1256500
2024-09-03,29.420000076293945,29.549999237060547,28.940000534057617,29.21999931335449,27.51972007751465,1533800
2024-09-04,29.14999961853028,29.170000076293945,28.1200008392334,28.14999961853028,26.5119857788086,1516100
2024-09-05,27.8700008392334,28.34000015258789,27.57999992370605,27.68000030517578,26.0693359375,2104400
2024-09-06,27.71999931335449,28.030000686645508,26.709999084472656,27.71999931335449,26.10700416564941,3224200
2024-09-09,27.8700008392334,28.059999465942383,27.280000686645508,27.40999984741211,25.815046310424805,1576000
2024-09-10,27.46999931335449,27.530000686645508,26.63999938964844,26.850000381469727,25.28763198852539,1464500
2024-09-11,26.989999771118164,27.100000381469727,26.39999961853028,26.89999961853028,25.334720611572266,1962000
2024-09-12,27.09000015258789,27.63999938964844,26.959999084472656,27.270000457763672,25.683189392089844,1972900
2024-09-13,27.049999237060547,27.43000030517578,26.950000762939453,27.1299991607666,25.55133438110352,1271400
2024-09-16,26.93000030517578,27.11000061035156,26.34000015258789,26.3700008392334,24.835561752319336,1619300
2024-09-17,26.299999237060547,26.850000381469727,26.15999984741211,26.76000022888184,25.202865600585938,1695900
2024-09-18,27.239999771118164,27.81999969482422,26.88999938964844,27.780000686645508,26.163516998291016,2915300
2024-09-19,28.350000381469727,28.479999542236328,28.040000915527344,28.06999969482422,26.4366397857666,1436000
2024-09-20,28.34000015258789,28.57999992370605,28.13999938964844,28.39999961853028,26.7474365234375,931300
2024-09-23,28.81999969482422,29.209999084472656,28.299999237060547,28.6299991607666,26.96405601501465,1371300
2024-09-24,28.959999084472656,29.049999237060547,28.15999984741211,28.31999969482422,26.969770431518555,1397000
2024-09-25,28.690000534057617,29.100000381469727,28.65999984741211,29.06999969482422,27.68400955200196,792400
2024-09-26,28.8700008392334,29.459999084472656,28.739999771118164,28.88999938964844,27.512590408325195,1008800
2024-09-27,28.530000686645508,28.799999237060547,28.34000015258789,28.530000686645508,27.16975975036621,882000
2024-09-30,28.450000762939453,29.09000015258789,28.38999938964844,28.90999984741211,27.531639099121094,1289700
2024-10-01,28.030000686645508,28.39999961853028,27.56999969482422,28.31999969482422,26.969770431518555,2145600
2024-10-02,29.280000686645508,29.559999465942383,28.979999542236328,29.030000686645508,27.645915985107425,2225600
2024-10-03,29.32999992370605,29.850000381469727,29.18000030517578,29.82999992370605,28.407773971557617,1198400
2024-10-04,31.07999992370605,31.14999961853028,30.64999961853028,31.049999237060547,29.56960868835449,2254900
2024-10-07,31.559999465942383,31.809999465942383,31.32999992370605,31.729999542236328,30.217185974121094,1520800
2024-10-08,32.189998626708984,32.2400016784668,31.549999237060547,31.549999237060547,30.04576873779297,1050100
2024-10-09,31.93000030517578,32.36000061035156,31.700000762939453,32.15999984741211,30.626686096191406,1141800
2024-10-10,32.75,33.220001220703125,32.54999923706055,32.599998474121094,31.045703887939453,2108900
2024-10-11,33.22999954223633,33.279998779296875,32.63999938964844,32.97999954223633,31.4075927734375,1055400
2024-10-14,33.72999954223633,33.790000915527344,32.939998626708984,32.95000076293945,31.379024505615234,1301400
2024-10-15,32.2599983215332,32.31999969482422,31.65999984741211,31.709999084472656,30.19814109802246,2211400
2024-10-16,31.290000915527344,31.549999237060547,31.06999969482422,31.420000076293945,29.921968460083008,1021800
2024-10-17,32.380001068115234,33.02000045776367,32.27000045776367,32.88999938964844,31.32188034057617,1388500
2024-10-18,32.68000030517578,32.880001068115234,32.45000076293945,32.86000061035156,31.293312072753903,877700
2024-10-21,33.779998779296875,34.58000183105469,33.70000076293945,34.58000183105469,32.931304931640625,1602600
2024-10-22,34.119998931884766,34.779998779296875,34.029998779296875,34.5,32.85511779785156,1883700
2024-10-23,35.06999969482422,35.279998779296875,34.4900016784668,34.790000915527344,33.131290435791016,1939000
2024-10-24,34.689998626708984,34.959999084472656,33.79999923706055,34.20000076293945,32.569419860839844,2049500
2024-10-25,33.869998931884766,34.939998626708984,33.81999969482422,34.810001373291016,33.15034103393555,1457800
2024-10-28,34.68000030517578,35.63999938964844,34.66999816894531,35.09000015258789,33.416988372802734,1326900
2024-10-29,35.959999084472656,36.16999816894531,34.95000076293945,35.02000045776367,33.35032653808594,2465800
2024-10-30,34.08000183105469,34.83000183105469,33.560001373291016,34.650001525878906,32.99796676635742,3282800
2024-10-31,34.810001373291016,35.18000030517578,33.97999954223633,34.540000915527344,32.893211364746094,4311900
2024-11-01,34.439998626708984,36.09000015258789,34.18000030517578,36.02000045776367,34.30264663696289,4337200
2024-11-04,34.349998474121094,35.11000061035156,34.0099983215332,34.38999938964844,32.75035858154297,3176100
2024-11-05,34.65999984741211,35.11000061035156,33.68000030517578,33.86000061035156,32.245628356933594,3754400
2024-11-06,37.27000045776367,37.34999847412109,36.09000015258789,36.59999847412109,34.85499572753906,4264500
2024-11-07,36.02999877929688,36.11000061035156,34.959999084472656,35.310001373291016,33.62649917602539,4355100
2024-11-08,34.59000015258789,34.77000045776367,33.90999984741211,34.04999923706055,32.426570892333984,5673600
2024-11-11,34.31999969482422,34.970001220703125,34.2400016784668,34.540000915527344,32.893211364746094,2063800
2024-11-12,35.310001373291016,36.2599983215332,34.77000045776367,36.06999969482422,34.35026168823242,3417800
2024-11-13,35.06999969482422,37.22999954223633,35.040000915527344,37.04999923706055,35.28354263305664,3789300
2024-11-14,36.220001220703125,36.56999969482422,35.63999938964844,36.4900016784668,34.75023651123047,3501600
2024-11-15,37.02999877929688,37.560001373291016,36.18999862670898,36.84000015258789,35.083553314208984,4562600
2024-11-18,37.380001068115234,37.65999984741211,36.2599983215332,36.720001220703125,34.96927261352539,3266800
2024-11-19,35.9900016784668,36.2400016784668,35.70000076293945,36.11000061035156,34.38835906982422,2865900
2024-11-20,36.790000915527344,36.86000061035156,36.0099983215332,36.52999877929688,34.788333892822266,2312300
2024-11-21,36.5099983215332,37.02000045776367,36.0,36.70000076293945,34.95022964477539,2118400
2024-11-22,36.459999084472656,36.88999938964844,36.2400016784668,36.59000015258789,34.8454704284668,2341700
2024-11-25,34.41999816894531,34.66999816894531,33.72999954223633,33.88999938964844,32.274200439453125,4481000
2024-11-26,34.439998626708984,34.79999923706055,34.11000061035156,34.13999938964844,32.51228332519531,1606200
2024-11-27,33.470001220703125,33.880001068115234,33.099998474121094,33.4900016784668,31.89327812194824,2657500
2024-11-29,32.720001220703125,33.08000183105469,32.52000045776367,32.61000061035156,31.05523109436035,1341100
2024-12-02,32.88999938964844,33.22999954223633,32.029998779296875,32.29999923706055,30.760009765625,2900300
2024-12-03,32.2599983215332,33.22999954223633,32.15999984741211,33.20000076293945,31.61710357666016,2097900
2024-12-04,33.66999816894531,33.72999954223633,31.979999542236328,32.08000183105469,30.55050468444824,2151600
2024-12-05,32.45000076293945,32.529998779296875,31.780000686645508,31.93000030517578,30.40765380859375,1579400
2024-12-06,31.46999931335449,32.189998626708984,31.36000061035156,31.89999961853028,30.37908172607422,1818300
2024-12-09,32.220001220703125,32.779998779296875,32.220001220703125,32.66999816894531,31.112363815307617,1001400
2024-12-10,33.29999923706055,33.380001068115234,32.97999954223633,33.220001220703125,31.636150360107425,1164200
2024-12-11,33.20000076293945,34.27000045776367,33.0,34.150001525878906,32.52180480957031,1621900
2024-12-12,34.779998779296875,35.5,34.689998626708984,35.439998626708984,33.75029754638672,1556400
2024-12-13,35.790000915527344,36.630001068115234,35.75,36.45000076293945,34.7121467590332,1370800
2024-12-16,36.130001068115234,36.70000076293945,36.02000045776367,36.25,34.52167892456055,1000700
2024-12-17,36.119998931884766,36.220001220703125,35.59000015258789,35.9900016784668,34.274078369140625,1059200
2024-12-18,36.45000076293945,37.38999938964844,35.939998626708984,37.34000015258789,35.559715270996094,2276900
2024-12-19,38.709999084472656,39.459999084472656,38.36000061035156,39.0099983215332,37.150089263916016,2666200
2024-12-20,38.13999938964844,38.5099983215332,37.68000030517578,38.47999954223633,36.64535903930664,1669700
2024-12-23,38.56999969482422,39.470001220703125,38.459999084472656,39.380001068115234,37.64921569824219,1262000
2024-12-24,40.040000915527344,40.13999938964844,38.91999816894531,38.93999862670898,37.228546142578125,931400
2024-12-26,39.83000183105469,39.84000015258789,38.86000061035156,39.0,37.28591537475586,1398200
2024-12-27,39.5099983215332,40.06999969482422,39.13999938964844,40.040000915527344,38.28020477294922,1237200
2024-12-30,39.0,39.2599983215332,38.77000045776367,39.04999923706055,37.33372116088867,1212600
2024-12-31,38.68000030517578,39.79999923706055,38.4900016784668,39.72999954223633,37.98383331298828,1811200
2025-01-02,39.15999984741211,39.93999862670898,38.70000076293945,39.4900016784668,37.7543830871582,1393100
2025-01-03,39.33000183105469,40.04999923706055,39.09999847412109,39.93999862670898,38.184600830078125,1295700
2025-01-06,40.27000045776367,40.77000045776367,40.0099983215332,40.41999816894531,38.64350509643555,1426300
2025-01-07,40.86000061035156,42.0099983215332,40.66999816894531,41.83000183105469,39.99153518676758,1685100
2025-01-08,42.540000915527344,42.70000076293945,41.470001220703125,41.650001525878906,39.8194465637207,1858800
2025-01-10,42.900001525878906,43.040000915527344,42.060001373291016,42.59999847412109,40.72769165039063,2297300
2025-01-13,42.54999923706055,43.2599983215332,42.34999847412109,42.7599983215332,40.88066101074219,2087500
2025-01-14,43.0099983215332,43.4900016784668,42.79999923706055,42.959999084472656,41.07187271118164,1830500
2025-01-15,40.77000045776367,41.25,40.380001068115234,40.75,38.9590072631836,2381700
2025-01-16,40.91999816894531,41.38999938964844,39.83000183105469,40.31999969482422,38.54790115356445,2367500
2025-01-17,39.81999969482422,40.38999938964844,39.79999923706055,40.2400016784668,38.47141647338867,1258900
2025-01-21,39.2400016784668,39.59999847412109,38.86000061035156,39.22999954223633,37.50580978393555,1941000
2025-01-22,39.2599983215332,40.0099983215332,39.13999938964844,39.7400016784668,37.9933967590332,1712800
2025-01-23,40.93999862670898,41.130001068115234,40.4900016784668,40.70000076293945,38.91119766235352,1598900
2025-01-24,40.900001525878906,41.09000015258789,40.13999938964844,40.2599983215332,38.490535736083984,1350300
2025-01-27,38.959999084472656,39.36000061035156,38.59000015258789,38.77000045776367,37.06602096557617,1527100
2025-01-28,39.36000061035156,39.619998931884766,38.90999984741211,38.95000076293945,37.23811721801758,1457600
2025-01-29,38.63999938964844,39.68000030517578,38.38999938964844,39.15999984741211,37.43888092041016,1957900
2025-01-30,38.65999984741211,38.959999084472656,38.27000045776367,38.810001373291016,37.10426712036133,2004900
2025-01-31,38.7400016784668,39.9900016784668,38.36000061035156,39.56999969482422,37.83085632324219,2607400
2025-02-03,38.02000045776367,39.09000015258789,37.34999847412109,38.63999938964844,36.94173431396485,2717000
2025-02-04,39.45000076293945,39.52999877929688,38.27000045776367,38.34000015258789,36.6549186706543,1766300
2025-02-05,37.0,37.04999923706055,36.060001373291016,36.459999084472656,34.857547760009766,2323000
2025-02-06,36.45000076293945,36.84000015258789,36.119998931884766,36.470001220703125,34.86711120605469,1705400
2025-02-07,37.25,37.650001525878906,37.02000045776367,37.22999954223633,35.59370803833008,1933400
2025-02-10,37.27999877929688,37.790000915527344,36.93999862670898,37.59000015258789,35.937889099121094,1365800
2025-02-11,38.18999862670898,38.38999938964844,38.0,38.310001373291016,36.626243591308594,1054300
2025-02-12,39.83000183105469,40.400001525878906,39.43000030517578,39.900001525878906,38.14635848999024,2020200
2025-02-13,38.7599983215332,38.77999877929688,37.65999984741211,37.93999862670898,36.27250671386719,1981000
2025-02-14,37.08000183105469,37.43000030517578,36.7400016784668,37.400001525878906,35.7562370300293,1190100
2025-02-18,38.18999862670898,38.81999969482422,37.810001373291016,38.7400016784668,37.0373420715332,761500
2025-02-19,38.93000030517578,39.02999877929688,38.310001373291016,38.619998931884766,36.9226188659668,766700
2025-02-20,38.310001373291016,38.310001373291016,37.93000030517578,38.22999954223633,36.54975891113281,432200
2025-02-21,37.81999969482422,37.88999938964844,36.4900016784668,36.900001525878906,35.27821731567383,969700
2025-02-24,37.220001220703125,37.290000915527344,36.33000183105469,36.59000015258789,34.98183822631836,626300
2025-02-25,35.2400016784668,35.43000030517578,34.61000061035156,34.72999954223633,33.203590393066406,885100
2025-02-26,34.68000030517578,34.959999084472656,34.0099983215332,34.150001525878906,32.649078369140625,1089700
2025-02-27,34.83000183105469,35.02000045776367,34.310001373291016,34.849998474121094,33.31830978393555,1234300
2025-02-28,34.279998779296875,34.689998626708984,33.56999969482422,33.61000061035156,32.1328125,1584700
2025-03-03,34.40999984741211,34.43000030517578,33.0099983215332,33.130001068115234,31.67390823364257,1389800
2025-03-04,33.279998779296875,34.54999923706055,32.93000030517578,34.369998931884766,32.85940170288086,1507400
2025-03-05,34.2599983215332,35.310001373291016,33.9900016784668,35.20000076293945,33.65292739868164,1662200
2025-03-06,35.47999954223633,36.34000015258789,35.13999938964844,35.540000915527344,33.97798538208008,1147700
2025-03-07,34.72999954223633,36.119998931884766,34.72999954223633,35.9900016784668,34.4082145690918,1513500
2025-03-10,34.79999923706055,35.0,34.20000076293945,34.81999969482422,33.28963088989258,1131900
2025-03-11,34.959999084472656,35.93000030517578,34.38999938964844,35.63999938964844,34.07358932495117,1043200
2025-03-12,36.150001525878906,36.38999938964844,35.689998626708984,36.310001373291016,34.71414566040039,698800
2025-03-13,36.63999938964844,36.88999938964844,35.279998779296875,35.369998931884766,33.815460205078125,1189400
2025-03-14,36.13999938964844,36.33000183105469,35.68000030517578,35.959999084472656,34.37952423095703,919600
2025-03-17,35.18000030517578,35.720001220703125,34.79999923706055,35.47999954223633,33.92061996459961,979600
2025-03-18,36.02999877929688,36.02999877929688,34.97999954223633,35.34000015258789,33.78677749633789,904700
2025-03-19,35.380001068115234,35.7400016784668,34.779998779296875,34.86000061035156,33.3278694152832,810700
2025-03-20,33.689998626708984,34.849998474121094,33.630001068115234,34.720001220703125,33.19403076171875,1306400
2025-03-21,34.689998626708984,35.5,34.61000061035156,35.41999816894531,33.863258361816406,749400
2025-03-24,36.02999877929688,36.630001068115234,35.97999954223633,36.56999969482422,34.96271514892578,776200
2025-03-25,36.38999938964844,36.45000076293945,35.77000045776367,36.130001068115234,34.95304489135742,1055800
2025-03-26,36.59000015258789,36.970001220703125,36.369998931884766,36.880001068115234,35.67860794067383,696500
2025-03-27,37.29999923706055,37.54999923706055,37.09999847412109,37.220001220703125,36.007530212402344,628200
2025-03-28,36.04999923706055,36.130001068115234,35.47999954223633,35.72999954223633,34.566070556640625,1261700
2025-03-31,34.439998626708984,35.459999084472656,34.31999969482422,34.7400016784668,33.60832595825195,1238300
2025-04-01,34.099998474121094,34.099998474121094,33.33000183105469,33.84000015258789,32.737640380859375,1944500
2025-04-02,32.86000061035156,34.720001220703125,32.849998474121094,33.88999938964844,32.7860107421875,1499000
2025-04-03,32.66999816894531,33.45000076293945,32.470001220703125,33.41999816894531,32.331321716308594,1612300
2025-04-04,31.530000686645508,32.400001525878906,31.030000686645508,32.349998474121094,31.29617691040039,3088100
2025-04-07,33.45000076293945,35.59000015258789,33.099998474121094,35.29999923706055,34.15007781982422,3326200
2025-04-08,36.20000076293945,37.47999954223633,35.189998626708984,37.29999923706055,36.08492660522461,2310600
2025-04-09,38.75,40.47999954223633,36.720001220703125,36.75,35.5528450012207,5558000
2025-04-10,38.130001068115234,39.86000061035156,37.59999847412109,39.810001373291016,38.51316452026367,2734200
2025-04-11,40.56999969482422,41.75,38.619998931884766,39.209999084472656,37.932708740234375,2685300
2025-04-14,38.4900016784668,39.2599983215332,38.08000183105469,38.36000061035156,37.11040115356445,1306700
2025-04-15,38.81999969482422,38.970001220703125,37.47999954223633,37.9900016784668,36.7524528503418,1352600
2025-04-16,37.9900016784668,38.43000030517578,37.09999847412109,37.36000061035156,36.142974853515625,1205000
2025-04-17,37.720001220703125,38.790000915527344,37.54999923706055,38.380001068115234,37.12974548339844,680100
2025-04-21,39.630001068115234,40.4900016784668,39.02999877929688,40.43999862670898,39.12263870239258,902600
2025-04-22,39.29999923706055,39.88999938964844,39.02000045776367,39.7599983215332,38.46479034423828,674500
2025-04-23,36.470001220703125,38.84999847412109,36.2599983215332,38.59000015258789,37.33290863037109,1754200
2025-04-24,37.7400016784668,38.060001373291016,37.310001373291016,37.47999954223633,36.259063720703125,914300
2025-04-25,36.63999938964844,37.02000045776367,36.38999938964844,36.790000915527344,35.5915412902832,806100
2025-04-28,36.970001220703125,37.0099983215332,35.91999816894531,36.02999877929688,34.856300354003906,1105300
2025-04-29,36.15999984741211,36.20000076293945,35.119998931884766,35.150001525878906,34.00497055053711,714500
2025-04-30,35.58000183105469,36.119998931884766,35.31999969482422,35.91999816894531,34.749881744384766,1254900
2025-05-01,35.849998474121094,37.0099983215332,35.849998474121094,36.619998931884766,35.42707824707031,1074200
2025-05-02,37.81999969482422,38.0099983215332,37.369998931884766,37.77999877929688,36.54928970336914,765600
2025-05-05,38.290000915527344,38.959999084472656,38.2400016784668,38.29999923706055,37.05234909057617,564500
2025-05-06,39.06999969482422,39.22999954223633,38.08000183105469,38.13999938964844,36.89756393432617,691600
2025-05-07,37.58000183105469,37.720001220703125,37.220001220703125,37.619998931884766,36.39450073242188,812500
2025-05-08,37.5099983215332,38.869998931884766,37.41999816894531,38.81999969482422,37.55541610717773,1151500
2025-05-09,38.7599983215332,38.93999862670898,38.41999816894531,38.7400016784668,37.47801971435547,429700
2025-05-12,39.650001525878906,39.93000030517578,39.15999984741211,39.88999938964844,38.59055709838867,852200
2025-05-13,40.0,40.88999938964844,39.81999969482422,40.40999984741211,39.09362030029297,840300
2025-05-14,40.540000915527344,41.34000015258789,40.40999984741211,41.18000030517578,39.83853912353516,970900
2025-05-15,40.77999877929688,40.959999084472656,39.75,40.09000015258789,38.78404235839844,1174700
2025-05-16,39.060001373291016,40.0,39.02000045776367,39.83000183105469,38.53251266479492,1226400
2025-05-19,41.77999877929688,41.900001525878906,40.13999938964844,40.209999084472656,38.90013122558594,1655600
2025-05-20,41.09999847412109,41.619998931884766,40.880001068115234,41.150001525878906,39.809513092041016,1031600
2025-05-21,42.209999084472656,43.540000915527344,41.68000030517578,43.18000030517578,41.77338790893555,1663800
2025-05-22,43.959999084472656,44.29999923706055,42.560001373291016,42.619998931884766,41.23162460327149,1440300
2025-05-23,42.150001525878906,42.81999969482422,42.04999923706055,42.4900016784668,41.10585784912109,1535800
2025-05-27,41.29999923706055,41.54999923706055,40.25,40.59000015258789,39.26775360107422,988200
2025-05-28,41.18999862670898,41.77999877929688,40.9900016784668,41.310001373291016,39.964298248291016,938800
2025-05-29,40.68000030517578,40.84000015258789,39.959999084472656,40.150001525878906,38.84209060668945,1057200
2025-05-30,40.25,40.52999877929688,39.75,40.130001068115234,38.82273483276367,1005900
2025-06-02,40.95000076293945,41.630001068115234,40.66999816894531,41.15999984741211,39.819183349609375,955900
2025-06-03,40.75,41.540000915527344,40.33000183105469,41.369998931884766,40.02234649658203,861000
2025-06-04,40.2599983215332,40.45000076293945,39.02999877929688,39.36000061035156,38.07781982421875,992600
2025-06-05,39.0099983215332,39.619998931884766,38.65999984741211,39.29999923706055,38.019775390625,912200
2025-06-06,40.290000915527344,40.959999084472656,40.09999847412109,40.869998931884766,39.53863143920898,593900
2025-06-09,41.310001373291016,41.34000015258789,40.47999954223633,40.709999084472656,39.38384246826172,572500
2025-06-10,39.81999969482422,40.66999816894531,39.7400016784668,40.09999847412109,38.79371643066406,549300
2025-06-11,40.2400016784668,40.40999984741211,39.459999084472656,39.880001068115234,38.58088302612305,988200
2025-06-12,38.7599983215332,39.18999862670898,38.36000061035156,38.43000030517578,37.17811584472656,1155300
2025-06-13,39.040000915527344,40.27999877929688,38.84000015258789,39.58000183105469,38.29065704345703,876900
2025-06-16,39.91999816894531,40.79999923706055,39.41999816894531,40.70000076293945,39.37417221069336,767800
2025-06-17,40.0,40.36000061035156,39.08000183105469,39.31999969482422,38.03913116455078,915700
2025-06-18,38.84000015258789,39.540000915527344,38.540000915527344,39.13999938964844,37.864990234375,967900
2025-06-20,39.900001525878906,40.13999938964844,38.9900016784668,39.38999938964844,38.10684967041016,729600
2025-06-23,38.810001373291016,39.08000183105469,38.13999938964844,39.040000915527344,37.76824951171875,1401500
2025-06-24,39.16999816894531,39.220001220703125,37.70000076293945,37.88999938964844,36.92336654663086,1180400
2025-06-25,38.29999923706055,38.709999084472656,37.790000915527344,37.81999969482422,36.85515213012695,874700
2025-06-26,37.709999084472656,38.20000076293945,37.27000045776367,37.33000183105469,36.37765502929688,746300
2025-06-27,37.790000915527344,38.20000076293945,37.040000915527344,38.0099983215332,37.04030227661133,794600
2025-06-30,37.43000030517578,37.720001220703125,36.66999816894531,36.93999862670898,35.997596740722656,1269100
2025-07-01,36.65999984741211,37.2400016784668,36.43000030517578,36.68999862670898,35.75397491455078,1608000
2025-07-02,37.81999969482422,37.959999084472656,37.369998931884766,37.400001525878906,36.44586563110352,914700
2025-07-03,37.93999862670898,38.36000061035156,37.81999969482422,38.18000030517578,37.205963134765625,1036400
2025-07-07,38.810001373291016,39.59999847412109,38.79999923706055,39.290000915527344,38.28765106201172,1307700
2025-07-08,40.11000061035156,40.29999923706055,39.4900016784668,39.5099983215332,38.50203323364258,851800
2025-07-09,39.27999877929688,39.29999923706055,38.29999923706055,38.31999969482422,37.34239959716797,961000
2025-07-10,38.41999816894531,38.869998931884766,38.13999938964844,38.209999084472656,37.235198974609375,963100
2025-07-11,39.290000915527344,40.040000915527344,39.22999954223633,39.900001525878906,38.88208770751953,572000
2025-07-14,40.25,40.540000915527344,39.7599983215332,40.11000061035156,39.08673095703125,935700
2025-07-15,39.72999954223633,41.13999938964844,39.720001220703125,41.0099983215332,39.96377182006836,1730300
2025-07-16,40.619998931884766,42.18000030517578,40.060001373291016,40.86000061035156,39.81760025024414,2602000
2025-07-17,40.720001220703125,41.060001373291016,40.34999847412109,40.869998931884766,39.827335357666016,536100
2025-07-18,40.4900016784668,40.959999084472656,40.43999862670898,40.720001220703125,39.68117141723633,669300
2025-07-21,39.369998931884766,39.7400016784668,38.95000076293945,39.720001220703125,38.70668411254883,1004100
2025-07-22,39.47999954223633,39.54999923706055,38.650001525878906,39.02999877929688,38.03428268432617,1088100
2025-07-23,39.63999938964844,39.9900016784668,39.43999862670898,39.61000061035156,38.59948348999024,747100
2025-07-24,40.36000061035156,40.369998931884766,39.38999938964844,39.95000076293945,38.93081283569336,727800
2025-07-25,40.08000183105469,40.13999938964844,39.16999816894531,39.209999084472656,38.20968627929688,616900
2025-07-28,39.790000915527344,40.02999877929688,39.5099983215332,40.02999877929688,39.00876998901367,515400
2025-07-29,39.5099983215332,39.5099983215332,37.90999984741211,37.90999984741211,36.94285583496094,944000
2025-07-30,38.65999984741211,38.95000076293945,38.45000076293945,38.720001220703125,37.7321891784668,627500
2025-07-31,38.22999954223633,38.59999847412109,37.869998931884766,38.52000045776367,37.537296295166016,589600
2025-08-01,37.27999877929688,37.34999847412109,36.79999923706055,36.900001525878906,35.95862579345703,1221400
2025-08-04,36.79999923706055,37.150001525878906,36.54999923706055,36.709999084472656,35.77347183227539,726000
2025-08-05,36.900001525878906,37.0,36.20000076293945,36.33000183105469,35.403167724609375,709600
2025-08-06,36.93999862670898,38.09000015258789,36.70000076293945,36.970001220703125,36.02684020996094,756400
2025-08-07,36.869998931884766,37.2599983215332,36.459999084472656,37.11000061035156,36.16326141357422,517100
2025-08-08,37.619998931884766,37.880001068115234,37.61000061035156,37.68000030517578,36.71872329711914,282000
2025-08-11,37.400001525878906,37.7400016784668,37.25,37.619998931884766,36.66025161743164,368500
2025-08-12,38.22999954223633,38.66999816894531,38.15999984741211,38.18000030517578,37.205963134765625,692900
2025-08-13,37.540000915527344,37.54999923706055,37.06999969482422,37.220001220703125,36.27045822143555,608900
2025-08-14,37.47999954223633,38.25,37.470001220703125,38.130001068115234,37.15724563598633,861600
2025-08-15,38.619998931884766,39.150001525878906,38.470001220703125,38.959999084472656,37.966068267822266,646800
2025-08-18,38.84000015258789,39.540000915527344,38.790000915527344,39.29999923706055,38.29739761352539,934300
2025-08-19,38.91999816894531,38.93999862670898,38.52999877929688,38.59999847412109,37.61524963378906,778200
2025-08-20,38.7599983215332,38.790000915527344,38.25,38.41999816894531,37.43984603881836,619800
2025-08-21,38.84999847412109,39.41999816894531,38.68000030517578,39.0099983215332,38.014793395996094,1085800
2025-08-22,38.52000045776367,38.65999984741211,37.880001068115234,38.209999084472656,37.235198974609375,3026900
2025-08-25,38.630001068115234,38.72999954223633,38.2400016784668,38.5099983215332,37.52754592895508,1073400
2025-08-26,38.93000030517578,39.33000183105469,38.59000015258789,38.619998931884766,37.63473892211914,953800
2025-08-27,39.470001220703125,39.650001525878906,38.77999877929688,38.83000183105469,37.839385986328125,2013000
2025-08-28,38.630001068115234,38.77999877929688,38.0,38.060001373291016,37.08903121948242,1452800
2025-08-29,38.70000076293945,39.130001068115234,38.59000015258789,38.97999954223633,37.98555755615234,1098600
2025-09-02,39.81999969482422,40.0099983215332,39.540000915527344,39.84000015258789,38.8236198425293,1354100
2025-09-03,39.43000030517578,39.459999084472656,38.18999862670898,38.52000045776367,37.537296295166016,1827800
2025-09-04,37.959999084472656,38.5099983215332,37.63999938964844,37.63999938964844,36.67974090576172,1420000
2025-09-05,36.41999816894531,36.52999877929688,35.959999084472656,36.0099983215332,35.09132766723633,2570000
2025-09-08,35.2400016784668,35.33000183105469,34.560001373291016,34.619998931884766,33.73678970336914,2345500
2025-09-09,34.970001220703125,35.439998626708984,34.810001373291016,35.150001525878906,34.25326919555664,1727900
2025-09-10,35.0,35.220001220703125,34.220001220703125,34.56999969482422,33.68806838989258,1876000
2025-09-11,34.439998626708984,34.439998626708984,33.75,33.959999084472656,33.093624114990234,1936300
2025-09-12,34.52000045776367,34.88999938964844,34.36000061035156,34.41999816894531,33.54188537597656,983900
2025-09-15,34.189998626708984,34.27000045776367,33.86000061035156,34.130001068115234,33.2592887878418,554200
2025-09-16,34.2599983215332,34.29999923706055,33.810001373291016,34.0,33.13260269165039,765700
2025-09-17,33.61000061035156,34.52000045776367,33.220001220703125,34.25,33.37622833251953,1940600
2025-09-18,35.22999954223633,35.65999984741211,35.0,35.29999923706055,34.39944076538086,1454400
2025-09-19,35.5099983215332,35.84000015258789,35.34000015258789,35.560001373291016,34.652809143066406,811100
2025-09-22,35.79999923706055,36.150001525878906,35.72999954223633,35.95000076293945,35.032859802246094,718400
2025-09-23,35.439998626708984,35.68000030517578,34.95000076293945,34.9900016784668,34.315940856933594,660900
2025-09-24,35.29999923706055,35.7400016784668,35.209999084472656,35.400001525878906,34.71804428100586,853400
2025-09-25,35.59000015258789,36.040000915527344,35.380001068115234,35.43000030517578,34.74746322631836,906200
2025-09-26,35.4900016784668,35.81999969482422,34.88999938964844,35.56999969482422,34.884765625,857900
2025-09-29,35.09000015258789,35.15999984741211,34.599998474121094,34.75,34.080562591552734,881300
2025-09-30,34.70000076293945,35.20000076293945,34.279998779296875,35.040000915527344,34.36497497558594,1390000
2025-10-01,34.619998931884766,35.0099983215332,34.38999938964844,34.810001373291016,34.139408111572266,1029900
2025-10-02,34.779998779296875,34.90999984741211,34.349998474121094,34.54999923706055,33.88441848754883,796400
2025-10-03,34.45000076293945,34.86000061035156,34.34000015258789,34.81999969482422,34.14921569824219,690200
2025-10-06,35.52000045776367,35.619998931884766,35.029998779296875,35.560001373291016,34.87496566772461,940600
2025-10-07,35.2599983215332,35.41999816894531,34.7400016784668,35.02000045776367,34.345359802246094,901100
2025-10-08,34.5,35.040000915527344,34.470001220703125,34.939998626708984,34.26689910888672,1024200
2025-10-09,35.029998779296875,35.220001220703125,34.880001068115234,34.97999954223633,34.306129455566406,998400
2025-10-10,34.130001068115234,34.209999084472656,33.27000045776367,33.43000030517578,32.78599166870117,2192700
2025-10-13,33.779998779296875,34.209999084472656,33.41999816894531,33.41999816894531,32.77618789672852,1023500
2025-10-14,33.349998474121094,33.599998474121094,33.060001373291016,33.06999969482422,32.43292999267578,1380300
2025-10-15,33.029998779296875,33.560001373291016,32.68000030517578,33.38999938964844,32.746761322021484,1266800
2025-10-16,33.5099983215332,33.599998474121094,32.470001220703125,32.61000061035156,31.98179054260254,1332700
2025-10-17,32.77000045776367,33.130001068115234,32.75,32.84000015258789,32.20735549926758,1144600
2025-10-20,32.54999923706055,32.7599983215332,32.45000076293945,32.45000076293945,31.82487297058105,1014700
2025-10-21,32.0099983215332,32.09000015258789,31.81999969482422,32.0099983215332,31.393346786499023,993700
2025-10-22,32.02000045776367,32.189998626708984,31.84000015258789,31.940000534057617,31.324695587158203,995500
2025-10-23,32.41999816894531,32.7599983215332,32.25,32.59000015258789,31.96217536926269,1073100
2025-10-24,32.5,32.939998626708984,32.4900016784668,32.650001525878906,32.021018981933594,937000
2025-10-27,32.810001373291016,33.040000915527344,32.209999084472656,32.310001373291016,31.68756866455078,1027000
2025-10-28,32.25,32.27000045776367,31.90999984741211,32.04999923706055,31.43257713317871,892600
2025-10-29,32.220001220703125,33.130001068115234,32.220001220703125,33.099998474121094,32.46234893798828,1570200
2025-10-30,33.84000015258789,33.869998931884766,33.209999084472656,33.63999938964844,32.991943359375,1613500
2025-10-31,33.689998626708984,34.060001373291016,33.58000183105469,33.95000076293945,33.29597473144531,1315100
2025-11-03,34.34000015258789,34.61000061035156,34.16999816894531,34.29999923706055,33.63923263549805,1005500
2025-11-04,34.220001220703125,34.2599983215332,33.90999984741211,34.04999923706055,33.39405059814453,670100
2025-11-05,34.560001373291016,35.2599983215332,34.52000045776367,35.18000030517578,34.502281188964844,1319700
2025-11-06,34.4900016784668,34.5099983215332,34.130001068115234,34.25,33.5901985168457,1186900
2025-11-07,34.7400016784668,34.7400016784668,34.16999816894531,34.470001220703125,33.80596160888672,821900
2025-11-10,34.619998931884766,34.72999954223633,34.41999816894531,34.59000015258789,33.92364501953125,991500
2025-11-11,34.099998474121094,34.290000915527344,33.959999084472656,34.099998474121094,33.443084716796875,707500
2025-11-12,34.09000015258789,34.20000076293945,33.70000076293945,33.90999984741211,33.256744384765625,1038700
2025-11-13,34.27000045776367,34.849998474121094,34.150001525878906,34.720001220703125,34.051143646240234,1397200
2025-11-14,34.349998474121094,35.400001525878906,34.279998779296875,35.400001525878906,34.71804428100586,1337200
2025-11-17,35.150001525878906,35.290000915527344,34.91999816894531,35.13999938964844,34.46305084228516,888700
2025-11-18,34.869998931884766,35.52000045776367,34.77000045776367,35.2400016784668,34.561126708984375,1015300
2025-11-19,35.04999923706055,35.47999954223633,34.93000030517578,35.400001525878906,34.71804428100586,1206700
2025-11-20,35.310001373291016,35.310001373291016,34.83000183105469,35.04999923706055,34.374786376953125,1741800
2025-11-21,34.619998931884766,35.13999938964844,34.56999969482422,34.7599983215332,34.090370178222656,1443100
2025-11-24,34.279998779296875,34.45000076293945,34.130001068115234,34.189998626708984,33.531349182128906,1085100
2025-11-25,33.880001068115234,34.060001373291016,33.529998779296875,33.959999084472656,33.305782318115234,1513900
2025-11-26,34.060001373291016,34.40999984741211,33.529998779296875,33.529998779296875,32.884063720703125,1003500
2025-11-28,33.7599983215332,34.31999969482422,33.70000076293945,34.060001373291016,33.40385818481445,862000
2025-12-01,35.22999954223633,35.400001525878906,35.08000183105469,35.310001373291016,34.62977600097656,902500
2025-12-02,35.560001373291016,35.689998626708984,35.119998931884766,35.290000915527344,34.61016082763672,818400
2025-12-03,35.16999816894531,35.380001068115234,34.900001525878906,35.040000915527344,34.36497497558594,907900
2025-12-04,35.20000076293945,35.709999084472656,35.189998626708984,35.59000015258789,34.904380798339844,703400
2025-12-05,35.66999816894531,36.290000915527344,35.66999816894531,36.150001525878906,35.45359420776367,1588400
2025-12-08,36.119998931884766,36.88999938964844,36.119998931884766,36.47999954223633,35.77723693847656,1071400
2025-12-09,35.939998626708984,36.54999923706055,35.93000030517578,36.41999816894531,35.718387603759766,1170700
2025-12-10,36.400001525878906,36.56999969482422,35.75,36.04999923706055,35.35551834106445,1757100
2025-12-11,35.54999923706055,36.18000030517578,35.38999938964844,36.13999938964844,35.44378662109375,1171000
2025-12-12,37.18999862670898,37.43999862670898,37.06999969482422,37.27000045776367,36.55202102661133,1068000
2025-12-15,36.79999923706055,37.20000076293945,36.59000015258789,37.18000030517578,36.46375274658203,1464900
2025-12-16,37.4900016784668,37.5,36.540000915527344,36.540000915527344,35.83607864379883,1098100
2025-12-17,36.90999984741211,36.959999084472656,36.47999954223633,36.68000030517578,35.973384857177734,809400
2025-12-18,36.29999923706055,36.380001068115234,36.0099983215332,36.22999954223633,35.53205490112305,1003900
2025-12-19,36.630001068115234,36.810001373291016,36.400001525878906,36.7400016784668,36.0322265625,686000
2025-12-22,36.83000183105469,37.02999877929688,36.790000915527344,36.90999984741211,36.198951721191406,560600
2025-12-23,37.150001525878906,37.209999084472656,36.52999877929688,36.61000061035156,36.01792907714844,883000
2025-12-24,36.34000015258789,36.459999084472656,35.939998626708984,36.02000045776367,35.437469482421875,575600
2025-12-26,35.959999084472656,36.54999923706055,35.86000061035156,36.400001525878906,35.81132507324219,641800
2025-12-29,36.119998931884766,36.31999969482422,35.9900016784668,36.040000915527344,35.45714569091797,603900
2025-12-30,36.41999816894531,36.4900016784668,36.04999923706055,36.22999954223633,35.644073486328125,604500
2025-12-31,36.52000045776367,37.18000030517578,36.2400016784668,37.15999984741211,36.55903244018555,1965400
2026-01-02,36.900001525878906,37.380001068115234,36.900001525878906,37.34999847412109,36.7459602355957,1278900
2026-01-05,37.20000076293945,37.2599983215332,36.77999877929688,36.84000015258789,36.24420928955078,803400
2026-01-06,37.25,37.54999923706055,37.0,37.040000915527344,36.44097518920898,727900
2026-01-07,36.380001068115234,36.81999969482422,36.16999816894531,36.40999984741211,35.821163177490234,1233100
2026-01-08,37.02999877929688,37.130001068115234,36.7599983215332,37.0099983215332,36.41145706176758,776900
2026-01-09,37.11000061035156,37.33000183105469,36.25,36.310001373291016,35.722782135009766,1311100
2026-01-12,36.84999847412109,36.97999954223633,36.36000061035156,36.63999938964844,36.04743957519531,802300
2026-01-13,36.41999816894531,36.83000183105469,36.380001068115234,36.4900016784668,35.899871826171875,1183800
2026-01-14,36.400001525878906,36.400001525878906,35.7400016784668,35.869998931884766,35.289894104003906,1275300
2026-01-15,35.52000045776367,35.900001525878906,35.470001220703125,35.900001525878906,35.31941223144531,818800
2026-01-16,36.18000030517578,36.68000030517578,35.95000076293945,36.56999969482422,35.978572845458984,1396600
2026-01-20,38.04999923706055,38.15999984741211,37.560001373291016,38.02999877929688,37.41496276855469,1895400
2026-01-21,37.869998931884766,38.08000183105469,36.959999084472656,37.16999816894531,36.5688705444336,1688100
2026-01-22,37.220001220703125,37.400001525878906,36.630001068115234,36.68999862670898,36.09663009643555,1591200
2026-01-23,36.56999969482422,37.0,36.34000015258789,36.4900016784668,35.899871826171875,1949500
2026-01-26,35.900001525878906,36.119998931884766,35.77000045776367,35.95000076293945,35.36860275268555,936700
2026-01-27,36.25,36.77000045776367,36.08000183105469,36.619998931884766,36.02776336669922,1000200
2026-01-28,37.0,37.2599983215332,36.77999877929688,36.900001525878906,36.30324172973633,1272700
2026-01-29,37.459999084472656,37.560001373291016,36.72999954223633,36.869998931884766,36.273719787597656,1379700
2026-01-30,37.2400016784668,37.54999923706055,36.9900016784668,37.47999954223633,36.87385940551758,1106200
2026-02-02,37.27000045776367,37.880001068115234,37.2400016784668,37.880001068115234,37.267391204833984,1902000
2026-02-03,38.0,38.060001373291016,37.61000061035156,37.63999938964844,37.0312728881836,1168300
2026-02-04,37.810001373291016,38.02999877929688,37.61000061035156,37.900001525878906,37.28706741333008,878400
2026-02-05,37.40999984741211,37.650001525878906,36.709999084472656,36.7400016784668,36.14582824707031,1182700
2026-02-06,36.77000045776367,37.09000015258789,36.68999862670898,36.70000076293945,36.10647201538086,573000
2026-02-09,37.09000015258789,37.310001373291016,36.63999938964844,36.720001220703125,36.12615203857422,582000
2026-02-10,35.810001373291016,35.83000183105469,35.439998626708984,35.439998626708984,34.86684799194336,1013700
2026-02-11,36.06999969482422,36.16999816894531,35.540000915527344,36.040000915527344,35.45714569091797,1074400
2026-02-12,35.65999984741211,35.68000030517578,34.54999923706055,34.59000015258789,34.03059387207031,1115600
2026-02-13,34.209999084472656,34.310001373291016,34.0,34.130001068115234,33.578033447265625,1310500
2026-02-17,33.88999938964844,34.04999923706055,33.650001525878906,33.939998626708984,33.39110565185547,606800
2026-02-18,34.150001525878906,34.380001068115234,33.959999084472656,34.34000015258789,33.78464126586914,706100
2026-02-19,34.5,34.529998779296875,34.119998931884766,34.209999084472656,33.656742095947266,566600
2026-02-20,34.18000030517578,35.06999969482422,34.18000030517578,34.5099983215332,33.95188903808594,1081500
2026-02-23,34.38999938964844,34.400001525878906,33.880001068115234,34.15999984741211,33.60755157470703,614800
2026-02-24,33.93000030517578,34.13999938964844,33.84000015258789,34.0,33.450138092041016,617400
2026-02-25,34.220001220703125,34.220001220703125,33.810001373291016,34.0099983215332,33.4599723815918,450400
2026-02-26,33.84000015258789,33.86000061035156,33.54999923706055,33.59000015258789,33.04676818847656,695000
2026-02-27,33.20000076293945,33.31999969482422,33.0,33.119998931884766,32.58436965942383,954100
2026-03-02,33.650001525878906,34.31999969482422,33.630001068115234,34.040000915527344,33.48949432373047,1109700
2026-03-03,34.77000045776367,34.81999969482422,34.0,34.2599983215332,33.7059326171875,1326000
2026-03-04,34.41999816894531,34.65999984741211,34.27000045776367,34.59000015258789,34.03059387207031,965300
2026-03-05,35.25,35.349998474121094,34.86000061035156,35.0,34.433963775634766,1138400
2026-03-06,35.619998931884766,35.97999954223633,34.90999984741211,35.41999816894531,34.847171783447266,1057600
2026-03-09,35.709999084472656,35.779998779296875,34.45000076293945,34.59000015258789,34.03059387207031,1128300
2026-03-10,35.02000045776367,35.65999984741211,34.880001068115234,35.63999938964844,35.06361389160156,1206100
2026-03-11,36.27999877929688,37.119998931884766,36.2400016784668,37.0099983215332,36.41145706176758,1115800
2026-03-12,37.36000061035156,37.52999877929688,36.93999862670898,37.27999877929688,36.67708969116211,1020600
2026-03-13,37.380001068115234,37.959999084472656,37.11000061035156,37.86000061035156,37.24771118164063,802200
2026-03-16,37.040000915527344,37.33000183105469,36.84000015258789,37.02000045776367,36.42129898071289,1020600
2026-03-17,36.83000183105469,36.88999938964844,36.56999969482422,36.70000076293945,36.10647201538086,513400
2026-03-18,36.84999847412109,37.380001068115234,36.70000076293945,37.369998931884766,36.7656364440918,946300
2026-03-19,37.22999954223633,37.34999847412109,36.38999938964844,36.66999816894531,36.07695770263672,1163000
2026-03-20,37.59999847412109,38.91999816894531,37.52999877929688,38.790000915527344,38.16267395019531,1431800
2026-03-23,38.369998931884766,38.68999862670898,37.65999984741211,38.060001373291016,37.444480895996094,2075400
2026-03-24,38.59999847412109,38.81999969482422,37.86000061035156,38.20000076293945,37.95619201660156,1540900
2026-03-25,37.22999954223633,37.59000015258789,37.09000015258789,37.13999938964844,36.902957916259766,1070500
2026-03-26,37.77000045776367,38.290000915527344,37.43999862670898,38.04999923706055,37.80714797973633,890900
2026-03-27,38.95000076293945,39.0099983215332,38.13999938964844,38.77000045776367,38.52255630493164,1222700
2026-03-30,37.43000030517578,37.619998931884766,36.9900016784668,37.22999954223633,36.99238204956055,765800
2026-03-31,37.02999877929688,37.5099983215332,36.7599983215332,37.36000061035156,37.12155532836914,1708800
2026-04-01,37.45000076293945,37.5,36.90999984741211,37.45000076293945,37.21097946166992,786600
2026-04-02,37.619998931884766,37.68000030517578,36.77000045776367,36.86000061035156,36.6247444152832,762900
2026-04-06,37.2599983215332,37.34999847412109,36.790000915527344,37.02000045776367,36.783721923828125,470500
2026-04-07,37.20000076293945,38.0,37.02999877929688,37.060001373291016,36.82347106933594,652000
2026-04-08,36.13999938964844,36.970001220703125,36.13999938964844,36.72999954223633,36.49557495117188,909700
2026-04-09,37.040000915527344,37.38999938964844,36.47999954223633,36.97999954223633,36.74397659301758,589600
2026-04-10,37.18999862670898,37.52999877929688,37.09000015258789,37.29999923706055,37.06193542480469,499900
2026-04-13,37.45000076293945,37.650001525878906,36.95000076293945,37.0,36.76385116577149,597900
2026-04-14,37.09999847412109,37.16999816894531,36.400001525878906,36.43000030517578,36.19749069213867,473700
2026-04-15,36.68000030517578,37.04999923706055,36.63999938964844,36.91999816894531,36.68436050415039,353100
2026-04-16,36.83000183105469,37.7400016784668,36.77999877929688,37.61000061035156,37.36995697021485,646100
2026-04-17,36.65999984741211,36.88999938964844,36.47999954223633,36.65999984741211,36.42602157592773,811600
2026-04-20,36.630001068115234,37.119998931884766,36.61000061035156,36.68999862670898,36.45582962036133,297400
2026-04-21,36.81999969482422,37.36000061035156,36.68000030517578,37.33000183105469,37.09174728393555,607000
2026-04-22,36.709999084472656,37.150001525878906,36.58000183105469,37.06999969482422,36.833404541015625,445400
2026-04-23,37.0099983215332,37.7599983215332,36.75,37.34000015258789,37.101680755615234,849400
2026-04-24,37.54999923706055,37.79999923706055,37.09000015258789,37.25,37.01225662231445,569500
2026-04-27,37.540000915527344,37.880001068115234,37.34999847412109,37.790000915527344,37.54880905151367,295500
2026-04-28,37.97999954223633,38.2400016784668,37.68999862670898,37.709999084472656,37.46931838989258,399900
2026-04-29,38.20000076293945,38.75,38.20000076293945,38.560001373291016,38.31389617919922,812300
2026-04-30,38.33000183105469,39.0,38.33000183105469,38.709999084472656,38.46293640136719,614200
2026-05-01,38.5,38.70000076293945,37.810001373291016,38.36000061035156,38.11517333984375,605400
2026-05-04,38.68999862670898,39.4900016784668,38.68000030517578,39.18999862670898,38.93987274169922,782500
2026-05-05,38.970001220703125,39.04999923706055,38.5099983215332,38.619998931884766,38.373512268066406,522200
2026-05-06,37.75,37.93000030517578,37.59999847412109,37.72999954223633,37.48919296264648,663000
2026-05-07,37.43000030517578,38.36000061035156,37.43000030517578,38.25,38.00587463378906,498000
2026-05-08,37.77999877929688,37.880001068115234,37.5,37.81999969482422,37.57861709594727,476800
2026-05-11,38.02999877929688,38.560001373291016,38.0,38.45000076293945,38.20459747314453,349900
2026-05-12,38.95000076293945,39.36000061035156,38.95000076293945,39.290000915527344,39.03923797607422,755400
2026-05-13,39.369998931884766,39.83000183105469,39.20000076293945,39.54999923706055,39.29757690429688,533000
2026-05-14,38.90999984741211,39.38999938964844,38.75,39.38999938964844,39.13859558105469,425100
2026-05-15,40.88999938964844,41.29999923706055,40.77999877929688,41.150001525878906,40.88736724853516,992100
2026-05-18,41.150001525878906,41.709999084472656,40.83000183105469,41.33000183105469,41.06621551513672,1041900
2026-05-19,42.27000045776367,42.540000915527344,41.86000061035156,42.209999084472656,41.94059753417969,1030500
2026-05-20,42.06999969482422,42.15999984741211,40.709999084472656,40.810001373291016,40.54953384399414,2059700
2026-05-21,41.29999923706055,41.68000030517578,40.36000061035156,40.380001068115234,40.12228012084961,1259700
2026-05-22,39.91999816894531,40.560001373291016,39.810001373291016,39.810001373291016,39.5559196472168,757700
2026-05-26,38.880001068115234,39.4900016784668,38.84000015258789,39.25,38.999488830566406,624100
2026-05-27,39.02000045776367,39.130001068115234,38.720001220703125,38.93999862670898,38.69146728515625,659100
2026-05-28,38.869998931884766,38.9900016784668,38.220001220703125,38.380001068115234,38.13504409790039,692400
2026-05-29,38.310001373291016,38.650001525878906,38.119998931884766,38.400001525878906,38.1549186706543,704200
2026-06-01,39.04999923706055,39.2400016784668,38.25,38.34000015258789,38.09529876708984,958200
2026-06-02,37.95000076293945,38.31999969482422,37.88999938964844,38.09999847412109,37.85683059692383,427000
2026-06-03,38.61000061035156,38.84999847412109,38.41999816894531,38.52999877929688,38.28408432006836,617500
2026-06-04,38.16999816894531,38.43000030517578,38.040000915527344,38.310001373291016,38.06549072265625,391600
2026-06-05,39.09000015258789,39.16999816894531,38.619998931884766,38.970001220703125,38.72127914428711,763100
2026-06-08,38.79999923706055,39.59000015258789,38.650001525878906,39.56999969482422,39.31744766235352,628200
2026-06-09,39.119998931884766,39.380001068115234,38.83000183105469,38.88999938964844,38.641788482666016,654500
2026-06-10,38.91999816894531,39.5099983215332,38.68999862670898,39.20000076293945,38.94981002807617,641500
2026-06-11,38.880001068115234,39.04999923706055,37.66999816894531,37.75,37.509063720703125,1069700
2026-06-12,38.25,38.52000045776367,37.9900016784668,38.09000015258789,37.84689331054688,515900
2026-06-15,37.81999969482422,38.20000076293945,37.630001068115234,38.13999938964844,37.896575927734375,397700
2026-06-16,37.83000183105469,37.869998931884766,37.27999877929688,37.5,37.26065826416016,403700
2026-06-17,37.36000061035156,37.86000061035156,37.02999877929688,37.38999938964844,37.15135955810547,748500
2026-06-18,36.43999862670898,37.0099983215332,36.31999969482422,36.90999984741211,36.6744270324707,791600
2026-06-22,37.47999954223633,37.900001525878906,37.43999862670898,37.7599983215332,37.51899719238281,571400
2026-06-23,37.41999816894531,37.470001220703125,37.06999969482422,37.31999969482422,37.31999969482422,371800
2026-06-24,36.13999938964844,36.16999816894531,35.72999954223633,35.83000183105469,35.83000183105469,654300
2026-06-25,35.619998931884766,35.970001220703125,35.36000061035156,35.91999816894531,35.91999816894531,477800
2026-06-26,36.33000183105469,36.36000061035156,35.939998626708984,35.939998626708984,35.939998626708984,379400
2026-06-29,35.939998626708984,36.02000045776367,35.7400016784668,35.86000061035156,35.86000061035156,702000
2026-06-30,36.22999954223633,37.150001525878906,36.18999862670898,37.060001373291016,37.060001373291016,881200
2026-07-01,37.970001220703125,38.0,37.540000915527344,37.86000061035156,37.86000061035156,650700
2026-07-02,38.11000061035156,38.150001525878906,37.59999847412109,37.900001525878906,37.900001525878906,529300
2026-07-06,38.09000015258789,38.41999816894531,38.02000045776367,38.02000045776367,38.02000045776367,245300
2026-07-07,38.470001220703125,39.29999923706055,38.459999084472656,39.29999923706055,39.29999923706055,335300
2026-07-08,39.61000061035156,39.959999084472656,39.43999862670898,39.540000915527344,39.540000915527344,379700
2026-07-09,39.66999816894531,39.68999862670898,38.810001373291016,39.38999938964844,39.38999938964844,342500
2026-07-10,39.369998931884766,39.7400016784668,39.25,39.400001525878906,39.400001525878906,390400
2026-07-13,39.869998931884766,40.220001220703125,39.75,40.15999984741211,40.15999984741211,336100
2026-07-14,39.91999816894531,40.08000183105469,39.43000030517578,40.02000045776367,40.02000045776367,452400
2026-07-15,40.02000045776367,40.02999877929688,39.59999847412109,39.84999847412109,39.84999847412109,473900
2026-07-16,40.400001525878906,40.470001220703125,39.86000061035156,39.86000061035156,39.86000061035156,353500
2026-07-17,39.36000061035156,39.540000915527344,39.06499862670898,39.52999877929688,39.52999877929688,632474
2026-07-20,39.79999923706055,40.5099983215332,39.77999877929688,40.34000015258789,40.34000015258789,547656
2026-07-21,40.630001068115234,41.05500030517578,40.56999969482422,40.77000045776367,40.77000045776367,420133
2026-07-22,40.81999969482422,41.165000915527344,40.71500015258789,41.130001068115234,41.130001068115234,432016
